step,t,k,en_hs,a_x,a_y,a_z,b,depth_m,margin_m,sector,azimuth_center_rad,confidence,obstacle_name,status
0,0.000000000,0,0,,,,,1.390000000,0.936875000,,0.000000000,0.652500,center_box,active
0,0.000000000,1,0,,,,,1.390000000,0.936875000,,0.000000000,0.652500,center_box,active
0,0.000000000,2,0,,,,,1.390000000,0.936875000,,0.000000000,0.652500,center_box,active
0,0.000000000,3,1,1.000000000,0.000000000,0.000000000,0.453125000,1.390000000,0.936875000,3,0.000000000,0.652500,center_box,active
0,0.000000000,4,1,1.000000000,0.000000000,0.000000000,0.453125000,1.390000000,0.936875000,3,0.000000000,0.652500,center_box,active
0,0.000000000,5,1,1.000000000,0.000000000,0.000000000,0.453125000,1.390000000,0.936875000,3,0.000000000,0.652500,center_box,active
0,0.000000000,6,1,1.000000000,0.000000000,0.000000000,0.453125000,1.390000000,0.936875000,3,0.000000000,0.652500,center_box,active
0,0.000000000,7,1,1.000000000,0.000000000,0.000000000,0.453125000,1.390000000,0.936875000,3,0.000000000,0.652500,center_box,active
0,0.000000000,8,1,1.000000000,0.000000000,0.000000000,0.453125000,1.390000000,0.936875000,3,0.000000000,0.652500,center_box,active
0,0.000000000,9,1,1.000000000,0.000000000,0.000000000,0.453125000,1.390000000,0.936875000,3,0.000000000,0.652500,center_box,active
0,0.000000000,10,1,1.000000000,0.000000000,0.000000000,0.453125000,1.390000000,0.936875000,3,0.000000000,0.652500,center_box,active
0,0.000000000,11,1,1.000000000,0.000000000,0.000000000,0.453125000,1.390000000,0.936875000,3,0.000000000,0.652500,center_box,active
0,0.000000000,12,1,1.000000000,0.000000000,0.000000000,0.453125000,1.390000000,0.936875000,3,0.000000000,0.652500,center_box,active
0,0.000000000,13,1,1.000000000,0.000000000,0.000000000,0.453125000,1.390000000,0.936875000,3,0.000000000,0.652500,center_box,active
0,0.000000000,14,1,1.000000000,0.000000000,0.000000000,0.453125000,1.390000000,0.936875000,3,0.000000000,0.652500,center_box,active
0,0.000000000,15,1,1.000000000,0.000000000,0.000000000,0.453125000,1.390000000,0.936875000,3,0.000000000,0.652500,center_box,active
0,0.000000000,16,1,1.000000000,0.000000000,0.000000000,0.453125000,1.390000000,0.936875000,3,0.000000000,0.652500,center_box,active
0,0.000000000,17,1,1.000000000,0.000000000,0.000000000,0.453125000,1.390000000,0.936875000,3,0.000000000,0.652500,center_box,active
0,0.000000000,18,1,1.000000000,0.000000000,0.000000000,0.453125000,1.390000000,0.936875000,3,0.000000000,0.652500,center_box,active
0,0.000000000,19,1,1.000000000,0.000000000,0.000000000,0.453125000,1.390000000,0.936875000,3,0.000000000,0.652500,center_box,active
0,0.000000000,20,1,1.000000000,0.000000000,0.000000000,0.453125000,1.390000000,0.936875000,3,0.000000000,0.652500,center_box,active
0,0.000000000,21,1,1.000000000,0.000000000,0.000000000,0.453125000,1.390000000,0.936875000,3,0.000000000,0.652500,center_box,active
0,0.000000000,22,1,1.000000000,0.000000000,0.000000000,0.453125000,1.390000000,0.936875000,3,0.000000000,0.652500,center_box,active
0,0.000000000,23,1,1.000000000,0.000000000,0.000000000,0.453125000,1.390000000,0.936875000,3,0.000000000,0.652500,center_box,active
0,0.000000000,24,1,1.000000000,0.000000000,0.000000000,0.453125000,1.390000000,0.936875000,3,0.000000000,0.652500,center_box,active
1,0.050000000,0,0,,,,,1.391225572,0.936951598,,0.000000000,0.652194,center_box,active
1,0.050000000,1,0,,,,,1.391225572,0.936951598,,0.000000000,0.652194,center_box,active
1,0.050000000,2,0,,,,,1.391225572,0.936951598,,0.000000000,0.652194,center_box,active
1,0.050000000,3,1,0.999069721,-0.005188532,-0.042810882,0.407235692,1.391225572,0.936951598,3,0.000000000,0.652194,center_box,active
1,0.050000000,4,1,0.999069721,-0.005188532,-0.042810882,0.407235692,1.391225572,0.936951598,3,0.000000000,0.652194,center_box,active
1,0.050000000,5,1,0.999069721,-0.005188532,-0.042810882,0.407235692,1.391225572,0.936951598,3,0.000000000,0.652194,center_box,active
1,0.050000000,6,1,0.999069721,-0.005188532,-0.042810882,0.407235692,1.391225572,0.936951598,3,0.000000000,0.652194,center_box,active
1,0.050000000,7,1,0.999069721,-0.005188532,-0.042810882,0.407235692,1.391225572,0.936951598,3,0.000000000,0.652194,center_box,active
1,0.050000000,8,1,0.999069721,-0.005188532,-0.042810882,0.407235692,1.391225572,0.936951598,3,0.000000000,0.652194,center_box,active
1,0.050000000,9,1,0.999069721,-0.005188532,-0.042810882,0.407235692,1.391225572,0.936951598,3,0.000000000,0.652194,center_box,active
1,0.050000000,10,1,0.999069721,-0.005188532,-0.042810882,0.407235692,1.391225572,0.936951598,3,0.000000000,0.652194,center_box,active
1,0.050000000,11,1,0.999069721,-0.005188532,-0.042810882,0.407235692,1.391225572,0.936951598,3,0.000000000,0.652194,center_box,active
1,0.050000000,12,1,0.999069721,-0.005188532,-0.042810882,0.407235692,1.391225572,0.936951598,3,0.000000000,0.652194,center_box,active
1,0.050000000,13,1,0.999069721,-0.005188532,-0.042810882,0.407235692,1.391225572,0.936951598,3,0.000000000,0.652194,center_box,active
1,0.050000000,14,1,0.999069721,-0.005188532,-0.042810882,0.407235692,1.391225572,0.936951598,3,0.000000000,0.652194,center_box,active
1,0.050000000,15,1,0.999069721,-0.005188532,-0.042810882,0.407235692,1.391225572,0.936951598,3,0.000000000,0.652194,center_box,active
1,0.050000000,16,1,0.999069721,-0.005188532,-0.042810882,0.407235692,1.391225572,0.936951598,3,0.000000000,0.652194,center_box,active
1,0.050000000,17,1,0.999069721,-0.005188532,-0.042810882,0.407235692,1.391225572,0.936951598,3,0.000000000,0.652194,center_box,active
1,0.050000000,18,1,0.999069721,-0.005188532,-0.042810882,0.407235692,1.391225572,0.936951598,3,0.000000000,0.652194,center_box,active
1,0.050000000,19,1,0.999069721,-0.005188532,-0.042810882,0.407235692,1.391225572,0.936951598,3,0.000000000,0.652194,center_box,active
1,0.050000000,20,1,0.999069721,-0.005188532,-0.042810882,0.407235692,1.391225572,0.936951598,3,0.000000000,0.652194,center_box,active
1,0.050000000,21,1,0.999069721,-0.005188532,-0.042810882,0.407235692,1.391225572,0.936951598,3,0.000000000,0.652194,center_box,active
1,0.050000000,22,1,0.999069721,-0.005188532,-0.042810882,0.407235692,1.391225572,0.936951598,3,0.000000000,0.652194,center_box,active
1,0.050000000,23,1,0.999069721,-0.005188532,-0.042810882,0.407235692,1.391225572,0.936951598,3,0.000000000,0.652194,center_box,active
1,0.050000000,24,1,0.999069721,-0.005188532,-0.042810882,0.407235692,1.391225572,0.936951598,3,0.000000000,0.652194,center_box,active
2,0.100000000,0,0,,,,,1.407846207,0.937990388,,0.000000000,0.648038,center_box,active
2,0.100000000,1,0,,,,,1.407846207,0.937990388,,0.000000000,0.648038,center_box,active
2,0.100000000,2,0,,,,,1.407846207,0.937990388,,0.000000000,0.648038,center_box,active
2,0.100000000,3,1,0.986451634,0.014772486,-0.163385887,0.291102159,1.407846207,0.937990388,3,0.000000000,0.648038,center_box,active
2,0.100000000,4,1,0.986451634,0.014772486,-0.163385887,0.291102159,1.407846207,0.937990388,3,0.000000000,0.648038,center_box,active
2,0.100000000,5,1,0.986451634,0.014772486,-0.163385887,0.291102159,1.407846207,0.937990388,3,0.000000000,0.648038,center_box,active
2,0.100000000,6,1,0.986451634,0.014772486,-0.163385887,0.291102159,1.407846207,0.937990388,3,0.000000000,0.648038,center_box,active
2,0.100000000,7,1,0.986451634,0.014772486,-0.163385887,0.291102159,1.407846207,0.937990388,3,0.000000000,0.648038,center_box,active
2,0.100000000,8,1,0.986451634,0.014772486,-0.163385887,0.291102159,1.407846207,0.937990388,3,0.000000000,0.648038,center_box,active
2,0.100000000,9,1,0.986451634,0.014772486,-0.163385887,0.291102159,1.407846207,0.937990388,3,0.000000000,0.648038,center_box,active
2,0.100000000,10,1,0.986451634,0.014772486,-0.163385887,0.291102159,1.407846207,0.937990388,3,0.000000000,0.648038,center_box,active
2,0.100000000,11,1,0.986451634,0.014772486,-0.163385887,0.291102159,1.407846207,0.937990388,3,0.000000000,0.648038,center_box,active
2,0.100000000,12,1,0.986451634,0.014772486,-0.163385887,0.291102159,1.407846207,0.937990388,3,0.000000000,0.648038,center_box,active
2,0.100000000,13,1,0.986451634,0.014772486,-0.163385887,0.291102159,1.407846207,0.937990388,3,0.000000000,0.648038,center_box,active
2,0.100000000,14,1,0.986451634,0.014772486,-0.163385887,0.291102159,1.407846207,0.937990388,3,0.000000000,0.648038,center_box,active
2,0.100000000,15,1,0.986451634,0.014772486,-0.163385887,0.291102159,1.407846207,0.937990388,3,0.000000000,0.648038,center_box,active
2,0.100000000,16,1,0.986451634,0.014772486,-0.163385887,0.291102159,1.407846207,0.937990388,3,0.000000000,0.648038,center_box,active
2,0.100000000,17,1,0.986451634,0.014772486,-0.163385887,0.291102159,1.407846207,0.937990388,3,0.000000000,0.648038,center_box,active
2,0.100000000,18,1,0.986451634,0.014772486,-0.163385887,0.291102159,1.407846207,0.937990388,3,0.000000000,0.648038,center_box,active
2,0.100000000,19,1,0.986451634,0.014772486,-0.163385887,0.291102159,1.407846207,0.937990388,3,0.000000000,0.648038,center_box,active
2,0.100000000,20,1,0.986451634,0.014772486,-0.163385887,0.291102159,1.407846207,0.937990388,3,0.000000000,0.648038,center_box,active
2,0.100000000,21,1,0.986451634,0.014772486,-0.163385887,0.291102159,1.407846207,0.937990388,3,0.000000000,0.648038,center_box,active
2,0.100000000,22,1,0.986451634,0.014772486,-0.163385887,0.291102159,1.407846207,0.937990388,3,0.000000000,0.648038,center_box,active
2,0.100000000,23,1,0.986451634,0.014772486,-0.163385887,0.291102159,1.407846207,0.937990388,3,0.000000000,0.648038,center_box,active
2,0.100000000,24,1,0.986451634,0.014772486,-0.163385887,0.291102159,1.407846207,0.937990388,3,0.000000000,0.648038,center_box,active
3,0.150000000,0,0,,,,,1.407846207,0.937990388,,0.000000000,0.648038,center_box,held_active
3,0.150000000,1,0,,,,,1.407846207,0.937990388,,0.000000000,0.648038,center_box,held_active
3,0.150000000,2,0,,,,,1.407846207,0.937990388,,0.000000000,0.648038,center_box,held_active
3,0.150000000,3,1,0.986451634,0.014772486,-0.163385887,0.291102159,1.407846207,0.937990388,3,0.000000000,0.648038,center_box,held_active
3,0.150000000,4,1,0.986451634,0.014772486,-0.163385887,0.291102159,1.407846207,0.937990388,3,0.000000000,0.648038,center_box,held_active
3,0.150000000,5,1,0.986451634,0.014772486,-0.163385887,0.291102159,1.407846207,0.937990388,3,0.000000000,0.648038,center_box,held_active
3,0.150000000,6,1,0.986451634,0.014772486,-0.163385887,0.291102159,1.407846207,0.937990388,3,0.000000000,0.648038,center_box,held_active
3,0.150000000,7,1,0.986451634,0.014772486,-0.163385887,0.291102159,1.407846207,0.937990388,3,0.000000000,0.648038,center_box,held_active
3,0.150000000,8,1,0.986451634,0.014772486,-0.163385887,0.291102159,1.407846207,0.937990388,3,0.000000000,0.648038,center_box,held_active
3,0.150000000,9,1,0.986451634,0.014772486,-0.163385887,0.291102159,1.407846207,0.937990388,3,0.000000000,0.648038,center_box,held_active
3,0.150000000,10,1,0.986451634,0.014772486,-0.163385887,0.291102159,1.407846207,0.937990388,3,0.000000000,0.648038,center_box,held_active
3,0.150000000,11,1,0.986451634,0.014772486,-0.163385887,0.291102159,1.407846207,0.937990388,3,0.000000000,0.648038,center_box,held_active
3,0.150000000,12,1,0.986451634,0.014772486,-0.163385887,0.291102159,1.407846207,0.937990388,3,0.000000000,0.648038,center_box,held_active
3,0.150000000,13,1,0.986451634,0.014772486,-0.163385887,0.291102159,1.407846207,0.937990388,3,0.000000000,0.648038,center_box,held_active
3,0.150000000,14,1,0.986451634,0.014772486,-0.163385887,0.291102159,1.407846207,0.937990388,3,0.000000000,0.648038,center_box,held_active
3,0.150000000,15,1,0.986451634,0.014772486,-0.163385887,0.291102159,1.407846207,0.937990388,3,0.000000000,0.648038,center_box,held_active
3,0.150000000,16,1,0.986451634,0.014772486,-0.163385887,0.291102159,1.407846207,0.937990388,3,0.000000000,0.648038,center_box,held_active
3,0.150000000,17,1,0.986451634,0.014772486,-0.163385887,0.291102159,1.407846207,0.937990388,3,0.000000000,0.648038,center_box,held_active
3,0.150000000,18,1,0.986451634,0.014772486,-0.163385887,0.291102159,1.407846207,0.937990388,3,0.000000000,0.648038,center_box,held_active
3,0.150000000,19,1,0.986451634,0.014772486,-0.163385887,0.291102159,1.407846207,0.937990388,3,0.000000000,0.648038,center_box,held_active
3,0.150000000,20,1,0.986451634,0.014772486,-0.163385887,0.291102159,1.407846207,0.937990388,3,0.000000000,0.648038,center_box,held_active
3,0.150000000,21,1,0.986451634,0.014772486,-0.163385887,0.291102159,1.407846207,0.937990388,3,0.000000000,0.648038,center_box,held_active
3,0.150000000,22,1,0.986451634,0.014772486,-0.163385887,0.291102159,1.407846207,0.937990388,3,0.000000000,0.648038,center_box,held_active
3,0.150000000,23,1,0.986451634,0.014772486,-0.163385887,0.291102159,1.407846207,0.937990388,3,0.000000000,0.648038,center_box,held_active
3,0.150000000,24,1,0.986451634,0.014772486,-0.163385887,0.291102159,1.407846207,0.937990388,3,0.000000000,0.648038,center_box,held_active
4,0.200000000,0,0,,,,,1.407846207,0.937990388,,0.000000000,0.648038,center_box,held_active
4,0.200000000,1,0,,,,,1.407846207,0.937990388,,0.000000000,0.648038,center_box,held_active
4,0.200000000,2,0,,,,,1.407846207,0.937990388,,0.000000000,0.648038,center_box,held_active
4,0.200000000,3,1,0.986451634,0.014772486,-0.163385887,0.291102159,1.407846207,0.937990388,3,0.000000000,0.648038,center_box,held_active
4,0.200000000,4,1,0.986451634,0.014772486,-0.163385887,0.291102159,1.407846207,0.937990388,3,0.000000000,0.648038,center_box,held_active
4,0.200000000,5,1,0.986451634,0.014772486,-0.163385887,0.291102159,1.407846207,0.937990388,3,0.000000000,0.648038,center_box,held_active
4,0.200000000,6,1,0.986451634,0.014772486,-0.163385887,0.291102159,1.407846207,0.937990388,3,0.000000000,0.648038,center_box,held_active
4,0.200000000,7,1,0.986451634,0.014772486,-0.163385887,0.291102159,1.407846207,0.937990388,3,0.000000000,0.648038,center_box,held_active
4,0.200000000,8,1,0.986451634,0.014772486,-0.163385887,0.291102159,1.407846207,0.937990388,3,0.000000000,0.648038,center_box,held_active
4,0.200000000,9,1,0.986451634,0.014772486,-0.163385887,0.291102159,1.407846207,0.937990388,3,0.000000000,0.648038,center_box,held_active
4,0.200000000,10,1,0.986451634,0.014772486,-0.163385887,0.291102159,1.407846207,0.937990388,3,0.000000000,0.648038,center_box,held_active
4,0.200000000,11,1,0.986451634,0.014772486,-0.163385887,0.291102159,1.407846207,0.937990388,3,0.000000000,0.648038,center_box,held_active
4,0.200000000,12,1,0.986451634,0.014772486,-0.163385887,0.291102159,1.407846207,0.937990388,3,0.000000000,0.648038,center_box,held_active
4,0.200000000,13,1,0.986451634,0.014772486,-0.163385887,0.291102159,1.407846207,0.937990388,3,0.000000000,0.648038,center_box,held_active
4,0.200000000,14,1,0.986451634,0.014772486,-0.163385887,0.291102159,1.407846207,0.937990388,3,0.000000000,0.648038,center_box,held_active
4,0.200000000,15,1,0.986451634,0.014772486,-0.163385887,0.291102159,1.407846207,0.937990388,3,0.000000000,0.648038,center_box,held_active
4,0.200000000,16,1,0.986451634,0.014772486,-0.163385887,0.291102159,1.407846207,0.937990388,3,0.000000000,0.648038,center_box,held_active
4,0.200000000,17,1,0.986451634,0.014772486,-0.163385887,0.291102159,1.407846207,0.937990388,3,0.000000000,0.648038,center_box,held_active
4,0.200000000,18,1,0.986451634,0.014772486,-0.163385887,0.291102159,1.407846207,0.937990388,3,0.000000000,0.648038,center_box,held_active
4,0.200000000,19,1,0.986451634,0.014772486,-0.163385887,0.291102159,1.407846207,0.937990388,3,0.000000000,0.648038,center_box,held_active
4,0.200000000,20,1,0.986451634,0.014772486,-0.163385887,0.291102159,1.407846207,0.937990388,3,0.000000000,0.648038,center_box,held_active
4,0.200000000,21,1,0.986451634,0.014772486,-0.163385887,0.291102159,1.407846207,0.937990388,3,0.000000000,0.648038,center_box,held_active
4,0.200000000,22,1,0.986451634,0.014772486,-0.163385887,0.291102159,1.407846207,0.937990388,3,0.000000000,0.648038,center_box,held_active
4,0.200000000,23,1,0.986451634,0.014772486,-0.163385887,0.291102159,1.407846207,0.937990388,3,0.000000000,0.648038,center_box,held_active
4,0.200000000,24,1,0.986451634,0.014772486,-0.163385887,0.291102159,1.407846207,0.937990388,3,0.000000000,0.648038,center_box,held_active
5,0.250000000,0,0,,,,,1.407846207,0.937990388,,0.000000000,0.648038,center_box,held_active
5,0.250000000,1,0,,,,,1.407846207,0.937990388,,0.000000000,0.648038,center_box,held_active
5,0.250000000,2,0,,,,,1.407846207,0.937990388,,0.000000000,0.648038,center_box,held_active
5,0.250000000,3,1,0.986451634,0.014772486,-0.163385887,0.291102159,1.407846207,0.937990388,3,0.000000000,0.648038,center_box,held_active
5,0.250000000,4,1,0.986451634,0.014772486,-0.163385887,0.291102159,1.407846207,0.937990388,3,0.000000000,0.648038,center_box,held_active
5,0.250000000,5,1,0.986451634,0.014772486,-0.163385887,0.291102159,1.407846207,0.937990388,3,0.000000000,0.648038,center_box,held_active
5,0.250000000,6,1,0.986451634,0.014772486,-0.163385887,0.291102159,1.407846207,0.937990388,3,0.000000000,0.648038,center_box,held_active
5,0.250000000,7,1,0.986451634,0.014772486,-0.163385887,0.291102159,1.407846207,0.937990388,3,0.000000000,0.648038,center_box,held_active
5,0.250000000,8,1,0.986451634,0.014772486,-0.163385887,0.291102159,1.407846207,0.937990388,3,0.000000000,0.648038,center_box,held_active
5,0.250000000,9,1,0.986451634,0.014772486,-0.163385887,0.291102159,1.407846207,0.937990388,3,0.000000000,0.648038,center_box,held_active
5,0.250000000,10,1,0.986451634,0.014772486,-0.163385887,0.291102159,1.407846207,0.937990388,3,0.000000000,0.648038,center_box,held_active
5,0.250000000,11,1,0.986451634,0.014772486,-0.163385887,0.291102159,1.407846207,0.937990388,3,0.000000000,0.648038,center_box,held_active
5,0.250000000,12,1,0.986451634,0.014772486,-0.163385887,0.291102159,1.407846207,0.937990388,3,0.000000000,0.648038,center_box,held_active
5,0.250000000,13,1,0.986451634,0.014772486,-0.163385887,0.291102159,1.407846207,0.937990388,3,0.000000000,0.648038,center_box,held_active
5,0.250000000,14,1,0.986451634,0.014772486,-0.163385887,0.291102159,1.407846207,0.937990388,3,0.000000000,0.648038,center_box,held_active
5,0.250000000,15,1,0.986451634,0.014772486,-0.163385887,0.291102159,1.407846207,0.937990388,3,0.000000000,0.648038,center_box,held_active
5,0.250000000,16,1,0.986451634,0.014772486,-0.163385887,0.291102159,1.407846207,0.937990388,3,0.000000000,0.648038,center_box,held_active
5,0.250000000,17,1,0.986451634,0.014772486,-0.163385887,0.291102159,1.407846207,0.937990388,3,0.000000000,0.648038,center_box,held_active
5,0.250000000,18,1,0.986451634,0.014772486,-0.163385887,0.291102159,1.407846207,0.937990388,3,0.000000000,0.648038,center_box,held_active
5,0.250000000,19,1,0.986451634,0.014772486,-0.163385887,0.291102159,1.407846207,0.937990388,3,0.000000000,0.648038,center_box,held_active
5,0.250000000,20,1,0.986451634,0.014772486,-0.163385887,0.291102159,1.407846207,0.937990388,3,0.000000000,0.648038,center_box,held_active
5,0.250000000,21,1,0.986451634,0.014772486,-0.163385887,0.291102159,1.407846207,0.937990388,3,0.000000000,0.648038,center_box,held_active
5,0.250000000,22,1,0.986451634,0.014772486,-0.163385887,0.291102159,1.407846207,0.937990388,3,0.000000000,0.648038,center_box,held_active
5,0.250000000,23,1,0.986451634,0.014772486,-0.163385887,0.291102159,1.407846207,0.937990388,3,0.000000000,0.648038,center_box,held_active
5,0.250000000,24,1,0.986451634,0.014772486,-0.163385887,0.291102159,1.407846207,0.937990388,3,0.000000000,0.648038,center_box,held_active
6,0.300000000,0,0,,,,,1.407846207,0.937990388,,0.000000000,0.648038,center_box,held_active
6,0.300000000,1,0,,,,,1.407846207,0.937990388,,0.000000000,0.648038,center_box,held_active
6,0.300000000,2,0,,,,,1.407846207,0.937990388,,0.000000000,0.648038,center_box,held_active
6,0.300000000,3,1,0.986451634,0.014772486,-0.163385887,0.291102159,1.407846207,0.937990388,3,0.000000000,0.648038,center_box,held_active
6,0.300000000,4,1,0.986451634,0.014772486,-0.163385887,0.291102159,1.407846207,0.937990388,3,0.000000000,0.648038,center_box,held_active
6,0.300000000,5,1,0.986451634,0.014772486,-0.163385887,0.291102159,1.407846207,0.937990388,3,0.000000000,0.648038,center_box,held_active
6,0.300000000,6,1,0.986451634,0.014772486,-0.163385887,0.291102159,1.407846207,0.937990388,3,0.000000000,0.648038,center_box,held_active
6,0.300000000,7,1,0.986451634,0.014772486,-0.163385887,0.291102159,1.407846207,0.937990388,3,0.000000000,0.648038,center_box,held_active
6,0.300000000,8,1,0.986451634,0.014772486,-0.163385887,0.291102159,1.407846207,0.937990388,3,0.000000000,0.648038,center_box,held_active
6,0.300000000,9,1,0.986451634,0.014772486,-0.163385887,0.291102159,1.407846207,0.937990388,3,0.000000000,0.648038,center_box,held_active
6,0.300000000,10,1,0.986451634,0.014772486,-0.163385887,0.291102159,1.407846207,0.937990388,3,0.000000000,0.648038,center_box,held_active
6,0.300000000,11,1,0.986451634,0.014772486,-0.163385887,0.291102159,1.407846207,0.937990388,3,0.000000000,0.648038,center_box,held_active
6,0.300000000,12,1,0.986451634,0.014772486,-0.163385887,0.291102159,1.407846207,0.937990388,3,0.000000000,0.648038,center_box,held_active
6,0.300000000,13,1,0.986451634,0.014772486,-0.163385887,0.291102159,1.407846207,0.937990388,3,0.000000000,0.648038,center_box,held_active
6,0.300000000,14,1,0.986451634,0.014772486,-0.163385887,0.291102159,1.407846207,0.937990388,3,0.000000000,0.648038,center_box,held_active
6,0.300000000,15,1,0.986451634,0.014772486,-0.163385887,0.291102159,1.407846207,0.937990388,3,0.000000000,0.648038,center_box,held_active
6,0.300000000,16,1,0.986451634,0.014772486,-0.163385887,0.291102159,1.407846207,0.937990388,3,0.000000000,0.648038,center_box,held_active
6,0.300000000,17,1,0.986451634,0.014772486,-0.163385887,0.291102159,1.407846207,0.937990388,3,0.000000000,0.648038,center_box,held_active
6,0.300000000,18,1,0.986451634,0.014772486,-0.163385887,0.291102159,1.407846207,0.937990388,3,0.000000000,0.648038,center_box,held_active
6,0.300000000,19,1,0.986451634,0.014772486,-0.163385887,0.291102159,1.407846207,0.937990388,3,0.000000000,0.648038,center_box,held_active
6,0.300000000,20,1,0.986451634,0.014772486,-0.163385887,0.291102159,1.407846207,0.937990388,3,0.000000000,0.648038,center_box,held_active
6,0.300000000,21,1,0.986451634,0.014772486,-0.163385887,0.291102159,1.407846207,0.937990388,3,0.000000000,0.648038,center_box,held_active
6,0.300000000,22,1,0.986451634,0.014772486,-0.163385887,0.291102159,1.407846207,0.937990388,3,0.000000000,0.648038,center_box,held_active
6,0.300000000,23,1,0.986451634,0.014772486,-0.163385887,0.291102159,1.407846207,0.937990388,3,0.000000000,0.648038,center_box,held_active
6,0.300000000,24,1,0.986451634,0.014772486,-0.163385887,0.291102159,1.407846207,0.937990388,3,0.000000000,0.648038,center_box,held_active
7,0.350000000,0,0,,,,,,,,,0.000000,,stale_depth
7,0.350000000,1,0,,,,,,,,,0.000000,,stale_depth
7,0.350000000,2,0,,,,,,,,,0.000000,,stale_depth
7,0.350000000,3,0,,,,,,,,,0.000000,,stale_depth
7,0.350000000,4,0,,,,,,,,,0.000000,,stale_depth
7,0.350000000,5,0,,,,,,,,,0.000000,,stale_depth
7,0.350000000,6,0,,,,,,,,,0.000000,,stale_depth
7,0.350000000,7,0,,,,,,,,,0.000000,,stale_depth
7,0.350000000,8,0,,,,,,,,,0.000000,,stale_depth
7,0.350000000,9,0,,,,,,,,,0.000000,,stale_depth
7,0.350000000,10,0,,,,,,,,,0.000000,,stale_depth
7,0.350000000,11,0,,,,,,,,,0.000000,,stale_depth
7,0.350000000,12,0,,,,,,,,,0.000000,,stale_depth
7,0.350000000,13,0,,,,,,,,,0.000000,,stale_depth
7,0.350000000,14,0,,,,,,,,,0.000000,,stale_depth
7,0.350000000,15,0,,,,,,,,,0.000000,,stale_depth
7,0.350000000,16,0,,,,,,,,,0.000000,,stale_depth
7,0.350000000,17,0,,,,,,,,,0.000000,,stale_depth
7,0.350000000,18,0,,,,,,,,,0.000000,,stale_depth
7,0.350000000,19,0,,,,,,,,,0.000000,,stale_depth
7,0.350000000,20,0,,,,,,,,,0.000000,,stale_depth
7,0.350000000,21,0,,,,,,,,,0.000000,,stale_depth
7,0.350000000,22,0,,,,,,,,,0.000000,,stale_depth
7,0.350000000,23,0,,,,,,,,,0.000000,,stale_depth
7,0.350000000,24,0,,,,,,,,,0.000000,,stale_depth
8,0.400000000,0,0,,,,,1.264029087,0.929001818,,-0.174532925,0.683993,center_box,active
8,0.400000000,1,0,,,,,1.264029087,0.929001818,,-0.174532925,0.683993,center_box,active
8,0.400000000,2,0,,,,,1.264029087,0.929001818,,-0.174532925,0.683993,center_box,active
8,0.400000000,3,1,0.987689955,0.085529803,-0.130970246,0.328951236,1.264029087,0.929001818,2,-0.174532925,0.683993,center_box,active
8,0.400000000,4,1,0.987689955,0.085529803,-0.130970246,0.328951236,1.264029087,0.929001818,2,-0.174532925,0.683993,center_box,active
8,0.400000000,5,1,0.987689955,0.085529803,-0.130970246,0.328951236,1.264029087,0.929001818,2,-0.174532925,0.683993,center_box,active
8,0.400000000,6,1,0.987689955,0.085529803,-0.130970246,0.328951236,1.264029087,0.929001818,2,-0.174532925,0.683993,center_box,active
8,0.400000000,7,1,0.987689955,0.085529803,-0.130970246,0.328951236,1.264029087,0.929001818,2,-0.174532925,0.683993,center_box,active
8,0.400000000,8,1,0.987689955,0.085529803,-0.130970246,0.328951236,1.264029087,0.929001818,2,-0.174532925,0.683993,center_box,active
8,0.400000000,9,1,0.987689955,0.085529803,-0.130970246,0.328951236,1.264029087,0.929001818,2,-0.174532925,0.683993,center_box,active
8,0.400000000,10,1,0.987689955,0.085529803,-0.130970246,0.328951236,1.264029087,0.929001818,2,-0.174532925,0.683993,center_box,active
8,0.400000000,11,1,0.987689955,0.085529803,-0.130970246,0.328951236,1.264029087,0.929001818,2,-0.174532925,0.683993,center_box,active
8,0.400000000,12,1,0.987689955,0.085529803,-0.130970246,0.328951236,1.264029087,0.929001818,2,-0.174532925,0.683993,center_box,active
8,0.400000000,13,1,0.987689955,0.085529803,-0.130970246,0.328951236,1.264029087,0.929001818,2,-0.174532925,0.683993,center_box,active
8,0.400000000,14,1,0.987689955,0.085529803,-0.130970246,0.328951236,1.264029087,0.929001818,2,-0.174532925,0.683993,center_box,active
8,0.400000000,15,1,0.987689955,0.085529803,-0.130970246,0.328951236,1.264029087,0.929001818,2,-0.174532925,0.683993,center_box,active
8,0.400000000,16,1,0.987689955,0.085529803,-0.130970246,0.328951236,1.264029087,0.929001818,2,-0.174532925,0.683993,center_box,active
8,0.400000000,17,1,0.987689955,0.085529803,-0.130970246,0.328951236,1.264029087,0.929001818,2,-0.174532925,0.683993,center_box,active
8,0.400000000,18,1,0.987689955,0.085529803,-0.130970246,0.328951236,1.264029087,0.929001818,2,-0.174532925,0.683993,center_box,active
8,0.400000000,19,1,0.987689955,0.085529803,-0.130970246,0.328951236,1.264029087,0.929001818,2,-0.174532925,0.683993,center_box,active
8,0.400000000,20,1,0.987689955,0.085529803,-0.130970246,0.328951236,1.264029087,0.929001818,2,-0.174532925,0.683993,center_box,active
8,0.400000000,21,1,0.987689955,0.085529803,-0.130970246,0.328951236,1.264029087,0.929001818,2,-0.174532925,0.683993,center_box,active
8,0.400000000,22,1,0.987689955,0.085529803,-0.130970246,0.328951236,1.264029087,0.929001818,2,-0.174532925,0.683993,center_box,active
8,0.400000000,23,1,0.987689955,0.085529803,-0.130970246,0.328951236,1.264029087,0.929001818,2,-0.174532925,0.683993,center_box,active
8,0.400000000,24,1,0.987689955,0.085529803,-0.130970246,0.328951236,1.264029087,0.929001818,2,-0.174532925,0.683993,center_box,active
9,0.450000000,0,0,,,,,1.213781466,0.925861342,,-0.174532925,0.696555,center_box,active
9,0.450000000,1,0,,,,,1.213781466,0.925861342,,-0.174532925,0.696555,center_box,active
9,0.450000000,2,0,,,,,1.213781466,0.925861342,,-0.174532925,0.696555,center_box,active
9,0.450000000,3,1,0.992438982,0.110768846,-0.052868989,0.413438213,1.213781466,0.925861342,2,-0.174532925,0.696555,center_box,active
9,0.450000000,4,1,0.992438982,0.110768846,-0.052868989,0.413438213,1.213781466,0.925861342,2,-0.174532925,0.696555,center_box,active
9,0.450000000,5,1,0.992438982,0.110768846,-0.052868989,0.413438213,1.213781466,0.925861342,2,-0.174532925,0.696555,center_box,active
9,0.450000000,6,1,0.992438982,0.110768846,-0.052868989,0.413438213,1.213781466,0.925861342,2,-0.174532925,0.696555,center_box,active
9,0.450000000,7,1,0.992438982,0.110768846,-0.052868989,0.413438213,1.213781466,0.925861342,2,-0.174532925,0.696555,center_box,active
9,0.450000000,8,1,0.992438982,0.110768846,-0.052868989,0.413438213,1.213781466,0.925861342,2,-0.174532925,0.696555,center_box,active
9,0.450000000,9,1,0.992438982,0.110768846,-0.052868989,0.413438213,1.213781466,0.925861342,2,-0.174532925,0.696555,center_box,active
9,0.450000000,10,1,0.992438982,0.110768846,-0.052868989,0.413438213,1.213781466,0.925861342,2,-0.174532925,0.696555,center_box,active
9,0.450000000,11,1,0.992438982,0.110768846,-0.052868989,0.413438213,1.213781466,0.925861342,2,-0.174532925,0.696555,center_box,active
9,0.450000000,12,1,0.992438982,0.110768846,-0.052868989,0.413438213,1.213781466,0.925861342,2,-0.174532925,0.696555,center_box,active
9,0.450000000,13,1,0.992438982,0.110768846,-0.052868989,0.413438213,1.213781466,0.925861342,2,-0.174532925,0.696555,center_box,active
9,0.450000000,14,1,0.992438982,0.110768846,-0.052868989,0.413438213,1.213781466,0.925861342,2,-0.174532925,0.696555,center_box,active
9,0.450000000,15,1,0.992438982,0.110768846,-0.052868989,0.413438213,1.213781466,0.925861342,2,-0.174532925,0.696555,center_box,active
9,0.450000000,16,1,0.992438982,0.110768846,-0.052868989,0.413438213,1.213781466,0.925861342,2,-0.174532925,0.696555,center_box,active
9,0.450000000,17,1,0.992438982,0.110768846,-0.052868989,0.413438213,1.213781466,0.925861342,2,-0.174532925,0.696555,center_box,active
9,0.450000000,18,1,0.992438982,0.110768846,-0.052868989,0.413438213,1.213781466,0.925861342,2,-0.174532925,0.696555,center_box,active
9,0.450000000,19,1,0.992438982,0.110768846,-0.052868989,0.413438213,1.213781466,0.925861342,2,-0.174532925,0.696555,center_box,active
9,0.450000000,20,1,0.992438982,0.110768846,-0.052868989,0.413438213,1.213781466,0.925861342,2,-0.174532925,0.696555,center_box,active
9,0.450000000,21,1,0.992438982,0.110768846,-0.052868989,0.413438213,1.213781466,0.925861342,2,-0.174532925,0.696555,center_box,active
9,0.450000000,22,1,0.992438982,0.110768846,-0.052868989,0.413438213,1.213781466,0.925861342,2,-0.174532925,0.696555,center_box,active
9,0.450000000,23,1,0.992438982,0.110768846,-0.052868989,0.413438213,1.213781466,0.925861342,2,-0.174532925,0.696555,center_box,active
9,0.450000000,24,1,0.992438982,0.110768846,-0.052868989,0.413438213,1.213781466,0.925861342,2,-0.174532925,0.696555,center_box,active
10,0.500000000,0,0,,,,,1.161739134,0.922608696,,0.000000000,0.709565,center_box,active
10,0.500000000,1,0,,,,,1.161739134,0.922608696,,0.000000000,0.709565,center_box,active
10,0.500000000,2,0,,,,,1.161739134,0.922608696,,0.000000000,0.709565,center_box,active
10,0.500000000,3,1,0.998353493,-0.032750632,0.047092460,0.520988316,1.161739134,0.922608696,3,0.000000000,0.709565,center_box,active
10,0.500000000,4,1,0.998353493,-0.032750632,0.047092460,0.520988316,1.161739134,0.922608696,3,0.000000000,0.709565,center_box,active
10,0.500000000,5,1,0.998353493,-0.032750632,0.047092460,0.520988316,1.161739134,0.922608696,3,0.000000000,0.709565,center_box,active
10,0.500000000,6,1,0.998353493,-0.032750632,0.047092460,0.520988316,1.161739134,0.922608696,3,0.000000000,0.709565,center_box,active
10,0.500000000,7,1,0.998353493,-0.032750632,0.047092460,0.520988316,1.161739134,0.922608696,3,0.000000000,0.709565,center_box,active
10,0.500000000,8,1,0.998353493,-0.032750632,0.047092460,0.520988316,1.161739134,0.922608696,3,0.000000000,0.709565,center_box,active
10,0.500000000,9,1,0.998353493,-0.032750632,0.047092460,0.520988316,1.161739134,0.922608696,3,0.000000000,0.709565,center_box,active
10,0.500000000,10,1,0.998353493,-0.032750632,0.047092460,0.520988316,1.161739134,0.922608696,3,0.000000000,0.709565,center_box,active
10,0.500000000,11,1,0.998353493,-0.032750632,0.047092460,0.520988316,1.161739134,0.922608696,3,0.000000000,0.709565,center_box,active
10,0.500000000,12,1,0.998353493,-0.032750632,0.047092460,0.520988316,1.161739134,0.922608696,3,0.000000000,0.709565,center_box,active
10,0.500000000,13,1,0.998353493,-0.032750632,0.047092460,0.520988316,1.161739134,0.922608696,3,0.000000000,0.709565,center_box,active
10,0.500000000,14,1,0.998353493,-0.032750632,0.047092460,0.520988316,1.161739134,0.922608696,3,0.000000000,0.709565,center_box,active
10,0.500000000,15,1,0.998353493,-0.032750632,0.047092460,0.520988316,1.161739134,0.922608696,3,0.000000000,0.709565,center_box,active
10,0.500000000,16,1,0.998353493,-0.032750632,0.047092460,0.520988316,1.161739134,0.922608696,3,0.000000000,0.709565,center_box,active
10,0.500000000,17,1,0.998353493,-0.032750632,0.047092460,0.520988316,1.161739134,0.922608696,3,0.000000000,0.709565,center_box,active
10,0.500000000,18,1,0.998353493,-0.032750632,0.047092460,0.520988316,1.161739134,0.922608696,3,0.000000000,0.709565,center_box,active
10,0.500000000,19,1,0.998353493,-0.032750632,0.047092460,0.520988316,1.161739134,0.922608696,3,0.000000000,0.709565,center_box,active
10,0.500000000,20,1,0.998353493,-0.032750632,0.047092460,0.520988316,1.161739134,0.922608696,3,0.000000000,0.709565,center_box,active
10,0.500000000,21,1,0.998353493,-0.032750632,0.047092460,0.520988316,1.161739134,0.922608696,3,0.000000000,0.709565,center_box,active
10,0.500000000,22,1,0.998353493,-0.032750632,0.047092460,0.520988316,1.161739134,0.922608696,3,0.000000000,0.709565,center_box,active
10,0.500000000,23,1,0.998353493,-0.032750632,0.047092460,0.520988316,1.161739134,0.922608696,3,0.000000000,0.709565,center_box,active
10,0.500000000,24,1,0.998353493,-0.032750632,0.047092460,0.520988316,1.161739134,0.922608696,3,0.000000000,0.709565,center_box,active
11,0.550000000,0,0,,,,,1.130789412,0.904631529,,-0.174532925,0.717303,center_box,active
11,0.550000000,1,0,,,,,1.130789412,0.904631529,,-0.174532925,0.717303,center_box,active
11,0.550000000,2,0,,,,,1.130789412,0.904631529,,-0.174532925,0.717303,center_box,active
11,0.550000000,3,1,0.987088786,0.086771786,0.134634270,0.648435241,1.130789412,0.904631529,2,-0.174532925,0.717303,center_box,active
11,0.550000000,4,1,0.987088786,0.086771786,0.134634270,0.648435241,1.130789412,0.904631529,2,-0.174532925,0.717303,center_box,active
11,0.550000000,5,1,0.987088786,0.086771786,0.134634270,0.648435241,1.130789412,0.904631529,2,-0.174532925,0.717303,center_box,active
11,0.550000000,6,1,0.987088786,0.086771786,0.134634270,0.648435241,1.130789412,0.904631529,2,-0.174532925,0.717303,center_box,active
11,0.550000000,7,1,0.987088786,0.086771786,0.134634270,0.648435241,1.130789412,0.904631529,2,-0.174532925,0.717303,center_box,active
11,0.550000000,8,1,0.987088786,0.086771786,0.134634270,0.648435241,1.130789412,0.904631529,2,-0.174532925,0.717303,center_box,active
11,0.550000000,9,1,0.987088786,0.086771786,0.134634270,0.648435241,1.130789412,0.904631529,2,-0.174532925,0.717303,center_box,active
11,0.550000000,10,1,0.987088786,0.086771786,0.134634270,0.648435241,1.130789412,0.904631529,2,-0.174532925,0.717303,center_box,active
11,0.550000000,11,1,0.987088786,0.086771786,0.134634270,0.648435241,1.130789412,0.904631529,2,-0.174532925,0.717303,center_box,active
11,0.550000000,12,1,0.987088786,0.086771786,0.134634270,0.648435241,1.130789412,0.904631529,2,-0.174532925,0.717303,center_box,active
11,0.550000000,13,1,0.987088786,0.086771786,0.134634270,0.648435241,1.130789412,0.904631529,2,-0.174532925,0.717303,center_box,active
11,0.550000000,14,1,0.987088786,0.086771786,0.134634270,0.648435241,1.130789412,0.904631529,2,-0.174532925,0.717303,center_box,active
11,0.550000000,15,1,0.987088786,0.086771786,0.134634270,0.648435241,1.130789412,0.904631529,2,-0.174532925,0.717303,center_box,active
11,0.550000000,16,1,0.987088786,0.086771786,0.134634270,0.648435241,1.130789412,0.904631529,2,-0.174532925,0.717303,center_box,active
11,0.550000000,17,1,0.987088786,0.086771786,0.134634270,0.648435241,1.130789412,0.904631529,2,-0.174532925,0.717303,center_box,active
11,0.550000000,18,1,0.987088786,0.086771786,0.134634270,0.648435241,1.130789412,0.904631529,2,-0.174532925,0.717303,center_box,active
11,0.550000000,19,1,0.987088786,0.086771786,0.134634270,0.648435241,1.130789412,0.904631529,2,-0.174532925,0.717303,center_box,active
11,0.550000000,20,1,0.987088786,0.086771786,0.134634270,0.648435241,1.130789412,0.904631529,2,-0.174532925,0.717303,center_box,active
11,0.550000000,21,1,0.987088786,0.086771786,0.134634270,0.648435241,1.130789412,0.904631529,2,-0.174532925,0.717303,center_box,active
11,0.550000000,22,1,0.987088786,0.086771786,0.134634270,0.648435241,1.130789412,0.904631529,2,-0.174532925,0.717303,center_box,active
11,0.550000000,23,1,0.987088786,0.086771786,0.134634270,0.648435241,1.130789412,0.904631529,2,-0.174532925,0.717303,center_box,active
11,0.550000000,24,1,0.987088786,0.086771786,0.134634270,0.648435241,1.130789412,0.904631529,2,-0.174532925,0.717303,center_box,active
12,0.600000000,0,0,,,,,1.086424369,0.869139495,,-0.174532925,0.728394,center_box,active
12,0.600000000,1,0,,,,,1.086424369,0.869139495,,-0.174532925,0.728394,center_box,active
12,0.600000000,2,0,,,,,1.086424369,0.869139495,,-0.174532925,0.728394,center_box,active
12,0.600000000,3,1,0.990044385,0.043772937,0.133776100,0.679293735,1.086424369,0.869139495,2,-0.174532925,0.728394,center_box,active
12,0.600000000,4,1,0.990044385,0.043772937,0.133776100,0.679293735,1.086424369,0.869139495,2,-0.174532925,0.728394,center_box,active
12,0.600000000,5,1,0.990044385,0.043772937,0.133776100,0.679293735,1.086424369,0.869139495,2,-0.174532925,0.728394,center_box,active
12,0.600000000,6,1,0.990044385,0.043772937,0.133776100,0.679293735,1.086424369,0.869139495,2,-0.174532925,0.728394,center_box,active
12,0.600000000,7,1,0.990044385,0.043772937,0.133776100,0.679293735,1.086424369,0.869139495,2,-0.174532925,0.728394,center_box,active
12,0.600000000,8,1,0.990044385,0.043772937,0.133776100,0.679293735,1.086424369,0.869139495,2,-0.174532925,0.728394,center_box,active
12,0.600000000,9,1,0.990044385,0.043772937,0.133776100,0.679293735,1.086424369,0.869139495,2,-0.174532925,0.728394,center_box,active
12,0.600000000,10,1,0.990044385,0.043772937,0.133776100,0.679293735,1.086424369,0.869139495,2,-0.174532925,0.728394,center_box,active
12,0.600000000,11,1,0.990044385,0.043772937,0.133776100,0.679293735,1.086424369,0.869139495,2,-0.174532925,0.728394,center_box,active
12,0.600000000,12,1,0.990044385,0.043772937,0.133776100,0.679293735,1.086424369,0.869139495,2,-0.174532925,0.728394,center_box,active
12,0.600000000,13,1,0.990044385,0.043772937,0.133776100,0.679293735,1.086424369,0.869139495,2,-0.174532925,0.728394,center_box,active
12,0.600000000,14,1,0.990044385,0.043772937,0.133776100,0.679293735,1.086424369,0.869139495,2,-0.174532925,0.728394,center_box,active
12,0.600000000,15,1,0.990044385,0.043772937,0.133776100,0.679293735,1.086424369,0.869139495,2,-0.174532925,0.728394,center_box,active
12,0.600000000,16,1,0.990044385,0.043772937,0.133776100,0.679293735,1.086424369,0.869139495,2,-0.174532925,0.728394,center_box,active
12,0.600000000,17,1,0.990044385,0.043772937,0.133776100,0.679293735,1.086424369,0.869139495,2,-0.174532925,0.728394,center_box,active
12,0.600000000,18,1,0.990044385,0.043772937,0.133776100,0.679293735,1.086424369,0.869139495,2,-0.174532925,0.728394,center_box,active
12,0.600000000,19,1,0.990044385,0.043772937,0.133776100,0.679293735,1.086424369,0.869139495,2,-0.174532925,0.728394,center_box,active
12,0.600000000,20,1,0.990044385,0.043772937,0.133776100,0.679293735,1.086424369,0.869139495,2,-0.174532925,0.728394,center_box,active
12,0.600000000,21,1,0.990044385,0.043772937,0.133776100,0.679293735,1.086424369,0.869139495,2,-0.174532925,0.728394,center_box,active
12,0.600000000,22,1,0.990044385,0.043772937,0.133776100,0.679293735,1.086424369,0.869139495,2,-0.174532925,0.728394,center_box,active
12,0.600000000,23,1,0.990044385,0.043772937,0.133776100,0.679293735,1.086424369,0.869139495,2,-0.174532925,0.728394,center_box,active
12,0.600000000,24,1,0.990044385,0.043772937,0.133776100,0.679293735,1.086424369,0.869139495,2,-0.174532925,0.728394,center_box,active
13,0.650000000,0,0,,,,,1.054683545,0.843746836,,-0.174532925,0.736329,center_box,active
13,0.650000000,1,0,,,,,1.054683545,0.843746836,,-0.174532925,0.736329,center_box,active
13,0.650000000,2,0,,,,,1.054683545,0.843746836,,-0.174532925,0.736329,center_box,active
13,0.650000000,3,1,0.984463624,0.089650177,0.150977545,0.729000818,1.054683545,0.843746836,2,-0.174532925,0.736329,center_box,active
13,0.650000000,4,1,0.984463624,0.089650177,0.150977545,0.729000818,1.054683545,0.843746836,2,-0.174532925,0.736329,center_box,active
13,0.650000000,5,1,0.984463624,0.089650177,0.150977545,0.729000818,1.054683545,0.843746836,2,-0.174532925,0.736329,center_box,active
13,0.650000000,6,1,0.984463624,0.089650177,0.150977545,0.729000818,1.054683545,0.843746836,2,-0.174532925,0.736329,center_box,active
13,0.650000000,7,1,0.984463624,0.089650177,0.150977545,0.729000818,1.054683545,0.843746836,2,-0.174532925,0.736329,center_box,active
13,0.650000000,8,1,0.984463624,0.089650177,0.150977545,0.729000818,1.054683545,0.843746836,2,-0.174532925,0.736329,center_box,active
13,0.650000000,9,1,0.984463624,0.089650177,0.150977545,0.729000818,1.054683545,0.843746836,2,-0.174532925,0.736329,center_box,active
13,0.650000000,10,1,0.984463624,0.089650177,0.150977545,0.729000818,1.054683545,0.843746836,2,-0.174532925,0.736329,center_box,active
13,0.650000000,11,1,0.984463624,0.089650177,0.150977545,0.729000818,1.054683545,0.843746836,2,-0.174532925,0.736329,center_box,active
13,0.650000000,12,1,0.984463624,0.089650177,0.150977545,0.729000818,1.054683545,0.843746836,2,-0.174532925,0.736329,center_box,active
13,0.650000000,13,1,0.984463624,0.089650177,0.150977545,0.729000818,1.054683545,0.843746836,2,-0.174532925,0.736329,center_box,active
13,0.650000000,14,1,0.984463624,0.089650177,0.150977545,0.729000818,1.054683545,0.843746836,2,-0.174532925,0.736329,center_box,active
13,0.650000000,15,1,0.984463624,0.089650177,0.150977545,0.729000818,1.054683545,0.843746836,2,-0.174532925,0.736329,center_box,active
13,0.650000000,16,1,0.984463624,0.089650177,0.150977545,0.729000818,1.054683545,0.843746836,2,-0.174532925,0.736329,center_box,active
13,0.650000000,17,1,0.984463624,0.089650177,0.150977545,0.729000818,1.054683545,0.843746836,2,-0.174532925,0.736329,center_box,active
13,0.650000000,18,1,0.984463624,0.089650177,0.150977545,0.729000818,1.054683545,0.843746836,2,-0.174532925,0.736329,center_box,active
13,0.650000000,19,1,0.984463624,0.089650177,0.150977545,0.729000818,1.054683545,0.843746836,2,-0.174532925,0.736329,center_box,active
13,0.650000000,20,1,0.984463624,0.089650177,0.150977545,0.729000818,1.054683545,0.843746836,2,-0.174532925,0.736329,center_box,active
13,0.650000000,21,1,0.984463624,0.089650177,0.150977545,0.729000818,1.054683545,0.843746836,2,-0.174532925,0.736329,center_box,active
13,0.650000000,22,1,0.984463624,0.089650177,0.150977545,0.729000818,1.054683545,0.843746836,2,-0.174532925,0.736329,center_box,active
13,0.650000000,23,1,0.984463624,0.089650177,0.150977545,0.729000818,1.054683545,0.843746836,2,-0.174532925,0.736329,center_box,active
13,0.650000000,24,1,0.984463624,0.089650177,0.150977545,0.729000818,1.054683545,0.843746836,2,-0.174532925,0.736329,center_box,active
14,0.700000000,0,0,,,,,1.013671270,0.810937016,,0.000000000,0.746582,center_box,active
14,0.700000000,1,0,,,,,1.013671270,0.810937016,,0.000000000,0.746582,center_box,active
14,0.700000000,2,0,,,,,1.013671270,0.810937016,,0.000000000,0.746582,center_box,active
14,0.700000000,3,1,0.990736845,-0.041226962,0.129386402,0.728437037,1.013671270,0.810937016,3,0.000000000,0.746582,center_box,active
14,0.700000000,4,1,0.990736845,-0.041226962,0.129386402,0.728437037,1.013671270,0.810937016,3,0.000000000,0.746582,center_box,active
14,0.700000000,5,1,0.990736845,-0.041226962,0.129386402,0.728437037,1.013671270,0.810937016,3,0.000000000,0.746582,center_box,active
14,0.700000000,6,1,0.990736845,-0.041226962,0.129386402,0.728437037,1.013671270,0.810937016,3,0.000000000,0.746582,center_box,active
14,0.700000000,7,1,0.990736845,-0.041226962,0.129386402,0.728437037,1.013671270,0.810937016,3,0.000000000,0.746582,center_box,active
14,0.700000000,8,1,0.990736845,-0.041226962,0.129386402,0.728437037,1.013671270,0.810937016,3,0.000000000,0.746582,center_box,active
14,0.700000000,9,1,0.990736845,-0.041226962,0.129386402,0.728437037,1.013671270,0.810937016,3,0.000000000,0.746582,center_box,active
14,0.700000000,10,1,0.990736845,-0.041226962,0.129386402,0.728437037,1.013671270,0.810937016,3,0.000000000,0.746582,center_box,active
14,0.700000000,11,1,0.990736845,-0.041226962,0.129386402,0.728437037,1.013671270,0.810937016,3,0.000000000,0.746582,center_box,active
14,0.700000000,12,1,0.990736845,-0.041226962,0.129386402,0.728437037,1.013671270,0.810937016,3,0.000000000,0.746582,center_box,active
14,0.700000000,13,1,0.990736845,-0.041226962,0.129386402,0.728437037,1.013671270,0.810937016,3,0.000000000,0.746582,center_box,active
14,0.700000000,14,1,0.990736845,-0.041226962,0.129386402,0.728437037,1.013671270,0.810937016,3,0.000000000,0.746582,center_box,active
14,0.700000000,15,1,0.990736845,-0.041226962,0.129386402,0.728437037,1.013671270,0.810937016,3,0.000000000,0.746582,center_box,active
14,0.700000000,16,1,0.990736845,-0.041226962,0.129386402,0.728437037,1.013671270,0.810937016,3,0.000000000,0.746582,center_box,active
14,0.700000000,17,1,0.990736845,-0.041226962,0.129386402,0.728437037,1.013671270,0.810937016,3,0.000000000,0.746582,center_box,active
14,0.700000000,18,1,0.990736845,-0.041226962,0.129386402,0.728437037,1.013671270,0.810937016,3,0.000000000,0.746582,center_box,active
14,0.700000000,19,1,0.990736845,-0.041226962,0.129386402,0.728437037,1.013671270,0.810937016,3,0.000000000,0.746582,center_box,active
14,0.700000000,20,1,0.990736845,-0.041226962,0.129386402,0.728437037,1.013671270,0.810937016,3,0.000000000,0.746582,center_box,active
14,0.700000000,21,1,0.990736845,-0.041226962,0.129386402,0.728437037,1.013671270,0.810937016,3,0.000000000,0.746582,center_box,active
14,0.700000000,22,1,0.990736845,-0.041226962,0.129386402,0.728437037,1.013671270,0.810937016,3,0.000000000,0.746582,center_box,active
14,0.700000000,23,1,0.990736845,-0.041226962,0.129386402,0.728437037,1.013671270,0.810937016,3,0.000000000,0.746582,center_box,active
14,0.700000000,24,1,0.990736845,-0.041226962,0.129386402,0.728437037,1.013671270,0.810937016,3,0.000000000,0.746582,center_box,active
15,0.750000000,0,0,,,,,0.982080432,0.785664346,,-0.174532925,0.754480,center_box,active
15,0.750000000,1,0,,,,,0.982080432,0.785664346,,-0.174532925,0.754480,center_box,active
15,0.750000000,2,0,,,,,0.982080432,0.785664346,,-0.174532925,0.754480,center_box,active
15,0.750000000,3,1,0.991305122,0.099467227,0.086141895,0.708279560,0.982080432,0.785664346,2,-0.174532925,0.754480,center_box,active
15,0.750000000,4,1,0.991305122,0.099467227,0.086141895,0.708279560,0.982080432,0.785664346,2,-0.174532925,0.754480,center_box,active
15,0.750000000,5,1,0.991305122,0.099467227,0.086141895,0.708279560,0.982080432,0.785664346,2,-0.174532925,0.754480,center_box,active
15,0.750000000,6,1,0.991305122,0.099467227,0.086141895,0.708279560,0.982080432,0.785664346,2,-0.174532925,0.754480,center_box,active
15,0.750000000,7,1,0.991305122,0.099467227,0.086141895,0.708279560,0.982080432,0.785664346,2,-0.174532925,0.754480,center_box,active
15,0.750000000,8,1,0.991305122,0.099467227,0.086141895,0.708279560,0.982080432,0.785664346,2,-0.174532925,0.754480,center_box,active
15,0.750000000,9,1,0.991305122,0.099467227,0.086141895,0.708279560,0.982080432,0.785664346,2,-0.174532925,0.754480,center_box,active
15,0.750000000,10,1,0.991305122,0.099467227,0.086141895,0.708279560,0.982080432,0.785664346,2,-0.174532925,0.754480,center_box,active
15,0.750000000,11,1,0.991305122,0.099467227,0.086141895,0.708279560,0.982080432,0.785664346,2,-0.174532925,0.754480,center_box,active
15,0.750000000,12,1,0.991305122,0.099467227,0.086141895,0.708279560,0.982080432,0.785664346,2,-0.174532925,0.754480,center_box,active
15,0.750000000,13,1,0.991305122,0.099467227,0.086141895,0.708279560,0.982080432,0.785664346,2,-0.174532925,0.754480,center_box,active
15,0.750000000,14,1,0.991305122,0.099467227,0.086141895,0.708279560,0.982080432,0.785664346,2,-0.174532925,0.754480,center_box,active
15,0.750000000,15,1,0.991305122,0.099467227,0.086141895,0.708279560,0.982080432,0.785664346,2,-0.174532925,0.754480,center_box,active
15,0.750000000,16,1,0.991305122,0.099467227,0.086141895,0.708279560,0.982080432,0.785664346,2,-0.174532925,0.754480,center_box,active
15,0.750000000,17,1,0.991305122,0.099467227,0.086141895,0.708279560,0.982080432,0.785664346,2,-0.174532925,0.754480,center_box,active
15,0.750000000,18,1,0.991305122,0.099467227,0.086141895,0.708279560,0.982080432,0.785664346,2,-0.174532925,0.754480,center_box,active
15,0.750000000,19,1,0.991305122,0.099467227,0.086141895,0.708279560,0.982080432,0.785664346,2,-0.174532925,0.754480,center_box,active
15,0.750000000,20,1,0.991305122,0.099467227,0.086141895,0.708279560,0.982080432,0.785664346,2,-0.174532925,0.754480,center_box,active
15,0.750000000,21,1,0.991305122,0.099467227,0.086141895,0.708279560,0.982080432,0.785664346,2,-0.174532925,0.754480,center_box,active
15,0.750000000,22,1,0.991305122,0.099467227,0.086141895,0.708279560,0.982080432,0.785664346,2,-0.174532925,0.754480,center_box,active
15,0.750000000,23,1,0.991305122,0.099467227,0.086141895,0.708279560,0.982080432,0.785664346,2,-0.174532925,0.754480,center_box,active
15,0.750000000,24,1,0.991305122,0.099467227,0.086141895,0.708279560,0.982080432,0.785664346,2,-0.174532925,0.754480,center_box,active
16,0.800000000,0,0,,,,,0.947440068,0.757952054,,-0.174532925,0.763140,center_box,active
16,0.800000000,1,0,,,,,0.947440068,0.757952054,,-0.174532925,0.763140,center_box,active
16,0.800000000,2,0,,,,,0.947440068,0.757952054,,-0.174532925,0.763140,center_box,active
16,0.800000000,3,1,0.996952925,0.077994191,0.001331128,0.636301794,0.947440068,0.757952054,2,-0.174532925,0.763140,center_box,active
16,0.800000000,4,1,0.996952925,0.077994191,0.001331128,0.636301794,0.947440068,0.757952054,2,-0.174532925,0.763140,center_box,active
16,0.800000000,5,1,0.996952925,0.077994191,0.001331128,0.636301794,0.947440068,0.757952054,2,-0.174532925,0.763140,center_box,active
16,0.800000000,6,1,0.996952925,0.077994191,0.001331128,0.636301794,0.947440068,0.757952054,2,-0.174532925,0.763140,center_box,active
16,0.800000000,7,1,0.996952925,0.077994191,0.001331128,0.636301794,0.947440068,0.757952054,2,-0.174532925,0.763140,center_box,active
16,0.800000000,8,1,0.996952925,0.077994191,0.001331128,0.636301794,0.947440068,0.757952054,2,-0.174532925,0.763140,center_box,active
16,0.800000000,9,1,0.996952925,0.077994191,0.001331128,0.636301794,0.947440068,0.757952054,2,-0.174532925,0.763140,center_box,active
16,0.800000000,10,1,0.996952925,0.077994191,0.001331128,0.636301794,0.947440068,0.757952054,2,-0.174532925,0.763140,center_box,active
16,0.800000000,11,1,0.996952925,0.077994191,0.001331128,0.636301794,0.947440068,0.757952054,2,-0.174532925,0.763140,center_box,active
16,0.800000000,12,1,0.996952925,0.077994191,0.001331128,0.636301794,0.947440068,0.757952054,2,-0.174532925,0.763140,center_box,active
16,0.800000000,13,1,0.996952925,0.077994191,0.001331128,0.636301794,0.947440068,0.757952054,2,-0.174532925,0.763140,center_box,active
16,0.800000000,14,1,0.996952925,0.077994191,0.001331128,0.636301794,0.947440068,0.757952054,2,-0.174532925,0.763140,center_box,active
16,0.800000000,15,1,0.996952925,0.077994191,0.001331128,0.636301794,0.947440068,0.757952054,2,-0.174532925,0.763140,center_box,active
16,0.800000000,16,1,0.996952925,0.077994191,0.001331128,0.636301794,0.947440068,0.757952054,2,-0.174532925,0.763140,center_box,active
16,0.800000000,17,1,0.996952925,0.077994191,0.001331128,0.636301794,0.947440068,0.757952054,2,-0.174532925,0.763140,center_box,active
16,0.800000000,18,1,0.996952925,0.077994191,0.001331128,0.636301794,0.947440068,0.757952054,2,-0.174532925,0.763140,center_box,active
16,0.800000000,19,1,0.996952925,0.077994191,0.001331128,0.636301794,0.947440068,0.757952054,2,-0.174532925,0.763140,center_box,active
16,0.800000000,20,1,0.996952925,0.077994191,0.001331128,0.636301794,0.947440068,0.757952054,2,-0.174532925,0.763140,center_box,active
16,0.800000000,21,1,0.996952925,0.077994191,0.001331128,0.636301794,0.947440068,0.757952054,2,-0.174532925,0.763140,center_box,active
16,0.800000000,22,1,0.996952925,0.077994191,0.001331128,0.636301794,0.947440068,0.757952054,2,-0.174532925,0.763140,center_box,active
16,0.800000000,23,1,0.996952925,0.077994191,0.001331128,0.636301794,0.947440068,0.757952054,2,-0.174532925,0.763140,center_box,active
16,0.800000000,24,1,0.996952925,0.077994191,0.001331128,0.636301794,0.947440068,0.757952054,2,-0.174532925,0.763140,center_box,active
17,0.850000000,0,0,,,,,0.916540540,0.733232432,,0.000000000,0.770865,center_box,active
17,0.850000000,1,0,,,,,0.916540540,0.733232432,,0.000000000,0.770865,center_box,active
17,0.850000000,2,0,,,,,0.916540540,0.733232432,,0.000000000,0.770865,center_box,active
17,0.850000000,3,1,0.998940320,-0.043233901,-0.015781863,0.639599942,0.916540540,0.733232432,3,0.000000000,0.770865,center_box,active
17,0.850000000,4,1,0.998940320,-0.043233901,-0.015781863,0.639599942,0.916540540,0.733232432,3,0.000000000,0.770865,center_box,active
17,0.850000000,5,1,0.998940320,-0.043233901,-0.015781863,0.639599942,0.916540540,0.733232432,3,0.000000000,0.770865,center_box,active
17,0.850000000,6,1,0.998940320,-0.043233901,-0.015781863,0.639599942,0.916540540,0.733232432,3,0.000000000,0.770865,center_box,active
17,0.850000000,7,1,0.998940320,-0.043233901,-0.015781863,0.639599942,0.916540540,0.733232432,3,0.000000000,0.770865,center_box,active
17,0.850000000,8,1,0.998940320,-0.043233901,-0.015781863,0.639599942,0.916540540,0.733232432,3,0.000000000,0.770865,center_box,active
17,0.850000000,9,1,0.998940320,-0.043233901,-0.015781863,0.639599942,0.916540540,0.733232432,3,0.000000000,0.770865,center_box,active
17,0.850000000,10,1,0.998940320,-0.043233901,-0.015781863,0.639599942,0.916540540,0.733232432,3,0.000000000,0.770865,center_box,active
17,0.850000000,11,1,0.998940320,-0.043233901,-0.015781863,0.639599942,0.916540540,0.733232432,3,0.000000000,0.770865,center_box,active
17,0.850000000,12,1,0.998940320,-0.043233901,-0.015781863,0.639599942,0.916540540,0.733232432,3,0.000000000,0.770865,center_box,active
17,0.850000000,13,1,0.998940320,-0.043233901,-0.015781863,0.639599942,0.916540540,0.733232432,3,0.000000000,0.770865,center_box,active
17,0.850000000,14,1,0.998940320,-0.043233901,-0.015781863,0.639599942,0.916540540,0.733232432,3,0.000000000,0.770865,center_box,active
17,0.850000000,15,1,0.998940320,-0.043233901,-0.015781863,0.639599942,0.916540540,0.733232432,3,0.000000000,0.770865,center_box,active
17,0.850000000,16,1,0.998940320,-0.043233901,-0.015781863,0.639599942,0.916540540,0.733232432,3,0.000000000,0.770865,center_box,active
17,0.850000000,17,1,0.998940320,-0.043233901,-0.015781863,0.639599942,0.916540540,0.733232432,3,0.000000000,0.770865,center_box,active
17,0.850000000,18,1,0.998940320,-0.043233901,-0.015781863,0.639599942,0.916540540,0.733232432,3,0.000000000,0.770865,center_box,active
17,0.850000000,19,1,0.998940320,-0.043233901,-0.015781863,0.639599942,0.916540540,0.733232432,3,0.000000000,0.770865,center_box,active
17,0.850000000,20,1,0.998940320,-0.043233901,-0.015781863,0.639599942,0.916540540,0.733232432,3,0.000000000,0.770865,center_box,active
17,0.850000000,21,1,0.998940320,-0.043233901,-0.015781863,0.639599942,0.916540540,0.733232432,3,0.000000000,0.770865,center_box,active
17,0.850000000,22,1,0.998940320,-0.043233901,-0.015781863,0.639599942,0.916540540,0.733232432,3,0.000000000,0.770865,center_box,active
17,0.850000000,23,1,0.998940320,-0.043233901,-0.015781863,0.639599942,0.916540540,0.733232432,3,0.000000000,0.770865,center_box,active
17,0.850000000,24,1,0.998940320,-0.043233901,-0.015781863,0.639599942,0.916540540,0.733232432,3,0.000000000,0.770865,center_box,active
18,0.900000000,0,0,,,,,0.886523385,0.709218708,,0.000000000,0.778369,center_box,active
18,0.900000000,1,0,,,,,0.886523385,0.709218708,,0.000000000,0.778369,center_box,active
18,0.900000000,2,0,,,,,0.886523385,0.709218708,,0.000000000,0.778369,center_box,active
18,0.900000000,3,1,0.999801599,-0.001398546,0.019869751,0.703052347,0.886523385,0.709218708,3,0.000000000,0.778369,center_box,active
18,0.900000000,4,1,0.999801599,-0.001398546,0.019869751,0.703052347,0.886523385,0.709218708,3,0.000000000,0.778369,center_box,active
18,0.900000000,5,1,0.999801599,-0.001398546,0.019869751,0.703052347,0.886523385,0.709218708,3,0.000000000,0.778369,center_box,active
18,0.900000000,6,1,0.999801599,-0.001398546,0.019869751,0.703052347,0.886523385,0.709218708,3,0.000000000,0.778369,center_box,active
18,0.900000000,7,1,0.999801599,-0.001398546,0.019869751,0.703052347,0.886523385,0.709218708,3,0.000000000,0.778369,center_box,active
18,0.900000000,8,1,0.999801599,-0.001398546,0.019869751,0.703052347,0.886523385,0.709218708,3,0.000000000,0.778369,center_box,active
18,0.900000000,9,1,0.999801599,-0.001398546,0.019869751,0.703052347,0.886523385,0.709218708,3,0.000000000,0.778369,center_box,active
18,0.900000000,10,1,0.999801599,-0.001398546,0.019869751,0.703052347,0.886523385,0.709218708,3,0.000000000,0.778369,center_box,active
18,0.900000000,11,1,0.999801599,-0.001398546,0.019869751,0.703052347,0.886523385,0.709218708,3,0.000000000,0.778369,center_box,active
18,0.900000000,12,1,0.999801599,-0.001398546,0.019869751,0.703052347,0.886523385,0.709218708,3,0.000000000,0.778369,center_box,active
18,0.900000000,13,1,0.999801599,-0.001398546,0.019869751,0.703052347,0.886523385,0.709218708,3,0.000000000,0.778369,center_box,active
18,0.900000000,14,1,0.999801599,-0.001398546,0.019869751,0.703052347,0.886523385,0.709218708,3,0.000000000,0.778369,center_box,active
18,0.900000000,15,1,0.999801599,-0.001398546,0.019869751,0.703052347,0.886523385,0.709218708,3,0.000000000,0.778369,center_box,active
18,0.900000000,16,1,0.999801599,-0.001398546,0.019869751,0.703052347,0.886523385,0.709218708,3,0.000000000,0.778369,center_box,active
18,0.900000000,17,1,0.999801599,-0.001398546,0.019869751,0.703052347,0.886523385,0.709218708,3,0.000000000,0.778369,center_box,active
18,0.900000000,18,1,0.999801599,-0.001398546,0.019869751,0.703052347,0.886523385,0.709218708,3,0.000000000,0.778369,center_box,active
18,0.900000000,19,1,0.999801599,-0.001398546,0.019869751,0.703052347,0.886523385,0.709218708,3,0.000000000,0.778369,center_box,active
18,0.900000000,20,1,0.999801599,-0.001398546,0.019869751,0.703052347,0.886523385,0.709218708,3,0.000000000,0.778369,center_box,active
18,0.900000000,21,1,0.999801599,-0.001398546,0.019869751,0.703052347,0.886523385,0.709218708,3,0.000000000,0.778369,center_box,active
18,0.900000000,22,1,0.999801599,-0.001398546,0.019869751,0.703052347,0.886523385,0.709218708,3,0.000000000,0.778369,center_box,active
18,0.900000000,23,1,0.999801599,-0.001398546,0.019869751,0.703052347,0.886523385,0.709218708,3,0.000000000,0.778369,center_box,active
18,0.900000000,24,1,0.999801599,-0.001398546,0.019869751,0.703052347,0.886523385,0.709218708,3,0.000000000,0.778369,center_box,active
19,0.950000000,0,0,,,,,0.863547489,0.690837991,,-0.174532925,0.784113,center_box,active
19,0.950000000,1,0,,,,,0.863547489,0.690837991,,-0.174532925,0.784113,center_box,active
19,0.950000000,2,0,,,,,0.863547489,0.690837991,,-0.174532925,0.784113,center_box,active
19,0.950000000,3,1,0.993078585,0.116245076,-0.016793014,0.679122222,0.863547489,0.690837991,2,-0.174532925,0.784113,center_box,active
19,0.950000000,4,1,0.993078585,0.116245076,-0.016793014,0.679122222,0.863547489,0.690837991,2,-0.174532925,0.784113,center_box,active
19,0.950000000,5,1,0.993078585,0.116245076,-0.016793014,0.679122222,0.863547489,0.690837991,2,-0.174532925,0.784113,center_box,active
19,0.950000000,6,1,0.993078585,0.116245076,-0.016793014,0.679122222,0.863547489,0.690837991,2,-0.174532925,0.784113,center_box,active
19,0.950000000,7,1,0.993078585,0.116245076,-0.016793014,0.679122222,0.863547489,0.690837991,2,-0.174532925,0.784113,center_box,active
19,0.950000000,8,1,0.993078585,0.116245076,-0.016793014,0.679122222,0.863547489,0.690837991,2,-0.174532925,0.784113,center_box,active
19,0.950000000,9,1,0.993078585,0.116245076,-0.016793014,0.679122222,0.863547489,0.690837991,2,-0.174532925,0.784113,center_box,active
19,0.950000000,10,1,0.993078585,0.116245076,-0.016793014,0.679122222,0.863547489,0.690837991,2,-0.174532925,0.784113,center_box,active
19,0.950000000,11,1,0.993078585,0.116245076,-0.016793014,0.679122222,0.863547489,0.690837991,2,-0.174532925,0.784113,center_box,active
19,0.950000000,12,1,0.993078585,0.116245076,-0.016793014,0.679122222,0.863547489,0.690837991,2,-0.174532925,0.784113,center_box,active
19,0.950000000,13,1,0.993078585,0.116245076,-0.016793014,0.679122222,0.863547489,0.690837991,2,-0.174532925,0.784113,center_box,active
19,0.950000000,14,1,0.993078585,0.116245076,-0.016793014,0.679122222,0.863547489,0.690837991,2,-0.174532925,0.784113,center_box,active
19,0.950000000,15,1,0.993078585,0.116245076,-0.016793014,0.679122222,0.863547489,0.690837991,2,-0.174532925,0.784113,center_box,active
19,0.950000000,16,1,0.993078585,0.116245076,-0.016793014,0.679122222,0.863547489,0.690837991,2,-0.174532925,0.784113,center_box,active
19,0.950000000,17,1,0.993078585,0.116245076,-0.016793014,0.679122222,0.863547489,0.690837991,2,-0.174532925,0.784113,center_box,active
19,0.950000000,18,1,0.993078585,0.116245076,-0.016793014,0.679122222,0.863547489,0.690837991,2,-0.174532925,0.784113,center_box,active
19,0.950000000,19,1,0.993078585,0.116245076,-0.016793014,0.679122222,0.863547489,0.690837991,2,-0.174532925,0.784113,center_box,active
19,0.950000000,20,1,0.993078585,0.116245076,-0.016793014,0.679122222,0.863547489,0.690837991,2,-0.174532925,0.784113,center_box,active
19,0.950000000,21,1,0.993078585,0.116245076,-0.016793014,0.679122222,0.863547489,0.690837991,2,-0.174532925,0.784113,center_box,active
19,0.950000000,22,1,0.993078585,0.116245076,-0.016793014,0.679122222,0.863547489,0.690837991,2,-0.174532925,0.784113,center_box,active
19,0.950000000,23,1,0.993078585,0.116245076,-0.016793014,0.679122222,0.863547489,0.690837991,2,-0.174532925,0.784113,center_box,active
19,0.950000000,24,1,0.993078585,0.116245076,-0.016793014,0.679122222,0.863547489,0.690837991,2,-0.174532925,0.784113,center_box,active
20,1.000000000,0,0,,,,,0.831355685,0.665084548,,-0.174532925,0.792161,center_box,active
20,1.000000000,1,0,,,,,0.831355685,0.665084548,,-0.174532925,0.792161,center_box,active
20,1.000000000,2,0,,,,,0.831355685,0.665084548,,-0.174532925,0.792161,center_box,active
20,1.000000000,3,1,0.997077118,0.066509228,-0.037599770,0.680817723,0.831355685,0.665084548,2,-0.174532925,0.792161,center_box,active
20,1.000000000,4,1,0.997077118,0.066509228,-0.037599770,0.680817723,0.831355685,0.665084548,2,-0.174532925,0.792161,center_box,active
20,1.000000000,5,1,0.997077118,0.066509228,-0.037599770,0.680817723,0.831355685,0.665084548,2,-0.174532925,0.792161,center_box,active
20,1.000000000,6,1,0.997077118,0.066509228,-0.037599770,0.680817723,0.831355685,0.665084548,2,-0.174532925,0.792161,center_box,active
20,1.000000000,7,1,0.997077118,0.066509228,-0.037599770,0.680817723,0.831355685,0.665084548,2,-0.174532925,0.792161,center_box,active
20,1.000000000,8,1,0.997077118,0.066509228,-0.037599770,0.680817723,0.831355685,0.665084548,2,-0.174532925,0.792161,center_box,active
20,1.000000000,9,1,0.997077118,0.066509228,-0.037599770,0.680817723,0.831355685,0.665084548,2,-0.174532925,0.792161,center_box,active
20,1.000000000,10,1,0.997077118,0.066509228,-0.037599770,0.680817723,0.831355685,0.665084548,2,-0.174532925,0.792161,center_box,active
20,1.000000000,11,1,0.997077118,0.066509228,-0.037599770,0.680817723,0.831355685,0.665084548,2,-0.174532925,0.792161,center_box,active
20,1.000000000,12,1,0.997077118,0.066509228,-0.037599770,0.680817723,0.831355685,0.665084548,2,-0.174532925,0.792161,center_box,active
20,1.000000000,13,1,0.997077118,0.066509228,-0.037599770,0.680817723,0.831355685,0.665084548,2,-0.174532925,0.792161,center_box,active
20,1.000000000,14,1,0.997077118,0.066509228,-0.037599770,0.680817723,0.831355685,0.665084548,2,-0.174532925,0.792161,center_box,active
20,1.000000000,15,1,0.997077118,0.066509228,-0.037599770,0.680817723,0.831355685,0.665084548,2,-0.174532925,0.792161,center_box,active
20,1.000000000,16,1,0.997077118,0.066509228,-0.037599770,0.680817723,0.831355685,0.665084548,2,-0.174532925,0.792161,center_box,active
20,1.000000000,17,1,0.997077118,0.066509228,-0.037599770,0.680817723,0.831355685,0.665084548,2,-0.174532925,0.792161,center_box,active
20,1.000000000,18,1,0.997077118,0.066509228,-0.037599770,0.680817723,0.831355685,0.665084548,2,-0.174532925,0.792161,center_box,active
20,1.000000000,19,1,0.997077118,0.066509228,-0.037599770,0.680817723,0.831355685,0.665084548,2,-0.174532925,0.792161,center_box,active
20,1.000000000,20,1,0.997077118,0.066509228,-0.037599770,0.680817723,0.831355685,0.665084548,2,-0.174532925,0.792161,center_box,active
20,1.000000000,21,1,0.997077118,0.066509228,-0.037599770,0.680817723,0.831355685,0.665084548,2,-0.174532925,0.792161,center_box,active
20,1.000000000,22,1,0.997077118,0.066509228,-0.037599770,0.680817723,0.831355685,0.665084548,2,-0.174532925,0.792161,center_box,active
20,1.000000000,23,1,0.997077118,0.066509228,-0.037599770,0.680817723,0.831355685,0.665084548,2,-0.174532925,0.792161,center_box,active
20,1.000000000,24,1,0.997077118,0.066509228,-0.037599770,0.680817723,0.831355685,0.665084548,2,-0.174532925,0.792161,center_box,active
21,1.050000000,0,0,,,,,0.805408928,0.644327143,,-0.174532925,0.798648,center_box,active
21,1.050000000,1,0,,,,,0.805408928,0.644327143,,-0.174532925,0.798648,center_box,active
21,1.050000000,2,0,,,,,0.805408928,0.644327143,,-0.174532925,0.798648,center_box,active
21,1.050000000,3,1,0.993096197,0.116425224,-0.014321673,0.725328395,0.805408928,0.644327143,2,-0.174532925,0.798648,center_box,active
21,1.050000000,4,1,0.993096197,0.116425224,-0.014321673,0.725328395,0.805408928,0.644327143,2,-0.174532925,0.798648,center_box,active
21,1.050000000,5,1,0.993096197,0.116425224,-0.014321673,0.725328395,0.805408928,0.644327143,2,-0.174532925,0.798648,center_box,active
21,1.050000000,6,1,0.993096197,0.116425224,-0.014321673,0.725328395,0.805408928,0.644327143,2,-0.174532925,0.798648,center_box,active
21,1.050000000,7,1,0.993096197,0.116425224,-0.014321673,0.725328395,0.805408928,0.644327143,2,-0.174532925,0.798648,center_box,active
21,1.050000000,8,1,0.993096197,0.116425224,-0.014321673,0.725328395,0.805408928,0.644327143,2,-0.174532925,0.798648,center_box,active
21,1.050000000,9,1,0.993096197,0.116425224,-0.014321673,0.725328395,0.805408928,0.644327143,2,-0.174532925,0.798648,center_box,active
21,1.050000000,10,1,0.993096197,0.116425224,-0.014321673,0.725328395,0.805408928,0.644327143,2,-0.174532925,0.798648,center_box,active
21,1.050000000,11,1,0.993096197,0.116425224,-0.014321673,0.725328395,0.805408928,0.644327143,2,-0.174532925,0.798648,center_box,active
21,1.050000000,12,1,0.993096197,0.116425224,-0.014321673,0.725328395,0.805408928,0.644327143,2,-0.174532925,0.798648,center_box,active
21,1.050000000,13,1,0.993096197,0.116425224,-0.014321673,0.725328395,0.805408928,0.644327143,2,-0.174532925,0.798648,center_box,active
21,1.050000000,14,1,0.993096197,0.116425224,-0.014321673,0.725328395,0.805408928,0.644327143,2,-0.174532925,0.798648,center_box,active
21,1.050000000,15,1,0.993096197,0.116425224,-0.014321673,0.725328395,0.805408928,0.644327143,2,-0.174532925,0.798648,center_box,active
21,1.050000000,16,1,0.993096197,0.116425224,-0.014321673,0.725328395,0.805408928,0.644327143,2,-0.174532925,0.798648,center_box,active
21,1.050000000,17,1,0.993096197,0.116425224,-0.014321673,0.725328395,0.805408928,0.644327143,2,-0.174532925,0.798648,center_box,active
21,1.050000000,18,1,0.993096197,0.116425224,-0.014321673,0.725328395,0.805408928,0.644327143,2,-0.174532925,0.798648,center_box,active
21,1.050000000,19,1,0.993096197,0.116425224,-0.014321673,0.725328395,0.805408928,0.644327143,2,-0.174532925,0.798648,center_box,active
21,1.050000000,20,1,0.993096197,0.116425224,-0.014321673,0.725328395,0.805408928,0.644327143,2,-0.174532925,0.798648,center_box,active
21,1.050000000,21,1,0.993096197,0.116425224,-0.014321673,0.725328395,0.805408928,0.644327143,2,-0.174532925,0.798648,center_box,active
21,1.050000000,22,1,0.993096197,0.116425224,-0.014321673,0.725328395,0.805408928,0.644327143,2,-0.174532925,0.798648,center_box,active
21,1.050000000,23,1,0.993096197,0.116425224,-0.014321673,0.725328395,0.805408928,0.644327143,2,-0.174532925,0.798648,center_box,active
21,1.050000000,24,1,0.993096197,0.116425224,-0.014321673,0.725328395,0.805408928,0.644327143,2,-0.174532925,0.798648,center_box,active
22,1.100000000,0,0,,,,,0.781019686,0.624815749,,-0.174532925,0.804745,center_box,active
22,1.100000000,1,0,,,,,0.781019686,0.624815749,,-0.174532925,0.804745,center_box,active
22,1.100000000,2,0,,,,,0.781019686,0.624815749,,-0.174532925,0.804745,center_box,active
22,1.100000000,3,1,0.987434526,0.158007723,0.002572149,0.762159707,0.781019686,0.624815749,2,-0.174532925,0.804745,center_box,active
22,1.100000000,4,1,0.987434526,0.158007723,0.002572149,0.762159707,0.781019686,0.624815749,2,-0.174532925,0.804745,center_box,active
22,1.100000000,5,1,0.987434526,0.158007723,0.002572149,0.762159707,0.781019686,0.624815749,2,-0.174532925,0.804745,center_box,active
22,1.100000000,6,1,0.987434526,0.158007723,0.002572149,0.762159707,0.781019686,0.624815749,2,-0.174532925,0.804745,center_box,active
22,1.100000000,7,1,0.987434526,0.158007723,0.002572149,0.762159707,0.781019686,0.624815749,2,-0.174532925,0.804745,center_box,active
22,1.100000000,8,1,0.987434526,0.158007723,0.002572149,0.762159707,0.781019686,0.624815749,2,-0.174532925,0.804745,center_box,active
22,1.100000000,9,1,0.987434526,0.158007723,0.002572149,0.762159707,0.781019686,0.624815749,2,-0.174532925,0.804745,center_box,active
22,1.100000000,10,1,0.987434526,0.158007723,0.002572149,0.762159707,0.781019686,0.624815749,2,-0.174532925,0.804745,center_box,active
22,1.100000000,11,1,0.987434526,0.158007723,0.002572149,0.762159707,0.781019686,0.624815749,2,-0.174532925,0.804745,center_box,active
22,1.100000000,12,1,0.987434526,0.158007723,0.002572149,0.762159707,0.781019686,0.624815749,2,-0.174532925,0.804745,center_box,active
22,1.100000000,13,1,0.987434526,0.158007723,0.002572149,0.762159707,0.781019686,0.624815749,2,-0.174532925,0.804745,center_box,active
22,1.100000000,14,1,0.987434526,0.158007723,0.002572149,0.762159707,0.781019686,0.624815749,2,-0.174532925,0.804745,center_box,active
22,1.100000000,15,1,0.987434526,0.158007723,0.002572149,0.762159707,0.781019686,0.624815749,2,-0.174532925,0.804745,center_box,active
22,1.100000000,16,1,0.987434526,0.158007723,0.002572149,0.762159707,0.781019686,0.624815749,2,-0.174532925,0.804745,center_box,active
22,1.100000000,17,1,0.987434526,0.158007723,0.002572149,0.762159707,0.781019686,0.624815749,2,-0.174532925,0.804745,center_box,active
22,1.100000000,18,1,0.987434526,0.158007723,0.002572149,0.762159707,0.781019686,0.624815749,2,-0.174532925,0.804745,center_box,active
22,1.100000000,19,1,0.987434526,0.158007723,0.002572149,0.762159707,0.781019686,0.624815749,2,-0.174532925,0.804745,center_box,active
22,1.100000000,20,1,0.987434526,0.158007723,0.002572149,0.762159707,0.781019686,0.624815749,2,-0.174532925,0.804745,center_box,active
22,1.100000000,21,1,0.987434526,0.158007723,0.002572149,0.762159707,0.781019686,0.624815749,2,-0.174532925,0.804745,center_box,active
22,1.100000000,22,1,0.987434526,0.158007723,0.002572149,0.762159707,0.781019686,0.624815749,2,-0.174532925,0.804745,center_box,active
22,1.100000000,23,1,0.987434526,0.158007723,0.002572149,0.762159707,0.781019686,0.624815749,2,-0.174532925,0.804745,center_box,active
22,1.100000000,24,1,0.987434526,0.158007723,0.002572149,0.762159707,0.781019686,0.624815749,2,-0.174532925,0.804745,center_box,active
23,1.150000000,0,0,,,,,0.747159759,0.597727807,,-0.174532925,0.813210,center_box,active
23,1.150000000,1,0,,,,,0.747159759,0.597727807,,-0.174532925,0.813210,center_box,active
23,1.150000000,2,0,,,,,0.747159759,0.597727807,,-0.174532925,0.813210,center_box,active
23,1.150000000,3,1,0.995753698,0.091577195,-0.009391003,0.778306365,0.747159759,0.597727807,2,-0.174532925,0.813210,center_box,active
23,1.150000000,4,1,0.995753698,0.091577195,-0.009391003,0.778306365,0.747159759,0.597727807,2,-0.174532925,0.813210,center_box,active
23,1.150000000,5,1,0.995753698,0.091577195,-0.009391003,0.778306365,0.747159759,0.597727807,2,-0.174532925,0.813210,center_box,active
23,1.150000000,6,1,0.995753698,0.091577195,-0.009391003,0.778306365,0.747159759,0.597727807,2,-0.174532925,0.813210,center_box,active
23,1.150000000,7,1,0.995753698,0.091577195,-0.009391003,0.778306365,0.747159759,0.597727807,2,-0.174532925,0.813210,center_box,active
23,1.150000000,8,1,0.995753698,0.091577195,-0.009391003,0.778306365,0.747159759,0.597727807,2,-0.174532925,0.813210,center_box,active
23,1.150000000,9,1,0.995753698,0.091577195,-0.009391003,0.778306365,0.747159759,0.597727807,2,-0.174532925,0.813210,center_box,active
23,1.150000000,10,1,0.995753698,0.091577195,-0.009391003,0.778306365,0.747159759,0.597727807,2,-0.174532925,0.813210,center_box,active
23,1.150000000,11,1,0.995753698,0.091577195,-0.009391003,0.778306365,0.747159759,0.597727807,2,-0.174532925,0.813210,center_box,active
23,1.150000000,12,1,0.995753698,0.091577195,-0.009391003,0.778306365,0.747159759,0.597727807,2,-0.174532925,0.813210,center_box,active
23,1.150000000,13,1,0.995753698,0.091577195,-0.009391003,0.778306365,0.747159759,0.597727807,2,-0.174532925,0.813210,center_box,active
23,1.150000000,14,1,0.995753698,0.091577195,-0.009391003,0.778306365,0.747159759,0.597727807,2,-0.174532925,0.813210,center_box,active
23,1.150000000,15,1,0.995753698,0.091577195,-0.009391003,0.778306365,0.747159759,0.597727807,2,-0.174532925,0.813210,center_box,active
23,1.150000000,16,1,0.995753698,0.091577195,-0.009391003,0.778306365,0.747159759,0.597727807,2,-0.174532925,0.813210,center_box,active
23,1.150000000,17,1,0.995753698,0.091577195,-0.009391003,0.778306365,0.747159759,0.597727807,2,-0.174532925,0.813210,center_box,active
23,1.150000000,18,1,0.995753698,0.091577195,-0.009391003,0.778306365,0.747159759,0.597727807,2,-0.174532925,0.813210,center_box,active
23,1.150000000,19,1,0.995753698,0.091577195,-0.009391003,0.778306365,0.747159759,0.597727807,2,-0.174532925,0.813210,center_box,active
23,1.150000000,20,1,0.995753698,0.091577195,-0.009391003,0.778306365,0.747159759,0.597727807,2,-0.174532925,0.813210,center_box,active
23,1.150000000,21,1,0.995753698,0.091577195,-0.009391003,0.778306365,0.747159759,0.597727807,2,-0.174532925,0.813210,center_box,active
23,1.150000000,22,1,0.995753698,0.091577195,-0.009391003,0.778306365,0.747159759,0.597727807,2,-0.174532925,0.813210,center_box,active
23,1.150000000,23,1,0.995753698,0.091577195,-0.009391003,0.778306365,0.747159759,0.597727807,2,-0.174532925,0.813210,center_box,active
23,1.150000000,24,1,0.995753698,0.091577195,-0.009391003,0.778306365,0.747159759,0.597727807,2,-0.174532925,0.813210,center_box,active
24,1.200000000,0,0,,,,,0.720064458,0.576051566,,-0.174532925,0.819984,center_box,active
24,1.200000000,1,0,,,,,0.720064458,0.576051566,,-0.174532925,0.819984,center_box,active
24,1.200000000,2,0,,,,,0.720064458,0.576051566,,-0.174532925,0.819984,center_box,active
24,1.200000000,3,1,0.996457827,0.010423268,-0.083445513,0.720562026,0.720064458,0.576051566,2,-0.174532925,0.819984,center_box,active
24,1.200000000,4,1,0.996457827,0.010423268,-0.083445513,0.720562026,0.720064458,0.576051566,2,-0.174532925,0.819984,center_box,active
24,1.200000000,5,1,0.996457827,0.010423268,-0.083445513,0.720562026,0.720064458,0.576051566,2,-0.174532925,0.819984,center_box,active
24,1.200000000,6,1,0.996457827,0.010423268,-0.083445513,0.720562026,0.720064458,0.576051566,2,-0.174532925,0.819984,center_box,active
24,1.200000000,7,1,0.996457827,0.010423268,-0.083445513,0.720562026,0.720064458,0.576051566,2,-0.174532925,0.819984,center_box,active
24,1.200000000,8,1,0.996457827,0.010423268,-0.083445513,0.720562026,0.720064458,0.576051566,2,-0.174532925,0.819984,center_box,active
24,1.200000000,9,1,0.996457827,0.010423268,-0.083445513,0.720562026,0.720064458,0.576051566,2,-0.174532925,0.819984,center_box,active
24,1.200000000,10,1,0.996457827,0.010423268,-0.083445513,0.720562026,0.720064458,0.576051566,2,-0.174532925,0.819984,center_box,active
24,1.200000000,11,1,0.996457827,0.010423268,-0.083445513,0.720562026,0.720064458,0.576051566,2,-0.174532925,0.819984,center_box,active
24,1.200000000,12,1,0.996457827,0.010423268,-0.083445513,0.720562026,0.720064458,0.576051566,2,-0.174532925,0.819984,center_box,active
24,1.200000000,13,1,0.996457827,0.010423268,-0.083445513,0.720562026,0.720064458,0.576051566,2,-0.174532925,0.819984,center_box,active
24,1.200000000,14,1,0.996457827,0.010423268,-0.083445513,0.720562026,0.720064458,0.576051566,2,-0.174532925,0.819984,center_box,active
24,1.200000000,15,1,0.996457827,0.010423268,-0.083445513,0.720562026,0.720064458,0.576051566,2,-0.174532925,0.819984,center_box,active
24,1.200000000,16,1,0.996457827,0.010423268,-0.083445513,0.720562026,0.720064458,0.576051566,2,-0.174532925,0.819984,center_box,active
24,1.200000000,17,1,0.996457827,0.010423268,-0.083445513,0.720562026,0.720064458,0.576051566,2,-0.174532925,0.819984,center_box,active
24,1.200000000,18,1,0.996457827,0.010423268,-0.083445513,0.720562026,0.720064458,0.576051566,2,-0.174532925,0.819984,center_box,active
24,1.200000000,19,1,0.996457827,0.010423268,-0.083445513,0.720562026,0.720064458,0.576051566,2,-0.174532925,0.819984,center_box,active
24,1.200000000,20,1,0.996457827,0.010423268,-0.083445513,0.720562026,0.720064458,0.576051566,2,-0.174532925,0.819984,center_box,active
24,1.200000000,21,1,0.996457827,0.010423268,-0.083445513,0.720562026,0.720064458,0.576051566,2,-0.174532925,0.819984,center_box,active
24,1.200000000,22,1,0.996457827,0.010423268,-0.083445513,0.720562026,0.720064458,0.576051566,2,-0.174532925,0.819984,center_box,active
24,1.200000000,23,1,0.996457827,0.010423268,-0.083445513,0.720562026,0.720064458,0.576051566,2,-0.174532925,0.819984,center_box,active
24,1.200000000,24,1,0.996457827,0.010423268,-0.083445513,0.720562026,0.720064458,0.576051566,2,-0.174532925,0.819984,center_box,active
25,1.250000000,0,0,,,,,0.699243518,0.559394814,,-0.174532925,0.825189,center_box,active
25,1.250000000,1,0,,,,,0.699243518,0.559394814,,-0.174532925,0.825189,center_box,active
25,1.250000000,2,0,,,,,0.699243518,0.559394814,,-0.174532925,0.825189,center_box,active
25,1.250000000,3,1,0.985961579,0.034668098,-0.163333669,0.648539726,0.699243518,0.559394814,2,-0.174532925,0.825189,center_box,active
25,1.250000000,4,1,0.985961579,0.034668098,-0.163333669,0.648539726,0.699243518,0.559394814,2,-0.174532925,0.825189,center_box,active
25,1.250000000,5,1,0.985961579,0.034668098,-0.163333669,0.648539726,0.699243518,0.559394814,2,-0.174532925,0.825189,center_box,active
25,1.250000000,6,1,0.985961579,0.034668098,-0.163333669,0.648539726,0.699243518,0.559394814,2,-0.174532925,0.825189,center_box,active
25,1.250000000,7,1,0.985961579,0.034668098,-0.163333669,0.648539726,0.699243518,0.559394814,2,-0.174532925,0.825189,center_box,active
25,1.250000000,8,1,0.985961579,0.034668098,-0.163333669,0.648539726,0.699243518,0.559394814,2,-0.174532925,0.825189,center_box,active
25,1.250000000,9,1,0.985961579,0.034668098,-0.163333669,0.648539726,0.699243518,0.559394814,2,-0.174532925,0.825189,center_box,active
25,1.250000000,10,1,0.985961579,0.034668098,-0.163333669,0.648539726,0.699243518,0.559394814,2,-0.174532925,0.825189,center_box,active
25,1.250000000,11,1,0.985961579,0.034668098,-0.163333669,0.648539726,0.699243518,0.559394814,2,-0.174532925,0.825189,center_box,active
25,1.250000000,12,1,0.985961579,0.034668098,-0.163333669,0.648539726,0.699243518,0.559394814,2,-0.174532925,0.825189,center_box,active
25,1.250000000,13,1,0.985961579,0.034668098,-0.163333669,0.648539726,0.699243518,0.559394814,2,-0.174532925,0.825189,center_box,active
25,1.250000000,14,1,0.985961579,0.034668098,-0.163333669,0.648539726,0.699243518,0.559394814,2,-0.174532925,0.825189,center_box,active
25,1.250000000,15,1,0.985961579,0.034668098,-0.163333669,0.648539726,0.699243518,0.559394814,2,-0.174532925,0.825189,center_box,active
25,1.250000000,16,1,0.985961579,0.034668098,-0.163333669,0.648539726,0.699243518,0.559394814,2,-0.174532925,0.825189,center_box,active
25,1.250000000,17,1,0.985961579,0.034668098,-0.163333669,0.648539726,0.699243518,0.559394814,2,-0.174532925,0.825189,center_box,active
25,1.250000000,18,1,0.985961579,0.034668098,-0.163333669,0.648539726,0.699243518,0.559394814,2,-0.174532925,0.825189,center_box,active
25,1.250000000,19,1,0.985961579,0.034668098,-0.163333669,0.648539726,0.699243518,0.559394814,2,-0.174532925,0.825189,center_box,active
25,1.250000000,20,1,0.985961579,0.034668098,-0.163333669,0.648539726,0.699243518,0.559394814,2,-0.174532925,0.825189,center_box,active
25,1.250000000,21,1,0.985961579,0.034668098,-0.163333669,0.648539726,0.699243518,0.559394814,2,-0.174532925,0.825189,center_box,active
25,1.250000000,22,1,0.985961579,0.034668098,-0.163333669,0.648539726,0.699243518,0.559394814,2,-0.174532925,0.825189,center_box,active
25,1.250000000,23,1,0.985961579,0.034668098,-0.163333669,0.648539726,0.699243518,0.559394814,2,-0.174532925,0.825189,center_box,active
25,1.250000000,24,1,0.985961579,0.034668098,-0.163333669,0.648539726,0.699243518,0.559394814,2,-0.174532925,0.825189,center_box,active
26,1.300000000,0,0,,,,,0.666345978,0.533076782,,0.000000000,0.833414,center_box,active
26,1.300000000,1,0,,,,,0.666345978,0.533076782,,0.000000000,0.833414,center_box,active
26,1.300000000,2,0,,,,,0.666345978,0.533076782,,0.000000000,0.833414,center_box,active
26,1.300000000,3,1,0.986577559,0.002692439,-0.163271159,0.674245431,0.666345978,0.533076782,3,0.000000000,0.833414,center_box,active
26,1.300000000,4,1,0.986577559,0.002692439,-0.163271159,0.674245431,0.666345978,0.533076782,3,0.000000000,0.833414,center_box,active
26,1.300000000,5,1,0.986577559,0.002692439,-0.163271159,0.674245431,0.666345978,0.533076782,3,0.000000000,0.833414,center_box,active
26,1.300000000,6,1,0.986577559,0.002692439,-0.163271159,0.674245431,0.666345978,0.533076782,3,0.000000000,0.833414,center_box,active
26,1.300000000,7,1,0.986577559,0.002692439,-0.163271159,0.674245431,0.666345978,0.533076782,3,0.000000000,0.833414,center_box,active
26,1.300000000,8,1,0.986577559,0.002692439,-0.163271159,0.674245431,0.666345978,0.533076782,3,0.000000000,0.833414,center_box,active
26,1.300000000,9,1,0.986577559,0.002692439,-0.163271159,0.674245431,0.666345978,0.533076782,3,0.000000000,0.833414,center_box,active
26,1.300000000,10,1,0.986577559,0.002692439,-0.163271159,0.674245431,0.666345978,0.533076782,3,0.000000000,0.833414,center_box,active
26,1.300000000,11,1,0.986577559,0.002692439,-0.163271159,0.674245431,0.666345978,0.533076782,3,0.000000000,0.833414,center_box,active
26,1.300000000,12,1,0.986577559,0.002692439,-0.163271159,0.674245431,0.666345978,0.533076782,3,0.000000000,0.833414,center_box,active
26,1.300000000,13,1,0.986577559,0.002692439,-0.163271159,0.674245431,0.666345978,0.533076782,3,0.000000000,0.833414,center_box,active
26,1.300000000,14,1,0.986577559,0.002692439,-0.163271159,0.674245431,0.666345978,0.533076782,3,0.000000000,0.833414,center_box,active
26,1.300000000,15,1,0.986577559,0.002692439,-0.163271159,0.674245431,0.666345978,0.533076782,3,0.000000000,0.833414,center_box,active
26,1.300000000,16,1,0.986577559,0.002692439,-0.163271159,0.674245431,0.666345978,0.533076782,3,0.000000000,0.833414,center_box,active
26,1.300000000,17,1,0.986577559,0.002692439,-0.163271159,0.674245431,0.666345978,0.533076782,3,0.000000000,0.833414,center_box,active
26,1.300000000,18,1,0.986577559,0.002692439,-0.163271159,0.674245431,0.666345978,0.533076782,3,0.000000000,0.833414,center_box,active
26,1.300000000,19,1,0.986577559,0.002692439,-0.163271159,0.674245431,0.666345978,0.533076782,3,0.000000000,0.833414,center_box,active
26,1.300000000,20,1,0.986577559,0.002692439,-0.163271159,0.674245431,0.666345978,0.533076782,3,0.000000000,0.833414,center_box,active
26,1.300000000,21,1,0.986577559,0.002692439,-0.163271159,0.674245431,0.666345978,0.533076782,3,0.000000000,0.833414,center_box,active
26,1.300000000,22,1,0.986577559,0.002692439,-0.163271159,0.674245431,0.666345978,0.533076782,3,0.000000000,0.833414,center_box,active
26,1.300000000,23,1,0.986577559,0.002692439,-0.163271159,0.674245431,0.666345978,0.533076782,3,0.000000000,0.833414,center_box,active
26,1.300000000,24,1,0.986577559,0.002692439,-0.163271159,0.674245431,0.666345978,0.533076782,3,0.000000000,0.833414,center_box,active
27,1.350000000,0,0,,,,,0.627963334,0.502370667,,0.174532925,0.843009,center_box,active
27,1.350000000,1,0,,,,,0.627963334,0.502370667,,0.174532925,0.843009,center_box,active
27,1.350000000,2,0,,,,,0.627963334,0.502370667,,0.174532925,0.843009,center_box,active
27,1.350000000,3,1,0.988768421,-0.042545951,-0.143271953,0.723456595,0.627963334,0.502370667,4,0.174532925,0.843009,center_box,active
27,1.350000000,4,1,0.988768421,-0.042545951,-0.143271953,0.723456595,0.627963334,0.502370667,4,0.174532925,0.843009,center_box,active
27,1.350000000,5,1,0.988768421,-0.042545951,-0.143271953,0.723456595,0.627963334,0.502370667,4,0.174532925,0.843009,center_box,active
27,1.350000000,6,1,0.988768421,-0.042545951,-0.143271953,0.723456595,0.627963334,0.502370667,4,0.174532925,0.843009,center_box,active
27,1.350000000,7,1,0.988768421,-0.042545951,-0.143271953,0.723456595,0.627963334,0.502370667,4,0.174532925,0.843009,center_box,active
27,1.350000000,8,1,0.988768421,-0.042545951,-0.143271953,0.723456595,0.627963334,0.502370667,4,0.174532925,0.843009,center_box,active
27,1.350000000,9,1,0.988768421,-0.042545951,-0.143271953,0.723456595,0.627963334,0.502370667,4,0.174532925,0.843009,center_box,active
27,1.350000000,10,1,0.988768421,-0.042545951,-0.143271953,0.723456595,0.627963334,0.502370667,4,0.174532925,0.843009,center_box,active
27,1.350000000,11,1,0.988768421,-0.042545951,-0.143271953,0.723456595,0.627963334,0.502370667,4,0.174532925,0.843009,center_box,active
27,1.350000000,12,1,0.988768421,-0.042545951,-0.143271953,0.723456595,0.627963334,0.502370667,4,0.174532925,0.843009,center_box,active
27,1.350000000,13,1,0.988768421,-0.042545951,-0.143271953,0.723456595,0.627963334,0.502370667,4,0.174532925,0.843009,center_box,active
27,1.350000000,14,1,0.988768421,-0.042545951,-0.143271953,0.723456595,0.627963334,0.502370667,4,0.174532925,0.843009,center_box,active
27,1.350000000,15,1,0.988768421,-0.042545951,-0.143271953,0.723456595,0.627963334,0.502370667,4,0.174532925,0.843009,center_box,active
27,1.350000000,16,1,0.988768421,-0.042545951,-0.143271953,0.723456595,0.627963334,0.502370667,4,0.174532925,0.843009,center_box,active
27,1.350000000,17,1,0.988768421,-0.042545951,-0.143271953,0.723456595,0.627963334,0.502370667,4,0.174532925,0.843009,center_box,active
27,1.350000000,18,1,0.988768421,-0.042545951,-0.143271953,0.723456595,0.627963334,0.502370667,4,0.174532925,0.843009,center_box,active
27,1.350000000,19,1,0.988768421,-0.042545951,-0.143271953,0.723456595,0.627963334,0.502370667,4,0.174532925,0.843009,center_box,active
27,1.350000000,20,1,0.988768421,-0.042545951,-0.143271953,0.723456595,0.627963334,0.502370667,4,0.174532925,0.843009,center_box,active
27,1.350000000,21,1,0.988768421,-0.042545951,-0.143271953,0.723456595,0.627963334,0.502370667,4,0.174532925,0.843009,center_box,active
27,1.350000000,22,1,0.988768421,-0.042545951,-0.143271953,0.723456595,0.627963334,0.502370667,4,0.174532925,0.843009,center_box,active
27,1.350000000,23,1,0.988768421,-0.042545951,-0.143271953,0.723456595,0.627963334,0.502370667,4,0.174532925,0.843009,center_box,active
27,1.350000000,24,1,0.988768421,-0.042545951,-0.143271953,0.723456595,0.627963334,0.502370667,4,0.174532925,0.843009,center_box,active
28,1.400000000,0,0,,,,,0.581988973,0.465591178,,0.174532925,0.854503,center_box,active
28,1.400000000,1,0,,,,,0.581988973,0.465591178,,0.174532925,0.854503,center_box,active
28,1.400000000,2,0,,,,,0.581988973,0.465591178,,0.174532925,0.854503,center_box,active
28,1.400000000,3,1,0.998368500,-0.044420043,-0.035877547,0.880068405,0.581988973,0.465591178,4,0.174532925,0.854503,center_box,active
28,1.400000000,4,1,0.998368500,-0.044420043,-0.035877547,0.880068405,0.581988973,0.465591178,4,0.174532925,0.854503,center_box,active
28,1.400000000,5,1,0.998368500,-0.044420043,-0.035877547,0.880068405,0.581988973,0.465591178,4,0.174532925,0.854503,center_box,active
28,1.400000000,6,1,0.998368500,-0.044420043,-0.035877547,0.880068405,0.581988973,0.465591178,4,0.174532925,0.854503,center_box,active
28,1.400000000,7,1,0.998368500,-0.044420043,-0.035877547,0.880068405,0.581988973,0.465591178,4,0.174532925,0.854503,center_box,active
28,1.400000000,8,1,0.998368500,-0.044420043,-0.035877547,0.880068405,0.581988973,0.465591178,4,0.174532925,0.854503,center_box,active
28,1.400000000,9,1,0.998368500,-0.044420043,-0.035877547,0.880068405,0.581988973,0.465591178,4,0.174532925,0.854503,center_box,active
28,1.400000000,10,1,0.998368500,-0.044420043,-0.035877547,0.880068405,0.581988973,0.465591178,4,0.174532925,0.854503,center_box,active
28,1.400000000,11,1,0.998368500,-0.044420043,-0.035877547,0.880068405,0.581988973,0.465591178,4,0.174532925,0.854503,center_box,active
28,1.400000000,12,1,0.998368500,-0.044420043,-0.035877547,0.880068405,0.581988973,0.465591178,4,0.174532925,0.854503,center_box,active
28,1.400000000,13,1,0.998368500,-0.044420043,-0.035877547,0.880068405,0.581988973,0.465591178,4,0.174532925,0.854503,center_box,active
28,1.400000000,14,1,0.998368500,-0.044420043,-0.035877547,0.880068405,0.581988973,0.465591178,4,0.174532925,0.854503,center_box,active
28,1.400000000,15,1,0.998368500,-0.044420043,-0.035877547,0.880068405,0.581988973,0.465591178,4,0.174532925,0.854503,center_box,active
28,1.400000000,16,1,0.998368500,-0.044420043,-0.035877547,0.880068405,0.581988973,0.465591178,4,0.174532925,0.854503,center_box,active
28,1.400000000,17,1,0.998368500,-0.044420043,-0.035877547,0.880068405,0.581988973,0.465591178,4,0.174532925,0.854503,center_box,active
28,1.400000000,18,1,0.998368500,-0.044420043,-0.035877547,0.880068405,0.581988973,0.465591178,4,0.174532925,0.854503,center_box,active
28,1.400000000,19,1,0.998368500,-0.044420043,-0.035877547,0.880068405,0.581988973,0.465591178,4,0.174532925,0.854503,center_box,active
28,1.400000000,20,1,0.998368500,-0.044420043,-0.035877547,0.880068405,0.581988973,0.465591178,4,0.174532925,0.854503,center_box,active
28,1.400000000,21,1,0.998368500,-0.044420043,-0.035877547,0.880068405,0.581988973,0.465591178,4,0.174532925,0.854503,center_box,active
28,1.400000000,22,1,0.998368500,-0.044420043,-0.035877547,0.880068405,0.581988973,0.465591178,4,0.174532925,0.854503,center_box,active
28,1.400000000,23,1,0.998368500,-0.044420043,-0.035877547,0.880068405,0.581988973,0.465591178,4,0.174532925,0.854503,center_box,active
28,1.400000000,24,1,0.998368500,-0.044420043,-0.035877547,0.880068405,0.581988973,0.465591178,4,0.174532925,0.854503,center_box,active
29,1.450000000,0,0,,,,,0.544721177,0.435776942,,0.000000000,0.863820,center_box,active
29,1.450000000,1,0,,,,,0.544721177,0.435776942,,0.000000000,0.863820,center_box,active
29,1.450000000,2,0,,,,,0.544721177,0.435776942,,0.000000000,0.863820,center_box,active
29,1.450000000,3,1,0.992467233,0.009917504,0.122108287,1.090392916,0.544721177,0.435776942,3,0.000000000,0.863820,center_box,active
29,1.450000000,4,1,0.992467233,0.009917504,0.122108287,1.090392916,0.544721177,0.435776942,3,0.000000000,0.863820,center_box,active
29,1.450000000,5,1,0.992467233,0.009917504,0.122108287,1.090392916,0.544721177,0.435776942,3,0.000000000,0.863820,center_box,active
29,1.450000000,6,1,0.992467233,0.009917504,0.122108287,1.090392916,0.544721177,0.435776942,3,0.000000000,0.863820,center_box,active
29,1.450000000,7,1,0.992467233,0.009917504,0.122108287,1.090392916,0.544721177,0.435776942,3,0.000000000,0.863820,center_box,active
29,1.450000000,8,1,0.992467233,0.009917504,0.122108287,1.090392916,0.544721177,0.435776942,3,0.000000000,0.863820,center_box,active
29,1.450000000,9,1,0.992467233,0.009917504,0.122108287,1.090392916,0.544721177,0.435776942,3,0.000000000,0.863820,center_box,active
29,1.450000000,10,1,0.992467233,0.009917504,0.122108287,1.090392916,0.544721177,0.435776942,3,0.000000000,0.863820,center_box,active
29,1.450000000,11,1,0.992467233,0.009917504,0.122108287,1.090392916,0.544721177,0.435776942,3,0.000000000,0.863820,center_box,active
29,1.450000000,12,1,0.992467233,0.009917504,0.122108287,1.090392916,0.544721177,0.435776942,3,0.000000000,0.863820,center_box,active
29,1.450000000,13,1,0.992467233,0.009917504,0.122108287,1.090392916,0.544721177,0.435776942,3,0.000000000,0.863820,center_box,active
29,1.450000000,14,1,0.992467233,0.009917504,0.122108287,1.090392916,0.544721177,0.435776942,3,0.000000000,0.863820,center_box,active
29,1.450000000,15,1,0.992467233,0.009917504,0.122108287,1.090392916,0.544721177,0.435776942,3,0.000000000,0.863820,center_box,active
29,1.450000000,16,1,0.992467233,0.009917504,0.122108287,1.090392916,0.544721177,0.435776942,3,0.000000000,0.863820,center_box,active
29,1.450000000,17,1,0.992467233,0.009917504,0.122108287,1.090392916,0.544721177,0.435776942,3,0.000000000,0.863820,center_box,active
29,1.450000000,18,1,0.992467233,0.009917504,0.122108287,1.090392916,0.544721177,0.435776942,3,0.000000000,0.863820,center_box,active
29,1.450000000,19,1,0.992467233,0.009917504,0.122108287,1.090392916,0.544721177,0.435776942,3,0.000000000,0.863820,center_box,active
29,1.450000000,20,1,0.992467233,0.009917504,0.122108287,1.090392916,0.544721177,0.435776942,3,0.000000000,0.863820,center_box,active
29,1.450000000,21,1,0.992467233,0.009917504,0.122108287,1.090392916,0.544721177,0.435776942,3,0.000000000,0.863820,center_box,active
29,1.450000000,22,1,0.992467233,0.009917504,0.122108287,1.090392916,0.544721177,0.435776942,3,0.000000000,0.863820,center_box,active
29,1.450000000,23,1,0.992467233,0.009917504,0.122108287,1.090392916,0.544721177,0.435776942,3,0.000000000,0.863820,center_box,active
29,1.450000000,24,1,0.992467233,0.009917504,0.122108287,1.090392916,0.544721177,0.435776942,3,0.000000000,0.863820,center_box,active
30,1.500000000,0,0,,,,,0.508431972,0.406745578,,0.000000000,0.872892,center_box,active
30,1.500000000,1,0,,,,,0.508431972,0.406745578,,0.000000000,0.872892,center_box,active
30,1.500000000,2,0,,,,,0.508431972,0.406745578,,0.000000000,0.872892,center_box,active
30,1.500000000,3,1,0.988559355,-0.054003100,0.140833469,1.132593615,0.508431972,0.406745578,3,0.000000000,0.872892,center_box,active
30,1.500000000,4,1,0.988559355,-0.054003100,0.140833469,1.132593615,0.508431972,0.406745578,3,0.000000000,0.872892,center_box,active
30,1.500000000,5,1,0.988559355,-0.054003100,0.140833469,1.132593615,0.508431972,0.406745578,3,0.000000000,0.872892,center_box,active
30,1.500000000,6,1,0.988559355,-0.054003100,0.140833469,1.132593615,0.508431972,0.406745578,3,0.000000000,0.872892,center_box,active
30,1.500000000,7,1,0.988559355,-0.054003100,0.140833469,1.132593615,0.508431972,0.406745578,3,0.000000000,0.872892,center_box,active
30,1.500000000,8,1,0.988559355,-0.054003100,0.140833469,1.132593615,0.508431972,0.406745578,3,0.000000000,0.872892,center_box,active
30,1.500000000,9,1,0.988559355,-0.054003100,0.140833469,1.132593615,0.508431972,0.406745578,3,0.000000000,0.872892,center_box,active
30,1.500000000,10,1,0.988559355,-0.054003100,0.140833469,1.132593615,0.508431972,0.406745578,3,0.000000000,0.872892,center_box,active
30,1.500000000,11,1,0.988559355,-0.054003100,0.140833469,1.132593615,0.508431972,0.406745578,3,0.000000000,0.872892,center_box,active
30,1.500000000,12,1,0.988559355,-0.054003100,0.140833469,1.132593615,0.508431972,0.406745578,3,0.000000000,0.872892,center_box,active
30,1.500000000,13,1,0.988559355,-0.054003100,0.140833469,1.132593615,0.508431972,0.406745578,3,0.000000000,0.872892,center_box,active
30,1.500000000,14,1,0.988559355,-0.054003100,0.140833469,1.132593615,0.508431972,0.406745578,3,0.000000000,0.872892,center_box,active
30,1.500000000,15,1,0.988559355,-0.054003100,0.140833469,1.132593615,0.508431972,0.406745578,3,0.000000000,0.872892,center_box,active
30,1.500000000,16,1,0.988559355,-0.054003100,0.140833469,1.132593615,0.508431972,0.406745578,3,0.000000000,0.872892,center_box,active
30,1.500000000,17,1,0.988559355,-0.054003100,0.140833469,1.132593615,0.508431972,0.406745578,3,0.000000000,0.872892,center_box,active
30,1.500000000,18,1,0.988559355,-0.054003100,0.140833469,1.132593615,0.508431972,0.406745578,3,0.000000000,0.872892,center_box,active
30,1.500000000,19,1,0.988559355,-0.054003100,0.140833469,1.132593615,0.508431972,0.406745578,3,0.000000000,0.872892,center_box,active
30,1.500000000,20,1,0.988559355,-0.054003100,0.140833469,1.132593615,0.508431972,0.406745578,3,0.000000000,0.872892,center_box,active
30,1.500000000,21,1,0.988559355,-0.054003100,0.140833469,1.132593615,0.508431972,0.406745578,3,0.000000000,0.872892,center_box,active
30,1.500000000,22,1,0.988559355,-0.054003100,0.140833469,1.132593615,0.508431972,0.406745578,3,0.000000000,0.872892,center_box,active
30,1.500000000,23,1,0.988559355,-0.054003100,0.140833469,1.132593615,0.508431972,0.406745578,3,0.000000000,0.872892,center_box,active
30,1.500000000,24,1,0.988559355,-0.054003100,0.140833469,1.132593615,0.508431972,0.406745578,3,0.000000000,0.872892,center_box,active
31,1.550000000,0,0,,,,,0.471727735,0.377382188,,0.000000000,0.882068,center_box,active
31,1.550000000,1,0,,,,,0.471727735,0.377382188,,0.000000000,0.882068,center_box,active
31,1.550000000,2,0,,,,,0.471727735,0.377382188,,0.000000000,0.882068,center_box,active
31,1.550000000,3,1,0.992557228,-0.001345673,0.121771668,1.146607582,0.471727735,0.377382188,3,0.000000000,0.882068,center_box,active
31,1.550000000,4,1,0.992557228,-0.001345673,0.121771668,1.146607582,0.471727735,0.377382188,3,0.000000000,0.882068,center_box,active
31,1.550000000,5,1,0.992557228,-0.001345673,0.121771668,1.146607582,0.471727735,0.377382188,3,0.000000000,0.882068,center_box,active
31,1.550000000,6,1,0.992557228,-0.001345673,0.121771668,1.146607582,0.471727735,0.377382188,3,0.000000000,0.882068,center_box,active
31,1.550000000,7,1,0.992557228,-0.001345673,0.121771668,1.146607582,0.471727735,0.377382188,3,0.000000000,0.882068,center_box,active
31,1.550000000,8,1,0.992557228,-0.001345673,0.121771668,1.146607582,0.471727735,0.377382188,3,0.000000000,0.882068,center_box,active
31,1.550000000,9,1,0.992557228,-0.001345673,0.121771668,1.146607582,0.471727735,0.377382188,3,0.000000000,0.882068,center_box,active
31,1.550000000,10,1,0.992557228,-0.001345673,0.121771668,1.146607582,0.471727735,0.377382188,3,0.000000000,0.882068,center_box,active
31,1.550000000,11,1,0.992557228,-0.001345673,0.121771668,1.146607582,0.471727735,0.377382188,3,0.000000000,0.882068,center_box,active
31,1.550000000,12,1,0.992557228,-0.001345673,0.121771668,1.146607582,0.471727735,0.377382188,3,0.000000000,0.882068,center_box,active
31,1.550000000,13,1,0.992557228,-0.001345673,0.121771668,1.146607582,0.471727735,0.377382188,3,0.000000000,0.882068,center_box,active
31,1.550000000,14,1,0.992557228,-0.001345673,0.121771668,1.146607582,0.471727735,0.377382188,3,0.000000000,0.882068,center_box,active
31,1.550000000,15,1,0.992557228,-0.001345673,0.121771668,1.146607582,0.471727735,0.377382188,3,0.000000000,0.882068,center_box,active
31,1.550000000,16,1,0.992557228,-0.001345673,0.121771668,1.146607582,0.471727735,0.377382188,3,0.000000000,0.882068,center_box,active
31,1.550000000,17,1,0.992557228,-0.001345673,0.121771668,1.146607582,0.471727735,0.377382188,3,0.000000000,0.882068,center_box,active
31,1.550000000,18,1,0.992557228,-0.001345673,0.121771668,1.146607582,0.471727735,0.377382188,3,0.000000000,0.882068,center_box,active
31,1.550000000,19,1,0.992557228,-0.001345673,0.121771668,1.146607582,0.471727735,0.377382188,3,0.000000000,0.882068,center_box,active
31,1.550000000,20,1,0.992557228,-0.001345673,0.121771668,1.146607582,0.471727735,0.377382188,3,0.000000000,0.882068,center_box,active
31,1.550000000,21,1,0.992557228,-0.001345673,0.121771668,1.146607582,0.471727735,0.377382188,3,0.000000000,0.882068,center_box,active
31,1.550000000,22,1,0.992557228,-0.001345673,0.121771668,1.146607582,0.471727735,0.377382188,3,0.000000000,0.882068,center_box,active
31,1.550000000,23,1,0.992557228,-0.001345673,0.121771668,1.146607582,0.471727735,0.377382188,3,0.000000000,0.882068,center_box,active
31,1.550000000,24,1,0.992557228,-0.001345673,0.121771668,1.146607582,0.471727735,0.377382188,3,0.000000000,0.882068,center_box,active
32,1.600000000,0,0,,,,,0.437684933,0.350147947,,0.000000000,0.890579,center_box,active
32,1.600000000,1,0,,,,,0.437684933,0.350147947,,0.000000000,0.890579,center_box,active
32,1.600000000,2,0,,,,,0.437684933,0.350147947,,0.000000000,0.890579,center_box,active
32,1.600000000,3,1,0.998069503,0.055053984,0.028745875,1.075330313,0.437684933,0.350147947,3,0.000000000,0.890579,center_box,active
32,1.600000000,4,1,0.998069503,0.055053984,0.028745875,1.075330313,0.437684933,0.350147947,3,0.000000000,0.890579,center_box,active
32,1.600000000,5,1,0.998069503,0.055053984,0.028745875,1.075330313,0.437684933,0.350147947,3,0.000000000,0.890579,center_box,active
32,1.600000000,6,1,0.998069503,0.055053984,0.028745875,1.075330313,0.437684933,0.350147947,3,0.000000000,0.890579,center_box,active
32,1.600000000,7,1,0.998069503,0.055053984,0.028745875,1.075330313,0.437684933,0.350147947,3,0.000000000,0.890579,center_box,active
32,1.600000000,8,1,0.998069503,0.055053984,0.028745875,1.075330313,0.437684933,0.350147947,3,0.000000000,0.890579,center_box,active
32,1.600000000,9,1,0.998069503,0.055053984,0.028745875,1.075330313,0.437684933,0.350147947,3,0.000000000,0.890579,center_box,active
32,1.600000000,10,1,0.998069503,0.055053984,0.028745875,1.075330313,0.437684933,0.350147947,3,0.000000000,0.890579,center_box,active
32,1.600000000,11,1,0.998069503,0.055053984,0.028745875,1.075330313,0.437684933,0.350147947,3,0.000000000,0.890579,center_box,active
32,1.600000000,12,1,0.998069503,0.055053984,0.028745875,1.075330313,0.437684933,0.350147947,3,0.000000000,0.890579,center_box,active
32,1.600000000,13,1,0.998069503,0.055053984,0.028745875,1.075330313,0.437684933,0.350147947,3,0.000000000,0.890579,center_box,active
32,1.600000000,14,1,0.998069503,0.055053984,0.028745875,1.075330313,0.437684933,0.350147947,3,0.000000000,0.890579,center_box,active
32,1.600000000,15,1,0.998069503,0.055053984,0.028745875,1.075330313,0.437684933,0.350147947,3,0.000000000,0.890579,center_box,active
32,1.600000000,16,1,0.998069503,0.055053984,0.028745875,1.075330313,0.437684933,0.350147947,3,0.000000000,0.890579,center_box,active
32,1.600000000,17,1,0.998069503,0.055053984,0.028745875,1.075330313,0.437684933,0.350147947,3,0.000000000,0.890579,center_box,active
32,1.600000000,18,1,0.998069503,0.055053984,0.028745875,1.075330313,0.437684933,0.350147947,3,0.000000000,0.890579,center_box,active
32,1.600000000,19,1,0.998069503,0.055053984,0.028745875,1.075330313,0.437684933,0.350147947,3,0.000000000,0.890579,center_box,active
32,1.600000000,20,1,0.998069503,0.055053984,0.028745875,1.075330313,0.437684933,0.350147947,3,0.000000000,0.890579,center_box,active
32,1.600000000,21,1,0.998069503,0.055053984,0.028745875,1.075330313,0.437684933,0.350147947,3,0.000000000,0.890579,center_box,active
32,1.600000000,22,1,0.998069503,0.055053984,0.028745875,1.075330313,0.437684933,0.350147947,3,0.000000000,0.890579,center_box,active
32,1.600000000,23,1,0.998069503,0.055053984,0.028745875,1.075330313,0.437684933,0.350147947,3,0.000000000,0.890579,center_box,active
32,1.600000000,24,1,0.998069503,0.055053984,0.028745875,1.075330313,0.437684933,0.350147947,3,0.000000000,0.890579,center_box,active
33,1.650000000,0,0,,,,,0.407347118,0.325877694,,0.000000000,0.898163,center_box,active
33,1.650000000,1,0,,,,,0.407347118,0.325877694,,0.000000000,0.898163,center_box,active
33,1.650000000,2,0,,,,,0.407347118,0.325877694,,0.000000000,0.898163,center_box,active
33,1.650000000,3,1,0.997431347,0.010974539,-0.070783242,0.983386771,0.407347118,0.325877694,3,0.000000000,0.898163,center_box,active
33,1.650000000,4,1,0.997431347,0.010974539,-0.070783242,0.983386771,0.407347118,0.325877694,3,0.000000000,0.898163,center_box,active
33,1.650000000,5,1,0.997431347,0.010974539,-0.070783242,0.983386771,0.407347118,0.325877694,3,0.000000000,0.898163,center_box,active
33,1.650000000,6,1,0.997431347,0.010974539,-0.070783242,0.983386771,0.407347118,0.325877694,3,0.000000000,0.898163,center_box,active
33,1.650000000,7,1,0.997431347,0.010974539,-0.070783242,0.983386771,0.407347118,0.325877694,3,0.000000000,0.898163,center_box,active
33,1.650000000,8,1,0.997431347,0.010974539,-0.070783242,0.983386771,0.407347118,0.325877694,3,0.000000000,0.898163,center_box,active
33,1.650000000,9,1,0.997431347,0.010974539,-0.070783242,0.983386771,0.407347118,0.325877694,3,0.000000000,0.898163,center_box,active
33,1.650000000,10,1,0.997431347,0.010974539,-0.070783242,0.983386771,0.407347118,0.325877694,3,0.000000000,0.898163,center_box,active
33,1.650000000,11,1,0.997431347,0.010974539,-0.070783242,0.983386771,0.407347118,0.325877694,3,0.000000000,0.898163,center_box,active
33,1.650000000,12,1,0.997431347,0.010974539,-0.070783242,0.983386771,0.407347118,0.325877694,3,0.000000000,0.898163,center_box,active
33,1.650000000,13,1,0.997431347,0.010974539,-0.070783242,0.983386771,0.407347118,0.325877694,3,0.000000000,0.898163,center_box,active
33,1.650000000,14,1,0.997431347,0.010974539,-0.070783242,0.983386771,0.407347118,0.325877694,3,0.000000000,0.898163,center_box,active
33,1.650000000,15,1,0.997431347,0.010974539,-0.070783242,0.983386771,0.407347118,0.325877694,3,0.000000000,0.898163,center_box,active
33,1.650000000,16,1,0.997431347,0.010974539,-0.070783242,0.983386771,0.407347118,0.325877694,3,0.000000000,0.898163,center_box,active
33,1.650000000,17,1,0.997431347,0.010974539,-0.070783242,0.983386771,0.407347118,0.325877694,3,0.000000000,0.898163,center_box,active
33,1.650000000,18,1,0.997431347,0.010974539,-0.070783242,0.983386771,0.407347118,0.325877694,3,0.000000000,0.898163,center_box,active
33,1.650000000,19,1,0.997431347,0.010974539,-0.070783242,0.983386771,0.407347118,0.325877694,3,0.000000000,0.898163,center_box,active
33,1.650000000,20,1,0.997431347,0.010974539,-0.070783242,0.983386771,0.407347118,0.325877694,3,0.000000000,0.898163,center_box,active
33,1.650000000,21,1,0.997431347,0.010974539,-0.070783242,0.983386771,0.407347118,0.325877694,3,0.000000000,0.898163,center_box,active
33,1.650000000,22,1,0.997431347,0.010974539,-0.070783242,0.983386771,0.407347118,0.325877694,3,0.000000000,0.898163,center_box,active
33,1.650000000,23,1,0.997431347,0.010974539,-0.070783242,0.983386771,0.407347118,0.325877694,3,0.000000000,0.898163,center_box,active
33,1.650000000,24,1,0.997431347,0.010974539,-0.070783242,0.983386771,0.407347118,0.325877694,3,0.000000000,0.898163,center_box,active
34,1.700000000,0,0,,,,,0.376261499,0.301009200,,0.000000000,0.905935,center_box,active
34,1.700000000,1,0,,,,,0.376261499,0.301009200,,0.000000000,0.905935,center_box,active
34,1.700000000,2,0,,,,,0.376261499,0.301009200,,0.000000000,0.905935,center_box,active
34,1.700000000,3,1,0.994865262,-0.037977999,-0.093812485,0.978742246,0.376261499,0.301009200,3,0.000000000,0.905935,center_box,active
34,1.700000000,4,1,0.994865262,-0.037977999,-0.093812485,0.978742246,0.376261499,0.301009200,3,0.000000000,0.905935,center_box,active
34,1.700000000,5,1,0.994865262,-0.037977999,-0.093812485,0.978742246,0.376261499,0.301009200,3,0.000000000,0.905935,center_box,active
34,1.700000000,6,1,0.994865262,-0.037977999,-0.093812485,0.978742246,0.376261499,0.301009200,3,0.000000000,0.905935,center_box,active
34,1.700000000,7,1,0.994865262,-0.037977999,-0.093812485,0.978742246,0.376261499,0.301009200,3,0.000000000,0.905935,center_box,active
34,1.700000000,8,1,0.994865262,-0.037977999,-0.093812485,0.978742246,0.376261499,0.301009200,3,0.000000000,0.905935,center_box,active
34,1.700000000,9,1,0.994865262,-0.037977999,-0.093812485,0.978742246,0.376261499,0.301009200,3,0.000000000,0.905935,center_box,active
34,1.700000000,10,1,0.994865262,-0.037977999,-0.093812485,0.978742246,0.376261499,0.301009200,3,0.000000000,0.905935,center_box,active
34,1.700000000,11,1,0.994865262,-0.037977999,-0.093812485,0.978742246,0.376261499,0.301009200,3,0.000000000,0.905935,center_box,active
34,1.700000000,12,1,0.994865262,-0.037977999,-0.093812485,0.978742246,0.376261499,0.301009200,3,0.000000000,0.905935,center_box,active
34,1.700000000,13,1,0.994865262,-0.037977999,-0.093812485,0.978742246,0.376261499,0.301009200,3,0.000000000,0.905935,center_box,active
34,1.700000000,14,1,0.994865262,-0.037977999,-0.093812485,0.978742246,0.376261499,0.301009200,3,0.000000000,0.905935,center_box,active
34,1.700000000,15,1,0.994865262,-0.037977999,-0.093812485,0.978742246,0.376261499,0.301009200,3,0.000000000,0.905935,center_box,active
34,1.700000000,16,1,0.994865262,-0.037977999,-0.093812485,0.978742246,0.376261499,0.301009200,3,0.000000000,0.905935,center_box,active
34,1.700000000,17,1,0.994865262,-0.037977999,-0.093812485,0.978742246,0.376261499,0.301009200,3,0.000000000,0.905935,center_box,active
34,1.700000000,18,1,0.994865262,-0.037977999,-0.093812485,0.978742246,0.376261499,0.301009200,3,0.000000000,0.905935,center_box,active
34,1.700000000,19,1,0.994865262,-0.037977999,-0.093812485,0.978742246,0.376261499,0.301009200,3,0.000000000,0.905935,center_box,active
34,1.700000000,20,1,0.994865262,-0.037977999,-0.093812485,0.978742246,0.376261499,0.301009200,3,0.000000000,0.905935,center_box,active
34,1.700000000,21,1,0.994865262,-0.037977999,-0.093812485,0.978742246,0.376261499,0.301009200,3,0.000000000,0.905935,center_box,active
34,1.700000000,22,1,0.994865262,-0.037977999,-0.093812485,0.978742246,0.376261499,0.301009200,3,0.000000000,0.905935,center_box,active
34,1.700000000,23,1,0.994865262,-0.037977999,-0.093812485,0.978742246,0.376261499,0.301009200,3,0.000000000,0.905935,center_box,active
34,1.700000000,24,1,0.994865262,-0.037977999,-0.093812485,0.978742246,0.376261499,0.301009200,3,0.000000000,0.905935,center_box,active
35,1.750000000,0,0,,,,,0.340543855,0.272435084,,0.000000000,0.914864,center_box,active
35,1.750000000,1,0,,,,,0.340543855,0.272435084,,0.000000000,0.914864,center_box,active
35,1.750000000,2,0,,,,,0.340543855,0.272435084,,0.000000000,0.914864,center_box,active
35,1.750000000,3,1,0.999304905,0.001821843,-0.037234218,1.075020221,0.340543855,0.272435084,3,0.000000000,0.914864,center_box,active
35,1.750000000,4,1,0.999304905,0.001821843,-0.037234218,1.075020221,0.340543855,0.272435084,3,0.000000000,0.914864,center_box,active
35,1.750000000,5,1,0.999304905,0.001821843,-0.037234218,1.075020221,0.340543855,0.272435084,3,0.000000000,0.914864,center_box,active
35,1.750000000,6,1,0.999304905,0.001821843,-0.037234218,1.075020221,0.340543855,0.272435084,3,0.000000000,0.914864,center_box,active
35,1.750000000,7,1,0.999304905,0.001821843,-0.037234218,1.075020221,0.340543855,0.272435084,3,0.000000000,0.914864,center_box,active
35,1.750000000,8,1,0.999304905,0.001821843,-0.037234218,1.075020221,0.340543855,0.272435084,3,0.000000000,0.914864,center_box,active
35,1.750000000,9,1,0.999304905,0.001821843,-0.037234218,1.075020221,0.340543855,0.272435084,3,0.000000000,0.914864,center_box,active
35,1.750000000,10,1,0.999304905,0.001821843,-0.037234218,1.075020221,0.340543855,0.272435084,3,0.000000000,0.914864,center_box,active
35,1.750000000,11,1,0.999304905,0.001821843,-0.037234218,1.075020221,0.340543855,0.272435084,3,0.000000000,0.914864,center_box,active
35,1.750000000,12,1,0.999304905,0.001821843,-0.037234218,1.075020221,0.340543855,0.272435084,3,0.000000000,0.914864,center_box,active
35,1.750000000,13,1,0.999304905,0.001821843,-0.037234218,1.075020221,0.340543855,0.272435084,3,0.000000000,0.914864,center_box,active
35,1.750000000,14,1,0.999304905,0.001821843,-0.037234218,1.075020221,0.340543855,0.272435084,3,0.000000000,0.914864,center_box,active
35,1.750000000,15,1,0.999304905,0.001821843,-0.037234218,1.075020221,0.340543855,0.272435084,3,0.000000000,0.914864,center_box,active
35,1.750000000,16,1,0.999304905,0.001821843,-0.037234218,1.075020221,0.340543855,0.272435084,3,0.000000000,0.914864,center_box,active
35,1.750000000,17,1,0.999304905,0.001821843,-0.037234218,1.075020221,0.340543855,0.272435084,3,0.000000000,0.914864,center_box,active
35,1.750000000,18,1,0.999304905,0.001821843,-0.037234218,1.075020221,0.340543855,0.272435084,3,0.000000000,0.914864,center_box,active
35,1.750000000,19,1,0.999304905,0.001821843,-0.037234218,1.075020221,0.340543855,0.272435084,3,0.000000000,0.914864,center_box,active
35,1.750000000,20,1,0.999304905,0.001821843,-0.037234218,1.075020221,0.340543855,0.272435084,3,0.000000000,0.914864,center_box,active
35,1.750000000,21,1,0.999304905,0.001821843,-0.037234218,1.075020221,0.340543855,0.272435084,3,0.000000000,0.914864,center_box,active
35,1.750000000,22,1,0.999304905,0.001821843,-0.037234218,1.075020221,0.340543855,0.272435084,3,0.000000000,0.914864,center_box,active
35,1.750000000,23,1,0.999304905,0.001821843,-0.037234218,1.075020221,0.340543855,0.272435084,3,0.000000000,0.914864,center_box,active
35,1.750000000,24,1,0.999304905,0.001821843,-0.037234218,1.075020221,0.340543855,0.272435084,3,0.000000000,0.914864,center_box,active
36,1.800000000,0,0,,,,,0.305533809,0.244427047,,0.000000000,0.923617,center_box,active
36,1.800000000,1,0,,,,,0.305533809,0.244427047,,0.000000000,0.923617,center_box,active
36,1.800000000,2,0,,,,,0.305533809,0.244427047,,0.000000000,0.923617,center_box,active
36,1.800000000,3,1,0.999303839,0.036353744,0.008381112,1.153786110,0.305533809,0.244427047,3,0.000000000,0.923617,center_box,active
36,1.800000000,4,1,0.999303839,0.036353744,0.008381112,1.153786110,0.305533809,0.244427047,3,0.000000000,0.923617,center_box,active
36,1.800000000,5,1,0.999303839,0.036353744,0.008381112,1.153786110,0.305533809,0.244427047,3,0.000000000,0.923617,center_box,active
36,1.800000000,6,1,0.999303839,0.036353744,0.008381112,1.153786110,0.305533809,0.244427047,3,0.000000000,0.923617,center_box,active
36,1.800000000,7,1,0.999303839,0.036353744,0.008381112,1.153786110,0.305533809,0.244427047,3,0.000000000,0.923617,center_box,active
36,1.800000000,8,1,0.999303839,0.036353744,0.008381112,1.153786110,0.305533809,0.244427047,3,0.000000000,0.923617,center_box,active
36,1.800000000,9,1,0.999303839,0.036353744,0.008381112,1.153786110,0.305533809,0.244427047,3,0.000000000,0.923617,center_box,active
36,1.800000000,10,1,0.999303839,0.036353744,0.008381112,1.153786110,0.305533809,0.244427047,3,0.000000000,0.923617,center_box,active
36,1.800000000,11,1,0.999303839,0.036353744,0.008381112,1.153786110,0.305533809,0.244427047,3,0.000000000,0.923617,center_box,active
36,1.800000000,12,1,0.999303839,0.036353744,0.008381112,1.153786110,0.305533809,0.244427047,3,0.000000000,0.923617,center_box,active
36,1.800000000,13,1,0.999303839,0.036353744,0.008381112,1.153786110,0.305533809,0.244427047,3,0.000000000,0.923617,center_box,active
36,1.800000000,14,1,0.999303839,0.036353744,0.008381112,1.153786110,0.305533809,0.244427047,3,0.000000000,0.923617,center_box,active
36,1.800000000,15,1,0.999303839,0.036353744,0.008381112,1.153786110,0.305533809,0.244427047,3,0.000000000,0.923617,center_box,active
36,1.800000000,16,1,0.999303839,0.036353744,0.008381112,1.153786110,0.305533809,0.244427047,3,0.000000000,0.923617,center_box,active
36,1.800000000,17,1,0.999303839,0.036353744,0.008381112,1.153786110,0.305533809,0.244427047,3,0.000000000,0.923617,center_box,active
36,1.800000000,18,1,0.999303839,0.036353744,0.008381112,1.153786110,0.305533809,0.244427047,3,0.000000000,0.923617,center_box,active
36,1.800000000,19,1,0.999303839,0.036353744,0.008381112,1.153786110,0.305533809,0.244427047,3,0.000000000,0.923617,center_box,active
36,1.800000000,20,1,0.999303839,0.036353744,0.008381112,1.153786110,0.305533809,0.244427047,3,0.000000000,0.923617,center_box,active
36,1.800000000,21,1,0.999303839,0.036353744,0.008381112,1.153786110,0.305533809,0.244427047,3,0.000000000,0.923617,center_box,active
36,1.800000000,22,1,0.999303839,0.036353744,0.008381112,1.153786110,0.305533809,0.244427047,3,0.000000000,0.923617,center_box,active
36,1.800000000,23,1,0.999303839,0.036353744,0.008381112,1.153786110,0.305533809,0.244427047,3,0.000000000,0.923617,center_box,active
36,1.800000000,24,1,0.999303839,0.036353744,0.008381112,1.153786110,0.305533809,0.244427047,3,0.000000000,0.923617,center_box,active
37,1.850000000,0,0,,,,,0.273473934,0.218779147,,-0.174532925,0.931632,center_box,active
37,1.850000000,1,0,,,,,0.273473934,0.218779147,,-0.174532925,0.931632,center_box,active
37,1.850000000,2,0,,,,,0.273473934,0.218779147,,-0.174532925,0.931632,center_box,active
37,1.850000000,3,1,0.989624287,0.133797130,-0.052365042,1.097824502,0.273473934,0.218779147,2,-0.174532925,0.931632,center_box,active
37,1.850000000,4,1,0.989624287,0.133797130,-0.052365042,1.097824502,0.273473934,0.218779147,2,-0.174532925,0.931632,center_box,active
37,1.850000000,5,1,0.989624287,0.133797130,-0.052365042,1.097824502,0.273473934,0.218779147,2,-0.174532925,0.931632,center_box,active
37,1.850000000,6,1,0.989624287,0.133797130,-0.052365042,1.097824502,0.273473934,0.218779147,2,-0.174532925,0.931632,center_box,active
37,1.850000000,7,1,0.989624287,0.133797130,-0.052365042,1.097824502,0.273473934,0.218779147,2,-0.174532925,0.931632,center_box,active
37,1.850000000,8,1,0.989624287,0.133797130,-0.052365042,1.097824502,0.273473934,0.218779147,2,-0.174532925,0.931632,center_box,active
37,1.850000000,9,1,0.989624287,0.133797130,-0.052365042,1.097824502,0.273473934,0.218779147,2,-0.174532925,0.931632,center_box,active
37,1.850000000,10,1,0.989624287,0.133797130,-0.052365042,1.097824502,0.273473934,0.218779147,2,-0.174532925,0.931632,center_box,active
37,1.850000000,11,1,0.989624287,0.133797130,-0.052365042,1.097824502,0.273473934,0.218779147,2,-0.174532925,0.931632,center_box,active
37,1.850000000,12,1,0.989624287,0.133797130,-0.052365042,1.097824502,0.273473934,0.218779147,2,-0.174532925,0.931632,center_box,active
37,1.850000000,13,1,0.989624287,0.133797130,-0.052365042,1.097824502,0.273473934,0.218779147,2,-0.174532925,0.931632,center_box,active
37,1.850000000,14,1,0.989624287,0.133797130,-0.052365042,1.097824502,0.273473934,0.218779147,2,-0.174532925,0.931632,center_box,active
37,1.850000000,15,1,0.989624287,0.133797130,-0.052365042,1.097824502,0.273473934,0.218779147,2,-0.174532925,0.931632,center_box,active
37,1.850000000,16,1,0.989624287,0.133797130,-0.052365042,1.097824502,0.273473934,0.218779147,2,-0.174532925,0.931632,center_box,active
37,1.850000000,17,1,0.989624287,0.133797130,-0.052365042,1.097824502,0.273473934,0.218779147,2,-0.174532925,0.931632,center_box,active
37,1.850000000,18,1,0.989624287,0.133797130,-0.052365042,1.097824502,0.273473934,0.218779147,2,-0.174532925,0.931632,center_box,active
37,1.850000000,19,1,0.989624287,0.133797130,-0.052365042,1.097824502,0.273473934,0.218779147,2,-0.174532925,0.931632,center_box,active
37,1.850000000,20,1,0.989624287,0.133797130,-0.052365042,1.097824502,0.273473934,0.218779147,2,-0.174532925,0.931632,center_box,active
37,1.850000000,21,1,0.989624287,0.133797130,-0.052365042,1.097824502,0.273473934,0.218779147,2,-0.174532925,0.931632,center_box,active
37,1.850000000,22,1,0.989624287,0.133797130,-0.052365042,1.097824502,0.273473934,0.218779147,2,-0.174532925,0.931632,center_box,active
37,1.850000000,23,1,0.989624287,0.133797130,-0.052365042,1.097824502,0.273473934,0.218779147,2,-0.174532925,0.931632,center_box,active
37,1.850000000,24,1,0.989624287,0.133797130,-0.052365042,1.097824502,0.273473934,0.218779147,2,-0.174532925,0.931632,center_box,active
38,1.900000000,0,0,,,,,0.236946204,0.189556963,,-0.174532925,0.940763,center_box,active
38,1.900000000,1,0,,,,,0.236946204,0.189556963,,-0.174532925,0.940763,center_box,active
38,1.900000000,2,0,,,,,0.236946204,0.189556963,,-0.174532925,0.940763,center_box,active
38,1.900000000,3,1,0.994652371,0.066681065,-0.078868854,1.102367562,0.236946204,0.189556963,2,-0.174532925,0.940763,center_box,active
38,1.900000000,4,1,0.994652371,0.066681065,-0.078868854,1.102367562,0.236946204,0.189556963,2,-0.174532925,0.940763,center_box,active
38,1.900000000,5,1,0.994652371,0.066681065,-0.078868854,1.102367562,0.236946204,0.189556963,2,-0.174532925,0.940763,center_box,active
38,1.900000000,6,1,0.994652371,0.066681065,-0.078868854,1.102367562,0.236946204,0.189556963,2,-0.174532925,0.940763,center_box,active
38,1.900000000,7,1,0.994652371,0.066681065,-0.078868854,1.102367562,0.236946204,0.189556963,2,-0.174532925,0.940763,center_box,active
38,1.900000000,8,1,0.994652371,0.066681065,-0.078868854,1.102367562,0.236946204,0.189556963,2,-0.174532925,0.940763,center_box,active
38,1.900000000,9,1,0.994652371,0.066681065,-0.078868854,1.102367562,0.236946204,0.189556963,2,-0.174532925,0.940763,center_box,active
38,1.900000000,10,1,0.994652371,0.066681065,-0.078868854,1.102367562,0.236946204,0.189556963,2,-0.174532925,0.940763,center_box,active
38,1.900000000,11,1,0.994652371,0.066681065,-0.078868854,1.102367562,0.236946204,0.189556963,2,-0.174532925,0.940763,center_box,active
38,1.900000000,12,1,0.994652371,0.066681065,-0.078868854,1.102367562,0.236946204,0.189556963,2,-0.174532925,0.940763,center_box,active
38,1.900000000,13,1,0.994652371,0.066681065,-0.078868854,1.102367562,0.236946204,0.189556963,2,-0.174532925,0.940763,center_box,active
38,1.900000000,14,1,0.994652371,0.066681065,-0.078868854,1.102367562,0.236946204,0.189556963,2,-0.174532925,0.940763,center_box,active
38,1.900000000,15,1,0.994652371,0.066681065,-0.078868854,1.102367562,0.236946204,0.189556963,2,-0.174532925,0.940763,center_box,active
38,1.900000000,16,1,0.994652371,0.066681065,-0.078868854,1.102367562,0.236946204,0.189556963,2,-0.174532925,0.940763,center_box,active
38,1.900000000,17,1,0.994652371,0.066681065,-0.078868854,1.102367562,0.236946204,0.189556963,2,-0.174532925,0.940763,center_box,active
38,1.900000000,18,1,0.994652371,0.066681065,-0.078868854,1.102367562,0.236946204,0.189556963,2,-0.174532925,0.940763,center_box,active
38,1.900000000,19,1,0.994652371,0.066681065,-0.078868854,1.102367562,0.236946204,0.189556963,2,-0.174532925,0.940763,center_box,active
38,1.900000000,20,1,0.994652371,0.066681065,-0.078868854,1.102367562,0.236946204,0.189556963,2,-0.174532925,0.940763,center_box,active
38,1.900000000,21,1,0.994652371,0.066681065,-0.078868854,1.102367562,0.236946204,0.189556963,2,-0.174532925,0.940763,center_box,active
38,1.900000000,22,1,0.994652371,0.066681065,-0.078868854,1.102367562,0.236946204,0.189556963,2,-0.174532925,0.940763,center_box,active
38,1.900000000,23,1,0.994652371,0.066681065,-0.078868854,1.102367562,0.236946204,0.189556963,2,-0.174532925,0.940763,center_box,active
38,1.900000000,24,1,0.994652371,0.066681065,-0.078868854,1.102367562,0.236946204,0.189556963,2,-0.174532925,0.940763,center_box,active
39,1.950000000,0,0,,,,,0.201073497,0.160858797,,-0.174532925,0.949732,center_box,active
39,1.950000000,1,0,,,,,0.201073497,0.160858797,,-0.174532925,0.949732,center_box,active
39,1.950000000,2,0,,,,,0.201073497,0.160858797,,-0.174532925,0.949732,center_box,active
39,1.950000000,3,1,0.992414139,0.100947663,-0.070169411,1.135753682,0.201073497,0.160858797,2,-0.174532925,0.949732,center_box,active
39,1.950000000,4,1,0.992414139,0.100947663,-0.070169411,1.135753682,0.201073497,0.160858797,2,-0.174532925,0.949732,center_box,active
39,1.950000000,5,1,0.992414139,0.100947663,-0.070169411,1.135753682,0.201073497,0.160858797,2,-0.174532925,0.949732,center_box,active
39,1.950000000,6,1,0.992414139,0.100947663,-0.070169411,1.135753682,0.201073497,0.160858797,2,-0.174532925,0.949732,center_box,active
39,1.950000000,7,1,0.992414139,0.100947663,-0.070169411,1.135753682,0.201073497,0.160858797,2,-0.174532925,0.949732,center_box,active
39,1.950000000,8,1,0.992414139,0.100947663,-0.070169411,1.135753682,0.201073497,0.160858797,2,-0.174532925,0.949732,center_box,active
39,1.950000000,9,1,0.992414139,0.100947663,-0.070169411,1.135753682,0.201073497,0.160858797,2,-0.174532925,0.949732,center_box,active
39,1.950000000,10,1,0.992414139,0.100947663,-0.070169411,1.135753682,0.201073497,0.160858797,2,-0.174532925,0.949732,center_box,active
39,1.950000000,11,1,0.992414139,0.100947663,-0.070169411,1.135753682,0.201073497,0.160858797,2,-0.174532925,0.949732,center_box,active
39,1.950000000,12,1,0.992414139,0.100947663,-0.070169411,1.135753682,0.201073497,0.160858797,2,-0.174532925,0.949732,center_box,active
39,1.950000000,13,1,0.992414139,0.100947663,-0.070169411,1.135753682,0.201073497,0.160858797,2,-0.174532925,0.949732,center_box,active
39,1.950000000,14,1,0.992414139,0.100947663,-0.070169411,1.135753682,0.201073497,0.160858797,2,-0.174532925,0.949732,center_box,active
39,1.950000000,15,1,0.992414139,0.100947663,-0.070169411,1.135753682,0.201073497,0.160858797,2,-0.174532925,0.949732,center_box,active
39,1.950000000,16,1,0.992414139,0.100947663,-0.070169411,1.135753682,0.201073497,0.160858797,2,-0.174532925,0.949732,center_box,active
39,1.950000000,17,1,0.992414139,0.100947663,-0.070169411,1.135753682,0.201073497,0.160858797,2,-0.174532925,0.949732,center_box,active
39,1.950000000,18,1,0.992414139,0.100947663,-0.070169411,1.135753682,0.201073497,0.160858797,2,-0.174532925,0.949732,center_box,active
39,1.950000000,19,1,0.992414139,0.100947663,-0.070169411,1.135753682,0.201073497,0.160858797,2,-0.174532925,0.949732,center_box,active
39,1.950000000,20,1,0.992414139,0.100947663,-0.070169411,1.135753682,0.201073497,0.160858797,2,-0.174532925,0.949732,center_box,active
39,1.950000000,21,1,0.992414139,0.100947663,-0.070169411,1.135753682,0.201073497,0.160858797,2,-0.174532925,0.949732,center_box,active
39,1.950000000,22,1,0.992414139,0.100947663,-0.070169411,1.135753682,0.201073497,0.160858797,2,-0.174532925,0.949732,center_box,active
39,1.950000000,23,1,0.992414139,0.100947663,-0.070169411,1.135753682,0.201073497,0.160858797,2,-0.174532925,0.949732,center_box,active
39,1.950000000,24,1,0.992414139,0.100947663,-0.070169411,1.135753682,0.201073497,0.160858797,2,-0.174532925,0.949732,center_box,active
40,2.000000000,0,0,,,,,0.201073497,0.160858797,,-0.174532925,0.949732,center_box,held_violates_current
40,2.000000000,1,0,,,,,0.201073497,0.160858797,,-0.174532925,0.949732,center_box,held_violates_current
40,2.000000000,2,0,,,,,0.201073497,0.160858797,,-0.174532925,0.949732,center_box,held_violates_current
40,2.000000000,3,1,0.992414139,0.100947663,-0.070169411,1.135753682,0.201073497,0.160858797,2,-0.174532925,0.949732,center_box,held_violates_current
40,2.000000000,4,1,0.992414139,0.100947663,-0.070169411,1.135753682,0.201073497,0.160858797,2,-0.174532925,0.949732,center_box,held_violates_current
40,2.000000000,5,1,0.992414139,0.100947663,-0.070169411,1.135753682,0.201073497,0.160858797,2,-0.174532925,0.949732,center_box,held_violates_current
40,2.000000000,6,1,0.992414139,0.100947663,-0.070169411,1.135753682,0.201073497,0.160858797,2,-0.174532925,0.949732,center_box,held_violates_current
40,2.000000000,7,1,0.992414139,0.100947663,-0.070169411,1.135753682,0.201073497,0.160858797,2,-0.174532925,0.949732,center_box,held_violates_current
40,2.000000000,8,1,0.992414139,0.100947663,-0.070169411,1.135753682,0.201073497,0.160858797,2,-0.174532925,0.949732,center_box,held_violates_current
40,2.000000000,9,1,0.992414139,0.100947663,-0.070169411,1.135753682,0.201073497,0.160858797,2,-0.174532925,0.949732,center_box,held_violates_current
40,2.000000000,10,1,0.992414139,0.100947663,-0.070169411,1.135753682,0.201073497,0.160858797,2,-0.174532925,0.949732,center_box,held_violates_current
40,2.000000000,11,1,0.992414139,0.100947663,-0.070169411,1.135753682,0.201073497,0.160858797,2,-0.174532925,0.949732,center_box,held_violates_current
40,2.000000000,12,1,0.992414139,0.100947663,-0.070169411,1.135753682,0.201073497,0.160858797,2,-0.174532925,0.949732,center_box,held_violates_current
40,2.000000000,13,1,0.992414139,0.100947663,-0.070169411,1.135753682,0.201073497,0.160858797,2,-0.174532925,0.949732,center_box,held_violates_current
40,2.000000000,14,1,0.992414139,0.100947663,-0.070169411,1.135753682,0.201073497,0.160858797,2,-0.174532925,0.949732,center_box,held_violates_current
40,2.000000000,15,1,0.992414139,0.100947663,-0.070169411,1.135753682,0.201073497,0.160858797,2,-0.174532925,0.949732,center_box,held_violates_current
40,2.000000000,16,1,0.992414139,0.100947663,-0.070169411,1.135753682,0.201073497,0.160858797,2,-0.174532925,0.949732,center_box,held_violates_current
40,2.000000000,17,1,0.992414139,0.100947663,-0.070169411,1.135753682,0.201073497,0.160858797,2,-0.174532925,0.949732,center_box,held_violates_current
40,2.000000000,18,1,0.992414139,0.100947663,-0.070169411,1.135753682,0.201073497,0.160858797,2,-0.174532925,0.949732,center_box,held_violates_current
40,2.000000000,19,1,0.992414139,0.100947663,-0.070169411,1.135753682,0.201073497,0.160858797,2,-0.174532925,0.949732,center_box,held_violates_current
40,2.000000000,20,1,0.992414139,0.100947663,-0.070169411,1.135753682,0.201073497,0.160858797,2,-0.174532925,0.949732,center_box,held_violates_current
40,2.000000000,21,1,0.992414139,0.100947663,-0.070169411,1.135753682,0.201073497,0.160858797,2,-0.174532925,0.949732,center_box,held_violates_current
40,2.000000000,22,1,0.992414139,0.100947663,-0.070169411,1.135753682,0.201073497,0.160858797,2,-0.174532925,0.949732,center_box,held_violates_current
40,2.000000000,23,1,0.992414139,0.100947663,-0.070169411,1.135753682,0.201073497,0.160858797,2,-0.174532925,0.949732,center_box,held_violates_current
40,2.000000000,24,1,0.992414139,0.100947663,-0.070169411,1.135753682,0.201073497,0.160858797,2,-0.174532925,0.949732,center_box,held_violates_current
41,2.050000000,0,0,,,,,0.201073497,0.160858797,,-0.174532925,0.949732,center_box,held_violates_current
41,2.050000000,1,0,,,,,0.201073497,0.160858797,,-0.174532925,0.949732,center_box,held_violates_current
41,2.050000000,2,0,,,,,0.201073497,0.160858797,,-0.174532925,0.949732,center_box,held_violates_current
41,2.050000000,3,1,0.992414139,0.100947663,-0.070169411,1.135753682,0.201073497,0.160858797,2,-0.174532925,0.949732,center_box,held_violates_current
41,2.050000000,4,1,0.992414139,0.100947663,-0.070169411,1.135753682,0.201073497,0.160858797,2,-0.174532925,0.949732,center_box,held_violates_current
41,2.050000000,5,1,0.992414139,0.100947663,-0.070169411,1.135753682,0.201073497,0.160858797,2,-0.174532925,0.949732,center_box,held_violates_current
41,2.050000000,6,1,0.992414139,0.100947663,-0.070169411,1.135753682,0.201073497,0.160858797,2,-0.174532925,0.949732,center_box,held_violates_current
41,2.050000000,7,1,0.992414139,0.100947663,-0.070169411,1.135753682,0.201073497,0.160858797,2,-0.174532925,0.949732,center_box,held_violates_current
41,2.050000000,8,1,0.992414139,0.100947663,-0.070169411,1.135753682,0.201073497,0.160858797,2,-0.174532925,0.949732,center_box,held_violates_current
41,2.050000000,9,1,0.992414139,0.100947663,-0.070169411,1.135753682,0.201073497,0.160858797,2,-0.174532925,0.949732,center_box,held_violates_current
41,2.050000000,10,1,0.992414139,0.100947663,-0.070169411,1.135753682,0.201073497,0.160858797,2,-0.174532925,0.949732,center_box,held_violates_current
41,2.050000000,11,1,0.992414139,0.100947663,-0.070169411,1.135753682,0.201073497,0.160858797,2,-0.174532925,0.949732,center_box,held_violates_current
41,2.050000000,12,1,0.992414139,0.100947663,-0.070169411,1.135753682,0.201073497,0.160858797,2,-0.174532925,0.949732,center_box,held_violates_current
41,2.050000000,13,1,0.992414139,0.100947663,-0.070169411,1.135753682,0.201073497,0.160858797,2,-0.174532925,0.949732,center_box,held_violates_current
41,2.050000000,14,1,0.992414139,0.100947663,-0.070169411,1.135753682,0.201073497,0.160858797,2,-0.174532925,0.949732,center_box,held_violates_current
41,2.050000000,15,1,0.992414139,0.100947663,-0.070169411,1.135753682,0.201073497,0.160858797,2,-0.174532925,0.949732,center_box,held_violates_current
41,2.050000000,16,1,0.992414139,0.100947663,-0.070169411,1.135753682,0.201073497,0.160858797,2,-0.174532925,0.949732,center_box,held_violates_current
41,2.050000000,17,1,0.992414139,0.100947663,-0.070169411,1.135753682,0.201073497,0.160858797,2,-0.174532925,0.949732,center_box,held_violates_current
41,2.050000000,18,1,0.992414139,0.100947663,-0.070169411,1.135753682,0.201073497,0.160858797,2,-0.174532925,0.949732,center_box,held_violates_current
41,2.050000000,19,1,0.992414139,0.100947663,-0.070169411,1.135753682,0.201073497,0.160858797,2,-0.174532925,0.949732,center_box,held_violates_current
41,2.050000000,20,1,0.992414139,0.100947663,-0.070169411,1.135753682,0.201073497,0.160858797,2,-0.174532925,0.949732,center_box,held_violates_current
41,2.050000000,21,1,0.992414139,0.100947663,-0.070169411,1.135753682,0.201073497,0.160858797,2,-0.174532925,0.949732,center_box,held_violates_current
41,2.050000000,22,1,0.992414139,0.100947663,-0.070169411,1.135753682,0.201073497,0.160858797,2,-0.174532925,0.949732,center_box,held_violates_current
41,2.050000000,23,1,0.992414139,0.100947663,-0.070169411,1.135753682,0.201073497,0.160858797,2,-0.174532925,0.949732,center_box,held_violates_current
41,2.050000000,24,1,0.992414139,0.100947663,-0.070169411,1.135753682,0.201073497,0.160858797,2,-0.174532925,0.949732,center_box,held_violates_current
