step,t,k,en_hs,a_x,a_y,a_z,b,depth_m,margin_m,sector,azimuth_center_rad,confidence,obstacle_name,status
0,0.000000000,0,0,,,,,1.390000000,1.112000000,,0.000000000,0.652500,center_box,active
0,0.000000000,1,0,,,,,1.390000000,1.112000000,,0.000000000,0.652500,center_box,active
0,0.000000000,2,0,,,,,1.390000000,1.112000000,,0.000000000,0.652500,center_box,active
0,0.000000000,3,1,1.000000000,0.000000000,0.000000000,0.278000000,1.390000000,1.112000000,3,0.000000000,0.652500,center_box,active
0,0.000000000,4,1,1.000000000,0.000000000,0.000000000,0.278000000,1.390000000,1.112000000,3,0.000000000,0.652500,center_box,active
0,0.000000000,5,1,1.000000000,0.000000000,0.000000000,0.278000000,1.390000000,1.112000000,3,0.000000000,0.652500,center_box,active
0,0.000000000,6,1,1.000000000,0.000000000,0.000000000,0.278000000,1.390000000,1.112000000,3,0.000000000,0.652500,center_box,active
0,0.000000000,7,1,1.000000000,0.000000000,0.000000000,0.278000000,1.390000000,1.112000000,3,0.000000000,0.652500,center_box,active
0,0.000000000,8,1,1.000000000,0.000000000,0.000000000,0.278000000,1.390000000,1.112000000,3,0.000000000,0.652500,center_box,active
0,0.000000000,9,1,1.000000000,0.000000000,0.000000000,0.278000000,1.390000000,1.112000000,3,0.000000000,0.652500,center_box,active
0,0.000000000,10,1,1.000000000,0.000000000,0.000000000,0.278000000,1.390000000,1.112000000,3,0.000000000,0.652500,center_box,active
0,0.000000000,11,1,1.000000000,0.000000000,0.000000000,0.278000000,1.390000000,1.112000000,3,0.000000000,0.652500,center_box,active
0,0.000000000,12,1,1.000000000,0.000000000,0.000000000,0.278000000,1.390000000,1.112000000,3,0.000000000,0.652500,center_box,active
0,0.000000000,13,1,1.000000000,0.000000000,0.000000000,0.278000000,1.390000000,1.112000000,3,0.000000000,0.652500,center_box,active
0,0.000000000,14,1,1.000000000,0.000000000,0.000000000,0.278000000,1.390000000,1.112000000,3,0.000000000,0.652500,center_box,active
0,0.000000000,15,1,1.000000000,0.000000000,0.000000000,0.278000000,1.390000000,1.112000000,3,0.000000000,0.652500,center_box,active
0,0.000000000,16,1,1.000000000,0.000000000,0.000000000,0.278000000,1.390000000,1.112000000,3,0.000000000,0.652500,center_box,active
0,0.000000000,17,1,1.000000000,0.000000000,0.000000000,0.278000000,1.390000000,1.112000000,3,0.000000000,0.652500,center_box,active
0,0.000000000,18,1,1.000000000,0.000000000,0.000000000,0.278000000,1.390000000,1.112000000,3,0.000000000,0.652500,center_box,active
0,0.000000000,19,1,1.000000000,0.000000000,0.000000000,0.278000000,1.390000000,1.112000000,3,0.000000000,0.652500,center_box,active
0,0.000000000,20,1,1.000000000,0.000000000,0.000000000,0.278000000,1.390000000,1.112000000,3,0.000000000,0.652500,center_box,active
0,0.000000000,21,1,1.000000000,0.000000000,0.000000000,0.278000000,1.390000000,1.112000000,3,0.000000000,0.652500,center_box,active
0,0.000000000,22,1,1.000000000,0.000000000,0.000000000,0.278000000,1.390000000,1.112000000,3,0.000000000,0.652500,center_box,active
0,0.000000000,23,1,1.000000000,0.000000000,0.000000000,0.278000000,1.390000000,1.112000000,3,0.000000000,0.652500,center_box,active
0,0.000000000,24,1,1.000000000,0.000000000,0.000000000,0.278000000,1.390000000,1.112000000,3,0.000000000,0.652500,center_box,active
1,0.050000000,0,0,,,,,1.391398418,1.113118735,,0.000000000,0.652150,center_box,active
1,0.050000000,1,0,,,,,1.391398418,1.113118735,,0.000000000,0.652150,center_box,active
1,0.050000000,2,0,,,,,1.391398418,1.113118735,,0.000000000,0.652150,center_box,active
1,0.050000000,3,1,0.998946333,0.018889359,-0.041826013,0.232322822,1.391398418,1.113118735,3,0.000000000,0.652150,center_box,active
1,0.050000000,4,1,0.998946333,0.018889359,-0.041826013,0.232322822,1.391398418,1.113118735,3,0.000000000,0.652150,center_box,active
1,0.050000000,5,1,0.998946333,0.018889359,-0.041826013,0.232322822,1.391398418,1.113118735,3,0.000000000,0.652150,center_box,active
1,0.050000000,6,1,0.998946333,0.018889359,-0.041826013,0.232322822,1.391398418,1.113118735,3,0.000000000,0.652150,center_box,active
1,0.050000000,7,1,0.998946333,0.018889359,-0.041826013,0.232322822,1.391398418,1.113118735,3,0.000000000,0.652150,center_box,active
1,0.050000000,8,1,0.998946333,0.018889359,-0.041826013,0.232322822,1.391398418,1.113118735,3,0.000000000,0.652150,center_box,active
1,0.050000000,9,1,0.998946333,0.018889359,-0.041826013,0.232322822,1.391398418,1.113118735,3,0.000000000,0.652150,center_box,active
1,0.050000000,10,1,0.998946333,0.018889359,-0.041826013,0.232322822,1.391398418,1.113118735,3,0.000000000,0.652150,center_box,active
1,0.050000000,11,1,0.998946333,0.018889359,-0.041826013,0.232322822,1.391398418,1.113118735,3,0.000000000,0.652150,center_box,active
1,0.050000000,12,1,0.998946333,0.018889359,-0.041826013,0.232322822,1.391398418,1.113118735,3,0.000000000,0.652150,center_box,active
1,0.050000000,13,1,0.998946333,0.018889359,-0.041826013,0.232322822,1.391398418,1.113118735,3,0.000000000,0.652150,center_box,active
1,0.050000000,14,1,0.998946333,0.018889359,-0.041826013,0.232322822,1.391398418,1.113118735,3,0.000000000,0.652150,center_box,active
1,0.050000000,15,1,0.998946333,0.018889359,-0.041826013,0.232322822,1.391398418,1.113118735,3,0.000000000,0.652150,center_box,active
1,0.050000000,16,1,0.998946333,0.018889359,-0.041826013,0.232322822,1.391398418,1.113118735,3,0.000000000,0.652150,center_box,active
1,0.050000000,17,1,0.998946333,0.018889359,-0.041826013,0.232322822,1.391398418,1.113118735,3,0.000000000,0.652150,center_box,active
1,0.050000000,18,1,0.998946333,0.018889359,-0.041826013,0.232322822,1.391398418,1.113118735,3,0.000000000,0.652150,center_box,active
1,0.050000000,19,1,0.998946333,0.018889359,-0.041826013,0.232322822,1.391398418,1.113118735,3,0.000000000,0.652150,center_box,active
1,0.050000000,20,1,0.998946333,0.018889359,-0.041826013,0.232322822,1.391398418,1.113118735,3,0.000000000,0.652150,center_box,active
1,0.050000000,21,1,0.998946333,0.018889359,-0.041826013,0.232322822,1.391398418,1.113118735,3,0.000000000,0.652150,center_box,active
1,0.050000000,22,1,0.998946333,0.018889359,-0.041826013,0.232322822,1.391398418,1.113118735,3,0.000000000,0.652150,center_box,active
1,0.050000000,23,1,0.998946333,0.018889359,-0.041826013,0.232322822,1.391398418,1.113118735,3,0.000000000,0.652150,center_box,active
1,0.050000000,24,1,0.998946333,0.018889359,-0.041826013,0.232322822,1.391398418,1.113118735,3,0.000000000,0.652150,center_box,active
2,0.100000000,0,0,,,,,1.407115334,1.125692267,,0.000000000,0.648221,center_box,active
2,0.100000000,1,0,,,,,1.407115334,1.125692267,,0.000000000,0.648221,center_box,active
2,0.100000000,2,0,,,,,1.407115334,1.125692267,,0.000000000,0.648221,center_box,active
2,0.100000000,3,1,0.986977307,0.010369500,-0.160524977,0.105801205,1.407115334,1.125692267,3,0.000000000,0.648221,center_box,active
2,0.100000000,4,1,0.986977307,0.010369500,-0.160524977,0.105801205,1.407115334,1.125692267,3,0.000000000,0.648221,center_box,active
2,0.100000000,5,1,0.986977307,0.010369500,-0.160524977,0.105801205,1.407115334,1.125692267,3,0.000000000,0.648221,center_box,active
2,0.100000000,6,1,0.986977307,0.010369500,-0.160524977,0.105801205,1.407115334,1.125692267,3,0.000000000,0.648221,center_box,active
2,0.100000000,7,1,0.986977307,0.010369500,-0.160524977,0.105801205,1.407115334,1.125692267,3,0.000000000,0.648221,center_box,active
2,0.100000000,8,1,0.986977307,0.010369500,-0.160524977,0.105801205,1.407115334,1.125692267,3,0.000000000,0.648221,center_box,active
2,0.100000000,9,1,0.986977307,0.010369500,-0.160524977,0.105801205,1.407115334,1.125692267,3,0.000000000,0.648221,center_box,active
2,0.100000000,10,1,0.986977307,0.010369500,-0.160524977,0.105801205,1.407115334,1.125692267,3,0.000000000,0.648221,center_box,active
2,0.100000000,11,1,0.986977307,0.010369500,-0.160524977,0.105801205,1.407115334,1.125692267,3,0.000000000,0.648221,center_box,active
2,0.100000000,12,1,0.986977307,0.010369500,-0.160524977,0.105801205,1.407115334,1.125692267,3,0.000000000,0.648221,center_box,active
2,0.100000000,13,1,0.986977307,0.010369500,-0.160524977,0.105801205,1.407115334,1.125692267,3,0.000000000,0.648221,center_box,active
2,0.100000000,14,1,0.986977307,0.010369500,-0.160524977,0.105801205,1.407115334,1.125692267,3,0.000000000,0.648221,center_box,active
2,0.100000000,15,1,0.986977307,0.010369500,-0.160524977,0.105801205,1.407115334,1.125692267,3,0.000000000,0.648221,center_box,active
2,0.100000000,16,1,0.986977307,0.010369500,-0.160524977,0.105801205,1.407115334,1.125692267,3,0.000000000,0.648221,center_box,active
2,0.100000000,17,1,0.986977307,0.010369500,-0.160524977,0.105801205,1.407115334,1.125692267,3,0.000000000,0.648221,center_box,active
2,0.100000000,18,1,0.986977307,0.010369500,-0.160524977,0.105801205,1.407115334,1.125692267,3,0.000000000,0.648221,center_box,active
2,0.100000000,19,1,0.986977307,0.010369500,-0.160524977,0.105801205,1.407115334,1.125692267,3,0.000000000,0.648221,center_box,active
2,0.100000000,20,1,0.986977307,0.010369500,-0.160524977,0.105801205,1.407115334,1.125692267,3,0.000000000,0.648221,center_box,active
2,0.100000000,21,1,0.986977307,0.010369500,-0.160524977,0.105801205,1.407115334,1.125692267,3,0.000000000,0.648221,center_box,active
2,0.100000000,22,1,0.986977307,0.010369500,-0.160524977,0.105801205,1.407115334,1.125692267,3,0.000000000,0.648221,center_box,active
2,0.100000000,23,1,0.986977307,0.010369500,-0.160524977,0.105801205,1.407115334,1.125692267,3,0.000000000,0.648221,center_box,active
2,0.100000000,24,1,0.986977307,0.010369500,-0.160524977,0.105801205,1.407115334,1.125692267,3,0.000000000,0.648221,center_box,active
3,0.150000000,0,0,,,,,1.407115334,1.125692267,,0.000000000,0.648221,center_box,held_active
3,0.150000000,1,0,,,,,1.407115334,1.125692267,,0.000000000,0.648221,center_box,held_active
3,0.150000000,2,0,,,,,1.407115334,1.125692267,,0.000000000,0.648221,center_box,held_active
3,0.150000000,3,1,0.986977307,0.010369500,-0.160524977,0.105801205,1.407115334,1.125692267,3,0.000000000,0.648221,center_box,held_active
3,0.150000000,4,1,0.986977307,0.010369500,-0.160524977,0.105801205,1.407115334,1.125692267,3,0.000000000,0.648221,center_box,held_active
3,0.150000000,5,1,0.986977307,0.010369500,-0.160524977,0.105801205,1.407115334,1.125692267,3,0.000000000,0.648221,center_box,held_active
3,0.150000000,6,1,0.986977307,0.010369500,-0.160524977,0.105801205,1.407115334,1.125692267,3,0.000000000,0.648221,center_box,held_active
3,0.150000000,7,1,0.986977307,0.010369500,-0.160524977,0.105801205,1.407115334,1.125692267,3,0.000000000,0.648221,center_box,held_active
3,0.150000000,8,1,0.986977307,0.010369500,-0.160524977,0.105801205,1.407115334,1.125692267,3,0.000000000,0.648221,center_box,held_active
3,0.150000000,9,1,0.986977307,0.010369500,-0.160524977,0.105801205,1.407115334,1.125692267,3,0.000000000,0.648221,center_box,held_active
3,0.150000000,10,1,0.986977307,0.010369500,-0.160524977,0.105801205,1.407115334,1.125692267,3,0.000000000,0.648221,center_box,held_active
3,0.150000000,11,1,0.986977307,0.010369500,-0.160524977,0.105801205,1.407115334,1.125692267,3,0.000000000,0.648221,center_box,held_active
3,0.150000000,12,1,0.986977307,0.010369500,-0.160524977,0.105801205,1.407115334,1.125692267,3,0.000000000,0.648221,center_box,held_active
3,0.150000000,13,1,0.986977307,0.010369500,-0.160524977,0.105801205,1.407115334,1.125692267,3,0.000000000,0.648221,center_box,held_active
3,0.150000000,14,1,0.986977307,0.010369500,-0.160524977,0.105801205,1.407115334,1.125692267,3,0.000000000,0.648221,center_box,held_active
3,0.150000000,15,1,0.986977307,0.010369500,-0.160524977,0.105801205,1.407115334,1.125692267,3,0.000000000,0.648221,center_box,held_active
3,0.150000000,16,1,0.986977307,0.010369500,-0.160524977,0.105801205,1.407115334,1.125692267,3,0.000000000,0.648221,center_box,held_active
3,0.150000000,17,1,0.986977307,0.010369500,-0.160524977,0.105801205,1.407115334,1.125692267,3,0.000000000,0.648221,center_box,held_active
3,0.150000000,18,1,0.986977307,0.010369500,-0.160524977,0.105801205,1.407115334,1.125692267,3,0.000000000,0.648221,center_box,held_active
3,0.150000000,19,1,0.986977307,0.010369500,-0.160524977,0.105801205,1.407115334,1.125692267,3,0.000000000,0.648221,center_box,held_active
3,0.150000000,20,1,0.986977307,0.010369500,-0.160524977,0.105801205,1.407115334,1.125692267,3,0.000000000,0.648221,center_box,held_active
3,0.150000000,21,1,0.986977307,0.010369500,-0.160524977,0.105801205,1.407115334,1.125692267,3,0.000000000,0.648221,center_box,held_active
3,0.150000000,22,1,0.986977307,0.010369500,-0.160524977,0.105801205,1.407115334,1.125692267,3,0.000000000,0.648221,center_box,held_active
3,0.150000000,23,1,0.986977307,0.010369500,-0.160524977,0.105801205,1.407115334,1.125692267,3,0.000000000,0.648221,center_box,held_active
3,0.150000000,24,1,0.986977307,0.010369500,-0.160524977,0.105801205,1.407115334,1.125692267,3,0.000000000,0.648221,center_box,held_active
4,0.200000000,0,0,,,,,1.407115334,1.125692267,,0.000000000,0.648221,center_box,held_active
4,0.200000000,1,0,,,,,1.407115334,1.125692267,,0.000000000,0.648221,center_box,held_active
4,0.200000000,2,0,,,,,1.407115334,1.125692267,,0.000000000,0.648221,center_box,held_active
4,0.200000000,3,1,0.986977307,0.010369500,-0.160524977,0.105801205,1.407115334,1.125692267,3,0.000000000,0.648221,center_box,held_active
4,0.200000000,4,1,0.986977307,0.010369500,-0.160524977,0.105801205,1.407115334,1.125692267,3,0.000000000,0.648221,center_box,held_active
4,0.200000000,5,1,0.986977307,0.010369500,-0.160524977,0.105801205,1.407115334,1.125692267,3,0.000000000,0.648221,center_box,held_active
4,0.200000000,6,1,0.986977307,0.010369500,-0.160524977,0.105801205,1.407115334,1.125692267,3,0.000000000,0.648221,center_box,held_active
4,0.200000000,7,1,0.986977307,0.010369500,-0.160524977,0.105801205,1.407115334,1.125692267,3,0.000000000,0.648221,center_box,held_active
4,0.200000000,8,1,0.986977307,0.010369500,-0.160524977,0.105801205,1.407115334,1.125692267,3,0.000000000,0.648221,center_box,held_active
4,0.200000000,9,1,0.986977307,0.010369500,-0.160524977,0.105801205,1.407115334,1.125692267,3,0.000000000,0.648221,center_box,held_active
4,0.200000000,10,1,0.986977307,0.010369500,-0.160524977,0.105801205,1.407115334,1.125692267,3,0.000000000,0.648221,center_box,held_active
4,0.200000000,11,1,0.986977307,0.010369500,-0.160524977,0.105801205,1.407115334,1.125692267,3,0.000000000,0.648221,center_box,held_active
4,0.200000000,12,1,0.986977307,0.010369500,-0.160524977,0.105801205,1.407115334,1.125692267,3,0.000000000,0.648221,center_box,held_active
4,0.200000000,13,1,0.986977307,0.010369500,-0.160524977,0.105801205,1.407115334,1.125692267,3,0.000000000,0.648221,center_box,held_active
4,0.200000000,14,1,0.986977307,0.010369500,-0.160524977,0.105801205,1.407115334,1.125692267,3,0.000000000,0.648221,center_box,held_active
4,0.200000000,15,1,0.986977307,0.010369500,-0.160524977,0.105801205,1.407115334,1.125692267,3,0.000000000,0.648221,center_box,held_active
4,0.200000000,16,1,0.986977307,0.010369500,-0.160524977,0.105801205,1.407115334,1.125692267,3,0.000000000,0.648221,center_box,held_active
4,0.200000000,17,1,0.986977307,0.010369500,-0.160524977,0.105801205,1.407115334,1.125692267,3,0.000000000,0.648221,center_box,held_active
4,0.200000000,18,1,0.986977307,0.010369500,-0.160524977,0.105801205,1.407115334,1.125692267,3,0.000000000,0.648221,center_box,held_active
4,0.200000000,19,1,0.986977307,0.010369500,-0.160524977,0.105801205,1.407115334,1.125692267,3,0.000000000,0.648221,center_box,held_active
4,0.200000000,20,1,0.986977307,0.010369500,-0.160524977,0.105801205,1.407115334,1.125692267,3,0.000000000,0.648221,center_box,held_active
4,0.200000000,21,1,0.986977307,0.010369500,-0.160524977,0.105801205,1.407115334,1.125692267,3,0.000000000,0.648221,center_box,held_active
4,0.200000000,22,1,0.986977307,0.010369500,-0.160524977,0.105801205,1.407115334,1.125692267,3,0.000000000,0.648221,center_box,held_active
4,0.200000000,23,1,0.986977307,0.010369500,-0.160524977,0.105801205,1.407115334,1.125692267,3,0.000000000,0.648221,center_box,held_active
4,0.200000000,24,1,0.986977307,0.010369500,-0.160524977,0.105801205,1.407115334,1.125692267,3,0.000000000,0.648221,center_box,held_active
5,0.250000000,0,0,,,,,1.407115334,1.125692267,,0.000000000,0.648221,center_box,held_active
5,0.250000000,1,0,,,,,1.407115334,1.125692267,,0.000000000,0.648221,center_box,held_active
5,0.250000000,2,0,,,,,1.407115334,1.125692267,,0.000000000,0.648221,center_box,held_active
5,0.250000000,3,1,0.986977307,0.010369500,-0.160524977,0.105801205,1.407115334,1.125692267,3,0.000000000,0.648221,center_box,held_active
5,0.250000000,4,1,0.986977307,0.010369500,-0.160524977,0.105801205,1.407115334,1.125692267,3,0.000000000,0.648221,center_box,held_active
5,0.250000000,5,1,0.986977307,0.010369500,-0.160524977,0.105801205,1.407115334,1.125692267,3,0.000000000,0.648221,center_box,held_active
5,0.250000000,6,1,0.986977307,0.010369500,-0.160524977,0.105801205,1.407115334,1.125692267,3,0.000000000,0.648221,center_box,held_active
5,0.250000000,7,1,0.986977307,0.010369500,-0.160524977,0.105801205,1.407115334,1.125692267,3,0.000000000,0.648221,center_box,held_active
5,0.250000000,8,1,0.986977307,0.010369500,-0.160524977,0.105801205,1.407115334,1.125692267,3,0.000000000,0.648221,center_box,held_active
5,0.250000000,9,1,0.986977307,0.010369500,-0.160524977,0.105801205,1.407115334,1.125692267,3,0.000000000,0.648221,center_box,held_active
5,0.250000000,10,1,0.986977307,0.010369500,-0.160524977,0.105801205,1.407115334,1.125692267,3,0.000000000,0.648221,center_box,held_active
5,0.250000000,11,1,0.986977307,0.010369500,-0.160524977,0.105801205,1.407115334,1.125692267,3,0.000000000,0.648221,center_box,held_active
5,0.250000000,12,1,0.986977307,0.010369500,-0.160524977,0.105801205,1.407115334,1.125692267,3,0.000000000,0.648221,center_box,held_active
5,0.250000000,13,1,0.986977307,0.010369500,-0.160524977,0.105801205,1.407115334,1.125692267,3,0.000000000,0.648221,center_box,held_active
5,0.250000000,14,1,0.986977307,0.010369500,-0.160524977,0.105801205,1.407115334,1.125692267,3,0.000000000,0.648221,center_box,held_active
5,0.250000000,15,1,0.986977307,0.010369500,-0.160524977,0.105801205,1.407115334,1.125692267,3,0.000000000,0.648221,center_box,held_active
5,0.250000000,16,1,0.986977307,0.010369500,-0.160524977,0.105801205,1.407115334,1.125692267,3,0.000000000,0.648221,center_box,held_active
5,0.250000000,17,1,0.986977307,0.010369500,-0.160524977,0.105801205,1.407115334,1.125692267,3,0.000000000,0.648221,center_box,held_active
5,0.250000000,18,1,0.986977307,0.010369500,-0.160524977,0.105801205,1.407115334,1.125692267,3,0.000000000,0.648221,center_box,held_active
5,0.250000000,19,1,0.986977307,0.010369500,-0.160524977,0.105801205,1.407115334,1.125692267,3,0.000000000,0.648221,center_box,held_active
5,0.250000000,20,1,0.986977307,0.010369500,-0.160524977,0.105801205,1.407115334,1.125692267,3,0.000000000,0.648221,center_box,held_active
5,0.250000000,21,1,0.986977307,0.010369500,-0.160524977,0.105801205,1.407115334,1.125692267,3,0.000000000,0.648221,center_box,held_active
5,0.250000000,22,1,0.986977307,0.010369500,-0.160524977,0.105801205,1.407115334,1.125692267,3,0.000000000,0.648221,center_box,held_active
5,0.250000000,23,1,0.986977307,0.010369500,-0.160524977,0.105801205,1.407115334,1.125692267,3,0.000000000,0.648221,center_box,held_active
5,0.250000000,24,1,0.986977307,0.010369500,-0.160524977,0.105801205,1.407115334,1.125692267,3,0.000000000,0.648221,center_box,held_active
6,0.300000000,0,0,,,,,1.407115334,1.125692267,,0.000000000,0.648221,center_box,held_active
6,0.300000000,1,0,,,,,1.407115334,1.125692267,,0.000000000,0.648221,center_box,held_active
6,0.300000000,2,0,,,,,1.407115334,1.125692267,,0.000000000,0.648221,center_box,held_active
6,0.300000000,3,1,0.986977307,0.010369500,-0.160524977,0.105801205,1.407115334,1.125692267,3,0.000000000,0.648221,center_box,held_active
6,0.300000000,4,1,0.986977307,0.010369500,-0.160524977,0.105801205,1.407115334,1.125692267,3,0.000000000,0.648221,center_box,held_active
6,0.300000000,5,1,0.986977307,0.010369500,-0.160524977,0.105801205,1.407115334,1.125692267,3,0.000000000,0.648221,center_box,held_active
6,0.300000000,6,1,0.986977307,0.010369500,-0.160524977,0.105801205,1.407115334,1.125692267,3,0.000000000,0.648221,center_box,held_active
6,0.300000000,7,1,0.986977307,0.010369500,-0.160524977,0.105801205,1.407115334,1.125692267,3,0.000000000,0.648221,center_box,held_active
6,0.300000000,8,1,0.986977307,0.010369500,-0.160524977,0.105801205,1.407115334,1.125692267,3,0.000000000,0.648221,center_box,held_active
6,0.300000000,9,1,0.986977307,0.010369500,-0.160524977,0.105801205,1.407115334,1.125692267,3,0.000000000,0.648221,center_box,held_active
6,0.300000000,10,1,0.986977307,0.010369500,-0.160524977,0.105801205,1.407115334,1.125692267,3,0.000000000,0.648221,center_box,held_active
6,0.300000000,11,1,0.986977307,0.010369500,-0.160524977,0.105801205,1.407115334,1.125692267,3,0.000000000,0.648221,center_box,held_active
6,0.300000000,12,1,0.986977307,0.010369500,-0.160524977,0.105801205,1.407115334,1.125692267,3,0.000000000,0.648221,center_box,held_active
6,0.300000000,13,1,0.986977307,0.010369500,-0.160524977,0.105801205,1.407115334,1.125692267,3,0.000000000,0.648221,center_box,held_active
6,0.300000000,14,1,0.986977307,0.010369500,-0.160524977,0.105801205,1.407115334,1.125692267,3,0.000000000,0.648221,center_box,held_active
6,0.300000000,15,1,0.986977307,0.010369500,-0.160524977,0.105801205,1.407115334,1.125692267,3,0.000000000,0.648221,center_box,held_active
6,0.300000000,16,1,0.986977307,0.010369500,-0.160524977,0.105801205,1.407115334,1.125692267,3,0.000000000,0.648221,center_box,held_active
6,0.300000000,17,1,0.986977307,0.010369500,-0.160524977,0.105801205,1.407115334,1.125692267,3,0.000000000,0.648221,center_box,held_active
6,0.300000000,18,1,0.986977307,0.010369500,-0.160524977,0.105801205,1.407115334,1.125692267,3,0.000000000,0.648221,center_box,held_active
6,0.300000000,19,1,0.986977307,0.010369500,-0.160524977,0.105801205,1.407115334,1.125692267,3,0.000000000,0.648221,center_box,held_active
6,0.300000000,20,1,0.986977307,0.010369500,-0.160524977,0.105801205,1.407115334,1.125692267,3,0.000000000,0.648221,center_box,held_active
6,0.300000000,21,1,0.986977307,0.010369500,-0.160524977,0.105801205,1.407115334,1.125692267,3,0.000000000,0.648221,center_box,held_active
6,0.300000000,22,1,0.986977307,0.010369500,-0.160524977,0.105801205,1.407115334,1.125692267,3,0.000000000,0.648221,center_box,held_active
6,0.300000000,23,1,0.986977307,0.010369500,-0.160524977,0.105801205,1.407115334,1.125692267,3,0.000000000,0.648221,center_box,held_active
6,0.300000000,24,1,0.986977307,0.010369500,-0.160524977,0.105801205,1.407115334,1.125692267,3,0.000000000,0.648221,center_box,held_active
7,0.350000000,0,0,,,,,,,,,0.000000,,stale_depth
7,0.350000000,1,0,,,,,,,,,0.000000,,stale_depth
7,0.350000000,2,0,,,,,,,,,0.000000,,stale_depth
7,0.350000000,3,0,,,,,,,,,0.000000,,stale_depth
7,0.350000000,4,0,,,,,,,,,0.000000,,stale_depth
7,0.350000000,5,0,,,,,,,,,0.000000,,stale_depth
7,0.350000000,6,0,,,,,,,,,0.000000,,stale_depth
7,0.350000000,7,0,,,,,,,,,0.000000,,stale_depth
7,0.350000000,8,0,,,,,,,,,0.000000,,stale_depth
7,0.350000000,9,0,,,,,,,,,0.000000,,stale_depth
7,0.350000000,10,0,,,,,,,,,0.000000,,stale_depth
7,0.350000000,11,0,,,,,,,,,0.000000,,stale_depth
7,0.350000000,12,0,,,,,,,,,0.000000,,stale_depth
7,0.350000000,13,0,,,,,,,,,0.000000,,stale_depth
7,0.350000000,14,0,,,,,,,,,0.000000,,stale_depth
7,0.350000000,15,0,,,,,,,,,0.000000,,stale_depth
7,0.350000000,16,0,,,,,,,,,0.000000,,stale_depth
7,0.350000000,17,0,,,,,,,,,0.000000,,stale_depth
7,0.350000000,18,0,,,,,,,,,0.000000,,stale_depth
7,0.350000000,19,0,,,,,,,,,0.000000,,stale_depth
7,0.350000000,20,0,,,,,,,,,0.000000,,stale_depth
7,0.350000000,21,0,,,,,,,,,0.000000,,stale_depth
7,0.350000000,22,0,,,,,,,,,0.000000,,stale_depth
7,0.350000000,23,0,,,,,,,,,0.000000,,stale_depth
7,0.350000000,24,0,,,,,,,,,0.000000,,stale_depth
8,0.400000000,0,0,,,,,1.275152352,1.020121882,,-0.174532925,0.681212,center_box,active
8,0.400000000,1,0,,,,,1.275152352,1.020121882,,-0.174532925,0.681212,center_box,active
8,0.400000000,2,0,,,,,1.275152352,1.020121882,,-0.174532925,0.681212,center_box,active
8,0.400000000,3,1,0.977903731,0.115363042,-0.174343517,0.197760664,1.275152352,1.020121882,2,-0.174532925,0.681212,center_box,active
8,0.400000000,4,1,0.977903731,0.115363042,-0.174343517,0.197760664,1.275152352,1.020121882,2,-0.174532925,0.681212,center_box,active
8,0.400000000,5,1,0.977903731,0.115363042,-0.174343517,0.197760664,1.275152352,1.020121882,2,-0.174532925,0.681212,center_box,active
8,0.400000000,6,1,0.977903731,0.115363042,-0.174343517,0.197760664,1.275152352,1.020121882,2,-0.174532925,0.681212,center_box,active
8,0.400000000,7,1,0.977903731,0.115363042,-0.174343517,0.197760664,1.275152352,1.020121882,2,-0.174532925,0.681212,center_box,active
8,0.400000000,8,1,0.977903731,0.115363042,-0.174343517,0.197760664,1.275152352,1.020121882,2,-0.174532925,0.681212,center_box,active
8,0.400000000,9,1,0.977903731,0.115363042,-0.174343517,0.197760664,1.275152352,1.020121882,2,-0.174532925,0.681212,center_box,active
8,0.400000000,10,1,0.977903731,0.115363042,-0.174343517,0.197760664,1.275152352,1.020121882,2,-0.174532925,0.681212,center_box,active
8,0.400000000,11,1,0.977903731,0.115363042,-0.174343517,0.197760664,1.275152352,1.020121882,2,-0.174532925,0.681212,center_box,active
8,0.400000000,12,1,0.977903731,0.115363042,-0.174343517,0.197760664,1.275152352,1.020121882,2,-0.174532925,0.681212,center_box,active
8,0.400000000,13,1,0.977903731,0.115363042,-0.174343517,0.197760664,1.275152352,1.020121882,2,-0.174532925,0.681212,center_box,active
8,0.400000000,14,1,0.977903731,0.115363042,-0.174343517,0.197760664,1.275152352,1.020121882,2,-0.174532925,0.681212,center_box,active
8,0.400000000,15,1,0.977903731,0.115363042,-0.174343517,0.197760664,1.275152352,1.020121882,2,-0.174532925,0.681212,center_box,active
8,0.400000000,16,1,0.977903731,0.115363042,-0.174343517,0.197760664,1.275152352,1.020121882,2,-0.174532925,0.681212,center_box,active
8,0.400000000,17,1,0.977903731,0.115363042,-0.174343517,0.197760664,1.275152352,1.020121882,2,-0.174532925,0.681212,center_box,active
8,0.400000000,18,1,0.977903731,0.115363042,-0.174343517,0.197760664,1.275152352,1.020121882,2,-0.174532925,0.681212,center_box,active
8,0.400000000,19,1,0.977903731,0.115363042,-0.174343517,0.197760664,1.275152352,1.020121882,2,-0.174532925,0.681212,center_box,active
8,0.400000000,20,1,0.977903731,0.115363042,-0.174343517,0.197760664,1.275152352,1.020121882,2,-0.174532925,0.681212,center_box,active
8,0.400000000,21,1,0.977903731,0.115363042,-0.174343517,0.197760664,1.275152352,1.020121882,2,-0.174532925,0.681212,center_box,active
8,0.400000000,22,1,0.977903731,0.115363042,-0.174343517,0.197760664,1.275152352,1.020121882,2,-0.174532925,0.681212,center_box,active
8,0.400000000,23,1,0.977903731,0.115363042,-0.174343517,0.197760664,1.275152352,1.020121882,2,-0.174532925,0.681212,center_box,active
8,0.400000000,24,1,0.977903731,0.115363042,-0.174343517,0.197760664,1.275152352,1.020121882,2,-0.174532925,0.681212,center_box,active
9,0.450000000,0,0,,,,,1.205637691,0.964510153,,-0.174532925,0.698591,center_box,active
9,0.450000000,1,0,,,,,1.205637691,0.964510153,,-0.174532925,0.698591,center_box,active
9,0.450000000,2,0,,,,,1.205637691,0.964510153,,-0.174532925,0.698591,center_box,active
9,0.450000000,3,1,0.994540281,0.101816703,-0.022868927,0.401027868,1.205637691,0.964510153,2,-0.174532925,0.698591,center_box,active
9,0.450000000,4,1,0.994540281,0.101816703,-0.022868927,0.401027868,1.205637691,0.964510153,2,-0.174532925,0.698591,center_box,active
9,0.450000000,5,1,0.994540281,0.101816703,-0.022868927,0.401027868,1.205637691,0.964510153,2,-0.174532925,0.698591,center_box,active
9,0.450000000,6,1,0.994540281,0.101816703,-0.022868927,0.401027868,1.205637691,0.964510153,2,-0.174532925,0.698591,center_box,active
9,0.450000000,7,1,0.994540281,0.101816703,-0.022868927,0.401027868,1.205637691,0.964510153,2,-0.174532925,0.698591,center_box,active
9,0.450000000,8,1,0.994540281,0.101816703,-0.022868927,0.401027868,1.205637691,0.964510153,2,-0.174532925,0.698591,center_box,active
9,0.450000000,9,1,0.994540281,0.101816703,-0.022868927,0.401027868,1.205637691,0.964510153,2,-0.174532925,0.698591,center_box,active
9,0.450000000,10,1,0.994540281,0.101816703,-0.022868927,0.401027868,1.205637691,0.964510153,2,-0.174532925,0.698591,center_box,active
9,0.450000000,11,1,0.994540281,0.101816703,-0.022868927,0.401027868,1.205637691,0.964510153,2,-0.174532925,0.698591,center_box,active
9,0.450000000,12,1,0.994540281,0.101816703,-0.022868927,0.401027868,1.205637691,0.964510153,2,-0.174532925,0.698591,center_box,active
9,0.450000000,13,1,0.994540281,0.101816703,-0.022868927,0.401027868,1.205637691,0.964510153,2,-0.174532925,0.698591,center_box,active
9,0.450000000,14,1,0.994540281,0.101816703,-0.022868927,0.401027868,1.205637691,0.964510153,2,-0.174532925,0.698591,center_box,active
9,0.450000000,15,1,0.994540281,0.101816703,-0.022868927,0.401027868,1.205637691,0.964510153,2,-0.174532925,0.698591,center_box,active
9,0.450000000,16,1,0.994540281,0.101816703,-0.022868927,0.401027868,1.205637691,0.964510153,2,-0.174532925,0.698591,center_box,active
9,0.450000000,17,1,0.994540281,0.101816703,-0.022868927,0.401027868,1.205637691,0.964510153,2,-0.174532925,0.698591,center_box,active
9,0.450000000,18,1,0.994540281,0.101816703,-0.022868927,0.401027868,1.205637691,0.964510153,2,-0.174532925,0.698591,center_box,active
9,0.450000000,19,1,0.994540281,0.101816703,-0.022868927,0.401027868,1.205637691,0.964510153,2,-0.174532925,0.698591,center_box,active
9,0.450000000,20,1,0.994540281,0.101816703,-0.022868927,0.401027868,1.205637691,0.964510153,2,-0.174532925,0.698591,center_box,active
9,0.450000000,21,1,0.994540281,0.101816703,-0.022868927,0.401027868,1.205637691,0.964510153,2,-0.174532925,0.698591,center_box,active
9,0.450000000,22,1,0.994540281,0.101816703,-0.022868927,0.401027868,1.205637691,0.964510153,2,-0.174532925,0.698591,center_box,active
9,0.450000000,23,1,0.994540281,0.101816703,-0.022868927,0.401027868,1.205637691,0.964510153,2,-0.174532925,0.698591,center_box,active
9,0.450000000,24,1,0.994540281,0.101816703,-0.022868927,0.401027868,1.205637691,0.964510153,2,-0.174532925,0.698591,center_box,active
10,0.500000000,0,0,,,,,1.172157236,0.937725789,,-0.174532925,0.706961,center_box,active
10,0.500000000,1,0,,,,,1.172157236,0.937725789,,-0.174532925,0.706961,center_box,active
10,0.500000000,2,0,,,,,1.172157236,0.937725789,,-0.174532925,0.706961,center_box,active
10,0.500000000,3,1,0.981177140,0.180558537,0.068483831,0.535029941,1.172157236,0.937725789,2,-0.174532925,0.706961,center_box,active
10,0.500000000,4,1,0.981177140,0.180558537,0.068483831,0.535029941,1.172157236,0.937725789,2,-0.174532925,0.706961,center_box,active
10,0.500000000,5,1,0.981177140,0.180558537,0.068483831,0.535029941,1.172157236,0.937725789,2,-0.174532925,0.706961,center_box,active
10,0.500000000,6,1,0.981177140,0.180558537,0.068483831,0.535029941,1.172157236,0.937725789,2,-0.174532925,0.706961,center_box,active
10,0.500000000,7,1,0.981177140,0.180558537,0.068483831,0.535029941,1.172157236,0.937725789,2,-0.174532925,0.706961,center_box,active
10,0.500000000,8,1,0.981177140,0.180558537,0.068483831,0.535029941,1.172157236,0.937725789,2,-0.174532925,0.706961,center_box,active
10,0.500000000,9,1,0.981177140,0.180558537,0.068483831,0.535029941,1.172157236,0.937725789,2,-0.174532925,0.706961,center_box,active
10,0.500000000,10,1,0.981177140,0.180558537,0.068483831,0.535029941,1.172157236,0.937725789,2,-0.174532925,0.706961,center_box,active
10,0.500000000,11,1,0.981177140,0.180558537,0.068483831,0.535029941,1.172157236,0.937725789,2,-0.174532925,0.706961,center_box,active
10,0.500000000,12,1,0.981177140,0.180558537,0.068483831,0.535029941,1.172157236,0.937725789,2,-0.174532925,0.706961,center_box,active
10,0.500000000,13,1,0.981177140,0.180558537,0.068483831,0.535029941,1.172157236,0.937725789,2,-0.174532925,0.706961,center_box,active
10,0.500000000,14,1,0.981177140,0.180558537,0.068483831,0.535029941,1.172157236,0.937725789,2,-0.174532925,0.706961,center_box,active
10,0.500000000,15,1,0.981177140,0.180558537,0.068483831,0.535029941,1.172157236,0.937725789,2,-0.174532925,0.706961,center_box,active
10,0.500000000,16,1,0.981177140,0.180558537,0.068483831,0.535029941,1.172157236,0.937725789,2,-0.174532925,0.706961,center_box,active
10,0.500000000,17,1,0.981177140,0.180558537,0.068483831,0.535029941,1.172157236,0.937725789,2,-0.174532925,0.706961,center_box,active
10,0.500000000,18,1,0.981177140,0.180558537,0.068483831,0.535029941,1.172157236,0.937725789,2,-0.174532925,0.706961,center_box,active
10,0.500000000,19,1,0.981177140,0.180558537,0.068483831,0.535029941,1.172157236,0.937725789,2,-0.174532925,0.706961,center_box,active
10,0.500000000,20,1,0.981177140,0.180558537,0.068483831,0.535029941,1.172157236,0.937725789,2,-0.174532925,0.706961,center_box,active
10,0.500000000,21,1,0.981177140,0.180558537,0.068483831,0.535029941,1.172157236,0.937725789,2,-0.174532925,0.706961,center_box,active
10,0.500000000,22,1,0.981177140,0.180558537,0.068483831,0.535029941,1.172157236,0.937725789,2,-0.174532925,0.706961,center_box,active
10,0.500000000,23,1,0.981177140,0.180558537,0.068483831,0.535029941,1.172157236,0.937725789,2,-0.174532925,0.706961,center_box,active
10,0.500000000,24,1,0.981177140,0.180558537,0.068483831,0.535029941,1.172157236,0.937725789,2,-0.174532925,0.706961,center_box,active
11,0.550000000,0,0,,,,,1.114016919,0.891213535,,0.000000000,0.721496,center_box,active
11,0.550000000,1,0,,,,,1.114016919,0.891213535,,0.000000000,0.721496,center_box,active
11,0.550000000,2,0,,,,,1.114016919,0.891213535,,0.000000000,0.721496,center_box,active
11,0.550000000,3,1,0.989616285,0.083063079,0.117303597,0.631259463,1.114016919,0.891213535,3,0.000000000,0.721496,center_box,active
11,0.550000000,4,1,0.989616285,0.083063079,0.117303597,0.631259463,1.114016919,0.891213535,3,0.000000000,0.721496,center_box,active
11,0.550000000,5,1,0.989616285,0.083063079,0.117303597,0.631259463,1.114016919,0.891213535,3,0.000000000,0.721496,center_box,active
11,0.550000000,6,1,0.989616285,0.083063079,0.117303597,0.631259463,1.114016919,0.891213535,3,0.000000000,0.721496,center_box,active
11,0.550000000,7,1,0.989616285,0.083063079,0.117303597,0.631259463,1.114016919,0.891213535,3,0.000000000,0.721496,center_box,active
11,0.550000000,8,1,0.989616285,0.083063079,0.117303597,0.631259463,1.114016919,0.891213535,3,0.000000000,0.721496,center_box,active
11,0.550000000,9,1,0.989616285,0.083063079,0.117303597,0.631259463,1.114016919,0.891213535,3,0.000000000,0.721496,center_box,active
11,0.550000000,10,1,0.989616285,0.083063079,0.117303597,0.631259463,1.114016919,0.891213535,3,0.000000000,0.721496,center_box,active
11,0.550000000,11,1,0.989616285,0.083063079,0.117303597,0.631259463,1.114016919,0.891213535,3,0.000000000,0.721496,center_box,active
11,0.550000000,12,1,0.989616285,0.083063079,0.117303597,0.631259463,1.114016919,0.891213535,3,0.000000000,0.721496,center_box,active
11,0.550000000,13,1,0.989616285,0.083063079,0.117303597,0.631259463,1.114016919,0.891213535,3,0.000000000,0.721496,center_box,active
11,0.550000000,14,1,0.989616285,0.083063079,0.117303597,0.631259463,1.114016919,0.891213535,3,0.000000000,0.721496,center_box,active
11,0.550000000,15,1,0.989616285,0.083063079,0.117303597,0.631259463,1.114016919,0.891213535,3,0.000000000,0.721496,center_box,active
11,0.550000000,16,1,0.989616285,0.083063079,0.117303597,0.631259463,1.114016919,0.891213535,3,0.000000000,0.721496,center_box,active
11,0.550000000,17,1,0.989616285,0.083063079,0.117303597,0.631259463,1.114016919,0.891213535,3,0.000000000,0.721496,center_box,active
11,0.550000000,18,1,0.989616285,0.083063079,0.117303597,0.631259463,1.114016919,0.891213535,3,0.000000000,0.721496,center_box,active
11,0.550000000,19,1,0.989616285,0.083063079,0.117303597,0.631259463,1.114016919,0.891213535,3,0.000000000,0.721496,center_box,active
11,0.550000000,20,1,0.989616285,0.083063079,0.117303597,0.631259463,1.114016919,0.891213535,3,0.000000000,0.721496,center_box,active
11,0.550000000,21,1,0.989616285,0.083063079,0.117303597,0.631259463,1.114016919,0.891213535,3,0.000000000,0.721496,center_box,active
11,0.550000000,22,1,0.989616285,0.083063079,0.117303597,0.631259463,1.114016919,0.891213535,3,0.000000000,0.721496,center_box,active
11,0.550000000,23,1,0.989616285,0.083063079,0.117303597,0.631259463,1.114016919,0.891213535,3,0.000000000,0.721496,center_box,active
11,0.550000000,24,1,0.989616285,0.083063079,0.117303597,0.631259463,1.114016919,0.891213535,3,0.000000000,0.721496,center_box,active
12,0.600000000,0,0,,,,,1.075077738,0.860062190,,0.000000000,0.731231,center_box,active
12,0.600000000,1,0,,,,,1.075077738,0.860062190,,0.000000000,0.731231,center_box,active
12,0.600000000,2,0,,,,,1.075077738,0.860062190,,0.000000000,0.731231,center_box,active
12,0.600000000,3,1,0.983730758,0.069819770,0.165526417,0.719382187,1.075077738,0.860062190,3,0.000000000,0.731231,center_box,active
12,0.600000000,4,1,0.983730758,0.069819770,0.165526417,0.719382187,1.075077738,0.860062190,3,0.000000000,0.731231,center_box,active
12,0.600000000,5,1,0.983730758,0.069819770,0.165526417,0.719382187,1.075077738,0.860062190,3,0.000000000,0.731231,center_box,active
12,0.600000000,6,1,0.983730758,0.069819770,0.165526417,0.719382187,1.075077738,0.860062190,3,0.000000000,0.731231,center_box,active
12,0.600000000,7,1,0.983730758,0.069819770,0.165526417,0.719382187,1.075077738,0.860062190,3,0.000000000,0.731231,center_box,active
12,0.600000000,8,1,0.983730758,0.069819770,0.165526417,0.719382187,1.075077738,0.860062190,3,0.000000000,0.731231,center_box,active
12,0.600000000,9,1,0.983730758,0.069819770,0.165526417,0.719382187,1.075077738,0.860062190,3,0.000000000,0.731231,center_box,active
12,0.600000000,10,1,0.983730758,0.069819770,0.165526417,0.719382187,1.075077738,0.860062190,3,0.000000000,0.731231,center_box,active
12,0.600000000,11,1,0.983730758,0.069819770,0.165526417,0.719382187,1.075077738,0.860062190,3,0.000000000,0.731231,center_box,active
12,0.600000000,12,1,0.983730758,0.069819770,0.165526417,0.719382187,1.075077738,0.860062190,3,0.000000000,0.731231,center_box,active
12,0.600000000,13,1,0.983730758,0.069819770,0.165526417,0.719382187,1.075077738,0.860062190,3,0.000000000,0.731231,center_box,active
12,0.600000000,14,1,0.983730758,0.069819770,0.165526417,0.719382187,1.075077738,0.860062190,3,0.000000000,0.731231,center_box,active
12,0.600000000,15,1,0.983730758,0.069819770,0.165526417,0.719382187,1.075077738,0.860062190,3,0.000000000,0.731231,center_box,active
12,0.600000000,16,1,0.983730758,0.069819770,0.165526417,0.719382187,1.075077738,0.860062190,3,0.000000000,0.731231,center_box,active
12,0.600000000,17,1,0.983730758,0.069819770,0.165526417,0.719382187,1.075077738,0.860062190,3,0.000000000,0.731231,center_box,active
12,0.600000000,18,1,0.983730758,0.069819770,0.165526417,0.719382187,1.075077738,0.860062190,3,0.000000000,0.731231,center_box,active
12,0.600000000,19,1,0.983730758,0.069819770,0.165526417,0.719382187,1.075077738,0.860062190,3,0.000000000,0.731231,center_box,active
12,0.600000000,20,1,0.983730758,0.069819770,0.165526417,0.719382187,1.075077738,0.860062190,3,0.000000000,0.731231,center_box,active
12,0.600000000,21,1,0.983730758,0.069819770,0.165526417,0.719382187,1.075077738,0.860062190,3,0.000000000,0.731231,center_box,active
12,0.600000000,22,1,0.983730758,0.069819770,0.165526417,0.719382187,1.075077738,0.860062190,3,0.000000000,0.731231,center_box,active
12,0.600000000,23,1,0.983730758,0.069819770,0.165526417,0.719382187,1.075077738,0.860062190,3,0.000000000,0.731231,center_box,active
12,0.600000000,24,1,0.983730758,0.069819770,0.165526417,0.719382187,1.075077738,0.860062190,3,0.000000000,0.731231,center_box,active
13,0.650000000,0,0,,,,,1.039877595,0.831902076,,-0.174532925,0.740031,center_box,active
13,0.650000000,1,0,,,,,1.039877595,0.831902076,,-0.174532925,0.740031,center_box,active
13,0.650000000,2,0,,,,,1.039877595,0.831902076,,-0.174532925,0.740031,center_box,active
13,0.650000000,3,1,0.977698977,0.142084383,0.154650373,0.729453607,1.039877595,0.831902076,2,-0.174532925,0.740031,center_box,active
13,0.650000000,4,1,0.977698977,0.142084383,0.154650373,0.729453607,1.039877595,0.831902076,2,-0.174532925,0.740031,center_box,active
13,0.650000000,5,1,0.977698977,0.142084383,0.154650373,0.729453607,1.039877595,0.831902076,2,-0.174532925,0.740031,center_box,active
13,0.650000000,6,1,0.977698977,0.142084383,0.154650373,0.729453607,1.039877595,0.831902076,2,-0.174532925,0.740031,center_box,active
13,0.650000000,7,1,0.977698977,0.142084383,0.154650373,0.729453607,1.039877595,0.831902076,2,-0.174532925,0.740031,center_box,active
13,0.650000000,8,1,0.977698977,0.142084383,0.154650373,0.729453607,1.039877595,0.831902076,2,-0.174532925,0.740031,center_box,active
13,0.650000000,9,1,0.977698977,0.142084383,0.154650373,0.729453607,1.039877595,0.831902076,2,-0.174532925,0.740031,center_box,active
13,0.650000000,10,1,0.977698977,0.142084383,0.154650373,0.729453607,1.039877595,0.831902076,2,-0.174532925,0.740031,center_box,active
13,0.650000000,11,1,0.977698977,0.142084383,0.154650373,0.729453607,1.039877595,0.831902076,2,-0.174532925,0.740031,center_box,active
13,0.650000000,12,1,0.977698977,0.142084383,0.154650373,0.729453607,1.039877595,0.831902076,2,-0.174532925,0.740031,center_box,active
13,0.650000000,13,1,0.977698977,0.142084383,0.154650373,0.729453607,1.039877595,0.831902076,2,-0.174532925,0.740031,center_box,active
13,0.650000000,14,1,0.977698977,0.142084383,0.154650373,0.729453607,1.039877595,0.831902076,2,-0.174532925,0.740031,center_box,active
13,0.650000000,15,1,0.977698977,0.142084383,0.154650373,0.729453607,1.039877595,0.831902076,2,-0.174532925,0.740031,center_box,active
13,0.650000000,16,1,0.977698977,0.142084383,0.154650373,0.729453607,1.039877595,0.831902076,2,-0.174532925,0.740031,center_box,active
13,0.650000000,17,1,0.977698977,0.142084383,0.154650373,0.729453607,1.039877595,0.831902076,2,-0.174532925,0.740031,center_box,active
13,0.650000000,18,1,0.977698977,0.142084383,0.154650373,0.729453607,1.039877595,0.831902076,2,-0.174532925,0.740031,center_box,active
13,0.650000000,19,1,0.977698977,0.142084383,0.154650373,0.729453607,1.039877595,0.831902076,2,-0.174532925,0.740031,center_box,active
13,0.650000000,20,1,0.977698977,0.142084383,0.154650373,0.729453607,1.039877595,0.831902076,2,-0.174532925,0.740031,center_box,active
13,0.650000000,21,1,0.977698977,0.142084383,0.154650373,0.729453607,1.039877595,0.831902076,2,-0.174532925,0.740031,center_box,active
13,0.650000000,22,1,0.977698977,0.142084383,0.154650373,0.729453607,1.039877595,0.831902076,2,-0.174532925,0.740031,center_box,active
13,0.650000000,23,1,0.977698977,0.142084383,0.154650373,0.729453607,1.039877595,0.831902076,2,-0.174532925,0.740031,center_box,active
13,0.650000000,24,1,0.977698977,0.142084383,0.154650373,0.729453607,1.039877595,0.831902076,2,-0.174532925,0.740031,center_box,active
14,0.700000000,0,0,,,,,1.017659953,0.814127962,,-0.349065850,0.745585,center_box,active
14,0.700000000,1,0,,,,,1.017659953,0.814127962,,-0.349065850,0.745585,center_box,active
14,0.700000000,2,0,,,,,1.017659953,0.814127962,,-0.349065850,0.745585,center_box,active
14,0.700000000,3,1,0.962541029,0.219064564,0.159766966,0.748470037,1.017659953,0.814127962,1,-0.349065850,0.745585,center_box,active
14,0.700000000,4,1,0.962541029,0.219064564,0.159766966,0.748470037,1.017659953,0.814127962,1,-0.349065850,0.745585,center_box,active
14,0.700000000,5,1,0.962541029,0.219064564,0.159766966,0.748470037,1.017659953,0.814127962,1,-0.349065850,0.745585,center_box,active
14,0.700000000,6,1,0.962541029,0.219064564,0.159766966,0.748470037,1.017659953,0.814127962,1,-0.349065850,0.745585,center_box,active
14,0.700000000,7,1,0.962541029,0.219064564,0.159766966,0.748470037,1.017659953,0.814127962,1,-0.349065850,0.745585,center_box,active
14,0.700000000,8,1,0.962541029,0.219064564,0.159766966,0.748470037,1.017659953,0.814127962,1,-0.349065850,0.745585,center_box,active
14,0.700000000,9,1,0.962541029,0.219064564,0.159766966,0.748470037,1.017659953,0.814127962,1,-0.349065850,0.745585,center_box,active
14,0.700000000,10,1,0.962541029,0.219064564,0.159766966,0.748470037,1.017659953,0.814127962,1,-0.349065850,0.745585,center_box,active
14,0.700000000,11,1,0.962541029,0.219064564,0.159766966,0.748470037,1.017659953,0.814127962,1,-0.349065850,0.745585,center_box,active
14,0.700000000,12,1,0.962541029,0.219064564,0.159766966,0.748470037,1.017659953,0.814127962,1,-0.349065850,0.745585,center_box,active
14,0.700000000,13,1,0.962541029,0.219064564,0.159766966,0.748470037,1.017659953,0.814127962,1,-0.349065850,0.745585,center_box,active
14,0.700000000,14,1,0.962541029,0.219064564,0.159766966,0.748470037,1.017659953,0.814127962,1,-0.349065850,0.745585,center_box,active
14,0.700000000,15,1,0.962541029,0.219064564,0.159766966,0.748470037,1.017659953,0.814127962,1,-0.349065850,0.745585,center_box,active
14,0.700000000,16,1,0.962541029,0.219064564,0.159766966,0.748470037,1.017659953,0.814127962,1,-0.349065850,0.745585,center_box,active
14,0.700000000,17,1,0.962541029,0.219064564,0.159766966,0.748470037,1.017659953,0.814127962,1,-0.349065850,0.745585,center_box,active
14,0.700000000,18,1,0.962541029,0.219064564,0.159766966,0.748470037,1.017659953,0.814127962,1,-0.349065850,0.745585,center_box,active
14,0.700000000,19,1,0.962541029,0.219064564,0.159766966,0.748470037,1.017659953,0.814127962,1,-0.349065850,0.745585,center_box,active
14,0.700000000,20,1,0.962541029,0.219064564,0.159766966,0.748470037,1.017659953,0.814127962,1,-0.349065850,0.745585,center_box,active
14,0.700000000,21,1,0.962541029,0.219064564,0.159766966,0.748470037,1.017659953,0.814127962,1,-0.349065850,0.745585,center_box,active
14,0.700000000,22,1,0.962541029,0.219064564,0.159766966,0.748470037,1.017659953,0.814127962,1,-0.349065850,0.745585,center_box,active
14,0.700000000,23,1,0.962541029,0.219064564,0.159766966,0.748470037,1.017659953,0.814127962,1,-0.349065850,0.745585,center_box,active
14,0.700000000,24,1,0.962541029,0.219064564,0.159766966,0.748470037,1.017659953,0.814127962,1,-0.349065850,0.745585,center_box,active
15,0.750000000,0,0,,,,,0.989274210,0.791419368,,-0.349065850,0.752681,center_box,active
15,0.750000000,1,0,,,,,0.989274210,0.791419368,,-0.349065850,0.752681,center_box,active
15,0.750000000,2,0,,,,,0.989274210,0.791419368,,-0.349065850,0.752681,center_box,active
15,0.750000000,3,1,0.956142596,0.207648636,0.206575360,0.821163386,0.989274210,0.791419368,1,-0.349065850,0.752681,center_box,active
15,0.750000000,4,1,0.956142596,0.207648636,0.206575360,0.821163386,0.989274210,0.791419368,1,-0.349065850,0.752681,center_box,active
15,0.750000000,5,1,0.956142596,0.207648636,0.206575360,0.821163386,0.989274210,0.791419368,1,-0.349065850,0.752681,center_box,active
15,0.750000000,6,1,0.956142596,0.207648636,0.206575360,0.821163386,0.989274210,0.791419368,1,-0.349065850,0.752681,center_box,active
15,0.750000000,7,1,0.956142596,0.207648636,0.206575360,0.821163386,0.989274210,0.791419368,1,-0.349065850,0.752681,center_box,active
15,0.750000000,8,1,0.956142596,0.207648636,0.206575360,0.821163386,0.989274210,0.791419368,1,-0.349065850,0.752681,center_box,active
15,0.750000000,9,1,0.956142596,0.207648636,0.206575360,0.821163386,0.989274210,0.791419368,1,-0.349065850,0.752681,center_box,active
15,0.750000000,10,1,0.956142596,0.207648636,0.206575360,0.821163386,0.989274210,0.791419368,1,-0.349065850,0.752681,center_box,active
15,0.750000000,11,1,0.956142596,0.207648636,0.206575360,0.821163386,0.989274210,0.791419368,1,-0.349065850,0.752681,center_box,active
15,0.750000000,12,1,0.956142596,0.207648636,0.206575360,0.821163386,0.989274210,0.791419368,1,-0.349065850,0.752681,center_box,active
15,0.750000000,13,1,0.956142596,0.207648636,0.206575360,0.821163386,0.989274210,0.791419368,1,-0.349065850,0.752681,center_box,active
15,0.750000000,14,1,0.956142596,0.207648636,0.206575360,0.821163386,0.989274210,0.791419368,1,-0.349065850,0.752681,center_box,active
15,0.750000000,15,1,0.956142596,0.207648636,0.206575360,0.821163386,0.989274210,0.791419368,1,-0.349065850,0.752681,center_box,active
15,0.750000000,16,1,0.956142596,0.207648636,0.206575360,0.821163386,0.989274210,0.791419368,1,-0.349065850,0.752681,center_box,active
15,0.750000000,17,1,0.956142596,0.207648636,0.206575360,0.821163386,0.989274210,0.791419368,1,-0.349065850,0.752681,center_box,active
15,0.750000000,18,1,0.956142596,0.207648636,0.206575360,0.821163386,0.989274210,0.791419368,1,-0.349065850,0.752681,center_box,active
15,0.750000000,19,1,0.956142596,0.207648636,0.206575360,0.821163386,0.989274210,0.791419368,1,-0.349065850,0.752681,center_box,active
15,0.750000000,20,1,0.956142596,0.207648636,0.206575360,0.821163386,0.989274210,0.791419368,1,-0.349065850,0.752681,center_box,active
15,0.750000000,21,1,0.956142596,0.207648636,0.206575360,0.821163386,0.989274210,0.791419368,1,-0.349065850,0.752681,center_box,active
15,0.750000000,22,1,0.956142596,0.207648636,0.206575360,0.821163386,0.989274210,0.791419368,1,-0.349065850,0.752681,center_box,active
15,0.750000000,23,1,0.956142596,0.207648636,0.206575360,0.821163386,0.989274210,0.791419368,1,-0.349065850,0.752681,center_box,active
15,0.750000000,24,1,0.956142596,0.207648636,0.206575360,0.821163386,0.989274210,0.791419368,1,-0.349065850,0.752681,center_box,active
16,0.800000000,0,0,,,,,0.983115508,0.786492406,,-0.349065850,0.754221,center_box,active
16,0.800000000,1,0,,,,,0.983115508,0.786492406,,-0.349065850,0.754221,center_box,active
16,0.800000000,2,0,,,,,0.983115508,0.786492406,,-0.349065850,0.754221,center_box,active
16,0.800000000,3,1,0.932636626,0.288004907,0.217352473,0.829673254,0.983115508,0.786492406,1,-0.349065850,0.754221,center_box,active
16,0.800000000,4,1,0.932636626,0.288004907,0.217352473,0.829673254,0.983115508,0.786492406,1,-0.349065850,0.754221,center_box,active
16,0.800000000,5,1,0.932636626,0.288004907,0.217352473,0.829673254,0.983115508,0.786492406,1,-0.349065850,0.754221,center_box,active
16,0.800000000,6,1,0.932636626,0.288004907,0.217352473,0.829673254,0.983115508,0.786492406,1,-0.349065850,0.754221,center_box,active
16,0.800000000,7,1,0.932636626,0.288004907,0.217352473,0.829673254,0.983115508,0.786492406,1,-0.349065850,0.754221,center_box,active
16,0.800000000,8,1,0.932636626,0.288004907,0.217352473,0.829673254,0.983115508,0.786492406,1,-0.349065850,0.754221,center_box,active
16,0.800000000,9,1,0.932636626,0.288004907,0.217352473,0.829673254,0.983115508,0.786492406,1,-0.349065850,0.754221,center_box,active
16,0.800000000,10,1,0.932636626,0.288004907,0.217352473,0.829673254,0.983115508,0.786492406,1,-0.349065850,0.754221,center_box,active
16,0.800000000,11,1,0.932636626,0.288004907,0.217352473,0.829673254,0.983115508,0.786492406,1,-0.349065850,0.754221,center_box,active
16,0.800000000,12,1,0.932636626,0.288004907,0.217352473,0.829673254,0.983115508,0.786492406,1,-0.349065850,0.754221,center_box,active
16,0.800000000,13,1,0.932636626,0.288004907,0.217352473,0.829673254,0.983115508,0.786492406,1,-0.349065850,0.754221,center_box,active
16,0.800000000,14,1,0.932636626,0.288004907,0.217352473,0.829673254,0.983115508,0.786492406,1,-0.349065850,0.754221,center_box,active
16,0.800000000,15,1,0.932636626,0.288004907,0.217352473,0.829673254,0.983115508,0.786492406,1,-0.349065850,0.754221,center_box,active
16,0.800000000,16,1,0.932636626,0.288004907,0.217352473,0.829673254,0.983115508,0.786492406,1,-0.349065850,0.754221,center_box,active
16,0.800000000,17,1,0.932636626,0.288004907,0.217352473,0.829673254,0.983115508,0.786492406,1,-0.349065850,0.754221,center_box,active
16,0.800000000,18,1,0.932636626,0.288004907,0.217352473,0.829673254,0.983115508,0.786492406,1,-0.349065850,0.754221,center_box,active
16,0.800000000,19,1,0.932636626,0.288004907,0.217352473,0.829673254,0.983115508,0.786492406,1,-0.349065850,0.754221,center_box,active
16,0.800000000,20,1,0.932636626,0.288004907,0.217352473,0.829673254,0.983115508,0.786492406,1,-0.349065850,0.754221,center_box,active
16,0.800000000,21,1,0.932636626,0.288004907,0.217352473,0.829673254,0.983115508,0.786492406,1,-0.349065850,0.754221,center_box,active
16,0.800000000,22,1,0.932636626,0.288004907,0.217352473,0.829673254,0.983115508,0.786492406,1,-0.349065850,0.754221,center_box,active
16,0.800000000,23,1,0.932636626,0.288004907,0.217352473,0.829673254,0.983115508,0.786492406,1,-0.349065850,0.754221,center_box,active
16,0.800000000,24,1,0.932636626,0.288004907,0.217352473,0.829673254,0.983115508,0.786492406,1,-0.349065850,0.754221,center_box,active
17,0.850000000,0,0,,,,,0.925934300,0.740747440,,-0.174532925,0.768516,center_box,active
17,0.850000000,1,0,,,,,0.925934300,0.740747440,,-0.174532925,0.768516,center_box,active
17,0.850000000,2,0,,,,,0.925934300,0.740747440,,-0.174532925,0.768516,center_box,active
17,0.850000000,3,1,0.965160126,0.188521426,0.181454135,0.828603070,0.925934300,0.740747440,2,-0.174532925,0.768516,center_box,active
17,0.850000000,4,1,0.965160126,0.188521426,0.181454135,0.828603070,0.925934300,0.740747440,2,-0.174532925,0.768516,center_box,active
17,0.850000000,5,1,0.965160126,0.188521426,0.181454135,0.828603070,0.925934300,0.740747440,2,-0.174532925,0.768516,center_box,active
17,0.850000000,6,1,0.965160126,0.188521426,0.181454135,0.828603070,0.925934300,0.740747440,2,-0.174532925,0.768516,center_box,active
17,0.850000000,7,1,0.965160126,0.188521426,0.181454135,0.828603070,0.925934300,0.740747440,2,-0.174532925,0.768516,center_box,active
17,0.850000000,8,1,0.965160126,0.188521426,0.181454135,0.828603070,0.925934300,0.740747440,2,-0.174532925,0.768516,center_box,active
17,0.850000000,9,1,0.965160126,0.188521426,0.181454135,0.828603070,0.925934300,0.740747440,2,-0.174532925,0.768516,center_box,active
17,0.850000000,10,1,0.965160126,0.188521426,0.181454135,0.828603070,0.925934300,0.740747440,2,-0.174532925,0.768516,center_box,active
17,0.850000000,11,1,0.965160126,0.188521426,0.181454135,0.828603070,0.925934300,0.740747440,2,-0.174532925,0.768516,center_box,active
17,0.850000000,12,1,0.965160126,0.188521426,0.181454135,0.828603070,0.925934300,0.740747440,2,-0.174532925,0.768516,center_box,active
17,0.850000000,13,1,0.965160126,0.188521426,0.181454135,0.828603070,0.925934300,0.740747440,2,-0.174532925,0.768516,center_box,active
17,0.850000000,14,1,0.965160126,0.188521426,0.181454135,0.828603070,0.925934300,0.740747440,2,-0.174532925,0.768516,center_box,active
17,0.850000000,15,1,0.965160126,0.188521426,0.181454135,0.828603070,0.925934300,0.740747440,2,-0.174532925,0.768516,center_box,active
17,0.850000000,16,1,0.965160126,0.188521426,0.181454135,0.828603070,0.925934300,0.740747440,2,-0.174532925,0.768516,center_box,active
17,0.850000000,17,1,0.965160126,0.188521426,0.181454135,0.828603070,0.925934300,0.740747440,2,-0.174532925,0.768516,center_box,active
17,0.850000000,18,1,0.965160126,0.188521426,0.181454135,0.828603070,0.925934300,0.740747440,2,-0.174532925,0.768516,center_box,active
17,0.850000000,19,1,0.965160126,0.188521426,0.181454135,0.828603070,0.925934300,0.740747440,2,-0.174532925,0.768516,center_box,active
17,0.850000000,20,1,0.965160126,0.188521426,0.181454135,0.828603070,0.925934300,0.740747440,2,-0.174532925,0.768516,center_box,active
17,0.850000000,21,1,0.965160126,0.188521426,0.181454135,0.828603070,0.925934300,0.740747440,2,-0.174532925,0.768516,center_box,active
17,0.850000000,22,1,0.965160126,0.188521426,0.181454135,0.828603070,0.925934300,0.740747440,2,-0.174532925,0.768516,center_box,active
17,0.850000000,23,1,0.965160126,0.188521426,0.181454135,0.828603070,0.925934300,0.740747440,2,-0.174532925,0.768516,center_box,active
17,0.850000000,24,1,0.965160126,0.188521426,0.181454135,0.828603070,0.925934300,0.740747440,2,-0.174532925,0.768516,center_box,active
18,0.900000000,0,0,,,,,0.927378562,0.741902849,,-0.349065850,0.768155,center_box,active
18,0.900000000,1,0,,,,,0.927378562,0.741902849,,-0.349065850,0.768155,center_box,active
18,0.900000000,2,0,,,,,0.927378562,0.741902849,,-0.349065850,0.768155,center_box,active
18,0.900000000,3,1,0.944302337,0.324923961,0.052129808,0.659321522,0.927378562,0.741902849,1,-0.349065850,0.768155,center_box,active
18,0.900000000,4,1,0.944302337,0.324923961,0.052129808,0.659321522,0.927378562,0.741902849,1,-0.349065850,0.768155,center_box,active
18,0.900000000,5,1,0.944302337,0.324923961,0.052129808,0.659321522,0.927378562,0.741902849,1,-0.349065850,0.768155,center_box,active
18,0.900000000,6,1,0.944302337,0.324923961,0.052129808,0.659321522,0.927378562,0.741902849,1,-0.349065850,0.768155,center_box,active
18,0.900000000,7,1,0.944302337,0.324923961,0.052129808,0.659321522,0.927378562,0.741902849,1,-0.349065850,0.768155,center_box,active
18,0.900000000,8,1,0.944302337,0.324923961,0.052129808,0.659321522,0.927378562,0.741902849,1,-0.349065850,0.768155,center_box,active
18,0.900000000,9,1,0.944302337,0.324923961,0.052129808,0.659321522,0.927378562,0.741902849,1,-0.349065850,0.768155,center_box,active
18,0.900000000,10,1,0.944302337,0.324923961,0.052129808,0.659321522,0.927378562,0.741902849,1,-0.349065850,0.768155,center_box,active
18,0.900000000,11,1,0.944302337,0.324923961,0.052129808,0.659321522,0.927378562,0.741902849,1,-0.349065850,0.768155,center_box,active
18,0.900000000,12,1,0.944302337,0.324923961,0.052129808,0.659321522,0.927378562,0.741902849,1,-0.349065850,0.768155,center_box,active
18,0.900000000,13,1,0.944302337,0.324923961,0.052129808,0.659321522,0.927378562,0.741902849,1,-0.349065850,0.768155,center_box,active
18,0.900000000,14,1,0.944302337,0.324923961,0.052129808,0.659321522,0.927378562,0.741902849,1,-0.349065850,0.768155,center_box,active
18,0.900000000,15,1,0.944302337,0.324923961,0.052129808,0.659321522,0.927378562,0.741902849,1,-0.349065850,0.768155,center_box,active
18,0.900000000,16,1,0.944302337,0.324923961,0.052129808,0.659321522,0.927378562,0.741902849,1,-0.349065850,0.768155,center_box,active
18,0.900000000,17,1,0.944302337,0.324923961,0.052129808,0.659321522,0.927378562,0.741902849,1,-0.349065850,0.768155,center_box,active
18,0.900000000,18,1,0.944302337,0.324923961,0.052129808,0.659321522,0.927378562,0.741902849,1,-0.349065850,0.768155,center_box,active
18,0.900000000,19,1,0.944302337,0.324923961,0.052129808,0.659321522,0.927378562,0.741902849,1,-0.349065850,0.768155,center_box,active
18,0.900000000,20,1,0.944302337,0.324923961,0.052129808,0.659321522,0.927378562,0.741902849,1,-0.349065850,0.768155,center_box,active
18,0.900000000,21,1,0.944302337,0.324923961,0.052129808,0.659321522,0.927378562,0.741902849,1,-0.349065850,0.768155,center_box,active
18,0.900000000,22,1,0.944302337,0.324923961,0.052129808,0.659321522,0.927378562,0.741902849,1,-0.349065850,0.768155,center_box,active
18,0.900000000,23,1,0.944302337,0.324923961,0.052129808,0.659321522,0.927378562,0.741902849,1,-0.349065850,0.768155,center_box,active
18,0.900000000,24,1,0.944302337,0.324923961,0.052129808,0.659321522,0.927378562,0.741902849,1,-0.349065850,0.768155,center_box,active
19,0.950000000,0,0,,,,,0.908650366,0.726920293,,-0.349065850,0.772837,center_box,active
19,0.950000000,1,0,,,,,0.908650366,0.726920293,,-0.349065850,0.772837,center_box,active
19,0.950000000,2,0,,,,,0.908650366,0.726920293,,-0.349065850,0.772837,center_box,active
19,0.950000000,3,1,0.947001467,0.293417675,-0.130745129,0.470951449,0.908650366,0.726920293,1,-0.349065850,0.772837,center_box,active
19,0.950000000,4,1,0.947001467,0.293417675,-0.130745129,0.470951449,0.908650366,0.726920293,1,-0.349065850,0.772837,center_box,active
19,0.950000000,5,1,0.947001467,0.293417675,-0.130745129,0.470951449,0.908650366,0.726920293,1,-0.349065850,0.772837,center_box,active
19,0.950000000,6,1,0.947001467,0.293417675,-0.130745129,0.470951449,0.908650366,0.726920293,1,-0.349065850,0.772837,center_box,active
19,0.950000000,7,1,0.947001467,0.293417675,-0.130745129,0.470951449,0.908650366,0.726920293,1,-0.349065850,0.772837,center_box,active
19,0.950000000,8,1,0.947001467,0.293417675,-0.130745129,0.470951449,0.908650366,0.726920293,1,-0.349065850,0.772837,center_box,active
19,0.950000000,9,1,0.947001467,0.293417675,-0.130745129,0.470951449,0.908650366,0.726920293,1,-0.349065850,0.772837,center_box,active
19,0.950000000,10,1,0.947001467,0.293417675,-0.130745129,0.470951449,0.908650366,0.726920293,1,-0.349065850,0.772837,center_box,active
19,0.950000000,11,1,0.947001467,0.293417675,-0.130745129,0.470951449,0.908650366,0.726920293,1,-0.349065850,0.772837,center_box,active
19,0.950000000,12,1,0.947001467,0.293417675,-0.130745129,0.470951449,0.908650366,0.726920293,1,-0.349065850,0.772837,center_box,active
19,0.950000000,13,1,0.947001467,0.293417675,-0.130745129,0.470951449,0.908650366,0.726920293,1,-0.349065850,0.772837,center_box,active
19,0.950000000,14,1,0.947001467,0.293417675,-0.130745129,0.470951449,0.908650366,0.726920293,1,-0.349065850,0.772837,center_box,active
19,0.950000000,15,1,0.947001467,0.293417675,-0.130745129,0.470951449,0.908650366,0.726920293,1,-0.349065850,0.772837,center_box,active
19,0.950000000,16,1,0.947001467,0.293417675,-0.130745129,0.470951449,0.908650366,0.726920293,1,-0.349065850,0.772837,center_box,active
19,0.950000000,17,1,0.947001467,0.293417675,-0.130745129,0.470951449,0.908650366,0.726920293,1,-0.349065850,0.772837,center_box,active
19,0.950000000,18,1,0.947001467,0.293417675,-0.130745129,0.470951449,0.908650366,0.726920293,1,-0.349065850,0.772837,center_box,active
19,0.950000000,19,1,0.947001467,0.293417675,-0.130745129,0.470951449,0.908650366,0.726920293,1,-0.349065850,0.772837,center_box,active
19,0.950000000,20,1,0.947001467,0.293417675,-0.130745129,0.470951449,0.908650366,0.726920293,1,-0.349065850,0.772837,center_box,active
19,0.950000000,21,1,0.947001467,0.293417675,-0.130745129,0.470951449,0.908650366,0.726920293,1,-0.349065850,0.772837,center_box,active
19,0.950000000,22,1,0.947001467,0.293417675,-0.130745129,0.470951449,0.908650366,0.726920293,1,-0.349065850,0.772837,center_box,active
19,0.950000000,23,1,0.947001467,0.293417675,-0.130745129,0.470951449,0.908650366,0.726920293,1,-0.349065850,0.772837,center_box,active
19,0.950000000,24,1,0.947001467,0.293417675,-0.130745129,0.470951449,0.908650366,0.726920293,1,-0.349065850,0.772837,center_box,active
20,1.000000000,0,0,,,,,0.908650366,0.726920293,,-0.349065850,0.772837,center_box,held_active
20,1.000000000,1,0,,,,,0.908650366,0.726920293,,-0.349065850,0.772837,center_box,held_active
20,1.000000000,2,0,,,,,0.908650366,0.726920293,,-0.349065850,0.772837,center_box,held_active
20,1.000000000,3,1,0.947001467,0.293417675,-0.130745129,0.470951449,0.908650366,0.726920293,1,-0.349065850,0.772837,center_box,held_active
20,1.000000000,4,1,0.947001467,0.293417675,-0.130745129,0.470951449,0.908650366,0.726920293,1,-0.349065850,0.772837,center_box,held_active
20,1.000000000,5,1,0.947001467,0.293417675,-0.130745129,0.470951449,0.908650366,0.726920293,1,-0.349065850,0.772837,center_box,held_active
20,1.000000000,6,1,0.947001467,0.293417675,-0.130745129,0.470951449,0.908650366,0.726920293,1,-0.349065850,0.772837,center_box,held_active
20,1.000000000,7,1,0.947001467,0.293417675,-0.130745129,0.470951449,0.908650366,0.726920293,1,-0.349065850,0.772837,center_box,held_active
20,1.000000000,8,1,0.947001467,0.293417675,-0.130745129,0.470951449,0.908650366,0.726920293,1,-0.349065850,0.772837,center_box,held_active
20,1.000000000,9,1,0.947001467,0.293417675,-0.130745129,0.470951449,0.908650366,0.726920293,1,-0.349065850,0.772837,center_box,held_active
20,1.000000000,10,1,0.947001467,0.293417675,-0.130745129,0.470951449,0.908650366,0.726920293,1,-0.349065850,0.772837,center_box,held_active
20,1.000000000,11,1,0.947001467,0.293417675,-0.130745129,0.470951449,0.908650366,0.726920293,1,-0.349065850,0.772837,center_box,held_active
20,1.000000000,12,1,0.947001467,0.293417675,-0.130745129,0.470951449,0.908650366,0.726920293,1,-0.349065850,0.772837,center_box,held_active
20,1.000000000,13,1,0.947001467,0.293417675,-0.130745129,0.470951449,0.908650366,0.726920293,1,-0.349065850,0.772837,center_box,held_active
20,1.000000000,14,1,0.947001467,0.293417675,-0.130745129,0.470951449,0.908650366,0.726920293,1,-0.349065850,0.772837,center_box,held_active
20,1.000000000,15,1,0.947001467,0.293417675,-0.130745129,0.470951449,0.908650366,0.726920293,1,-0.349065850,0.772837,center_box,held_active
20,1.000000000,16,1,0.947001467,0.293417675,-0.130745129,0.470951449,0.908650366,0.726920293,1,-0.349065850,0.772837,center_box,held_active
20,1.000000000,17,1,0.947001467,0.293417675,-0.130745129,0.470951449,0.908650366,0.726920293,1,-0.349065850,0.772837,center_box,held_active
20,1.000000000,18,1,0.947001467,0.293417675,-0.130745129,0.470951449,0.908650366,0.726920293,1,-0.349065850,0.772837,center_box,held_active
20,1.000000000,19,1,0.947001467,0.293417675,-0.130745129,0.470951449,0.908650366,0.726920293,1,-0.349065850,0.772837,center_box,held_active
20,1.000000000,20,1,0.947001467,0.293417675,-0.130745129,0.470951449,0.908650366,0.726920293,1,-0.349065850,0.772837,center_box,held_active
20,1.000000000,21,1,0.947001467,0.293417675,-0.130745129,0.470951449,0.908650366,0.726920293,1,-0.349065850,0.772837,center_box,held_active
20,1.000000000,22,1,0.947001467,0.293417675,-0.130745129,0.470951449,0.908650366,0.726920293,1,-0.349065850,0.772837,center_box,held_active
20,1.000000000,23,1,0.947001467,0.293417675,-0.130745129,0.470951449,0.908650366,0.726920293,1,-0.349065850,0.772837,center_box,held_active
20,1.000000000,24,1,0.947001467,0.293417675,-0.130745129,0.470951449,0.908650366,0.726920293,1,-0.349065850,0.772837,center_box,held_active
21,1.050000000,0,0,,,,,0.908650366,0.726920293,,-0.349065850,0.772837,center_box,held_active
21,1.050000000,1,0,,,,,0.908650366,0.726920293,,-0.349065850,0.772837,center_box,held_active
21,1.050000000,2,0,,,,,0.908650366,0.726920293,,-0.349065850,0.772837,center_box,held_active
21,1.050000000,3,1,0.947001467,0.293417675,-0.130745129,0.470951449,0.908650366,0.726920293,1,-0.349065850,0.772837,center_box,held_active
21,1.050000000,4,1,0.947001467,0.293417675,-0.130745129,0.470951449,0.908650366,0.726920293,1,-0.349065850,0.772837,center_box,held_active
21,1.050000000,5,1,0.947001467,0.293417675,-0.130745129,0.470951449,0.908650366,0.726920293,1,-0.349065850,0.772837,center_box,held_active
21,1.050000000,6,1,0.947001467,0.293417675,-0.130745129,0.470951449,0.908650366,0.726920293,1,-0.349065850,0.772837,center_box,held_active
21,1.050000000,7,1,0.947001467,0.293417675,-0.130745129,0.470951449,0.908650366,0.726920293,1,-0.349065850,0.772837,center_box,held_active
21,1.050000000,8,1,0.947001467,0.293417675,-0.130745129,0.470951449,0.908650366,0.726920293,1,-0.349065850,0.772837,center_box,held_active
21,1.050000000,9,1,0.947001467,0.293417675,-0.130745129,0.470951449,0.908650366,0.726920293,1,-0.349065850,0.772837,center_box,held_active
21,1.050000000,10,1,0.947001467,0.293417675,-0.130745129,0.470951449,0.908650366,0.726920293,1,-0.349065850,0.772837,center_box,held_active
21,1.050000000,11,1,0.947001467,0.293417675,-0.130745129,0.470951449,0.908650366,0.726920293,1,-0.349065850,0.772837,center_box,held_active
21,1.050000000,12,1,0.947001467,0.293417675,-0.130745129,0.470951449,0.908650366,0.726920293,1,-0.349065850,0.772837,center_box,held_active
21,1.050000000,13,1,0.947001467,0.293417675,-0.130745129,0.470951449,0.908650366,0.726920293,1,-0.349065850,0.772837,center_box,held_active
21,1.050000000,14,1,0.947001467,0.293417675,-0.130745129,0.470951449,0.908650366,0.726920293,1,-0.349065850,0.772837,center_box,held_active
21,1.050000000,15,1,0.947001467,0.293417675,-0.130745129,0.470951449,0.908650366,0.726920293,1,-0.349065850,0.772837,center_box,held_active
21,1.050000000,16,1,0.947001467,0.293417675,-0.130745129,0.470951449,0.908650366,0.726920293,1,-0.349065850,0.772837,center_box,held_active
21,1.050000000,17,1,0.947001467,0.293417675,-0.130745129,0.470951449,0.908650366,0.726920293,1,-0.349065850,0.772837,center_box,held_active
21,1.050000000,18,1,0.947001467,0.293417675,-0.130745129,0.470951449,0.908650366,0.726920293,1,-0.349065850,0.772837,center_box,held_active
21,1.050000000,19,1,0.947001467,0.293417675,-0.130745129,0.470951449,0.908650366,0.726920293,1,-0.349065850,0.772837,center_box,held_active
21,1.050000000,20,1,0.947001467,0.293417675,-0.130745129,0.470951449,0.908650366,0.726920293,1,-0.349065850,0.772837,center_box,held_active
21,1.050000000,21,1,0.947001467,0.293417675,-0.130745129,0.470951449,0.908650366,0.726920293,1,-0.349065850,0.772837,center_box,held_active
21,1.050000000,22,1,0.947001467,0.293417675,-0.130745129,0.470951449,0.908650366,0.726920293,1,-0.349065850,0.772837,center_box,held_active
21,1.050000000,23,1,0.947001467,0.293417675,-0.130745129,0.470951449,0.908650366,0.726920293,1,-0.349065850,0.772837,center_box,held_active
21,1.050000000,24,1,0.947001467,0.293417675,-0.130745129,0.470951449,0.908650366,0.726920293,1,-0.349065850,0.772837,center_box,held_active
22,1.100000000,0,0,,,,,0.908650366,0.726920293,,-0.349065850,0.772837,center_box,held_active
22,1.100000000,1,0,,,,,0.908650366,0.726920293,,-0.349065850,0.772837,center_box,held_active
22,1.100000000,2,0,,,,,0.908650366,0.726920293,,-0.349065850,0.772837,center_box,held_active
22,1.100000000,3,1,0.947001467,0.293417675,-0.130745129,0.470951449,0.908650366,0.726920293,1,-0.349065850,0.772837,center_box,held_active
22,1.100000000,4,1,0.947001467,0.293417675,-0.130745129,0.470951449,0.908650366,0.726920293,1,-0.349065850,0.772837,center_box,held_active
22,1.100000000,5,1,0.947001467,0.293417675,-0.130745129,0.470951449,0.908650366,0.726920293,1,-0.349065850,0.772837,center_box,held_active
22,1.100000000,6,1,0.947001467,0.293417675,-0.130745129,0.470951449,0.908650366,0.726920293,1,-0.349065850,0.772837,center_box,held_active
22,1.100000000,7,1,0.947001467,0.293417675,-0.130745129,0.470951449,0.908650366,0.726920293,1,-0.349065850,0.772837,center_box,held_active
22,1.100000000,8,1,0.947001467,0.293417675,-0.130745129,0.470951449,0.908650366,0.726920293,1,-0.349065850,0.772837,center_box,held_active
22,1.100000000,9,1,0.947001467,0.293417675,-0.130745129,0.470951449,0.908650366,0.726920293,1,-0.349065850,0.772837,center_box,held_active
22,1.100000000,10,1,0.947001467,0.293417675,-0.130745129,0.470951449,0.908650366,0.726920293,1,-0.349065850,0.772837,center_box,held_active
22,1.100000000,11,1,0.947001467,0.293417675,-0.130745129,0.470951449,0.908650366,0.726920293,1,-0.349065850,0.772837,center_box,held_active
22,1.100000000,12,1,0.947001467,0.293417675,-0.130745129,0.470951449,0.908650366,0.726920293,1,-0.349065850,0.772837,center_box,held_active
22,1.100000000,13,1,0.947001467,0.293417675,-0.130745129,0.470951449,0.908650366,0.726920293,1,-0.349065850,0.772837,center_box,held_active
22,1.100000000,14,1,0.947001467,0.293417675,-0.130745129,0.470951449,0.908650366,0.726920293,1,-0.349065850,0.772837,center_box,held_active
22,1.100000000,15,1,0.947001467,0.293417675,-0.130745129,0.470951449,0.908650366,0.726920293,1,-0.349065850,0.772837,center_box,held_active
22,1.100000000,16,1,0.947001467,0.293417675,-0.130745129,0.470951449,0.908650366,0.726920293,1,-0.349065850,0.772837,center_box,held_active
22,1.100000000,17,1,0.947001467,0.293417675,-0.130745129,0.470951449,0.908650366,0.726920293,1,-0.349065850,0.772837,center_box,held_active
22,1.100000000,18,1,0.947001467,0.293417675,-0.130745129,0.470951449,0.908650366,0.726920293,1,-0.349065850,0.772837,center_box,held_active
22,1.100000000,19,1,0.947001467,0.293417675,-0.130745129,0.470951449,0.908650366,0.726920293,1,-0.349065850,0.772837,center_box,held_active
22,1.100000000,20,1,0.947001467,0.293417675,-0.130745129,0.470951449,0.908650366,0.726920293,1,-0.349065850,0.772837,center_box,held_active
22,1.100000000,21,1,0.947001467,0.293417675,-0.130745129,0.470951449,0.908650366,0.726920293,1,-0.349065850,0.772837,center_box,held_active
22,1.100000000,22,1,0.947001467,0.293417675,-0.130745129,0.470951449,0.908650366,0.726920293,1,-0.349065850,0.772837,center_box,held_active
22,1.100000000,23,1,0.947001467,0.293417675,-0.130745129,0.470951449,0.908650366,0.726920293,1,-0.349065850,0.772837,center_box,held_active
22,1.100000000,24,1,0.947001467,0.293417675,-0.130745129,0.470951449,0.908650366,0.726920293,1,-0.349065850,0.772837,center_box,held_active
23,1.150000000,0,0,,,,,0.908650366,0.726920293,,-0.349065850,0.772837,center_box,held_active
23,1.150000000,1,0,,,,,0.908650366,0.726920293,,-0.349065850,0.772837,center_box,held_active
23,1.150000000,2,0,,,,,0.908650366,0.726920293,,-0.349065850,0.772837,center_box,held_active
23,1.150000000,3,1,0.947001467,0.293417675,-0.130745129,0.470951449,0.908650366,0.726920293,1,-0.349065850,0.772837,center_box,held_active
23,1.150000000,4,1,0.947001467,0.293417675,-0.130745129,0.470951449,0.908650366,0.726920293,1,-0.349065850,0.772837,center_box,held_active
23,1.150000000,5,1,0.947001467,0.293417675,-0.130745129,0.470951449,0.908650366,0.726920293,1,-0.349065850,0.772837,center_box,held_active
23,1.150000000,6,1,0.947001467,0.293417675,-0.130745129,0.470951449,0.908650366,0.726920293,1,-0.349065850,0.772837,center_box,held_active
23,1.150000000,7,1,0.947001467,0.293417675,-0.130745129,0.470951449,0.908650366,0.726920293,1,-0.349065850,0.772837,center_box,held_active
23,1.150000000,8,1,0.947001467,0.293417675,-0.130745129,0.470951449,0.908650366,0.726920293,1,-0.349065850,0.772837,center_box,held_active
23,1.150000000,9,1,0.947001467,0.293417675,-0.130745129,0.470951449,0.908650366,0.726920293,1,-0.349065850,0.772837,center_box,held_active
23,1.150000000,10,1,0.947001467,0.293417675,-0.130745129,0.470951449,0.908650366,0.726920293,1,-0.349065850,0.772837,center_box,held_active
23,1.150000000,11,1,0.947001467,0.293417675,-0.130745129,0.470951449,0.908650366,0.726920293,1,-0.349065850,0.772837,center_box,held_active
23,1.150000000,12,1,0.947001467,0.293417675,-0.130745129,0.470951449,0.908650366,0.726920293,1,-0.349065850,0.772837,center_box,held_active
23,1.150000000,13,1,0.947001467,0.293417675,-0.130745129,0.470951449,0.908650366,0.726920293,1,-0.349065850,0.772837,center_box,held_active
23,1.150000000,14,1,0.947001467,0.293417675,-0.130745129,0.470951449,0.908650366,0.726920293,1,-0.349065850,0.772837,center_box,held_active
23,1.150000000,15,1,0.947001467,0.293417675,-0.130745129,0.470951449,0.908650366,0.726920293,1,-0.349065850,0.772837,center_box,held_active
23,1.150000000,16,1,0.947001467,0.293417675,-0.130745129,0.470951449,0.908650366,0.726920293,1,-0.349065850,0.772837,center_box,held_active
23,1.150000000,17,1,0.947001467,0.293417675,-0.130745129,0.470951449,0.908650366,0.726920293,1,-0.349065850,0.772837,center_box,held_active
23,1.150000000,18,1,0.947001467,0.293417675,-0.130745129,0.470951449,0.908650366,0.726920293,1,-0.349065850,0.772837,center_box,held_active
23,1.150000000,19,1,0.947001467,0.293417675,-0.130745129,0.470951449,0.908650366,0.726920293,1,-0.349065850,0.772837,center_box,held_active
23,1.150000000,20,1,0.947001467,0.293417675,-0.130745129,0.470951449,0.908650366,0.726920293,1,-0.349065850,0.772837,center_box,held_active
23,1.150000000,21,1,0.947001467,0.293417675,-0.130745129,0.470951449,0.908650366,0.726920293,1,-0.349065850,0.772837,center_box,held_active
23,1.150000000,22,1,0.947001467,0.293417675,-0.130745129,0.470951449,0.908650366,0.726920293,1,-0.349065850,0.772837,center_box,held_active
23,1.150000000,23,1,0.947001467,0.293417675,-0.130745129,0.470951449,0.908650366,0.726920293,1,-0.349065850,0.772837,center_box,held_active
23,1.150000000,24,1,0.947001467,0.293417675,-0.130745129,0.470951449,0.908650366,0.726920293,1,-0.349065850,0.772837,center_box,held_active
24,1.200000000,0,0,,,,,0.777095713,0.621676570,,-0.349065850,0.805726,center_box,active
24,1.200000000,1,0,,,,,0.777095713,0.621676570,,-0.349065850,0.805726,center_box,active
24,1.200000000,2,0,,,,,0.777095713,0.621676570,,-0.349065850,0.805726,center_box,active
24,1.200000000,3,1,0.932789180,0.239810167,-0.269063987,0.453129301,0.777095713,0.621676570,1,-0.349065850,0.805726,center_box,active
24,1.200000000,4,1,0.932789180,0.239810167,-0.269063987,0.453129301,0.777095713,0.621676570,1,-0.349065850,0.805726,center_box,active
24,1.200000000,5,1,0.932789180,0.239810167,-0.269063987,0.453129301,0.777095713,0.621676570,1,-0.349065850,0.805726,center_box,active
24,1.200000000,6,1,0.932789180,0.239810167,-0.269063987,0.453129301,0.777095713,0.621676570,1,-0.349065850,0.805726,center_box,active
24,1.200000000,7,1,0.932789180,0.239810167,-0.269063987,0.453129301,0.777095713,0.621676570,1,-0.349065850,0.805726,center_box,active
24,1.200000000,8,1,0.932789180,0.239810167,-0.269063987,0.453129301,0.777095713,0.621676570,1,-0.349065850,0.805726,center_box,active
24,1.200000000,9,1,0.932789180,0.239810167,-0.269063987,0.453129301,0.777095713,0.621676570,1,-0.349065850,0.805726,center_box,active
24,1.200000000,10,1,0.932789180,0.239810167,-0.269063987,0.453129301,0.777095713,0.621676570,1,-0.349065850,0.805726,center_box,active
24,1.200000000,11,1,0.932789180,0.239810167,-0.269063987,0.453129301,0.777095713,0.621676570,1,-0.349065850,0.805726,center_box,active
24,1.200000000,12,1,0.932789180,0.239810167,-0.269063987,0.453129301,0.777095713,0.621676570,1,-0.349065850,0.805726,center_box,active
24,1.200000000,13,1,0.932789180,0.239810167,-0.269063987,0.453129301,0.777095713,0.621676570,1,-0.349065850,0.805726,center_box,active
24,1.200000000,14,1,0.932789180,0.239810167,-0.269063987,0.453129301,0.777095713,0.621676570,1,-0.349065850,0.805726,center_box,active
24,1.200000000,15,1,0.932789180,0.239810167,-0.269063987,0.453129301,0.777095713,0.621676570,1,-0.349065850,0.805726,center_box,active
24,1.200000000,16,1,0.932789180,0.239810167,-0.269063987,0.453129301,0.777095713,0.621676570,1,-0.349065850,0.805726,center_box,active
24,1.200000000,17,1,0.932789180,0.239810167,-0.269063987,0.453129301,0.777095713,0.621676570,1,-0.349065850,0.805726,center_box,active
24,1.200000000,18,1,0.932789180,0.239810167,-0.269063987,0.453129301,0.777095713,0.621676570,1,-0.349065850,0.805726,center_box,active
24,1.200000000,19,1,0.932789180,0.239810167,-0.269063987,0.453129301,0.777095713,0.621676570,1,-0.349065850,0.805726,center_box,active
24,1.200000000,20,1,0.932789180,0.239810167,-0.269063987,0.453129301,0.777095713,0.621676570,1,-0.349065850,0.805726,center_box,active
24,1.200000000,21,1,0.932789180,0.239810167,-0.269063987,0.453129301,0.777095713,0.621676570,1,-0.349065850,0.805726,center_box,active
24,1.200000000,22,1,0.932789180,0.239810167,-0.269063987,0.453129301,0.777095713,0.621676570,1,-0.349065850,0.805726,center_box,active
24,1.200000000,23,1,0.932789180,0.239810167,-0.269063987,0.453129301,0.777095713,0.621676570,1,-0.349065850,0.805726,center_box,active
24,1.200000000,24,1,0.932789180,0.239810167,-0.269063987,0.453129301,0.777095713,0.621676570,1,-0.349065850,0.805726,center_box,active
25,1.250000000,0,0,,,,,0.671024770,0.536819816,,-0.349065850,0.832244,center_box,active
25,1.250000000,1,0,,,,,0.671024770,0.536819816,,-0.349065850,0.832244,center_box,active
25,1.250000000,2,0,,,,,0.671024770,0.536819816,,-0.349065850,0.832244,center_box,active
25,1.250000000,3,1,0.956361479,0.277998882,-0.089940773,0.695435291,0.671024770,0.536819816,1,-0.349065850,0.832244,center_box,active
25,1.250000000,4,1,0.956361479,0.277998882,-0.089940773,0.695435291,0.671024770,0.536819816,1,-0.349065850,0.832244,center_box,active
25,1.250000000,5,1,0.956361479,0.277998882,-0.089940773,0.695435291,0.671024770,0.536819816,1,-0.349065850,0.832244,center_box,active
25,1.250000000,6,1,0.956361479,0.277998882,-0.089940773,0.695435291,0.671024770,0.536819816,1,-0.349065850,0.832244,center_box,active
25,1.250000000,7,1,0.956361479,0.277998882,-0.089940773,0.695435291,0.671024770,0.536819816,1,-0.349065850,0.832244,center_box,active
25,1.250000000,8,1,0.956361479,0.277998882,-0.089940773,0.695435291,0.671024770,0.536819816,1,-0.349065850,0.832244,center_box,active
25,1.250000000,9,1,0.956361479,0.277998882,-0.089940773,0.695435291,0.671024770,0.536819816,1,-0.349065850,0.832244,center_box,active
25,1.250000000,10,1,0.956361479,0.277998882,-0.089940773,0.695435291,0.671024770,0.536819816,1,-0.349065850,0.832244,center_box,active
25,1.250000000,11,1,0.956361479,0.277998882,-0.089940773,0.695435291,0.671024770,0.536819816,1,-0.349065850,0.832244,center_box,active
25,1.250000000,12,1,0.956361479,0.277998882,-0.089940773,0.695435291,0.671024770,0.536819816,1,-0.349065850,0.832244,center_box,active
25,1.250000000,13,1,0.956361479,0.277998882,-0.089940773,0.695435291,0.671024770,0.536819816,1,-0.349065850,0.832244,center_box,active
25,1.250000000,14,1,0.956361479,0.277998882,-0.089940773,0.695435291,0.671024770,0.536819816,1,-0.349065850,0.832244,center_box,active
25,1.250000000,15,1,0.956361479,0.277998882,-0.089940773,0.695435291,0.671024770,0.536819816,1,-0.349065850,0.832244,center_box,active
25,1.250000000,16,1,0.956361479,0.277998882,-0.089940773,0.695435291,0.671024770,0.536819816,1,-0.349065850,0.832244,center_box,active
25,1.250000000,17,1,0.956361479,0.277998882,-0.089940773,0.695435291,0.671024770,0.536819816,1,-0.349065850,0.832244,center_box,active
25,1.250000000,18,1,0.956361479,0.277998882,-0.089940773,0.695435291,0.671024770,0.536819816,1,-0.349065850,0.832244,center_box,active
25,1.250000000,19,1,0.956361479,0.277998882,-0.089940773,0.695435291,0.671024770,0.536819816,1,-0.349065850,0.832244,center_box,active
25,1.250000000,20,1,0.956361479,0.277998882,-0.089940773,0.695435291,0.671024770,0.536819816,1,-0.349065850,0.832244,center_box,active
25,1.250000000,21,1,0.956361479,0.277998882,-0.089940773,0.695435291,0.671024770,0.536819816,1,-0.349065850,0.832244,center_box,active
25,1.250000000,22,1,0.956361479,0.277998882,-0.089940773,0.695435291,0.671024770,0.536819816,1,-0.349065850,0.832244,center_box,active
25,1.250000000,23,1,0.956361479,0.277998882,-0.089940773,0.695435291,0.671024770,0.536819816,1,-0.349065850,0.832244,center_box,active
25,1.250000000,24,1,0.956361479,0.277998882,-0.089940773,0.695435291,0.671024770,0.536819816,1,-0.349065850,0.832244,center_box,active
26,1.300000000,0,0,,,,,0.606806210,0.485444968,,-0.349065850,0.848298,center_box,active
26,1.300000000,1,0,,,,,0.606806210,0.485444968,,-0.349065850,0.848298,center_box,active
26,1.300000000,2,0,,,,,0.606806210,0.485444968,,-0.349065850,0.848298,center_box,active
26,1.300000000,3,1,0.961157088,0.275921138,0.006676608,0.854797937,0.606806210,0.485444968,1,-0.349065850,0.848298,center_box,active
26,1.300000000,4,1,0.961157088,0.275921138,0.006676608,0.854797937,0.606806210,0.485444968,1,-0.349065850,0.848298,center_box,active
26,1.300000000,5,1,0.961157088,0.275921138,0.006676608,0.854797937,0.606806210,0.485444968,1,-0.349065850,0.848298,center_box,active
26,1.300000000,6,1,0.961157088,0.275921138,0.006676608,0.854797937,0.606806210,0.485444968,1,-0.349065850,0.848298,center_box,active
26,1.300000000,7,1,0.961157088,0.275921138,0.006676608,0.854797937,0.606806210,0.485444968,1,-0.349065850,0.848298,center_box,active
26,1.300000000,8,1,0.961157088,0.275921138,0.006676608,0.854797937,0.606806210,0.485444968,1,-0.349065850,0.848298,center_box,active
26,1.300000000,9,1,0.961157088,0.275921138,0.006676608,0.854797937,0.606806210,0.485444968,1,-0.349065850,0.848298,center_box,active
26,1.300000000,10,1,0.961157088,0.275921138,0.006676608,0.854797937,0.606806210,0.485444968,1,-0.349065850,0.848298,center_box,active
26,1.300000000,11,1,0.961157088,0.275921138,0.006676608,0.854797937,0.606806210,0.485444968,1,-0.349065850,0.848298,center_box,active
26,1.300000000,12,1,0.961157088,0.275921138,0.006676608,0.854797937,0.606806210,0.485444968,1,-0.349065850,0.848298,center_box,active
26,1.300000000,13,1,0.961157088,0.275921138,0.006676608,0.854797937,0.606806210,0.485444968,1,-0.349065850,0.848298,center_box,active
26,1.300000000,14,1,0.961157088,0.275921138,0.006676608,0.854797937,0.606806210,0.485444968,1,-0.349065850,0.848298,center_box,active
26,1.300000000,15,1,0.961157088,0.275921138,0.006676608,0.854797937,0.606806210,0.485444968,1,-0.349065850,0.848298,center_box,active
26,1.300000000,16,1,0.961157088,0.275921138,0.006676608,0.854797937,0.606806210,0.485444968,1,-0.349065850,0.848298,center_box,active
26,1.300000000,17,1,0.961157088,0.275921138,0.006676608,0.854797937,0.606806210,0.485444968,1,-0.349065850,0.848298,center_box,active
26,1.300000000,18,1,0.961157088,0.275921138,0.006676608,0.854797937,0.606806210,0.485444968,1,-0.349065850,0.848298,center_box,active
26,1.300000000,19,1,0.961157088,0.275921138,0.006676608,0.854797937,0.606806210,0.485444968,1,-0.349065850,0.848298,center_box,active
26,1.300000000,20,1,0.961157088,0.275921138,0.006676608,0.854797937,0.606806210,0.485444968,1,-0.349065850,0.848298,center_box,active
26,1.300000000,21,1,0.961157088,0.275921138,0.006676608,0.854797937,0.606806210,0.485444968,1,-0.349065850,0.848298,center_box,active
26,1.300000000,22,1,0.961157088,0.275921138,0.006676608,0.854797937,0.606806210,0.485444968,1,-0.349065850,0.848298,center_box,active
26,1.300000000,23,1,0.961157088,0.275921138,0.006676608,0.854797937,0.606806210,0.485444968,1,-0.349065850,0.848298,center_box,active
26,1.300000000,24,1,0.961157088,0.275921138,0.006676608,0.854797937,0.606806210,0.485444968,1,-0.349065850,0.848298,center_box,active
27,1.350000000,0,0,,,,,0.566387438,0.453109951,,-0.349065850,0.858403,center_box,active
27,1.350000000,1,0,,,,,0.566387438,0.453109951,,-0.349065850,0.858403,center_box,active
27,1.350000000,2,0,,,,,0.566387438,0.453109951,,-0.349065850,0.858403,center_box,active
27,1.350000000,3,1,0.975545612,0.207713402,0.071874208,1.004264133,0.566387438,0.453109951,1,-0.349065850,0.858403,center_box,active
27,1.350000000,4,1,0.975545612,0.207713402,0.071874208,1.004264133,0.566387438,0.453109951,1,-0.349065850,0.858403,center_box,active
27,1.350000000,5,1,0.975545612,0.207713402,0.071874208,1.004264133,0.566387438,0.453109951,1,-0.349065850,0.858403,center_box,active
27,1.350000000,6,1,0.975545612,0.207713402,0.071874208,1.004264133,0.566387438,0.453109951,1,-0.349065850,0.858403,center_box,active
27,1.350000000,7,1,0.975545612,0.207713402,0.071874208,1.004264133,0.566387438,0.453109951,1,-0.349065850,0.858403,center_box,active
27,1.350000000,8,1,0.975545612,0.207713402,0.071874208,1.004264133,0.566387438,0.453109951,1,-0.349065850,0.858403,center_box,active
27,1.350000000,9,1,0.975545612,0.207713402,0.071874208,1.004264133,0.566387438,0.453109951,1,-0.349065850,0.858403,center_box,active
27,1.350000000,10,1,0.975545612,0.207713402,0.071874208,1.004264133,0.566387438,0.453109951,1,-0.349065850,0.858403,center_box,active
27,1.350000000,11,1,0.975545612,0.207713402,0.071874208,1.004264133,0.566387438,0.453109951,1,-0.349065850,0.858403,center_box,active
27,1.350000000,12,1,0.975545612,0.207713402,0.071874208,1.004264133,0.566387438,0.453109951,1,-0.349065850,0.858403,center_box,active
27,1.350000000,13,1,0.975545612,0.207713402,0.071874208,1.004264133,0.566387438,0.453109951,1,-0.349065850,0.858403,center_box,active
27,1.350000000,14,1,0.975545612,0.207713402,0.071874208,1.004264133,0.566387438,0.453109951,1,-0.349065850,0.858403,center_box,active
27,1.350000000,15,1,0.975545612,0.207713402,0.071874208,1.004264133,0.566387438,0.453109951,1,-0.349065850,0.858403,center_box,active
27,1.350000000,16,1,0.975545612,0.207713402,0.071874208,1.004264133,0.566387438,0.453109951,1,-0.349065850,0.858403,center_box,active
27,1.350000000,17,1,0.975545612,0.207713402,0.071874208,1.004264133,0.566387438,0.453109951,1,-0.349065850,0.858403,center_box,active
27,1.350000000,18,1,0.975545612,0.207713402,0.071874208,1.004264133,0.566387438,0.453109951,1,-0.349065850,0.858403,center_box,active
27,1.350000000,19,1,0.975545612,0.207713402,0.071874208,1.004264133,0.566387438,0.453109951,1,-0.349065850,0.858403,center_box,active
27,1.350000000,20,1,0.975545612,0.207713402,0.071874208,1.004264133,0.566387438,0.453109951,1,-0.349065850,0.858403,center_box,active
27,1.350000000,21,1,0.975545612,0.207713402,0.071874208,1.004264133,0.566387438,0.453109951,1,-0.349065850,0.858403,center_box,active
27,1.350000000,22,1,0.975545612,0.207713402,0.071874208,1.004264133,0.566387438,0.453109951,1,-0.349065850,0.858403,center_box,active
27,1.350000000,23,1,0.975545612,0.207713402,0.071874208,1.004264133,0.566387438,0.453109951,1,-0.349065850,0.858403,center_box,active
27,1.350000000,24,1,0.975545612,0.207713402,0.071874208,1.004264133,0.566387438,0.453109951,1,-0.349065850,0.858403,center_box,active
28,1.400000000,0,0,,,,,0.509986458,0.407989166,,-0.523598776,0.872503,center_box,active
28,1.400000000,1,0,,,,,0.509986458,0.407989166,,-0.523598776,0.872503,center_box,active
28,1.400000000,2,0,,,,,0.509986458,0.407989166,,-0.523598776,0.872503,center_box,active
28,1.400000000,3,1,0.912251862,0.309308625,0.268560450,1.197662768,0.509986458,0.407989166,0,-0.523598776,0.872503,center_box,active
28,1.400000000,4,1,0.912251862,0.309308625,0.268560450,1.197662768,0.509986458,0.407989166,0,-0.523598776,0.872503,center_box,active
28,1.400000000,5,1,0.912251862,0.309308625,0.268560450,1.197662768,0.509986458,0.407989166,0,-0.523598776,0.872503,center_box,active
28,1.400000000,6,1,0.912251862,0.309308625,0.268560450,1.197662768,0.509986458,0.407989166,0,-0.523598776,0.872503,center_box,active
28,1.400000000,7,1,0.912251862,0.309308625,0.268560450,1.197662768,0.509986458,0.407989166,0,-0.523598776,0.872503,center_box,active
28,1.400000000,8,1,0.912251862,0.309308625,0.268560450,1.197662768,0.509986458,0.407989166,0,-0.523598776,0.872503,center_box,active
28,1.400000000,9,1,0.912251862,0.309308625,0.268560450,1.197662768,0.509986458,0.407989166,0,-0.523598776,0.872503,center_box,active
28,1.400000000,10,1,0.912251862,0.309308625,0.268560450,1.197662768,0.509986458,0.407989166,0,-0.523598776,0.872503,center_box,active
28,1.400000000,11,1,0.912251862,0.309308625,0.268560450,1.197662768,0.509986458,0.407989166,0,-0.523598776,0.872503,center_box,active
28,1.400000000,12,1,0.912251862,0.309308625,0.268560450,1.197662768,0.509986458,0.407989166,0,-0.523598776,0.872503,center_box,active
28,1.400000000,13,1,0.912251862,0.309308625,0.268560450,1.197662768,0.509986458,0.407989166,0,-0.523598776,0.872503,center_box,active
28,1.400000000,14,1,0.912251862,0.309308625,0.268560450,1.197662768,0.509986458,0.407989166,0,-0.523598776,0.872503,center_box,active
28,1.400000000,15,1,0.912251862,0.309308625,0.268560450,1.197662768,0.509986458,0.407989166,0,-0.523598776,0.872503,center_box,active
28,1.400000000,16,1,0.912251862,0.309308625,0.268560450,1.197662768,0.509986458,0.407989166,0,-0.523598776,0.872503,center_box,active
28,1.400000000,17,1,0.912251862,0.309308625,0.268560450,1.197662768,0.509986458,0.407989166,0,-0.523598776,0.872503,center_box,active
28,1.400000000,18,1,0.912251862,0.309308625,0.268560450,1.197662768,0.509986458,0.407989166,0,-0.523598776,0.872503,center_box,active
28,1.400000000,19,1,0.912251862,0.309308625,0.268560450,1.197662768,0.509986458,0.407989166,0,-0.523598776,0.872503,center_box,active
28,1.400000000,20,1,0.912251862,0.309308625,0.268560450,1.197662768,0.509986458,0.407989166,0,-0.523598776,0.872503,center_box,active
28,1.400000000,21,1,0.912251862,0.309308625,0.268560450,1.197662768,0.509986458,0.407989166,0,-0.523598776,0.872503,center_box,active
28,1.400000000,22,1,0.912251862,0.309308625,0.268560450,1.197662768,0.509986458,0.407989166,0,-0.523598776,0.872503,center_box,active
28,1.400000000,23,1,0.912251862,0.309308625,0.268560450,1.197662768,0.509986458,0.407989166,0,-0.523598776,0.872503,center_box,active
28,1.400000000,24,1,0.912251862,0.309308625,0.268560450,1.197662768,0.509986458,0.407989166,0,-0.523598776,0.872503,center_box,active
29,1.450000000,0,0,,,,,0.486390726,0.389112581,,-0.523598776,0.878402,center_box,active
29,1.450000000,1,0,,,,,0.486390726,0.389112581,,-0.523598776,0.878402,center_box,active
29,1.450000000,2,0,,,,,0.486390726,0.389112581,,-0.523598776,0.878402,center_box,active
29,1.450000000,3,1,0.843989854,0.322030795,0.428925744,1.355679577,0.486390726,0.389112581,0,-0.523598776,0.878402,center_box,active
29,1.450000000,4,1,0.843989854,0.322030795,0.428925744,1.355679577,0.486390726,0.389112581,0,-0.523598776,0.878402,center_box,active
29,1.450000000,5,1,0.843989854,0.322030795,0.428925744,1.355679577,0.486390726,0.389112581,0,-0.523598776,0.878402,center_box,active
29,1.450000000,6,1,0.843989854,0.322030795,0.428925744,1.355679577,0.486390726,0.389112581,0,-0.523598776,0.878402,center_box,active
29,1.450000000,7,1,0.843989854,0.322030795,0.428925744,1.355679577,0.486390726,0.389112581,0,-0.523598776,0.878402,center_box,active
29,1.450000000,8,1,0.843989854,0.322030795,0.428925744,1.355679577,0.486390726,0.389112581,0,-0.523598776,0.878402,center_box,active
29,1.450000000,9,1,0.843989854,0.322030795,0.428925744,1.355679577,0.486390726,0.389112581,0,-0.523598776,0.878402,center_box,active
29,1.450000000,10,1,0.843989854,0.322030795,0.428925744,1.355679577,0.486390726,0.389112581,0,-0.523598776,0.878402,center_box,active
29,1.450000000,11,1,0.843989854,0.322030795,0.428925744,1.355679577,0.486390726,0.389112581,0,-0.523598776,0.878402,center_box,active
29,1.450000000,12,1,0.843989854,0.322030795,0.428925744,1.355679577,0.486390726,0.389112581,0,-0.523598776,0.878402,center_box,active
29,1.450000000,13,1,0.843989854,0.322030795,0.428925744,1.355679577,0.486390726,0.389112581,0,-0.523598776,0.878402,center_box,active
29,1.450000000,14,1,0.843989854,0.322030795,0.428925744,1.355679577,0.486390726,0.389112581,0,-0.523598776,0.878402,center_box,active
29,1.450000000,15,1,0.843989854,0.322030795,0.428925744,1.355679577,0.486390726,0.389112581,0,-0.523598776,0.878402,center_box,active
29,1.450000000,16,1,0.843989854,0.322030795,0.428925744,1.355679577,0.486390726,0.389112581,0,-0.523598776,0.878402,center_box,active
29,1.450000000,17,1,0.843989854,0.322030795,0.428925744,1.355679577,0.486390726,0.389112581,0,-0.523598776,0.878402,center_box,active
29,1.450000000,18,1,0.843989854,0.322030795,0.428925744,1.355679577,0.486390726,0.389112581,0,-0.523598776,0.878402,center_box,active
29,1.450000000,19,1,0.843989854,0.322030795,0.428925744,1.355679577,0.486390726,0.389112581,0,-0.523598776,0.878402,center_box,active
29,1.450000000,20,1,0.843989854,0.322030795,0.428925744,1.355679577,0.486390726,0.389112581,0,-0.523598776,0.878402,center_box,active
29,1.450000000,21,1,0.843989854,0.322030795,0.428925744,1.355679577,0.486390726,0.389112581,0,-0.523598776,0.878402,center_box,active
29,1.450000000,22,1,0.843989854,0.322030795,0.428925744,1.355679577,0.486390726,0.389112581,0,-0.523598776,0.878402,center_box,active
29,1.450000000,23,1,0.843989854,0.322030795,0.428925744,1.355679577,0.486390726,0.389112581,0,-0.523598776,0.878402,center_box,active
29,1.450000000,24,1,0.843989854,0.322030795,0.428925744,1.355679577,0.486390726,0.389112581,0,-0.523598776,0.878402,center_box,active
30,1.500000000,0,0,,,,,0.456577289,0.365261831,,-0.523598776,0.885856,center_box,active
30,1.500000000,1,0,,,,,0.456577289,0.365261831,,-0.523598776,0.885856,center_box,active
30,1.500000000,2,0,,,,,0.456577289,0.365261831,,-0.523598776,0.885856,center_box,active
30,1.500000000,3,1,0.794461934,0.364286222,0.485927755,1.396818111,0.456577289,0.365261831,0,-0.523598776,0.885856,center_box,active
30,1.500000000,4,1,0.794461934,0.364286222,0.485927755,1.396818111,0.456577289,0.365261831,0,-0.523598776,0.885856,center_box,active
30,1.500000000,5,1,0.794461934,0.364286222,0.485927755,1.396818111,0.456577289,0.365261831,0,-0.523598776,0.885856,center_box,active
30,1.500000000,6,1,0.794461934,0.364286222,0.485927755,1.396818111,0.456577289,0.365261831,0,-0.523598776,0.885856,center_box,active
30,1.500000000,7,1,0.794461934,0.364286222,0.485927755,1.396818111,0.456577289,0.365261831,0,-0.523598776,0.885856,center_box,active
30,1.500000000,8,1,0.794461934,0.364286222,0.485927755,1.396818111,0.456577289,0.365261831,0,-0.523598776,0.885856,center_box,active
30,1.500000000,9,1,0.794461934,0.364286222,0.485927755,1.396818111,0.456577289,0.365261831,0,-0.523598776,0.885856,center_box,active
30,1.500000000,10,1,0.794461934,0.364286222,0.485927755,1.396818111,0.456577289,0.365261831,0,-0.523598776,0.885856,center_box,active
30,1.500000000,11,1,0.794461934,0.364286222,0.485927755,1.396818111,0.456577289,0.365261831,0,-0.523598776,0.885856,center_box,active
30,1.500000000,12,1,0.794461934,0.364286222,0.485927755,1.396818111,0.456577289,0.365261831,0,-0.523598776,0.885856,center_box,active
30,1.500000000,13,1,0.794461934,0.364286222,0.485927755,1.396818111,0.456577289,0.365261831,0,-0.523598776,0.885856,center_box,active
30,1.500000000,14,1,0.794461934,0.364286222,0.485927755,1.396818111,0.456577289,0.365261831,0,-0.523598776,0.885856,center_box,active
30,1.500000000,15,1,0.794461934,0.364286222,0.485927755,1.396818111,0.456577289,0.365261831,0,-0.523598776,0.885856,center_box,active
30,1.500000000,16,1,0.794461934,0.364286222,0.485927755,1.396818111,0.456577289,0.365261831,0,-0.523598776,0.885856,center_box,active
30,1.500000000,17,1,0.794461934,0.364286222,0.485927755,1.396818111,0.456577289,0.365261831,0,-0.523598776,0.885856,center_box,active
30,1.500000000,18,1,0.794461934,0.364286222,0.485927755,1.396818111,0.456577289,0.365261831,0,-0.523598776,0.885856,center_box,active
30,1.500000000,19,1,0.794461934,0.364286222,0.485927755,1.396818111,0.456577289,0.365261831,0,-0.523598776,0.885856,center_box,active
30,1.500000000,20,1,0.794461934,0.364286222,0.485927755,1.396818111,0.456577289,0.365261831,0,-0.523598776,0.885856,center_box,active
30,1.500000000,21,1,0.794461934,0.364286222,0.485927755,1.396818111,0.456577289,0.365261831,0,-0.523598776,0.885856,center_box,active
30,1.500000000,22,1,0.794461934,0.364286222,0.485927755,1.396818111,0.456577289,0.365261831,0,-0.523598776,0.885856,center_box,active
30,1.500000000,23,1,0.794461934,0.364286222,0.485927755,1.396818111,0.456577289,0.365261831,0,-0.523598776,0.885856,center_box,active
30,1.500000000,24,1,0.794461934,0.364286222,0.485927755,1.396818111,0.456577289,0.365261831,0,-0.523598776,0.885856,center_box,active
31,1.550000000,0,0,,,,,0.394026430,0.315221144,,-0.523598776,0.901493,center_box,active
31,1.550000000,1,0,,,,,0.394026430,0.315221144,,-0.523598776,0.901493,center_box,active
31,1.550000000,2,0,,,,,0.394026430,0.315221144,,-0.523598776,0.901493,center_box,active
31,1.550000000,3,1,0.819373069,0.372949589,0.435357759,1.379721638,0.394026430,0.315221144,0,-0.523598776,0.901493,center_box,active
31,1.550000000,4,1,0.819373069,0.372949589,0.435357759,1.379721638,0.394026430,0.315221144,0,-0.523598776,0.901493,center_box,active
31,1.550000000,5,1,0.819373069,0.372949589,0.435357759,1.379721638,0.394026430,0.315221144,0,-0.523598776,0.901493,center_box,active
31,1.550000000,6,1,0.819373069,0.372949589,0.435357759,1.379721638,0.394026430,0.315221144,0,-0.523598776,0.901493,center_box,active
31,1.550000000,7,1,0.819373069,0.372949589,0.435357759,1.379721638,0.394026430,0.315221144,0,-0.523598776,0.901493,center_box,active
31,1.550000000,8,1,0.819373069,0.372949589,0.435357759,1.379721638,0.394026430,0.315221144,0,-0.523598776,0.901493,center_box,active
31,1.550000000,9,1,0.819373069,0.372949589,0.435357759,1.379721638,0.394026430,0.315221144,0,-0.523598776,0.901493,center_box,active
31,1.550000000,10,1,0.819373069,0.372949589,0.435357759,1.379721638,0.394026430,0.315221144,0,-0.523598776,0.901493,center_box,active
31,1.550000000,11,1,0.819373069,0.372949589,0.435357759,1.379721638,0.394026430,0.315221144,0,-0.523598776,0.901493,center_box,active
31,1.550000000,12,1,0.819373069,0.372949589,0.435357759,1.379721638,0.394026430,0.315221144,0,-0.523598776,0.901493,center_box,active
31,1.550000000,13,1,0.819373069,0.372949589,0.435357759,1.379721638,0.394026430,0.315221144,0,-0.523598776,0.901493,center_box,active
31,1.550000000,14,1,0.819373069,0.372949589,0.435357759,1.379721638,0.394026430,0.315221144,0,-0.523598776,0.901493,center_box,active
31,1.550000000,15,1,0.819373069,0.372949589,0.435357759,1.379721638,0.394026430,0.315221144,0,-0.523598776,0.901493,center_box,active
31,1.550000000,16,1,0.819373069,0.372949589,0.435357759,1.379721638,0.394026430,0.315221144,0,-0.523598776,0.901493,center_box,active
31,1.550000000,17,1,0.819373069,0.372949589,0.435357759,1.379721638,0.394026430,0.315221144,0,-0.523598776,0.901493,center_box,active
31,1.550000000,18,1,0.819373069,0.372949589,0.435357759,1.379721638,0.394026430,0.315221144,0,-0.523598776,0.901493,center_box,active
31,1.550000000,19,1,0.819373069,0.372949589,0.435357759,1.379721638,0.394026430,0.315221144,0,-0.523598776,0.901493,center_box,active
31,1.550000000,20,1,0.819373069,0.372949589,0.435357759,1.379721638,0.394026430,0.315221144,0,-0.523598776,0.901493,center_box,active
31,1.550000000,21,1,0.819373069,0.372949589,0.435357759,1.379721638,0.394026430,0.315221144,0,-0.523598776,0.901493,center_box,active
31,1.550000000,22,1,0.819373069,0.372949589,0.435357759,1.379721638,0.394026430,0.315221144,0,-0.523598776,0.901493,center_box,active
31,1.550000000,23,1,0.819373069,0.372949589,0.435357759,1.379721638,0.394026430,0.315221144,0,-0.523598776,0.901493,center_box,active
31,1.550000000,24,1,0.819373069,0.372949589,0.435357759,1.379721638,0.394026430,0.315221144,0,-0.523598776,0.901493,center_box,active
32,1.600000000,0,0,,,,,0.337514997,0.270011998,,-0.523598776,0.915621,center_box,active
32,1.600000000,1,0,,,,,0.337514997,0.270011998,,-0.523598776,0.915621,center_box,active
32,1.600000000,2,0,,,,,0.337514997,0.270011998,,-0.523598776,0.915621,center_box,active
32,1.600000000,3,1,0.859787225,0.423265094,0.285679168,1.254757137,0.337514997,0.270011998,0,-0.523598776,0.915621,center_box,active
32,1.600000000,4,1,0.859787225,0.423265094,0.285679168,1.254757137,0.337514997,0.270011998,0,-0.523598776,0.915621,center_box,active
32,1.600000000,5,1,0.859787225,0.423265094,0.285679168,1.254757137,0.337514997,0.270011998,0,-0.523598776,0.915621,center_box,active
32,1.600000000,6,1,0.859787225,0.423265094,0.285679168,1.254757137,0.337514997,0.270011998,0,-0.523598776,0.915621,center_box,active
32,1.600000000,7,1,0.859787225,0.423265094,0.285679168,1.254757137,0.337514997,0.270011998,0,-0.523598776,0.915621,center_box,active
32,1.600000000,8,1,0.859787225,0.423265094,0.285679168,1.254757137,0.337514997,0.270011998,0,-0.523598776,0.915621,center_box,active
32,1.600000000,9,1,0.859787225,0.423265094,0.285679168,1.254757137,0.337514997,0.270011998,0,-0.523598776,0.915621,center_box,active
32,1.600000000,10,1,0.859787225,0.423265094,0.285679168,1.254757137,0.337514997,0.270011998,0,-0.523598776,0.915621,center_box,active
32,1.600000000,11,1,0.859787225,0.423265094,0.285679168,1.254757137,0.337514997,0.270011998,0,-0.523598776,0.915621,center_box,active
32,1.600000000,12,1,0.859787225,0.423265094,0.285679168,1.254757137,0.337514997,0.270011998,0,-0.523598776,0.915621,center_box,active
32,1.600000000,13,1,0.859787225,0.423265094,0.285679168,1.254757137,0.337514997,0.270011998,0,-0.523598776,0.915621,center_box,active
32,1.600000000,14,1,0.859787225,0.423265094,0.285679168,1.254757137,0.337514997,0.270011998,0,-0.523598776,0.915621,center_box,active
32,1.600000000,15,1,0.859787225,0.423265094,0.285679168,1.254757137,0.337514997,0.270011998,0,-0.523598776,0.915621,center_box,active
32,1.600000000,16,1,0.859787225,0.423265094,0.285679168,1.254757137,0.337514997,0.270011998,0,-0.523598776,0.915621,center_box,active
32,1.600000000,17,1,0.859787225,0.423265094,0.285679168,1.254757137,0.337514997,0.270011998,0,-0.523598776,0.915621,center_box,active
32,1.600000000,18,1,0.859787225,0.423265094,0.285679168,1.254757137,0.337514997,0.270011998,0,-0.523598776,0.915621,center_box,active
32,1.600000000,19,1,0.859787225,0.423265094,0.285679168,1.254757137,0.337514997,0.270011998,0,-0.523598776,0.915621,center_box,active
32,1.600000000,20,1,0.859787225,0.423265094,0.285679168,1.254757137,0.337514997,0.270011998,0,-0.523598776,0.915621,center_box,active
32,1.600000000,21,1,0.859787225,0.423265094,0.285679168,1.254757137,0.337514997,0.270011998,0,-0.523598776,0.915621,center_box,active
32,1.600000000,22,1,0.859787225,0.423265094,0.285679168,1.254757137,0.337514997,0.270011998,0,-0.523598776,0.915621,center_box,active
32,1.600000000,23,1,0.859787225,0.423265094,0.285679168,1.254757137,0.337514997,0.270011998,0,-0.523598776,0.915621,center_box,active
32,1.600000000,24,1,0.859787225,0.423265094,0.285679168,1.254757137,0.337514997,0.270011998,0,-0.523598776,0.915621,center_box,active
33,1.650000000,0,0,,,,,0.373801311,0.299041049,,-0.523598776,0.906550,center_box,active
33,1.650000000,1,0,,,,,0.373801311,0.299041049,,-0.523598776,0.906550,center_box,active
33,1.650000000,2,0,,,,,0.373801311,0.299041049,,-0.523598776,0.906550,center_box,active
33,1.650000000,3,1,0.886888234,0.448166880,0.112141468,1.105643867,0.373801311,0.299041049,0,-0.523598776,0.906550,center_box,active
33,1.650000000,4,1,0.886888234,0.448166880,0.112141468,1.105643867,0.373801311,0.299041049,0,-0.523598776,0.906550,center_box,active
33,1.650000000,5,1,0.886888234,0.448166880,0.112141468,1.105643867,0.373801311,0.299041049,0,-0.523598776,0.906550,center_box,active
33,1.650000000,6,1,0.886888234,0.448166880,0.112141468,1.105643867,0.373801311,0.299041049,0,-0.523598776,0.906550,center_box,active
33,1.650000000,7,1,0.886888234,0.448166880,0.112141468,1.105643867,0.373801311,0.299041049,0,-0.523598776,0.906550,center_box,active
33,1.650000000,8,1,0.886888234,0.448166880,0.112141468,1.105643867,0.373801311,0.299041049,0,-0.523598776,0.906550,center_box,active
33,1.650000000,9,1,0.886888234,0.448166880,0.112141468,1.105643867,0.373801311,0.299041049,0,-0.523598776,0.906550,center_box,active
33,1.650000000,10,1,0.886888234,0.448166880,0.112141468,1.105643867,0.373801311,0.299041049,0,-0.523598776,0.906550,center_box,active
33,1.650000000,11,1,0.886888234,0.448166880,0.112141468,1.105643867,0.373801311,0.299041049,0,-0.523598776,0.906550,center_box,active
33,1.650000000,12,1,0.886888234,0.448166880,0.112141468,1.105643867,0.373801311,0.299041049,0,-0.523598776,0.906550,center_box,active
33,1.650000000,13,1,0.886888234,0.448166880,0.112141468,1.105643867,0.373801311,0.299041049,0,-0.523598776,0.906550,center_box,active
33,1.650000000,14,1,0.886888234,0.448166880,0.112141468,1.105643867,0.373801311,0.299041049,0,-0.523598776,0.906550,center_box,active
33,1.650000000,15,1,0.886888234,0.448166880,0.112141468,1.105643867,0.373801311,0.299041049,0,-0.523598776,0.906550,center_box,active
33,1.650000000,16,1,0.886888234,0.448166880,0.112141468,1.105643867,0.373801311,0.299041049,0,-0.523598776,0.906550,center_box,active
33,1.650000000,17,1,0.886888234,0.448166880,0.112141468,1.105643867,0.373801311,0.299041049,0,-0.523598776,0.906550,center_box,active
33,1.650000000,18,1,0.886888234,0.448166880,0.112141468,1.105643867,0.373801311,0.299041049,0,-0.523598776,0.906550,center_box,active
33,1.650000000,19,1,0.886888234,0.448166880,0.112141468,1.105643867,0.373801311,0.299041049,0,-0.523598776,0.906550,center_box,active
33,1.650000000,20,1,0.886888234,0.448166880,0.112141468,1.105643867,0.373801311,0.299041049,0,-0.523598776,0.906550,center_box,active
33,1.650000000,21,1,0.886888234,0.448166880,0.112141468,1.105643867,0.373801311,0.299041049,0,-0.523598776,0.906550,center_box,active
33,1.650000000,22,1,0.886888234,0.448166880,0.112141468,1.105643867,0.373801311,0.299041049,0,-0.523598776,0.906550,center_box,active
33,1.650000000,23,1,0.886888234,0.448166880,0.112141468,1.105643867,0.373801311,0.299041049,0,-0.523598776,0.906550,center_box,active
33,1.650000000,24,1,0.886888234,0.448166880,0.112141468,1.105643867,0.373801311,0.299041049,0,-0.523598776,0.906550,center_box,active
34,1.700000000,0,0,,,,,0.451533321,0.361226657,,-0.523598776,0.887117,center_box,active
34,1.700000000,1,0,,,,,0.451533321,0.361226657,,-0.523598776,0.887117,center_box,active
34,1.700000000,2,0,,,,,0.451533321,0.361226657,,-0.523598776,0.887117,center_box,active
34,1.700000000,3,1,0.893304428,0.448524239,0.028865309,1.043753645,0.451533321,0.361226657,0,-0.523598776,0.887117,center_box,active
34,1.700000000,4,1,0.893304428,0.448524239,0.028865309,1.043753645,0.451533321,0.361226657,0,-0.523598776,0.887117,center_box,active
34,1.700000000,5,1,0.893304428,0.448524239,0.028865309,1.043753645,0.451533321,0.361226657,0,-0.523598776,0.887117,center_box,active
34,1.700000000,6,1,0.893304428,0.448524239,0.028865309,1.043753645,0.451533321,0.361226657,0,-0.523598776,0.887117,center_box,active
34,1.700000000,7,1,0.893304428,0.448524239,0.028865309,1.043753645,0.451533321,0.361226657,0,-0.523598776,0.887117,center_box,active
34,1.700000000,8,1,0.893304428,0.448524239,0.028865309,1.043753645,0.451533321,0.361226657,0,-0.523598776,0.887117,center_box,active
34,1.700000000,9,1,0.893304428,0.448524239,0.028865309,1.043753645,0.451533321,0.361226657,0,-0.523598776,0.887117,center_box,active
34,1.700000000,10,1,0.893304428,0.448524239,0.028865309,1.043753645,0.451533321,0.361226657,0,-0.523598776,0.887117,center_box,active
34,1.700000000,11,1,0.893304428,0.448524239,0.028865309,1.043753645,0.451533321,0.361226657,0,-0.523598776,0.887117,center_box,active
34,1.700000000,12,1,0.893304428,0.448524239,0.028865309,1.043753645,0.451533321,0.361226657,0,-0.523598776,0.887117,center_box,active
34,1.700000000,13,1,0.893304428,0.448524239,0.028865309,1.043753645,0.451533321,0.361226657,0,-0.523598776,0.887117,center_box,active
34,1.700000000,14,1,0.893304428,0.448524239,0.028865309,1.043753645,0.451533321,0.361226657,0,-0.523598776,0.887117,center_box,active
34,1.700000000,15,1,0.893304428,0.448524239,0.028865309,1.043753645,0.451533321,0.361226657,0,-0.523598776,0.887117,center_box,active
34,1.700000000,16,1,0.893304428,0.448524239,0.028865309,1.043753645,0.451533321,0.361226657,0,-0.523598776,0.887117,center_box,active
34,1.700000000,17,1,0.893304428,0.448524239,0.028865309,1.043753645,0.451533321,0.361226657,0,-0.523598776,0.887117,center_box,active
34,1.700000000,18,1,0.893304428,0.448524239,0.028865309,1.043753645,0.451533321,0.361226657,0,-0.523598776,0.887117,center_box,active
34,1.700000000,19,1,0.893304428,0.448524239,0.028865309,1.043753645,0.451533321,0.361226657,0,-0.523598776,0.887117,center_box,active
34,1.700000000,20,1,0.893304428,0.448524239,0.028865309,1.043753645,0.451533321,0.361226657,0,-0.523598776,0.887117,center_box,active
34,1.700000000,21,1,0.893304428,0.448524239,0.028865309,1.043753645,0.451533321,0.361226657,0,-0.523598776,0.887117,center_box,active
34,1.700000000,22,1,0.893304428,0.448524239,0.028865309,1.043753645,0.451533321,0.361226657,0,-0.523598776,0.887117,center_box,active
34,1.700000000,23,1,0.893304428,0.448524239,0.028865309,1.043753645,0.451533321,0.361226657,0,-0.523598776,0.887117,center_box,active
34,1.700000000,24,1,0.893304428,0.448524239,0.028865309,1.043753645,0.451533321,0.361226657,0,-0.523598776,0.887117,center_box,active
35,1.750000000,0,0,,,,,0.453862462,0.363089970,,-0.523598776,0.886534,center_box,active
35,1.750000000,1,0,,,,,0.453862462,0.363089970,,-0.523598776,0.886534,center_box,active
35,1.750000000,2,0,,,,,0.453862462,0.363089970,,-0.523598776,0.886534,center_box,active
35,1.750000000,3,1,0.850688919,0.524905613,0.028327715,0.978484713,0.453862462,0.363089970,0,-0.523598776,0.886534,center_box,active
35,1.750000000,4,1,0.850688919,0.524905613,0.028327715,0.978484713,0.453862462,0.363089970,0,-0.523598776,0.886534,center_box,active
35,1.750000000,5,1,0.850688919,0.524905613,0.028327715,0.978484713,0.453862462,0.363089970,0,-0.523598776,0.886534,center_box,active
35,1.750000000,6,1,0.850688919,0.524905613,0.028327715,0.978484713,0.453862462,0.363089970,0,-0.523598776,0.886534,center_box,active
35,1.750000000,7,1,0.850688919,0.524905613,0.028327715,0.978484713,0.453862462,0.363089970,0,-0.523598776,0.886534,center_box,active
35,1.750000000,8,1,0.850688919,0.524905613,0.028327715,0.978484713,0.453862462,0.363089970,0,-0.523598776,0.886534,center_box,active
35,1.750000000,9,1,0.850688919,0.524905613,0.028327715,0.978484713,0.453862462,0.363089970,0,-0.523598776,0.886534,center_box,active
35,1.750000000,10,1,0.850688919,0.524905613,0.028327715,0.978484713,0.453862462,0.363089970,0,-0.523598776,0.886534,center_box,active
35,1.750000000,11,1,0.850688919,0.524905613,0.028327715,0.978484713,0.453862462,0.363089970,0,-0.523598776,0.886534,center_box,active
35,1.750000000,12,1,0.850688919,0.524905613,0.028327715,0.978484713,0.453862462,0.363089970,0,-0.523598776,0.886534,center_box,active
35,1.750000000,13,1,0.850688919,0.524905613,0.028327715,0.978484713,0.453862462,0.363089970,0,-0.523598776,0.886534,center_box,active
35,1.750000000,14,1,0.850688919,0.524905613,0.028327715,0.978484713,0.453862462,0.363089970,0,-0.523598776,0.886534,center_box,active
35,1.750000000,15,1,0.850688919,0.524905613,0.028327715,0.978484713,0.453862462,0.363089970,0,-0.523598776,0.886534,center_box,active
35,1.750000000,16,1,0.850688919,0.524905613,0.028327715,0.978484713,0.453862462,0.363089970,0,-0.523598776,0.886534,center_box,active
35,1.750000000,17,1,0.850688919,0.524905613,0.028327715,0.978484713,0.453862462,0.363089970,0,-0.523598776,0.886534,center_box,active
35,1.750000000,18,1,0.850688919,0.524905613,0.028327715,0.978484713,0.453862462,0.363089970,0,-0.523598776,0.886534,center_box,active
35,1.750000000,19,1,0.850688919,0.524905613,0.028327715,0.978484713,0.453862462,0.363089970,0,-0.523598776,0.886534,center_box,active
35,1.750000000,20,1,0.850688919,0.524905613,0.028327715,0.978484713,0.453862462,0.363089970,0,-0.523598776,0.886534,center_box,active
35,1.750000000,21,1,0.850688919,0.524905613,0.028327715,0.978484713,0.453862462,0.363089970,0,-0.523598776,0.886534,center_box,active
35,1.750000000,22,1,0.850688919,0.524905613,0.028327715,0.978484713,0.453862462,0.363089970,0,-0.523598776,0.886534,center_box,active
35,1.750000000,23,1,0.850688919,0.524905613,0.028327715,0.978484713,0.453862462,0.363089970,0,-0.523598776,0.886534,center_box,active
35,1.750000000,24,1,0.850688919,0.524905613,0.028327715,0.978484713,0.453862462,0.363089970,0,-0.523598776,0.886534,center_box,active
36,1.800000000,0,0,,,,,0.463408816,0.370727053,,-0.523598776,0.884148,center_box,active
36,1.800000000,1,0,,,,,0.463408816,0.370727053,,-0.523598776,0.884148,center_box,active
36,1.800000000,2,0,,,,,0.463408816,0.370727053,,-0.523598776,0.884148,center_box,active
36,1.800000000,3,1,0.808435853,0.588567527,-0.004442680,0.875353596,0.463408816,0.370727053,0,-0.523598776,0.884148,center_box,active
36,1.800000000,4,1,0.808435853,0.588567527,-0.004442680,0.875353596,0.463408816,0.370727053,0,-0.523598776,0.884148,center_box,active
36,1.800000000,5,1,0.808435853,0.588567527,-0.004442680,0.875353596,0.463408816,0.370727053,0,-0.523598776,0.884148,center_box,active
36,1.800000000,6,1,0.808435853,0.588567527,-0.004442680,0.875353596,0.463408816,0.370727053,0,-0.523598776,0.884148,center_box,active
36,1.800000000,7,1,0.808435853,0.588567527,-0.004442680,0.875353596,0.463408816,0.370727053,0,-0.523598776,0.884148,center_box,active
36,1.800000000,8,1,0.808435853,0.588567527,-0.004442680,0.875353596,0.463408816,0.370727053,0,-0.523598776,0.884148,center_box,active
36,1.800000000,9,1,0.808435853,0.588567527,-0.004442680,0.875353596,0.463408816,0.370727053,0,-0.523598776,0.884148,center_box,active
36,1.800000000,10,1,0.808435853,0.588567527,-0.004442680,0.875353596,0.463408816,0.370727053,0,-0.523598776,0.884148,center_box,active
36,1.800000000,11,1,0.808435853,0.588567527,-0.004442680,0.875353596,0.463408816,0.370727053,0,-0.523598776,0.884148,center_box,active
36,1.800000000,12,1,0.808435853,0.588567527,-0.004442680,0.875353596,0.463408816,0.370727053,0,-0.523598776,0.884148,center_box,active
36,1.800000000,13,1,0.808435853,0.588567527,-0.004442680,0.875353596,0.463408816,0.370727053,0,-0.523598776,0.884148,center_box,active
36,1.800000000,14,1,0.808435853,0.588567527,-0.004442680,0.875353596,0.463408816,0.370727053,0,-0.523598776,0.884148,center_box,active
36,1.800000000,15,1,0.808435853,0.588567527,-0.004442680,0.875353596,0.463408816,0.370727053,0,-0.523598776,0.884148,center_box,active
36,1.800000000,16,1,0.808435853,0.588567527,-0.004442680,0.875353596,0.463408816,0.370727053,0,-0.523598776,0.884148,center_box,active
36,1.800000000,17,1,0.808435853,0.588567527,-0.004442680,0.875353596,0.463408816,0.370727053,0,-0.523598776,0.884148,center_box,active
36,1.800000000,18,1,0.808435853,0.588567527,-0.004442680,0.875353596,0.463408816,0.370727053,0,-0.523598776,0.884148,center_box,active
36,1.800000000,19,1,0.808435853,0.588567527,-0.004442680,0.875353596,0.463408816,0.370727053,0,-0.523598776,0.884148,center_box,active
36,1.800000000,20,1,0.808435853,0.588567527,-0.004442680,0.875353596,0.463408816,0.370727053,0,-0.523598776,0.884148,center_box,active
36,1.800000000,21,1,0.808435853,0.588567527,-0.004442680,0.875353596,0.463408816,0.370727053,0,-0.523598776,0.884148,center_box,active
36,1.800000000,22,1,0.808435853,0.588567527,-0.004442680,0.875353596,0.463408816,0.370727053,0,-0.523598776,0.884148,center_box,active
36,1.800000000,23,1,0.808435853,0.588567527,-0.004442680,0.875353596,0.463408816,0.370727053,0,-0.523598776,0.884148,center_box,active
36,1.800000000,24,1,0.808435853,0.588567527,-0.004442680,0.875353596,0.463408816,0.370727053,0,-0.523598776,0.884148,center_box,active
37,1.850000000,0,0,,,,,0.541344666,0.433075733,,-0.523598776,0.864664,center_box,active
37,1.850000000,1,0,,,,,0.541344666,0.433075733,,-0.523598776,0.864664,center_box,active
37,1.850000000,2,0,,,,,0.541344666,0.433075733,,-0.523598776,0.864664,center_box,active
37,1.850000000,3,1,0.821977027,0.561452082,-0.095526576,0.814696357,0.541344666,0.433075733,0,-0.523598776,0.864664,center_box,active
37,1.850000000,4,1,0.821977027,0.561452082,-0.095526576,0.814696357,0.541344666,0.433075733,0,-0.523598776,0.864664,center_box,active
37,1.850000000,5,1,0.821977027,0.561452082,-0.095526576,0.814696357,0.541344666,0.433075733,0,-0.523598776,0.864664,center_box,active
37,1.850000000,6,1,0.821977027,0.561452082,-0.095526576,0.814696357,0.541344666,0.433075733,0,-0.523598776,0.864664,center_box,active
37,1.850000000,7,1,0.821977027,0.561452082,-0.095526576,0.814696357,0.541344666,0.433075733,0,-0.523598776,0.864664,center_box,active
37,1.850000000,8,1,0.821977027,0.561452082,-0.095526576,0.814696357,0.541344666,0.433075733,0,-0.523598776,0.864664,center_box,active
37,1.850000000,9,1,0.821977027,0.561452082,-0.095526576,0.814696357,0.541344666,0.433075733,0,-0.523598776,0.864664,center_box,active
37,1.850000000,10,1,0.821977027,0.561452082,-0.095526576,0.814696357,0.541344666,0.433075733,0,-0.523598776,0.864664,center_box,active
37,1.850000000,11,1,0.821977027,0.561452082,-0.095526576,0.814696357,0.541344666,0.433075733,0,-0.523598776,0.864664,center_box,active
37,1.850000000,12,1,0.821977027,0.561452082,-0.095526576,0.814696357,0.541344666,0.433075733,0,-0.523598776,0.864664,center_box,active
37,1.850000000,13,1,0.821977027,0.561452082,-0.095526576,0.814696357,0.541344666,0.433075733,0,-0.523598776,0.864664,center_box,active
37,1.850000000,14,1,0.821977027,0.561452082,-0.095526576,0.814696357,0.541344666,0.433075733,0,-0.523598776,0.864664,center_box,active
37,1.850000000,15,1,0.821977027,0.561452082,-0.095526576,0.814696357,0.541344666,0.433075733,0,-0.523598776,0.864664,center_box,active
37,1.850000000,16,1,0.821977027,0.561452082,-0.095526576,0.814696357,0.541344666,0.433075733,0,-0.523598776,0.864664,center_box,active
37,1.850000000,17,1,0.821977027,0.561452082,-0.095526576,0.814696357,0.541344666,0.433075733,0,-0.523598776,0.864664,center_box,active
37,1.850000000,18,1,0.821977027,0.561452082,-0.095526576,0.814696357,0.541344666,0.433075733,0,-0.523598776,0.864664,center_box,active
37,1.850000000,19,1,0.821977027,0.561452082,-0.095526576,0.814696357,0.541344666,0.433075733,0,-0.523598776,0.864664,center_box,active
37,1.850000000,20,1,0.821977027,0.561452082,-0.095526576,0.814696357,0.541344666,0.433075733,0,-0.523598776,0.864664,center_box,active
37,1.850000000,21,1,0.821977027,0.561452082,-0.095526576,0.814696357,0.541344666,0.433075733,0,-0.523598776,0.864664,center_box,active
37,1.850000000,22,1,0.821977027,0.561452082,-0.095526576,0.814696357,0.541344666,0.433075733,0,-0.523598776,0.864664,center_box,active
37,1.850000000,23,1,0.821977027,0.561452082,-0.095526576,0.814696357,0.541344666,0.433075733,0,-0.523598776,0.864664,center_box,active
37,1.850000000,24,1,0.821977027,0.561452082,-0.095526576,0.814696357,0.541344666,0.433075733,0,-0.523598776,0.864664,center_box,active
38,1.900000000,0,0,,,,,0.541344666,0.433075733,,-0.523598776,0.864664,center_box,held_active
38,1.900000000,1,0,,,,,0.541344666,0.433075733,,-0.523598776,0.864664,center_box,held_active
38,1.900000000,2,0,,,,,0.541344666,0.433075733,,-0.523598776,0.864664,center_box,held_active
38,1.900000000,3,1,0.821977027,0.561452082,-0.095526576,0.814696357,0.541344666,0.433075733,0,-0.523598776,0.864664,center_box,held_active
38,1.900000000,4,1,0.821977027,0.561452082,-0.095526576,0.814696357,0.541344666,0.433075733,0,-0.523598776,0.864664,center_box,held_active
38,1.900000000,5,1,0.821977027,0.561452082,-0.095526576,0.814696357,0.541344666,0.433075733,0,-0.523598776,0.864664,center_box,held_active
38,1.900000000,6,1,0.821977027,0.561452082,-0.095526576,0.814696357,0.541344666,0.433075733,0,-0.523598776,0.864664,center_box,held_active
38,1.900000000,7,1,0.821977027,0.561452082,-0.095526576,0.814696357,0.541344666,0.433075733,0,-0.523598776,0.864664,center_box,held_active
38,1.900000000,8,1,0.821977027,0.561452082,-0.095526576,0.814696357,0.541344666,0.433075733,0,-0.523598776,0.864664,center_box,held_active
38,1.900000000,9,1,0.821977027,0.561452082,-0.095526576,0.814696357,0.541344666,0.433075733,0,-0.523598776,0.864664,center_box,held_active
38,1.900000000,10,1,0.821977027,0.561452082,-0.095526576,0.814696357,0.541344666,0.433075733,0,-0.523598776,0.864664,center_box,held_active
38,1.900000000,11,1,0.821977027,0.561452082,-0.095526576,0.814696357,0.541344666,0.433075733,0,-0.523598776,0.864664,center_box,held_active
38,1.900000000,12,1,0.821977027,0.561452082,-0.095526576,0.814696357,0.541344666,0.433075733,0,-0.523598776,0.864664,center_box,held_active
38,1.900000000,13,1,0.821977027,0.561452082,-0.095526576,0.814696357,0.541344666,0.433075733,0,-0.523598776,0.864664,center_box,held_active
38,1.900000000,14,1,0.821977027,0.561452082,-0.095526576,0.814696357,0.541344666,0.433075733,0,-0.523598776,0.864664,center_box,held_active
38,1.900000000,15,1,0.821977027,0.561452082,-0.095526576,0.814696357,0.541344666,0.433075733,0,-0.523598776,0.864664,center_box,held_active
38,1.900000000,16,1,0.821977027,0.561452082,-0.095526576,0.814696357,0.541344666,0.433075733,0,-0.523598776,0.864664,center_box,held_active
38,1.900000000,17,1,0.821977027,0.561452082,-0.095526576,0.814696357,0.541344666,0.433075733,0,-0.523598776,0.864664,center_box,held_active
38,1.900000000,18,1,0.821977027,0.561452082,-0.095526576,0.814696357,0.541344666,0.433075733,0,-0.523598776,0.864664,center_box,held_active
38,1.900000000,19,1,0.821977027,0.561452082,-0.095526576,0.814696357,0.541344666,0.433075733,0,-0.523598776,0.864664,center_box,held_active
38,1.900000000,20,1,0.821977027,0.561452082,-0.095526576,0.814696357,0.541344666,0.433075733,0,-0.523598776,0.864664,center_box,held_active
38,1.900000000,21,1,0.821977027,0.561452082,-0.095526576,0.814696357,0.541344666,0.433075733,0,-0.523598776,0.864664,center_box,held_active
38,1.900000000,22,1,0.821977027,0.561452082,-0.095526576,0.814696357,0.541344666,0.433075733,0,-0.523598776,0.864664,center_box,held_active
38,1.900000000,23,1,0.821977027,0.561452082,-0.095526576,0.814696357,0.541344666,0.433075733,0,-0.523598776,0.864664,center_box,held_active
38,1.900000000,24,1,0.821977027,0.561452082,-0.095526576,0.814696357,0.541344666,0.433075733,0,-0.523598776,0.864664,center_box,held_active
39,1.950000000,0,0,,,,,0.541344666,0.433075733,,-0.523598776,0.864664,center_box,held_active
39,1.950000000,1,0,,,,,0.541344666,0.433075733,,-0.523598776,0.864664,center_box,held_active
39,1.950000000,2,0,,,,,0.541344666,0.433075733,,-0.523598776,0.864664,center_box,held_active
39,1.950000000,3,1,0.821977027,0.561452082,-0.095526576,0.814696357,0.541344666,0.433075733,0,-0.523598776,0.864664,center_box,held_active
39,1.950000000,4,1,0.821977027,0.561452082,-0.095526576,0.814696357,0.541344666,0.433075733,0,-0.523598776,0.864664,center_box,held_active
39,1.950000000,5,1,0.821977027,0.561452082,-0.095526576,0.814696357,0.541344666,0.433075733,0,-0.523598776,0.864664,center_box,held_active
39,1.950000000,6,1,0.821977027,0.561452082,-0.095526576,0.814696357,0.541344666,0.433075733,0,-0.523598776,0.864664,center_box,held_active
39,1.950000000,7,1,0.821977027,0.561452082,-0.095526576,0.814696357,0.541344666,0.433075733,0,-0.523598776,0.864664,center_box,held_active
39,1.950000000,8,1,0.821977027,0.561452082,-0.095526576,0.814696357,0.541344666,0.433075733,0,-0.523598776,0.864664,center_box,held_active
39,1.950000000,9,1,0.821977027,0.561452082,-0.095526576,0.814696357,0.541344666,0.433075733,0,-0.523598776,0.864664,center_box,held_active
39,1.950000000,10,1,0.821977027,0.561452082,-0.095526576,0.814696357,0.541344666,0.433075733,0,-0.523598776,0.864664,center_box,held_active
39,1.950000000,11,1,0.821977027,0.561452082,-0.095526576,0.814696357,0.541344666,0.433075733,0,-0.523598776,0.864664,center_box,held_active
39,1.950000000,12,1,0.821977027,0.561452082,-0.095526576,0.814696357,0.541344666,0.433075733,0,-0.523598776,0.864664,center_box,held_active
39,1.950000000,13,1,0.821977027,0.561452082,-0.095526576,0.814696357,0.541344666,0.433075733,0,-0.523598776,0.864664,center_box,held_active
39,1.950000000,14,1,0.821977027,0.561452082,-0.095526576,0.814696357,0.541344666,0.433075733,0,-0.523598776,0.864664,center_box,held_active
39,1.950000000,15,1,0.821977027,0.561452082,-0.095526576,0.814696357,0.541344666,0.433075733,0,-0.523598776,0.864664,center_box,held_active
39,1.950000000,16,1,0.821977027,0.561452082,-0.095526576,0.814696357,0.541344666,0.433075733,0,-0.523598776,0.864664,center_box,held_active
39,1.950000000,17,1,0.821977027,0.561452082,-0.095526576,0.814696357,0.541344666,0.433075733,0,-0.523598776,0.864664,center_box,held_active
39,1.950000000,18,1,0.821977027,0.561452082,-0.095526576,0.814696357,0.541344666,0.433075733,0,-0.523598776,0.864664,center_box,held_active
39,1.950000000,19,1,0.821977027,0.561452082,-0.095526576,0.814696357,0.541344666,0.433075733,0,-0.523598776,0.864664,center_box,held_active
39,1.950000000,20,1,0.821977027,0.561452082,-0.095526576,0.814696357,0.541344666,0.433075733,0,-0.523598776,0.864664,center_box,held_active
39,1.950000000,21,1,0.821977027,0.561452082,-0.095526576,0.814696357,0.541344666,0.433075733,0,-0.523598776,0.864664,center_box,held_active
39,1.950000000,22,1,0.821977027,0.561452082,-0.095526576,0.814696357,0.541344666,0.433075733,0,-0.523598776,0.864664,center_box,held_active
39,1.950000000,23,1,0.821977027,0.561452082,-0.095526576,0.814696357,0.541344666,0.433075733,0,-0.523598776,0.864664,center_box,held_active
39,1.950000000,24,1,0.821977027,0.561452082,-0.095526576,0.814696357,0.541344666,0.433075733,0,-0.523598776,0.864664,center_box,held_active
40,2.000000000,0,0,,,,,0.541344666,0.433075733,,-0.523598776,0.864664,center_box,held_active
40,2.000000000,1,0,,,,,0.541344666,0.433075733,,-0.523598776,0.864664,center_box,held_active
40,2.000000000,2,0,,,,,0.541344666,0.433075733,,-0.523598776,0.864664,center_box,held_active
40,2.000000000,3,1,0.821977027,0.561452082,-0.095526576,0.814696357,0.541344666,0.433075733,0,-0.523598776,0.864664,center_box,held_active
40,2.000000000,4,1,0.821977027,0.561452082,-0.095526576,0.814696357,0.541344666,0.433075733,0,-0.523598776,0.864664,center_box,held_active
40,2.000000000,5,1,0.821977027,0.561452082,-0.095526576,0.814696357,0.541344666,0.433075733,0,-0.523598776,0.864664,center_box,held_active
40,2.000000000,6,1,0.821977027,0.561452082,-0.095526576,0.814696357,0.541344666,0.433075733,0,-0.523598776,0.864664,center_box,held_active
40,2.000000000,7,1,0.821977027,0.561452082,-0.095526576,0.814696357,0.541344666,0.433075733,0,-0.523598776,0.864664,center_box,held_active
40,2.000000000,8,1,0.821977027,0.561452082,-0.095526576,0.814696357,0.541344666,0.433075733,0,-0.523598776,0.864664,center_box,held_active
40,2.000000000,9,1,0.821977027,0.561452082,-0.095526576,0.814696357,0.541344666,0.433075733,0,-0.523598776,0.864664,center_box,held_active
40,2.000000000,10,1,0.821977027,0.561452082,-0.095526576,0.814696357,0.541344666,0.433075733,0,-0.523598776,0.864664,center_box,held_active
40,2.000000000,11,1,0.821977027,0.561452082,-0.095526576,0.814696357,0.541344666,0.433075733,0,-0.523598776,0.864664,center_box,held_active
40,2.000000000,12,1,0.821977027,0.561452082,-0.095526576,0.814696357,0.541344666,0.433075733,0,-0.523598776,0.864664,center_box,held_active
40,2.000000000,13,1,0.821977027,0.561452082,-0.095526576,0.814696357,0.541344666,0.433075733,0,-0.523598776,0.864664,center_box,held_active
40,2.000000000,14,1,0.821977027,0.561452082,-0.095526576,0.814696357,0.541344666,0.433075733,0,-0.523598776,0.864664,center_box,held_active
40,2.000000000,15,1,0.821977027,0.561452082,-0.095526576,0.814696357,0.541344666,0.433075733,0,-0.523598776,0.864664,center_box,held_active
40,2.000000000,16,1,0.821977027,0.561452082,-0.095526576,0.814696357,0.541344666,0.433075733,0,-0.523598776,0.864664,center_box,held_active
40,2.000000000,17,1,0.821977027,0.561452082,-0.095526576,0.814696357,0.541344666,0.433075733,0,-0.523598776,0.864664,center_box,held_active
40,2.000000000,18,1,0.821977027,0.561452082,-0.095526576,0.814696357,0.541344666,0.433075733,0,-0.523598776,0.864664,center_box,held_active
40,2.000000000,19,1,0.821977027,0.561452082,-0.095526576,0.814696357,0.541344666,0.433075733,0,-0.523598776,0.864664,center_box,held_active
40,2.000000000,20,1,0.821977027,0.561452082,-0.095526576,0.814696357,0.541344666,0.433075733,0,-0.523598776,0.864664,center_box,held_active
40,2.000000000,21,1,0.821977027,0.561452082,-0.095526576,0.814696357,0.541344666,0.433075733,0,-0.523598776,0.864664,center_box,held_active
40,2.000000000,22,1,0.821977027,0.561452082,-0.095526576,0.814696357,0.541344666,0.433075733,0,-0.523598776,0.864664,center_box,held_active
40,2.000000000,23,1,0.821977027,0.561452082,-0.095526576,0.814696357,0.541344666,0.433075733,0,-0.523598776,0.864664,center_box,held_active
40,2.000000000,24,1,0.821977027,0.561452082,-0.095526576,0.814696357,0.541344666,0.433075733,0,-0.523598776,0.864664,center_box,held_active
41,2.050000000,0,0,,,,,0.541344666,0.433075733,,-0.523598776,0.864664,center_box,held_active
41,2.050000000,1,0,,,,,0.541344666,0.433075733,,-0.523598776,0.864664,center_box,held_active
41,2.050000000,2,0,,,,,0.541344666,0.433075733,,-0.523598776,0.864664,center_box,held_active
41,2.050000000,3,1,0.821977027,0.561452082,-0.095526576,0.814696357,0.541344666,0.433075733,0,-0.523598776,0.864664,center_box,held_active
41,2.050000000,4,1,0.821977027,0.561452082,-0.095526576,0.814696357,0.541344666,0.433075733,0,-0.523598776,0.864664,center_box,held_active
41,2.050000000,5,1,0.821977027,0.561452082,-0.095526576,0.814696357,0.541344666,0.433075733,0,-0.523598776,0.864664,center_box,held_active
41,2.050000000,6,1,0.821977027,0.561452082,-0.095526576,0.814696357,0.541344666,0.433075733,0,-0.523598776,0.864664,center_box,held_active
41,2.050000000,7,1,0.821977027,0.561452082,-0.095526576,0.814696357,0.541344666,0.433075733,0,-0.523598776,0.864664,center_box,held_active
41,2.050000000,8,1,0.821977027,0.561452082,-0.095526576,0.814696357,0.541344666,0.433075733,0,-0.523598776,0.864664,center_box,held_active
41,2.050000000,9,1,0.821977027,0.561452082,-0.095526576,0.814696357,0.541344666,0.433075733,0,-0.523598776,0.864664,center_box,held_active
41,2.050000000,10,1,0.821977027,0.561452082,-0.095526576,0.814696357,0.541344666,0.433075733,0,-0.523598776,0.864664,center_box,held_active
41,2.050000000,11,1,0.821977027,0.561452082,-0.095526576,0.814696357,0.541344666,0.433075733,0,-0.523598776,0.864664,center_box,held_active
41,2.050000000,12,1,0.821977027,0.561452082,-0.095526576,0.814696357,0.541344666,0.433075733,0,-0.523598776,0.864664,center_box,held_active
41,2.050000000,13,1,0.821977027,0.561452082,-0.095526576,0.814696357,0.541344666,0.433075733,0,-0.523598776,0.864664,center_box,held_active
41,2.050000000,14,1,0.821977027,0.561452082,-0.095526576,0.814696357,0.541344666,0.433075733,0,-0.523598776,0.864664,center_box,held_active
41,2.050000000,15,1,0.821977027,0.561452082,-0.095526576,0.814696357,0.541344666,0.433075733,0,-0.523598776,0.864664,center_box,held_active
41,2.050000000,16,1,0.821977027,0.561452082,-0.095526576,0.814696357,0.541344666,0.433075733,0,-0.523598776,0.864664,center_box,held_active
41,2.050000000,17,1,0.821977027,0.561452082,-0.095526576,0.814696357,0.541344666,0.433075733,0,-0.523598776,0.864664,center_box,held_active
41,2.050000000,18,1,0.821977027,0.561452082,-0.095526576,0.814696357,0.541344666,0.433075733,0,-0.523598776,0.864664,center_box,held_active
41,2.050000000,19,1,0.821977027,0.561452082,-0.095526576,0.814696357,0.541344666,0.433075733,0,-0.523598776,0.864664,center_box,held_active
41,2.050000000,20,1,0.821977027,0.561452082,-0.095526576,0.814696357,0.541344666,0.433075733,0,-0.523598776,0.864664,center_box,held_active
41,2.050000000,21,1,0.821977027,0.561452082,-0.095526576,0.814696357,0.541344666,0.433075733,0,-0.523598776,0.864664,center_box,held_active
41,2.050000000,22,1,0.821977027,0.561452082,-0.095526576,0.814696357,0.541344666,0.433075733,0,-0.523598776,0.864664,center_box,held_active
41,2.050000000,23,1,0.821977027,0.561452082,-0.095526576,0.814696357,0.541344666,0.433075733,0,-0.523598776,0.864664,center_box,held_active
41,2.050000000,24,1,0.821977027,0.561452082,-0.095526576,0.814696357,0.541344666,0.433075733,0,-0.523598776,0.864664,center_box,held_active
42,2.100000000,0,0,,,,,,,,,0.000000,,stale_depth
42,2.100000000,1,0,,,,,,,,,0.000000,,stale_depth
42,2.100000000,2,0,,,,,,,,,0.000000,,stale_depth
42,2.100000000,3,0,,,,,,,,,0.000000,,stale_depth
42,2.100000000,4,0,,,,,,,,,0.000000,,stale_depth
42,2.100000000,5,0,,,,,,,,,0.000000,,stale_depth
42,2.100000000,6,0,,,,,,,,,0.000000,,stale_depth
42,2.100000000,7,0,,,,,,,,,0.000000,,stale_depth
42,2.100000000,8,0,,,,,,,,,0.000000,,stale_depth
42,2.100000000,9,0,,,,,,,,,0.000000,,stale_depth
42,2.100000000,10,0,,,,,,,,,0.000000,,stale_depth
42,2.100000000,11,0,,,,,,,,,0.000000,,stale_depth
42,2.100000000,12,0,,,,,,,,,0.000000,,stale_depth
42,2.100000000,13,0,,,,,,,,,0.000000,,stale_depth
42,2.100000000,14,0,,,,,,,,,0.000000,,stale_depth
42,2.100000000,15,0,,,,,,,,,0.000000,,stale_depth
42,2.100000000,16,0,,,,,,,,,0.000000,,stale_depth
42,2.100000000,17,0,,,,,,,,,0.000000,,stale_depth
42,2.100000000,18,0,,,,,,,,,0.000000,,stale_depth
42,2.100000000,19,0,,,,,,,,,0.000000,,stale_depth
42,2.100000000,20,0,,,,,,,,,0.000000,,stale_depth
42,2.100000000,21,0,,,,,,,,,0.000000,,stale_depth
42,2.100000000,22,0,,,,,,,,,0.000000,,stale_depth
42,2.100000000,23,0,,,,,,,,,0.000000,,stale_depth
42,2.100000000,24,0,,,,,,,,,0.000000,,stale_depth
43,2.150000000,0,0,,,,,,,,,0.000000,,stale_depth
43,2.150000000,1,0,,,,,,,,,0.000000,,stale_depth
43,2.150000000,2,0,,,,,,,,,0.000000,,stale_depth
43,2.150000000,3,0,,,,,,,,,0.000000,,stale_depth
43,2.150000000,4,0,,,,,,,,,0.000000,,stale_depth
43,2.150000000,5,0,,,,,,,,,0.000000,,stale_depth
43,2.150000000,6,0,,,,,,,,,0.000000,,stale_depth
43,2.150000000,7,0,,,,,,,,,0.000000,,stale_depth
43,2.150000000,8,0,,,,,,,,,0.000000,,stale_depth
43,2.150000000,9,0,,,,,,,,,0.000000,,stale_depth
43,2.150000000,10,0,,,,,,,,,0.000000,,stale_depth
43,2.150000000,11,0,,,,,,,,,0.000000,,stale_depth
43,2.150000000,12,0,,,,,,,,,0.000000,,stale_depth
43,2.150000000,13,0,,,,,,,,,0.000000,,stale_depth
43,2.150000000,14,0,,,,,,,,,0.000000,,stale_depth
43,2.150000000,15,0,,,,,,,,,0.000000,,stale_depth
43,2.150000000,16,0,,,,,,,,,0.000000,,stale_depth
43,2.150000000,17,0,,,,,,,,,0.000000,,stale_depth
43,2.150000000,18,0,,,,,,,,,0.000000,,stale_depth
43,2.150000000,19,0,,,,,,,,,0.000000,,stale_depth
43,2.150000000,20,0,,,,,,,,,0.000000,,stale_depth
43,2.150000000,21,0,,,,,,,,,0.000000,,stale_depth
43,2.150000000,22,0,,,,,,,,,0.000000,,stale_depth
43,2.150000000,23,0,,,,,,,,,0.000000,,stale_depth
43,2.150000000,24,0,,,,,,,,,0.000000,,stale_depth
44,2.200000000,0,0,,,,,,,,,0.000000,,stale_depth
44,2.200000000,1,0,,,,,,,,,0.000000,,stale_depth
44,2.200000000,2,0,,,,,,,,,0.000000,,stale_depth
44,2.200000000,3,0,,,,,,,,,0.000000,,stale_depth
44,2.200000000,4,0,,,,,,,,,0.000000,,stale_depth
44,2.200000000,5,0,,,,,,,,,0.000000,,stale_depth
44,2.200000000,6,0,,,,,,,,,0.000000,,stale_depth
44,2.200000000,7,0,,,,,,,,,0.000000,,stale_depth
44,2.200000000,8,0,,,,,,,,,0.000000,,stale_depth
44,2.200000000,9,0,,,,,,,,,0.000000,,stale_depth
44,2.200000000,10,0,,,,,,,,,0.000000,,stale_depth
44,2.200000000,11,0,,,,,,,,,0.000000,,stale_depth
44,2.200000000,12,0,,,,,,,,,0.000000,,stale_depth
44,2.200000000,13,0,,,,,,,,,0.000000,,stale_depth
44,2.200000000,14,0,,,,,,,,,0.000000,,stale_depth
44,2.200000000,15,0,,,,,,,,,0.000000,,stale_depth
44,2.200000000,16,0,,,,,,,,,0.000000,,stale_depth
44,2.200000000,17,0,,,,,,,,,0.000000,,stale_depth
44,2.200000000,18,0,,,,,,,,,0.000000,,stale_depth
44,2.200000000,19,0,,,,,,,,,0.000000,,stale_depth
44,2.200000000,20,0,,,,,,,,,0.000000,,stale_depth
44,2.200000000,21,0,,,,,,,,,0.000000,,stale_depth
44,2.200000000,22,0,,,,,,,,,0.000000,,stale_depth
44,2.200000000,23,0,,,,,,,,,0.000000,,stale_depth
44,2.200000000,24,0,,,,,,,,,0.000000,,stale_depth
45,2.250000000,0,0,,,,,,,,,0.000000,,stale_depth
45,2.250000000,1,0,,,,,,,,,0.000000,,stale_depth
45,2.250000000,2,0,,,,,,,,,0.000000,,stale_depth
45,2.250000000,3,0,,,,,,,,,0.000000,,stale_depth
45,2.250000000,4,0,,,,,,,,,0.000000,,stale_depth
45,2.250000000,5,0,,,,,,,,,0.000000,,stale_depth
45,2.250000000,6,0,,,,,,,,,0.000000,,stale_depth
45,2.250000000,7,0,,,,,,,,,0.000000,,stale_depth
45,2.250000000,8,0,,,,,,,,,0.000000,,stale_depth
45,2.250000000,9,0,,,,,,,,,0.000000,,stale_depth
45,2.250000000,10,0,,,,,,,,,0.000000,,stale_depth
45,2.250000000,11,0,,,,,,,,,0.000000,,stale_depth
45,2.250000000,12,0,,,,,,,,,0.000000,,stale_depth
45,2.250000000,13,0,,,,,,,,,0.000000,,stale_depth
45,2.250000000,14,0,,,,,,,,,0.000000,,stale_depth
45,2.250000000,15,0,,,,,,,,,0.000000,,stale_depth
45,2.250000000,16,0,,,,,,,,,0.000000,,stale_depth
45,2.250000000,17,0,,,,,,,,,0.000000,,stale_depth
45,2.250000000,18,0,,,,,,,,,0.000000,,stale_depth
45,2.250000000,19,0,,,,,,,,,0.000000,,stale_depth
45,2.250000000,20,0,,,,,,,,,0.000000,,stale_depth
45,2.250000000,21,0,,,,,,,,,0.000000,,stale_depth
45,2.250000000,22,0,,,,,,,,,0.000000,,stale_depth
45,2.250000000,23,0,,,,,,,,,0.000000,,stale_depth
45,2.250000000,24,0,,,,,,,,,0.000000,,stale_depth
46,2.300000000,0,0,,,,,,,,,0.000000,,stale_depth
46,2.300000000,1,0,,,,,,,,,0.000000,,stale_depth
46,2.300000000,2,0,,,,,,,,,0.000000,,stale_depth
46,2.300000000,3,0,,,,,,,,,0.000000,,stale_depth
46,2.300000000,4,0,,,,,,,,,0.000000,,stale_depth
46,2.300000000,5,0,,,,,,,,,0.000000,,stale_depth
46,2.300000000,6,0,,,,,,,,,0.000000,,stale_depth
46,2.300000000,7,0,,,,,,,,,0.000000,,stale_depth
46,2.300000000,8,0,,,,,,,,,0.000000,,stale_depth
46,2.300000000,9,0,,,,,,,,,0.000000,,stale_depth
46,2.300000000,10,0,,,,,,,,,0.000000,,stale_depth
46,2.300000000,11,0,,,,,,,,,0.000000,,stale_depth
46,2.300000000,12,0,,,,,,,,,0.000000,,stale_depth
46,2.300000000,13,0,,,,,,,,,0.000000,,stale_depth
46,2.300000000,14,0,,,,,,,,,0.000000,,stale_depth
46,2.300000000,15,0,,,,,,,,,0.000000,,stale_depth
46,2.300000000,16,0,,,,,,,,,0.000000,,stale_depth
46,2.300000000,17,0,,,,,,,,,0.000000,,stale_depth
46,2.300000000,18,0,,,,,,,,,0.000000,,stale_depth
46,2.300000000,19,0,,,,,,,,,0.000000,,stale_depth
46,2.300000000,20,0,,,,,,,,,0.000000,,stale_depth
46,2.300000000,21,0,,,,,,,,,0.000000,,stale_depth
46,2.300000000,22,0,,,,,,,,,0.000000,,stale_depth
46,2.300000000,23,0,,,,,,,,,0.000000,,stale_depth
46,2.300000000,24,0,,,,,,,,,0.000000,,stale_depth
47,2.350000000,0,0,,,,,,,,,0.000000,,stale_depth
47,2.350000000,1,0,,,,,,,,,0.000000,,stale_depth
47,2.350000000,2,0,,,,,,,,,0.000000,,stale_depth
47,2.350000000,3,0,,,,,,,,,0.000000,,stale_depth
47,2.350000000,4,0,,,,,,,,,0.000000,,stale_depth
47,2.350000000,5,0,,,,,,,,,0.000000,,stale_depth
47,2.350000000,6,0,,,,,,,,,0.000000,,stale_depth
47,2.350000000,7,0,,,,,,,,,0.000000,,stale_depth
47,2.350000000,8,0,,,,,,,,,0.000000,,stale_depth
47,2.350000000,9,0,,,,,,,,,0.000000,,stale_depth
47,2.350000000,10,0,,,,,,,,,0.000000,,stale_depth
47,2.350000000,11,0,,,,,,,,,0.000000,,stale_depth
47,2.350000000,12,0,,,,,,,,,0.000000,,stale_depth
47,2.350000000,13,0,,,,,,,,,0.000000,,stale_depth
47,2.350000000,14,0,,,,,,,,,0.000000,,stale_depth
47,2.350000000,15,0,,,,,,,,,0.000000,,stale_depth
47,2.350000000,16,0,,,,,,,,,0.000000,,stale_depth
47,2.350000000,17,0,,,,,,,,,0.000000,,stale_depth
47,2.350000000,18,0,,,,,,,,,0.000000,,stale_depth
47,2.350000000,19,0,,,,,,,,,0.000000,,stale_depth
47,2.350000000,20,0,,,,,,,,,0.000000,,stale_depth
47,2.350000000,21,0,,,,,,,,,0.000000,,stale_depth
47,2.350000000,22,0,,,,,,,,,0.000000,,stale_depth
47,2.350000000,23,0,,,,,,,,,0.000000,,stale_depth
47,2.350000000,24,0,,,,,,,,,0.000000,,stale_depth
48,2.400000000,0,0,,,,,,,,,0.000000,,stale_depth
48,2.400000000,1,0,,,,,,,,,0.000000,,stale_depth
48,2.400000000,2,0,,,,,,,,,0.000000,,stale_depth
48,2.400000000,3,0,,,,,,,,,0.000000,,stale_depth
48,2.400000000,4,0,,,,,,,,,0.000000,,stale_depth
48,2.400000000,5,0,,,,,,,,,0.000000,,stale_depth
48,2.400000000,6,0,,,,,,,,,0.000000,,stale_depth
48,2.400000000,7,0,,,,,,,,,0.000000,,stale_depth
48,2.400000000,8,0,,,,,,,,,0.000000,,stale_depth
48,2.400000000,9,0,,,,,,,,,0.000000,,stale_depth
48,2.400000000,10,0,,,,,,,,,0.000000,,stale_depth
48,2.400000000,11,0,,,,,,,,,0.000000,,stale_depth
48,2.400000000,12,0,,,,,,,,,0.000000,,stale_depth
48,2.400000000,13,0,,,,,,,,,0.000000,,stale_depth
48,2.400000000,14,0,,,,,,,,,0.000000,,stale_depth
48,2.400000000,15,0,,,,,,,,,0.000000,,stale_depth
48,2.400000000,16,0,,,,,,,,,0.000000,,stale_depth
48,2.400000000,17,0,,,,,,,,,0.000000,,stale_depth
48,2.400000000,18,0,,,,,,,,,0.000000,,stale_depth
48,2.400000000,19,0,,,,,,,,,0.000000,,stale_depth
48,2.400000000,20,0,,,,,,,,,0.000000,,stale_depth
48,2.400000000,21,0,,,,,,,,,0.000000,,stale_depth
48,2.400000000,22,0,,,,,,,,,0.000000,,stale_depth
48,2.400000000,23,0,,,,,,,,,0.000000,,stale_depth
48,2.400000000,24,0,,,,,,,,,0.000000,,stale_depth
49,2.450000000,0,0,,,,,,,,,0.000000,,stale_depth
49,2.450000000,1,0,,,,,,,,,0.000000,,stale_depth
49,2.450000000,2,0,,,,,,,,,0.000000,,stale_depth
49,2.450000000,3,0,,,,,,,,,0.000000,,stale_depth
49,2.450000000,4,0,,,,,,,,,0.000000,,stale_depth
49,2.450000000,5,0,,,,,,,,,0.000000,,stale_depth
49,2.450000000,6,0,,,,,,,,,0.000000,,stale_depth
49,2.450000000,7,0,,,,,,,,,0.000000,,stale_depth
49,2.450000000,8,0,,,,,,,,,0.000000,,stale_depth
49,2.450000000,9,0,,,,,,,,,0.000000,,stale_depth
49,2.450000000,10,0,,,,,,,,,0.000000,,stale_depth
49,2.450000000,11,0,,,,,,,,,0.000000,,stale_depth
49,2.450000000,12,0,,,,,,,,,0.000000,,stale_depth
49,2.450000000,13,0,,,,,,,,,0.000000,,stale_depth
49,2.450000000,14,0,,,,,,,,,0.000000,,stale_depth
49,2.450000000,15,0,,,,,,,,,0.000000,,stale_depth
49,2.450000000,16,0,,,,,,,,,0.000000,,stale_depth
49,2.450000000,17,0,,,,,,,,,0.000000,,stale_depth
49,2.450000000,18,0,,,,,,,,,0.000000,,stale_depth
49,2.450000000,19,0,,,,,,,,,0.000000,,stale_depth
49,2.450000000,20,0,,,,,,,,,0.000000,,stale_depth
49,2.450000000,21,0,,,,,,,,,0.000000,,stale_depth
49,2.450000000,22,0,,,,,,,,,0.000000,,stale_depth
49,2.450000000,23,0,,,,,,,,,0.000000,,stale_depth
49,2.450000000,24,0,,,,,,,,,0.000000,,stale_depth
50,2.500000000,0,0,,,,,,,,,0.000000,,stale_depth
50,2.500000000,1,0,,,,,,,,,0.000000,,stale_depth
50,2.500000000,2,0,,,,,,,,,0.000000,,stale_depth
50,2.500000000,3,0,,,,,,,,,0.000000,,stale_depth
50,2.500000000,4,0,,,,,,,,,0.000000,,stale_depth
50,2.500000000,5,0,,,,,,,,,0.000000,,stale_depth
50,2.500000000,6,0,,,,,,,,,0.000000,,stale_depth
50,2.500000000,7,0,,,,,,,,,0.000000,,stale_depth
50,2.500000000,8,0,,,,,,,,,0.000000,,stale_depth
50,2.500000000,9,0,,,,,,,,,0.000000,,stale_depth
50,2.500000000,10,0,,,,,,,,,0.000000,,stale_depth
50,2.500000000,11,0,,,,,,,,,0.000000,,stale_depth
50,2.500000000,12,0,,,,,,,,,0.000000,,stale_depth
50,2.500000000,13,0,,,,,,,,,0.000000,,stale_depth
50,2.500000000,14,0,,,,,,,,,0.000000,,stale_depth
50,2.500000000,15,0,,,,,,,,,0.000000,,stale_depth
50,2.500000000,16,0,,,,,,,,,0.000000,,stale_depth
50,2.500000000,17,0,,,,,,,,,0.000000,,stale_depth
50,2.500000000,18,0,,,,,,,,,0.000000,,stale_depth
50,2.500000000,19,0,,,,,,,,,0.000000,,stale_depth
50,2.500000000,20,0,,,,,,,,,0.000000,,stale_depth
50,2.500000000,21,0,,,,,,,,,0.000000,,stale_depth
50,2.500000000,22,0,,,,,,,,,0.000000,,stale_depth
50,2.500000000,23,0,,,,,,,,,0.000000,,stale_depth
50,2.500000000,24,0,,,,,,,,,0.000000,,stale_depth
51,2.550000000,0,0,,,,,,,,,0.000000,,stale_depth
51,2.550000000,1,0,,,,,,,,,0.000000,,stale_depth
51,2.550000000,2,0,,,,,,,,,0.000000,,stale_depth
51,2.550000000,3,0,,,,,,,,,0.000000,,stale_depth
51,2.550000000,4,0,,,,,,,,,0.000000,,stale_depth
51,2.550000000,5,0,,,,,,,,,0.000000,,stale_depth
51,2.550000000,6,0,,,,,,,,,0.000000,,stale_depth
51,2.550000000,7,0,,,,,,,,,0.000000,,stale_depth
51,2.550000000,8,0,,,,,,,,,0.000000,,stale_depth
51,2.550000000,9,0,,,,,,,,,0.000000,,stale_depth
51,2.550000000,10,0,,,,,,,,,0.000000,,stale_depth
51,2.550000000,11,0,,,,,,,,,0.000000,,stale_depth
51,2.550000000,12,0,,,,,,,,,0.000000,,stale_depth
51,2.550000000,13,0,,,,,,,,,0.000000,,stale_depth
51,2.550000000,14,0,,,,,,,,,0.000000,,stale_depth
51,2.550000000,15,0,,,,,,,,,0.000000,,stale_depth
51,2.550000000,16,0,,,,,,,,,0.000000,,stale_depth
51,2.550000000,17,0,,,,,,,,,0.000000,,stale_depth
51,2.550000000,18,0,,,,,,,,,0.000000,,stale_depth
51,2.550000000,19,0,,,,,,,,,0.000000,,stale_depth
51,2.550000000,20,0,,,,,,,,,0.000000,,stale_depth
51,2.550000000,21,0,,,,,,,,,0.000000,,stale_depth
51,2.550000000,22,0,,,,,,,,,0.000000,,stale_depth
51,2.550000000,23,0,,,,,,,,,0.000000,,stale_depth
51,2.550000000,24,0,,,,,,,,,0.000000,,stale_depth
52,2.600000000,0,0,,,,,,,,,0.000000,,stale_depth
52,2.600000000,1,0,,,,,,,,,0.000000,,stale_depth
52,2.600000000,2,0,,,,,,,,,0.000000,,stale_depth
52,2.600000000,3,0,,,,,,,,,0.000000,,stale_depth
52,2.600000000,4,0,,,,,,,,,0.000000,,stale_depth
52,2.600000000,5,0,,,,,,,,,0.000000,,stale_depth
52,2.600000000,6,0,,,,,,,,,0.000000,,stale_depth
52,2.600000000,7,0,,,,,,,,,0.000000,,stale_depth
52,2.600000000,8,0,,,,,,,,,0.000000,,stale_depth
52,2.600000000,9,0,,,,,,,,,0.000000,,stale_depth
52,2.600000000,10,0,,,,,,,,,0.000000,,stale_depth
52,2.600000000,11,0,,,,,,,,,0.000000,,stale_depth
52,2.600000000,12,0,,,,,,,,,0.000000,,stale_depth
52,2.600000000,13,0,,,,,,,,,0.000000,,stale_depth
52,2.600000000,14,0,,,,,,,,,0.000000,,stale_depth
52,2.600000000,15,0,,,,,,,,,0.000000,,stale_depth
52,2.600000000,16,0,,,,,,,,,0.000000,,stale_depth
52,2.600000000,17,0,,,,,,,,,0.000000,,stale_depth
52,2.600000000,18,0,,,,,,,,,0.000000,,stale_depth
52,2.600000000,19,0,,,,,,,,,0.000000,,stale_depth
52,2.600000000,20,0,,,,,,,,,0.000000,,stale_depth
52,2.600000000,21,0,,,,,,,,,0.000000,,stale_depth
52,2.600000000,22,0,,,,,,,,,0.000000,,stale_depth
52,2.600000000,23,0,,,,,,,,,0.000000,,stale_depth
52,2.600000000,24,0,,,,,,,,,0.000000,,stale_depth
53,2.650000000,0,0,,,,,,,,,0.000000,,stale_depth
53,2.650000000,1,0,,,,,,,,,0.000000,,stale_depth
53,2.650000000,2,0,,,,,,,,,0.000000,,stale_depth
53,2.650000000,3,0,,,,,,,,,0.000000,,stale_depth
53,2.650000000,4,0,,,,,,,,,0.000000,,stale_depth
53,2.650000000,5,0,,,,,,,,,0.000000,,stale_depth
53,2.650000000,6,0,,,,,,,,,0.000000,,stale_depth
53,2.650000000,7,0,,,,,,,,,0.000000,,stale_depth
53,2.650000000,8,0,,,,,,,,,0.000000,,stale_depth
53,2.650000000,9,0,,,,,,,,,0.000000,,stale_depth
53,2.650000000,10,0,,,,,,,,,0.000000,,stale_depth
53,2.650000000,11,0,,,,,,,,,0.000000,,stale_depth
53,2.650000000,12,0,,,,,,,,,0.000000,,stale_depth
53,2.650000000,13,0,,,,,,,,,0.000000,,stale_depth
53,2.650000000,14,0,,,,,,,,,0.000000,,stale_depth
53,2.650000000,15,0,,,,,,,,,0.000000,,stale_depth
53,2.650000000,16,0,,,,,,,,,0.000000,,stale_depth
53,2.650000000,17,0,,,,,,,,,0.000000,,stale_depth
53,2.650000000,18,0,,,,,,,,,0.000000,,stale_depth
53,2.650000000,19,0,,,,,,,,,0.000000,,stale_depth
53,2.650000000,20,0,,,,,,,,,0.000000,,stale_depth
53,2.650000000,21,0,,,,,,,,,0.000000,,stale_depth
53,2.650000000,22,0,,,,,,,,,0.000000,,stale_depth
53,2.650000000,23,0,,,,,,,,,0.000000,,stale_depth
53,2.650000000,24,0,,,,,,,,,0.000000,,stale_depth
54,2.700000000,0,0,,,,,,,,,0.000000,,stale_depth
54,2.700000000,1,0,,,,,,,,,0.000000,,stale_depth
54,2.700000000,2,0,,,,,,,,,0.000000,,stale_depth
54,2.700000000,3,0,,,,,,,,,0.000000,,stale_depth
54,2.700000000,4,0,,,,,,,,,0.000000,,stale_depth
54,2.700000000,5,0,,,,,,,,,0.000000,,stale_depth
54,2.700000000,6,0,,,,,,,,,0.000000,,stale_depth
54,2.700000000,7,0,,,,,,,,,0.000000,,stale_depth
54,2.700000000,8,0,,,,,,,,,0.000000,,stale_depth
54,2.700000000,9,0,,,,,,,,,0.000000,,stale_depth
54,2.700000000,10,0,,,,,,,,,0.000000,,stale_depth
54,2.700000000,11,0,,,,,,,,,0.000000,,stale_depth
54,2.700000000,12,0,,,,,,,,,0.000000,,stale_depth
54,2.700000000,13,0,,,,,,,,,0.000000,,stale_depth
54,2.700000000,14,0,,,,,,,,,0.000000,,stale_depth
54,2.700000000,15,0,,,,,,,,,0.000000,,stale_depth
54,2.700000000,16,0,,,,,,,,,0.000000,,stale_depth
54,2.700000000,17,0,,,,,,,,,0.000000,,stale_depth
54,2.700000000,18,0,,,,,,,,,0.000000,,stale_depth
54,2.700000000,19,0,,,,,,,,,0.000000,,stale_depth
54,2.700000000,20,0,,,,,,,,,0.000000,,stale_depth
54,2.700000000,21,0,,,,,,,,,0.000000,,stale_depth
54,2.700000000,22,0,,,,,,,,,0.000000,,stale_depth
54,2.700000000,23,0,,,,,,,,,0.000000,,stale_depth
54,2.700000000,24,0,,,,,,,,,0.000000,,stale_depth
55,2.750000000,0,0,,,,,,,,,0.000000,,stale_depth
55,2.750000000,1,0,,,,,,,,,0.000000,,stale_depth
55,2.750000000,2,0,,,,,,,,,0.000000,,stale_depth
55,2.750000000,3,0,,,,,,,,,0.000000,,stale_depth
55,2.750000000,4,0,,,,,,,,,0.000000,,stale_depth
55,2.750000000,5,0,,,,,,,,,0.000000,,stale_depth
55,2.750000000,6,0,,,,,,,,,0.000000,,stale_depth
55,2.750000000,7,0,,,,,,,,,0.000000,,stale_depth
55,2.750000000,8,0,,,,,,,,,0.000000,,stale_depth
55,2.750000000,9,0,,,,,,,,,0.000000,,stale_depth
55,2.750000000,10,0,,,,,,,,,0.000000,,stale_depth
55,2.750000000,11,0,,,,,,,,,0.000000,,stale_depth
55,2.750000000,12,0,,,,,,,,,0.000000,,stale_depth
55,2.750000000,13,0,,,,,,,,,0.000000,,stale_depth
55,2.750000000,14,0,,,,,,,,,0.000000,,stale_depth
55,2.750000000,15,0,,,,,,,,,0.000000,,stale_depth
55,2.750000000,16,0,,,,,,,,,0.000000,,stale_depth
55,2.750000000,17,0,,,,,,,,,0.000000,,stale_depth
55,2.750000000,18,0,,,,,,,,,0.000000,,stale_depth
55,2.750000000,19,0,,,,,,,,,0.000000,,stale_depth
55,2.750000000,20,0,,,,,,,,,0.000000,,stale_depth
55,2.750000000,21,0,,,,,,,,,0.000000,,stale_depth
55,2.750000000,22,0,,,,,,,,,0.000000,,stale_depth
55,2.750000000,23,0,,,,,,,,,0.000000,,stale_depth
55,2.750000000,24,0,,,,,,,,,0.000000,,stale_depth
56,2.800000000,0,0,,,,,,,,,0.000000,,stale_depth
56,2.800000000,1,0,,,,,,,,,0.000000,,stale_depth
56,2.800000000,2,0,,,,,,,,,0.000000,,stale_depth
56,2.800000000,3,0,,,,,,,,,0.000000,,stale_depth
56,2.800000000,4,0,,,,,,,,,0.000000,,stale_depth
56,2.800000000,5,0,,,,,,,,,0.000000,,stale_depth
56,2.800000000,6,0,,,,,,,,,0.000000,,stale_depth
56,2.800000000,7,0,,,,,,,,,0.000000,,stale_depth
56,2.800000000,8,0,,,,,,,,,0.000000,,stale_depth
56,2.800000000,9,0,,,,,,,,,0.000000,,stale_depth
56,2.800000000,10,0,,,,,,,,,0.000000,,stale_depth
56,2.800000000,11,0,,,,,,,,,0.000000,,stale_depth
56,2.800000000,12,0,,,,,,,,,0.000000,,stale_depth
56,2.800000000,13,0,,,,,,,,,0.000000,,stale_depth
56,2.800000000,14,0,,,,,,,,,0.000000,,stale_depth
56,2.800000000,15,0,,,,,,,,,0.000000,,stale_depth
56,2.800000000,16,0,,,,,,,,,0.000000,,stale_depth
56,2.800000000,17,0,,,,,,,,,0.000000,,stale_depth
56,2.800000000,18,0,,,,,,,,,0.000000,,stale_depth
56,2.800000000,19,0,,,,,,,,,0.000000,,stale_depth
56,2.800000000,20,0,,,,,,,,,0.000000,,stale_depth
56,2.800000000,21,0,,,,,,,,,0.000000,,stale_depth
56,2.800000000,22,0,,,,,,,,,0.000000,,stale_depth
56,2.800000000,23,0,,,,,,,,,0.000000,,stale_depth
56,2.800000000,24,0,,,,,,,,,0.000000,,stale_depth
57,2.850000000,0,0,,,,,,,,,0.000000,,stale_depth
57,2.850000000,1,0,,,,,,,,,0.000000,,stale_depth
57,2.850000000,2,0,,,,,,,,,0.000000,,stale_depth
57,2.850000000,3,0,,,,,,,,,0.000000,,stale_depth
57,2.850000000,4,0,,,,,,,,,0.000000,,stale_depth
57,2.850000000,5,0,,,,,,,,,0.000000,,stale_depth
57,2.850000000,6,0,,,,,,,,,0.000000,,stale_depth
57,2.850000000,7,0,,,,,,,,,0.000000,,stale_depth
57,2.850000000,8,0,,,,,,,,,0.000000,,stale_depth
57,2.850000000,9,0,,,,,,,,,0.000000,,stale_depth
57,2.850000000,10,0,,,,,,,,,0.000000,,stale_depth
57,2.850000000,11,0,,,,,,,,,0.000000,,stale_depth
57,2.850000000,12,0,,,,,,,,,0.000000,,stale_depth
57,2.850000000,13,0,,,,,,,,,0.000000,,stale_depth
57,2.850000000,14,0,,,,,,,,,0.000000,,stale_depth
57,2.850000000,15,0,,,,,,,,,0.000000,,stale_depth
57,2.850000000,16,0,,,,,,,,,0.000000,,stale_depth
57,2.850000000,17,0,,,,,,,,,0.000000,,stale_depth
57,2.850000000,18,0,,,,,,,,,0.000000,,stale_depth
57,2.850000000,19,0,,,,,,,,,0.000000,,stale_depth
57,2.850000000,20,0,,,,,,,,,0.000000,,stale_depth
57,2.850000000,21,0,,,,,,,,,0.000000,,stale_depth
57,2.850000000,22,0,,,,,,,,,0.000000,,stale_depth
57,2.850000000,23,0,,,,,,,,,0.000000,,stale_depth
57,2.850000000,24,0,,,,,,,,,0.000000,,stale_depth
58,2.900000000,0,0,,,,,,,,,0.000000,,stale_depth
58,2.900000000,1,0,,,,,,,,,0.000000,,stale_depth
58,2.900000000,2,0,,,,,,,,,0.000000,,stale_depth
58,2.900000000,3,0,,,,,,,,,0.000000,,stale_depth
58,2.900000000,4,0,,,,,,,,,0.000000,,stale_depth
58,2.900000000,5,0,,,,,,,,,0.000000,,stale_depth
58,2.900000000,6,0,,,,,,,,,0.000000,,stale_depth
58,2.900000000,7,0,,,,,,,,,0.000000,,stale_depth
58,2.900000000,8,0,,,,,,,,,0.000000,,stale_depth
58,2.900000000,9,0,,,,,,,,,0.000000,,stale_depth
58,2.900000000,10,0,,,,,,,,,0.000000,,stale_depth
58,2.900000000,11,0,,,,,,,,,0.000000,,stale_depth
58,2.900000000,12,0,,,,,,,,,0.000000,,stale_depth
58,2.900000000,13,0,,,,,,,,,0.000000,,stale_depth
58,2.900000000,14,0,,,,,,,,,0.000000,,stale_depth
58,2.900000000,15,0,,,,,,,,,0.000000,,stale_depth
58,2.900000000,16,0,,,,,,,,,0.000000,,stale_depth
58,2.900000000,17,0,,,,,,,,,0.000000,,stale_depth
58,2.900000000,18,0,,,,,,,,,0.000000,,stale_depth
58,2.900000000,19,0,,,,,,,,,0.000000,,stale_depth
58,2.900000000,20,0,,,,,,,,,0.000000,,stale_depth
58,2.900000000,21,0,,,,,,,,,0.000000,,stale_depth
58,2.900000000,22,0,,,,,,,,,0.000000,,stale_depth
58,2.900000000,23,0,,,,,,,,,0.000000,,stale_depth
58,2.900000000,24,0,,,,,,,,,0.000000,,stale_depth
59,2.950000000,0,0,,,,,,,,,0.000000,,stale_depth
59,2.950000000,1,0,,,,,,,,,0.000000,,stale_depth
59,2.950000000,2,0,,,,,,,,,0.000000,,stale_depth
59,2.950000000,3,0,,,,,,,,,0.000000,,stale_depth
59,2.950000000,4,0,,,,,,,,,0.000000,,stale_depth
59,2.950000000,5,0,,,,,,,,,0.000000,,stale_depth
59,2.950000000,6,0,,,,,,,,,0.000000,,stale_depth
59,2.950000000,7,0,,,,,,,,,0.000000,,stale_depth
59,2.950000000,8,0,,,,,,,,,0.000000,,stale_depth
59,2.950000000,9,0,,,,,,,,,0.000000,,stale_depth
59,2.950000000,10,0,,,,,,,,,0.000000,,stale_depth
59,2.950000000,11,0,,,,,,,,,0.000000,,stale_depth
59,2.950000000,12,0,,,,,,,,,0.000000,,stale_depth
59,2.950000000,13,0,,,,,,,,,0.000000,,stale_depth
59,2.950000000,14,0,,,,,,,,,0.000000,,stale_depth
59,2.950000000,15,0,,,,,,,,,0.000000,,stale_depth
59,2.950000000,16,0,,,,,,,,,0.000000,,stale_depth
59,2.950000000,17,0,,,,,,,,,0.000000,,stale_depth
59,2.950000000,18,0,,,,,,,,,0.000000,,stale_depth
59,2.950000000,19,0,,,,,,,,,0.000000,,stale_depth
59,2.950000000,20,0,,,,,,,,,0.000000,,stale_depth
59,2.950000000,21,0,,,,,,,,,0.000000,,stale_depth
59,2.950000000,22,0,,,,,,,,,0.000000,,stale_depth
59,2.950000000,23,0,,,,,,,,,0.000000,,stale_depth
59,2.950000000,24,0,,,,,,,,,0.000000,,stale_depth
60,3.000000000,0,0,,,,,,,,,0.000000,,stale_depth
60,3.000000000,1,0,,,,,,,,,0.000000,,stale_depth
60,3.000000000,2,0,,,,,,,,,0.000000,,stale_depth
60,3.000000000,3,0,,,,,,,,,0.000000,,stale_depth
60,3.000000000,4,0,,,,,,,,,0.000000,,stale_depth
60,3.000000000,5,0,,,,,,,,,0.000000,,stale_depth
60,3.000000000,6,0,,,,,,,,,0.000000,,stale_depth
60,3.000000000,7,0,,,,,,,,,0.000000,,stale_depth
60,3.000000000,8,0,,,,,,,,,0.000000,,stale_depth
60,3.000000000,9,0,,,,,,,,,0.000000,,stale_depth
60,3.000000000,10,0,,,,,,,,,0.000000,,stale_depth
60,3.000000000,11,0,,,,,,,,,0.000000,,stale_depth
60,3.000000000,12,0,,,,,,,,,0.000000,,stale_depth
60,3.000000000,13,0,,,,,,,,,0.000000,,stale_depth
60,3.000000000,14,0,,,,,,,,,0.000000,,stale_depth
60,3.000000000,15,0,,,,,,,,,0.000000,,stale_depth
60,3.000000000,16,0,,,,,,,,,0.000000,,stale_depth
60,3.000000000,17,0,,,,,,,,,0.000000,,stale_depth
60,3.000000000,18,0,,,,,,,,,0.000000,,stale_depth
60,3.000000000,19,0,,,,,,,,,0.000000,,stale_depth
60,3.000000000,20,0,,,,,,,,,0.000000,,stale_depth
60,3.000000000,21,0,,,,,,,,,0.000000,,stale_depth
60,3.000000000,22,0,,,,,,,,,0.000000,,stale_depth
60,3.000000000,23,0,,,,,,,,,0.000000,,stale_depth
60,3.000000000,24,0,,,,,,,,,0.000000,,stale_depth
61,3.050000000,0,0,,,,,,,,,0.000000,,stale_depth
61,3.050000000,1,0,,,,,,,,,0.000000,,stale_depth
61,3.050000000,2,0,,,,,,,,,0.000000,,stale_depth
61,3.050000000,3,0,,,,,,,,,0.000000,,stale_depth
61,3.050000000,4,0,,,,,,,,,0.000000,,stale_depth
61,3.050000000,5,0,,,,,,,,,0.000000,,stale_depth
61,3.050000000,6,0,,,,,,,,,0.000000,,stale_depth
61,3.050000000,7,0,,,,,,,,,0.000000,,stale_depth
61,3.050000000,8,0,,,,,,,,,0.000000,,stale_depth
61,3.050000000,9,0,,,,,,,,,0.000000,,stale_depth
61,3.050000000,10,0,,,,,,,,,0.000000,,stale_depth
61,3.050000000,11,0,,,,,,,,,0.000000,,stale_depth
61,3.050000000,12,0,,,,,,,,,0.000000,,stale_depth
61,3.050000000,13,0,,,,,,,,,0.000000,,stale_depth
61,3.050000000,14,0,,,,,,,,,0.000000,,stale_depth
61,3.050000000,15,0,,,,,,,,,0.000000,,stale_depth
61,3.050000000,16,0,,,,,,,,,0.000000,,stale_depth
61,3.050000000,17,0,,,,,,,,,0.000000,,stale_depth
61,3.050000000,18,0,,,,,,,,,0.000000,,stale_depth
61,3.050000000,19,0,,,,,,,,,0.000000,,stale_depth
61,3.050000000,20,0,,,,,,,,,0.000000,,stale_depth
61,3.050000000,21,0,,,,,,,,,0.000000,,stale_depth
61,3.050000000,22,0,,,,,,,,,0.000000,,stale_depth
61,3.050000000,23,0,,,,,,,,,0.000000,,stale_depth
61,3.050000000,24,0,,,,,,,,,0.000000,,stale_depth
62,3.100000000,0,0,,,,,,,,,0.000000,,stale_depth
62,3.100000000,1,0,,,,,,,,,0.000000,,stale_depth
62,3.100000000,2,0,,,,,,,,,0.000000,,stale_depth
62,3.100000000,3,0,,,,,,,,,0.000000,,stale_depth
62,3.100000000,4,0,,,,,,,,,0.000000,,stale_depth
62,3.100000000,5,0,,,,,,,,,0.000000,,stale_depth
62,3.100000000,6,0,,,,,,,,,0.000000,,stale_depth
62,3.100000000,7,0,,,,,,,,,0.000000,,stale_depth
62,3.100000000,8,0,,,,,,,,,0.000000,,stale_depth
62,3.100000000,9,0,,,,,,,,,0.000000,,stale_depth
62,3.100000000,10,0,,,,,,,,,0.000000,,stale_depth
62,3.100000000,11,0,,,,,,,,,0.000000,,stale_depth
62,3.100000000,12,0,,,,,,,,,0.000000,,stale_depth
62,3.100000000,13,0,,,,,,,,,0.000000,,stale_depth
62,3.100000000,14,0,,,,,,,,,0.000000,,stale_depth
62,3.100000000,15,0,,,,,,,,,0.000000,,stale_depth
62,3.100000000,16,0,,,,,,,,,0.000000,,stale_depth
62,3.100000000,17,0,,,,,,,,,0.000000,,stale_depth
62,3.100000000,18,0,,,,,,,,,0.000000,,stale_depth
62,3.100000000,19,0,,,,,,,,,0.000000,,stale_depth
62,3.100000000,20,0,,,,,,,,,0.000000,,stale_depth
62,3.100000000,21,0,,,,,,,,,0.000000,,stale_depth
62,3.100000000,22,0,,,,,,,,,0.000000,,stale_depth
62,3.100000000,23,0,,,,,,,,,0.000000,,stale_depth
62,3.100000000,24,0,,,,,,,,,0.000000,,stale_depth
63,3.150000000,0,0,,,,,,,,,0.000000,,stale_depth
63,3.150000000,1,0,,,,,,,,,0.000000,,stale_depth
63,3.150000000,2,0,,,,,,,,,0.000000,,stale_depth
63,3.150000000,3,0,,,,,,,,,0.000000,,stale_depth
63,3.150000000,4,0,,,,,,,,,0.000000,,stale_depth
63,3.150000000,5,0,,,,,,,,,0.000000,,stale_depth
63,3.150000000,6,0,,,,,,,,,0.000000,,stale_depth
63,3.150000000,7,0,,,,,,,,,0.000000,,stale_depth
63,3.150000000,8,0,,,,,,,,,0.000000,,stale_depth
63,3.150000000,9,0,,,,,,,,,0.000000,,stale_depth
63,3.150000000,10,0,,,,,,,,,0.000000,,stale_depth
63,3.150000000,11,0,,,,,,,,,0.000000,,stale_depth
63,3.150000000,12,0,,,,,,,,,0.000000,,stale_depth
63,3.150000000,13,0,,,,,,,,,0.000000,,stale_depth
63,3.150000000,14,0,,,,,,,,,0.000000,,stale_depth
63,3.150000000,15,0,,,,,,,,,0.000000,,stale_depth
63,3.150000000,16,0,,,,,,,,,0.000000,,stale_depth
63,3.150000000,17,0,,,,,,,,,0.000000,,stale_depth
63,3.150000000,18,0,,,,,,,,,0.000000,,stale_depth
63,3.150000000,19,0,,,,,,,,,0.000000,,stale_depth
63,3.150000000,20,0,,,,,,,,,0.000000,,stale_depth
63,3.150000000,21,0,,,,,,,,,0.000000,,stale_depth
63,3.150000000,22,0,,,,,,,,,0.000000,,stale_depth
63,3.150000000,23,0,,,,,,,,,0.000000,,stale_depth
63,3.150000000,24,0,,,,,,,,,0.000000,,stale_depth
64,3.200000000,0,0,,,,,,,,,0.000000,,stale_depth
64,3.200000000,1,0,,,,,,,,,0.000000,,stale_depth
64,3.200000000,2,0,,,,,,,,,0.000000,,stale_depth
64,3.200000000,3,0,,,,,,,,,0.000000,,stale_depth
64,3.200000000,4,0,,,,,,,,,0.000000,,stale_depth
64,3.200000000,5,0,,,,,,,,,0.000000,,stale_depth
64,3.200000000,6,0,,,,,,,,,0.000000,,stale_depth
64,3.200000000,7,0,,,,,,,,,0.000000,,stale_depth
64,3.200000000,8,0,,,,,,,,,0.000000,,stale_depth
64,3.200000000,9,0,,,,,,,,,0.000000,,stale_depth
64,3.200000000,10,0,,,,,,,,,0.000000,,stale_depth
64,3.200000000,11,0,,,,,,,,,0.000000,,stale_depth
64,3.200000000,12,0,,,,,,,,,0.000000,,stale_depth
64,3.200000000,13,0,,,,,,,,,0.000000,,stale_depth
64,3.200000000,14,0,,,,,,,,,0.000000,,stale_depth
64,3.200000000,15,0,,,,,,,,,0.000000,,stale_depth
64,3.200000000,16,0,,,,,,,,,0.000000,,stale_depth
64,3.200000000,17,0,,,,,,,,,0.000000,,stale_depth
64,3.200000000,18,0,,,,,,,,,0.000000,,stale_depth
64,3.200000000,19,0,,,,,,,,,0.000000,,stale_depth
64,3.200000000,20,0,,,,,,,,,0.000000,,stale_depth
64,3.200000000,21,0,,,,,,,,,0.000000,,stale_depth
64,3.200000000,22,0,,,,,,,,,0.000000,,stale_depth
64,3.200000000,23,0,,,,,,,,,0.000000,,stale_depth
64,3.200000000,24,0,,,,,,,,,0.000000,,stale_depth
65,3.250000000,0,0,,,,,,,,,0.000000,,stale_depth
65,3.250000000,1,0,,,,,,,,,0.000000,,stale_depth
65,3.250000000,2,0,,,,,,,,,0.000000,,stale_depth
65,3.250000000,3,0,,,,,,,,,0.000000,,stale_depth
65,3.250000000,4,0,,,,,,,,,0.000000,,stale_depth
65,3.250000000,5,0,,,,,,,,,0.000000,,stale_depth
65,3.250000000,6,0,,,,,,,,,0.000000,,stale_depth
65,3.250000000,7,0,,,,,,,,,0.000000,,stale_depth
65,3.250000000,8,0,,,,,,,,,0.000000,,stale_depth
65,3.250000000,9,0,,,,,,,,,0.000000,,stale_depth
65,3.250000000,10,0,,,,,,,,,0.000000,,stale_depth
65,3.250000000,11,0,,,,,,,,,0.000000,,stale_depth
65,3.250000000,12,0,,,,,,,,,0.000000,,stale_depth
65,3.250000000,13,0,,,,,,,,,0.000000,,stale_depth
65,3.250000000,14,0,,,,,,,,,0.000000,,stale_depth
65,3.250000000,15,0,,,,,,,,,0.000000,,stale_depth
65,3.250000000,16,0,,,,,,,,,0.000000,,stale_depth
65,3.250000000,17,0,,,,,,,,,0.000000,,stale_depth
65,3.250000000,18,0,,,,,,,,,0.000000,,stale_depth
65,3.250000000,19,0,,,,,,,,,0.000000,,stale_depth
65,3.250000000,20,0,,,,,,,,,0.000000,,stale_depth
65,3.250000000,21,0,,,,,,,,,0.000000,,stale_depth
65,3.250000000,22,0,,,,,,,,,0.000000,,stale_depth
65,3.250000000,23,0,,,,,,,,,0.000000,,stale_depth
65,3.250000000,24,0,,,,,,,,,0.000000,,stale_depth
66,3.300000000,0,0,,,,,,,,,0.000000,,stale_depth
66,3.300000000,1,0,,,,,,,,,0.000000,,stale_depth
66,3.300000000,2,0,,,,,,,,,0.000000,,stale_depth
66,3.300000000,3,0,,,,,,,,,0.000000,,stale_depth
66,3.300000000,4,0,,,,,,,,,0.000000,,stale_depth
66,3.300000000,5,0,,,,,,,,,0.000000,,stale_depth
66,3.300000000,6,0,,,,,,,,,0.000000,,stale_depth
66,3.300000000,7,0,,,,,,,,,0.000000,,stale_depth
66,3.300000000,8,0,,,,,,,,,0.000000,,stale_depth
66,3.300000000,9,0,,,,,,,,,0.000000,,stale_depth
66,3.300000000,10,0,,,,,,,,,0.000000,,stale_depth
66,3.300000000,11,0,,,,,,,,,0.000000,,stale_depth
66,3.300000000,12,0,,,,,,,,,0.000000,,stale_depth
66,3.300000000,13,0,,,,,,,,,0.000000,,stale_depth
66,3.300000000,14,0,,,,,,,,,0.000000,,stale_depth
66,3.300000000,15,0,,,,,,,,,0.000000,,stale_depth
66,3.300000000,16,0,,,,,,,,,0.000000,,stale_depth
66,3.300000000,17,0,,,,,,,,,0.000000,,stale_depth
66,3.300000000,18,0,,,,,,,,,0.000000,,stale_depth
66,3.300000000,19,0,,,,,,,,,0.000000,,stale_depth
66,3.300000000,20,0,,,,,,,,,0.000000,,stale_depth
66,3.300000000,21,0,,,,,,,,,0.000000,,stale_depth
66,3.300000000,22,0,,,,,,,,,0.000000,,stale_depth
66,3.300000000,23,0,,,,,,,,,0.000000,,stale_depth
66,3.300000000,24,0,,,,,,,,,0.000000,,stale_depth
67,3.350000000,0,0,,,,,,,,,0.000000,,stale_depth
67,3.350000000,1,0,,,,,,,,,0.000000,,stale_depth
67,3.350000000,2,0,,,,,,,,,0.000000,,stale_depth
67,3.350000000,3,0,,,,,,,,,0.000000,,stale_depth
67,3.350000000,4,0,,,,,,,,,0.000000,,stale_depth
67,3.350000000,5,0,,,,,,,,,0.000000,,stale_depth
67,3.350000000,6,0,,,,,,,,,0.000000,,stale_depth
67,3.350000000,7,0,,,,,,,,,0.000000,,stale_depth
67,3.350000000,8,0,,,,,,,,,0.000000,,stale_depth
67,3.350000000,9,0,,,,,,,,,0.000000,,stale_depth
67,3.350000000,10,0,,,,,,,,,0.000000,,stale_depth
67,3.350000000,11,0,,,,,,,,,0.000000,,stale_depth
67,3.350000000,12,0,,,,,,,,,0.000000,,stale_depth
67,3.350000000,13,0,,,,,,,,,0.000000,,stale_depth
67,3.350000000,14,0,,,,,,,,,0.000000,,stale_depth
67,3.350000000,15,0,,,,,,,,,0.000000,,stale_depth
67,3.350000000,16,0,,,,,,,,,0.000000,,stale_depth
67,3.350000000,17,0,,,,,,,,,0.000000,,stale_depth
67,3.350000000,18,0,,,,,,,,,0.000000,,stale_depth
67,3.350000000,19,0,,,,,,,,,0.000000,,stale_depth
67,3.350000000,20,0,,,,,,,,,0.000000,,stale_depth
67,3.350000000,21,0,,,,,,,,,0.000000,,stale_depth
67,3.350000000,22,0,,,,,,,,,0.000000,,stale_depth
67,3.350000000,23,0,,,,,,,,,0.000000,,stale_depth
67,3.350000000,24,0,,,,,,,,,0.000000,,stale_depth
68,3.400000000,0,0,,,,,,,,,0.000000,,stale_depth
68,3.400000000,1,0,,,,,,,,,0.000000,,stale_depth
68,3.400000000,2,0,,,,,,,,,0.000000,,stale_depth
68,3.400000000,3,0,,,,,,,,,0.000000,,stale_depth
68,3.400000000,4,0,,,,,,,,,0.000000,,stale_depth
68,3.400000000,5,0,,,,,,,,,0.000000,,stale_depth
68,3.400000000,6,0,,,,,,,,,0.000000,,stale_depth
68,3.400000000,7,0,,,,,,,,,0.000000,,stale_depth
68,3.400000000,8,0,,,,,,,,,0.000000,,stale_depth
68,3.400000000,9,0,,,,,,,,,0.000000,,stale_depth
68,3.400000000,10,0,,,,,,,,,0.000000,,stale_depth
68,3.400000000,11,0,,,,,,,,,0.000000,,stale_depth
68,3.400000000,12,0,,,,,,,,,0.000000,,stale_depth
68,3.400000000,13,0,,,,,,,,,0.000000,,stale_depth
68,3.400000000,14,0,,,,,,,,,0.000000,,stale_depth
68,3.400000000,15,0,,,,,,,,,0.000000,,stale_depth
68,3.400000000,16,0,,,,,,,,,0.000000,,stale_depth
68,3.400000000,17,0,,,,,,,,,0.000000,,stale_depth
68,3.400000000,18,0,,,,,,,,,0.000000,,stale_depth
68,3.400000000,19,0,,,,,,,,,0.000000,,stale_depth
68,3.400000000,20,0,,,,,,,,,0.000000,,stale_depth
68,3.400000000,21,0,,,,,,,,,0.000000,,stale_depth
68,3.400000000,22,0,,,,,,,,,0.000000,,stale_depth
68,3.400000000,23,0,,,,,,,,,0.000000,,stale_depth
68,3.400000000,24,0,,,,,,,,,0.000000,,stale_depth
69,3.450000000,0,0,,,,,,,,,0.000000,,stale_depth
69,3.450000000,1,0,,,,,,,,,0.000000,,stale_depth
69,3.450000000,2,0,,,,,,,,,0.000000,,stale_depth
69,3.450000000,3,0,,,,,,,,,0.000000,,stale_depth
69,3.450000000,4,0,,,,,,,,,0.000000,,stale_depth
69,3.450000000,5,0,,,,,,,,,0.000000,,stale_depth
69,3.450000000,6,0,,,,,,,,,0.000000,,stale_depth
69,3.450000000,7,0,,,,,,,,,0.000000,,stale_depth
69,3.450000000,8,0,,,,,,,,,0.000000,,stale_depth
69,3.450000000,9,0,,,,,,,,,0.000000,,stale_depth
69,3.450000000,10,0,,,,,,,,,0.000000,,stale_depth
69,3.450000000,11,0,,,,,,,,,0.000000,,stale_depth
69,3.450000000,12,0,,,,,,,,,0.000000,,stale_depth
69,3.450000000,13,0,,,,,,,,,0.000000,,stale_depth
69,3.450000000,14,0,,,,,,,,,0.000000,,stale_depth
69,3.450000000,15,0,,,,,,,,,0.000000,,stale_depth
69,3.450000000,16,0,,,,,,,,,0.000000,,stale_depth
69,3.450000000,17,0,,,,,,,,,0.000000,,stale_depth
69,3.450000000,18,0,,,,,,,,,0.000000,,stale_depth
69,3.450000000,19,0,,,,,,,,,0.000000,,stale_depth
69,3.450000000,20,0,,,,,,,,,0.000000,,stale_depth
69,3.450000000,21,0,,,,,,,,,0.000000,,stale_depth
69,3.450000000,22,0,,,,,,,,,0.000000,,stale_depth
69,3.450000000,23,0,,,,,,,,,0.000000,,stale_depth
69,3.450000000,24,0,,,,,,,,,0.000000,,stale_depth
70,3.500000000,0,0,,,,,,,,,0.000000,,stale_depth
70,3.500000000,1,0,,,,,,,,,0.000000,,stale_depth
70,3.500000000,2,0,,,,,,,,,0.000000,,stale_depth
70,3.500000000,3,0,,,,,,,,,0.000000,,stale_depth
70,3.500000000,4,0,,,,,,,,,0.000000,,stale_depth
70,3.500000000,5,0,,,,,,,,,0.000000,,stale_depth
70,3.500000000,6,0,,,,,,,,,0.000000,,stale_depth
70,3.500000000,7,0,,,,,,,,,0.000000,,stale_depth
70,3.500000000,8,0,,,,,,,,,0.000000,,stale_depth
70,3.500000000,9,0,,,,,,,,,0.000000,,stale_depth
70,3.500000000,10,0,,,,,,,,,0.000000,,stale_depth
70,3.500000000,11,0,,,,,,,,,0.000000,,stale_depth
70,3.500000000,12,0,,,,,,,,,0.000000,,stale_depth
70,3.500000000,13,0,,,,,,,,,0.000000,,stale_depth
70,3.500000000,14,0,,,,,,,,,0.000000,,stale_depth
70,3.500000000,15,0,,,,,,,,,0.000000,,stale_depth
70,3.500000000,16,0,,,,,,,,,0.000000,,stale_depth
70,3.500000000,17,0,,,,,,,,,0.000000,,stale_depth
70,3.500000000,18,0,,,,,,,,,0.000000,,stale_depth
70,3.500000000,19,0,,,,,,,,,0.000000,,stale_depth
70,3.500000000,20,0,,,,,,,,,0.000000,,stale_depth
70,3.500000000,21,0,,,,,,,,,0.000000,,stale_depth
70,3.500000000,22,0,,,,,,,,,0.000000,,stale_depth
70,3.500000000,23,0,,,,,,,,,0.000000,,stale_depth
70,3.500000000,24,0,,,,,,,,,0.000000,,stale_depth
71,3.550000000,0,0,,,,,,,,,0.000000,,stale_depth
71,3.550000000,1,0,,,,,,,,,0.000000,,stale_depth
71,3.550000000,2,0,,,,,,,,,0.000000,,stale_depth
71,3.550000000,3,0,,,,,,,,,0.000000,,stale_depth
71,3.550000000,4,0,,,,,,,,,0.000000,,stale_depth
71,3.550000000,5,0,,,,,,,,,0.000000,,stale_depth
71,3.550000000,6,0,,,,,,,,,0.000000,,stale_depth
71,3.550000000,7,0,,,,,,,,,0.000000,,stale_depth
71,3.550000000,8,0,,,,,,,,,0.000000,,stale_depth
71,3.550000000,9,0,,,,,,,,,0.000000,,stale_depth
71,3.550000000,10,0,,,,,,,,,0.000000,,stale_depth
71,3.550000000,11,0,,,,,,,,,0.000000,,stale_depth
71,3.550000000,12,0,,,,,,,,,0.000000,,stale_depth
71,3.550000000,13,0,,,,,,,,,0.000000,,stale_depth
71,3.550000000,14,0,,,,,,,,,0.000000,,stale_depth
71,3.550000000,15,0,,,,,,,,,0.000000,,stale_depth
71,3.550000000,16,0,,,,,,,,,0.000000,,stale_depth
71,3.550000000,17,0,,,,,,,,,0.000000,,stale_depth
71,3.550000000,18,0,,,,,,,,,0.000000,,stale_depth
71,3.550000000,19,0,,,,,,,,,0.000000,,stale_depth
71,3.550000000,20,0,,,,,,,,,0.000000,,stale_depth
71,3.550000000,21,0,,,,,,,,,0.000000,,stale_depth
71,3.550000000,22,0,,,,,,,,,0.000000,,stale_depth
71,3.550000000,23,0,,,,,,,,,0.000000,,stale_depth
71,3.550000000,24,0,,,,,,,,,0.000000,,stale_depth
72,3.600000000,0,0,,,,,,,,,0.000000,,stale_depth
72,3.600000000,1,0,,,,,,,,,0.000000,,stale_depth
72,3.600000000,2,0,,,,,,,,,0.000000,,stale_depth
72,3.600000000,3,0,,,,,,,,,0.000000,,stale_depth
72,3.600000000,4,0,,,,,,,,,0.000000,,stale_depth
72,3.600000000,5,0,,,,,,,,,0.000000,,stale_depth
72,3.600000000,6,0,,,,,,,,,0.000000,,stale_depth
72,3.600000000,7,0,,,,,,,,,0.000000,,stale_depth
72,3.600000000,8,0,,,,,,,,,0.000000,,stale_depth
72,3.600000000,9,0,,,,,,,,,0.000000,,stale_depth
72,3.600000000,10,0,,,,,,,,,0.000000,,stale_depth
72,3.600000000,11,0,,,,,,,,,0.000000,,stale_depth
72,3.600000000,12,0,,,,,,,,,0.000000,,stale_depth
72,3.600000000,13,0,,,,,,,,,0.000000,,stale_depth
72,3.600000000,14,0,,,,,,,,,0.000000,,stale_depth
72,3.600000000,15,0,,,,,,,,,0.000000,,stale_depth
72,3.600000000,16,0,,,,,,,,,0.000000,,stale_depth
72,3.600000000,17,0,,,,,,,,,0.000000,,stale_depth
72,3.600000000,18,0,,,,,,,,,0.000000,,stale_depth
72,3.600000000,19,0,,,,,,,,,0.000000,,stale_depth
72,3.600000000,20,0,,,,,,,,,0.000000,,stale_depth
72,3.600000000,21,0,,,,,,,,,0.000000,,stale_depth
72,3.600000000,22,0,,,,,,,,,0.000000,,stale_depth
72,3.600000000,23,0,,,,,,,,,0.000000,,stale_depth
72,3.600000000,24,0,,,,,,,,,0.000000,,stale_depth
73,3.650000000,0,0,,,,,,,,,0.000000,,stale_depth
73,3.650000000,1,0,,,,,,,,,0.000000,,stale_depth
73,3.650000000,2,0,,,,,,,,,0.000000,,stale_depth
73,3.650000000,3,0,,,,,,,,,0.000000,,stale_depth
73,3.650000000,4,0,,,,,,,,,0.000000,,stale_depth
73,3.650000000,5,0,,,,,,,,,0.000000,,stale_depth
73,3.650000000,6,0,,,,,,,,,0.000000,,stale_depth
73,3.650000000,7,0,,,,,,,,,0.000000,,stale_depth
73,3.650000000,8,0,,,,,,,,,0.000000,,stale_depth
73,3.650000000,9,0,,,,,,,,,0.000000,,stale_depth
73,3.650000000,10,0,,,,,,,,,0.000000,,stale_depth
73,3.650000000,11,0,,,,,,,,,0.000000,,stale_depth
73,3.650000000,12,0,,,,,,,,,0.000000,,stale_depth
73,3.650000000,13,0,,,,,,,,,0.000000,,stale_depth
73,3.650000000,14,0,,,,,,,,,0.000000,,stale_depth
73,3.650000000,15,0,,,,,,,,,0.000000,,stale_depth
73,3.650000000,16,0,,,,,,,,,0.000000,,stale_depth
73,3.650000000,17,0,,,,,,,,,0.000000,,stale_depth
73,3.650000000,18,0,,,,,,,,,0.000000,,stale_depth
73,3.650000000,19,0,,,,,,,,,0.000000,,stale_depth
73,3.650000000,20,0,,,,,,,,,0.000000,,stale_depth
73,3.650000000,21,0,,,,,,,,,0.000000,,stale_depth
73,3.650000000,22,0,,,,,,,,,0.000000,,stale_depth
73,3.650000000,23,0,,,,,,,,,0.000000,,stale_depth
73,3.650000000,24,0,,,,,,,,,0.000000,,stale_depth
74,3.700000000,0,0,,,,,,,,,0.000000,,stale_depth
74,3.700000000,1,0,,,,,,,,,0.000000,,stale_depth
74,3.700000000,2,0,,,,,,,,,0.000000,,stale_depth
74,3.700000000,3,0,,,,,,,,,0.000000,,stale_depth
74,3.700000000,4,0,,,,,,,,,0.000000,,stale_depth
74,3.700000000,5,0,,,,,,,,,0.000000,,stale_depth
74,3.700000000,6,0,,,,,,,,,0.000000,,stale_depth
74,3.700000000,7,0,,,,,,,,,0.000000,,stale_depth
74,3.700000000,8,0,,,,,,,,,0.000000,,stale_depth
74,3.700000000,9,0,,,,,,,,,0.000000,,stale_depth
74,3.700000000,10,0,,,,,,,,,0.000000,,stale_depth
74,3.700000000,11,0,,,,,,,,,0.000000,,stale_depth
74,3.700000000,12,0,,,,,,,,,0.000000,,stale_depth
74,3.700000000,13,0,,,,,,,,,0.000000,,stale_depth
74,3.700000000,14,0,,,,,,,,,0.000000,,stale_depth
74,3.700000000,15,0,,,,,,,,,0.000000,,stale_depth
74,3.700000000,16,0,,,,,,,,,0.000000,,stale_depth
74,3.700000000,17,0,,,,,,,,,0.000000,,stale_depth
74,3.700000000,18,0,,,,,,,,,0.000000,,stale_depth
74,3.700000000,19,0,,,,,,,,,0.000000,,stale_depth
74,3.700000000,20,0,,,,,,,,,0.000000,,stale_depth
74,3.700000000,21,0,,,,,,,,,0.000000,,stale_depth
74,3.700000000,22,0,,,,,,,,,0.000000,,stale_depth
74,3.700000000,23,0,,,,,,,,,0.000000,,stale_depth
74,3.700000000,24,0,,,,,,,,,0.000000,,stale_depth
75,3.750000000,0,0,,,,,,,,,0.000000,,stale_depth
75,3.750000000,1,0,,,,,,,,,0.000000,,stale_depth
75,3.750000000,2,0,,,,,,,,,0.000000,,stale_depth
75,3.750000000,3,0,,,,,,,,,0.000000,,stale_depth
75,3.750000000,4,0,,,,,,,,,0.000000,,stale_depth
75,3.750000000,5,0,,,,,,,,,0.000000,,stale_depth
75,3.750000000,6,0,,,,,,,,,0.000000,,stale_depth
75,3.750000000,7,0,,,,,,,,,0.000000,,stale_depth
75,3.750000000,8,0,,,,,,,,,0.000000,,stale_depth
75,3.750000000,9,0,,,,,,,,,0.000000,,stale_depth
75,3.750000000,10,0,,,,,,,,,0.000000,,stale_depth
75,3.750000000,11,0,,,,,,,,,0.000000,,stale_depth
75,3.750000000,12,0,,,,,,,,,0.000000,,stale_depth
75,3.750000000,13,0,,,,,,,,,0.000000,,stale_depth
75,3.750000000,14,0,,,,,,,,,0.000000,,stale_depth
75,3.750000000,15,0,,,,,,,,,0.000000,,stale_depth
75,3.750000000,16,0,,,,,,,,,0.000000,,stale_depth
75,3.750000000,17,0,,,,,,,,,0.000000,,stale_depth
75,3.750000000,18,0,,,,,,,,,0.000000,,stale_depth
75,3.750000000,19,0,,,,,,,,,0.000000,,stale_depth
75,3.750000000,20,0,,,,,,,,,0.000000,,stale_depth
75,3.750000000,21,0,,,,,,,,,0.000000,,stale_depth
75,3.750000000,22,0,,,,,,,,,0.000000,,stale_depth
75,3.750000000,23,0,,,,,,,,,0.000000,,stale_depth
75,3.750000000,24,0,,,,,,,,,0.000000,,stale_depth
76,3.800000000,0,0,,,,,,,,,0.000000,,stale_depth
76,3.800000000,1,0,,,,,,,,,0.000000,,stale_depth
76,3.800000000,2,0,,,,,,,,,0.000000,,stale_depth
76,3.800000000,3,0,,,,,,,,,0.000000,,stale_depth
76,3.800000000,4,0,,,,,,,,,0.000000,,stale_depth
76,3.800000000,5,0,,,,,,,,,0.000000,,stale_depth
76,3.800000000,6,0,,,,,,,,,0.000000,,stale_depth
76,3.800000000,7,0,,,,,,,,,0.000000,,stale_depth
76,3.800000000,8,0,,,,,,,,,0.000000,,stale_depth
76,3.800000000,9,0,,,,,,,,,0.000000,,stale_depth
76,3.800000000,10,0,,,,,,,,,0.000000,,stale_depth
76,3.800000000,11,0,,,,,,,,,0.000000,,stale_depth
76,3.800000000,12,0,,,,,,,,,0.000000,,stale_depth
76,3.800000000,13,0,,,,,,,,,0.000000,,stale_depth
76,3.800000000,14,0,,,,,,,,,0.000000,,stale_depth
76,3.800000000,15,0,,,,,,,,,0.000000,,stale_depth
76,3.800000000,16,0,,,,,,,,,0.000000,,stale_depth
76,3.800000000,17,0,,,,,,,,,0.000000,,stale_depth
76,3.800000000,18,0,,,,,,,,,0.000000,,stale_depth
76,3.800000000,19,0,,,,,,,,,0.000000,,stale_depth
76,3.800000000,20,0,,,,,,,,,0.000000,,stale_depth
76,3.800000000,21,0,,,,,,,,,0.000000,,stale_depth
76,3.800000000,22,0,,,,,,,,,0.000000,,stale_depth
76,3.800000000,23,0,,,,,,,,,0.000000,,stale_depth
76,3.800000000,24,0,,,,,,,,,0.000000,,stale_depth
77,3.850000000,0,0,,,,,,,,,0.000000,,stale_depth
77,3.850000000,1,0,,,,,,,,,0.000000,,stale_depth
77,3.850000000,2,0,,,,,,,,,0.000000,,stale_depth
77,3.850000000,3,0,,,,,,,,,0.000000,,stale_depth
77,3.850000000,4,0,,,,,,,,,0.000000,,stale_depth
77,3.850000000,5,0,,,,,,,,,0.000000,,stale_depth
77,3.850000000,6,0,,,,,,,,,0.000000,,stale_depth
77,3.850000000,7,0,,,,,,,,,0.000000,,stale_depth
77,3.850000000,8,0,,,,,,,,,0.000000,,stale_depth
77,3.850000000,9,0,,,,,,,,,0.000000,,stale_depth
77,3.850000000,10,0,,,,,,,,,0.000000,,stale_depth
77,3.850000000,11,0,,,,,,,,,0.000000,,stale_depth
77,3.850000000,12,0,,,,,,,,,0.000000,,stale_depth
77,3.850000000,13,0,,,,,,,,,0.000000,,stale_depth
77,3.850000000,14,0,,,,,,,,,0.000000,,stale_depth
77,3.850000000,15,0,,,,,,,,,0.000000,,stale_depth
77,3.850000000,16,0,,,,,,,,,0.000000,,stale_depth
77,3.850000000,17,0,,,,,,,,,0.000000,,stale_depth
77,3.850000000,18,0,,,,,,,,,0.000000,,stale_depth
77,3.850000000,19,0,,,,,,,,,0.000000,,stale_depth
77,3.850000000,20,0,,,,,,,,,0.000000,,stale_depth
77,3.850000000,21,0,,,,,,,,,0.000000,,stale_depth
77,3.850000000,22,0,,,,,,,,,0.000000,,stale_depth
77,3.850000000,23,0,,,,,,,,,0.000000,,stale_depth
77,3.850000000,24,0,,,,,,,,,0.000000,,stale_depth
78,3.900000000,0,0,,,,,,,,,0.000000,,stale_depth
78,3.900000000,1,0,,,,,,,,,0.000000,,stale_depth
78,3.900000000,2,0,,,,,,,,,0.000000,,stale_depth
78,3.900000000,3,0,,,,,,,,,0.000000,,stale_depth
78,3.900000000,4,0,,,,,,,,,0.000000,,stale_depth
78,3.900000000,5,0,,,,,,,,,0.000000,,stale_depth
78,3.900000000,6,0,,,,,,,,,0.000000,,stale_depth
78,3.900000000,7,0,,,,,,,,,0.000000,,stale_depth
78,3.900000000,8,0,,,,,,,,,0.000000,,stale_depth
78,3.900000000,9,0,,,,,,,,,0.000000,,stale_depth
78,3.900000000,10,0,,,,,,,,,0.000000,,stale_depth
78,3.900000000,11,0,,,,,,,,,0.000000,,stale_depth
78,3.900000000,12,0,,,,,,,,,0.000000,,stale_depth
78,3.900000000,13,0,,,,,,,,,0.000000,,stale_depth
78,3.900000000,14,0,,,,,,,,,0.000000,,stale_depth
78,3.900000000,15,0,,,,,,,,,0.000000,,stale_depth
78,3.900000000,16,0,,,,,,,,,0.000000,,stale_depth
78,3.900000000,17,0,,,,,,,,,0.000000,,stale_depth
78,3.900000000,18,0,,,,,,,,,0.000000,,stale_depth
78,3.900000000,19,0,,,,,,,,,0.000000,,stale_depth
78,3.900000000,20,0,,,,,,,,,0.000000,,stale_depth
78,3.900000000,21,0,,,,,,,,,0.000000,,stale_depth
78,3.900000000,22,0,,,,,,,,,0.000000,,stale_depth
78,3.900000000,23,0,,,,,,,,,0.000000,,stale_depth
78,3.900000000,24,0,,,,,,,,,0.000000,,stale_depth
79,3.950000000,0,0,,,,,,,,,0.000000,,stale_depth
79,3.950000000,1,0,,,,,,,,,0.000000,,stale_depth
79,3.950000000,2,0,,,,,,,,,0.000000,,stale_depth
79,3.950000000,3,0,,,,,,,,,0.000000,,stale_depth
79,3.950000000,4,0,,,,,,,,,0.000000,,stale_depth
79,3.950000000,5,0,,,,,,,,,0.000000,,stale_depth
79,3.950000000,6,0,,,,,,,,,0.000000,,stale_depth
79,3.950000000,7,0,,,,,,,,,0.000000,,stale_depth
79,3.950000000,8,0,,,,,,,,,0.000000,,stale_depth
79,3.950000000,9,0,,,,,,,,,0.000000,,stale_depth
79,3.950000000,10,0,,,,,,,,,0.000000,,stale_depth
79,3.950000000,11,0,,,,,,,,,0.000000,,stale_depth
79,3.950000000,12,0,,,,,,,,,0.000000,,stale_depth
79,3.950000000,13,0,,,,,,,,,0.000000,,stale_depth
79,3.950000000,14,0,,,,,,,,,0.000000,,stale_depth
79,3.950000000,15,0,,,,,,,,,0.000000,,stale_depth
79,3.950000000,16,0,,,,,,,,,0.000000,,stale_depth
79,3.950000000,17,0,,,,,,,,,0.000000,,stale_depth
79,3.950000000,18,0,,,,,,,,,0.000000,,stale_depth
79,3.950000000,19,0,,,,,,,,,0.000000,,stale_depth
79,3.950000000,20,0,,,,,,,,,0.000000,,stale_depth
79,3.950000000,21,0,,,,,,,,,0.000000,,stale_depth
79,3.950000000,22,0,,,,,,,,,0.000000,,stale_depth
79,3.950000000,23,0,,,,,,,,,0.000000,,stale_depth
79,3.950000000,24,0,,,,,,,,,0.000000,,stale_depth
80,4.000000000,0,0,,,,,,,,,0.000000,,stale_depth
80,4.000000000,1,0,,,,,,,,,0.000000,,stale_depth
80,4.000000000,2,0,,,,,,,,,0.000000,,stale_depth
80,4.000000000,3,0,,,,,,,,,0.000000,,stale_depth
80,4.000000000,4,0,,,,,,,,,0.000000,,stale_depth
80,4.000000000,5,0,,,,,,,,,0.000000,,stale_depth
80,4.000000000,6,0,,,,,,,,,0.000000,,stale_depth
80,4.000000000,7,0,,,,,,,,,0.000000,,stale_depth
80,4.000000000,8,0,,,,,,,,,0.000000,,stale_depth
80,4.000000000,9,0,,,,,,,,,0.000000,,stale_depth
80,4.000000000,10,0,,,,,,,,,0.000000,,stale_depth
80,4.000000000,11,0,,,,,,,,,0.000000,,stale_depth
80,4.000000000,12,0,,,,,,,,,0.000000,,stale_depth
80,4.000000000,13,0,,,,,,,,,0.000000,,stale_depth
80,4.000000000,14,0,,,,,,,,,0.000000,,stale_depth
80,4.000000000,15,0,,,,,,,,,0.000000,,stale_depth
80,4.000000000,16,0,,,,,,,,,0.000000,,stale_depth
80,4.000000000,17,0,,,,,,,,,0.000000,,stale_depth
80,4.000000000,18,0,,,,,,,,,0.000000,,stale_depth
80,4.000000000,19,0,,,,,,,,,0.000000,,stale_depth
80,4.000000000,20,0,,,,,,,,,0.000000,,stale_depth
80,4.000000000,21,0,,,,,,,,,0.000000,,stale_depth
80,4.000000000,22,0,,,,,,,,,0.000000,,stale_depth
80,4.000000000,23,0,,,,,,,,,0.000000,,stale_depth
80,4.000000000,24,0,,,,,,,,,0.000000,,stale_depth
81,4.050000000,0,0,,,,,,,,,0.000000,,stale_depth
81,4.050000000,1,0,,,,,,,,,0.000000,,stale_depth
81,4.050000000,2,0,,,,,,,,,0.000000,,stale_depth
81,4.050000000,3,0,,,,,,,,,0.000000,,stale_depth
81,4.050000000,4,0,,,,,,,,,0.000000,,stale_depth
81,4.050000000,5,0,,,,,,,,,0.000000,,stale_depth
81,4.050000000,6,0,,,,,,,,,0.000000,,stale_depth
81,4.050000000,7,0,,,,,,,,,0.000000,,stale_depth
81,4.050000000,8,0,,,,,,,,,0.000000,,stale_depth
81,4.050000000,9,0,,,,,,,,,0.000000,,stale_depth
81,4.050000000,10,0,,,,,,,,,0.000000,,stale_depth
81,4.050000000,11,0,,,,,,,,,0.000000,,stale_depth
81,4.050000000,12,0,,,,,,,,,0.000000,,stale_depth
81,4.050000000,13,0,,,,,,,,,0.000000,,stale_depth
81,4.050000000,14,0,,,,,,,,,0.000000,,stale_depth
81,4.050000000,15,0,,,,,,,,,0.000000,,stale_depth
81,4.050000000,16,0,,,,,,,,,0.000000,,stale_depth
81,4.050000000,17,0,,,,,,,,,0.000000,,stale_depth
81,4.050000000,18,0,,,,,,,,,0.000000,,stale_depth
81,4.050000000,19,0,,,,,,,,,0.000000,,stale_depth
81,4.050000000,20,0,,,,,,,,,0.000000,,stale_depth
81,4.050000000,21,0,,,,,,,,,0.000000,,stale_depth
81,4.050000000,22,0,,,,,,,,,0.000000,,stale_depth
81,4.050000000,23,0,,,,,,,,,0.000000,,stale_depth
81,4.050000000,24,0,,,,,,,,,0.000000,,stale_depth
82,4.100000000,0,0,,,,,,,,,0.000000,,stale_depth
82,4.100000000,1,0,,,,,,,,,0.000000,,stale_depth
82,4.100000000,2,0,,,,,,,,,0.000000,,stale_depth
82,4.100000000,3,0,,,,,,,,,0.000000,,stale_depth
82,4.100000000,4,0,,,,,,,,,0.000000,,stale_depth
82,4.100000000,5,0,,,,,,,,,0.000000,,stale_depth
82,4.100000000,6,0,,,,,,,,,0.000000,,stale_depth
82,4.100000000,7,0,,,,,,,,,0.000000,,stale_depth
82,4.100000000,8,0,,,,,,,,,0.000000,,stale_depth
82,4.100000000,9,0,,,,,,,,,0.000000,,stale_depth
82,4.100000000,10,0,,,,,,,,,0.000000,,stale_depth
82,4.100000000,11,0,,,,,,,,,0.000000,,stale_depth
82,4.100000000,12,0,,,,,,,,,0.000000,,stale_depth
82,4.100000000,13,0,,,,,,,,,0.000000,,stale_depth
82,4.100000000,14,0,,,,,,,,,0.000000,,stale_depth
82,4.100000000,15,0,,,,,,,,,0.000000,,stale_depth
82,4.100000000,16,0,,,,,,,,,0.000000,,stale_depth
82,4.100000000,17,0,,,,,,,,,0.000000,,stale_depth
82,4.100000000,18,0,,,,,,,,,0.000000,,stale_depth
82,4.100000000,19,0,,,,,,,,,0.000000,,stale_depth
82,4.100000000,20,0,,,,,,,,,0.000000,,stale_depth
82,4.100000000,21,0,,,,,,,,,0.000000,,stale_depth
82,4.100000000,22,0,,,,,,,,,0.000000,,stale_depth
82,4.100000000,23,0,,,,,,,,,0.000000,,stale_depth
82,4.100000000,24,0,,,,,,,,,0.000000,,stale_depth
83,4.150000000,0,0,,,,,,,,,0.000000,,stale_depth
83,4.150000000,1,0,,,,,,,,,0.000000,,stale_depth
83,4.150000000,2,0,,,,,,,,,0.000000,,stale_depth
83,4.150000000,3,0,,,,,,,,,0.000000,,stale_depth
83,4.150000000,4,0,,,,,,,,,0.000000,,stale_depth
83,4.150000000,5,0,,,,,,,,,0.000000,,stale_depth
83,4.150000000,6,0,,,,,,,,,0.000000,,stale_depth
83,4.150000000,7,0,,,,,,,,,0.000000,,stale_depth
83,4.150000000,8,0,,,,,,,,,0.000000,,stale_depth
83,4.150000000,9,0,,,,,,,,,0.000000,,stale_depth
83,4.150000000,10,0,,,,,,,,,0.000000,,stale_depth
83,4.150000000,11,0,,,,,,,,,0.000000,,stale_depth
83,4.150000000,12,0,,,,,,,,,0.000000,,stale_depth
83,4.150000000,13,0,,,,,,,,,0.000000,,stale_depth
83,4.150000000,14,0,,,,,,,,,0.000000,,stale_depth
83,4.150000000,15,0,,,,,,,,,0.000000,,stale_depth
83,4.150000000,16,0,,,,,,,,,0.000000,,stale_depth
83,4.150000000,17,0,,,,,,,,,0.000000,,stale_depth
83,4.150000000,18,0,,,,,,,,,0.000000,,stale_depth
83,4.150000000,19,0,,,,,,,,,0.000000,,stale_depth
83,4.150000000,20,0,,,,,,,,,0.000000,,stale_depth
83,4.150000000,21,0,,,,,,,,,0.000000,,stale_depth
83,4.150000000,22,0,,,,,,,,,0.000000,,stale_depth
83,4.150000000,23,0,,,,,,,,,0.000000,,stale_depth
83,4.150000000,24,0,,,,,,,,,0.000000,,stale_depth
84,4.200000000,0,0,,,,,,,,,0.000000,,stale_depth
84,4.200000000,1,0,,,,,,,,,0.000000,,stale_depth
84,4.200000000,2,0,,,,,,,,,0.000000,,stale_depth
84,4.200000000,3,0,,,,,,,,,0.000000,,stale_depth
84,4.200000000,4,0,,,,,,,,,0.000000,,stale_depth
84,4.200000000,5,0,,,,,,,,,0.000000,,stale_depth
84,4.200000000,6,0,,,,,,,,,0.000000,,stale_depth
84,4.200000000,7,0,,,,,,,,,0.000000,,stale_depth
84,4.200000000,8,0,,,,,,,,,0.000000,,stale_depth
84,4.200000000,9,0,,,,,,,,,0.000000,,stale_depth
84,4.200000000,10,0,,,,,,,,,0.000000,,stale_depth
84,4.200000000,11,0,,,,,,,,,0.000000,,stale_depth
84,4.200000000,12,0,,,,,,,,,0.000000,,stale_depth
84,4.200000000,13,0,,,,,,,,,0.000000,,stale_depth
84,4.200000000,14,0,,,,,,,,,0.000000,,stale_depth
84,4.200000000,15,0,,,,,,,,,0.000000,,stale_depth
84,4.200000000,16,0,,,,,,,,,0.000000,,stale_depth
84,4.200000000,17,0,,,,,,,,,0.000000,,stale_depth
84,4.200000000,18,0,,,,,,,,,0.000000,,stale_depth
84,4.200000000,19,0,,,,,,,,,0.000000,,stale_depth
84,4.200000000,20,0,,,,,,,,,0.000000,,stale_depth
84,4.200000000,21,0,,,,,,,,,0.000000,,stale_depth
84,4.200000000,22,0,,,,,,,,,0.000000,,stale_depth
84,4.200000000,23,0,,,,,,,,,0.000000,,stale_depth
84,4.200000000,24,0,,,,,,,,,0.000000,,stale_depth
85,4.250000000,0,0,,,,,,,,,0.000000,,stale_depth
85,4.250000000,1,0,,,,,,,,,0.000000,,stale_depth
85,4.250000000,2,0,,,,,,,,,0.000000,,stale_depth
85,4.250000000,3,0,,,,,,,,,0.000000,,stale_depth
85,4.250000000,4,0,,,,,,,,,0.000000,,stale_depth
85,4.250000000,5,0,,,,,,,,,0.000000,,stale_depth
85,4.250000000,6,0,,,,,,,,,0.000000,,stale_depth
85,4.250000000,7,0,,,,,,,,,0.000000,,stale_depth
85,4.250000000,8,0,,,,,,,,,0.000000,,stale_depth
85,4.250000000,9,0,,,,,,,,,0.000000,,stale_depth
85,4.250000000,10,0,,,,,,,,,0.000000,,stale_depth
85,4.250000000,11,0,,,,,,,,,0.000000,,stale_depth
85,4.250000000,12,0,,,,,,,,,0.000000,,stale_depth
85,4.250000000,13,0,,,,,,,,,0.000000,,stale_depth
85,4.250000000,14,0,,,,,,,,,0.000000,,stale_depth
85,4.250000000,15,0,,,,,,,,,0.000000,,stale_depth
85,4.250000000,16,0,,,,,,,,,0.000000,,stale_depth
85,4.250000000,17,0,,,,,,,,,0.000000,,stale_depth
85,4.250000000,18,0,,,,,,,,,0.000000,,stale_depth
85,4.250000000,19,0,,,,,,,,,0.000000,,stale_depth
85,4.250000000,20,0,,,,,,,,,0.000000,,stale_depth
85,4.250000000,21,0,,,,,,,,,0.000000,,stale_depth
85,4.250000000,22,0,,,,,,,,,0.000000,,stale_depth
85,4.250000000,23,0,,,,,,,,,0.000000,,stale_depth
85,4.250000000,24,0,,,,,,,,,0.000000,,stale_depth
86,4.300000000,0,0,,,,,,,,,0.000000,,stale_depth
86,4.300000000,1,0,,,,,,,,,0.000000,,stale_depth
86,4.300000000,2,0,,,,,,,,,0.000000,,stale_depth
86,4.300000000,3,0,,,,,,,,,0.000000,,stale_depth
86,4.300000000,4,0,,,,,,,,,0.000000,,stale_depth
86,4.300000000,5,0,,,,,,,,,0.000000,,stale_depth
86,4.300000000,6,0,,,,,,,,,0.000000,,stale_depth
86,4.300000000,7,0,,,,,,,,,0.000000,,stale_depth
86,4.300000000,8,0,,,,,,,,,0.000000,,stale_depth
86,4.300000000,9,0,,,,,,,,,0.000000,,stale_depth
86,4.300000000,10,0,,,,,,,,,0.000000,,stale_depth
86,4.300000000,11,0,,,,,,,,,0.000000,,stale_depth
86,4.300000000,12,0,,,,,,,,,0.000000,,stale_depth
86,4.300000000,13,0,,,,,,,,,0.000000,,stale_depth
86,4.300000000,14,0,,,,,,,,,0.000000,,stale_depth
86,4.300000000,15,0,,,,,,,,,0.000000,,stale_depth
86,4.300000000,16,0,,,,,,,,,0.000000,,stale_depth
86,4.300000000,17,0,,,,,,,,,0.000000,,stale_depth
86,4.300000000,18,0,,,,,,,,,0.000000,,stale_depth
86,4.300000000,19,0,,,,,,,,,0.000000,,stale_depth
86,4.300000000,20,0,,,,,,,,,0.000000,,stale_depth
86,4.300000000,21,0,,,,,,,,,0.000000,,stale_depth
86,4.300000000,22,0,,,,,,,,,0.000000,,stale_depth
86,4.300000000,23,0,,,,,,,,,0.000000,,stale_depth
86,4.300000000,24,0,,,,,,,,,0.000000,,stale_depth
87,4.350000000,0,0,,,,,,,,,0.000000,,stale_depth
87,4.350000000,1,0,,,,,,,,,0.000000,,stale_depth
87,4.350000000,2,0,,,,,,,,,0.000000,,stale_depth
87,4.350000000,3,0,,,,,,,,,0.000000,,stale_depth
87,4.350000000,4,0,,,,,,,,,0.000000,,stale_depth
87,4.350000000,5,0,,,,,,,,,0.000000,,stale_depth
87,4.350000000,6,0,,,,,,,,,0.000000,,stale_depth
87,4.350000000,7,0,,,,,,,,,0.000000,,stale_depth
87,4.350000000,8,0,,,,,,,,,0.000000,,stale_depth
87,4.350000000,9,0,,,,,,,,,0.000000,,stale_depth
87,4.350000000,10,0,,,,,,,,,0.000000,,stale_depth
87,4.350000000,11,0,,,,,,,,,0.000000,,stale_depth
87,4.350000000,12,0,,,,,,,,,0.000000,,stale_depth
87,4.350000000,13,0,,,,,,,,,0.000000,,stale_depth
87,4.350000000,14,0,,,,,,,,,0.000000,,stale_depth
87,4.350000000,15,0,,,,,,,,,0.000000,,stale_depth
87,4.350000000,16,0,,,,,,,,,0.000000,,stale_depth
87,4.350000000,17,0,,,,,,,,,0.000000,,stale_depth
87,4.350000000,18,0,,,,,,,,,0.000000,,stale_depth
87,4.350000000,19,0,,,,,,,,,0.000000,,stale_depth
87,4.350000000,20,0,,,,,,,,,0.000000,,stale_depth
87,4.350000000,21,0,,,,,,,,,0.000000,,stale_depth
87,4.350000000,22,0,,,,,,,,,0.000000,,stale_depth
87,4.350000000,23,0,,,,,,,,,0.000000,,stale_depth
87,4.350000000,24,0,,,,,,,,,0.000000,,stale_depth
88,4.400000000,0,0,,,,,,,,,0.000000,,stale_depth
88,4.400000000,1,0,,,,,,,,,0.000000,,stale_depth
88,4.400000000,2,0,,,,,,,,,0.000000,,stale_depth
88,4.400000000,3,0,,,,,,,,,0.000000,,stale_depth
88,4.400000000,4,0,,,,,,,,,0.000000,,stale_depth
88,4.400000000,5,0,,,,,,,,,0.000000,,stale_depth
88,4.400000000,6,0,,,,,,,,,0.000000,,stale_depth
88,4.400000000,7,0,,,,,,,,,0.000000,,stale_depth
88,4.400000000,8,0,,,,,,,,,0.000000,,stale_depth
88,4.400000000,9,0,,,,,,,,,0.000000,,stale_depth
88,4.400000000,10,0,,,,,,,,,0.000000,,stale_depth
88,4.400000000,11,0,,,,,,,,,0.000000,,stale_depth
88,4.400000000,12,0,,,,,,,,,0.000000,,stale_depth
88,4.400000000,13,0,,,,,,,,,0.000000,,stale_depth
88,4.400000000,14,0,,,,,,,,,0.000000,,stale_depth
88,4.400000000,15,0,,,,,,,,,0.000000,,stale_depth
88,4.400000000,16,0,,,,,,,,,0.000000,,stale_depth
88,4.400000000,17,0,,,,,,,,,0.000000,,stale_depth
88,4.400000000,18,0,,,,,,,,,0.000000,,stale_depth
88,4.400000000,19,0,,,,,,,,,0.000000,,stale_depth
88,4.400000000,20,0,,,,,,,,,0.000000,,stale_depth
88,4.400000000,21,0,,,,,,,,,0.000000,,stale_depth
88,4.400000000,22,0,,,,,,,,,0.000000,,stale_depth
88,4.400000000,23,0,,,,,,,,,0.000000,,stale_depth
88,4.400000000,24,0,,,,,,,,,0.000000,,stale_depth
89,4.450000000,0,0,,,,,,,,,0.000000,,stale_depth
89,4.450000000,1,0,,,,,,,,,0.000000,,stale_depth
89,4.450000000,2,0,,,,,,,,,0.000000,,stale_depth
89,4.450000000,3,0,,,,,,,,,0.000000,,stale_depth
89,4.450000000,4,0,,,,,,,,,0.000000,,stale_depth
89,4.450000000,5,0,,,,,,,,,0.000000,,stale_depth
89,4.450000000,6,0,,,,,,,,,0.000000,,stale_depth
89,4.450000000,7,0,,,,,,,,,0.000000,,stale_depth
89,4.450000000,8,0,,,,,,,,,0.000000,,stale_depth
89,4.450000000,9,0,,,,,,,,,0.000000,,stale_depth
89,4.450000000,10,0,,,,,,,,,0.000000,,stale_depth
89,4.450000000,11,0,,,,,,,,,0.000000,,stale_depth
89,4.450000000,12,0,,,,,,,,,0.000000,,stale_depth
89,4.450000000,13,0,,,,,,,,,0.000000,,stale_depth
89,4.450000000,14,0,,,,,,,,,0.000000,,stale_depth
89,4.450000000,15,0,,,,,,,,,0.000000,,stale_depth
89,4.450000000,16,0,,,,,,,,,0.000000,,stale_depth
89,4.450000000,17,0,,,,,,,,,0.000000,,stale_depth
89,4.450000000,18,0,,,,,,,,,0.000000,,stale_depth
89,4.450000000,19,0,,,,,,,,,0.000000,,stale_depth
89,4.450000000,20,0,,,,,,,,,0.000000,,stale_depth
89,4.450000000,21,0,,,,,,,,,0.000000,,stale_depth
89,4.450000000,22,0,,,,,,,,,0.000000,,stale_depth
89,4.450000000,23,0,,,,,,,,,0.000000,,stale_depth
89,4.450000000,24,0,,,,,,,,,0.000000,,stale_depth
90,4.500000000,0,0,,,,,,,,,0.000000,,stale_depth
90,4.500000000,1,0,,,,,,,,,0.000000,,stale_depth
90,4.500000000,2,0,,,,,,,,,0.000000,,stale_depth
90,4.500000000,3,0,,,,,,,,,0.000000,,stale_depth
90,4.500000000,4,0,,,,,,,,,0.000000,,stale_depth
90,4.500000000,5,0,,,,,,,,,0.000000,,stale_depth
90,4.500000000,6,0,,,,,,,,,0.000000,,stale_depth
90,4.500000000,7,0,,,,,,,,,0.000000,,stale_depth
90,4.500000000,8,0,,,,,,,,,0.000000,,stale_depth
90,4.500000000,9,0,,,,,,,,,0.000000,,stale_depth
90,4.500000000,10,0,,,,,,,,,0.000000,,stale_depth
90,4.500000000,11,0,,,,,,,,,0.000000,,stale_depth
90,4.500000000,12,0,,,,,,,,,0.000000,,stale_depth
90,4.500000000,13,0,,,,,,,,,0.000000,,stale_depth
90,4.500000000,14,0,,,,,,,,,0.000000,,stale_depth
90,4.500000000,15,0,,,,,,,,,0.000000,,stale_depth
90,4.500000000,16,0,,,,,,,,,0.000000,,stale_depth
90,4.500000000,17,0,,,,,,,,,0.000000,,stale_depth
90,4.500000000,18,0,,,,,,,,,0.000000,,stale_depth
90,4.500000000,19,0,,,,,,,,,0.000000,,stale_depth
90,4.500000000,20,0,,,,,,,,,0.000000,,stale_depth
90,4.500000000,21,0,,,,,,,,,0.000000,,stale_depth
90,4.500000000,22,0,,,,,,,,,0.000000,,stale_depth
90,4.500000000,23,0,,,,,,,,,0.000000,,stale_depth
90,4.500000000,24,0,,,,,,,,,0.000000,,stale_depth
91,4.550000000,0,0,,,,,,,,,0.000000,,stale_depth
91,4.550000000,1,0,,,,,,,,,0.000000,,stale_depth
91,4.550000000,2,0,,,,,,,,,0.000000,,stale_depth
91,4.550000000,3,0,,,,,,,,,0.000000,,stale_depth
91,4.550000000,4,0,,,,,,,,,0.000000,,stale_depth
91,4.550000000,5,0,,,,,,,,,0.000000,,stale_depth
91,4.550000000,6,0,,,,,,,,,0.000000,,stale_depth
91,4.550000000,7,0,,,,,,,,,0.000000,,stale_depth
91,4.550000000,8,0,,,,,,,,,0.000000,,stale_depth
91,4.550000000,9,0,,,,,,,,,0.000000,,stale_depth
91,4.550000000,10,0,,,,,,,,,0.000000,,stale_depth
91,4.550000000,11,0,,,,,,,,,0.000000,,stale_depth
91,4.550000000,12,0,,,,,,,,,0.000000,,stale_depth
91,4.550000000,13,0,,,,,,,,,0.000000,,stale_depth
91,4.550000000,14,0,,,,,,,,,0.000000,,stale_depth
91,4.550000000,15,0,,,,,,,,,0.000000,,stale_depth
91,4.550000000,16,0,,,,,,,,,0.000000,,stale_depth
91,4.550000000,17,0,,,,,,,,,0.000000,,stale_depth
91,4.550000000,18,0,,,,,,,,,0.000000,,stale_depth
91,4.550000000,19,0,,,,,,,,,0.000000,,stale_depth
91,4.550000000,20,0,,,,,,,,,0.000000,,stale_depth
91,4.550000000,21,0,,,,,,,,,0.000000,,stale_depth
91,4.550000000,22,0,,,,,,,,,0.000000,,stale_depth
91,4.550000000,23,0,,,,,,,,,0.000000,,stale_depth
91,4.550000000,24,0,,,,,,,,,0.000000,,stale_depth
92,4.600000000,0,0,,,,,,,,,0.000000,,stale_depth
92,4.600000000,1,0,,,,,,,,,0.000000,,stale_depth
92,4.600000000,2,0,,,,,,,,,0.000000,,stale_depth
92,4.600000000,3,0,,,,,,,,,0.000000,,stale_depth
92,4.600000000,4,0,,,,,,,,,0.000000,,stale_depth
92,4.600000000,5,0,,,,,,,,,0.000000,,stale_depth
92,4.600000000,6,0,,,,,,,,,0.000000,,stale_depth
92,4.600000000,7,0,,,,,,,,,0.000000,,stale_depth
92,4.600000000,8,0,,,,,,,,,0.000000,,stale_depth
92,4.600000000,9,0,,,,,,,,,0.000000,,stale_depth
92,4.600000000,10,0,,,,,,,,,0.000000,,stale_depth
92,4.600000000,11,0,,,,,,,,,0.000000,,stale_depth
92,4.600000000,12,0,,,,,,,,,0.000000,,stale_depth
92,4.600000000,13,0,,,,,,,,,0.000000,,stale_depth
92,4.600000000,14,0,,,,,,,,,0.000000,,stale_depth
92,4.600000000,15,0,,,,,,,,,0.000000,,stale_depth
92,4.600000000,16,0,,,,,,,,,0.000000,,stale_depth
92,4.600000000,17,0,,,,,,,,,0.000000,,stale_depth
92,4.600000000,18,0,,,,,,,,,0.000000,,stale_depth
92,4.600000000,19,0,,,,,,,,,0.000000,,stale_depth
92,4.600000000,20,0,,,,,,,,,0.000000,,stale_depth
92,4.600000000,21,0,,,,,,,,,0.000000,,stale_depth
92,4.600000000,22,0,,,,,,,,,0.000000,,stale_depth
92,4.600000000,23,0,,,,,,,,,0.000000,,stale_depth
92,4.600000000,24,0,,,,,,,,,0.000000,,stale_depth
93,4.650000000,0,0,,,,,,,,,0.000000,,stale_depth
93,4.650000000,1,0,,,,,,,,,0.000000,,stale_depth
93,4.650000000,2,0,,,,,,,,,0.000000,,stale_depth
93,4.650000000,3,0,,,,,,,,,0.000000,,stale_depth
93,4.650000000,4,0,,,,,,,,,0.000000,,stale_depth
93,4.650000000,5,0,,,,,,,,,0.000000,,stale_depth
93,4.650000000,6,0,,,,,,,,,0.000000,,stale_depth
93,4.650000000,7,0,,,,,,,,,0.000000,,stale_depth
93,4.650000000,8,0,,,,,,,,,0.000000,,stale_depth
93,4.650000000,9,0,,,,,,,,,0.000000,,stale_depth
93,4.650000000,10,0,,,,,,,,,0.000000,,stale_depth
93,4.650000000,11,0,,,,,,,,,0.000000,,stale_depth
93,4.650000000,12,0,,,,,,,,,0.000000,,stale_depth
93,4.650000000,13,0,,,,,,,,,0.000000,,stale_depth
93,4.650000000,14,0,,,,,,,,,0.000000,,stale_depth
93,4.650000000,15,0,,,,,,,,,0.000000,,stale_depth
93,4.650000000,16,0,,,,,,,,,0.000000,,stale_depth
93,4.650000000,17,0,,,,,,,,,0.000000,,stale_depth
93,4.650000000,18,0,,,,,,,,,0.000000,,stale_depth
93,4.650000000,19,0,,,,,,,,,0.000000,,stale_depth
93,4.650000000,20,0,,,,,,,,,0.000000,,stale_depth
93,4.650000000,21,0,,,,,,,,,0.000000,,stale_depth
93,4.650000000,22,0,,,,,,,,,0.000000,,stale_depth
93,4.650000000,23,0,,,,,,,,,0.000000,,stale_depth
93,4.650000000,24,0,,,,,,,,,0.000000,,stale_depth
94,4.700000000,0,0,,,,,,,,,0.000000,,stale_depth
94,4.700000000,1,0,,,,,,,,,0.000000,,stale_depth
94,4.700000000,2,0,,,,,,,,,0.000000,,stale_depth
94,4.700000000,3,0,,,,,,,,,0.000000,,stale_depth
94,4.700000000,4,0,,,,,,,,,0.000000,,stale_depth
94,4.700000000,5,0,,,,,,,,,0.000000,,stale_depth
94,4.700000000,6,0,,,,,,,,,0.000000,,stale_depth
94,4.700000000,7,0,,,,,,,,,0.000000,,stale_depth
94,4.700000000,8,0,,,,,,,,,0.000000,,stale_depth
94,4.700000000,9,0,,,,,,,,,0.000000,,stale_depth
94,4.700000000,10,0,,,,,,,,,0.000000,,stale_depth
94,4.700000000,11,0,,,,,,,,,0.000000,,stale_depth
94,4.700000000,12,0,,,,,,,,,0.000000,,stale_depth
94,4.700000000,13,0,,,,,,,,,0.000000,,stale_depth
94,4.700000000,14,0,,,,,,,,,0.000000,,stale_depth
94,4.700000000,15,0,,,,,,,,,0.000000,,stale_depth
94,4.700000000,16,0,,,,,,,,,0.000000,,stale_depth
94,4.700000000,17,0,,,,,,,,,0.000000,,stale_depth
94,4.700000000,18,0,,,,,,,,,0.000000,,stale_depth
94,4.700000000,19,0,,,,,,,,,0.000000,,stale_depth
94,4.700000000,20,0,,,,,,,,,0.000000,,stale_depth
94,4.700000000,21,0,,,,,,,,,0.000000,,stale_depth
94,4.700000000,22,0,,,,,,,,,0.000000,,stale_depth
94,4.700000000,23,0,,,,,,,,,0.000000,,stale_depth
94,4.700000000,24,0,,,,,,,,,0.000000,,stale_depth
95,4.750000000,0,0,,,,,,,,,0.000000,,stale_depth
95,4.750000000,1,0,,,,,,,,,0.000000,,stale_depth
95,4.750000000,2,0,,,,,,,,,0.000000,,stale_depth
95,4.750000000,3,0,,,,,,,,,0.000000,,stale_depth
95,4.750000000,4,0,,,,,,,,,0.000000,,stale_depth
95,4.750000000,5,0,,,,,,,,,0.000000,,stale_depth
95,4.750000000,6,0,,,,,,,,,0.000000,,stale_depth
95,4.750000000,7,0,,,,,,,,,0.000000,,stale_depth
95,4.750000000,8,0,,,,,,,,,0.000000,,stale_depth
95,4.750000000,9,0,,,,,,,,,0.000000,,stale_depth
95,4.750000000,10,0,,,,,,,,,0.000000,,stale_depth
95,4.750000000,11,0,,,,,,,,,0.000000,,stale_depth
95,4.750000000,12,0,,,,,,,,,0.000000,,stale_depth
95,4.750000000,13,0,,,,,,,,,0.000000,,stale_depth
95,4.750000000,14,0,,,,,,,,,0.000000,,stale_depth
95,4.750000000,15,0,,,,,,,,,0.000000,,stale_depth
95,4.750000000,16,0,,,,,,,,,0.000000,,stale_depth
95,4.750000000,17,0,,,,,,,,,0.000000,,stale_depth
95,4.750000000,18,0,,,,,,,,,0.000000,,stale_depth
95,4.750000000,19,0,,,,,,,,,0.000000,,stale_depth
95,4.750000000,20,0,,,,,,,,,0.000000,,stale_depth
95,4.750000000,21,0,,,,,,,,,0.000000,,stale_depth
95,4.750000000,22,0,,,,,,,,,0.000000,,stale_depth
95,4.750000000,23,0,,,,,,,,,0.000000,,stale_depth
95,4.750000000,24,0,,,,,,,,,0.000000,,stale_depth
96,4.800000000,0,0,,,,,,,,,0.000000,,stale_depth
96,4.800000000,1,0,,,,,,,,,0.000000,,stale_depth
96,4.800000000,2,0,,,,,,,,,0.000000,,stale_depth
96,4.800000000,3,0,,,,,,,,,0.000000,,stale_depth
96,4.800000000,4,0,,,,,,,,,0.000000,,stale_depth
96,4.800000000,5,0,,,,,,,,,0.000000,,stale_depth
96,4.800000000,6,0,,,,,,,,,0.000000,,stale_depth
96,4.800000000,7,0,,,,,,,,,0.000000,,stale_depth
96,4.800000000,8,0,,,,,,,,,0.000000,,stale_depth
96,4.800000000,9,0,,,,,,,,,0.000000,,stale_depth
96,4.800000000,10,0,,,,,,,,,0.000000,,stale_depth
96,4.800000000,11,0,,,,,,,,,0.000000,,stale_depth
96,4.800000000,12,0,,,,,,,,,0.000000,,stale_depth
96,4.800000000,13,0,,,,,,,,,0.000000,,stale_depth
96,4.800000000,14,0,,,,,,,,,0.000000,,stale_depth
96,4.800000000,15,0,,,,,,,,,0.000000,,stale_depth
96,4.800000000,16,0,,,,,,,,,0.000000,,stale_depth
96,4.800000000,17,0,,,,,,,,,0.000000,,stale_depth
96,4.800000000,18,0,,,,,,,,,0.000000,,stale_depth
96,4.800000000,19,0,,,,,,,,,0.000000,,stale_depth
96,4.800000000,20,0,,,,,,,,,0.000000,,stale_depth
96,4.800000000,21,0,,,,,,,,,0.000000,,stale_depth
96,4.800000000,22,0,,,,,,,,,0.000000,,stale_depth
96,4.800000000,23,0,,,,,,,,,0.000000,,stale_depth
96,4.800000000,24,0,,,,,,,,,0.000000,,stale_depth
97,4.850000000,0,0,,,,,,,,,0.000000,,stale_depth
97,4.850000000,1,0,,,,,,,,,0.000000,,stale_depth
97,4.850000000,2,0,,,,,,,,,0.000000,,stale_depth
97,4.850000000,3,0,,,,,,,,,0.000000,,stale_depth
97,4.850000000,4,0,,,,,,,,,0.000000,,stale_depth
97,4.850000000,5,0,,,,,,,,,0.000000,,stale_depth
97,4.850000000,6,0,,,,,,,,,0.000000,,stale_depth
97,4.850000000,7,0,,,,,,,,,0.000000,,stale_depth
97,4.850000000,8,0,,,,,,,,,0.000000,,stale_depth
97,4.850000000,9,0,,,,,,,,,0.000000,,stale_depth
97,4.850000000,10,0,,,,,,,,,0.000000,,stale_depth
97,4.850000000,11,0,,,,,,,,,0.000000,,stale_depth
97,4.850000000,12,0,,,,,,,,,0.000000,,stale_depth
97,4.850000000,13,0,,,,,,,,,0.000000,,stale_depth
97,4.850000000,14,0,,,,,,,,,0.000000,,stale_depth
97,4.850000000,15,0,,,,,,,,,0.000000,,stale_depth
97,4.850000000,16,0,,,,,,,,,0.000000,,stale_depth
97,4.850000000,17,0,,,,,,,,,0.000000,,stale_depth
97,4.850000000,18,0,,,,,,,,,0.000000,,stale_depth
97,4.850000000,19,0,,,,,,,,,0.000000,,stale_depth
97,4.850000000,20,0,,,,,,,,,0.000000,,stale_depth
97,4.850000000,21,0,,,,,,,,,0.000000,,stale_depth
97,4.850000000,22,0,,,,,,,,,0.000000,,stale_depth
97,4.850000000,23,0,,,,,,,,,0.000000,,stale_depth
97,4.850000000,24,0,,,,,,,,,0.000000,,stale_depth
98,4.900000000,0,0,,,,,,,,,0.000000,,stale_depth
98,4.900000000,1,0,,,,,,,,,0.000000,,stale_depth
98,4.900000000,2,0,,,,,,,,,0.000000,,stale_depth
98,4.900000000,3,0,,,,,,,,,0.000000,,stale_depth
98,4.900000000,4,0,,,,,,,,,0.000000,,stale_depth
98,4.900000000,5,0,,,,,,,,,0.000000,,stale_depth
98,4.900000000,6,0,,,,,,,,,0.000000,,stale_depth
98,4.900000000,7,0,,,,,,,,,0.000000,,stale_depth
98,4.900000000,8,0,,,,,,,,,0.000000,,stale_depth
98,4.900000000,9,0,,,,,,,,,0.000000,,stale_depth
98,4.900000000,10,0,,,,,,,,,0.000000,,stale_depth
98,4.900000000,11,0,,,,,,,,,0.000000,,stale_depth
98,4.900000000,12,0,,,,,,,,,0.000000,,stale_depth
98,4.900000000,13,0,,,,,,,,,0.000000,,stale_depth
98,4.900000000,14,0,,,,,,,,,0.000000,,stale_depth
98,4.900000000,15,0,,,,,,,,,0.000000,,stale_depth
98,4.900000000,16,0,,,,,,,,,0.000000,,stale_depth
98,4.900000000,17,0,,,,,,,,,0.000000,,stale_depth
98,4.900000000,18,0,,,,,,,,,0.000000,,stale_depth
98,4.900000000,19,0,,,,,,,,,0.000000,,stale_depth
98,4.900000000,20,0,,,,,,,,,0.000000,,stale_depth
98,4.900000000,21,0,,,,,,,,,0.000000,,stale_depth
98,4.900000000,22,0,,,,,,,,,0.000000,,stale_depth
98,4.900000000,23,0,,,,,,,,,0.000000,,stale_depth
98,4.900000000,24,0,,,,,,,,,0.000000,,stale_depth
99,4.950000000,0,0,,,,,,,,,0.000000,,stale_depth
99,4.950000000,1,0,,,,,,,,,0.000000,,stale_depth
99,4.950000000,2,0,,,,,,,,,0.000000,,stale_depth
99,4.950000000,3,0,,,,,,,,,0.000000,,stale_depth
99,4.950000000,4,0,,,,,,,,,0.000000,,stale_depth
99,4.950000000,5,0,,,,,,,,,0.000000,,stale_depth
99,4.950000000,6,0,,,,,,,,,0.000000,,stale_depth
99,4.950000000,7,0,,,,,,,,,0.000000,,stale_depth
99,4.950000000,8,0,,,,,,,,,0.000000,,stale_depth
99,4.950000000,9,0,,,,,,,,,0.000000,,stale_depth
99,4.950000000,10,0,,,,,,,,,0.000000,,stale_depth
99,4.950000000,11,0,,,,,,,,,0.000000,,stale_depth
99,4.950000000,12,0,,,,,,,,,0.000000,,stale_depth
99,4.950000000,13,0,,,,,,,,,0.000000,,stale_depth
99,4.950000000,14,0,,,,,,,,,0.000000,,stale_depth
99,4.950000000,15,0,,,,,,,,,0.000000,,stale_depth
99,4.950000000,16,0,,,,,,,,,0.000000,,stale_depth
99,4.950000000,17,0,,,,,,,,,0.000000,,stale_depth
99,4.950000000,18,0,,,,,,,,,0.000000,,stale_depth
99,4.950000000,19,0,,,,,,,,,0.000000,,stale_depth
99,4.950000000,20,0,,,,,,,,,0.000000,,stale_depth
99,4.950000000,21,0,,,,,,,,,0.000000,,stale_depth
99,4.950000000,22,0,,,,,,,,,0.000000,,stale_depth
99,4.950000000,23,0,,,,,,,,,0.000000,,stale_depth
99,4.950000000,24,0,,,,,,,,,0.000000,,stale_depth
100,5.000000000,0,0,,,,,,,,,0.000000,,stale_depth
100,5.000000000,1,0,,,,,,,,,0.000000,,stale_depth
100,5.000000000,2,0,,,,,,,,,0.000000,,stale_depth
100,5.000000000,3,0,,,,,,,,,0.000000,,stale_depth
100,5.000000000,4,0,,,,,,,,,0.000000,,stale_depth
100,5.000000000,5,0,,,,,,,,,0.000000,,stale_depth
100,5.000000000,6,0,,,,,,,,,0.000000,,stale_depth
100,5.000000000,7,0,,,,,,,,,0.000000,,stale_depth
100,5.000000000,8,0,,,,,,,,,0.000000,,stale_depth
100,5.000000000,9,0,,,,,,,,,0.000000,,stale_depth
100,5.000000000,10,0,,,,,,,,,0.000000,,stale_depth
100,5.000000000,11,0,,,,,,,,,0.000000,,stale_depth
100,5.000000000,12,0,,,,,,,,,0.000000,,stale_depth
100,5.000000000,13,0,,,,,,,,,0.000000,,stale_depth
100,5.000000000,14,0,,,,,,,,,0.000000,,stale_depth
100,5.000000000,15,0,,,,,,,,,0.000000,,stale_depth
100,5.000000000,16,0,,,,,,,,,0.000000,,stale_depth
100,5.000000000,17,0,,,,,,,,,0.000000,,stale_depth
100,5.000000000,18,0,,,,,,,,,0.000000,,stale_depth
100,5.000000000,19,0,,,,,,,,,0.000000,,stale_depth
100,5.000000000,20,0,,,,,,,,,0.000000,,stale_depth
100,5.000000000,21,0,,,,,,,,,0.000000,,stale_depth
100,5.000000000,22,0,,,,,,,,,0.000000,,stale_depth
100,5.000000000,23,0,,,,,,,,,0.000000,,stale_depth
100,5.000000000,24,0,,,,,,,,,0.000000,,stale_depth
101,5.050000000,0,0,,,,,,,,,0.000000,,stale_depth
101,5.050000000,1,0,,,,,,,,,0.000000,,stale_depth
101,5.050000000,2,0,,,,,,,,,0.000000,,stale_depth
101,5.050000000,3,0,,,,,,,,,0.000000,,stale_depth
101,5.050000000,4,0,,,,,,,,,0.000000,,stale_depth
101,5.050000000,5,0,,,,,,,,,0.000000,,stale_depth
101,5.050000000,6,0,,,,,,,,,0.000000,,stale_depth
101,5.050000000,7,0,,,,,,,,,0.000000,,stale_depth
101,5.050000000,8,0,,,,,,,,,0.000000,,stale_depth
101,5.050000000,9,0,,,,,,,,,0.000000,,stale_depth
101,5.050000000,10,0,,,,,,,,,0.000000,,stale_depth
101,5.050000000,11,0,,,,,,,,,0.000000,,stale_depth
101,5.050000000,12,0,,,,,,,,,0.000000,,stale_depth
101,5.050000000,13,0,,,,,,,,,0.000000,,stale_depth
101,5.050000000,14,0,,,,,,,,,0.000000,,stale_depth
101,5.050000000,15,0,,,,,,,,,0.000000,,stale_depth
101,5.050000000,16,0,,,,,,,,,0.000000,,stale_depth
101,5.050000000,17,0,,,,,,,,,0.000000,,stale_depth
101,5.050000000,18,0,,,,,,,,,0.000000,,stale_depth
101,5.050000000,19,0,,,,,,,,,0.000000,,stale_depth
101,5.050000000,20,0,,,,,,,,,0.000000,,stale_depth
101,5.050000000,21,0,,,,,,,,,0.000000,,stale_depth
101,5.050000000,22,0,,,,,,,,,0.000000,,stale_depth
101,5.050000000,23,0,,,,,,,,,0.000000,,stale_depth
101,5.050000000,24,0,,,,,,,,,0.000000,,stale_depth
102,5.100000000,0,0,,,,,,,,,0.000000,,stale_depth
102,5.100000000,1,0,,,,,,,,,0.000000,,stale_depth
102,5.100000000,2,0,,,,,,,,,0.000000,,stale_depth
102,5.100000000,3,0,,,,,,,,,0.000000,,stale_depth
102,5.100000000,4,0,,,,,,,,,0.000000,,stale_depth
102,5.100000000,5,0,,,,,,,,,0.000000,,stale_depth
102,5.100000000,6,0,,,,,,,,,0.000000,,stale_depth
102,5.100000000,7,0,,,,,,,,,0.000000,,stale_depth
102,5.100000000,8,0,,,,,,,,,0.000000,,stale_depth
102,5.100000000,9,0,,,,,,,,,0.000000,,stale_depth
102,5.100000000,10,0,,,,,,,,,0.000000,,stale_depth
102,5.100000000,11,0,,,,,,,,,0.000000,,stale_depth
102,5.100000000,12,0,,,,,,,,,0.000000,,stale_depth
102,5.100000000,13,0,,,,,,,,,0.000000,,stale_depth
102,5.100000000,14,0,,,,,,,,,0.000000,,stale_depth
102,5.100000000,15,0,,,,,,,,,0.000000,,stale_depth
102,5.100000000,16,0,,,,,,,,,0.000000,,stale_depth
102,5.100000000,17,0,,,,,,,,,0.000000,,stale_depth
102,5.100000000,18,0,,,,,,,,,0.000000,,stale_depth
102,5.100000000,19,0,,,,,,,,,0.000000,,stale_depth
102,5.100000000,20,0,,,,,,,,,0.000000,,stale_depth
102,5.100000000,21,0,,,,,,,,,0.000000,,stale_depth
102,5.100000000,22,0,,,,,,,,,0.000000,,stale_depth
102,5.100000000,23,0,,,,,,,,,0.000000,,stale_depth
102,5.100000000,24,0,,,,,,,,,0.000000,,stale_depth
103,5.150000000,0,0,,,,,,,,,0.000000,,stale_depth
103,5.150000000,1,0,,,,,,,,,0.000000,,stale_depth
103,5.150000000,2,0,,,,,,,,,0.000000,,stale_depth
103,5.150000000,3,0,,,,,,,,,0.000000,,stale_depth
103,5.150000000,4,0,,,,,,,,,0.000000,,stale_depth
103,5.150000000,5,0,,,,,,,,,0.000000,,stale_depth
103,5.150000000,6,0,,,,,,,,,0.000000,,stale_depth
103,5.150000000,7,0,,,,,,,,,0.000000,,stale_depth
103,5.150000000,8,0,,,,,,,,,0.000000,,stale_depth
103,5.150000000,9,0,,,,,,,,,0.000000,,stale_depth
103,5.150000000,10,0,,,,,,,,,0.000000,,stale_depth
103,5.150000000,11,0,,,,,,,,,0.000000,,stale_depth
103,5.150000000,12,0,,,,,,,,,0.000000,,stale_depth
103,5.150000000,13,0,,,,,,,,,0.000000,,stale_depth
103,5.150000000,14,0,,,,,,,,,0.000000,,stale_depth
103,5.150000000,15,0,,,,,,,,,0.000000,,stale_depth
103,5.150000000,16,0,,,,,,,,,0.000000,,stale_depth
103,5.150000000,17,0,,,,,,,,,0.000000,,stale_depth
103,5.150000000,18,0,,,,,,,,,0.000000,,stale_depth
103,5.150000000,19,0,,,,,,,,,0.000000,,stale_depth
103,5.150000000,20,0,,,,,,,,,0.000000,,stale_depth
103,5.150000000,21,0,,,,,,,,,0.000000,,stale_depth
103,5.150000000,22,0,,,,,,,,,0.000000,,stale_depth
103,5.150000000,23,0,,,,,,,,,0.000000,,stale_depth
103,5.150000000,24,0,,,,,,,,,0.000000,,stale_depth
104,5.200000000,0,0,,,,,,,,,0.000000,,stale_depth
104,5.200000000,1,0,,,,,,,,,0.000000,,stale_depth
104,5.200000000,2,0,,,,,,,,,0.000000,,stale_depth
104,5.200000000,3,0,,,,,,,,,0.000000,,stale_depth
104,5.200000000,4,0,,,,,,,,,0.000000,,stale_depth
104,5.200000000,5,0,,,,,,,,,0.000000,,stale_depth
104,5.200000000,6,0,,,,,,,,,0.000000,,stale_depth
104,5.200000000,7,0,,,,,,,,,0.000000,,stale_depth
104,5.200000000,8,0,,,,,,,,,0.000000,,stale_depth
104,5.200000000,9,0,,,,,,,,,0.000000,,stale_depth
104,5.200000000,10,0,,,,,,,,,0.000000,,stale_depth
104,5.200000000,11,0,,,,,,,,,0.000000,,stale_depth
104,5.200000000,12,0,,,,,,,,,0.000000,,stale_depth
104,5.200000000,13,0,,,,,,,,,0.000000,,stale_depth
104,5.200000000,14,0,,,,,,,,,0.000000,,stale_depth
104,5.200000000,15,0,,,,,,,,,0.000000,,stale_depth
104,5.200000000,16,0,,,,,,,,,0.000000,,stale_depth
104,5.200000000,17,0,,,,,,,,,0.000000,,stale_depth
104,5.200000000,18,0,,,,,,,,,0.000000,,stale_depth
104,5.200000000,19,0,,,,,,,,,0.000000,,stale_depth
104,5.200000000,20,0,,,,,,,,,0.000000,,stale_depth
104,5.200000000,21,0,,,,,,,,,0.000000,,stale_depth
104,5.200000000,22,0,,,,,,,,,0.000000,,stale_depth
104,5.200000000,23,0,,,,,,,,,0.000000,,stale_depth
104,5.200000000,24,0,,,,,,,,,0.000000,,stale_depth
105,5.250000000,0,0,,,,,,,,,0.000000,,stale_depth
105,5.250000000,1,0,,,,,,,,,0.000000,,stale_depth
105,5.250000000,2,0,,,,,,,,,0.000000,,stale_depth
105,5.250000000,3,0,,,,,,,,,0.000000,,stale_depth
105,5.250000000,4,0,,,,,,,,,0.000000,,stale_depth
105,5.250000000,5,0,,,,,,,,,0.000000,,stale_depth
105,5.250000000,6,0,,,,,,,,,0.000000,,stale_depth
105,5.250000000,7,0,,,,,,,,,0.000000,,stale_depth
105,5.250000000,8,0,,,,,,,,,0.000000,,stale_depth
105,5.250000000,9,0,,,,,,,,,0.000000,,stale_depth
105,5.250000000,10,0,,,,,,,,,0.000000,,stale_depth
105,5.250000000,11,0,,,,,,,,,0.000000,,stale_depth
105,5.250000000,12,0,,,,,,,,,0.000000,,stale_depth
105,5.250000000,13,0,,,,,,,,,0.000000,,stale_depth
105,5.250000000,14,0,,,,,,,,,0.000000,,stale_depth
105,5.250000000,15,0,,,,,,,,,0.000000,,stale_depth
105,5.250000000,16,0,,,,,,,,,0.000000,,stale_depth
105,5.250000000,17,0,,,,,,,,,0.000000,,stale_depth
105,5.250000000,18,0,,,,,,,,,0.000000,,stale_depth
105,5.250000000,19,0,,,,,,,,,0.000000,,stale_depth
105,5.250000000,20,0,,,,,,,,,0.000000,,stale_depth
105,5.250000000,21,0,,,,,,,,,0.000000,,stale_depth
105,5.250000000,22,0,,,,,,,,,0.000000,,stale_depth
105,5.250000000,23,0,,,,,,,,,0.000000,,stale_depth
105,5.250000000,24,0,,,,,,,,,0.000000,,stale_depth
106,5.300000000,0,0,,,,,,,,,0.000000,,stale_depth
106,5.300000000,1,0,,,,,,,,,0.000000,,stale_depth
106,5.300000000,2,0,,,,,,,,,0.000000,,stale_depth
106,5.300000000,3,0,,,,,,,,,0.000000,,stale_depth
106,5.300000000,4,0,,,,,,,,,0.000000,,stale_depth
106,5.300000000,5,0,,,,,,,,,0.000000,,stale_depth
106,5.300000000,6,0,,,,,,,,,0.000000,,stale_depth
106,5.300000000,7,0,,,,,,,,,0.000000,,stale_depth
106,5.300000000,8,0,,,,,,,,,0.000000,,stale_depth
106,5.300000000,9,0,,,,,,,,,0.000000,,stale_depth
106,5.300000000,10,0,,,,,,,,,0.000000,,stale_depth
106,5.300000000,11,0,,,,,,,,,0.000000,,stale_depth
106,5.300000000,12,0,,,,,,,,,0.000000,,stale_depth
106,5.300000000,13,0,,,,,,,,,0.000000,,stale_depth
106,5.300000000,14,0,,,,,,,,,0.000000,,stale_depth
106,5.300000000,15,0,,,,,,,,,0.000000,,stale_depth
106,5.300000000,16,0,,,,,,,,,0.000000,,stale_depth
106,5.300000000,17,0,,,,,,,,,0.000000,,stale_depth
106,5.300000000,18,0,,,,,,,,,0.000000,,stale_depth
106,5.300000000,19,0,,,,,,,,,0.000000,,stale_depth
106,5.300000000,20,0,,,,,,,,,0.000000,,stale_depth
106,5.300000000,21,0,,,,,,,,,0.000000,,stale_depth
106,5.300000000,22,0,,,,,,,,,0.000000,,stale_depth
106,5.300000000,23,0,,,,,,,,,0.000000,,stale_depth
106,5.300000000,24,0,,,,,,,,,0.000000,,stale_depth
107,5.350000000,0,0,,,,,,,,,0.000000,,stale_depth
107,5.350000000,1,0,,,,,,,,,0.000000,,stale_depth
107,5.350000000,2,0,,,,,,,,,0.000000,,stale_depth
107,5.350000000,3,0,,,,,,,,,0.000000,,stale_depth
107,5.350000000,4,0,,,,,,,,,0.000000,,stale_depth
107,5.350000000,5,0,,,,,,,,,0.000000,,stale_depth
107,5.350000000,6,0,,,,,,,,,0.000000,,stale_depth
107,5.350000000,7,0,,,,,,,,,0.000000,,stale_depth
107,5.350000000,8,0,,,,,,,,,0.000000,,stale_depth
107,5.350000000,9,0,,,,,,,,,0.000000,,stale_depth
107,5.350000000,10,0,,,,,,,,,0.000000,,stale_depth
107,5.350000000,11,0,,,,,,,,,0.000000,,stale_depth
107,5.350000000,12,0,,,,,,,,,0.000000,,stale_depth
107,5.350000000,13,0,,,,,,,,,0.000000,,stale_depth
107,5.350000000,14,0,,,,,,,,,0.000000,,stale_depth
107,5.350000000,15,0,,,,,,,,,0.000000,,stale_depth
107,5.350000000,16,0,,,,,,,,,0.000000,,stale_depth
107,5.350000000,17,0,,,,,,,,,0.000000,,stale_depth
107,5.350000000,18,0,,,,,,,,,0.000000,,stale_depth
107,5.350000000,19,0,,,,,,,,,0.000000,,stale_depth
107,5.350000000,20,0,,,,,,,,,0.000000,,stale_depth
107,5.350000000,21,0,,,,,,,,,0.000000,,stale_depth
107,5.350000000,22,0,,,,,,,,,0.000000,,stale_depth
107,5.350000000,23,0,,,,,,,,,0.000000,,stale_depth
107,5.350000000,24,0,,,,,,,,,0.000000,,stale_depth
108,5.400000000,0,0,,,,,,,,,0.000000,,stale_depth
108,5.400000000,1,0,,,,,,,,,0.000000,,stale_depth
108,5.400000000,2,0,,,,,,,,,0.000000,,stale_depth
108,5.400000000,3,0,,,,,,,,,0.000000,,stale_depth
108,5.400000000,4,0,,,,,,,,,0.000000,,stale_depth
108,5.400000000,5,0,,,,,,,,,0.000000,,stale_depth
108,5.400000000,6,0,,,,,,,,,0.000000,,stale_depth
108,5.400000000,7,0,,,,,,,,,0.000000,,stale_depth
108,5.400000000,8,0,,,,,,,,,0.000000,,stale_depth
108,5.400000000,9,0,,,,,,,,,0.000000,,stale_depth
108,5.400000000,10,0,,,,,,,,,0.000000,,stale_depth
108,5.400000000,11,0,,,,,,,,,0.000000,,stale_depth
108,5.400000000,12,0,,,,,,,,,0.000000,,stale_depth
108,5.400000000,13,0,,,,,,,,,0.000000,,stale_depth
108,5.400000000,14,0,,,,,,,,,0.000000,,stale_depth
108,5.400000000,15,0,,,,,,,,,0.000000,,stale_depth
108,5.400000000,16,0,,,,,,,,,0.000000,,stale_depth
108,5.400000000,17,0,,,,,,,,,0.000000,,stale_depth
108,5.400000000,18,0,,,,,,,,,0.000000,,stale_depth
108,5.400000000,19,0,,,,,,,,,0.000000,,stale_depth
108,5.400000000,20,0,,,,,,,,,0.000000,,stale_depth
108,5.400000000,21,0,,,,,,,,,0.000000,,stale_depth
108,5.400000000,22,0,,,,,,,,,0.000000,,stale_depth
108,5.400000000,23,0,,,,,,,,,0.000000,,stale_depth
108,5.400000000,24,0,,,,,,,,,0.000000,,stale_depth
109,5.450000000,0,0,,,,,,,,,0.000000,,stale_depth
109,5.450000000,1,0,,,,,,,,,0.000000,,stale_depth
109,5.450000000,2,0,,,,,,,,,0.000000,,stale_depth
109,5.450000000,3,0,,,,,,,,,0.000000,,stale_depth
109,5.450000000,4,0,,,,,,,,,0.000000,,stale_depth
109,5.450000000,5,0,,,,,,,,,0.000000,,stale_depth
109,5.450000000,6,0,,,,,,,,,0.000000,,stale_depth
109,5.450000000,7,0,,,,,,,,,0.000000,,stale_depth
109,5.450000000,8,0,,,,,,,,,0.000000,,stale_depth
109,5.450000000,9,0,,,,,,,,,0.000000,,stale_depth
109,5.450000000,10,0,,,,,,,,,0.000000,,stale_depth
109,5.450000000,11,0,,,,,,,,,0.000000,,stale_depth
109,5.450000000,12,0,,,,,,,,,0.000000,,stale_depth
109,5.450000000,13,0,,,,,,,,,0.000000,,stale_depth
109,5.450000000,14,0,,,,,,,,,0.000000,,stale_depth
109,5.450000000,15,0,,,,,,,,,0.000000,,stale_depth
109,5.450000000,16,0,,,,,,,,,0.000000,,stale_depth
109,5.450000000,17,0,,,,,,,,,0.000000,,stale_depth
109,5.450000000,18,0,,,,,,,,,0.000000,,stale_depth
109,5.450000000,19,0,,,,,,,,,0.000000,,stale_depth
109,5.450000000,20,0,,,,,,,,,0.000000,,stale_depth
109,5.450000000,21,0,,,,,,,,,0.000000,,stale_depth
109,5.450000000,22,0,,,,,,,,,0.000000,,stale_depth
109,5.450000000,23,0,,,,,,,,,0.000000,,stale_depth
109,5.450000000,24,0,,,,,,,,,0.000000,,stale_depth
110,5.500000000,0,0,,,,,,,,,0.000000,,stale_depth
110,5.500000000,1,0,,,,,,,,,0.000000,,stale_depth
110,5.500000000,2,0,,,,,,,,,0.000000,,stale_depth
110,5.500000000,3,0,,,,,,,,,0.000000,,stale_depth
110,5.500000000,4,0,,,,,,,,,0.000000,,stale_depth
110,5.500000000,5,0,,,,,,,,,0.000000,,stale_depth
110,5.500000000,6,0,,,,,,,,,0.000000,,stale_depth
110,5.500000000,7,0,,,,,,,,,0.000000,,stale_depth
110,5.500000000,8,0,,,,,,,,,0.000000,,stale_depth
110,5.500000000,9,0,,,,,,,,,0.000000,,stale_depth
110,5.500000000,10,0,,,,,,,,,0.000000,,stale_depth
110,5.500000000,11,0,,,,,,,,,0.000000,,stale_depth
110,5.500000000,12,0,,,,,,,,,0.000000,,stale_depth
110,5.500000000,13,0,,,,,,,,,0.000000,,stale_depth
110,5.500000000,14,0,,,,,,,,,0.000000,,stale_depth
110,5.500000000,15,0,,,,,,,,,0.000000,,stale_depth
110,5.500000000,16,0,,,,,,,,,0.000000,,stale_depth
110,5.500000000,17,0,,,,,,,,,0.000000,,stale_depth
110,5.500000000,18,0,,,,,,,,,0.000000,,stale_depth
110,5.500000000,19,0,,,,,,,,,0.000000,,stale_depth
110,5.500000000,20,0,,,,,,,,,0.000000,,stale_depth
110,5.500000000,21,0,,,,,,,,,0.000000,,stale_depth
110,5.500000000,22,0,,,,,,,,,0.000000,,stale_depth
110,5.500000000,23,0,,,,,,,,,0.000000,,stale_depth
110,5.500000000,24,0,,,,,,,,,0.000000,,stale_depth
111,5.550000000,0,0,,,,,,,,,0.000000,,stale_depth
111,5.550000000,1,0,,,,,,,,,0.000000,,stale_depth
111,5.550000000,2,0,,,,,,,,,0.000000,,stale_depth
111,5.550000000,3,0,,,,,,,,,0.000000,,stale_depth
111,5.550000000,4,0,,,,,,,,,0.000000,,stale_depth
111,5.550000000,5,0,,,,,,,,,0.000000,,stale_depth
111,5.550000000,6,0,,,,,,,,,0.000000,,stale_depth
111,5.550000000,7,0,,,,,,,,,0.000000,,stale_depth
111,5.550000000,8,0,,,,,,,,,0.000000,,stale_depth
111,5.550000000,9,0,,,,,,,,,0.000000,,stale_depth
111,5.550000000,10,0,,,,,,,,,0.000000,,stale_depth
111,5.550000000,11,0,,,,,,,,,0.000000,,stale_depth
111,5.550000000,12,0,,,,,,,,,0.000000,,stale_depth
111,5.550000000,13,0,,,,,,,,,0.000000,,stale_depth
111,5.550000000,14,0,,,,,,,,,0.000000,,stale_depth
111,5.550000000,15,0,,,,,,,,,0.000000,,stale_depth
111,5.550000000,16,0,,,,,,,,,0.000000,,stale_depth
111,5.550000000,17,0,,,,,,,,,0.000000,,stale_depth
111,5.550000000,18,0,,,,,,,,,0.000000,,stale_depth
111,5.550000000,19,0,,,,,,,,,0.000000,,stale_depth
111,5.550000000,20,0,,,,,,,,,0.000000,,stale_depth
111,5.550000000,21,0,,,,,,,,,0.000000,,stale_depth
111,5.550000000,22,0,,,,,,,,,0.000000,,stale_depth
111,5.550000000,23,0,,,,,,,,,0.000000,,stale_depth
111,5.550000000,24,0,,,,,,,,,0.000000,,stale_depth
112,5.600000000,0,0,,,,,,,,,0.000000,,stale_depth
112,5.600000000,1,0,,,,,,,,,0.000000,,stale_depth
112,5.600000000,2,0,,,,,,,,,0.000000,,stale_depth
112,5.600000000,3,0,,,,,,,,,0.000000,,stale_depth
112,5.600000000,4,0,,,,,,,,,0.000000,,stale_depth
112,5.600000000,5,0,,,,,,,,,0.000000,,stale_depth
112,5.600000000,6,0,,,,,,,,,0.000000,,stale_depth
112,5.600000000,7,0,,,,,,,,,0.000000,,stale_depth
112,5.600000000,8,0,,,,,,,,,0.000000,,stale_depth
112,5.600000000,9,0,,,,,,,,,0.000000,,stale_depth
112,5.600000000,10,0,,,,,,,,,0.000000,,stale_depth
112,5.600000000,11,0,,,,,,,,,0.000000,,stale_depth
112,5.600000000,12,0,,,,,,,,,0.000000,,stale_depth
112,5.600000000,13,0,,,,,,,,,0.000000,,stale_depth
112,5.600000000,14,0,,,,,,,,,0.000000,,stale_depth
112,5.600000000,15,0,,,,,,,,,0.000000,,stale_depth
112,5.600000000,16,0,,,,,,,,,0.000000,,stale_depth
112,5.600000000,17,0,,,,,,,,,0.000000,,stale_depth
112,5.600000000,18,0,,,,,,,,,0.000000,,stale_depth
112,5.600000000,19,0,,,,,,,,,0.000000,,stale_depth
112,5.600000000,20,0,,,,,,,,,0.000000,,stale_depth
112,5.600000000,21,0,,,,,,,,,0.000000,,stale_depth
112,5.600000000,22,0,,,,,,,,,0.000000,,stale_depth
112,5.600000000,23,0,,,,,,,,,0.000000,,stale_depth
112,5.600000000,24,0,,,,,,,,,0.000000,,stale_depth
113,5.650000000,0,0,,,,,,,,,0.000000,,stale_depth
113,5.650000000,1,0,,,,,,,,,0.000000,,stale_depth
113,5.650000000,2,0,,,,,,,,,0.000000,,stale_depth
113,5.650000000,3,0,,,,,,,,,0.000000,,stale_depth
113,5.650000000,4,0,,,,,,,,,0.000000,,stale_depth
113,5.650000000,5,0,,,,,,,,,0.000000,,stale_depth
113,5.650000000,6,0,,,,,,,,,0.000000,,stale_depth
113,5.650000000,7,0,,,,,,,,,0.000000,,stale_depth
113,5.650000000,8,0,,,,,,,,,0.000000,,stale_depth
113,5.650000000,9,0,,,,,,,,,0.000000,,stale_depth
113,5.650000000,10,0,,,,,,,,,0.000000,,stale_depth
113,5.650000000,11,0,,,,,,,,,0.000000,,stale_depth
113,5.650000000,12,0,,,,,,,,,0.000000,,stale_depth
113,5.650000000,13,0,,,,,,,,,0.000000,,stale_depth
113,5.650000000,14,0,,,,,,,,,0.000000,,stale_depth
113,5.650000000,15,0,,,,,,,,,0.000000,,stale_depth
113,5.650000000,16,0,,,,,,,,,0.000000,,stale_depth
113,5.650000000,17,0,,,,,,,,,0.000000,,stale_depth
113,5.650000000,18,0,,,,,,,,,0.000000,,stale_depth
113,5.650000000,19,0,,,,,,,,,0.000000,,stale_depth
113,5.650000000,20,0,,,,,,,,,0.000000,,stale_depth
113,5.650000000,21,0,,,,,,,,,0.000000,,stale_depth
113,5.650000000,22,0,,,,,,,,,0.000000,,stale_depth
113,5.650000000,23,0,,,,,,,,,0.000000,,stale_depth
113,5.650000000,24,0,,,,,,,,,0.000000,,stale_depth
114,5.700000000,0,0,,,,,,,,,0.000000,,stale_depth
114,5.700000000,1,0,,,,,,,,,0.000000,,stale_depth
114,5.700000000,2,0,,,,,,,,,0.000000,,stale_depth
114,5.700000000,3,0,,,,,,,,,0.000000,,stale_depth
114,5.700000000,4,0,,,,,,,,,0.000000,,stale_depth
114,5.700000000,5,0,,,,,,,,,0.000000,,stale_depth
114,5.700000000,6,0,,,,,,,,,0.000000,,stale_depth
114,5.700000000,7,0,,,,,,,,,0.000000,,stale_depth
114,5.700000000,8,0,,,,,,,,,0.000000,,stale_depth
114,5.700000000,9,0,,,,,,,,,0.000000,,stale_depth
114,5.700000000,10,0,,,,,,,,,0.000000,,stale_depth
114,5.700000000,11,0,,,,,,,,,0.000000,,stale_depth
114,5.700000000,12,0,,,,,,,,,0.000000,,stale_depth
114,5.700000000,13,0,,,,,,,,,0.000000,,stale_depth
114,5.700000000,14,0,,,,,,,,,0.000000,,stale_depth
114,5.700000000,15,0,,,,,,,,,0.000000,,stale_depth
114,5.700000000,16,0,,,,,,,,,0.000000,,stale_depth
114,5.700000000,17,0,,,,,,,,,0.000000,,stale_depth
114,5.700000000,18,0,,,,,,,,,0.000000,,stale_depth
114,5.700000000,19,0,,,,,,,,,0.000000,,stale_depth
114,5.700000000,20,0,,,,,,,,,0.000000,,stale_depth
114,5.700000000,21,0,,,,,,,,,0.000000,,stale_depth
114,5.700000000,22,0,,,,,,,,,0.000000,,stale_depth
114,5.700000000,23,0,,,,,,,,,0.000000,,stale_depth
114,5.700000000,24,0,,,,,,,,,0.000000,,stale_depth
115,5.750000000,0,0,,,,,,,,,0.000000,,stale_depth
115,5.750000000,1,0,,,,,,,,,0.000000,,stale_depth
115,5.750000000,2,0,,,,,,,,,0.000000,,stale_depth
115,5.750000000,3,0,,,,,,,,,0.000000,,stale_depth
115,5.750000000,4,0,,,,,,,,,0.000000,,stale_depth
115,5.750000000,5,0,,,,,,,,,0.000000,,stale_depth
115,5.750000000,6,0,,,,,,,,,0.000000,,stale_depth
115,5.750000000,7,0,,,,,,,,,0.000000,,stale_depth
115,5.750000000,8,0,,,,,,,,,0.000000,,stale_depth
115,5.750000000,9,0,,,,,,,,,0.000000,,stale_depth
115,5.750000000,10,0,,,,,,,,,0.000000,,stale_depth
115,5.750000000,11,0,,,,,,,,,0.000000,,stale_depth
115,5.750000000,12,0,,,,,,,,,0.000000,,stale_depth
115,5.750000000,13,0,,,,,,,,,0.000000,,stale_depth
115,5.750000000,14,0,,,,,,,,,0.000000,,stale_depth
115,5.750000000,15,0,,,,,,,,,0.000000,,stale_depth
115,5.750000000,16,0,,,,,,,,,0.000000,,stale_depth
115,5.750000000,17,0,,,,,,,,,0.000000,,stale_depth
115,5.750000000,18,0,,,,,,,,,0.000000,,stale_depth
115,5.750000000,19,0,,,,,,,,,0.000000,,stale_depth
115,5.750000000,20,0,,,,,,,,,0.000000,,stale_depth
115,5.750000000,21,0,,,,,,,,,0.000000,,stale_depth
115,5.750000000,22,0,,,,,,,,,0.000000,,stale_depth
115,5.750000000,23,0,,,,,,,,,0.000000,,stale_depth
115,5.750000000,24,0,,,,,,,,,0.000000,,stale_depth
116,5.800000000,0,0,,,,,,,,,0.000000,,stale_depth
116,5.800000000,1,0,,,,,,,,,0.000000,,stale_depth
116,5.800000000,2,0,,,,,,,,,0.000000,,stale_depth
116,5.800000000,3,0,,,,,,,,,0.000000,,stale_depth
116,5.800000000,4,0,,,,,,,,,0.000000,,stale_depth
116,5.800000000,5,0,,,,,,,,,0.000000,,stale_depth
116,5.800000000,6,0,,,,,,,,,0.000000,,stale_depth
116,5.800000000,7,0,,,,,,,,,0.000000,,stale_depth
116,5.800000000,8,0,,,,,,,,,0.000000,,stale_depth
116,5.800000000,9,0,,,,,,,,,0.000000,,stale_depth
116,5.800000000,10,0,,,,,,,,,0.000000,,stale_depth
116,5.800000000,11,0,,,,,,,,,0.000000,,stale_depth
116,5.800000000,12,0,,,,,,,,,0.000000,,stale_depth
116,5.800000000,13,0,,,,,,,,,0.000000,,stale_depth
116,5.800000000,14,0,,,,,,,,,0.000000,,stale_depth
116,5.800000000,15,0,,,,,,,,,0.000000,,stale_depth
116,5.800000000,16,0,,,,,,,,,0.000000,,stale_depth
116,5.800000000,17,0,,,,,,,,,0.000000,,stale_depth
116,5.800000000,18,0,,,,,,,,,0.000000,,stale_depth
116,5.800000000,19,0,,,,,,,,,0.000000,,stale_depth
116,5.800000000,20,0,,,,,,,,,0.000000,,stale_depth
116,5.800000000,21,0,,,,,,,,,0.000000,,stale_depth
116,5.800000000,22,0,,,,,,,,,0.000000,,stale_depth
116,5.800000000,23,0,,,,,,,,,0.000000,,stale_depth
116,5.800000000,24,0,,,,,,,,,0.000000,,stale_depth
117,5.850000000,0,0,,,,,,,,,0.000000,,stale_depth
117,5.850000000,1,0,,,,,,,,,0.000000,,stale_depth
117,5.850000000,2,0,,,,,,,,,0.000000,,stale_depth
117,5.850000000,3,0,,,,,,,,,0.000000,,stale_depth
117,5.850000000,4,0,,,,,,,,,0.000000,,stale_depth
117,5.850000000,5,0,,,,,,,,,0.000000,,stale_depth
117,5.850000000,6,0,,,,,,,,,0.000000,,stale_depth
117,5.850000000,7,0,,,,,,,,,0.000000,,stale_depth
117,5.850000000,8,0,,,,,,,,,0.000000,,stale_depth
117,5.850000000,9,0,,,,,,,,,0.000000,,stale_depth
117,5.850000000,10,0,,,,,,,,,0.000000,,stale_depth
117,5.850000000,11,0,,,,,,,,,0.000000,,stale_depth
117,5.850000000,12,0,,,,,,,,,0.000000,,stale_depth
117,5.850000000,13,0,,,,,,,,,0.000000,,stale_depth
117,5.850000000,14,0,,,,,,,,,0.000000,,stale_depth
117,5.850000000,15,0,,,,,,,,,0.000000,,stale_depth
117,5.850000000,16,0,,,,,,,,,0.000000,,stale_depth
117,5.850000000,17,0,,,,,,,,,0.000000,,stale_depth
117,5.850000000,18,0,,,,,,,,,0.000000,,stale_depth
117,5.850000000,19,0,,,,,,,,,0.000000,,stale_depth
117,5.850000000,20,0,,,,,,,,,0.000000,,stale_depth
117,5.850000000,21,0,,,,,,,,,0.000000,,stale_depth
117,5.850000000,22,0,,,,,,,,,0.000000,,stale_depth
117,5.850000000,23,0,,,,,,,,,0.000000,,stale_depth
117,5.850000000,24,0,,,,,,,,,0.000000,,stale_depth
118,5.900000000,0,0,,,,,,,,,0.000000,,stale_depth
118,5.900000000,1,0,,,,,,,,,0.000000,,stale_depth
118,5.900000000,2,0,,,,,,,,,0.000000,,stale_depth
118,5.900000000,3,0,,,,,,,,,0.000000,,stale_depth
118,5.900000000,4,0,,,,,,,,,0.000000,,stale_depth
118,5.900000000,5,0,,,,,,,,,0.000000,,stale_depth
118,5.900000000,6,0,,,,,,,,,0.000000,,stale_depth
118,5.900000000,7,0,,,,,,,,,0.000000,,stale_depth
118,5.900000000,8,0,,,,,,,,,0.000000,,stale_depth
118,5.900000000,9,0,,,,,,,,,0.000000,,stale_depth
118,5.900000000,10,0,,,,,,,,,0.000000,,stale_depth
118,5.900000000,11,0,,,,,,,,,0.000000,,stale_depth
118,5.900000000,12,0,,,,,,,,,0.000000,,stale_depth
118,5.900000000,13,0,,,,,,,,,0.000000,,stale_depth
118,5.900000000,14,0,,,,,,,,,0.000000,,stale_depth
118,5.900000000,15,0,,,,,,,,,0.000000,,stale_depth
118,5.900000000,16,0,,,,,,,,,0.000000,,stale_depth
118,5.900000000,17,0,,,,,,,,,0.000000,,stale_depth
118,5.900000000,18,0,,,,,,,,,0.000000,,stale_depth
118,5.900000000,19,0,,,,,,,,,0.000000,,stale_depth
118,5.900000000,20,0,,,,,,,,,0.000000,,stale_depth
118,5.900000000,21,0,,,,,,,,,0.000000,,stale_depth
118,5.900000000,22,0,,,,,,,,,0.000000,,stale_depth
118,5.900000000,23,0,,,,,,,,,0.000000,,stale_depth
118,5.900000000,24,0,,,,,,,,,0.000000,,stale_depth
119,5.950000000,0,0,,,,,,,,,0.000000,,stale_depth
119,5.950000000,1,0,,,,,,,,,0.000000,,stale_depth
119,5.950000000,2,0,,,,,,,,,0.000000,,stale_depth
119,5.950000000,3,0,,,,,,,,,0.000000,,stale_depth
119,5.950000000,4,0,,,,,,,,,0.000000,,stale_depth
119,5.950000000,5,0,,,,,,,,,0.000000,,stale_depth
119,5.950000000,6,0,,,,,,,,,0.000000,,stale_depth
119,5.950000000,7,0,,,,,,,,,0.000000,,stale_depth
119,5.950000000,8,0,,,,,,,,,0.000000,,stale_depth
119,5.950000000,9,0,,,,,,,,,0.000000,,stale_depth
119,5.950000000,10,0,,,,,,,,,0.000000,,stale_depth
119,5.950000000,11,0,,,,,,,,,0.000000,,stale_depth
119,5.950000000,12,0,,,,,,,,,0.000000,,stale_depth
119,5.950000000,13,0,,,,,,,,,0.000000,,stale_depth
119,5.950000000,14,0,,,,,,,,,0.000000,,stale_depth
119,5.950000000,15,0,,,,,,,,,0.000000,,stale_depth
119,5.950000000,16,0,,,,,,,,,0.000000,,stale_depth
119,5.950000000,17,0,,,,,,,,,0.000000,,stale_depth
119,5.950000000,18,0,,,,,,,,,0.000000,,stale_depth
119,5.950000000,19,0,,,,,,,,,0.000000,,stale_depth
119,5.950000000,20,0,,,,,,,,,0.000000,,stale_depth
119,5.950000000,21,0,,,,,,,,,0.000000,,stale_depth
119,5.950000000,22,0,,,,,,,,,0.000000,,stale_depth
119,5.950000000,23,0,,,,,,,,,0.000000,,stale_depth
119,5.950000000,24,0,,,,,,,,,0.000000,,stale_depth
120,6.000000000,0,0,,,,,,,,,0.000000,,stale_depth
120,6.000000000,1,0,,,,,,,,,0.000000,,stale_depth
120,6.000000000,2,0,,,,,,,,,0.000000,,stale_depth
120,6.000000000,3,0,,,,,,,,,0.000000,,stale_depth
120,6.000000000,4,0,,,,,,,,,0.000000,,stale_depth
120,6.000000000,5,0,,,,,,,,,0.000000,,stale_depth
120,6.000000000,6,0,,,,,,,,,0.000000,,stale_depth
120,6.000000000,7,0,,,,,,,,,0.000000,,stale_depth
120,6.000000000,8,0,,,,,,,,,0.000000,,stale_depth
120,6.000000000,9,0,,,,,,,,,0.000000,,stale_depth
120,6.000000000,10,0,,,,,,,,,0.000000,,stale_depth
120,6.000000000,11,0,,,,,,,,,0.000000,,stale_depth
120,6.000000000,12,0,,,,,,,,,0.000000,,stale_depth
120,6.000000000,13,0,,,,,,,,,0.000000,,stale_depth
120,6.000000000,14,0,,,,,,,,,0.000000,,stale_depth
120,6.000000000,15,0,,,,,,,,,0.000000,,stale_depth
120,6.000000000,16,0,,,,,,,,,0.000000,,stale_depth
120,6.000000000,17,0,,,,,,,,,0.000000,,stale_depth
120,6.000000000,18,0,,,,,,,,,0.000000,,stale_depth
120,6.000000000,19,0,,,,,,,,,0.000000,,stale_depth
120,6.000000000,20,0,,,,,,,,,0.000000,,stale_depth
120,6.000000000,21,0,,,,,,,,,0.000000,,stale_depth
120,6.000000000,22,0,,,,,,,,,0.000000,,stale_depth
120,6.000000000,23,0,,,,,,,,,0.000000,,stale_depth
120,6.000000000,24,0,,,,,,,,,0.000000,,stale_depth
121,6.050000000,0,0,,,,,,,,,0.000000,,stale_depth
121,6.050000000,1,0,,,,,,,,,0.000000,,stale_depth
121,6.050000000,2,0,,,,,,,,,0.000000,,stale_depth
121,6.050000000,3,0,,,,,,,,,0.000000,,stale_depth
121,6.050000000,4,0,,,,,,,,,0.000000,,stale_depth
121,6.050000000,5,0,,,,,,,,,0.000000,,stale_depth
121,6.050000000,6,0,,,,,,,,,0.000000,,stale_depth
121,6.050000000,7,0,,,,,,,,,0.000000,,stale_depth
121,6.050000000,8,0,,,,,,,,,0.000000,,stale_depth
121,6.050000000,9,0,,,,,,,,,0.000000,,stale_depth
121,6.050000000,10,0,,,,,,,,,0.000000,,stale_depth
121,6.050000000,11,0,,,,,,,,,0.000000,,stale_depth
121,6.050000000,12,0,,,,,,,,,0.000000,,stale_depth
121,6.050000000,13,0,,,,,,,,,0.000000,,stale_depth
121,6.050000000,14,0,,,,,,,,,0.000000,,stale_depth
121,6.050000000,15,0,,,,,,,,,0.000000,,stale_depth
121,6.050000000,16,0,,,,,,,,,0.000000,,stale_depth
121,6.050000000,17,0,,,,,,,,,0.000000,,stale_depth
121,6.050000000,18,0,,,,,,,,,0.000000,,stale_depth
121,6.050000000,19,0,,,,,,,,,0.000000,,stale_depth
121,6.050000000,20,0,,,,,,,,,0.000000,,stale_depth
121,6.050000000,21,0,,,,,,,,,0.000000,,stale_depth
121,6.050000000,22,0,,,,,,,,,0.000000,,stale_depth
121,6.050000000,23,0,,,,,,,,,0.000000,,stale_depth
121,6.050000000,24,0,,,,,,,,,0.000000,,stale_depth
122,6.100000000,0,0,,,,,,,,,0.000000,,stale_depth
122,6.100000000,1,0,,,,,,,,,0.000000,,stale_depth
122,6.100000000,2,0,,,,,,,,,0.000000,,stale_depth
122,6.100000000,3,0,,,,,,,,,0.000000,,stale_depth
122,6.100000000,4,0,,,,,,,,,0.000000,,stale_depth
122,6.100000000,5,0,,,,,,,,,0.000000,,stale_depth
122,6.100000000,6,0,,,,,,,,,0.000000,,stale_depth
122,6.100000000,7,0,,,,,,,,,0.000000,,stale_depth
122,6.100000000,8,0,,,,,,,,,0.000000,,stale_depth
122,6.100000000,9,0,,,,,,,,,0.000000,,stale_depth
122,6.100000000,10,0,,,,,,,,,0.000000,,stale_depth
122,6.100000000,11,0,,,,,,,,,0.000000,,stale_depth
122,6.100000000,12,0,,,,,,,,,0.000000,,stale_depth
122,6.100000000,13,0,,,,,,,,,0.000000,,stale_depth
122,6.100000000,14,0,,,,,,,,,0.000000,,stale_depth
122,6.100000000,15,0,,,,,,,,,0.000000,,stale_depth
122,6.100000000,16,0,,,,,,,,,0.000000,,stale_depth
122,6.100000000,17,0,,,,,,,,,0.000000,,stale_depth
122,6.100000000,18,0,,,,,,,,,0.000000,,stale_depth
122,6.100000000,19,0,,,,,,,,,0.000000,,stale_depth
122,6.100000000,20,0,,,,,,,,,0.000000,,stale_depth
122,6.100000000,21,0,,,,,,,,,0.000000,,stale_depth
122,6.100000000,22,0,,,,,,,,,0.000000,,stale_depth
122,6.100000000,23,0,,,,,,,,,0.000000,,stale_depth
122,6.100000000,24,0,,,,,,,,,0.000000,,stale_depth
123,6.150000000,0,0,,,,,,,,,0.000000,,stale_depth
123,6.150000000,1,0,,,,,,,,,0.000000,,stale_depth
123,6.150000000,2,0,,,,,,,,,0.000000,,stale_depth
123,6.150000000,3,0,,,,,,,,,0.000000,,stale_depth
123,6.150000000,4,0,,,,,,,,,0.000000,,stale_depth
123,6.150000000,5,0,,,,,,,,,0.000000,,stale_depth
123,6.150000000,6,0,,,,,,,,,0.000000,,stale_depth
123,6.150000000,7,0,,,,,,,,,0.000000,,stale_depth
123,6.150000000,8,0,,,,,,,,,0.000000,,stale_depth
123,6.150000000,9,0,,,,,,,,,0.000000,,stale_depth
123,6.150000000,10,0,,,,,,,,,0.000000,,stale_depth
123,6.150000000,11,0,,,,,,,,,0.000000,,stale_depth
123,6.150000000,12,0,,,,,,,,,0.000000,,stale_depth
123,6.150000000,13,0,,,,,,,,,0.000000,,stale_depth
123,6.150000000,14,0,,,,,,,,,0.000000,,stale_depth
123,6.150000000,15,0,,,,,,,,,0.000000,,stale_depth
123,6.150000000,16,0,,,,,,,,,0.000000,,stale_depth
123,6.150000000,17,0,,,,,,,,,0.000000,,stale_depth
123,6.150000000,18,0,,,,,,,,,0.000000,,stale_depth
123,6.150000000,19,0,,,,,,,,,0.000000,,stale_depth
123,6.150000000,20,0,,,,,,,,,0.000000,,stale_depth
123,6.150000000,21,0,,,,,,,,,0.000000,,stale_depth
123,6.150000000,22,0,,,,,,,,,0.000000,,stale_depth
123,6.150000000,23,0,,,,,,,,,0.000000,,stale_depth
123,6.150000000,24,0,,,,,,,,,0.000000,,stale_depth
124,6.200000000,0,0,,,,,,,,,0.000000,,stale_depth
124,6.200000000,1,0,,,,,,,,,0.000000,,stale_depth
124,6.200000000,2,0,,,,,,,,,0.000000,,stale_depth
124,6.200000000,3,0,,,,,,,,,0.000000,,stale_depth
124,6.200000000,4,0,,,,,,,,,0.000000,,stale_depth
124,6.200000000,5,0,,,,,,,,,0.000000,,stale_depth
124,6.200000000,6,0,,,,,,,,,0.000000,,stale_depth
124,6.200000000,7,0,,,,,,,,,0.000000,,stale_depth
124,6.200000000,8,0,,,,,,,,,0.000000,,stale_depth
124,6.200000000,9,0,,,,,,,,,0.000000,,stale_depth
124,6.200000000,10,0,,,,,,,,,0.000000,,stale_depth
124,6.200000000,11,0,,,,,,,,,0.000000,,stale_depth
124,6.200000000,12,0,,,,,,,,,0.000000,,stale_depth
124,6.200000000,13,0,,,,,,,,,0.000000,,stale_depth
124,6.200000000,14,0,,,,,,,,,0.000000,,stale_depth
124,6.200000000,15,0,,,,,,,,,0.000000,,stale_depth
124,6.200000000,16,0,,,,,,,,,0.000000,,stale_depth
124,6.200000000,17,0,,,,,,,,,0.000000,,stale_depth
124,6.200000000,18,0,,,,,,,,,0.000000,,stale_depth
124,6.200000000,19,0,,,,,,,,,0.000000,,stale_depth
124,6.200000000,20,0,,,,,,,,,0.000000,,stale_depth
124,6.200000000,21,0,,,,,,,,,0.000000,,stale_depth
124,6.200000000,22,0,,,,,,,,,0.000000,,stale_depth
124,6.200000000,23,0,,,,,,,,,0.000000,,stale_depth
124,6.200000000,24,0,,,,,,,,,0.000000,,stale_depth
125,6.250000000,0,0,,,,,,,,,0.000000,,stale_depth
125,6.250000000,1,0,,,,,,,,,0.000000,,stale_depth
125,6.250000000,2,0,,,,,,,,,0.000000,,stale_depth
125,6.250000000,3,0,,,,,,,,,0.000000,,stale_depth
125,6.250000000,4,0,,,,,,,,,0.000000,,stale_depth
125,6.250000000,5,0,,,,,,,,,0.000000,,stale_depth
125,6.250000000,6,0,,,,,,,,,0.000000,,stale_depth
125,6.250000000,7,0,,,,,,,,,0.000000,,stale_depth
125,6.250000000,8,0,,,,,,,,,0.000000,,stale_depth
125,6.250000000,9,0,,,,,,,,,0.000000,,stale_depth
125,6.250000000,10,0,,,,,,,,,0.000000,,stale_depth
125,6.250000000,11,0,,,,,,,,,0.000000,,stale_depth
125,6.250000000,12,0,,,,,,,,,0.000000,,stale_depth
125,6.250000000,13,0,,,,,,,,,0.000000,,stale_depth
125,6.250000000,14,0,,,,,,,,,0.000000,,stale_depth
125,6.250000000,15,0,,,,,,,,,0.000000,,stale_depth
125,6.250000000,16,0,,,,,,,,,0.000000,,stale_depth
125,6.250000000,17,0,,,,,,,,,0.000000,,stale_depth
125,6.250000000,18,0,,,,,,,,,0.000000,,stale_depth
125,6.250000000,19,0,,,,,,,,,0.000000,,stale_depth
125,6.250000000,20,0,,,,,,,,,0.000000,,stale_depth
125,6.250000000,21,0,,,,,,,,,0.000000,,stale_depth
125,6.250000000,22,0,,,,,,,,,0.000000,,stale_depth
125,6.250000000,23,0,,,,,,,,,0.000000,,stale_depth
125,6.250000000,24,0,,,,,,,,,0.000000,,stale_depth
126,6.300000000,0,0,,,,,,,,,0.000000,,stale_depth
126,6.300000000,1,0,,,,,,,,,0.000000,,stale_depth
126,6.300000000,2,0,,,,,,,,,0.000000,,stale_depth
126,6.300000000,3,0,,,,,,,,,0.000000,,stale_depth
126,6.300000000,4,0,,,,,,,,,0.000000,,stale_depth
126,6.300000000,5,0,,,,,,,,,0.000000,,stale_depth
126,6.300000000,6,0,,,,,,,,,0.000000,,stale_depth
126,6.300000000,7,0,,,,,,,,,0.000000,,stale_depth
126,6.300000000,8,0,,,,,,,,,0.000000,,stale_depth
126,6.300000000,9,0,,,,,,,,,0.000000,,stale_depth
126,6.300000000,10,0,,,,,,,,,0.000000,,stale_depth
126,6.300000000,11,0,,,,,,,,,0.000000,,stale_depth
126,6.300000000,12,0,,,,,,,,,0.000000,,stale_depth
126,6.300000000,13,0,,,,,,,,,0.000000,,stale_depth
126,6.300000000,14,0,,,,,,,,,0.000000,,stale_depth
126,6.300000000,15,0,,,,,,,,,0.000000,,stale_depth
126,6.300000000,16,0,,,,,,,,,0.000000,,stale_depth
126,6.300000000,17,0,,,,,,,,,0.000000,,stale_depth
126,6.300000000,18,0,,,,,,,,,0.000000,,stale_depth
126,6.300000000,19,0,,,,,,,,,0.000000,,stale_depth
126,6.300000000,20,0,,,,,,,,,0.000000,,stale_depth
126,6.300000000,21,0,,,,,,,,,0.000000,,stale_depth
126,6.300000000,22,0,,,,,,,,,0.000000,,stale_depth
126,6.300000000,23,0,,,,,,,,,0.000000,,stale_depth
126,6.300000000,24,0,,,,,,,,,0.000000,,stale_depth
127,6.350000000,0,0,,,,,,,,,0.000000,,stale_depth
127,6.350000000,1,0,,,,,,,,,0.000000,,stale_depth
127,6.350000000,2,0,,,,,,,,,0.000000,,stale_depth
127,6.350000000,3,0,,,,,,,,,0.000000,,stale_depth
127,6.350000000,4,0,,,,,,,,,0.000000,,stale_depth
127,6.350000000,5,0,,,,,,,,,0.000000,,stale_depth
127,6.350000000,6,0,,,,,,,,,0.000000,,stale_depth
127,6.350000000,7,0,,,,,,,,,0.000000,,stale_depth
127,6.350000000,8,0,,,,,,,,,0.000000,,stale_depth
127,6.350000000,9,0,,,,,,,,,0.000000,,stale_depth
127,6.350000000,10,0,,,,,,,,,0.000000,,stale_depth
127,6.350000000,11,0,,,,,,,,,0.000000,,stale_depth
127,6.350000000,12,0,,,,,,,,,0.000000,,stale_depth
127,6.350000000,13,0,,,,,,,,,0.000000,,stale_depth
127,6.350000000,14,0,,,,,,,,,0.000000,,stale_depth
127,6.350000000,15,0,,,,,,,,,0.000000,,stale_depth
127,6.350000000,16,0,,,,,,,,,0.000000,,stale_depth
127,6.350000000,17,0,,,,,,,,,0.000000,,stale_depth
127,6.350000000,18,0,,,,,,,,,0.000000,,stale_depth
127,6.350000000,19,0,,,,,,,,,0.000000,,stale_depth
127,6.350000000,20,0,,,,,,,,,0.000000,,stale_depth
127,6.350000000,21,0,,,,,,,,,0.000000,,stale_depth
127,6.350000000,22,0,,,,,,,,,0.000000,,stale_depth
127,6.350000000,23,0,,,,,,,,,0.000000,,stale_depth
127,6.350000000,24,0,,,,,,,,,0.000000,,stale_depth
128,6.400000000,0,0,,,,,,,,,0.000000,,stale_depth
128,6.400000000,1,0,,,,,,,,,0.000000,,stale_depth
128,6.400000000,2,0,,,,,,,,,0.000000,,stale_depth
128,6.400000000,3,0,,,,,,,,,0.000000,,stale_depth
128,6.400000000,4,0,,,,,,,,,0.000000,,stale_depth
128,6.400000000,5,0,,,,,,,,,0.000000,,stale_depth
128,6.400000000,6,0,,,,,,,,,0.000000,,stale_depth
128,6.400000000,7,0,,,,,,,,,0.000000,,stale_depth
128,6.400000000,8,0,,,,,,,,,0.000000,,stale_depth
128,6.400000000,9,0,,,,,,,,,0.000000,,stale_depth
128,6.400000000,10,0,,,,,,,,,0.000000,,stale_depth
128,6.400000000,11,0,,,,,,,,,0.000000,,stale_depth
128,6.400000000,12,0,,,,,,,,,0.000000,,stale_depth
128,6.400000000,13,0,,,,,,,,,0.000000,,stale_depth
128,6.400000000,14,0,,,,,,,,,0.000000,,stale_depth
128,6.400000000,15,0,,,,,,,,,0.000000,,stale_depth
128,6.400000000,16,0,,,,,,,,,0.000000,,stale_depth
128,6.400000000,17,0,,,,,,,,,0.000000,,stale_depth
128,6.400000000,18,0,,,,,,,,,0.000000,,stale_depth
128,6.400000000,19,0,,,,,,,,,0.000000,,stale_depth
128,6.400000000,20,0,,,,,,,,,0.000000,,stale_depth
128,6.400000000,21,0,,,,,,,,,0.000000,,stale_depth
128,6.400000000,22,0,,,,,,,,,0.000000,,stale_depth
128,6.400000000,23,0,,,,,,,,,0.000000,,stale_depth
128,6.400000000,24,0,,,,,,,,,0.000000,,stale_depth
129,6.450000000,0,0,,,,,,,,,0.000000,,stale_depth
129,6.450000000,1,0,,,,,,,,,0.000000,,stale_depth
129,6.450000000,2,0,,,,,,,,,0.000000,,stale_depth
129,6.450000000,3,0,,,,,,,,,0.000000,,stale_depth
129,6.450000000,4,0,,,,,,,,,0.000000,,stale_depth
129,6.450000000,5,0,,,,,,,,,0.000000,,stale_depth
129,6.450000000,6,0,,,,,,,,,0.000000,,stale_depth
129,6.450000000,7,0,,,,,,,,,0.000000,,stale_depth
129,6.450000000,8,0,,,,,,,,,0.000000,,stale_depth
129,6.450000000,9,0,,,,,,,,,0.000000,,stale_depth
129,6.450000000,10,0,,,,,,,,,0.000000,,stale_depth
129,6.450000000,11,0,,,,,,,,,0.000000,,stale_depth
129,6.450000000,12,0,,,,,,,,,0.000000,,stale_depth
129,6.450000000,13,0,,,,,,,,,0.000000,,stale_depth
129,6.450000000,14,0,,,,,,,,,0.000000,,stale_depth
129,6.450000000,15,0,,,,,,,,,0.000000,,stale_depth
129,6.450000000,16,0,,,,,,,,,0.000000,,stale_depth
129,6.450000000,17,0,,,,,,,,,0.000000,,stale_depth
129,6.450000000,18,0,,,,,,,,,0.000000,,stale_depth
129,6.450000000,19,0,,,,,,,,,0.000000,,stale_depth
129,6.450000000,20,0,,,,,,,,,0.000000,,stale_depth
129,6.450000000,21,0,,,,,,,,,0.000000,,stale_depth
129,6.450000000,22,0,,,,,,,,,0.000000,,stale_depth
129,6.450000000,23,0,,,,,,,,,0.000000,,stale_depth
129,6.450000000,24,0,,,,,,,,,0.000000,,stale_depth
130,6.500000000,0,0,,,,,,,,,0.000000,,stale_depth
130,6.500000000,1,0,,,,,,,,,0.000000,,stale_depth
130,6.500000000,2,0,,,,,,,,,0.000000,,stale_depth
130,6.500000000,3,0,,,,,,,,,0.000000,,stale_depth
130,6.500000000,4,0,,,,,,,,,0.000000,,stale_depth
130,6.500000000,5,0,,,,,,,,,0.000000,,stale_depth
130,6.500000000,6,0,,,,,,,,,0.000000,,stale_depth
130,6.500000000,7,0,,,,,,,,,0.000000,,stale_depth
130,6.500000000,8,0,,,,,,,,,0.000000,,stale_depth
130,6.500000000,9,0,,,,,,,,,0.000000,,stale_depth
130,6.500000000,10,0,,,,,,,,,0.000000,,stale_depth
130,6.500000000,11,0,,,,,,,,,0.000000,,stale_depth
130,6.500000000,12,0,,,,,,,,,0.000000,,stale_depth
130,6.500000000,13,0,,,,,,,,,0.000000,,stale_depth
130,6.500000000,14,0,,,,,,,,,0.000000,,stale_depth
130,6.500000000,15,0,,,,,,,,,0.000000,,stale_depth
130,6.500000000,16,0,,,,,,,,,0.000000,,stale_depth
130,6.500000000,17,0,,,,,,,,,0.000000,,stale_depth
130,6.500000000,18,0,,,,,,,,,0.000000,,stale_depth
130,6.500000000,19,0,,,,,,,,,0.000000,,stale_depth
130,6.500000000,20,0,,,,,,,,,0.000000,,stale_depth
130,6.500000000,21,0,,,,,,,,,0.000000,,stale_depth
130,6.500000000,22,0,,,,,,,,,0.000000,,stale_depth
130,6.500000000,23,0,,,,,,,,,0.000000,,stale_depth
130,6.500000000,24,0,,,,,,,,,0.000000,,stale_depth
131,6.550000000,0,0,,,,,,,,,0.000000,,stale_depth
131,6.550000000,1,0,,,,,,,,,0.000000,,stale_depth
131,6.550000000,2,0,,,,,,,,,0.000000,,stale_depth
131,6.550000000,3,0,,,,,,,,,0.000000,,stale_depth
131,6.550000000,4,0,,,,,,,,,0.000000,,stale_depth
131,6.550000000,5,0,,,,,,,,,0.000000,,stale_depth
131,6.550000000,6,0,,,,,,,,,0.000000,,stale_depth
131,6.550000000,7,0,,,,,,,,,0.000000,,stale_depth
131,6.550000000,8,0,,,,,,,,,0.000000,,stale_depth
131,6.550000000,9,0,,,,,,,,,0.000000,,stale_depth
131,6.550000000,10,0,,,,,,,,,0.000000,,stale_depth
131,6.550000000,11,0,,,,,,,,,0.000000,,stale_depth
131,6.550000000,12,0,,,,,,,,,0.000000,,stale_depth
131,6.550000000,13,0,,,,,,,,,0.000000,,stale_depth
131,6.550000000,14,0,,,,,,,,,0.000000,,stale_depth
131,6.550000000,15,0,,,,,,,,,0.000000,,stale_depth
131,6.550000000,16,0,,,,,,,,,0.000000,,stale_depth
131,6.550000000,17,0,,,,,,,,,0.000000,,stale_depth
131,6.550000000,18,0,,,,,,,,,0.000000,,stale_depth
131,6.550000000,19,0,,,,,,,,,0.000000,,stale_depth
131,6.550000000,20,0,,,,,,,,,0.000000,,stale_depth
131,6.550000000,21,0,,,,,,,,,0.000000,,stale_depth
131,6.550000000,22,0,,,,,,,,,0.000000,,stale_depth
131,6.550000000,23,0,,,,,,,,,0.000000,,stale_depth
131,6.550000000,24,0,,,,,,,,,0.000000,,stale_depth
132,6.600000000,0,0,,,,,,,,,0.000000,,stale_depth
132,6.600000000,1,0,,,,,,,,,0.000000,,stale_depth
132,6.600000000,2,0,,,,,,,,,0.000000,,stale_depth
132,6.600000000,3,0,,,,,,,,,0.000000,,stale_depth
132,6.600000000,4,0,,,,,,,,,0.000000,,stale_depth
132,6.600000000,5,0,,,,,,,,,0.000000,,stale_depth
132,6.600000000,6,0,,,,,,,,,0.000000,,stale_depth
132,6.600000000,7,0,,,,,,,,,0.000000,,stale_depth
132,6.600000000,8,0,,,,,,,,,0.000000,,stale_depth
132,6.600000000,9,0,,,,,,,,,0.000000,,stale_depth
132,6.600000000,10,0,,,,,,,,,0.000000,,stale_depth
132,6.600000000,11,0,,,,,,,,,0.000000,,stale_depth
132,6.600000000,12,0,,,,,,,,,0.000000,,stale_depth
132,6.600000000,13,0,,,,,,,,,0.000000,,stale_depth
132,6.600000000,14,0,,,,,,,,,0.000000,,stale_depth
132,6.600000000,15,0,,,,,,,,,0.000000,,stale_depth
132,6.600000000,16,0,,,,,,,,,0.000000,,stale_depth
132,6.600000000,17,0,,,,,,,,,0.000000,,stale_depth
132,6.600000000,18,0,,,,,,,,,0.000000,,stale_depth
132,6.600000000,19,0,,,,,,,,,0.000000,,stale_depth
132,6.600000000,20,0,,,,,,,,,0.000000,,stale_depth
132,6.600000000,21,0,,,,,,,,,0.000000,,stale_depth
132,6.600000000,22,0,,,,,,,,,0.000000,,stale_depth
132,6.600000000,23,0,,,,,,,,,0.000000,,stale_depth
132,6.600000000,24,0,,,,,,,,,0.000000,,stale_depth
133,6.650000000,0,0,,,,,,,,,0.000000,,stale_depth
133,6.650000000,1,0,,,,,,,,,0.000000,,stale_depth
133,6.650000000,2,0,,,,,,,,,0.000000,,stale_depth
133,6.650000000,3,0,,,,,,,,,0.000000,,stale_depth
133,6.650000000,4,0,,,,,,,,,0.000000,,stale_depth
133,6.650000000,5,0,,,,,,,,,0.000000,,stale_depth
133,6.650000000,6,0,,,,,,,,,0.000000,,stale_depth
133,6.650000000,7,0,,,,,,,,,0.000000,,stale_depth
133,6.650000000,8,0,,,,,,,,,0.000000,,stale_depth
133,6.650000000,9,0,,,,,,,,,0.000000,,stale_depth
133,6.650000000,10,0,,,,,,,,,0.000000,,stale_depth
133,6.650000000,11,0,,,,,,,,,0.000000,,stale_depth
133,6.650000000,12,0,,,,,,,,,0.000000,,stale_depth
133,6.650000000,13,0,,,,,,,,,0.000000,,stale_depth
133,6.650000000,14,0,,,,,,,,,0.000000,,stale_depth
133,6.650000000,15,0,,,,,,,,,0.000000,,stale_depth
133,6.650000000,16,0,,,,,,,,,0.000000,,stale_depth
133,6.650000000,17,0,,,,,,,,,0.000000,,stale_depth
133,6.650000000,18,0,,,,,,,,,0.000000,,stale_depth
133,6.650000000,19,0,,,,,,,,,0.000000,,stale_depth
133,6.650000000,20,0,,,,,,,,,0.000000,,stale_depth
133,6.650000000,21,0,,,,,,,,,0.000000,,stale_depth
133,6.650000000,22,0,,,,,,,,,0.000000,,stale_depth
133,6.650000000,23,0,,,,,,,,,0.000000,,stale_depth
133,6.650000000,24,0,,,,,,,,,0.000000,,stale_depth
134,6.700000000,0,0,,,,,,,,,0.000000,,stale_depth
134,6.700000000,1,0,,,,,,,,,0.000000,,stale_depth
134,6.700000000,2,0,,,,,,,,,0.000000,,stale_depth
134,6.700000000,3,0,,,,,,,,,0.000000,,stale_depth
134,6.700000000,4,0,,,,,,,,,0.000000,,stale_depth
134,6.700000000,5,0,,,,,,,,,0.000000,,stale_depth
134,6.700000000,6,0,,,,,,,,,0.000000,,stale_depth
134,6.700000000,7,0,,,,,,,,,0.000000,,stale_depth
134,6.700000000,8,0,,,,,,,,,0.000000,,stale_depth
134,6.700000000,9,0,,,,,,,,,0.000000,,stale_depth
134,6.700000000,10,0,,,,,,,,,0.000000,,stale_depth
134,6.700000000,11,0,,,,,,,,,0.000000,,stale_depth
134,6.700000000,12,0,,,,,,,,,0.000000,,stale_depth
134,6.700000000,13,0,,,,,,,,,0.000000,,stale_depth
134,6.700000000,14,0,,,,,,,,,0.000000,,stale_depth
134,6.700000000,15,0,,,,,,,,,0.000000,,stale_depth
134,6.700000000,16,0,,,,,,,,,0.000000,,stale_depth
134,6.700000000,17,0,,,,,,,,,0.000000,,stale_depth
134,6.700000000,18,0,,,,,,,,,0.000000,,stale_depth
134,6.700000000,19,0,,,,,,,,,0.000000,,stale_depth
134,6.700000000,20,0,,,,,,,,,0.000000,,stale_depth
134,6.700000000,21,0,,,,,,,,,0.000000,,stale_depth
134,6.700000000,22,0,,,,,,,,,0.000000,,stale_depth
134,6.700000000,23,0,,,,,,,,,0.000000,,stale_depth
134,6.700000000,24,0,,,,,,,,,0.000000,,stale_depth
135,6.750000000,0,0,,,,,,,,,0.000000,,stale_depth
135,6.750000000,1,0,,,,,,,,,0.000000,,stale_depth
135,6.750000000,2,0,,,,,,,,,0.000000,,stale_depth
135,6.750000000,3,0,,,,,,,,,0.000000,,stale_depth
135,6.750000000,4,0,,,,,,,,,0.000000,,stale_depth
135,6.750000000,5,0,,,,,,,,,0.000000,,stale_depth
135,6.750000000,6,0,,,,,,,,,0.000000,,stale_depth
135,6.750000000,7,0,,,,,,,,,0.000000,,stale_depth
135,6.750000000,8,0,,,,,,,,,0.000000,,stale_depth
135,6.750000000,9,0,,,,,,,,,0.000000,,stale_depth
135,6.750000000,10,0,,,,,,,,,0.000000,,stale_depth
135,6.750000000,11,0,,,,,,,,,0.000000,,stale_depth
135,6.750000000,12,0,,,,,,,,,0.000000,,stale_depth
135,6.750000000,13,0,,,,,,,,,0.000000,,stale_depth
135,6.750000000,14,0,,,,,,,,,0.000000,,stale_depth
135,6.750000000,15,0,,,,,,,,,0.000000,,stale_depth
135,6.750000000,16,0,,,,,,,,,0.000000,,stale_depth
135,6.750000000,17,0,,,,,,,,,0.000000,,stale_depth
135,6.750000000,18,0,,,,,,,,,0.000000,,stale_depth
135,6.750000000,19,0,,,,,,,,,0.000000,,stale_depth
135,6.750000000,20,0,,,,,,,,,0.000000,,stale_depth
135,6.750000000,21,0,,,,,,,,,0.000000,,stale_depth
135,6.750000000,22,0,,,,,,,,,0.000000,,stale_depth
135,6.750000000,23,0,,,,,,,,,0.000000,,stale_depth
135,6.750000000,24,0,,,,,,,,,0.000000,,stale_depth
136,6.800000000,0,0,,,,,,,,,0.000000,,stale_depth
136,6.800000000,1,0,,,,,,,,,0.000000,,stale_depth
136,6.800000000,2,0,,,,,,,,,0.000000,,stale_depth
136,6.800000000,3,0,,,,,,,,,0.000000,,stale_depth
136,6.800000000,4,0,,,,,,,,,0.000000,,stale_depth
136,6.800000000,5,0,,,,,,,,,0.000000,,stale_depth
136,6.800000000,6,0,,,,,,,,,0.000000,,stale_depth
136,6.800000000,7,0,,,,,,,,,0.000000,,stale_depth
136,6.800000000,8,0,,,,,,,,,0.000000,,stale_depth
136,6.800000000,9,0,,,,,,,,,0.000000,,stale_depth
136,6.800000000,10,0,,,,,,,,,0.000000,,stale_depth
136,6.800000000,11,0,,,,,,,,,0.000000,,stale_depth
136,6.800000000,12,0,,,,,,,,,0.000000,,stale_depth
136,6.800000000,13,0,,,,,,,,,0.000000,,stale_depth
136,6.800000000,14,0,,,,,,,,,0.000000,,stale_depth
136,6.800000000,15,0,,,,,,,,,0.000000,,stale_depth
136,6.800000000,16,0,,,,,,,,,0.000000,,stale_depth
136,6.800000000,17,0,,,,,,,,,0.000000,,stale_depth
136,6.800000000,18,0,,,,,,,,,0.000000,,stale_depth
136,6.800000000,19,0,,,,,,,,,0.000000,,stale_depth
136,6.800000000,20,0,,,,,,,,,0.000000,,stale_depth
136,6.800000000,21,0,,,,,,,,,0.000000,,stale_depth
136,6.800000000,22,0,,,,,,,,,0.000000,,stale_depth
136,6.800000000,23,0,,,,,,,,,0.000000,,stale_depth
136,6.800000000,24,0,,,,,,,,,0.000000,,stale_depth
137,6.850000000,0,0,,,,,,,,,0.000000,,stale_depth
137,6.850000000,1,0,,,,,,,,,0.000000,,stale_depth
137,6.850000000,2,0,,,,,,,,,0.000000,,stale_depth
137,6.850000000,3,0,,,,,,,,,0.000000,,stale_depth
137,6.850000000,4,0,,,,,,,,,0.000000,,stale_depth
137,6.850000000,5,0,,,,,,,,,0.000000,,stale_depth
137,6.850000000,6,0,,,,,,,,,0.000000,,stale_depth
137,6.850000000,7,0,,,,,,,,,0.000000,,stale_depth
137,6.850000000,8,0,,,,,,,,,0.000000,,stale_depth
137,6.850000000,9,0,,,,,,,,,0.000000,,stale_depth
137,6.850000000,10,0,,,,,,,,,0.000000,,stale_depth
137,6.850000000,11,0,,,,,,,,,0.000000,,stale_depth
137,6.850000000,12,0,,,,,,,,,0.000000,,stale_depth
137,6.850000000,13,0,,,,,,,,,0.000000,,stale_depth
137,6.850000000,14,0,,,,,,,,,0.000000,,stale_depth
137,6.850000000,15,0,,,,,,,,,0.000000,,stale_depth
137,6.850000000,16,0,,,,,,,,,0.000000,,stale_depth
137,6.850000000,17,0,,,,,,,,,0.000000,,stale_depth
137,6.850000000,18,0,,,,,,,,,0.000000,,stale_depth
137,6.850000000,19,0,,,,,,,,,0.000000,,stale_depth
137,6.850000000,20,0,,,,,,,,,0.000000,,stale_depth
137,6.850000000,21,0,,,,,,,,,0.000000,,stale_depth
137,6.850000000,22,0,,,,,,,,,0.000000,,stale_depth
137,6.850000000,23,0,,,,,,,,,0.000000,,stale_depth
137,6.850000000,24,0,,,,,,,,,0.000000,,stale_depth
138,6.900000000,0,0,,,,,,,,,0.000000,,stale_depth
138,6.900000000,1,0,,,,,,,,,0.000000,,stale_depth
138,6.900000000,2,0,,,,,,,,,0.000000,,stale_depth
138,6.900000000,3,0,,,,,,,,,0.000000,,stale_depth
138,6.900000000,4,0,,,,,,,,,0.000000,,stale_depth
138,6.900000000,5,0,,,,,,,,,0.000000,,stale_depth
138,6.900000000,6,0,,,,,,,,,0.000000,,stale_depth
138,6.900000000,7,0,,,,,,,,,0.000000,,stale_depth
138,6.900000000,8,0,,,,,,,,,0.000000,,stale_depth
138,6.900000000,9,0,,,,,,,,,0.000000,,stale_depth
138,6.900000000,10,0,,,,,,,,,0.000000,,stale_depth
138,6.900000000,11,0,,,,,,,,,0.000000,,stale_depth
138,6.900000000,12,0,,,,,,,,,0.000000,,stale_depth
138,6.900000000,13,0,,,,,,,,,0.000000,,stale_depth
138,6.900000000,14,0,,,,,,,,,0.000000,,stale_depth
138,6.900000000,15,0,,,,,,,,,0.000000,,stale_depth
138,6.900000000,16,0,,,,,,,,,0.000000,,stale_depth
138,6.900000000,17,0,,,,,,,,,0.000000,,stale_depth
138,6.900000000,18,0,,,,,,,,,0.000000,,stale_depth
138,6.900000000,19,0,,,,,,,,,0.000000,,stale_depth
138,6.900000000,20,0,,,,,,,,,0.000000,,stale_depth
138,6.900000000,21,0,,,,,,,,,0.000000,,stale_depth
138,6.900000000,22,0,,,,,,,,,0.000000,,stale_depth
138,6.900000000,23,0,,,,,,,,,0.000000,,stale_depth
138,6.900000000,24,0,,,,,,,,,0.000000,,stale_depth
139,6.950000000,0,0,,,,,,,,,0.000000,,stale_depth
139,6.950000000,1,0,,,,,,,,,0.000000,,stale_depth
139,6.950000000,2,0,,,,,,,,,0.000000,,stale_depth
139,6.950000000,3,0,,,,,,,,,0.000000,,stale_depth
139,6.950000000,4,0,,,,,,,,,0.000000,,stale_depth
139,6.950000000,5,0,,,,,,,,,0.000000,,stale_depth
139,6.950000000,6,0,,,,,,,,,0.000000,,stale_depth
139,6.950000000,7,0,,,,,,,,,0.000000,,stale_depth
139,6.950000000,8,0,,,,,,,,,0.000000,,stale_depth
139,6.950000000,9,0,,,,,,,,,0.000000,,stale_depth
139,6.950000000,10,0,,,,,,,,,0.000000,,stale_depth
139,6.950000000,11,0,,,,,,,,,0.000000,,stale_depth
139,6.950000000,12,0,,,,,,,,,0.000000,,stale_depth
139,6.950000000,13,0,,,,,,,,,0.000000,,stale_depth
139,6.950000000,14,0,,,,,,,,,0.000000,,stale_depth
139,6.950000000,15,0,,,,,,,,,0.000000,,stale_depth
139,6.950000000,16,0,,,,,,,,,0.000000,,stale_depth
139,6.950000000,17,0,,,,,,,,,0.000000,,stale_depth
139,6.950000000,18,0,,,,,,,,,0.000000,,stale_depth
139,6.950000000,19,0,,,,,,,,,0.000000,,stale_depth
139,6.950000000,20,0,,,,,,,,,0.000000,,stale_depth
139,6.950000000,21,0,,,,,,,,,0.000000,,stale_depth
139,6.950000000,22,0,,,,,,,,,0.000000,,stale_depth
139,6.950000000,23,0,,,,,,,,,0.000000,,stale_depth
139,6.950000000,24,0,,,,,,,,,0.000000,,stale_depth
140,7.000000000,0,0,,,,,,,,,0.000000,,stale_depth
140,7.000000000,1,0,,,,,,,,,0.000000,,stale_depth
140,7.000000000,2,0,,,,,,,,,0.000000,,stale_depth
140,7.000000000,3,0,,,,,,,,,0.000000,,stale_depth
140,7.000000000,4,0,,,,,,,,,0.000000,,stale_depth
140,7.000000000,5,0,,,,,,,,,0.000000,,stale_depth
140,7.000000000,6,0,,,,,,,,,0.000000,,stale_depth
140,7.000000000,7,0,,,,,,,,,0.000000,,stale_depth
140,7.000000000,8,0,,,,,,,,,0.000000,,stale_depth
140,7.000000000,9,0,,,,,,,,,0.000000,,stale_depth
140,7.000000000,10,0,,,,,,,,,0.000000,,stale_depth
140,7.000000000,11,0,,,,,,,,,0.000000,,stale_depth
140,7.000000000,12,0,,,,,,,,,0.000000,,stale_depth
140,7.000000000,13,0,,,,,,,,,0.000000,,stale_depth
140,7.000000000,14,0,,,,,,,,,0.000000,,stale_depth
140,7.000000000,15,0,,,,,,,,,0.000000,,stale_depth
140,7.000000000,16,0,,,,,,,,,0.000000,,stale_depth
140,7.000000000,17,0,,,,,,,,,0.000000,,stale_depth
140,7.000000000,18,0,,,,,,,,,0.000000,,stale_depth
140,7.000000000,19,0,,,,,,,,,0.000000,,stale_depth
140,7.000000000,20,0,,,,,,,,,0.000000,,stale_depth
140,7.000000000,21,0,,,,,,,,,0.000000,,stale_depth
140,7.000000000,22,0,,,,,,,,,0.000000,,stale_depth
140,7.000000000,23,0,,,,,,,,,0.000000,,stale_depth
140,7.000000000,24,0,,,,,,,,,0.000000,,stale_depth
141,7.050000000,0,0,,,,,,,,,0.000000,,stale_depth
141,7.050000000,1,0,,,,,,,,,0.000000,,stale_depth
141,7.050000000,2,0,,,,,,,,,0.000000,,stale_depth
141,7.050000000,3,0,,,,,,,,,0.000000,,stale_depth
141,7.050000000,4,0,,,,,,,,,0.000000,,stale_depth
141,7.050000000,5,0,,,,,,,,,0.000000,,stale_depth
141,7.050000000,6,0,,,,,,,,,0.000000,,stale_depth
141,7.050000000,7,0,,,,,,,,,0.000000,,stale_depth
141,7.050000000,8,0,,,,,,,,,0.000000,,stale_depth
141,7.050000000,9,0,,,,,,,,,0.000000,,stale_depth
141,7.050000000,10,0,,,,,,,,,0.000000,,stale_depth
141,7.050000000,11,0,,,,,,,,,0.000000,,stale_depth
141,7.050000000,12,0,,,,,,,,,0.000000,,stale_depth
141,7.050000000,13,0,,,,,,,,,0.000000,,stale_depth
141,7.050000000,14,0,,,,,,,,,0.000000,,stale_depth
141,7.050000000,15,0,,,,,,,,,0.000000,,stale_depth
141,7.050000000,16,0,,,,,,,,,0.000000,,stale_depth
141,7.050000000,17,0,,,,,,,,,0.000000,,stale_depth
141,7.050000000,18,0,,,,,,,,,0.000000,,stale_depth
141,7.050000000,19,0,,,,,,,,,0.000000,,stale_depth
141,7.050000000,20,0,,,,,,,,,0.000000,,stale_depth
141,7.050000000,21,0,,,,,,,,,0.000000,,stale_depth
141,7.050000000,22,0,,,,,,,,,0.000000,,stale_depth
141,7.050000000,23,0,,,,,,,,,0.000000,,stale_depth
141,7.050000000,24,0,,,,,,,,,0.000000,,stale_depth
142,7.100000000,0,0,,,,,,,,,0.000000,,stale_depth
142,7.100000000,1,0,,,,,,,,,0.000000,,stale_depth
142,7.100000000,2,0,,,,,,,,,0.000000,,stale_depth
142,7.100000000,3,0,,,,,,,,,0.000000,,stale_depth
142,7.100000000,4,0,,,,,,,,,0.000000,,stale_depth
142,7.100000000,5,0,,,,,,,,,0.000000,,stale_depth
142,7.100000000,6,0,,,,,,,,,0.000000,,stale_depth
142,7.100000000,7,0,,,,,,,,,0.000000,,stale_depth
142,7.100000000,8,0,,,,,,,,,0.000000,,stale_depth
142,7.100000000,9,0,,,,,,,,,0.000000,,stale_depth
142,7.100000000,10,0,,,,,,,,,0.000000,,stale_depth
142,7.100000000,11,0,,,,,,,,,0.000000,,stale_depth
142,7.100000000,12,0,,,,,,,,,0.000000,,stale_depth
142,7.100000000,13,0,,,,,,,,,0.000000,,stale_depth
142,7.100000000,14,0,,,,,,,,,0.000000,,stale_depth
142,7.100000000,15,0,,,,,,,,,0.000000,,stale_depth
142,7.100000000,16,0,,,,,,,,,0.000000,,stale_depth
142,7.100000000,17,0,,,,,,,,,0.000000,,stale_depth
142,7.100000000,18,0,,,,,,,,,0.000000,,stale_depth
142,7.100000000,19,0,,,,,,,,,0.000000,,stale_depth
142,7.100000000,20,0,,,,,,,,,0.000000,,stale_depth
142,7.100000000,21,0,,,,,,,,,0.000000,,stale_depth
142,7.100000000,22,0,,,,,,,,,0.000000,,stale_depth
142,7.100000000,23,0,,,,,,,,,0.000000,,stale_depth
142,7.100000000,24,0,,,,,,,,,0.000000,,stale_depth
143,7.150000000,0,0,,,,,,,,,0.000000,,stale_depth
143,7.150000000,1,0,,,,,,,,,0.000000,,stale_depth
143,7.150000000,2,0,,,,,,,,,0.000000,,stale_depth
143,7.150000000,3,0,,,,,,,,,0.000000,,stale_depth
143,7.150000000,4,0,,,,,,,,,0.000000,,stale_depth
143,7.150000000,5,0,,,,,,,,,0.000000,,stale_depth
143,7.150000000,6,0,,,,,,,,,0.000000,,stale_depth
143,7.150000000,7,0,,,,,,,,,0.000000,,stale_depth
143,7.150000000,8,0,,,,,,,,,0.000000,,stale_depth
143,7.150000000,9,0,,,,,,,,,0.000000,,stale_depth
143,7.150000000,10,0,,,,,,,,,0.000000,,stale_depth
143,7.150000000,11,0,,,,,,,,,0.000000,,stale_depth
143,7.150000000,12,0,,,,,,,,,0.000000,,stale_depth
143,7.150000000,13,0,,,,,,,,,0.000000,,stale_depth
143,7.150000000,14,0,,,,,,,,,0.000000,,stale_depth
143,7.150000000,15,0,,,,,,,,,0.000000,,stale_depth
143,7.150000000,16,0,,,,,,,,,0.000000,,stale_depth
143,7.150000000,17,0,,,,,,,,,0.000000,,stale_depth
143,7.150000000,18,0,,,,,,,,,0.000000,,stale_depth
143,7.150000000,19,0,,,,,,,,,0.000000,,stale_depth
143,7.150000000,20,0,,,,,,,,,0.000000,,stale_depth
143,7.150000000,21,0,,,,,,,,,0.000000,,stale_depth
143,7.150000000,22,0,,,,,,,,,0.000000,,stale_depth
143,7.150000000,23,0,,,,,,,,,0.000000,,stale_depth
143,7.150000000,24,0,,,,,,,,,0.000000,,stale_depth
144,7.200000000,0,0,,,,,,,,,0.000000,,stale_depth
144,7.200000000,1,0,,,,,,,,,0.000000,,stale_depth
144,7.200000000,2,0,,,,,,,,,0.000000,,stale_depth
144,7.200000000,3,0,,,,,,,,,0.000000,,stale_depth
144,7.200000000,4,0,,,,,,,,,0.000000,,stale_depth
144,7.200000000,5,0,,,,,,,,,0.000000,,stale_depth
144,7.200000000,6,0,,,,,,,,,0.000000,,stale_depth
144,7.200000000,7,0,,,,,,,,,0.000000,,stale_depth
144,7.200000000,8,0,,,,,,,,,0.000000,,stale_depth
144,7.200000000,9,0,,,,,,,,,0.000000,,stale_depth
144,7.200000000,10,0,,,,,,,,,0.000000,,stale_depth
144,7.200000000,11,0,,,,,,,,,0.000000,,stale_depth
144,7.200000000,12,0,,,,,,,,,0.000000,,stale_depth
144,7.200000000,13,0,,,,,,,,,0.000000,,stale_depth
144,7.200000000,14,0,,,,,,,,,0.000000,,stale_depth
144,7.200000000,15,0,,,,,,,,,0.000000,,stale_depth
144,7.200000000,16,0,,,,,,,,,0.000000,,stale_depth
144,7.200000000,17,0,,,,,,,,,0.000000,,stale_depth
144,7.200000000,18,0,,,,,,,,,0.000000,,stale_depth
144,7.200000000,19,0,,,,,,,,,0.000000,,stale_depth
144,7.200000000,20,0,,,,,,,,,0.000000,,stale_depth
144,7.200000000,21,0,,,,,,,,,0.000000,,stale_depth
144,7.200000000,22,0,,,,,,,,,0.000000,,stale_depth
144,7.200000000,23,0,,,,,,,,,0.000000,,stale_depth
144,7.200000000,24,0,,,,,,,,,0.000000,,stale_depth
145,7.250000000,0,0,,,,,,,,,0.000000,,stale_depth
145,7.250000000,1,0,,,,,,,,,0.000000,,stale_depth
145,7.250000000,2,0,,,,,,,,,0.000000,,stale_depth
145,7.250000000,3,0,,,,,,,,,0.000000,,stale_depth
145,7.250000000,4,0,,,,,,,,,0.000000,,stale_depth
145,7.250000000,5,0,,,,,,,,,0.000000,,stale_depth
145,7.250000000,6,0,,,,,,,,,0.000000,,stale_depth
145,7.250000000,7,0,,,,,,,,,0.000000,,stale_depth
145,7.250000000,8,0,,,,,,,,,0.000000,,stale_depth
145,7.250000000,9,0,,,,,,,,,0.000000,,stale_depth
145,7.250000000,10,0,,,,,,,,,0.000000,,stale_depth
145,7.250000000,11,0,,,,,,,,,0.000000,,stale_depth
145,7.250000000,12,0,,,,,,,,,0.000000,,stale_depth
145,7.250000000,13,0,,,,,,,,,0.000000,,stale_depth
145,7.250000000,14,0,,,,,,,,,0.000000,,stale_depth
145,7.250000000,15,0,,,,,,,,,0.000000,,stale_depth
145,7.250000000,16,0,,,,,,,,,0.000000,,stale_depth
145,7.250000000,17,0,,,,,,,,,0.000000,,stale_depth
145,7.250000000,18,0,,,,,,,,,0.000000,,stale_depth
145,7.250000000,19,0,,,,,,,,,0.000000,,stale_depth
145,7.250000000,20,0,,,,,,,,,0.000000,,stale_depth
145,7.250000000,21,0,,,,,,,,,0.000000,,stale_depth
145,7.250000000,22,0,,,,,,,,,0.000000,,stale_depth
145,7.250000000,23,0,,,,,,,,,0.000000,,stale_depth
145,7.250000000,24,0,,,,,,,,,0.000000,,stale_depth
146,7.300000000,0,0,,,,,,,,,0.000000,,stale_depth
146,7.300000000,1,0,,,,,,,,,0.000000,,stale_depth
146,7.300000000,2,0,,,,,,,,,0.000000,,stale_depth
146,7.300000000,3,0,,,,,,,,,0.000000,,stale_depth
146,7.300000000,4,0,,,,,,,,,0.000000,,stale_depth
146,7.300000000,5,0,,,,,,,,,0.000000,,stale_depth
146,7.300000000,6,0,,,,,,,,,0.000000,,stale_depth
146,7.300000000,7,0,,,,,,,,,0.000000,,stale_depth
146,7.300000000,8,0,,,,,,,,,0.000000,,stale_depth
146,7.300000000,9,0,,,,,,,,,0.000000,,stale_depth
146,7.300000000,10,0,,,,,,,,,0.000000,,stale_depth
146,7.300000000,11,0,,,,,,,,,0.000000,,stale_depth
146,7.300000000,12,0,,,,,,,,,0.000000,,stale_depth
146,7.300000000,13,0,,,,,,,,,0.000000,,stale_depth
146,7.300000000,14,0,,,,,,,,,0.000000,,stale_depth
146,7.300000000,15,0,,,,,,,,,0.000000,,stale_depth
146,7.300000000,16,0,,,,,,,,,0.000000,,stale_depth
146,7.300000000,17,0,,,,,,,,,0.000000,,stale_depth
146,7.300000000,18,0,,,,,,,,,0.000000,,stale_depth
146,7.300000000,19,0,,,,,,,,,0.000000,,stale_depth
146,7.300000000,20,0,,,,,,,,,0.000000,,stale_depth
146,7.300000000,21,0,,,,,,,,,0.000000,,stale_depth
146,7.300000000,22,0,,,,,,,,,0.000000,,stale_depth
146,7.300000000,23,0,,,,,,,,,0.000000,,stale_depth
146,7.300000000,24,0,,,,,,,,,0.000000,,stale_depth
147,7.350000000,0,0,,,,,,,,,0.000000,,stale_depth
147,7.350000000,1,0,,,,,,,,,0.000000,,stale_depth
147,7.350000000,2,0,,,,,,,,,0.000000,,stale_depth
147,7.350000000,3,0,,,,,,,,,0.000000,,stale_depth
147,7.350000000,4,0,,,,,,,,,0.000000,,stale_depth
147,7.350000000,5,0,,,,,,,,,0.000000,,stale_depth
147,7.350000000,6,0,,,,,,,,,0.000000,,stale_depth
147,7.350000000,7,0,,,,,,,,,0.000000,,stale_depth
147,7.350000000,8,0,,,,,,,,,0.000000,,stale_depth
147,7.350000000,9,0,,,,,,,,,0.000000,,stale_depth
147,7.350000000,10,0,,,,,,,,,0.000000,,stale_depth
147,7.350000000,11,0,,,,,,,,,0.000000,,stale_depth
147,7.350000000,12,0,,,,,,,,,0.000000,,stale_depth
147,7.350000000,13,0,,,,,,,,,0.000000,,stale_depth
147,7.350000000,14,0,,,,,,,,,0.000000,,stale_depth
147,7.350000000,15,0,,,,,,,,,0.000000,,stale_depth
147,7.350000000,16,0,,,,,,,,,0.000000,,stale_depth
147,7.350000000,17,0,,,,,,,,,0.000000,,stale_depth
147,7.350000000,18,0,,,,,,,,,0.000000,,stale_depth
147,7.350000000,19,0,,,,,,,,,0.000000,,stale_depth
147,7.350000000,20,0,,,,,,,,,0.000000,,stale_depth
147,7.350000000,21,0,,,,,,,,,0.000000,,stale_depth
147,7.350000000,22,0,,,,,,,,,0.000000,,stale_depth
147,7.350000000,23,0,,,,,,,,,0.000000,,stale_depth
147,7.350000000,24,0,,,,,,,,,0.000000,,stale_depth
148,7.400000000,0,0,,,,,,,,,0.000000,,stale_depth
148,7.400000000,1,0,,,,,,,,,0.000000,,stale_depth
148,7.400000000,2,0,,,,,,,,,0.000000,,stale_depth
148,7.400000000,3,0,,,,,,,,,0.000000,,stale_depth
148,7.400000000,4,0,,,,,,,,,0.000000,,stale_depth
148,7.400000000,5,0,,,,,,,,,0.000000,,stale_depth
148,7.400000000,6,0,,,,,,,,,0.000000,,stale_depth
148,7.400000000,7,0,,,,,,,,,0.000000,,stale_depth
148,7.400000000,8,0,,,,,,,,,0.000000,,stale_depth
148,7.400000000,9,0,,,,,,,,,0.000000,,stale_depth
148,7.400000000,10,0,,,,,,,,,0.000000,,stale_depth
148,7.400000000,11,0,,,,,,,,,0.000000,,stale_depth
148,7.400000000,12,0,,,,,,,,,0.000000,,stale_depth
148,7.400000000,13,0,,,,,,,,,0.000000,,stale_depth
148,7.400000000,14,0,,,,,,,,,0.000000,,stale_depth
148,7.400000000,15,0,,,,,,,,,0.000000,,stale_depth
148,7.400000000,16,0,,,,,,,,,0.000000,,stale_depth
148,7.400000000,17,0,,,,,,,,,0.000000,,stale_depth
148,7.400000000,18,0,,,,,,,,,0.000000,,stale_depth
148,7.400000000,19,0,,,,,,,,,0.000000,,stale_depth
148,7.400000000,20,0,,,,,,,,,0.000000,,stale_depth
148,7.400000000,21,0,,,,,,,,,0.000000,,stale_depth
148,7.400000000,22,0,,,,,,,,,0.000000,,stale_depth
148,7.400000000,23,0,,,,,,,,,0.000000,,stale_depth
148,7.400000000,24,0,,,,,,,,,0.000000,,stale_depth
149,7.450000000,0,0,,,,,,,,,0.000000,,stale_depth
149,7.450000000,1,0,,,,,,,,,0.000000,,stale_depth
149,7.450000000,2,0,,,,,,,,,0.000000,,stale_depth
149,7.450000000,3,0,,,,,,,,,0.000000,,stale_depth
149,7.450000000,4,0,,,,,,,,,0.000000,,stale_depth
149,7.450000000,5,0,,,,,,,,,0.000000,,stale_depth
149,7.450000000,6,0,,,,,,,,,0.000000,,stale_depth
149,7.450000000,7,0,,,,,,,,,0.000000,,stale_depth
149,7.450000000,8,0,,,,,,,,,0.000000,,stale_depth
149,7.450000000,9,0,,,,,,,,,0.000000,,stale_depth
149,7.450000000,10,0,,,,,,,,,0.000000,,stale_depth
149,7.450000000,11,0,,,,,,,,,0.000000,,stale_depth
149,7.450000000,12,0,,,,,,,,,0.000000,,stale_depth
149,7.450000000,13,0,,,,,,,,,0.000000,,stale_depth
149,7.450000000,14,0,,,,,,,,,0.000000,,stale_depth
149,7.450000000,15,0,,,,,,,,,0.000000,,stale_depth
149,7.450000000,16,0,,,,,,,,,0.000000,,stale_depth
149,7.450000000,17,0,,,,,,,,,0.000000,,stale_depth
149,7.450000000,18,0,,,,,,,,,0.000000,,stale_depth
149,7.450000000,19,0,,,,,,,,,0.000000,,stale_depth
149,7.450000000,20,0,,,,,,,,,0.000000,,stale_depth
149,7.450000000,21,0,,,,,,,,,0.000000,,stale_depth
149,7.450000000,22,0,,,,,,,,,0.000000,,stale_depth
149,7.450000000,23,0,,,,,,,,,0.000000,,stale_depth
149,7.450000000,24,0,,,,,,,,,0.000000,,stale_depth
150,7.500000000,0,0,,,,,,,,,0.000000,,stale_depth
150,7.500000000,1,0,,,,,,,,,0.000000,,stale_depth
150,7.500000000,2,0,,,,,,,,,0.000000,,stale_depth
150,7.500000000,3,0,,,,,,,,,0.000000,,stale_depth
150,7.500000000,4,0,,,,,,,,,0.000000,,stale_depth
150,7.500000000,5,0,,,,,,,,,0.000000,,stale_depth
150,7.500000000,6,0,,,,,,,,,0.000000,,stale_depth
150,7.500000000,7,0,,,,,,,,,0.000000,,stale_depth
150,7.500000000,8,0,,,,,,,,,0.000000,,stale_depth
150,7.500000000,9,0,,,,,,,,,0.000000,,stale_depth
150,7.500000000,10,0,,,,,,,,,0.000000,,stale_depth
150,7.500000000,11,0,,,,,,,,,0.000000,,stale_depth
150,7.500000000,12,0,,,,,,,,,0.000000,,stale_depth
150,7.500000000,13,0,,,,,,,,,0.000000,,stale_depth
150,7.500000000,14,0,,,,,,,,,0.000000,,stale_depth
150,7.500000000,15,0,,,,,,,,,0.000000,,stale_depth
150,7.500000000,16,0,,,,,,,,,0.000000,,stale_depth
150,7.500000000,17,0,,,,,,,,,0.000000,,stale_depth
150,7.500000000,18,0,,,,,,,,,0.000000,,stale_depth
150,7.500000000,19,0,,,,,,,,,0.000000,,stale_depth
150,7.500000000,20,0,,,,,,,,,0.000000,,stale_depth
150,7.500000000,21,0,,,,,,,,,0.000000,,stale_depth
150,7.500000000,22,0,,,,,,,,,0.000000,,stale_depth
150,7.500000000,23,0,,,,,,,,,0.000000,,stale_depth
150,7.500000000,24,0,,,,,,,,,0.000000,,stale_depth
151,7.550000000,0,0,,,,,,,,,0.000000,,stale_depth
151,7.550000000,1,0,,,,,,,,,0.000000,,stale_depth
151,7.550000000,2,0,,,,,,,,,0.000000,,stale_depth
151,7.550000000,3,0,,,,,,,,,0.000000,,stale_depth
151,7.550000000,4,0,,,,,,,,,0.000000,,stale_depth
151,7.550000000,5,0,,,,,,,,,0.000000,,stale_depth
151,7.550000000,6,0,,,,,,,,,0.000000,,stale_depth
151,7.550000000,7,0,,,,,,,,,0.000000,,stale_depth
151,7.550000000,8,0,,,,,,,,,0.000000,,stale_depth
151,7.550000000,9,0,,,,,,,,,0.000000,,stale_depth
151,7.550000000,10,0,,,,,,,,,0.000000,,stale_depth
151,7.550000000,11,0,,,,,,,,,0.000000,,stale_depth
151,7.550000000,12,0,,,,,,,,,0.000000,,stale_depth
151,7.550000000,13,0,,,,,,,,,0.000000,,stale_depth
151,7.550000000,14,0,,,,,,,,,0.000000,,stale_depth
151,7.550000000,15,0,,,,,,,,,0.000000,,stale_depth
151,7.550000000,16,0,,,,,,,,,0.000000,,stale_depth
151,7.550000000,17,0,,,,,,,,,0.000000,,stale_depth
151,7.550000000,18,0,,,,,,,,,0.000000,,stale_depth
151,7.550000000,19,0,,,,,,,,,0.000000,,stale_depth
151,7.550000000,20,0,,,,,,,,,0.000000,,stale_depth
151,7.550000000,21,0,,,,,,,,,0.000000,,stale_depth
151,7.550000000,22,0,,,,,,,,,0.000000,,stale_depth
151,7.550000000,23,0,,,,,,,,,0.000000,,stale_depth
151,7.550000000,24,0,,,,,,,,,0.000000,,stale_depth
152,7.600000000,0,0,,,,,,,,,0.000000,,stale_depth
152,7.600000000,1,0,,,,,,,,,0.000000,,stale_depth
152,7.600000000,2,0,,,,,,,,,0.000000,,stale_depth
152,7.600000000,3,0,,,,,,,,,0.000000,,stale_depth
152,7.600000000,4,0,,,,,,,,,0.000000,,stale_depth
152,7.600000000,5,0,,,,,,,,,0.000000,,stale_depth
152,7.600000000,6,0,,,,,,,,,0.000000,,stale_depth
152,7.600000000,7,0,,,,,,,,,0.000000,,stale_depth
152,7.600000000,8,0,,,,,,,,,0.000000,,stale_depth
152,7.600000000,9,0,,,,,,,,,0.000000,,stale_depth
152,7.600000000,10,0,,,,,,,,,0.000000,,stale_depth
152,7.600000000,11,0,,,,,,,,,0.000000,,stale_depth
152,7.600000000,12,0,,,,,,,,,0.000000,,stale_depth
152,7.600000000,13,0,,,,,,,,,0.000000,,stale_depth
152,7.600000000,14,0,,,,,,,,,0.000000,,stale_depth
152,7.600000000,15,0,,,,,,,,,0.000000,,stale_depth
152,7.600000000,16,0,,,,,,,,,0.000000,,stale_depth
152,7.600000000,17,0,,,,,,,,,0.000000,,stale_depth
152,7.600000000,18,0,,,,,,,,,0.000000,,stale_depth
152,7.600000000,19,0,,,,,,,,,0.000000,,stale_depth
152,7.600000000,20,0,,,,,,,,,0.000000,,stale_depth
152,7.600000000,21,0,,,,,,,,,0.000000,,stale_depth
152,7.600000000,22,0,,,,,,,,,0.000000,,stale_depth
152,7.600000000,23,0,,,,,,,,,0.000000,,stale_depth
152,7.600000000,24,0,,,,,,,,,0.000000,,stale_depth
153,7.650000000,0,0,,,,,,,,,0.000000,,stale_depth
153,7.650000000,1,0,,,,,,,,,0.000000,,stale_depth
153,7.650000000,2,0,,,,,,,,,0.000000,,stale_depth
153,7.650000000,3,0,,,,,,,,,0.000000,,stale_depth
153,7.650000000,4,0,,,,,,,,,0.000000,,stale_depth
153,7.650000000,5,0,,,,,,,,,0.000000,,stale_depth
153,7.650000000,6,0,,,,,,,,,0.000000,,stale_depth
153,7.650000000,7,0,,,,,,,,,0.000000,,stale_depth
153,7.650000000,8,0,,,,,,,,,0.000000,,stale_depth
153,7.650000000,9,0,,,,,,,,,0.000000,,stale_depth
153,7.650000000,10,0,,,,,,,,,0.000000,,stale_depth
153,7.650000000,11,0,,,,,,,,,0.000000,,stale_depth
153,7.650000000,12,0,,,,,,,,,0.000000,,stale_depth
153,7.650000000,13,0,,,,,,,,,0.000000,,stale_depth
153,7.650000000,14,0,,,,,,,,,0.000000,,stale_depth
153,7.650000000,15,0,,,,,,,,,0.000000,,stale_depth
153,7.650000000,16,0,,,,,,,,,0.000000,,stale_depth
153,7.650000000,17,0,,,,,,,,,0.000000,,stale_depth
153,7.650000000,18,0,,,,,,,,,0.000000,,stale_depth
153,7.650000000,19,0,,,,,,,,,0.000000,,stale_depth
153,7.650000000,20,0,,,,,,,,,0.000000,,stale_depth
153,7.650000000,21,0,,,,,,,,,0.000000,,stale_depth
153,7.650000000,22,0,,,,,,,,,0.000000,,stale_depth
153,7.650000000,23,0,,,,,,,,,0.000000,,stale_depth
153,7.650000000,24,0,,,,,,,,,0.000000,,stale_depth
154,7.700000000,0,0,,,,,,,,,0.000000,,stale_depth
154,7.700000000,1,0,,,,,,,,,0.000000,,stale_depth
154,7.700000000,2,0,,,,,,,,,0.000000,,stale_depth
154,7.700000000,3,0,,,,,,,,,0.000000,,stale_depth
154,7.700000000,4,0,,,,,,,,,0.000000,,stale_depth
154,7.700000000,5,0,,,,,,,,,0.000000,,stale_depth
154,7.700000000,6,0,,,,,,,,,0.000000,,stale_depth
154,7.700000000,7,0,,,,,,,,,0.000000,,stale_depth
154,7.700000000,8,0,,,,,,,,,0.000000,,stale_depth
154,7.700000000,9,0,,,,,,,,,0.000000,,stale_depth
154,7.700000000,10,0,,,,,,,,,0.000000,,stale_depth
154,7.700000000,11,0,,,,,,,,,0.000000,,stale_depth
154,7.700000000,12,0,,,,,,,,,0.000000,,stale_depth
154,7.700000000,13,0,,,,,,,,,0.000000,,stale_depth
154,7.700000000,14,0,,,,,,,,,0.000000,,stale_depth
154,7.700000000,15,0,,,,,,,,,0.000000,,stale_depth
154,7.700000000,16,0,,,,,,,,,0.000000,,stale_depth
154,7.700000000,17,0,,,,,,,,,0.000000,,stale_depth
154,7.700000000,18,0,,,,,,,,,0.000000,,stale_depth
154,7.700000000,19,0,,,,,,,,,0.000000,,stale_depth
154,7.700000000,20,0,,,,,,,,,0.000000,,stale_depth
154,7.700000000,21,0,,,,,,,,,0.000000,,stale_depth
154,7.700000000,22,0,,,,,,,,,0.000000,,stale_depth
154,7.700000000,23,0,,,,,,,,,0.000000,,stale_depth
154,7.700000000,24,0,,,,,,,,,0.000000,,stale_depth
155,7.750000000,0,0,,,,,,,,,0.000000,,stale_depth
155,7.750000000,1,0,,,,,,,,,0.000000,,stale_depth
155,7.750000000,2,0,,,,,,,,,0.000000,,stale_depth
155,7.750000000,3,0,,,,,,,,,0.000000,,stale_depth
155,7.750000000,4,0,,,,,,,,,0.000000,,stale_depth
155,7.750000000,5,0,,,,,,,,,0.000000,,stale_depth
155,7.750000000,6,0,,,,,,,,,0.000000,,stale_depth
155,7.750000000,7,0,,,,,,,,,0.000000,,stale_depth
155,7.750000000,8,0,,,,,,,,,0.000000,,stale_depth
155,7.750000000,9,0,,,,,,,,,0.000000,,stale_depth
155,7.750000000,10,0,,,,,,,,,0.000000,,stale_depth
155,7.750000000,11,0,,,,,,,,,0.000000,,stale_depth
155,7.750000000,12,0,,,,,,,,,0.000000,,stale_depth
155,7.750000000,13,0,,,,,,,,,0.000000,,stale_depth
155,7.750000000,14,0,,,,,,,,,0.000000,,stale_depth
155,7.750000000,15,0,,,,,,,,,0.000000,,stale_depth
155,7.750000000,16,0,,,,,,,,,0.000000,,stale_depth
155,7.750000000,17,0,,,,,,,,,0.000000,,stale_depth
155,7.750000000,18,0,,,,,,,,,0.000000,,stale_depth
155,7.750000000,19,0,,,,,,,,,0.000000,,stale_depth
155,7.750000000,20,0,,,,,,,,,0.000000,,stale_depth
155,7.750000000,21,0,,,,,,,,,0.000000,,stale_depth
155,7.750000000,22,0,,,,,,,,,0.000000,,stale_depth
155,7.750000000,23,0,,,,,,,,,0.000000,,stale_depth
155,7.750000000,24,0,,,,,,,,,0.000000,,stale_depth
156,7.800000000,0,0,,,,,,,,,0.000000,,stale_depth
156,7.800000000,1,0,,,,,,,,,0.000000,,stale_depth
156,7.800000000,2,0,,,,,,,,,0.000000,,stale_depth
156,7.800000000,3,0,,,,,,,,,0.000000,,stale_depth
156,7.800000000,4,0,,,,,,,,,0.000000,,stale_depth
156,7.800000000,5,0,,,,,,,,,0.000000,,stale_depth
156,7.800000000,6,0,,,,,,,,,0.000000,,stale_depth
156,7.800000000,7,0,,,,,,,,,0.000000,,stale_depth
156,7.800000000,8,0,,,,,,,,,0.000000,,stale_depth
156,7.800000000,9,0,,,,,,,,,0.000000,,stale_depth
156,7.800000000,10,0,,,,,,,,,0.000000,,stale_depth
156,7.800000000,11,0,,,,,,,,,0.000000,,stale_depth
156,7.800000000,12,0,,,,,,,,,0.000000,,stale_depth
156,7.800000000,13,0,,,,,,,,,0.000000,,stale_depth
156,7.800000000,14,0,,,,,,,,,0.000000,,stale_depth
156,7.800000000,15,0,,,,,,,,,0.000000,,stale_depth
156,7.800000000,16,0,,,,,,,,,0.000000,,stale_depth
156,7.800000000,17,0,,,,,,,,,0.000000,,stale_depth
156,7.800000000,18,0,,,,,,,,,0.000000,,stale_depth
156,7.800000000,19,0,,,,,,,,,0.000000,,stale_depth
156,7.800000000,20,0,,,,,,,,,0.000000,,stale_depth
156,7.800000000,21,0,,,,,,,,,0.000000,,stale_depth
156,7.800000000,22,0,,,,,,,,,0.000000,,stale_depth
156,7.800000000,23,0,,,,,,,,,0.000000,,stale_depth
156,7.800000000,24,0,,,,,,,,,0.000000,,stale_depth
157,7.850000000,0,0,,,,,,,,,0.000000,,stale_depth
157,7.850000000,1,0,,,,,,,,,0.000000,,stale_depth
157,7.850000000,2,0,,,,,,,,,0.000000,,stale_depth
157,7.850000000,3,0,,,,,,,,,0.000000,,stale_depth
157,7.850000000,4,0,,,,,,,,,0.000000,,stale_depth
157,7.850000000,5,0,,,,,,,,,0.000000,,stale_depth
157,7.850000000,6,0,,,,,,,,,0.000000,,stale_depth
157,7.850000000,7,0,,,,,,,,,0.000000,,stale_depth
157,7.850000000,8,0,,,,,,,,,0.000000,,stale_depth
157,7.850000000,9,0,,,,,,,,,0.000000,,stale_depth
157,7.850000000,10,0,,,,,,,,,0.000000,,stale_depth
157,7.850000000,11,0,,,,,,,,,0.000000,,stale_depth
157,7.850000000,12,0,,,,,,,,,0.000000,,stale_depth
157,7.850000000,13,0,,,,,,,,,0.000000,,stale_depth
157,7.850000000,14,0,,,,,,,,,0.000000,,stale_depth
157,7.850000000,15,0,,,,,,,,,0.000000,,stale_depth
157,7.850000000,16,0,,,,,,,,,0.000000,,stale_depth
157,7.850000000,17,0,,,,,,,,,0.000000,,stale_depth
157,7.850000000,18,0,,,,,,,,,0.000000,,stale_depth
157,7.850000000,19,0,,,,,,,,,0.000000,,stale_depth
157,7.850000000,20,0,,,,,,,,,0.000000,,stale_depth
157,7.850000000,21,0,,,,,,,,,0.000000,,stale_depth
157,7.850000000,22,0,,,,,,,,,0.000000,,stale_depth
157,7.850000000,23,0,,,,,,,,,0.000000,,stale_depth
157,7.850000000,24,0,,,,,,,,,0.000000,,stale_depth
158,7.900000000,0,0,,,,,,,,,0.000000,,stale_depth
158,7.900000000,1,0,,,,,,,,,0.000000,,stale_depth
158,7.900000000,2,0,,,,,,,,,0.000000,,stale_depth
158,7.900000000,3,0,,,,,,,,,0.000000,,stale_depth
158,7.900000000,4,0,,,,,,,,,0.000000,,stale_depth
158,7.900000000,5,0,,,,,,,,,0.000000,,stale_depth
158,7.900000000,6,0,,,,,,,,,0.000000,,stale_depth
158,7.900000000,7,0,,,,,,,,,0.000000,,stale_depth
158,7.900000000,8,0,,,,,,,,,0.000000,,stale_depth
158,7.900000000,9,0,,,,,,,,,0.000000,,stale_depth
158,7.900000000,10,0,,,,,,,,,0.000000,,stale_depth
158,7.900000000,11,0,,,,,,,,,0.000000,,stale_depth
158,7.900000000,12,0,,,,,,,,,0.000000,,stale_depth
158,7.900000000,13,0,,,,,,,,,0.000000,,stale_depth
158,7.900000000,14,0,,,,,,,,,0.000000,,stale_depth
158,7.900000000,15,0,,,,,,,,,0.000000,,stale_depth
158,7.900000000,16,0,,,,,,,,,0.000000,,stale_depth
158,7.900000000,17,0,,,,,,,,,0.000000,,stale_depth
158,7.900000000,18,0,,,,,,,,,0.000000,,stale_depth
158,7.900000000,19,0,,,,,,,,,0.000000,,stale_depth
158,7.900000000,20,0,,,,,,,,,0.000000,,stale_depth
158,7.900000000,21,0,,,,,,,,,0.000000,,stale_depth
158,7.900000000,22,0,,,,,,,,,0.000000,,stale_depth
158,7.900000000,23,0,,,,,,,,,0.000000,,stale_depth
158,7.900000000,24,0,,,,,,,,,0.000000,,stale_depth
159,7.950000000,0,0,,,,,,,,,0.000000,,stale_depth
159,7.950000000,1,0,,,,,,,,,0.000000,,stale_depth
159,7.950000000,2,0,,,,,,,,,0.000000,,stale_depth
159,7.950000000,3,0,,,,,,,,,0.000000,,stale_depth
159,7.950000000,4,0,,,,,,,,,0.000000,,stale_depth
159,7.950000000,5,0,,,,,,,,,0.000000,,stale_depth
159,7.950000000,6,0,,,,,,,,,0.000000,,stale_depth
159,7.950000000,7,0,,,,,,,,,0.000000,,stale_depth
159,7.950000000,8,0,,,,,,,,,0.000000,,stale_depth
159,7.950000000,9,0,,,,,,,,,0.000000,,stale_depth
159,7.950000000,10,0,,,,,,,,,0.000000,,stale_depth
159,7.950000000,11,0,,,,,,,,,0.000000,,stale_depth
159,7.950000000,12,0,,,,,,,,,0.000000,,stale_depth
159,7.950000000,13,0,,,,,,,,,0.000000,,stale_depth
159,7.950000000,14,0,,,,,,,,,0.000000,,stale_depth
159,7.950000000,15,0,,,,,,,,,0.000000,,stale_depth
159,7.950000000,16,0,,,,,,,,,0.000000,,stale_depth
159,7.950000000,17,0,,,,,,,,,0.000000,,stale_depth
159,7.950000000,18,0,,,,,,,,,0.000000,,stale_depth
159,7.950000000,19,0,,,,,,,,,0.000000,,stale_depth
159,7.950000000,20,0,,,,,,,,,0.000000,,stale_depth
159,7.950000000,21,0,,,,,,,,,0.000000,,stale_depth
159,7.950000000,22,0,,,,,,,,,0.000000,,stale_depth
159,7.950000000,23,0,,,,,,,,,0.000000,,stale_depth
159,7.950000000,24,0,,,,,,,,,0.000000,,stale_depth
