host_time,phase,cmd_x,cmd_y,cmd_z,state_x,state_y,state_z,state_yaw,state_vx,state_vy,roll,pitch,vbat,track_rx,track_depth_count,track_support,track_sigma,track_baseline,map_peak,map_active,flow_cyl_valid,flow_cyl_conf,flow_cyl_wx,flow_cyl_wy,flow_cyl_var_x,flow_cyl_var_y,aggregate_displacement,yaw_explained_ratio,depth_disagreement,group_dispersion,group_score,reject_low_motion,reject_yaw,reject_depth_disagreement,reject_dispersion,reject_no_group,obs_source,obs_active,obs_apply,obs_count,obs_eff_cx,obs_eff_cy,obs_eff_rad,obs_flow_conf,obs_clearance,obs_frz_valid,obs_frz_cx,obs_frz_cy,obs_frz_conf
1784909497.1996238,wait_flow,0.0,0.0,0.05,-0.0008395987679250538,0.005031967535614967,0.012877377681434155,-0.005070727784186602,0.004079070873558521,-0.004744747653603554,-0.4522693157196045,-0.04669833928346634,3.7794721126556396,430,0,0,0.0,0.3807142376899719,0.03338976576924324,1,0.0,0.03338976576924324,0.0,0.0,0.11799991130828857,0.11799991130828857,0.0,0.0,0.0,0.0,0.0,0,0,0,0,0,0,0,0,0,0.5,0.15000000596046448,0.699999988079071,0.0,-0.4271659851074219,0,0.0,0.0,0.0
1784909497.223864,wait_flow,0.0,0.0,0.05,-0.0008395987679250538,0.005031967535614967,0.012877377681434155,-0.005070727784186602,0.004079070873558521,-0.004744747653603554,-0.4522693157196045,-0.04669833928346634,3.7794721126556396,430,0,0,0.0,0.3807142376899719,0.03338976576924324,1,0.0,0.03338976576924324,0.0,0.0,0.11799991130828857,0.11799991130828857,0.0,0.0,0.0,0.0,0.0,0,0,0,0,0,0,0,0,0,0.5,0.15000000596046448,0.699999988079071,0.0,-0.4271659851074219,0,0.0,0.0,0.0
1784909497.247474,wait_flow,0.0,0.0,0.05,-0.0014871114399284124,0.006807098630815744,0.012206356041133404,-0.0030913040973246098,0.00033498340053483844,0.004888019058853388,-0.5308572053909302,-0.02540362998843193,3.7794721126556396,430,0,0,0.0,0.3807142376899719,0.03338976576924324,1,0.0,0.03338976576924324,0.0,0.0,0.11799991130828857,0.11799991130828857,0.0,0.0,0.0,0.0,0.0,0,0,0,0,0,0,0,0,0,0.5,0.15000000596046448,0.699999988079071,0.0,-0.42716294527053833,0,0.0,0.0,0.0
1784909497.270537,wait_flow,0.0,0.0,0.05,-0.0014871114399284124,0.006807098630815744,0.012206356041133404,-0.0030913040973246098,0.00033498340053483844,0.004888019058853388,-0.5308572053909302,-0.02540362998843193,3.7794721126556396,430,0,0,0.0,0.3807142376899719,0.03338976576924324,1,0.0,0.03338976576924324,0.0,0.0,0.11799991130828857,0.11799991130828857,0.0,0.0,0.0,0.0,0.0,0,0,0,0,0,0,0,0,0,0.5,0.15000000596046448,0.699999988079071,0.0,-0.42716294527053833,0,0.0,0.0,0.0
1784909497.290808,wait_flow,0.0,0.0,0.05,-0.0017113793874159455,0.003694251412525773,0.012100030668079853,-0.002069879323244095,-0.00018757818907033652,-0.009992698207497597,-0.4092426300048828,-0.018360452726483345,3.7847506999969482,431,0,0,0.0,0.3807142376899719,0.033356375992298126,1,0.0,0.033356375992298126,0.0,0.0,0.11799991130828857,0.11799991130828857,0.0,0.0,0.0,0.0,0.0,0,0,0,0,0,0,0,0,0,0.5,0.15000000596046448,0.699999988079071,0.0,-0.42742133140563965,0,0.0,0.0,0.0
1784909497.79307,takeoff,0.0,0.0,0.05,-0.0019465107470750809,0.0005920976400375366,0.013556425459682941,-0.014728778973221779,0.008816223591566086,0.017433051019906998,-0.7815340757369995,-0.3943554162979126,3.6369502544403076,435,0,0,0.0,0.3807142376899719,0.03322315216064453,1,0.0,0.03322315216064453,0.0,0.0,0.11799991130828857,0.11799991130828857,0.0,0.0,0.0,0.0,0.0,0,0,0,0,0,0,0,0,0,0.5,0.15000000596046448,0.699999988079071,0.0,-0.4261478781700134,0,0.0,0.0,0.0
1784909497.817315,takeoff,0.0,0.0,0.05175879396984925,-0.0019465107470750809,0.0005920976400375366,0.013556425459682941,-0.014728778973221779,0.008816223591566086,0.017433051019906998,-0.7815340757369995,-0.3943554162979126,3.6369502544403076,435,0,0,0.0,0.3807142376899719,0.03322315216064453,1,0.0,0.03322315216064453,0.0,0.0,0.11799991130828857,0.11799991130828857,0.0,0.0,0.0,0.0,0.0,0,0,0,0,0,0,0,0,0,0.5,0.15000000596046448,0.699999988079071,0.0,-0.4261478781700134,0,0.0,0.0,0.0
1784909497.838196,takeoff,0.0,0.0,0.0535175879396985,-0.0020280685275793076,0.0005450895405374467,0.011421158909797668,-0.044206056743860245,0.009390085935592651,0.020118333399295807,-0.7647221088409424,-0.357208251953125,3.6369502544403076,435,0,0,0.0,0.3807142376899719,0.03322315216064453,1,0.0,0.03322315216064453,0.0,0.0,0.11799991130828857,0.11799991130828857,0.0,0.0,0.0,0.0,0.0,0,0,0,0,0,0,0,0,0,0.5,0.15000000596046448,0.699999988079071,0.0,-0.4261478781700134,0,0.0,0.0,0.0
1784909497.861297,takeoff,0.0,0.0,0.05527638190954774,-0.0020280685275793076,0.0005450895405374467,0.011421158909797668,-0.044206056743860245,0.009390085935592651,0.020118333399295807,-0.7647221088409424,-0.357208251953125,3.6369502544403076,435,0,0,0.0,0.3807142376899719,0.03322315216064453,1,0.0,0.03322315216064453,0.0,0.0,0.11799991130828857,0.11799991130828857,0.0,0.0,0.0,0.0,0.0,0,0,0,0,0,0,0,0,0,0.5,0.15000000596046448,0.699999988079071,0.0,-0.4261975884437561,0,0.0,0.0,0.0
1784909497.885492,takeoff,0.0,0.0,0.057035175879396986,-0.0019963057711720467,0.0005884657730348408,0.012284327298402786,-0.051266759634017944,0.010000788606703281,0.022532125934958458,-0.7613105773925781,-0.3447498083114624,3.668621778488159,435,0,0,0.0,0.3807142376899719,0.03322315216064453,1,0.0,0.03322315216064453,0.0,0.0,0.11799991130828857,0.11799991130828857,0.0,0.0,0.0,0.0,0.0,0,0,0,0,0,0,0,0,0,0.5,0.15000000596046448,0.699999988079071,0.0,-0.4261975884437561,0,0.0,0.0,0.0
1784909497.909811,takeoff,0.0,0.0,0.05879396984924624,-0.0019963057711720467,0.0005884657730348408,0.012284327298402786,-0.051266759634017944,0.010000788606703281,0.022532125934958458,-0.7613105773925781,-0.3447498083114624,3.668621778488159,436,0,0,0.0,0.3807142376899719,0.03318993002176285,1,0.0,0.03318993002176285,0.0,0.0,0.11799991130828857,0.11799991130828857,0.0,0.0,0.0,0.0,0.0,0,0,0,0,0,0,0,0,0,0.5,0.15000000596046448,0.699999988079071,0.0,-0.4255727529525757,0,0.0,0.0,0.0
1784909497.930521,takeoff,0.0,0.0,0.06055276381909548,-0.0024924050085246563,-0.0007675811648368835,0.012190788052976131,-0.07249592244625092,0.010000788606703281,0.022532125934958458,-0.7613105773925781,-0.3447498083114624,3.668621778488159,436,0,0,0.0,0.3807142376899719,0.03318993002176285,1,0.0,0.03318993002176285,0.0,0.0,0.11799991130828857,0.11799991130828857,0.0,0.0,0.0,0.0,0.0,0,0,0,0,0,0,0,0,0,0.5,0.15000000596046448,0.699999988079071,0.0,-0.4255727529525757,0,0.0,0.0,0.0
1784909497.954517,takeoff,0.0,0.0,0.062311557788944726,-0.0024924050085246563,-0.0007675811648368835,0.012190788052976131,-0.07249592244625092,0.008859829045832157,0.023421358317136765,-0.7230049967765808,-0.29379773139953613,3.668621778488159,436,0,0,0.0,0.3807142376899719,0.03318993002176285,1,0.0,0.03318993002176285,0.0,0.0,0.11799991130828857,0.11799991130828857,0.0,0.0,0.0,0.0,0.0,0,0,0,0,0,0,0,0,0,0.5,0.15000000596046448,0.699999988079071,0.0,-0.42594873905181885,0,0.0,0.0,0.0
1784909497.978492,takeoff,0.0,0.0,0.06407035175879397,-0.0024924050085246563,-0.0007675811648368835,0.012190788052976131,-0.07249592244625092,0.008859829045832157,0.023421358317136765,-0.7230049967765808,-0.29379773139953613,3.668621778488159,436,0,0,0.0,0.3807142376899719,0.03318993002176285,1,0.0,0.03318993002176285,0.0,0.0,0.11799991130828857,0.11799991130828857,0.0,0.0,0.0,0.0,0.0,0,0,0,0,0,0,0,0,0,0.5,0.15000000596046448,0.699999988079071,0.0,-0.42594873905181885,0,0.0,0.0,0.0
1784909497.998743,takeoff,0.0,0.0,0.06582914572864322,-0.002277189400047064,7.743034075247124e-05,0.011958930641412735,-0.09349098801612854,0.009119672700762749,0.021622098982334137,-0.6700405478477478,-0.2821308374404907,3.6369502544403076,437,0,0,0.0,0.3807142376899719,0.03315674141049385,1,0.0,0.03315674141049385,0.0,0.0,0.11799991130828857,0.11799991130828857,0.0,0.0,0.0,0.0,0.0,0,0,0,0,0,0,0,0,0,0.5,0.15000000596046448,0.699999988079071,0.0,-0.4255678653717041,0,0.0,0.0,0.0
1784909498.019118,takeoff,0.0,0.0,0.06758793969849247,-0.002277189400047064,7.743034075247124e-05,0.011958930641412735,-0.09349098801612854,0.009119672700762749,0.021622098982334137,-0.6700405478477478,-0.2821308374404907,3.6369502544403076,437,0,0,0.0,0.3807142376899719,0.03315674141049385,1,0.0,0.03315674141049385,0.0,0.0,0.11799991130828857,0.11799991130828857,0.0,0.0,0.0,0.0,0.0,0,0,0,0,0,0,0,0,0,0.5,0.15000000596046448,0.699999988079071,0.0,-0.4255678653717041,0,0.0,0.0,0.0
1784909498.042291,takeoff,0.0,0.0,0.06934673366834171,-0.0021593321580439806,-0.0004431979905348271,0.01125339325517416,-0.17304447293281555,0.009059088304638863,0.01908394880592823,-0.6310936808586121,-0.2810017764568329,3.6369502544403076,437,0,0,0.0,0.3807142376899719,0.03315674141049385,1,0.0,0.03315674141049385,0.0,0.0,0.11799991130828857,0.11799991130828857,0.0,0.0,0.0,0.0,0.0,0,0,0,0,0,0,0,0,0,0.5,0.15000000596046448,0.699999988079071,0.0,-0.4255678653717041,0,0.0,0.0,0.0
1784909498.0663848,takeoff,0.0,0.0,0.07110552763819096,-0.0021593321580439806,-0.0004431979905348271,0.01125339325517416,-0.17304447293281555,0.009059088304638863,0.01908394880592823,-0.6310936808586121,-0.2810017764568329,3.6369502544403076,437,0,0,0.0,0.3807142376899719,0.03315674141049385,1,0.0,0.03315674141049385,0.0,0.0,0.11799991130828857,0.11799991130828857,0.0,0.0,0.0,0.0,0.0,0,0,0,0,0,0,0,0,0,0.5,0.15000000596046448,0.699999988079071,0.0,-0.4256686568260193,0,0.0,0.0,0.0
1784909498.0885289,takeoff,0.0,0.0,0.07286432160804021,-0.0021715988405048847,0.0009419649722985923,0.010614512488245964,-0.219864159822464,0.009640793316066265,0.025950424373149872,-0.6449593901634216,-0.2531842291355133,3.631671667098999,438,0,0,0.0,0.3807142376899719,0.03312358632683754,1,0.0,0.03312358632683754,0.0,0.0,0.11799991130828857,0.11799991130828857,0.0,0.0,0.0,0.0,0.0,0,0,0,0,0,0,0,0,0,0.5,0.15000000596046448,0.699999988079071,0.0,-0.42601048946380615,0,0.0,0.0,0.0
1784909498.110513,takeoff,0.0,0.0,0.07462311557788945,-0.0021715988405048847,0.0009419649722985923,0.010614512488245964,-0.219864159822464,0.009640793316066265,0.025950424373149872,-0.6449593901634216,-0.2531842291355133,3.631671667098999,438,0,0,0.0,0.3807142376899719,0.03312358632683754,1,0.0,0.03312358632683754,0.0,0.0,0.11799991130828857,0.11799991130828857,0.0,0.0,0.0,0.0,0.0,0,0,0,0,0,0,0,0,0,0.5,0.15000000596046448,0.699999988079071,0.0,-0.42601048946380615,0,0.0,0.0,0.0
1784909498.130799,takeoff,0.0,0.0,0.0763819095477387,-0.00159368512686342,0.0014817172195762396,0.010185550898313522,-0.2816937267780304,0.009640793316066265,0.025950424373149872,-0.6449593901634216,-0.2531842291355133,3.631671667098999,438,0,0,0.0,0.3807142376899719,0.03312358632683754,1,0.0,0.03312358632683754,0.0,0.0,0.11799991130828857,0.11799991130828857,0.0,0.0,0.0,0.0,0.0,0,0,0,0,0,0,0,0,0,0.5,0.15000000596046448,0.699999988079071,0.0,-0.42601048946380615,0,0.0,0.0,0.0
1784909498.151145,takeoff,0.0,0.0,0.07814070351758795,-0.00159368512686342,0.0014817172195762396,0.010185550898313522,-0.2816937267780304,0.010260055772960186,0.025027913972735405,-0.6124193668365479,-0.25073063373565674,3.631671667098999,438,0,0,0.0,0.3807142376899719,0.03312358632683754,1,0.0,0.03312358632683754,0.0,0.0,0.11799991130828857,0.11799991130828857,0.0,0.0,0.0,0.0,0.0,0,0,0,0,0,0,0,0,0,0.5,0.15000000596046448,0.699999988079071,0.0,-0.42635148763656616,0,0.0,0.0,0.0
1784909498.175136,takeoff,0.0,0.0,0.07989949748743719,-0.00159368512686342,0.0014817172195762396,0.010185550898313522,-0.2816937267780304,0.010260055772960186,0.025027913972735405,-0.6124193668365479,-0.25073063373565674,3.631671667098999,438,0,0,0.0,0.3807142376899719,0.03312358632683754,1,0.0,0.03312358632683754,0.0,0.0,0.11799991130828857,0.11799991130828857,0.0,0.0,0.0,0.0,0.0,0,0,0,0,0,0,0,0,0,0.5,0.15000000596046448,0.699999988079071,0.0,-0.42635148763656616,0,0.0,0.0,0.0
1784909498.200601,takeoff,0.0,0.0,0.08165829145728644,-0.0020063361153006554,0.0002887760638259351,0.011751223355531693,-0.31627532839775085,0.009728102013468742,0.0206912811845541,-0.5517836213111877,-0.2223852574825287,3.621114492416382,439,0,0,0.0,0.3807142376899719,0.03312358632683754,1,0.0,0.03312358632683754,0.0,0.0,0.11799991130828857,0.11799991130828857,0.0,0.0,0.0,0.0,0.0,0,0,0,0,0,0,0,0,0,0.5,0.15000000596046448,0.699999988079071,0.0,-0.4259611964225769,0,0.0,0.0,0.0
1784909498.2239108,takeoff,0.0,0.0,0.08341708542713569,-0.0020063361153006554,0.0002887760638259351,0.011751223355531693,-0.31627532839775085,0.009728102013468742,0.0206912811845541,-0.5517836213111877,-0.2223852574825287,3.621114492416382,439,0,0,0.0,0.3807142376899719,0.03312358632683754,1,0.0,0.03312358632683754,0.0,0.0,0.11799991130828857,0.11799991130828857,0.0,0.0,0.0,0.0,0.0,0,0,0,0,0,0,0,0,0,0.5,0.15000000596046448,0.699999988079071,0.0,-0.4259611964225769,0,0.0,0.0,0.0
1784909498.248045,takeoff,0.0,0.0,0.08517587939698493,-0.0017844537505879998,0.001371552119962871,0.010268786922097206,-0.35000649094581604,0.01253119483590126,0.03972257301211357,-0.6636788845062256,-0.2390478253364563,3.621114492416382,439,0,0,0.0,0.3807142376899719,0.03312358632683754,1,0.0,0.03312358632683754,0.0,0.0,0.11799991130828857,0.11799991130828857,0.0,0.0,0.0,0.0,0.0,0,0,0,0,0,0,0,0,0,0.5,0.15000000596046448,0.699999988079071,0.0,-0.42790693044662476,0,0.0,0.0,0.0
1784909498.272983,takeoff,0.0,0.0,0.08693467336683418,-0.0017844537505879998,0.001371552119962871,0.010268786922097206,-0.35000649094581604,0.01253119483590126,0.03972257301211357,-0.6636788845062256,-0.2390478253364563,3.621114492416382,439,0,0,0.0,0.3807142376899719,0.03312358632683754,1,0.0,0.03312358632683754,0.0,0.0,0.11799991130828857,0.11799991130828857,0.0,0.0,0.0,0.0,0.0,0,0,0,0,0,0,0,0,0,0.5,0.15000000596046448,0.699999988079071,0.0,-0.42790693044662476,0,0.0,0.0,0.0
1784909498.2957802,takeoff,0.0,0.0,0.08869346733668343,-0.0010345083428546786,0.004773080348968506,0.010802618227899075,-0.4001356065273285,0.012829744257032871,0.038653284311294556,-0.5956963300704956,-0.19975286722183228,3.642228841781616,439,0,0,0.0,0.3807142376899719,0.033090464770793915,1,0.0,0.033090464770793915,0.0,0.0,0.11799991130828857,0.11799991130828857,0.0,0.0,0.0,0.0,0.0,0,0,0,0,0,0,0,0,0,0.5,0.15000000596046448,0.699999988079071,0.0,-0.42773520946502686,0,0.0,0.0,0.0
1784909498.320535,takeoff,0.0,0.0,0.09045226130653267,-0.0010345083428546786,0.004773080348968506,0.010802618227899075,-0.4001356065273285,0.012829744257032871,0.038653284311294556,-0.5956963300704956,-0.19975286722183228,3.642228841781616,439,0,0,0.0,0.3807142376899719,0.033090464770793915,1,0.0,0.033090464770793915,0.0,0.0,0.11799991130828857,0.11799991130828857,0.0,0.0,0.0,0.0,0.0,0,0,0,0,0,0,0,0,0,0.5,0.15000000596046448,0.699999988079071,0.0,-0.42773520946502686,0,0.0,0.0,0.0
1784909498.343928,takeoff,0.0,0.0,0.09221105527638192,-0.0010600379901006818,-0.0010528649436309934,0.011281312443315983,-0.42271408438682556,0.011483775451779366,0.006739173084497452,-0.3351786732673645,-0.20310883224010468,3.642228841781616,439,0,0,0.0,0.3807142376899719,0.033090464770793915,1,0.0,0.033090464770793915,0.0,0.0,0.11799991130828857,0.11799991130828857,0.0,0.0,0.0,0.0,0.0,0,0,0,0,0,0,0,0,0,0.5,0.15000000596046448,0.699999988079071,0.0,-0.42773520946502686,0,0.0,0.0,0.0
1784909498.368204,takeoff,0.0,0.0,0.09396984924623117,-0.0010600379901006818,-0.0010528649436309934,0.011281312443315983,-0.42271408438682556,0.011483775451779366,0.006739173084497452,-0.3351786732673645,-0.20310883224010468,3.642228841781616,439,0,0,0.0,0.3807142376899719,0.033090464770793915,1,0.0,0.033090464770793915,0.0,0.0,0.11799991130828857,0.11799991130828857,0.0,0.0,0.0,0.0,0.0,0,0,0,0,0,0,0,0,0,0.5,0.15000000596046448,0.699999988079071,0.0,-0.427193284034729,0,0.0,0.0,0.0
1784909498.391192,takeoff,0.0,0.0,0.0957286432160804,-0.0006637402111664414,0.0012315493077039719,0.010546800680458546,-0.443779855966568,0.012311195023357868,0.01799318566918373,-0.4107687175273895,-0.21250347793102264,3.6527860164642334,440,0,0,0.0,0.3807142376899719,0.03305737301707268,1,0.0,0.03305737301707268,0.0,0.0,0.11799991130828857,0.11799991130828857,0.0,0.0,0.0,0.0,0.0,0,0,0,0,0,0,0,0,0,0.5,0.15000000596046448,0.699999988079071,0.0,-0.427534282207489,0,0.0,0.0,0.0
1784909498.414251,takeoff,0.0,0.0,0.09748743718592966,-0.0006637402111664414,0.0012315493077039719,0.010546800680458546,-0.443779855966568,0.012311195023357868,0.01799318566918373,-0.4107687175273895,-0.21250347793102264,3.6527860164642334,440,0,0,0.0,0.3807142376899719,0.03305737301707268,1,0.0,0.03305737301707268,0.0,0.0,0.11799991130828857,0.11799991130828857,0.0,0.0,0.0,0.0,0.0,0,0,0,0,0,0,0,0,0,0.5,0.15000000596046448,0.699999988079071,0.0,-0.427534282207489,0,0.0,0.0,0.0
1784909498.437238,takeoff,0.0,0.0,0.09924623115577891,-0.00019550097931642085,-0.00021159726020414382,0.010405957698822021,-0.4946519732475281,0.015665102750062943,0.01588846743106842,-0.3835219442844391,-0.27328920364379883,3.6527860164642334,440,0,0,0.0,0.3807142376899719,0.03305737301707268,1,0.0,0.03305737301707268,0.0,0.0,0.11799991130828857,0.11799991130828857,0.0,0.0,0.0,0.0,0.0,0,0,0,0,0,0,0,0,0,0.5,0.15000000596046448,0.699999988079071,0.0,-0.427534282207489,0,0.0,0.0,0.0
1784909498.4623208,takeoff,0.0,0.0,0.10100502512562815,-0.00019550097931642085,-0.00021159726020414382,0.010405957698822021,-0.4946519732475281,0.015665102750062943,0.01588846743106842,-0.3835219442844391,-0.27328920364379883,3.6527860164642334,440,0,0,0.0,0.3807142376899719,0.03305737301707268,1,0.0,0.03305737301707268,0.0,0.0,0.11799991130828857,0.11799991130828857,0.0,0.0,0.0,0.0,0.0,0,0,0,0,0,0,0,0,0,0.5,0.15000000596046448,0.699999988079071,0.0,-0.4282863736152649,0,0.0,0.0,0.0
1784909498.484332,takeoff,0.0,0.0,0.10276381909547738,-0.0011463017435744405,0.0004978354554623365,0.010345682501792908,-0.5604903101921082,0.008059274405241013,0.014657150022685528,-0.37998393177986145,-0.18586188554763794,3.6158359050750732,440,0,0,0.0,0.3807142376899719,0.03305737301707268,1,0.0,0.03305737301707268,0.0,0.0,0.11799991130828857,0.11799991130828857,0.0,0.0,0.0,0.0,0.0,0,0,0,0,0,0,0,0,0,0.5,0.15000000596046448,0.699999988079071,0.0,-0.4282863736152649,0,0.0,0.0,0.0
1784909498.508367,takeoff,0.0,0.0,0.10452261306532665,-0.0011463017435744405,0.0004978354554623365,0.010345682501792908,-0.5604903101921082,0.008059274405241013,0.014657150022685528,-0.37998393177986145,-0.18586188554763794,3.6158359050750732,441,0,0,0.0,0.3807142376899719,0.03302431479096413,1,0.0,0.03302431479096413,0.0,0.0,0.11799991130828857,0.11799991130828857,0.0,0.0,0.0,0.0,0.0,0,0,0,0,0,0,0,0,0,0.5,0.15000000596046448,0.699999988079071,0.0,-0.4269123673439026,0,0.0,0.0,0.0
1784909498.531328,takeoff,0.0,0.0,0.10628140703517588,-0.0009408100158907473,0.0008372464217245579,0.011205798014998436,-0.6389968395233154,0.008644241839647293,0.017401564866304398,-0.36492666602134705,-0.18540169298648834,3.6158359050750732,441,0,0,0.0,0.3807142376899719,0.03302431479096413,1,0.0,0.03302431479096413,0.0,0.0,0.11799991130828857,0.11799991130828857,0.0,0.0,0.0,0.0,0.0,0,0,0,0,0,0,0,0,0,0.5,0.15000000596046448,0.699999988079071,0.0,-0.4269123673439026,0,0.0,0.0,0.0
1784909498.554375,takeoff,0.0,0.0,0.10804020100502514,-0.0009408100158907473,0.0008372464217245579,0.011205798014998436,-0.6389968395233154,0.008644241839647293,0.017401564866304398,-0.36492666602134705,-0.18540169298648834,3.6158359050750732,441,0,0,0.0,0.3807142376899719,0.03302431479096413,1,0.0,0.03302431479096413,0.0,0.0,0.11799991130828857,0.11799991130828857,0.0,0.0,0.0,0.0,0.0,0,0,0,0,0,0,0,0,0,0.5,0.15000000596046448,0.699999988079071,0.0,-0.4275287985801697,0,0.0,0.0,0.0
1784909498.5766778,takeoff,0.0,0.0,0.10979899497487439,-0.0009408100158907473,0.0008372464217245579,0.011205798014998436,-0.6389968395233154,0.008644241839647293,0.017401564866304398,-0.36492666602134705,-0.18540169298648834,3.6158359050750732,441,0,0,0.0,0.3807142376899719,0.03302431479096413,1,0.0,0.03302431479096413,0.0,0.0,0.11799991130828857,0.11799991130828857,0.0,0.0,0.0,0.0,0.0,0,0,0,0,0,0,0,0,0,0.5,0.15000000596046448,0.699999988079071,0.0,-0.4275287985801697,0,0.0,0.0,0.0
1784909498.600626,takeoff,0.0,0.0,0.11155778894472362,-0.001015146030113101,0.002652000868692994,0.011947523802518845,-0.7987402677536011,0.00659009488299489,0.024080947041511536,-0.4096616804599762,-0.1307038962841034,3.6105573177337646,442,0,0,0.0,0.3807142376899719,0.03299129009246826,1,0.0,0.03299129009246826,0.0,0.0,0.11799991130828857,0.11799991130828857,0.0,0.0,0.0,0.0,0.0,0,0,0,0,0,0,0,0,0,0.5,0.15000000596046448,0.699999988079071,0.0,-0.42763763666152954,0,0.0,0.0,0.0
1784909498.622815,takeoff,0.0,0.0,0.11331658291457287,-0.001015146030113101,0.002652000868692994,0.011947523802518845,-0.7987402677536011,0.00659009488299489,0.024080947041511536,-0.4096616804599762,-0.1307038962841034,3.6105573177337646,442,0,0,0.0,0.3807142376899719,0.03299129009246826,1,0.0,0.03299129009246826,0.0,0.0,0.11799991130828857,0.11799991130828857,0.0,0.0,0.0,0.0,0.0,0,0,0,0,0,0,0,0,0,0.5,0.15000000596046448,0.699999988079071,0.0,-0.42763763666152954,0,0.0,0.0,0.0
1784909498.646713,takeoff,0.0,0.0,0.11507537688442213,-0.002538498491048813,0.005094852764159441,0.011367246508598328,-1.0939459800720215,-0.0010410052491351962,0.03336147964000702,-0.4886128306388855,-0.16860339045524597,3.6105573177337646,442,0,0,0.0,0.3807142376899719,0.03299129009246826,1,0.0,0.03299129009246826,0.0,0.0,0.11799991130828857,0.11799991130828857,0.0,0.0,0.0,0.0,0.0,0,0,0,0,0,0,0,0,0,0.5,0.15000000596046448,0.699999988079071,0.0,-0.4270538091659546,0,0.0,0.0,0.0
1784909498.671579,takeoff,0.0,0.0,0.11683417085427136,-0.002538498491048813,0.005094852764159441,0.011367246508598328,-1.0939459800720215,-0.0010410052491351962,0.03336147964000702,-0.4886128306388855,-0.16860339045524597,3.6105573177337646,442,0,0,0.0,0.3807142376899719,0.03299129009246826,1,0.0,0.03299129009246826,0.0,0.0,0.11799991130828857,0.11799991130828857,0.0,0.0,0.0,0.0,0.0,0,0,0,0,0,0,0,0,0,0.5,0.15000000596046448,0.699999988079071,0.0,-0.4270538091659546,0,0.0,0.0,0.0
1784909498.692136,takeoff,0.0,0.0,0.11859296482412061,-0.004889406729489565,0.006663602776825428,0.011832930147647858,-1.3165203332901,-0.009929307736456394,0.039709143340587616,-0.5177863836288452,-0.288725346326828,3.6105573177337646,443,0,0,0.0,0.3807142376899719,0.03295829892158508,1,0.0,0.03295829892158508,0.0,0.0,0.11799991130828857,0.11799991130828857,0.0,0.0,0.0,0.0,0.0,0,0,0,0,0,0,0,0,0,0.5,0.15000000596046448,0.699999988079071,0.0,-0.4251713156700134,0,0.0,0.0,0.0
1784909498.715144,takeoff,0.0,0.0,0.12035175879396987,-0.004889406729489565,0.006663602776825428,0.011832930147647858,-1.3165203332901,-0.009929307736456394,0.039709143340587616,-0.5177863836288452,-0.288725346326828,3.6105573177337646,443,0,0,0.0,0.3807142376899719,0.03295829892158508,1,0.0,0.03295829892158508,0.0,0.0,0.11799991130828857,0.11799991130828857,0.0,0.0,0.0,0.0,0.0,0,0,0,0,0,0,0,0,0,0.5,0.15000000596046448,0.699999988079071,0.0,-0.4251713156700134,0,0.0,0.0,0.0
1784909498.735936,takeoff,0.0,0.0,0.1221105527638191,-0.005455767270177603,0.008336203172802925,0.011683308519423008,-1.545918583869934,-0.006671135313808918,0.03503039479255676,-0.4586642384529114,-0.4067017138004303,3.6105573177337646,443,0,0,0.0,0.3807142376899719,0.03295829892158508,1,0.0,0.03295829892158508,0.0,0.0,0.11799991130828857,0.11799991130828857,0.0,0.0,0.0,0.0,0.0,0,0,0,0,0,0,0,0,0,0.5,0.15000000596046448,0.699999988079071,0.0,-0.4251713156700134,0,0.0,0.0,0.0
1784909498.757329,takeoff,0.0,0.0,0.12386934673366835,-0.005455767270177603,0.008336203172802925,0.011683308519423008,-1.545918583869934,-0.006671135313808918,0.03503039479255676,-0.4586642384529114,-0.4067017138004303,3.6105573177337646,443,0,0,0.0,0.3807142376899719,0.03295829892158508,1,0.0,0.03295829892158508,0.0,0.0,0.11799991130828857,0.11799991130828857,0.0,0.0,0.0,0.0,0.0,0,0,0,0,0,0,0,0,0,0.5,0.15000000596046448,0.699999988079071,0.0,-0.42523056268692017,0,0.0,0.0,0.0
1784909498.779347,takeoff,0.0,0.0,0.12562814070351758,-0.005455767270177603,0.008336203172802925,0.011683308519423008,-1.545918583869934,-0.006671135313808918,0.03503039479255676,-0.4586642384529114,-0.4067017138004303,3.6105573177337646,443,0,0,0.0,0.3807142376899719,0.03295829892158508,1,0.0,0.03295829892158508,0.0,0.0,0.11799991130828857,0.11799991130828857,0.0,0.0,0.0,0.0,0.0,0,0,0,0,0,0,0,0,0,0.5,0.15000000596046448,0.699999988079071,0.0,-0.42523056268692017,0,0.0,0.0,0.0
1784909498.804401,takeoff,0.0,0.0,0.12738693467336687,-0.006385654676705599,0.011395920068025589,0.011694845743477345,-1.841211199760437,-0.007447803858667612,0.04912683740258217,-0.5154849886894226,-0.8853359222412109,3.6105573177337646,443,0,0,0.0,0.3807142376899719,0.03295829892158508,1,0.0,0.03295829892158508,0.0,0.0,0.11799991130828857,0.11799991130828857,0.0,0.0,0.0,0.0,0.0,0,0,0,0,0,0,0,0,0,0.5,0.15000000596046448,0.699999988079071,0.0,-0.42560893297195435,0,0.0,0.0,0.0
1784909498.827461,takeoff,0.0,0.0,0.1291457286432161,-0.006385654676705599,0.011395920068025589,0.011694845743477345,-1.841211199760437,-0.007447803858667612,0.04912683740258217,-0.5154849886894226,-0.8853359222412109,3.6105573177337646,443,0,0,0.0,0.3807142376899719,0.03295829892158508,1,0.0,0.03295829892158508,0.0,0.0,0.11799991130828857,0.11799991130828857,0.0,0.0,0.0,0.0,0.0,0,0,0,0,0,0,0,0,0,0.5,0.15000000596046448,0.699999988079071,0.0,-0.42560893297195435,0,0.0,0.0,0.0
1784909498.85151,takeoff,0.0,0.0,0.13090452261306534,-0.007515476085245609,0.013616581447422504,0.011089377105236053,-2.2409374713897705,-0.005522212479263544,0.048962321132421494,-0.4984188377857208,-1.6542162895202637,3.6105573177337646,443,0,0,0.0,0.3807142376899719,0.03295829892158508,1,0.0,0.03295829892158508,0.0,0.0,0.11799991130828857,0.11799991130828857,0.0,0.0,0.0,0.0,0.0,0,0,0,0,0,0,0,0,0,0.5,0.15000000596046448,0.699999988079071,0.0,-0.4237743020057678,0,0.0,0.0,0.0
1784909498.874825,takeoff,0.0,0.0,0.13266331658291458,-0.007515476085245609,0.013616581447422504,0.011089377105236053,-2.2409374713897705,-0.005522212479263544,0.048962321132421494,-0.4984188377857208,-1.6542162895202637,3.6105573177337646,443,0,0,0.0,0.3807142376899719,0.03295829892158508,1,0.0,0.03295829892158508,0.0,0.0,0.11799991130828857,0.11799991130828857,0.0,0.0,0.0,0.0,0.0,0,0,0,0,0,0,0,0,0,0.5,0.15000000596046448,0.699999988079071,0.0,-0.4237743020057678,0,0.0,0.0,0.0
1784909498.895124,takeoff,0.0,0.0,0.13442211055276382,-0.007517439778894186,0.015086173079907894,0.011006762273609638,-2.424569845199585,0.017386343330144882,0.05774003639817238,-0.5225401520729065,-2.3017983436584473,3.6105573177337646,444,0,0,0.0,0.3807142376899719,0.03292534127831459,1,0.0,0.03292534127831459,0.0,0.0,0.11799991130828857,0.11799991130828857,0.0,0.0,0.0,0.0,0.0,0,0,0,0,0,0,0,0,0,0.5,0.15000000596046448,0.699999988079071,0.0,-0.4246216416358948,0,0.0,0.0,0.0
1784909498.915433,takeoff,0.0,0.0,0.13618090452261308,-0.007517439778894186,0.015086173079907894,0.011006762273609638,-2.424569845199585,0.017386343330144882,0.05774003639817238,-0.5225401520729065,-2.3017983436584473,3.6105573177337646,444,0,0,0.0,0.3807142376899719,0.03292534127831459,1,0.0,0.03292534127831459,0.0,0.0,0.11799991130828857,0.11799991130828857,0.0,0.0,0.0,0.0,0.0,0,0,0,0,0,0,0,0,0,0.5,0.15000000596046448,0.699999988079071,0.0,-0.4246216416358948,0,0.0,0.0,0.0
1784909498.938027,takeoff,0.0,0.0,0.13793969849246232,-0.004260439425706863,0.02099788188934326,0.010611358098685741,-2.585655689239502,0.04349461570382118,0.0701473280787468,-0.5901721715927124,-2.866590976715088,3.6105573177337646,444,0,0,0.0,0.3807142376899719,0.03292534127831459,1,0.0,0.03292534127831459,0.0,0.0,0.11799991130828857,0.11799991130828857,0.0,0.0,0.0,0.0,0.0,0,0,0,0,0,0,0,0,0,0.5,0.15000000596046448,0.699999988079071,0.0,-0.4246216416358948,0,0.0,0.0,0.0
1784909498.9606469,takeoff,0.0,0.0,0.13969849246231159,-0.004260439425706863,0.02099788188934326,0.010611358098685741,-2.585655689239502,0.04349461570382118,0.0701473280787468,-0.5901721715927124,-2.866590976715088,3.6105573177337646,444,0,0,0.0,0.3807142376899719,0.03292534127831459,1,0.0,0.03292534127831459,0.0,0.0,0.11799991130828857,0.11799991130828857,0.0,0.0,0.0,0.0,0.0,0,0,0,0,0,0,0,0,0,0.5,0.15000000596046448,0.699999988079071,0.0,-0.4294334650039673,0,0.0,0.0,0.0
1784909498.9854999,takeoff,0.0,0.0,0.14145728643216082,-0.001179527840577066,0.02506907284259796,0.009649816900491714,-2.6882574558258057,0.07356856763362885,0.07485760003328323,-0.63826584815979,-3.7537693977355957,3.6105573177337646,444,0,0,0.0,0.3807142376899719,0.03292534127831459,1,0.0,0.03292534127831459,0.0,0.0,0.11799991130828857,0.11799991130828857,0.0,0.0,0.0,0.0,0.0,0,0,0,0,0,0,0,0,0,0.5,0.15000000596046448,0.699999988079071,0.0,-0.4326196312904358,0,0.0,0.0,0.0
1784909499.008677,takeoff,0.0,0.0,0.14321608040201006,-0.001179527840577066,0.02506907284259796,0.009649816900491714,-2.6882574558258057,0.07356856763362885,0.07485760003328323,-0.63826584815979,-3.7537693977355957,3.6105573177337646,445,0,0,0.0,0.3807142376899719,0.032892417162656784,1,0.0,0.032892417162656784,0.0,0.0,0.11799991130828857,0.11799991130828857,0.0,0.0,0.0,0.0,0.0,0,0,0,0,0,0,0,0,0,0.5,0.15000000596046448,0.699999988079071,0.0,-0.4326196312904358,0,0.0,0.0,0.0
1784909499.033128,takeoff,0.0,0.0,0.1449748743718593,0.0037554753944277763,0.02637406811118126,0.008672152645885944,-2.4875266551971436,0.11364240199327469,0.0643865093588829,-0.8345086574554443,-4.336867809295654,3.6105573177337646,445,0,0,0.0,0.3807142376899719,0.032892417162656784,1,0.0,0.032892417162656784,0.0,0.0,0.11799991130828857,0.11799991130828857,0.0,0.0,0.0,0.0,0.0,0,0,0,0,0,0,0,0,0,0.5,0.15000000596046448,0.699999988079071,0.0,-0.4326196312904358,0,0.0,0.0,0.0
1784909499.057615,takeoff,0.0,0.0,0.14673366834170853,0.0037554753944277763,0.02637406811118126,0.008672152645885944,-2.4875266551971436,0.11364240199327469,0.0643865093588829,-0.8345086574554443,-4.336867809295654,3.6105573177337646,445,0,0,0.0,0.3807142376899719,0.032892417162656784,1,0.0,0.032892417162656784,0.0,0.0,0.11799991130828857,0.11799991130828857,0.0,0.0,0.0,0.0,0.0,0,0,0,0,0,0,0,0,0,0.5,0.15000000596046448,0.699999988079071,0.0,-0.4390689730644226,0,0.0,0.0,0.0
1784909499.0818071,takeoff,0.0,0.0,0.1484924623115578,0.012918449938297272,0.024109240621328354,0.006141644902527332,-2.148056745529175,0.16069050133228302,0.044789042323827744,-1.0762591361999512,-4.752448558807373,3.6105573177337646,445,0,0,0.0,0.3807142376899719,0.032892417162656784,1,0.0,0.032892417162656784,0.0,0.0,0.11799991130828857,0.11799991130828857,0.0,0.0,0.0,0.0,0.0,0,0,0,0,0,0,0,0,0,0.5,0.15000000596046448,0.699999988079071,0.0,-0.4390689730644226,0,0.0,0.0,0.0
1784909499.104639,takeoff,0.0,0.0,0.15025125628140706,0.012918449938297272,0.024109240621328354,0.006141644902527332,-2.148056745529175,0.16069050133228302,0.044789042323827744,-1.0762591361999512,-4.752448558807373,3.594721555709839,446,0,0,0.0,0.3807142376899719,0.032859526574611664,1,0.0,0.032859526574611664,0.0,0.0,0.11799991130828857,0.11799991130828857,0.0,0.0,0.0,0.0,0.0,0,0,0,0,0,0,0,0,0,0.5,0.15000000596046448,0.699999988079071,0.0,-0.4452630281448364,0,0.0,0.0,0.0
1784909499.128747,takeoff,0.0,0.0,0.1520100502512563,0.012918449938297272,0.024109240621328354,0.006141644902527332,-2.148056745529175,0.16069050133228302,0.044789042323827744,-1.0762591361999512,-4.752448558807373,3.594721555709839,446,0,0,0.0,0.3807142376899719,0.032859526574611664,1,0.0,0.032859526574611664,0.0,0.0,0.11799991130828857,0.11799991130828857,0.0,0.0,0.0,0.0,0.0,0,0,0,0,0,0,0,0,0,0.5,0.15000000596046448,0.699999988079071,0.0,-0.4452630281448364,0,0.0,0.0,0.0
1784909499.148976,takeoff,0.0,0.0,0.15376884422110554,0.02398749813437462,0.025446349754929543,0.0035473094321787357,-1.8476849794387817,0.21713978052139282,0.05568284913897514,-1.9176772832870483,-4.778345108032227,3.594721555709839,446,0,0,0.0,0.3807142376899719,0.032859526574611664,1,0.0,0.032859526574611664,0.0,0.0,0.11799991130828857,0.11799991130828857,0.0,0.0,0.0,0.0,0.0,0,0,0,0,0,0,0,0,0,0.5,0.15000000596046448,0.699999988079071,0.0,-0.4589795768260956,0,0.0,0.0,0.0
1784909499.171394,takeoff,0.0,0.0,0.15552763819095478,0.02398749813437462,0.025446349754929543,0.0035473094321787357,-1.8476849794387817,0.21713978052139282,0.05568284913897514,-1.9176772832870483,-4.778345108032227,3.594721555709839,446,0,0,0.0,0.3807142376899719,0.032859526574611664,1,0.0,0.032859526574611664,0.0,0.0,0.11799991130828857,0.11799991130828857,0.0,0.0,0.0,0.0,0.0,0,0,0,0,0,0,0,0,0,0.5,0.15000000596046448,0.699999988079071,0.0,-0.4589795768260956,0,0.0,0.0,0.0
1784909499.1922162,takeoff,0.0,0.0,0.157286432160804,0.039015717804431915,0.030967585742473602,-0.0008830236038193107,-1.8280715942382812,0.2814427614212036,0.0936841070652008,-3.1654627323150635,-4.388486862182617,3.6633431911468506,447,3,3,0.06351782381534576,0.3807142376899719,0.03282666578888893,1,0.0,0.03282666578888893,0.0,0.0,0.11799991130828857,0.11799991130828857,0.0,0.0,0.0,0.0,0.0,0,0,0,0,0,0,0,0,0,0.5,0.15000000596046448,0.699999988079071,0.0,-0.47109079360961914,0,0.0,0.0,0.0
1784909499.217296,takeoff,0.0,0.0,0.1590452261306533,0.039015717804431915,0.030967585742473602,-0.0008830236038193107,-1.8280715942382812,0.2814427614212036,0.0936841070652008,-3.1654627323150635,-4.388486862182617,3.6633431911468506,447,3,3,0.06351782381534576,0.3807142376899719,0.03282666578888893,1,0.0,0.03282666578888893,0.0,0.0,0.11799991130828857,0.11799991130828857,0.0,0.0,0.0,0.0,0.0,0,0,0,0,0,0,0,0,0,0.5,0.15000000596046448,0.699999988079071,0.0,-0.47109079360961914,0,0.0,0.0,0.0
1784909499.242203,takeoff,0.0,0.0,0.16080402010050251,0.06321941316127777,0.041803356260061264,-0.005870640277862549,-2.2881996631622314,0.34673091769218445,0.13361987471580505,-3.0599682331085205,-3.01881742477417,3.6633431911468506,447,3,3,0.06351782381534576,0.3807142376899719,0.03282666578888893,1,0.0,0.03282666578888893,0.0,0.0,0.11799991130828857,0.11799991130828857,0.0,0.0,0.0,0.0,0.0,0,0,0,0,0,0,0,0,0,0.5,0.15000000596046448,0.699999988079071,0.0,-0.5003278851509094,0,0.0,0.0,0.0
1784909499.262513,takeoff,0.0,0.0,0.16256281407035178,0.06321941316127777,0.041803356260061264,-0.005870640277862549,-2.2881996631622314,0.34673091769218445,0.13361987471580505,-3.0599682331085205,-3.01881742477417,3.6633431911468506,447,3,3,0.06351782381534576,0.3807142376899719,0.03282666578888893,1,0.0,0.03282666578888893,0.0,0.0,0.11799991130828857,0.11799991130828857,0.0,0.0,0.0,0.0,0.0,0,0,0,0,0,0,0,0,0,0.5,0.15000000596046448,0.699999988079071,0.0,-0.5003278851509094,0,0.0,0.0,0.0
1784909499.2827818,takeoff,0.0,0.0,0.16432160804020102,0.09743154048919678,0.0445062555372715,-0.009603094309568405,-2.61535906791687,0.4399453103542328,0.12554232776165009,-0.8170052766799927,-1.103937029838562,3.6633431911468506,447,3,3,0.06351782381534576,0.3807142376899719,0.03282666578888893,1,0.0,0.03282666578888893,0.0,0.0,0.11799991130828857,0.11799991130828857,0.0,0.0,0.0,0.0,0.0,0,0,0,0,0,0,0,0,0,0.5,0.15000000596046448,0.699999988079071,0.0,-0.5003278851509094,0,0.0,0.0,0.0
1784909499.305196,takeoff,0.0,0.0,0.16608040201005025,0.09743154048919678,0.0445062555372715,-0.009603094309568405,-2.61535906791687,0.4399453103542328,0.12554232776165009,-0.8170052766799927,-1.103937029838562,3.605278730392456,448,3,0,0.0,0.3807142376899719,0.032793838530778885,1,0.0,0.032793838530778885,0.0,0.0,0.11799991130828857,0.11799991130828857,0.0,0.0,0.0,0.0,0.0,0,0,0,0,0,0,0,0,0,0.5,0.15000000596046448,0.699999988079071,0.0,-0.529251217842102,0,0.0,0.0,0.0
1784909499.3262029,takeoff,0.0,0.0,0.16783919597989952,0.09743154048919678,0.0445062555372715,-0.009603094309568405,-2.61535906791687,0.4399453103542328,0.12554232776165009,-0.8170052766799927,-1.103937029838562,3.605278730392456,448,3,0,0.0,0.3807142376899719,0.032793838530778885,1,0.0,0.032793838530778885,0.0,0.0,0.11799991130828857,0.11799991130828857,0.0,0.0,0.0,0.0,0.0,0,0,0,0,0,0,0,0,0,0.5,0.15000000596046448,0.699999988079071,0.0,-0.529251217842102,0,0.0,0.0,0.0
1784909499.348379,takeoff,0.0,0.0,0.16959798994974876,0.11120393127202988,0.050464507192373276,0.0007456372841261327,-3.791868209838867,0.40333834290504456,0.13131101429462433,-0.5458755493164062,-1.0978392362594604,3.605278730392456,448,3,0,0.0,0.3807142376899719,0.032793838530778885,1,0.0,0.032793838530778885,0.0,0.0,0.11799991130828857,0.11799991130828857,0.0,0.0,0.0,0.0,0.0,0,0,0,0,0,0,0,0,0,0.5,0.15000000596046448,0.699999988079071,0.0,-0.5456077456474304,0,0.0,0.0,0.0
1784909499.37184,takeoff,0.0,0.0,0.17135678391959802,0.11120393127202988,0.050464507192373276,0.0007456372841261327,-3.791868209838867,0.40333834290504456,0.13131101429462433,-0.5458755493164062,-1.0978392362594604,3.605278730392456,448,3,0,0.0,0.3807142376899719,0.032793838530778885,1,0.0,0.032793838530778885,0.0,0.0,0.11799991130828857,0.11799991130828857,0.0,0.0,0.0,0.0,0.0,0,0,0,0,0,0,0,0,0,0.5,0.15000000596046448,0.699999988079071,0.0,-0.5456077456474304,0,0.0,0.0,0.0
1784909499.394568,takeoff,0.0,0.0,0.17311557788944726,0.11669809371232986,0.05206211656332016,0.009371709078550339,-4.102145671844482,0.330571711063385,0.10806950181722641,-0.17987805604934692,0.007795856799930334,3.668621778488159,449,3,0,0.0,0.3807142376899719,0.032793838530778885,1,0.0,0.032793838530778885,0.0,0.0,0.11799991130828857,0.11799991130828857,0.0,0.0,0.0,0.0,0.0,0,0,0,0,0,0,0,0,0,0.5,0.15000000596046448,0.699999988079071,0.0,-0.5534337759017944,0,0.0,0.0,0.0
1784909499.419667,takeoff,0.0,0.0,0.1748743718592965,0.11669809371232986,0.05206211656332016,0.009371709078550339,-4.102145671844482,0.330571711063385,0.10806950181722641,-0.17987805604934692,0.007795856799930334,3.668621778488159,449,3,0,0.0,0.3807142376899719,0.032793838530778885,1,0.0,0.032793838530778885,0.0,0.0,0.11799991130828857,0.11799991130828857,0.0,0.0,0.0,0.0,0.0,0,0,0,0,0,0,0,0,0,0.5,0.15000000596046448,0.699999988079071,0.0,-0.5534337759017944,0,0.0,0.0,0.0
1784909499.442616,takeoff,0.0,0.0,0.17663316582914573,0.12917345762252808,0.05639886483550072,0.013087552040815353,-4.1031317710876465,0.3095008134841919,0.10367076843976974,-0.033658307045698166,0.2618277668952942,3.668621778488159,449,3,0,0.0,0.3807142376899719,0.032793838530778885,1,0.0,0.032793838530778885,0.0,0.0,0.11799991130828857,0.11799991130828857,0.0,0.0,0.0,0.0,0.0,0,0,0,0,0,0,0,0,0,0.5,0.15000000596046448,0.699999988079071,0.0,-0.5675427913665771,0,0.0,0.0,0.0
1784909499.466484,takeoff,0.0,0.0,0.17839195979899497,0.12917345762252808,0.05639886483550072,0.013087552040815353,-4.1031317710876465,0.3095008134841919,0.10367076843976974,-0.033658307045698166,0.2618277668952942,3.668621778488159,449,3,0,0.0,0.3807142376899719,0.032793838530778885,1,0.0,0.032793838530778885,0.0,0.0,0.11799991130828857,0.11799991130828857,0.0,0.0,0.0,0.0,0.0,0,0,0,0,0,0,0,0,0,0.5,0.15000000596046448,0.699999988079071,0.0,-0.5675427913665771,0,0.0,0.0,0.0
1784909499.4888031,takeoff,0.0,0.0,0.18015075376884426,0.1282700151205063,0.055063050240278244,0.018238691613078117,-4.122803211212158,0.2293292135000229,0.07281146943569183,0.26788127422332764,0.8735715746879578,3.658064603805542,449,4,2,0.07339571416378021,0.3807142376899719,0.06345439702272415,2,1.0,0.06345439702272415,0.0,0.0,0.11799991130828857,0.11799991130828857,0.0,0.0,0.0,0.0,0.0,0,0,0,0,0,0,0,0,0,0.5,0.15000000596046448,0.699999988079071,0.0,-0.5639283657073975,0,0.0,0.0,0.0
1784909499.5119202,takeoff,0.0,0.0,0.1819095477386935,0.1282700151205063,0.055063050240278244,0.018238691613078117,-4.122803211212158,0.2293292135000229,0.07281146943569183,0.26788127422332764,0.8735715746879578,3.658064603805542,449,4,2,0.07339571416378021,0.3807142376899719,0.06345439702272415,2,1.0,0.06345439702272415,0.4237622022628784,0.20501095056533813,0.009999999776482582,0.009999999776482582,0.0,0.0,0.0,0.0,0.0,0,0,0,0,0,0,0,0,0,0.5,0.15000000596046448,0.699999988079071,0.0,-0.5639283657073975,0,0.0,0.0,0.0
1784909499.536659,takeoff,0.0,0.0,0.18366834170854274,0.12811100482940674,0.05574590340256691,0.016393721103668213,-4.146332263946533,0.2293292135000229,0.07281146943569183,0.26788127422332764,0.8735715746879578,3.658064603805542,449,4,2,0.07339571416378021,0.3807142376899719,0.06345439702272415,2,1.0,0.06345439702272415,0.4237622022628784,0.20501095056533813,0.009999999776482582,0.009999999776482582,0.0,0.0,0.0,0.0,0.0,0,0,0,0,0,0,0,0,0,0.5,0.15000000596046448,0.699999988079071,0.0,-0.5639283657073975,0,0.0,0.0,0.0
1784909499.5606751,takeoff,0.0,0.0,0.18542713567839197,0.12811100482940674,0.05574590340256691,0.016393721103668213,-4.146332263946533,0.16080433130264282,0.057608071714639664,0.3817844092845917,1.3055496215820312,3.658064603805542,449,4,2,0.07339571416378021,0.3807142376899719,0.06345439702272415,2,1.0,0.06345439702272415,0.4237622022628784,0.20501095056533813,0.009999999776482582,0.009999999776482582,0.0,0.0,0.0,0.0,0.0,0,0,0,0,0,0,0,0,0,0.5,0.15000000596046448,0.699999988079071,0.0,-0.5640478730201721,0,0.0,0.0,0.0
1784909499.584676,takeoff,0.0,0.0,0.1871859296482412,0.13023416697978973,0.056762900203466415,0.016061261296272278,-4.1399335861206055,0.12483330816030502,0.038986630737781525,0.5217730402946472,1.4800704717636108,3.684457540512085,449,4,2,0.07339571416378021,0.3807142376899719,0.06345439702272415,2,1.0,0.06345439702272415,0.4237622022628784,0.20501095056533813,0.009999999776482582,0.009999999776482582,0.0,0.0,0.0,0.0,0.0,0,0,0,0,0,0,0,0,0,0.5,0.15000000596046448,0.699999988079071,0.0,-0.5640478730201721,0,0.0,0.0,0.0
1784909499.608961,takeoff,0.0,0.0,0.18894472361809045,0.13023416697978973,0.056762900203466415,0.016061261296272278,-4.1399335861206055,0.12483330816030502,0.038986630737781525,0.5217730402946472,1.4800704717636108,3.684457540512085,451,1,0,0.0,0.3807142376899719,0.06339094042778015,2,1.0,0.06339094042778015,0.4237622022628784,0.20501095056533813,0.009999999776482582,0.009999999776482582,0.0,0.0,0.0,0.0,0.0,0,0,0,0,0,0,0,0,0,0.5,0.15000000596046448,0.699999988079071,0.0,-0.5672168135643005,0,0.0,0.0,0.0
1784909499.633625,takeoff,0.0,0.0,0.19070351758793974,0.12778019905090332,0.055589791387319565,0.014676419086754322,-4.155781269073486,0.12483330816030502,0.038986630737781525,0.5217730402946472,1.4800704717636108,3.684457540512085,451,1,0,0.0,0.3807142376899719,0.06339094042778015,2,1.0,0.06339094042778015,0.4237622022628784,0.20501095056533813,0.009999999776482582,0.009999999776482582,0.0,0.0,0.0,0.0,0.0,0,0,0,0,0,0,0,0,0,0.5,0.15000000596046448,0.699999988079071,0.0,-0.5672168135643005,0,0.0,0.0,0.0
1784909499.6538901,takeoff,0.0,0.0,0.19246231155778898,0.12778019905090332,0.055589791387319565,0.014676419086754322,-4.155781269073486,0.0851525068283081,0.030811360105872154,0.5473062992095947,1.6794507503509521,3.684457540512085,451,1,0,0.0,0.3807142376899719,0.06339094042778015,2,1.0,0.06339094042778015,0.4237622022628784,0.20501095056533813,0.009999999776482582,0.009999999776482582,0.0,0.0,0.0,0.0,0.0,0,0,0,0,0,0,0,0,0,0.5,0.15000000596046448,0.699999988079071,0.0,-0.5659936666488647,0,0.0,0.0,0.0
1784909499.6747031,takeoff,0.0,0.0,0.19422110552763822,0.12778019905090332,0.055589791387319565,0.014676419086754322,-4.155781269073486,0.0851525068283081,0.030811360105872154,0.5473062992095947,1.6794507503509521,3.684457540512085,451,1,0,0.0,0.3807142376899719,0.06339094042778015,2,1.0,0.06339094042778015,0.4237622022628784,0.20501095056533813,0.009999999776482582,0.009999999776482582,0.0,0.0,0.0,0.0,0.0,0,0,0,0,0,0,0,0,0,0.5,0.15000000596046448,0.699999988079071,0.0,-0.5659936666488647,0,0.0,0.0,0.0
1784909499.697282,takeoff,0.0,0.0,0.19597989949748745,0.1267472505569458,0.0555155910551548,0.01337756309658289,-4.154310703277588,0.0490417517721653,0.020766673609614372,0.6022440195083618,1.8255431652069092,3.642228841781616,451,0,0,0.0,0.3807142376899719,0.06332755088806152,2,1.0,0.06332755088806152,0.4237622022628784,0.20501095056533813,0.009999999776482582,0.009999999776482582,0.0,0.0,0.0,0.0,0.0,0,0,0,0,0,0,0,0,0,0.5,0.15000000596046448,0.699999988079071,0.0,-0.5644314289093018,0,0.0,0.0,0.0
1784909499.72132,takeoff,0.0,0.0,0.1977386934673367,0.1267472505569458,0.0555155910551548,0.01337756309658289,-4.154310703277588,0.0490417517721653,0.020766673609614372,0.6022440195083618,1.8255431652069092,3.642228841781616,451,0,0,0.0,0.3807142376899719,0.06332755088806152,2,1.0,0.06332755088806152,0.4237622022628784,0.20501095056533813,0.009999999776482582,0.009999999776482582,0.0,0.0,0.0,0.0,0.0,0,0,0,0,0,0,0,0,0,0.5,0.15000000596046448,0.699999988079071,0.0,-0.5644314289093018,0,0.0,0.0,0.0
1784909499.744344,takeoff,0.0,0.0,0.19949748743718593,0.12597157061100006,0.05549273639917374,0.012384441681206226,-4.150364398956299,0.019499551504850388,0.005275486968457699,0.6763091683387756,1.8933637142181396,3.642228841781616,451,0,0,0.0,0.3807142376899719,0.06332755088806152,2,1.0,0.06332755088806152,0.4237622022628784,0.20501095056533813,0.009999999776482582,0.009999999776482582,0.0,0.0,0.0,0.0,0.0,0,0,0,0,0,0,0,0,0,0.5,0.15000000596046448,0.699999988079071,0.0,-0.5636863112449646,0,0.0,0.0,0.0
1784909499.766431,takeoff,0.0,0.0,0.20125628140703516,0.12597157061100006,0.05549273639917374,0.012384441681206226,-4.150364398956299,0.019499551504850388,0.005275486968457699,0.6763091683387756,1.8933637142181396,3.642228841781616,451,0,0,0.0,0.3807142376899719,0.06332755088806152,2,1.0,0.06332755088806152,0.4237622022628784,0.20501095056533813,0.009999999776482582,0.009999999776482582,0.0,0.0,0.0,0.0,0.0,0,0,0,0,0,0,0,0,0,0.5,0.15000000596046448,0.699999988079071,0.0,-0.5636863112449646,0,0.0,0.0,0.0
1784909499.787755,takeoff,0.0,0.0,0.20301507537688446,0.12560175359249115,0.05483227223157883,0.010980367660522461,-4.04502010345459,0.005635750014334917,-0.004842173308134079,1.179684042930603,2.3636748790740967,3.357184886932373,452,0,0,0.0,0.3807142376899719,0.06326422095298767,2,1.0,0.06326422095298767,0.4237622022628784,0.20501095056533813,0.009999999776482582,0.009999999776482582,0.0,0.0,0.0,0.0,0.0,0,0,0,0,0,0,0,0,0,0.5,0.15000000596046448,0.699999988079071,0.0,-0.5636957883834839,0,0.0,0.0,0.0
1784909499.811401,takeoff,0.0,0.0,0.2047738693467337,0.12560175359249115,0.05483227223157883,0.010980367660522461,-4.04502010345459,0.005635750014334917,-0.004842173308134079,1.179684042930603,2.3636748790740967,3.357184886932373,452,1,0,0.0,0.3807142376899719,0.06326422095298767,2,1.0,0.06326422095298767,0.4237622022628784,0.20501095056533813,0.009999999776482582,0.009999999776482582,0.0,0.0,0.0,0.0,0.0,0,0,0,0,0,0,0,0,0,0.5,0.15000000596046448,0.699999988079071,0.0,-0.5636957883834839,0,0.0,0.0,0.0
1784909499.8330529,takeoff,0.0,0.0,0.20653266331658293,0.12179109454154968,0.05630990490317345,0.008732515387237072,-3.242140293121338,0.005635750014334917,-0.004842173308134079,1.179684042930603,2.3636748790740967,3.357184886932373,452,1,0,0.0,0.3807142376899719,0.06326422095298767,2,1.0,0.06326422095298767,0.4237622022628784,0.20501095056533813,0.009999999776482582,0.009999999776482582,0.0,0.0,0.0,0.0,0.0,0,0,0,0,0,0,0,0,0,0.5,0.15000000596046448,0.699999988079071,0.0,-0.5636957883834839,0,0.0,0.0,0.0
1784909499.853297,takeoff,0.0,0.0,0.20829145728643217,0.12179109454154968,0.05630990490317345,0.008732515387237072,-3.242140293121338,-0.06785804033279419,0.028361907228827477,3.3167531490325928,6.388235092163086,3.357184886932373,452,1,0,0.0,0.3807142376899719,0.06326422095298767,2,1.0,0.06326422095298767,0.4237622022628784,0.20501095056533813,0.009999999776482582,0.009999999776482582,0.0,0.0,0.0,0.0,0.0,0,0,0,0,0,0,0,0,0,0.5,0.15000000596046448,0.699999988079071,0.0,-0.5599459409713745,0,0.0,0.0,0.0
1784909499.8757849,takeoff,0.0,0.0,0.2100502512562814,0.12179109454154968,0.05630990490317345,0.008732515387237072,-3.242140293121338,-0.06785804033279419,0.028361907228827477,3.3167531490325928,6.388235092163086,3.357184886932373,452,1,0,0.0,0.3807142376899719,0.06326422095298767,2,1.0,0.06326422095298767,0.4237622022628784,0.20501095056533813,0.009999999776482582,0.009999999776482582,0.0,0.0,0.0,0.0,0.0,0,0,0,0,0,0,0,0,0,0.5,0.15000000596046448,0.699999988079071,0.0,-0.5599459409713745,0,0.0,0.0,0.0
1784909499.899698,takeoff,0.0,0.0,0.2118090452261307,0.11872316896915436,0.0664924904704094,0.01063847541809082,-2.8664450645446777,-0.1602889895439148,-0.024352671578526497,8.683313369750977,12.49860668182373,3.4944281578063965,453,0,0,0.0,0.3807142376899719,0.06320095807313919,2,1.0,0.06320095807313919,0.4237622022628784,0.20501095056533813,0.009999999776482582,0.009999999776482582,0.0,0.0,0.0,0.0,0.0,0,0,0,0,0,0,0,0,0,0.5,0.15000000596046448,0.699999988079071,0.0,-0.5584723949432373,0,0.0,0.0,0.0
1784909499.924087,takeoff,0.0,0.0,0.21356783919597994,0.11872316896915436,0.0664924904704094,0.01063847541809082,-2.8664450645446777,-0.1602889895439148,-0.024352671578526497,8.683313369750977,12.49860668182373,3.4944281578063965,453,0,0,0.0,0.3807142376899719,0.06320095807313919,2,1.0,0.06320095807313919,0.4237622022628784,0.20501095056533813,0.009999999776482582,0.009999999776482582,0.0,0.0,0.0,0.0,0.0,0,0,0,0,0,0,0,0,0,0.5,0.15000000596046448,0.699999988079071,0.0,-0.5584723949432373,0,0.0,0.0,0.0
1784909499.9446862,takeoff,0.0,0.0,0.21532663316582917,0.11190241575241089,0.06269311904907227,0.022173339501023293,-2.4551994800567627,-0.2847621440887451,-0.12322090566158295,10.796171188354492,13.870749473571777,3.4944281578063965,453,0,0,0.0,0.3807142376899719,0.06320095807313919,2,1.0,0.06320095807313919,0.4237622022628784,0.20501095056533813,0.009999999776482582,0.009999999776482582,0.0,0.0,0.0,0.0,0.0,0,0,0,0,0,0,0,0,0,0.5,0.15000000596046448,0.699999988079071,0.0,-0.5495939254760742,0,0.0,0.0,0.0
1784909499.969783,takeoff,0.0,0.0,0.2170854271356784,0.11190241575241089,0.06269311904907227,0.022173339501023293,-2.4551994800567627,-0.2847621440887451,-0.12322090566158295,10.796171188354492,13.870749473571777,3.4944281578063965,453,0,0,0.0,0.3807142376899719,0.06320095807313919,2,1.0,0.06320095807313919,0.4237622022628784,0.20501095056533813,0.009999999776482582,0.009999999776482582,0.0,0.0,0.0,0.0,0.0,0,0,0,0,0,0,0,0,0,0.5,0.15000000596046448,0.699999988079071,0.0,-0.5495939254760742,0,0.0,0.0,0.0
1784909499.993742,takeoff,0.0,0.0,0.21884422110552765,0.09441119432449341,0.0630580261349678,0.043422628194093704,-1.079338788986206,-0.4235720634460449,-0.19451363384723663,10.484457969665527,13.565446853637695,3.5630500316619873,454,2,2,0.09711331874132156,0.3807142376899719,0.06313775479793549,3,1.0,0.06313775479793549,0.4237622022628784,0.20501095056533813,0.009999999776482582,0.009999999776482582,0.0,0.0,0.0,0.0,0.0,0,0,0,0,0,0,0,0,0,0.5,0.15000000596046448,0.699999988079071,0.0,-0.535197377204895,0,0.0,0.0,0.0
1784909500.016406,takeoff,0.0,0.0,0.22060301507537688,0.09441119432449341,0.0630580261349678,0.043422628194093704,-1.079338788986206,-0.4235720634460449,-0.19451363384723663,10.484457969665527,13.565446853637695,3.5630500316619873,454,2,2,0.09711331874132156,0.3807142376899719,0.06313775479793549,3,1.0,0.06313775479793549,0.4237622022628784,0.20501095056533813,0.009999999776482582,0.009999999776482582,0.0,0.0,0.0,0.0,0.0,0,0,0,0,0,0,0,0,0,0.5,0.15000000596046448,0.699999988079071,0.0,-0.535197377204895,0,0.0,0.0,0.0
1784909500.041721,takeoff,0.0,0.0,0.22236180904522618,0.06335914134979248,0.04493049159646034,0.06611622869968414,-0.3337648808956146,-0.5764482021331787,-0.3224993348121643,9.89016342163086,11.691117286682129,3.5630500316619873,454,2,2,0.09711331874132156,0.3807142376899719,0.06313775479793549,3,1.0,0.06313775479793549,0.4237622022628784,0.20501095056533813,0.009999999776482582,0.009999999776482582,0.0,0.0,0.0,0.0,0.0,0,0,0,0,0,0,0,0,0,0.5,0.15000000596046448,0.699999988079071,0.0,-0.4941926896572113,0,0.0,0.0,0.0
1784909500.065061,takeoff,0.0,0.0,0.22412060301507541,0.06335914134979248,0.04493049159646034,0.06611622869968414,-0.3337648808956146,-0.5764482021331787,-0.3224993348121643,9.89016342163086,11.691117286682129,3.5630500316619873,454,2,2,0.09711331874132156,0.3807142376899719,0.06313775479793549,3,1.0,0.06313775479793549,0.4237622022628784,0.20501095056533813,0.009999999776482582,0.009999999776482582,0.0,0.0,0.0,0.0,0.0,0,0,0,0,0,0,0,0,0,0.5,0.15000000596046448,0.699999988079071,0.0,-0.4941926896572113,0,0.0,0.0,0.0
1784909500.0899048,takeoff,0.0,0.0,0.22587939698492465,0.033185217529535294,0.021478334441781044,0.09733244776725769,0.33814916014671326,-0.6540041565895081,-0.4130345284938812,7.685972213745117,7.623275279998779,3.6000001430511475,455,0,0,0.0,0.3807142376899719,0.06307461857795715,3,1.0,0.06307461857795715,0.4237622022628784,0.20501095056533813,0.009999999776482582,0.009999999776482582,0.0,0.0,0.0,0.0,0.0,0,0,0,0,0,0,0,0,0,0.5,0.15000000596046448,0.699999988079071,0.0,-0.46581628918647766,0,0.0,0.0,0.0
1784909500.110819,takeoff,0.0,0.0,0.2276381909547739,0.033185217529535294,0.021478334441781044,0.09733244776725769,0.33814916014671326,-0.6540041565895081,-0.4130345284938812,7.685972213745117,7.623275279998779,3.6000001430511475,455,0,0,0.0,0.3807142376899719,0.06307461857795715,3,1.0,0.06307461857795715,0.4237622022628784,0.20501095056533813,0.009999999776482582,0.009999999776482582,0.0,0.0,0.0,0.0,0.0,0,0,0,0,0,0,0,0,0,0.5,0.15000000596046448,0.699999988079071,0.0,-0.46581628918647766,0,0.0,0.0,0.0
1784909500.132855,takeoff,0.0,0.0,0.22939698492462313,0.0015112844994291663,-0.0019858854357153177,0.12342113256454468,1.0630638599395752,-0.6540041565895081,-0.4130345284938812,7.685972213745117,7.623275279998779,3.6000001430511475,455,0,0,0.0,0.3807142376899719,0.06307461857795715,3,1.0,0.06307461857795715,0.4237622022628784,0.20501095056533813,0.009999999776482582,0.009999999776482582,0.0,0.0,0.0,0.0,0.0,0,0,0,0,0,0,0,0,0,0.5,0.15000000596046448,0.699999988079071,0.0,-0.46581628918647766,0,0.0,0.0,0.0
1784909500.155423,takeoff,0.0,0.0,0.23115577889447236,0.0015112844994291663,-0.0019858854357153177,0.12342113256454468,1.0630638599395752,-0.6782092452049255,-0.4608863592147827,4.538503170013428,3.0888478755950928,3.6000001430511475,455,0,0,0.0,0.3807142376899719,0.06307461857795715,3,1.0,0.06307461857795715,0.4237622022628784,0.20501095056533813,0.009999999776482582,0.009999999776482582,0.0,0.0,0.0,0.0,0.0,0,0,0,0,0,0,0,0,0,0.5,0.15000000596046448,0.699999988079071,0.0,-0.4227895140647888,0,0.0,0.0,0.0
1784909500.1763752,takeoff,0.0,0.0,0.23291457286432166,0.0015112844994291663,-0.0019858854357153177,0.12342113256454468,1.0630638599395752,-0.6782092452049255,-0.4608863592147827,4.538503170013428,3.0888478755950928,3.6000001430511475,455,0,0,0.0,0.3807142376899719,0.06307461857795715,3,1.0,0.06307461857795715,0.4237622022628784,0.20501095056533813,0.009999999776482582,0.009999999776482582,0.0,0.0,0.0,0.0,0.0,0,0,0,0,0,0,0,0,0,0.5,0.15000000596046448,0.699999988079071,0.0,-0.4227895140647888,0,0.0,0.0,0.0
1784909500.197597,takeoff,0.0,0.0,0.23467336683417084,-0.032982490956783295,-0.029179273173213005,0.14682796597480774,1.5079190731048584,-0.6700096130371094,-0.486533522605896,1.3892704248428345,-1.1290987730026245,3.5894429683685303,456,0,0,0.0,0.3807142376899719,0.0630115419626236,3,1.0,0.0630115419626236,0.4237622022628784,0.20501095056533813,0.009999999776482582,0.009999999776482582,0.0,0.0,0.0,0.0,0.0,0,0,0,0,0,0,0,0,0,0.5,0.15000000596046448,0.699999988079071,0.0,-0.3921279311180115,0,0.0,0.0,0.0
1784909500.221525,takeoff,0.0,0.0,0.23643216080402013,-0.032982490956783295,-0.029179273173213005,0.14682796597480774,1.5079190731048584,-0.6700096130371094,-0.486533522605896,1.3892704248428345,-1.1290987730026245,3.5894429683685303,456,0,0,0.0,0.3807142376899719,0.0630115419626236,3,1.0,0.0630115419626236,0.4237622022628784,0.20501095056533813,0.009999999776482582,0.009999999776482582,0.0,0.0,0.0,0.0,0.0,0,0,0,0,0,0,0,0,0,0.5,0.15000000596046448,0.699999988079071,0.0,-0.3921279311180115,0,0.0,0.0,0.0
1784909500.243742,takeoff,0.0,0.0,0.23819095477386937,-0.055221229791641235,-0.04811421409249306,0.16163742542266846,1.5956244468688965,-0.6298911571502686,-0.4885636270046234,-1.533949851989746,-4.950785160064697,3.5894429683685303,456,0,0,0.0,0.3807142376899719,0.0630115419626236,3,1.0,0.0630115419626236,0.4237622022628784,0.20501095056533813,0.009999999776482582,0.009999999776482582,0.0,0.0,0.0,0.0,0.0,0,0,0,0,0,0,0,0,0,0.5,0.15000000596046448,0.699999988079071,0.0,-0.3526003956794739,0,0.0,0.0,0.0
1784909500.267807,takeoff,0.0,0.0,0.2399497487437186,-0.055221229791641235,-0.04811421409249306,0.16163742542266846,1.5956244468688965,-0.6298911571502686,-0.4885636270046234,-1.533949851989746,-4.950785160064697,3.5894429683685303,456,0,0,0.0,0.3807142376899719,0.0630115419626236,3,1.0,0.0630115419626236,0.4237622022628784,0.20501095056533813,0.009999999776482582,0.009999999776482582,0.0,0.0,0.0,0.0,0.0,0,0,0,0,0,0,0,0,0,0.5,0.15000000596046448,0.699999988079071,0.0,-0.3526003956794739,0,0.0,0.0,0.0
1784909500.28898,takeoff,0.0,0.0,0.2417085427135679,-0.08034046739339828,-0.07069773226976395,0.1763172447681427,1.6215623617172241,-0.5584213733673096,-0.45827820897102356,-4.096022605895996,-8.03820514678955,3.5736072063446045,458,0,0,0.0,0.3807142376899719,0.06294853240251541,3,1.0,0.06294853240251541,0.4237622022628784,0.20501095056533813,0.009999999776482582,0.009999999776482582,0.0,0.0,0.0,0.0,0.0,0,0,0,0,0,0,0,0,0,0.5,0.15000000596046448,0.699999988079071,0.0,-0.3291115164756775,0,0.0,0.0,0.0
1784909500.3140538,takeoff,0.0,0.0,0.24346733668341708,-0.08034046739339828,-0.07069773226976395,0.1763172447681427,1.6215623617172241,-0.5584213733673096,-0.45827820897102356,-4.096022605895996,-8.03820514678955,3.5736072063446045,458,0,0,0.0,0.3807142376899719,0.06294853240251541,3,1.0,0.06294853240251541,0.4237622022628784,0.20501095056533813,0.009999999776482582,0.009999999776482582,0.0,0.0,0.0,0.0,0.0,0,0,0,0,0,0,0,0,0,0.5,0.15000000596046448,0.699999988079071,0.0,-0.3291115164756775,0,0.0,0.0,0.0
1784909500.334871,takeoff,0.0,0.0,0.24522613065326632,-0.1024245172739029,-0.0898500457406044,0.19084393978118896,1.6712830066680908,-0.5584213733673096,-0.45827820897102356,-4.096022605895996,-8.03820514678955,3.5736072063446045,458,0,0,0.0,0.3807142376899719,0.06294853240251541,3,1.0,0.06294853240251541,0.4237622022628784,0.20501095056533813,0.009999999776482582,0.009999999776482582,0.0,0.0,0.0,0.0,0.0,0,0,0,0,0,0,0,0,0,0.5,0.15000000596046448,0.699999988079071,0.0,-0.3291115164756775,0,0.0,0.0,0.0
1784909500.359953,takeoff,0.0,0.0,0.2469849246231156,-0.1024245172739029,-0.0898500457406044,0.19084393978118896,1.6712830066680908,-0.4604911506175995,-0.39314138889312744,-6.299732685089111,-10.097025871276855,3.5736072063446045,458,0,0,0.0,0.3807142376899719,0.06294853240251541,3,1.0,0.06294853240251541,0.4237622022628784,0.20501095056533813,0.009999999776482582,0.009999999776482582,0.0,0.0,0.0,0.0,0.0,0,0,0,0,0,0,0,0,0,0.5,0.15000000596046448,0.699999988079071,0.0,-0.2982865571975708,0,0.0,0.0,0.0
1784909500.3820128,takeoff,0.0,0.0,0.24874371859296485,-0.11637456715106964,-0.1064939871430397,0.19845879077911377,1.77201247215271,-0.3560192584991455,-0.3354126513004303,-7.554813861846924,-11.146906852722168,3.5736072063446045,458,0,0,0.0,0.3807142376899719,0.06294853240251541,3,1.0,0.06294853240251541,0.4237622022628784,0.20501095056533813,0.009999999776482582,0.009999999776482582,0.0,0.0,0.0,0.0,0.0,0,0,0,0,0,0,0,0,0,0.5,0.15000000596046448,0.699999988079071,0.0,-0.2982865571975708,0,0.0,0.0,0.0
1784909500.4062169,takeoff,0.0,0.0,0.2505025125628141,-0.11637456715106964,-0.1064939871430397,0.19845879077911377,1.77201247215271,-0.3560192584991455,-0.3354126513004303,-7.554813861846924,-11.146906852722168,3.5577712059020996,459,0,0,0.0,0.3807142376899719,0.06282269954681396,3,1.0,0.06282269954681396,0.4237622022628784,0.20501095056533813,0.009999999776482582,0.009999999776482582,0.0,0.0,0.0,0.0,0.0,0,0,0,0,0,0,0,0,0,0.5,0.15000000596046448,0.699999988079071,0.0,-0.28238725662231445,0,0.0,0.0,0.0
1784909500.429225,takeoff,0.0,0.0,0.2522613065326633,-0.11637456715106964,-0.1064939871430397,0.19845879077911377,1.77201247215271,-0.3560192584991455,-0.3354126513004303,-7.554813861846924,-11.146906852722168,3.5577712059020996,459,0,0,0.0,0.3807142376899719,0.06282269954681396,3,1.0,0.06282269954681396,0.4237622022628784,0.20501095056533813,0.009999999776482582,0.009999999776482582,0.0,0.0,0.0,0.0,0.0,0,0,0,0,0,0,0,0,0,0.5,0.15000000596046448,0.699999988079071,0.0,-0.28238725662231445,0,0.0,0.0,0.0
1784909500.453865,takeoff,0.0,0.0,0.25402010050251256,-0.12800034880638123,-0.12351769953966141,0.20610032975673676,2.026583433151245,-0.23199114203453064,-0.25627776980400085,-8.3103666305542,-11.452771186828613,3.5577712059020996,459,0,0,0.0,0.3807142376899719,0.06282269954681396,3,1.0,0.06282269954681396,0.4237622022628784,0.20501095056533813,0.009999999776482582,0.009999999776482582,0.0,0.0,0.0,0.0,0.0,0,0,0,0,0,0,0,0,0,0.5,0.15000000596046448,0.699999988079071,0.0,-0.2670639753341675,0,0.0,0.0,0.0
1784909500.474102,takeoff,0.0,0.0,0.25577889447236185,-0.12800034880638123,-0.12351769953966141,0.20610032975673676,2.026583433151245,-0.23199114203453064,-0.25627776980400085,-8.3103666305542,-11.452771186828613,3.5577712059020996,459,0,0,0.0,0.3807142376899719,0.06282269954681396,3,1.0,0.06282269954681396,0.4237622022628784,0.20501095056533813,0.009999999776482582,0.009999999776482582,0.0,0.0,0.0,0.0,0.0,0,0,0,0,0,0,0,0,0,0.5,0.15000000596046448,0.699999988079071,0.0,-0.2670639753341675,0,0.0,0.0,0.0
1784909500.494905,takeoff,0.0,0.0,0.2575376884422111,-0.12969350814819336,-0.12970015406608582,0.21231724321842194,2.2169220447540283,-0.12325805425643921,-0.17502154409885406,-8.541169166564941,-10.797563552856445,3.5472140312194824,460,0,0,0.0,0.3807142376899719,0.0627598762512207,3,1.0,0.0627598762512207,0.4237622022628784,0.20501095056533813,0.009999999776482582,0.009999999776482582,0.0,0.0,0.0,0.0,0.0,0,0,0,0,0,0,0,0,0,0.5,0.15000000596046448,0.699999988079071,0.0,-0.25972872972488403,0,0.0,0.0,0.0
1784909500.517073,takeoff,0.0,0.0,0.2592964824120603,-0.12969350814819336,-0.12970015406608582,0.21231724321842194,2.2169220447540283,-0.12325805425643921,-0.17502154409885406,-8.541169166564941,-10.797563552856445,3.5472140312194824,460,0,0,0.0,0.3807142376899719,0.0627598762512207,3,1.0,0.0627598762512207,0.4237622022628784,0.20501095056533813,0.009999999776482582,0.009999999776482582,0.0,0.0,0.0,0.0,0.0,0,0,0,0,0,0,0,0,0,0.5,0.15000000596046448,0.699999988079071,0.0,-0.25972872972488403,0,0.0,0.0,0.0
1784909500.542167,takeoff,0.0,0.0,0.26105527638190956,-0.12879584729671478,-0.13650037348270416,0.21693526208400726,2.561713218688965,-0.011111865751445293,-0.09152136743068695,-8.325273513793945,-9.56131649017334,3.5472140312194824,460,0,0,0.0,0.3807142376899719,0.0627598762512207,3,1.0,0.0627598762512207,0.4237622022628784,0.20501095056533813,0.009999999776482582,0.009999999776482582,0.0,0.0,0.0,0.0,0.0,0,0,0,0,0,0,0,0,0,0.5,0.15000000596046448,0.699999988079071,0.0,-0.25901031494140625,0,0.0,0.0,0.0
1784909500.563939,takeoff,0.0,0.0,0.2628140703517588,-0.12879584729671478,-0.13650037348270416,0.21693526208400726,2.561713218688965,-0.011111865751445293,-0.09152136743068695,-8.325273513793945,-9.56131649017334,3.5472140312194824,460,0,0,0.0,0.3807142376899719,0.0627598762512207,3,1.0,0.0627598762512207,0.4237622022628784,0.20501095056533813,0.009999999776482582,0.009999999776482582,0.0,0.0,0.0,0.0,0.0,0,0,0,0,0,0,0,0,0,0.5,0.15000000596046448,0.699999988079071,0.0,-0.25901031494140625,0,0.0,0.0,0.0
1784909500.5881238,takeoff,0.0,0.0,0.26457286432160804,-0.12259089946746826,-0.13772709667682648,0.21884006261825562,2.7691569328308105,0.08263461291790009,-0.010388935916125774,-7.686760425567627,-7.864668846130371,3.541935443878174,461,0,0,0.0,0.3807142376899719,0.06269712001085281,3,1.0,0.06269712001085281,0.4237622022628784,0.20501095056533813,0.009999999776482582,0.009999999776482582,0.0,0.0,0.0,0.0,0.0,0,0,0,0,0,0,0,0,0,0.5,0.15000000596046448,0.699999988079071,0.0,-0.2623547911643982,0,0.0,0.0,0.0
1784909500.611786,takeoff,0.0,0.0,0.26633165829145733,-0.12259089946746826,-0.13772709667682648,0.21884006261825562,2.7691569328308105,0.08263461291790009,-0.010388935916125774,-7.686760425567627,-7.864668846130371,3.541935443878174,461,0,0,0.0,0.3807142376899719,0.06269712001085281,3,1.0,0.06269712001085281,0.4237622022628784,0.20501095056533813,0.009999999776482582,0.009999999776482582,0.0,0.0,0.0,0.0,0.0,0,0,0,0,0,0,0,0,0,0.5,0.15000000596046448,0.699999988079071,0.0,-0.2623547911643982,0,0.0,0.0,0.0
1784909500.6323898,takeoff,0.0,0.0,0.26809045226130657,-0.11077907681465149,-0.13494424521923065,0.2214283049106598,2.9500043392181396,0.08263461291790009,-0.010388935916125774,-7.686760425567627,-7.864668846130371,3.541935443878174,461,0,0,0.0,0.3807142376899719,0.06269712001085281,3,1.0,0.06269712001085281,0.4237622022628784,0.20501095056533813,0.009999999776482582,0.009999999776482582,0.0,0.0,0.0,0.0,0.0,0,0,0,0,0,0,0,0,0,0.5,0.15000000596046448,0.699999988079071,0.0,-0.2623547911643982,0,0.0,0.0,0.0
1784909500.6546528,takeoff,0.0,0.0,0.2698492462311558,-0.11077907681465149,-0.13494424521923065,0.2214283049106598,2.9500043392181396,0.15015283226966858,0.06057164818048477,-6.78154182434082,-5.731794357299805,3.541935443878174,461,0,0,0.0,0.3807142376899719,0.06269712001085281,3,1.0,0.06269712001085281,0.4237622022628784,0.20501095056533813,0.009999999776482582,0.009999999776482582,0.0,0.0,0.0,0.0,0.0,0,0,0,0,0,0,0,0,0,0.5,0.15000000596046448,0.699999988079071,0.0,-0.2760235667228699,0,0.0,0.0,0.0
1784909500.676678,takeoff,0.0,0.0,0.27160804020100504,-0.11077907681465149,-0.13494424521923065,0.2214283049106598,2.9500043392181396,0.15015283226966858,0.06057164818048477,-6.78154182434082,-5.731794357299805,3.541935443878174,461,0,0,0.0,0.3807142376899719,0.06269712001085281,3,1.0,0.06269712001085281,0.4237622022628784,0.20501095056533813,0.009999999776482582,0.009999999776482582,0.0,0.0,0.0,0.0,0.0,0,0,0,0,0,0,0,0,0,0.5,0.15000000596046448,0.699999988079071,0.0,-0.2760235667228699,0,0.0,0.0,0.0
1784909500.696982,takeoff,0.0,0.0,0.2733668341708543,-0.0971769466996193,-0.12918710708618164,0.22506925463676453,3.0692977905273438,0.21025235950946808,0.12213876098394394,-5.5311479568481445,-3.5628607273101807,3.5313782691955566,462,1,0,0.0,0.3807142376899719,0.0626344233751297,3,1.0,0.0626344233751297,0.4237622022628784,0.20501095056533813,0.009999999776482582,0.009999999776482582,0.0,0.0,0.0,0.0,0.0,0,0,0,0,0,0,0,0,0,0.5,0.15000000596046448,0.699999988079071,0.0,-0.2869645357131958,0,0.0,0.0,0.0
1784909500.721015,takeoff,0.0,0.0,0.27512562814070357,-0.0971769466996193,-0.12918710708618164,0.22506925463676453,3.0692977905273438,0.21025235950946808,0.12213876098394394,-5.5311479568481445,-3.5628607273101807,3.5313782691955566,462,1,0,0.0,0.3807142376899719,0.0626344233751297,3,1.0,0.0626344233751297,0.4237622022628784,0.20501095056533813,0.009999999776482582,0.009999999776482582,0.0,0.0,0.0,0.0,0.0,0,0,0,0,0,0,0,0,0,0.5,0.15000000596046448,0.699999988079071,0.0,-0.2869645357131958,0,0.0,0.0,0.0
1784909500.743314,takeoff,0.0,0.0,0.2768844221105528,-0.08240421116352081,-0.1231536790728569,0.23075950145721436,3.1342122554779053,0.24417510628700256,0.17195601761341095,-4.168324947357178,-1.357427954673767,3.5313782691955566,462,1,0,0.0,0.3807142376899719,0.0626344233751297,3,1.0,0.0626344233751297,0.4237622022628784,0.20501095056533813,0.009999999776482582,0.009999999776482582,0.0,0.0,0.0,0.0,0.0,0,0,0,0,0,0,0,0,0,0.5,0.15000000596046448,0.699999988079071,0.0,-0.30672121047973633,0,0.0,0.0,0.0
1784909500.7634501,takeoff,0.0,0.0,0.27864321608040205,-0.08240421116352081,-0.1231536790728569,0.23075950145721436,3.1342122554779053,0.24417510628700256,0.17195601761341095,-4.168324947357178,-1.357427954673767,3.5313782691955566,462,1,0,0.0,0.3807142376899719,0.0626344233751297,3,1.0,0.0626344233751297,0.4237622022628784,0.20501095056533813,0.009999999776482582,0.009999999776482582,0.0,0.0,0.0,0.0,0.0,0,0,0,0,0,0,0,0,0,0.5,0.15000000596046448,0.699999988079071,0.0,-0.30672121047973633,0,0.0,0.0,0.0
1784909500.7885408,takeoff,0.0,0.0,0.2804020100502513,-0.06656228750944138,-0.11208191514015198,0.2379743605852127,3.0770442485809326,0.2543628513813019,0.2089715301990509,-2.908822774887085,0.7152277827262878,3.5472140312194824,463,1,0,0.0,0.3807142376899719,0.06257178634405136,3,1.0,0.06257178634405136,0.4237622022628784,0.20501095056533813,0.009999999776482582,0.009999999776482582,0.0,0.0,0.0,0.0,0.0,0,0,0,0,0,0,0,0,0,0.5,0.15000000596046448,0.699999988079071,0.0,-0.32410556077957153,0,0.0,0.0,0.0
1784909500.813616,takeoff,0.0,0.0,0.2821608040201005,-0.06656228750944138,-0.11208191514015198,0.2379743605852127,3.0770442485809326,0.2543628513813019,0.2089715301990509,-2.908822774887085,0.7152277827262878,3.5472140312194824,463,2,2,0.11749225109815598,0.3807142376899719,0.06257178634405136,3,1.0,0.06257178634405136,0.4237622022628784,0.20501095056533813,0.009999999776482582,0.009999999776482582,0.0,0.0,0.0,0.0,0.0,0,0,0,0,0,0,0,0,0,0.5,0.15000000596046448,0.699999988079071,0.0,-0.32410556077957153,0,0.0,0.0,0.0
1784909500.83869,takeoff,0.0,0.0,0.28391959798994976,-0.05627460777759552,-0.10232801735401154,0.24407967925071716,2.9681947231292725,0.2543628513813019,0.2089715301990509,-2.908822774887085,0.7152277827262878,3.5472140312194824,463,2,2,0.11749225109815598,0.3807142376899719,0.06257178634405136,3,1.0,0.06257178634405136,0.4237622022628784,0.20501095056533813,0.009999999776482582,0.009999999776482582,0.0,0.0,0.0,0.0,0.0,0,0,0,0,0,0,0,0,0,0.5,0.15000000596046448,0.699999988079071,0.0,-0.32410556077957153,0,0.0,0.0,0.0
1784909500.8613591,takeoff,0.0,0.0,0.28567839195979905,-0.05627460777759552,-0.10232801735401154,0.24407967925071716,2.9681947231292725,0.24218086898326874,0.23429752886295319,-1.5806165933609009,2.447664260864258,3.5472140312194824,463,2,2,0.11749225109815598,0.3807142376899719,0.06257178634405136,3,1.0,0.06257178634405136,0.4237622022628784,0.20501095056533813,0.009999999776482582,0.009999999776482582,0.0,0.0,0.0,0.0,0.0,0,0,0,0,0,0,0,0,0,0.5,0.15000000596046448,0.699999988079071,0.0,-0.3391719460487366,0,0.0,0.0,0.0
1784909500.885288,takeoff,0.0,0.0,0.2874371859296483,-0.03997434303164482,-0.08868705481290817,0.2537647783756256,2.8662569522857666,0.22116850316524506,0.23963049054145813,-0.35576170682907104,3.6535677909851074,3.552492618560791,463,2,2,0.11749225109815598,0.3807142376899719,0.06257178634405136,3,1.0,0.06257178634405136,0.4237622022628784,0.20501095056533813,0.009999999776482582,0.009999999776482582,0.0,0.0,0.0,0.0,0.0,0,0,0,0,0,0,0,0,0,0.5,0.15000000596046448,0.699999988079071,0.0,-0.3543894290924072,0,0.0,0.0,0.0
1784909500.907437,takeoff,0.0,0.0,0.2891959798994975,-0.03997434303164482,-0.08868705481290817,0.2537647783756256,2.8662569522857666,0.22116850316524506,0.23963049054145813,-0.35576170682907104,3.6535677909851074,3.552492618560791,464,1,0,0.0,0.3807142376899719,0.0625092163681984,3,1.0,0.0625092163681984,0.4237622022628784,0.20501095056533813,0.009999999776482582,0.009999999776482582,0.0,0.0,0.0,0.0,0.0,0,0,0,0,0,0,0,0,0,0.5,0.15000000596046448,0.699999988079071,0.0,-0.3543894290924072,0,0.0,0.0,0.0
1784909500.928585,takeoff,0.0,0.0,0.29095477386934676,-0.03997434303164482,-0.08868705481290817,0.2537647783756256,2.8662569522857666,0.22116850316524506,0.23963049054145813,-0.35576170682907104,3.6535677909851074,3.552492618560791,464,1,0,0.0,0.3807142376899719,0.0625092163681984,3,1.0,0.0625092163681984,0.4237622022628784,0.20501095056533813,0.009999999776482582,0.009999999776482582,0.0,0.0,0.0,0.0,0.0,0,0,0,0,0,0,0,0,0,0.5,0.15000000596046448,0.699999988079071,0.0,-0.3543894290924072,0,0.0,0.0,0.0
1784909500.953606,takeoff,0.0,0.0,0.292713567839196,-0.025185944512486458,-0.07720699161291122,0.2650710642337799,2.763082504272461,0.20126695930957794,0.2353413999080658,0.6938532590866089,4.450769424438477,3.552492618560791,464,1,0,0.0,0.3807142376899719,0.0625092163681984,3,1.0,0.0625092163681984,0.4237622022628784,0.20501095056533813,0.009999999776482582,0.009999999776482582,0.0,0.0,0.0,0.0,0.0,0,0,0,0,0,0,0,0,0,0.5,0.15000000596046448,0.699999988079071,0.0,-0.37777334451675415,0,0.0,0.0,0.0
1784909500.9748192,takeoff,0.0,0.0,0.29447236180904524,-0.025185944512486458,-0.07720699161291122,0.2650710642337799,2.763082504272461,0.20126695930957794,0.2353413999080658,0.6938532590866089,4.450769424438477,3.552492618560791,464,1,0,0.0,0.3807142376899719,0.0625092163681984,3,1.0,0.0625092163681984,0.4237622022628784,0.20501095056533813,0.009999999776482582,0.009999999776482582,0.0,0.0,0.0,0.0,0.0,0,0,0,0,0,0,0,0,0,0.5,0.15000000596046448,0.699999988079071,0.0,-0.37777334451675415,0,0.0,0.0,0.0
1784909500.999885,takeoff,0.0,0.0,0.29623115577889453,-0.013502090238034725,-0.06521403044462204,0.2782166600227356,2.633978843688965,0.16672611236572266,0.2298012375831604,1.6382313966751099,5.067155361175537,3.568328619003296,465,0,0,0.0,0.3807142376899719,0.0624467097222805,3,1.0,0.0624467097222805,0.4237622022628784,0.20501095056533813,0.009999999776482582,0.009999999776482582,0.0,0.0,0.0,0.0,0.0,0,0,0,0,0,0,0,0,0,0.5,0.15000000596046448,0.699999988079071,0.0,-0.38944441080093384,0,0.0,0.0,0.0
1784909501.021483,takeoff,0.0,0.0,0.2979899497487437,-0.013502090238034725,-0.06521403044462204,0.2782166600227356,2.633978843688965,0.16672611236572266,0.2298012375831604,1.6382313966751099,5.067155361175537,3.568328619003296,465,0,0,0.0,0.3807142376899719,0.0624467097222805,3,1.0,0.0624467097222805,0.4237622022628784,0.20501095056533813,0.009999999776482582,0.009999999776482582,0.0,0.0,0.0,0.0,0.0,0,0,0,0,0,0,0,0,0,0.5,0.15000000596046448,0.699999988079071,0.0,-0.38944441080093384,0,0.0,0.0,0.0
1784909501.0459158,takeoff,0.0,0.0,0.299748743718593,-0.005865965038537979,-0.05515877157449722,0.28863099217414856,2.5056750774383545,0.12382672727108002,0.209873229265213,2.369736909866333,5.428991794586182,3.568328619003296,465,0,0,0.0,0.3807142376899719,0.0624467097222805,3,1.0,0.0624467097222805,0.4237622022628784,0.20501095056533813,0.009999999776482582,0.009999999776482582,0.0,0.0,0.0,0.0,0.0,0,0,0,0,0,0,0,0,0,0.5,0.15000000596046448,0.699999988079071,0.0,-0.40411490201950073,0,0.0,0.0,0.0
1784909501.066119,takeoff,0.0,0.0,0.30150753768844224,-0.005865965038537979,-0.05515877157449722,0.28863099217414856,2.5056750774383545,0.12382672727108002,0.209873229265213,2.369736909866333,5.428991794586182,3.568328619003296,465,0,0,0.0,0.3807142376899719,0.0624467097222805,3,1.0,0.0624467097222805,0.4237622022628784,0.20501095056533813,0.009999999776482582,0.009999999776482582,0.0,0.0,0.0,0.0,0.0,0,0,0,0,0,0,0,0,0,0.5,0.15000000596046448,0.699999988079071,0.0,-0.40411490201950073,0,0.0,0.0,0.0
1784909501.090233,takeoff,0.0,0.0,0.3032663316582915,0.0007361668394878507,-0.04590969905257225,0.29689863324165344,2.4148573875427246,0.09371752291917801,0.19037102162837982,2.7781119346618652,5.365165710449219,3.5577712059020996,466,0,0,0.0,0.3807142376899719,0.062384262681007385,3,1.0,0.062384262681007385,0.4237622022628784,0.20501095056533813,0.009999999776482582,0.009999999776482582,0.0,0.0,0.0,0.0,0.0,0,0,0,0,0,0,0,0,0,0.5,0.15000000596046448,0.699999988079071,0.0,-0.41302335262298584,0,0.0,0.0,0.0
1784909501.1133592,takeoff,0.0,0.0,0.3050251256281407,0.0007361668394878507,-0.04590969905257225,0.29689863324165344,2.4148573875427246,0.09371752291917801,0.19037102162837982,2.7781119346618652,5.365165710449219,3.5577712059020996,466,0,0,0.0,0.3807142376899719,0.062384262681007385,3,1.0,0.062384262681007385,0.4237622022628784,0.20501095056533813,0.009999999776482582,0.009999999776482582,0.0,0.0,0.0,0.0,0.0,0,0,0,0,0,0,0,0,0,0.5,0.15000000596046448,0.699999988079071,0.0,-0.41302335262298584,0,0.0,0.0,0.0
1784909501.137331,takeoff,0.0,0.0,0.30678391959798995,0.004340605344623327,-0.03638704493641853,0.30600544810295105,2.3792765140533447,0.0421619713306427,0.15689218044281006,3.0646286010742188,4.934441089630127,3.5577712059020996,466,0,0,0.0,0.3807142376899719,0.062384262681007385,3,1.0,0.062384262681007385,0.4237622022628784,0.20501095056533813,0.009999999776482582,0.009999999776482582,0.0,0.0,0.0,0.0,0.0,0,0,0,0,0,0,0,0,0,0.5,0.15000000596046448,0.699999988079071,0.0,-0.41302335262298584,0,0.0,0.0,0.0
1784909501.159324,takeoff,0.0,0.0,0.3085427135678392,0.004340605344623327,-0.03638704493641853,0.30600544810295105,2.3792765140533447,0.0421619713306427,0.15689218044281006,3.0646286010742188,4.934441089630127,3.5577712059020996,466,0,0,0.0,0.3807142376899719,0.062384262681007385,3,1.0,0.062384262681007385,0.4237622022628784,0.20501095056533813,0.009999999776482582,0.009999999776482582,0.0,0.0,0.0,0.0,0.0,0,0,0,0,0,0,0,0,0,0.5,0.15000000596046448,0.699999988079071,0.0,-0.42045456171035767,0,0.0,0.0,0.0
1784909501.180713,takeoff,0.0,0.0,0.3103015075376885,0.007596299983561039,-0.03046678751707077,0.31284812092781067,2.362884283065796,0.0421619713306427,0.15689218044281006,3.0646286010742188,4.934441089630127,3.5577712059020996,466,0,0,0.0,0.3807142376899719,0.062384262681007385,3,1.0,0.062384262681007385,0.4237622022628784,0.20501095056533813,0.009999999776482582,0.009999999776482582,0.0,0.0,0.0,0.0,0.0,0,0,0,0,0,0,0,0,0,0.5,0.15000000596046448,0.699999988079071,0.0,-0.42045456171035767,0,0.0,0.0,0.0
1784909501.2049222,takeoff,0.0,0.0,0.3120603015075377,0.007596299983561039,-0.03046678751707077,0.31284812092781067,2.362884283065796,0.01586000807583332,0.13108304142951965,3.069448947906494,4.40220308303833,3.5577712059020996,467,0,0,0.0,0.3807142376899719,0.06232187896966934,3,1.0,0.06232187896966934,0.4237622022628784,0.20501095056533813,0.009999999776482582,0.009999999776482582,0.0,0.0,0.0,0.0,0.0,0,0,0,0,0,0,0,0,0,0.5,0.15000000596046448,0.699999988079071,0.0,-0.42477232217788696,0,0.0,0.0,0.0
1784909501.225909,takeoff,0.0,0.0,0.31381909547738696,0.007596299983561039,-0.03046678751707077,0.31284812092781067,2.362884283065796,0.01586000807583332,0.13108304142951965,3.069448947906494,4.40220308303833,3.5577712059020996,467,0,0,0.0,0.3807142376899719,0.06232187896966934,3,1.0,0.06232187896966934,0.4237622022628784,0.20501095056533813,0.009999999776482582,0.009999999776482582,0.0,0.0,0.0,0.0,0.0,0,0,0,0,0,0,0,0,0,0.5,0.15000000596046448,0.699999988079071,0.0,-0.42477232217788696,0,0.0,0.0,0.0
1784909501.249908,takeoff,0.0,0.0,0.3155778894472362,0.00783518236130476,-0.024046503007411957,0.31781336665153503,2.3565542697906494,-0.022733764722943306,0.10052701830863953,2.7904679775238037,3.5742907524108887,3.5577712059020996,467,0,0,0.0,0.3807142376899719,0.06232187896966934,3,1.0,0.06232187896966934,0.4237622022628784,0.20501095056533813,0.009999999776482582,0.009999999776482582,0.0,0.0,0.0,0.0,0.0,0,0,0,0,0,0,0,0,0,0.5,0.15000000596046448,0.699999988079071,0.0,-0.4279670715332031,0,0.0,0.0,0.0
1784909501.274453,takeoff,0.0,0.0,0.31733668341708543,0.00783518236130476,-0.024046503007411957,0.31781336665153503,2.3565542697906494,-0.022733764722943306,0.10052701830863953,2.7904679775238037,3.5742907524108887,3.5577712059020996,467,0,0,0.0,0.3807142376899719,0.06232187896966934,3,1.0,0.06232187896966934,0.4237622022628784,0.20501095056533813,0.009999999776482582,0.009999999776482582,0.0,0.0,0.0,0.0,0.0,0,0,0,0,0,0,0,0,0,0.5,0.15000000596046448,0.699999988079071,0.0,-0.4279670715332031,0,0.0,0.0,0.0
1784909501.295134,takeoff,0.0,0.0,0.31909547738693467,0.006102963350713253,-0.020355697721242905,0.3214116394519806,2.3780035972595215,-0.045250438153743744,0.07806187123060226,2.643071174621582,2.903989791870117,3.5472140312194824,468,0,0,0.0,0.3807142376899719,0.06225955858826637,3,1.0,0.06225955858826637,0.4237622022628784,0.20501095056533813,0.009999999776482582,0.009999999776482582,0.0,0.0,0.0,0.0,0.0,0,0,0,0,0,0,0,0,0,0.5,0.15000000596046448,0.699999988079071,0.0,-0.4276885986328125,0,0.0,0.0,0.0
1784909501.319139,takeoff,0.0,0.0,0.32085427135678396,0.006102963350713253,-0.020355697721242905,0.3214116394519806,2.3780035972595215,-0.045250438153743744,0.07806187123060226,2.643071174621582,2.903989791870117,3.5472140312194824,468,0,0,0.0,0.3807142376899719,0.06225955858826637,3,1.0,0.06225955858826637,0.4237622022628784,0.20501095056533813,0.009999999776482582,0.009999999776482582,0.0,0.0,0.0,0.0,0.0,0,0,0,0,0,0,0,0,0,0.5,0.15000000596046448,0.699999988079071,0.0,-0.4276885986328125,0,0.0,0.0,0.0
1784909501.343559,takeoff,0.0,0.0,0.3226130653266332,0.0028640266973525286,-0.01838013157248497,0.32798752188682556,2.397989511489868,-0.045250438153743744,0.07806187123060226,2.643071174621582,2.903989791870117,3.5472140312194824,468,0,0,0.0,0.3807142376899719,0.06225955858826637,3,1.0,0.06225955858826637,0.4237622022628784,0.20501095056533813,0.009999999776482582,0.009999999776482582,0.0,0.0,0.0,0.0,0.0,0,0,0,0,0,0,0,0,0,0.5,0.15000000596046448,0.699999988079071,0.0,-0.4276885986328125,0,0.0,0.0,0.0
1784909501.366126,takeoff,0.0,0.0,0.32437185929648243,0.0028640266973525286,-0.01838013157248497,0.32798752188682556,2.397989511489868,-0.06914786994457245,0.04779771715402603,2.256282091140747,1.8617395162582397,3.5472140312194824,468,0,0,0.0,0.3807142376899719,0.06225955858826637,3,1.0,0.06225955858826637,0.4237622022628784,0.20501095056533813,0.009999999776482582,0.009999999776482582,0.0,0.0,0.0,0.0,0.0,0,0,0,0,0,0,0,0,0,0.5,0.15000000596046448,0.699999988079071,0.0,-0.425353467464447,0,0.0,0.0,0.0
1784909501.387587,takeoff,0.0,0.0,0.32613065326633167,-0.0010998364305123687,-0.017880670726299286,0.3326028287410736,2.424541473388672,-0.07951649278402328,0.030113711953163147,1.894350290298462,1.1779669523239136,3.552492618560791,469,0,0,0.0,0.3807142376899719,0.06219730153679848,3,1.0,0.06219730153679848,0.4237622022628784,0.20501095056533813,0.009999999776482582,0.009999999776482582,0.0,0.0,0.0,0.0,0.0,0,0,0,0,0,0,0,0,0,0.5,0.15000000596046448,0.699999988079071,0.0,-0.423353910446167,0,0.0,0.0,0.0
1784909501.407747,takeoff,0.0,0.0,0.3278894472361809,-0.0010998364305123687,-0.017880670726299286,0.3326028287410736,2.424541473388672,-0.07951649278402328,0.030113711953163147,1.894350290298462,1.1779669523239136,3.552492618560791,469,0,0,0.0,0.3807142376899719,0.06219730153679848,3,1.0,0.06219730153679848,0.4237622022628784,0.20501095056533813,0.009999999776482582,0.009999999776482582,0.0,0.0,0.0,0.0,0.0,0,0,0,0,0,0,0,0,0,0.5,0.15000000596046448,0.699999988079071,0.0,-0.423353910446167,0,0.0,0.0,0.0
1784909501.428132,takeoff,0.0,0.0,0.32964824120603015,-0.0010998364305123687,-0.017880670726299286,0.3326028287410736,2.424541473388672,-0.07951649278402328,0.030113711953163147,1.894350290298462,1.1779669523239136,3.552492618560791,469,0,0,0.0,0.3807142376899719,0.06219730153679848,3,1.0,0.06219730153679848,0.4237622022628784,0.20501095056533813,0.009999999776482582,0.009999999776482582,0.0,0.0,0.0,0.0,0.0,0,0,0,0,0,0,0,0,0,0.5,0.15000000596046448,0.699999988079071,0.0,-0.423353910446167,0,0.0,0.0,0.0
1784909501.450154,takeoff,0.0,0.0,0.33140703517587944,-0.004573678597807884,-0.01906891167163849,0.33725327253341675,2.4395484924316406,-0.08470600098371506,0.007867102511227131,1.378454566001892,0.1470477283000946,3.552492618560791,469,0,0,0.0,0.3807142376899719,0.06219730153679848,3,1.0,0.06219730153679848,0.4237622022628784,0.20501095056533813,0.009999999776482582,0.009999999776482582,0.0,0.0,0.0,0.0,0.0,0,0,0,0,0,0,0,0,0,0.5,0.15000000596046448,0.699999988079071,0.0,-0.4178544282913208,0,0.0,0.0,0.0
1784909501.4733,takeoff,0.0,0.0,0.3331658291457286,-0.004573678597807884,-0.01906891167163849,0.33725327253341675,2.4395484924316406,-0.08470600098371506,0.007867102511227131,1.378454566001892,0.1470477283000946,3.552492618560791,469,0,0,0.0,0.3807142376899719,0.06219730153679848,3,1.0,0.06219730153679848,0.4237622022628784,0.20501095056533813,0.009999999776482582,0.009999999776482582,0.0,0.0,0.0,0.0,0.0,0,0,0,0,0,0,0,0,0,0.5,0.15000000596046448,0.699999988079071,0.0,-0.4178544282913208,0,0.0,0.0,0.0
1784909501.497416,takeoff,0.0,0.0,0.3349246231155779,-0.007938562892377377,-0.019137172028422356,0.3438539206981659,2.45216703414917,-0.08114863932132721,-0.0020349817350506783,0.9823880791664124,-0.4850826859474182,3.552492618560791,470,0,0,0.0,0.3807142376899719,0.06219730153679848,3,1.0,0.06219730153679848,0.4237622022628784,0.20501095056533813,0.009999999776482582,0.009999999776482582,0.0,0.0,0.0,0.0,0.0,0,0,0,0,0,0,0,0,0,0.5,0.15000000596046448,0.699999988079071,0.0,-0.41552186012268066,0,0.0,0.0,0.0
1784909501.521433,takeoff,0.0,0.0,0.33668341708542715,-0.007938562892377377,-0.019137172028422356,0.3438539206981659,2.45216703414917,-0.08114863932132721,-0.0020349817350506783,0.9823880791664124,-0.4850826859474182,3.552492618560791,470,0,0,0.0,0.3807142376899719,0.06219730153679848,3,1.0,0.06219730153679848,0.4237622022628784,0.20501095056533813,0.009999999776482582,0.009999999776482582,0.0,0.0,0.0,0.0,0.0,0,0,0,0,0,0,0,0,0,0.5,0.15000000596046448,0.699999988079071,0.0,-0.41552186012268066,0,0.0,0.0,0.0
1784909501.542547,takeoff,0.0,0.0,0.3384422110552764,-0.012898527085781097,-0.022576505318284035,0.3507184684276581,2.4134771823883057,-0.07684734463691711,-0.015796886757016182,0.34532758593559265,-1.0300521850585938,3.552492618560791,470,0,0,0.0,0.3807142376899719,0.06219730153679848,3,1.0,0.06219730153679848,0.4237622022628784,0.20501095056533813,0.009999999776482582,0.009999999776482582,0.0,0.0,0.0,0.0,0.0,0,0,0,0,0,0,0,0,0,0.5,0.15000000596046448,0.699999988079071,0.0,-0.4101536273956299,0,0.0,0.0,0.0
1784909501.564251,takeoff,0.0,0.0,0.3402010050251257,-0.012898527085781097,-0.022576505318284035,0.3507184684276581,2.4134771823883057,-0.07684734463691711,-0.015796886757016182,0.34532758593559265,-1.0300521850585938,3.552492618560791,470,0,0,0.0,0.3807142376899719,0.06219730153679848,3,1.0,0.06219730153679848,0.4237622022628784,0.20501095056533813,0.009999999776482582,0.009999999776482582,0.0,0.0,0.0,0.0,0.0,0,0,0,0,0,0,0,0,0,0.5,0.15000000596046448,0.699999988079071,0.0,-0.4101536273956299,0,0.0,0.0,0.0
1784909501.589441,takeoff,0.0,0.0,0.34195979899497486,-0.013851188123226166,-0.022437218576669693,0.35670122504234314,2.3544163703918457,-0.0645841658115387,-0.01510503888130188,-0.05287964642047882,-1.370512843132019,3.552492618560791,470,0,0,0.0,0.3807142376899719,0.06213510408997536,3,1.0,0.06213510408997536,0.4237622022628784,0.20501095056533813,0.009999999776482582,0.009999999776482582,0.0,0.0,0.0,0.0,0.0,0,0,0,0,0,0,0,0,0,0.5,0.15000000596046448,0.699999988079071,0.0,-0.40758413076400757,0,0.0,0.0,0.0
1784909501.614068,takeoff,0.0,0.0,0.34371859296482415,-0.013851188123226166,-0.022437218576669693,0.35670122504234314,2.3544163703918457,-0.0645841658115387,-0.01510503888130188,-0.05287964642047882,-1.370512843132019,3.552492618560791,470,0,0,0.0,0.3807142376899719,0.06213510408997536,3,1.0,0.06213510408997536,0.4237622022628784,0.20501095056533813,0.009999999776482582,0.009999999776482582,0.0,0.0,0.0,0.0,0.0,0,0,0,0,0,0,0,0,0,0.5,0.15000000596046448,0.699999988079071,0.0,-0.40758413076400757,0,0.0,0.0,0.0
1784909501.637235,takeoff,0.0,0.0,0.3454773869346734,-0.017625227570533752,-0.024667993187904358,0.3629969656467438,2.260474920272827,-0.0645841658115387,-0.01510503888130188,-0.05287964642047882,-1.370512843132019,3.552492618560791,470,0,0,0.0,0.3807142376899719,0.06213510408997536,3,1.0,0.06213510408997536,0.4237622022628784,0.20501095056533813,0.009999999776482582,0.009999999776482582,0.0,0.0,0.0,0.0,0.0,0,0,0,0,0,0,0,0,0,0.5,0.15000000596046448,0.699999988079071,0.0,-0.40758413076400757,0,0.0,0.0,0.0
1784909501.658836,takeoff,0.0,0.0,0.34723618090452263,-0.017625227570533752,-0.024667993187904358,0.3629969656467438,2.260474920272827,-0.049710776656866074,-0.014779743738472462,-0.5416722893714905,-1.699405312538147,3.552492618560791,470,0,0,0.0,0.3807142376899719,0.06213510408997536,3,1.0,0.06213510408997536,0.4237622022628784,0.20501095056533813,0.009999999776482582,0.009999999776482582,0.0,0.0,0.0,0.0,0.0,0,0,0,0,0,0,0,0,0,0.5,0.15000000596046448,0.699999988079071,0.0,-0.40585607290267944,0,0.0,0.0,0.0
1784909501.681655,takeoff,0.0,0.0,0.34899497487437187,-0.018864523619413376,-0.026184270158410072,0.3661213517189026,2.1881678104400635,-0.03647758066654205,-0.012601122260093689,-0.8290619254112244,-1.752272605895996,3.552492618560791,470,0,0,0.0,0.3807142376899719,0.06213510408997536,3,1.0,0.06213510408997536,0.4237622022628784,0.20501095056533813,0.009999999776482582,0.009999999776482582,0.0,0.0,0.0,0.0,0.0,0,0,0,0,0,0,0,0,0,0.5,0.15000000596046448,0.699999988079071,0.0,-0.40585607290267944,0,0.0,0.0,0.0
1784909501.704136,takeoff,0.0,0.0,0.3507537688442211,-0.018864523619413376,-0.026184270158410072,0.3661213517189026,2.1881678104400635,-0.03647758066654205,-0.012601122260093689,-0.8290619254112244,-1.752272605895996,3.552492618560791,471,0,0,0.0,0.3807142376899719,0.06207296997308731,3,1.0,0.06207296997308731,0.4237622022628784,0.20501095056533813,0.009999999776482582,0.009999999776482582,0.0,0.0,0.0,0.0,0.0,0,0,0,0,0,0,0,0,0,0.5,0.15000000596046448,0.699999988079071,0.0,-0.40244555473327637,0,0.0,0.0,0.0
1784909501.724889,takeoff,0.0,0.0,0.35251256281407034,-0.018864523619413376,-0.026184270158410072,0.3661213517189026,2.1881678104400635,-0.03647758066654205,-0.012601122260093689,-0.8290619254112244,-1.752272605895996,3.552492618560791,471,0,0,0.0,0.3807142376899719,0.06207296997308731,3,1.0,0.06207296997308731,0.4237622022628784,0.20501095056533813,0.009999999776482582,0.009999999776482582,0.0,0.0,0.0,0.0,0.0,0,0,0,0,0,0,0,0,0,0.5,0.15000000596046448,0.699999988079071,0.0,-0.40244555473327637,0,0.0,0.0,0.0
1784909501.745265,takeoff,0.0,0.0,0.35427135678391963,-0.018071478232741356,-0.027946408838033676,0.37257710099220276,2.0826256275177,-0.015046074986457825,-0.0040138657204806805,-1.1718968152999878,-1.6423524618148804,3.552492618560791,471,0,0,0.0,0.3807142376899719,0.06207296997308731,3,1.0,0.06207296997308731,0.4237622022628784,0.20501095056533813,0.009999999776482582,0.009999999776482582,0.0,0.0,0.0,0.0,0.0,0,0,0,0,0,0,0,0,0,0.5,0.15000000596046448,0.699999988079071,0.0,-0.40239155292510986,0,0.0,0.0,0.0
1784909501.7696059,takeoff,0.0,0.0,0.35603015075376887,-0.018071478232741356,-0.027946408838033676,0.37257710099220276,2.0826256275177,-0.015046074986457825,-0.0040138657204806805,-1.1718968152999878,-1.6423524618148804,3.552492618560791,471,0,0,0.0,0.3807142376899719,0.06207296997308731,3,1.0,0.06207296997308731,0.4237622022628784,0.20501095056533813,0.009999999776482582,0.009999999776482582,0.0,0.0,0.0,0.0,0.0,0,0,0,0,0,0,0,0,0,0.5,0.15000000596046448,0.699999988079071,0.0,-0.40239155292510986,0,0.0,0.0,0.0
1784909501.794683,takeoff,0.0,0.0,0.3577889447236181,-0.016949467360973358,-0.02827317826449871,0.3761393129825592,2.020125389099121,-0.00014946426381357014,0.004207709804177284,-1.261000394821167,-1.5784271955490112,3.5472140312194824,472,0,0,0.0,0.3807142376899719,0.06201089918613434,3,0.0,0.06201089918613434,0.4237622022628784,0.20501095056533813,0.009999999776482582,0.009999999776482582,0.0,0.0,0.0,0.0,0.0,0,0,0,0,0,0,0,0,0,0.5,0.15000000596046448,0.699999988079071,0.0,-0.402523398399353,0,0.0,0.0,0.0
1784909501.81855,takeoff,0.0,0.0,0.3595477386934674,-0.016949467360973358,-0.02827317826449871,0.3761393129825592,2.020125389099121,-0.00014946426381357014,0.004207709804177284,-1.261000394821167,-1.5784271955490112,3.5472140312194824,472,0,0,0.0,0.3807142376899719,0.06201089918613434,3,0.0,0.06201089918613434,0.4237622022628784,0.20501095056533813,0.009999999776482582,0.009999999776482582,0.0,0.0,0.0,0.0,0.0,0,0,0,0,0,0,0,0,0,0.5,0.15000000596046448,0.699999988079071,0.0,-0.402523398399353,0,0.0,0.0,0.0
1784909501.841409,takeoff,0.0,0.0,0.3613065326633166,-0.016949467360973358,-0.02827317826449871,0.3761393129825592,2.020125389099121,-0.00014946426381357014,0.004207709804177284,-1.261000394821167,-1.5784271955490112,3.5472140312194824,472,0,0,0.0,0.3807142376899719,0.06201089918613434,3,0.0,0.06201089918613434,0.4237622022628784,0.20501095056533813,0.009999999776482582,0.009999999776482582,0.0,0.0,0.0,0.0,0.0,0,0,0,0,0,0,0,0,0,0.5,0.15000000596046448,0.699999988079071,0.0,-0.402523398399353,0,0.0,0.0,0.0
1784909501.8637671,takeoff,0.0,0.0,0.3630653266331658,-0.015868570655584335,-0.02843622677028179,0.3805677592754364,1.9555965662002563,0.014687078073620796,0.015903674066066742,-1.3140534162521362,-1.2574833631515503,3.5472140312194824,472,0,0,0.0,0.3807142376899719,0.06201089918613434,3,0.0,0.06201089918613434,0.4237622022628784,0.20501095056533813,0.009999999776482582,0.009999999776482582,0.0,0.0,0.0,0.0,0.0,0,0,0,0,0,0,0,0,0,0.5,0.15000000596046448,0.699999988079071,0.0,-0.4037734866142273,0,0.0,0.0,0.0
1784909501.884247,takeoff,0.0,0.0,0.3648241206030151,-0.012041118927299976,-0.02731591835618019,0.3847801387310028,1.9250596761703491,0.030217884108424187,0.024834925308823586,-1.3088865280151367,-0.9984160661697388,3.5472140312194824,472,0,0,0.0,0.3807142376899719,0.06201089918613434,3,0.0,0.06201089918613434,0.4237622022628784,0.20501095056533813,0.009999999776482582,0.009999999776482582,0.0,0.0,0.0,0.0,0.0,0,0,0,0,0,0,0,0,0,0.5,0.15000000596046448,0.699999988079071,0.0,-0.4037734866142273,0,0.0,0.0,0.0
1784909501.9063869,takeoff,0.0,0.0,0.36658291457286435,-0.012041118927299976,-0.02731591835618019,0.3847801387310028,1.9250596761703491,0.030217884108424187,0.024834925308823586,-1.3088865280151367,-0.9984160661697388,3.5472140312194824,473,0,0,0.0,0.3807142376899719,0.06194888800382614,3,0.0,0.06194888800382614,0.4237622022628784,0.20501095056533813,0.009999999776482582,0.009999999776482582,0.0,0.0,0.0,0.0,0.0,0,0,0,0,0,0,0,0,0,0.5,0.15000000596046448,0.699999988079071,0.0,-0.4059470295906067,0,0.0,0.0,0.0
1784909501.929297,takeoff,0.0,0.0,0.3683417085427136,-0.012041118927299976,-0.02731591835618019,0.3847801387310028,1.9250596761703491,0.030217884108424187,0.024834925308823586,-1.3088865280151367,-0.9984160661697388,3.5472140312194824,473,0,0,0.0,0.3807142376899719,0.06194888800382614,3,0.0,0.06194888800382614,0.4237622022628784,0.20501095056533813,0.009999999776482582,0.009999999776482582,0.0,0.0,0.0,0.0,0.0,0,0,0,0,0,0,0,0,0,0.5,0.15000000596046448,0.699999988079071,0.0,-0.4059470295906067,0,0.0,0.0,0.0
1784909501.954043,takeoff,0.0,0.0,0.3701005025125628,-0.008625632151961327,-0.0256342813372612,0.3905121088027954,1.9214106798171997,0.03920964524149895,0.03851901739835739,-1.1575309038162231,-0.5282493233680725,3.5472140312194824,473,0,0,0.0,0.3807142376899719,0.06194888800382614,3,0.0,0.06194888800382614,0.4237622022628784,0.20501095056533813,0.009999999776482582,0.009999999776482582,0.0,0.0,0.0,0.0,0.0,0,0,0,0,0,0,0,0,0,0.5,0.15000000596046448,0.699999988079071,0.0,-0.41058284044265747,0,0.0,0.0,0.0
1784909501.975635,takeoff,0.0,0.0,0.37185929648241206,-0.008625632151961327,-0.0256342813372612,0.3905121088027954,1.9214106798171997,0.03920964524149895,0.03851901739835739,-1.1575309038162231,-0.5282493233680725,3.5472140312194824,473,0,0,0.0,0.3807142376899719,0.06194888800382614,3,0.0,0.06194888800382614,0.4237622022628784,0.20501095056533813,0.009999999776482582,0.009999999776482582,0.0,0.0,0.0,0.0,0.0,0,0,0,0,0,0,0,0,0,0.5,0.15000000596046448,0.699999988079071,0.0,-0.41058284044265747,0,0.0,0.0,0.0
1784909502.000706,takeoff,0.0,0.0,0.37361809045226135,-0.004920896142721176,-0.024138757959008217,0.3937392830848694,1.944351315498352,0.043687254190444946,0.045730479061603546,-1.012300729751587,-0.19302889704704285,3.5472140312194824,474,0,0,0.0,0.3807142376899719,0.06188694015145302,3,0.0,0.06188694015145302,0.4237622022628784,0.20501095056533813,0.009999999776482582,0.009999999776482582,0.0,0.0,0.0,0.0,0.0,0,0,0,0,0,0,0,0,0,0.5,0.15000000596046448,0.699999988079071,0.0,-0.41388529539108276,0,0.0,0.0,0.0
1784909502.020836,takeoff,0.0,0.0,0.3753768844221106,-0.004920896142721176,-0.024138757959008217,0.3937392830848694,1.944351315498352,0.043687254190444946,0.045730479061603546,-1.012300729751587,-0.19302889704704285,3.5472140312194824,474,0,0,0.0,0.3807142376899719,0.06188694015145302,3,0.0,0.06188694015145302,0.4237622022628784,0.20501095056533813,0.009999999776482582,0.009999999776482582,0.0,0.0,0.0,0.0,0.0,0,0,0,0,0,0,0,0,0,0.5,0.15000000596046448,0.699999988079071,0.0,-0.41388529539108276,0,0.0,0.0,0.0
1784909502.044141,takeoff,0.0,0.0,0.3771356783919598,-0.001299763796851039,-0.021624455228447914,0.39948105812072754,1.9805079698562622,0.0472940094769001,0.05403052642941475,-0.7392475008964539,0.25831514596939087,3.5472140312194824,474,0,0,0.0,0.3807142376899719,0.06188694015145302,3,0.0,0.06188694015145302,0.4237622022628784,0.20501095056533813,0.009999999776482582,0.009999999776482582,0.0,0.0,0.0,0.0,0.0,0,0,0,0,0,0,0,0,0,0.5,0.15000000596046448,0.699999988079071,0.0,-0.4199538230895996,0,0.0,0.0,0.0
1784909502.0673878,takeoff,0.0,0.0,0.37889447236180906,-0.001299763796851039,-0.021624455228447914,0.39948105812072754,1.9805079698562622,0.0472940094769001,0.05403052642941475,-0.7392475008964539,0.25831514596939087,3.5472140312194824,474,0,0,0.0,0.3807142376899719,0.06188694015145302,3,0.0,0.06188694015145302,0.4237622022628784,0.20501095056533813,0.009999999776482582,0.009999999776482582,0.0,0.0,0.0,0.0,0.0,0,0,0,0,0,0,0,0,0,0.5,0.15000000596046448,0.699999988079071,0.0,-0.4199538230895996,0,0.0,0.0,0.0
1784909502.087928,takeoff,0.0,0.0,0.3806532663316583,0.0016340615693479776,-0.01869468204677105,0.4024556875228882,1.9926177263259888,0.046679046005010605,0.05978188291192055,-0.5188811421394348,0.5480083227157593,3.541935443878174,476,0,0,0.0,0.3807142376899719,0.06182505562901497,3,0.0,0.06182505562901497,0.4237622022628784,0.20501095056533813,0.009999999776482582,0.009999999776482582,0.0,0.0,0.0,0.0,0.0,0,0,0,0,0,0,0,0,0,0.5,0.15000000596046448,0.699999988079071,0.0,-0.4240667223930359,0,0.0,0.0,0.0
1784909502.109061,takeoff,0.0,0.0,0.38241206030150754,0.0016340615693479776,-0.01869468204677105,0.4024556875228882,1.9926177263259888,0.046679046005010605,0.05978188291192055,-0.5188811421394348,0.5480083227157593,3.541935443878174,476,0,0,0.0,0.3807142376899719,0.06182505562901497,3,0.0,0.06182505562901497,0.4237622022628784,0.20501095056533813,0.009999999776482582,0.009999999776482582,0.0,0.0,0.0,0.0,0.0,0,0,0,0,0,0,0,0,0,0.5,0.15000000596046448,0.699999988079071,0.0,-0.4240667223930359,0,0.0,0.0,0.0
1784909502.133041,takeoff,0.0,0.0,0.38417085427135683,0.0016340615693479776,-0.01869468204677105,0.4024556875228882,1.9926177263259888,0.046679046005010605,0.05978188291192055,-0.5188811421394348,0.5480083227157593,3.541935443878174,476,0,0,0.0,0.3807142376899719,0.06182505562901497,3,0.0,0.06182505562901497,0.4237622022628784,0.20501095056533813,0.009999999776482582,0.009999999776482582,0.0,0.0,0.0,0.0,0.0,0,0,0,0,0,0,0,0,0,0.5,0.15000000596046448,0.699999988079071,0.0,-0.4240667223930359,0,0.0,0.0,0.0
1784909502.153961,takeoff,0.0,0.0,0.38592964824120607,0.006837209686636925,-0.01654548943042755,0.4073007106781006,2.007070779800415,0.04358247295022011,0.060562409460544586,-0.21086746454238892,1.0191161632537842,3.541935443878174,476,0,0,0.0,0.3807142376899719,0.06182505562901497,3,0.0,0.06182505562901497,0.4237622022628784,0.20501095056533813,0.009999999776482582,0.009999999776482582,0.0,0.0,0.0,0.0,0.0,0,0,0,0,0,0,0,0,0,0.5,0.15000000596046448,0.699999988079071,0.0,-0.42932796478271484,0,0.0,0.0,0.0
1784909502.17577,takeoff,0.0,0.0,0.3876884422110553,0.006837209686636925,-0.01654548943042755,0.4073007106781006,2.007070779800415,0.04358247295022011,0.060562409460544586,-0.21086746454238892,1.0191161632537842,3.541935443878174,476,0,0,0.0,0.3807142376899719,0.06182505562901497,3,0.0,0.06182505562901497,0.4237622022628784,0.20501095056533813,0.009999999776482582,0.009999999776482582,0.0,0.0,0.0,0.0,0.0,0,0,0,0,0,0,0,0,0,0.5,0.15000000596046448,0.699999988079071,0.0,-0.42932796478271484,0,0.0,0.0,0.0
1784909502.1959329,takeoff,0.0,0.0,0.38944723618090454,0.009737248532474041,-0.014073875732719898,0.4100341498851776,2.0118355751037598,0.04069490358233452,0.06124375760555267,0.0465242974460125,1.1859935522079468,3.5472140312194824,476,0,0,0.0,0.3807142376899719,0.061763230711221695,3,0.0,0.061763230711221695,0.4237622022628784,0.20501095056533813,0.009999999776482582,0.009999999776482582,0.0,0.0,0.0,0.0,0.0,0,0,0,0,0,0,0,0,0,0.5,0.15000000596046448,0.699999988079071,0.0,-0.43197572231292725,0,0.0,0.0,0.0
1784909502.218187,takeoff,0.0,0.0,0.3912060301507538,0.009737248532474041,-0.014073875732719898,0.4100341498851776,2.0118355751037598,0.04069490358233452,0.06124375760555267,0.0465242974460125,1.1859935522079468,3.5472140312194824,476,0,0,0.0,0.3807142376899719,0.061763230711221695,3,0.0,0.061763230711221695,0.4237622022628784,0.20501095056533813,0.009999999776482582,0.009999999776482582,0.0,0.0,0.0,0.0,0.0,0,0,0,0,0,0,0,0,0,0.5,0.15000000596046448,0.699999988079071,0.0,-0.43197572231292725,0,0.0,0.0,0.0
1784909502.2423959,takeoff,0.0,0.0,0.392964824120603,0.011600111611187458,-0.011361565440893173,0.4136064648628235,2.0383338928222656,0.025146780535578728,0.057372793555259705,0.25314223766326904,1.433166265487671,3.5472140312194824,476,0,0,0.0,0.3807142376899719,0.061763230711221695,3,0.0,0.061763230711221695,0.4237622022628784,0.20501095056533813,0.009999999776482582,0.009999999776482582,0.0,0.0,0.0,0.0,0.0,0,0,0,0,0,0,0,0,0,0.5,0.15000000596046448,0.699999988079071,0.0,-0.4364648461341858,0,0.0,0.0,0.0
1784909502.267315,takeoff,0.0,0.0,0.3947236180904523,0.011600111611187458,-0.011361565440893173,0.4136064648628235,2.0383338928222656,0.025146780535578728,0.057372793555259705,0.25314223766326904,1.433166265487671,3.5472140312194824,476,0,0,0.0,0.3807142376899719,0.061763230711221695,3,0.0,0.061763230711221695,0.4237622022628784,0.20501095056533813,0.009999999776482582,0.009999999776482582,0.0,0.0,0.0,0.0,0.0,0,0,0,0,0,0,0,0,0,0.5,0.15000000596046448,0.699999988079071,0.0,-0.4364648461341858,0,0.0,0.0,0.0
1784909502.2874482,takeoff,0.0,0.0,0.3964824120603015,0.013678276911377907,-0.008256310597062111,0.4166698455810547,2.054243564605713,0.016609717160463333,0.05654211342334747,0.43444207310676575,1.5098785161972046,3.541935443878174,477,0,0,0.0,0.3807142376899719,0.061701469123363495,3,0.0,0.061701469123363495,0.4237622022628784,0.20501095056533813,0.009999999776482582,0.009999999776482582,0.0,0.0,0.0,0.0,0.0,0,0,0,0,0,0,0,0,0,0.5,0.15000000596046448,0.699999988079071,0.0,-0.43864011764526367,0,0.0,0.0,0.0
1784909502.310453,takeoff,0.0,0.0,0.3982412060301508,0.013678276911377907,-0.008256310597062111,0.4166698455810547,2.054243564605713,0.016609717160463333,0.05654211342334747,0.43444207310676575,1.5098785161972046,3.541935443878174,477,0,0,0.0,0.3807142376899719,0.061701469123363495,3,0.0,0.061701469123363495,0.4237622022628784,0.20501095056533813,0.009999999776482582,0.009999999776482582,0.0,0.0,0.0,0.0,0.0,0,0,0,0,0,0,0,0,0,0.5,0.15000000596046448,0.699999988079071,0.0,-0.43864011764526367,0,0.0,0.0,0.0
1784909502.334666,takeoff,0.0,0.0,0.4,0.013678276911377907,-0.008256310597062111,0.4166698455810547,2.054243564605713,0.016609717160463333,0.05654211342334747,0.43444207310676575,1.5098785161972046,3.541935443878174,477,0,0,0.0,0.3807142376899719,0.061701469123363495,3,0.0,0.061701469123363495,0.4237622022628784,0.20501095056533813,0.009999999776482582,0.009999999776482582,0.0,0.0,0.0,0.0,0.0,0,0,0,0,0,0,0,0,0,0.5,0.15000000596046448,0.699999988079071,0.0,-0.43864011764526367,0,0.0,0.0,0.0
1784909502.357307,settle,0.0,0.0,0.4,0.014068221673369408,-0.003490628208965063,0.42341333627700806,2.05779767036438,0.0015308973379433155,0.05347156152129173,0.577382504940033,1.4428911209106445,3.541935443878174,477,0,0,0.0,0.3807142376899719,0.061701469123363495,3,0.0,0.061701469123363495,0.4237622022628784,0.20501095056533813,0.009999999776482582,0.009999999776482582,0.0,0.0,0.0,0.0,0.0,0,0,0,0,0,0,0,0,0,0.5,0.15000000596046448,0.699999988079071,0.0,-0.4399886727333069,0,0.0,0.0,0.0
1784909502.379765,settle,0.0,0.0,0.4,0.014489601366221905,-0.0011183277238160372,0.42742079496383667,2.05967378616333,0.0015308973379433155,0.05347156152129173,0.577382504940033,1.4428911209106445,3.541935443878174,477,0,0,0.0,0.3807142376899719,0.061701469123363495,3,0.0,0.061701469123363495,0.4237622022628784,0.20501095056533813,0.009999999776482582,0.009999999776482582,0.0,0.0,0.0,0.0,0.0,0,0,0,0,0,0,0,0,0,0.5,0.15000000596046448,0.699999988079071,0.0,-0.4399886727333069,0,0.0,0.0,0.0
1784909502.4016268,settle,0.0,0.0,0.4,0.014489601366221905,-0.0011183277238160372,0.42742079496383667,2.05967378616333,-0.006546262186020613,0.04997212439775467,0.7032318711280823,1.361254334449768,3.5472140312194824,478,0,0,0.0,0.3807142376899719,0.06163976714015007,3,0.0,0.06163976714015007,0.4237622022628784,0.20501095056533813,0.009999999776482582,0.009999999776482582,0.0,0.0,0.0,0.0,0.0,0,0,0,0,0,0,0,0,0,0.5,0.15000000596046448,0.699999988079071,0.0,-0.44105255603790283,0,0.0,0.0,0.0
1784909502.424999,settle,0.0,0.0,0.4,0.014489601366221905,-0.0011183277238160372,0.42742079496383667,2.05967378616333,-0.006546262186020613,0.04997212439775467,0.7032318711280823,1.361254334449768,3.5472140312194824,478,0,0,0.0,0.3807142376899719,0.06163976714015007,3,0.0,0.06163976714015007,0.4237622022628784,0.20501095056533813,0.009999999776482582,0.009999999776482582,0.0,0.0,0.0,0.0,0.0,0,0,0,0,0,0,0,0,0,0.5,0.15000000596046448,0.699999988079071,0.0,-0.44105255603790283,0,0.0,0.0,0.0
1784909502.4500842,settle,0.0,0.0,0.4,0.010124576278030872,-0.000660242629237473,0.4317653179168701,2.046072006225586,-0.026275204494595528,0.03752509132027626,0.776422381401062,1.1806899309158325,3.5472140312194824,478,0,0,0.0,0.3807142376899719,0.06163976714015007,3,0.0,0.06163976714015007,0.4237622022628784,0.20501095056533813,0.009999999776482582,0.009999999776482582,0.0,0.0,0.0,0.0,0.0,0,0,0,0,0,0,0,0,0,0.5,0.15000000596046448,0.699999988079071,0.0,-0.4381091594696045,0,0.0,0.0,0.0
1784909502.473877,settle,0.0,0.0,0.4,0.010124576278030872,-0.000660242629237473,0.4317653179168701,2.046072006225586,-0.026275204494595528,0.03752509132027626,0.776422381401062,1.1806899309158325,3.5472140312194824,478,0,0,0.0,0.3807142376899719,0.06163976714015007,3,0.0,0.06163976714015007,0.4237622022628784,0.20501095056533813,0.009999999776482582,0.009999999776482582,0.0,0.0,0.0,0.0,0.0,0,0,0,0,0,0,0,0,0,0.5,0.15000000596046448,0.699999988079071,0.0,-0.4381091594696045,0,0.0,0.0,0.0
1784909502.494621,settle,0.0,0.0,0.4,0.011038917116820812,0.0025004781782627106,0.43657150864601135,2.051769495010376,-0.027378316968679428,0.03192244842648506,0.8702946305274963,0.8324764370918274,3.552492618560791,479,0,0,0.0,0.3807142376899719,0.06157812848687172,3,0.0,0.06157812848687172,0.4237622022628784,0.20501096546649933,0.009999999776482582,0.009999999776482582,0.0,0.0,0.0,0.0,0.0,0,0,0,0,0,0,0,0,0,0.5,0.15000000596046448,0.699999988079071,0.0,-0.4396039843559265,0,0.0,0.0,0.0
1784909502.51739,settle,0.0,0.0,0.4,0.011038917116820812,0.0025004781782627106,0.43657150864601135,2.051769495010376,-0.027378316968679428,0.03192244842648506,0.8702946305274963,0.8324764370918274,3.552492618560791,479,0,0,0.0,0.3807142376899719,0.06157812848687172,3,0.0,0.06157812848687172,0.4237622022628784,0.20501096546649933,0.009999999776482582,0.009999999776482582,0.0,0.0,0.0,0.0,0.0,0,0,0,0,0,0,0,0,0,0.5,0.15000000596046448,0.699999988079071,0.0,-0.4396039843559265,0,0.0,0.0,0.0
1784909502.542224,settle,0.0,0.0,0.4,0.005032396875321865,-0.00012917423737235367,0.44097578525543213,2.037283420562744,-0.043009575456380844,0.01841399259865284,0.8300443291664124,0.4819023311138153,3.552492618560791,479,0,0,0.0,0.3807142376899719,0.06157812848687172,3,0.0,0.06157812848687172,0.4237622022628784,0.20501096546649933,0.009999999776482582,0.009999999776482582,0.0,0.0,0.0,0.0,0.0,0,0,0,0,0,0,0,0,0,0.5,0.15000000596046448,0.699999988079071,0.0,-0.4333622455596924,0,0.0,0.0,0.0
1784909502.562625,settle,0.0,0.0,0.4,0.005032396875321865,-0.00012917423737235367,0.44097578525543213,2.037283420562744,-0.043009575456380844,0.01841399259865284,0.8300443291664124,0.4819023311138153,3.552492618560791,479,0,0,0.0,0.3807142376899719,0.06157812848687172,3,0.0,0.06157812848687172,0.4237622022628784,0.20501096546649933,0.009999999776482582,0.009999999776482582,0.0,0.0,0.0,0.0,0.0,0,0,0,0,0,0,0,0,0,0.5,0.15000000596046448,0.699999988079071,0.0,-0.4333622455596924,0,0.0,0.0,0.0
1784909502.5872169,settle,0.0,0.0,0.4,-0.00011735936277545989,-0.00048166862688958645,0.4436761140823364,2.017561674118042,-0.051316116005182266,0.011342525482177734,0.6994767785072327,0.21519705653190613,3.5472140312194824,479,0,0,0.0,0.3807142376899719,0.06157812848687172,3,0.0,0.06157812848687172,0.4237622022628784,0.20501096546649933,0.009999999776482582,0.009999999776482582,0.0,0.0,0.0,0.0,0.0,0,0,0,0,0,0,0,0,0,0.5,0.15000000596046448,0.699999988079071,0.0,-0.4291372299194336,0,0.0,0.0,0.0
1784909502.612085,settle,0.0,0.0,0.4,-0.00011735936277545989,-0.00048166862688958645,0.4436761140823364,2.017561674118042,-0.051316116005182266,0.011342525482177734,0.6994767785072327,0.21519705653190613,3.5472140312194824,479,0,0,0.0,0.3807142376899719,0.06157812848687172,3,0.0,0.06157812848687172,0.4237622022628784,0.20501096546649933,0.009999999776482582,0.009999999776482582,0.0,0.0,0.0,0.0,0.0,0,0,0,0,0,0,0,0,0,0.5,0.15000000596046448,0.699999988079071,0.0,-0.4291372299194336,0,0.0,0.0,0.0
1784909502.63401,settle,0.0,0.0,0.4,-0.00011735936277545989,-0.00048166862688958645,0.4436761140823364,2.017561674118042,-0.051316116005182266,0.011342525482177734,0.6994767785072327,0.21519705653190613,3.5472140312194824,479,0,0,0.0,0.3807142376899719,0.06157812848687172,3,0.0,0.06157812848687172,0.4237622022628784,0.20501096546649933,0.009999999776482582,0.009999999776482582,0.0,0.0,0.0,0.0,0.0,0,0,0,0,0,0,0,0,0,0.5,0.15000000596046448,0.699999988079071,0.0,-0.4291372299194336,0,0.0,0.0,0.0
1784909502.6582751,settle,0.0,0.0,0.4,-0.004246740601956844,-0.0028314522933214903,0.44739195704460144,1.9754807949066162,-0.052925173193216324,0.0003157555765938014,0.5067772269248962,-0.317757785320282,3.5472140312194824,479,0,0,0.0,0.3807142376899719,0.06157812848687172,3,0.0,0.06157812848687172,0.4237622022628784,0.20501096546649933,0.009999999776482582,0.009999999776482582,0.0,0.0,0.0,0.0,0.0,0,0,0,0,0,0,0,0,0,0.5,0.15000000596046448,0.699999988079071,0.0,-0.42456382513046265,0,0.0,0.0,0.0
1784909502.680841,settle,0.0,0.0,0.4,-0.008403332903981209,-0.00468443613499403,0.44906312227249146,1.9601956605911255,-0.053390976041555405,-0.0057076215744018555,0.33707931637763977,-0.6403561234474182,3.5472140312194824,479,0,0,0.0,0.3807142376899719,0.06157812848687172,3,0.0,0.06157812848687172,0.4237622022628784,0.20501096546649933,0.009999999776482582,0.009999999776482582,0.0,0.0,0.0,0.0,0.0,0,0,0,0,0,0,0,0,0,0.5,0.15000000596046448,0.699999988079071,0.0,-0.42456382513046265,0,0.0,0.0,0.0
1784909502.702112,settle,0.0,0.0,0.4,-0.008403332903981209,-0.00468443613499403,0.44906312227249146,1.9601956605911255,-0.053390976041555405,-0.0057076215744018555,0.33707931637763977,-0.6403561234474182,3.5472140312194824,480,0,0,0.0,0.3807142376899719,0.061516549438238144,3,0.0,0.061516549438238144,0.4237622022628784,0.20501095056533813,0.009999999776482582,0.009999999776482582,0.0,0.0,0.0,0.0,0.0,0,0,0,0,0,0,0,0,0,0.5,0.15000000596046448,0.699999988079071,0.0,-0.420244038105011,0,0.0,0.0,0.0
1784909502.7235892,settle,0.0,0.0,0.4,-0.008403332903981209,-0.00468443613499403,0.44906312227249146,1.9601956605911255,-0.053390976041555405,-0.0057076215744018555,0.33707931637763977,-0.6403561234474182,3.5472140312194824,480,0,0,0.0,0.3807142376899719,0.061516549438238144,3,0.0,0.061516549438238144,0.4237622022628784,0.20501095056533813,0.009999999776482582,0.009999999776482582,0.0,0.0,0.0,0.0,0.0,0,0,0,0,0,0,0,0,0,0.5,0.15000000596046448,0.699999988079071,0.0,-0.420244038105011,0,0.0,0.0,0.0
1784909502.745295,settle,0.0,0.0,0.4,-0.013646543025970459,-0.009437032043933868,0.45311492681503296,1.932064414024353,-0.04915669187903404,-0.014996790327131748,0.04197847843170166,-0.9682125449180603,3.5472140312194824,480,0,0,0.0,0.3807142376899719,0.061516549438238144,3,0.0,0.061516549438238144,0.4237622022628784,0.20501095056533813,0.009999999776482582,0.009999999776482582,0.0,0.0,0.0,0.0,0.0,0,0,0,0,0,0,0,0,0,0.5,0.15000000596046448,0.699999988079071,0.0,-0.4155195951461792,0,0.0,0.0,0.0
1784909502.767475,settle,0.0,0.0,0.4,-0.013646543025970459,-0.009437032043933868,0.45311492681503296,1.932064414024353,-0.04915669187903404,-0.014996790327131748,0.04197847843170166,-0.9682125449180603,3.5472140312194824,480,0,0,0.0,0.3807142376899719,0.061516549438238144,3,0.0,0.061516549438238144,0.4237622022628784,0.20501095056533813,0.009999999776482582,0.009999999776482582,0.0,0.0,0.0,0.0,0.0,0,0,0,0,0,0,0,0,0,0.5,0.15000000596046448,0.699999988079071,0.0,-0.4155195951461792,0,0.0,0.0,0.0
1784909502.7923121,settle,0.0,0.0,0.4,-0.0124295549467206,-0.008982852101325989,0.4561866223812103,1.9233345985412598,-0.036993078887462616,-0.01273840107023716,-0.20966562628746033,-1.1706386804580688,3.552492618560791,481,0,0,0.0,0.3807142376899719,0.06145503371953964,3,0.0,0.06145503371953964,0.4237622022628784,0.20501095056533813,0.009999999776482582,0.009999999776482582,0.0,0.0,0.0,0.0,0.0,0,0,0,0,0,0,0,0,0,0.5,0.15000000596046448,0.699999988079071,0.0,-0.4145461916923523,0,0.0,0.0,0.0
1784909502.8173912,settle,0.0,0.0,0.4,-0.0124295549467206,-0.008982852101325989,0.4561866223812103,1.9233345985412598,-0.036993078887462616,-0.01273840107023716,-0.20966562628746033,-1.1706386804580688,3.552492618560791,481,0,0,0.0,0.3807142376899719,0.06145503371953964,3,0.0,0.06145503371953964,0.4237622022628784,0.20501095056533813,0.009999999776482582,0.009999999776482582,0.0,0.0,0.0,0.0,0.0,0,0,0,0,0,0,0,0,0,0.5,0.15000000596046448,0.699999988079071,0.0,-0.4145461916923523,0,0.0,0.0,0.0
1784909502.841395,settle,0.0,0.0,0.4,-0.017091408371925354,-0.011850091628730297,0.45995497703552246,1.9189637899398804,-0.036993078887462616,-0.01273840107023716,-0.20966562628746033,-1.1706386804580688,3.552492618560791,481,0,0,0.0,0.3807142376899719,0.06145503371953964,3,0.0,0.06145503371953964,0.4237622022628784,0.20501095056533813,0.009999999776482582,0.009999999776482582,0.0,0.0,0.0,0.0,0.0,0,0,0,0,0,0,0,0,0,0.5,0.15000000596046448,0.699999988079071,0.0,-0.4145461916923523,0,0.0,0.0,0.0
1784909502.866401,settle,0.0,0.0,0.4,-0.017091408371925354,-0.011850091628730297,0.45995497703552246,1.9189637899398804,-0.02913813665509224,-0.012725001201033592,-0.4568602740764618,-1.3171342611312866,3.552492618560791,481,0,0,0.0,0.3807142376899719,0.06145503371953964,3,0.0,0.06145503371953964,0.4237622022628784,0.20501095056533813,0.009999999776482582,0.009999999776482582,0.0,0.0,0.0,0.0,0.0,0,0,0,0,0,0,0,0,0,0.5,0.15000000596046448,0.699999988079071,0.0,-0.4084981679916382,0,0.0,0.0,0.0
1784909502.8892732,settle,0.0,0.0,0.4,-0.018416427075862885,-0.013596496544778347,0.46092405915260315,1.9158686399459839,-0.02065453864634037,-0.011336050927639008,-0.5427572131156921,-1.452986717224121,3.5472140312194824,482,0,0,0.0,0.3807142376899719,0.061393581330776215,3,0.0,0.061393581330776215,0.4237622022628784,0.20501095056533813,0.009999999776482582,0.009999999776482582,0.0,0.0,0.0,0.0,0.0,0,0,0,0,0,0,0,0,0,0.5,0.15000000596046448,0.699999988079071,0.0,-0.4072197675704956,0,0.0,0.0,0.0
1784909502.914051,settle,0.0,0.0,0.4,-0.018416427075862885,-0.013596496544778347,0.46092405915260315,1.9158686399459839,-0.02065453864634037,-0.011336050927639008,-0.5427572131156921,-1.452986717224121,3.5472140312194824,482,0,0,0.0,0.3807142376899719,0.061393581330776215,3,0.0,0.061393581330776215,0.4237622022628784,0.20501095056533813,0.009999999776482582,0.009999999776482582,0.0,0.0,0.0,0.0,0.0,0,0,0,0,0,0,0,0,0,0.5,0.15000000596046448,0.699999988079071,0.0,-0.4072197675704956,0,0.0,0.0,0.0
1784909502.939195,settle,0.0,0.0,0.4,-0.017602067440748215,-0.015341758728027344,0.4627610743045807,1.930893063545227,-0.003556789131835103,-0.006625539623200893,-0.7200406193733215,-1.4197428226470947,3.5472140312194824,482,0,0,0.0,0.3807142376899719,0.061393581330776215,3,0.0,0.061393581330776215,0.4237622022628784,0.20501095056533813,0.009999999776482582,0.009999999776482582,0.0,0.0,0.0,0.0,0.0,0,0,0,0,0,0,0,0,0,0.5,0.15000000596046448,0.699999988079071,0.0,-0.4072197675704956,0,0.0,0.0,0.0
1784909502.963132,settle,0.0,0.0,0.4,-0.017602067440748215,-0.015341758728027344,0.4627610743045807,1.930893063545227,-0.003556789131835103,-0.006625539623200893,-0.7200406193733215,-1.4197428226470947,3.5472140312194824,482,0,0,0.0,0.3807142376899719,0.061393581330776215,3,0.0,0.061393581330776215,0.4237622022628784,0.20501095056533813,0.009999999776482582,0.009999999776482582,0.0,0.0,0.0,0.0,0.0,0,0,0,0,0,0,0,0,0,0.5,0.15000000596046448,0.699999988079071,0.0,-0.4052615761756897,0,0.0,0.0,0.0
1784909502.9877279,settle,0.0,0.0,0.4,-0.016952188685536385,-0.016479304060339928,0.46202749013900757,1.9369977712631226,0.008139475248754025,-0.0022500588092952967,-0.889992892742157,-1.335997223854065,3.541935443878174,483,0,0,0.0,0.3807142376899719,0.06133218854665756,3,0.0,0.06133218854665756,0.4237622022628784,0.20501095056533813,0.009999999776482582,0.009999999776482582,0.0,0.0,0.0,0.0,0.0,0,0,0,0,0,0,0,0,0,0.5,0.15000000596046448,0.699999988079071,0.0,-0.4057982563972473,0,0.0,0.0,0.0
1784909503.0128052,settle,0.0,0.0,0.4,-0.016952188685536385,-0.016479304060339928,0.46202749013900757,1.9369977712631226,0.008139475248754025,-0.0022500588092952967,-0.889992892742157,-1.335997223854065,3.541935443878174,483,0,0,0.0,0.3807142376899719,0.06133218854665756,3,0.0,0.06133218854665756,0.4237622022628784,0.20501095056533813,0.009999999776482582,0.009999999776482582,0.0,0.0,0.0,0.0,0.0,0,0,0,0,0,0,0,0,0,0.5,0.15000000596046448,0.699999988079071,0.0,-0.4057982563972473,0,0.0,0.0,0.0
1784909503.0333009,settle,0.0,0.0,0.4,-0.016952188685536385,-0.016479304060339928,0.46202749013900757,1.9369977712631226,0.008139475248754025,-0.0022500588092952967,-0.889992892742157,-1.335997223854065,3.541935443878174,483,0,0,0.0,0.3807142376899719,0.06133218854665756,3,0.0,0.06133218854665756,0.4237622022628784,0.20501095056533813,0.009999999776482582,0.009999999776482582,0.0,0.0,0.0,0.0,0.0,0,0,0,0,0,0,0,0,0,0.5,0.15000000596046448,0.699999988079071,0.0,-0.4057982563972473,0,0.0,0.0,0.0
1784909503.056448,settle,0.0,0.0,0.4,-0.011662089265882969,-0.018985934555530548,0.46219438314437866,1.9650402069091797,0.0262580756098032,0.003004214493557811,-0.8965957760810852,-1.1122527122497559,3.541935443878174,483,0,0,0.0,0.3807142376899719,0.06133218854665756,3,0.0,0.06133218854665756,0.4237622022628784,0.20501095056533813,0.009999999776482582,0.009999999776482582,0.0,0.0,0.0,0.0,0.0,0,0,0,0,0,0,0,0,0,0.5,0.15000000596046448,0.699999988079071,0.0,-0.4088956117630005,0,0.0,0.0,0.0
1784909503.081701,settle,0.0,0.0,0.4,-0.009024765342473984,-0.018559643998742104,0.4622265696525574,1.9891575574874878,0.035567741841077805,0.009772434830665588,-0.9427459836006165,-0.8805675506591797,3.541935443878174,483,0,0,0.0,0.3807142376899719,0.06133218854665756,3,0.0,0.06133218854665756,0.4237622022628784,0.20501095056533813,0.009999999776482582,0.009999999776482582,0.0,0.0,0.0,0.0,0.0,0,0,0,0,0,0,0,0,0,0.5,0.15000000596046448,0.699999988079071,0.0,-0.4088956117630005,0,0.0,0.0,0.0
1784909503.1025238,settle,0.0,0.0,0.4,-0.009024765342473984,-0.018559643998742104,0.4622265696525574,1.9891575574874878,0.035567741841077805,0.009772434830665588,-0.9427459836006165,-0.8805675506591797,3.541935443878174,483,0,0,0.0,0.3807142376899719,0.06133218854665756,3,0.0,0.06133218854665756,0.4237622022628784,0.20501095056533813,0.009999999776482582,0.009999999776482582,0.0,0.0,0.0,0.0,0.0,0,0,0,0,0,0,0,0,0,0.5,0.15000000596046448,0.699999988079071,0.0,-0.4120303988456726,0,0.0,0.0,0.0
1784909503.125611,settle,0.0,0.0,0.4,-0.009024765342473984,-0.018559643998742104,0.4622265696525574,1.9891575574874878,0.035567741841077805,0.009772434830665588,-0.9427459836006165,-0.8805675506591797,3.541935443878174,483,0,0,0.0,0.3807142376899719,0.06133218854665756,3,0.0,0.06133218854665756,0.4237622022628784,0.20501095056533813,0.009999999776482582,0.009999999776482582,0.0,0.0,0.0,0.0,0.0,0,0,0,0,0,0,0,0,0,0.5,0.15000000596046448,0.699999988079071,0.0,-0.4120303988456726,0,0.0,0.0,0.0
1784909503.147758,settle,0.0,0.0,0.4,-0.000802745926193893,-0.0179340410977602,0.46333080530166626,1.9928717613220215,0.05166209116578102,0.01938784494996071,-0.9651139974594116,-0.3611700236797333,3.541935443878174,483,0,0,0.0,0.3807142376899719,0.06133218854665756,3,0.0,0.06133218854665756,0.4237622022628784,0.20501095056533813,0.009999999776482582,0.009999999776482582,0.0,0.0,0.0,0.0,0.0,0,0,0,0,0,0,0,0,0,0.5,0.15000000596046448,0.699999988079071,0.0,-0.4162878394126892,0,0.0,0.0,0.0
1784909503.170835,settle,0.0,0.0,0.4,-0.000802745926193893,-0.0179340410977602,0.46333080530166626,1.9928717613220215,0.05166209116578102,0.01938784494996071,-0.9651139974594116,-0.3611700236797333,3.541935443878174,483,0,0,0.0,0.3807142376899719,0.06133218854665756,3,0.0,0.06133218854665756,0.4237622022628784,0.20501095056533813,0.009999999776482582,0.009999999776482582,0.0,0.0,0.0,0.0,0.0,0,0,0,0,0,0,0,0,0,0.5,0.15000000596046448,0.699999988079071,0.0,-0.4162878394126892,0,0.0,0.0,0.0
1784909503.192385,settle,0.0,0.0,0.4,-0.0027025234885513783,-0.016388799995183945,0.4638344645500183,1.9971553087234497,0.05056889355182648,0.026006262749433517,-0.892196536064148,0.0642341822385788,3.5472140312194824,484,0,0,0.0,0.3807142376899719,0.061270855367183685,3,0.0,0.061270855367183685,0.4237622022628784,0.20501095056533813,0.009999999776482582,0.009999999776482582,0.0,0.0,0.0,0.0,0.0,0,0,0,0,0,0,0,0,0,0.5,0.15000000596046448,0.699999988079071,0.0,-0.4215521812438965,0,0.0,0.0,0.0
1784909503.215152,settle,0.0,0.0,0.4,-0.0027025234885513783,-0.016388799995183945,0.4638344645500183,1.9971553087234497,0.05056889355182648,0.026006262749433517,-0.892196536064148,0.0642341822385788,3.5472140312194824,484,0,0,0.0,0.3807142376899719,0.061270855367183685,3,0.0,0.061270855367183685,0.4237622022628784,0.20501095056533813,0.009999999776482582,0.009999999776482582,0.0,0.0,0.0,0.0,0.0,0,0,0,0,0,0,0,0,0,0.5,0.15000000596046448,0.699999988079071,0.0,-0.4215521812438965,0,0.0,0.0,0.0
1784909503.238705,settle,0.0,0.0,0.4,0.004485542885959148,-0.015375039540231228,0.4632439613342285,1.9770382642745972,0.050312671810388565,0.03394046053290367,-0.6850807070732117,0.5197247862815857,3.5472140312194824,484,0,0,0.0,0.3807142376899719,0.061270855367183685,3,0.0,0.061270855367183685,0.4237622022628784,0.20501095056533813,0.009999999776482582,0.009999999776482582,0.0,0.0,0.0,0.0,0.0,0,0,0,0,0,0,0,0,0,0.5,0.15000000596046448,0.699999988079071,0.0,-0.42434704303741455,0,0.0,0.0,0.0
1784909503.263202,settle,0.0,0.0,0.4,0.004485542885959148,-0.015375039540231228,0.4632439613342285,1.9770382642745972,0.050312671810388565,0.03394046053290367,-0.6850807070732117,0.5197247862815857,3.5472140312194824,484,0,0,0.0,0.3807142376899719,0.061270855367183685,3,0.0,0.061270855367183685,0.4237622022628784,0.20501095056533813,0.009999999776482582,0.009999999776482582,0.0,0.0,0.0,0.0,0.0,0,0,0,0,0,0,0,0,0,0.5,0.15000000596046448,0.699999988079071,0.0,-0.42434704303741455,0,0.0,0.0,0.0
1784909503.288071,settle,0.0,0.0,0.4,0.004950128961354494,-0.014421363361179829,0.4647667706012726,1.95317804813385,0.04899542033672333,0.038847748190164566,-0.5531240701675415,0.7629692554473877,3.541935443878174,485,0,0,0.0,0.3807142376899719,0.06120958551764488,3,0.0,0.06120958551764488,0.4237622022628784,0.20501095056533813,0.009999999776482582,0.009999999776482582,0.0,0.0,0.0,0.0,0.0,0,0,0,0,0,0,0,0,0,0.5,0.15000000596046448,0.699999988079071,0.0,-0.4278225898742676,0,0.0,0.0,0.0
1784909503.31184,settle,0.0,0.0,0.4,0.004950128961354494,-0.014421363361179829,0.4647667706012726,1.95317804813385,0.04899542033672333,0.038847748190164566,-0.5531240701675415,0.7629692554473877,3.541935443878174,485,0,0,0.0,0.3807142376899719,0.06120958551764488,3,0.0,0.06120958551764488,0.4237622022628784,0.20501095056533813,0.009999999776482582,0.009999999776482582,0.0,0.0,0.0,0.0,0.0,0,0,0,0,0,0,0,0,0,0.5,0.15000000596046448,0.699999988079071,0.0,-0.4278225898742676,0,0.0,0.0,0.0
1784909503.3342211,settle,0.0,0.0,0.4,0.004950128961354494,-0.014421363361179829,0.4647667706012726,1.95317804813385,0.04899542033672333,0.038847748190164566,-0.5531240701675415,0.7629692554473877,3.541935443878174,485,0,0,0.0,0.3807142376899719,0.06120958551764488,3,0.0,0.06120958551764488,0.4237622022628784,0.20501095056533813,0.009999999776482582,0.009999999776482582,0.0,0.0,0.0,0.0,0.0,0,0,0,0,0,0,0,0,0,0.5,0.15000000596046448,0.699999988079071,0.0,-0.4278225898742676,0,0.0,0.0,0.0
1784909503.355361,settle,0.0,0.0,0.4,0.009346566163003445,-0.011167721822857857,0.46503013372421265,1.928784966468811,0.03730340674519539,0.043266743421554565,-0.34090980887413025,1.1172161102294922,3.541935443878174,485,0,0,0.0,0.3807142376899719,0.06120958551764488,3,0.0,0.06120958551764488,0.4237622022628784,0.20501095056533813,0.009999999776482582,0.009999999776482582,0.0,0.0,0.0,0.0,0.0,0,0,0,0,0,0,0,0,0,0.5,0.15000000596046448,0.699999988079071,0.0,-0.4337974786758423,0,0.0,0.0,0.0
1784909503.375812,settle,0.0,0.0,0.4,0.009346566163003445,-0.011167721822857857,0.46503013372421265,1.928784966468811,0.03730340674519539,0.043266743421554565,-0.34090980887413025,1.1172161102294922,3.541935443878174,485,0,0,0.0,0.3807142376899719,0.06120958551764488,3,0.0,0.06120958551764488,0.4237622022628784,0.20501095056533813,0.009999999776482582,0.009999999776482582,0.0,0.0,0.0,0.0,0.0,0,0,0,0,0,0,0,0,0,0.5,0.15000000596046448,0.699999988079071,0.0,-0.4337974786758423,0,0.0,0.0,0.0
1784909503.4007082,settle,0.0,0.0,0.4,0.014599104411900043,-0.009524412453174591,0.4654519557952881,1.910696268081665,0.03374292328953743,0.04487652704119682,-0.2019614577293396,1.2889313697814941,3.5472140312194824,486,0,0,0.0,0.3807142376899719,0.061148375272750854,3,0.0,0.061148375272750854,0.4237622022628784,0.20501095056533813,0.009999999776482582,0.009999999776482582,0.0,0.0,0.0,0.0,0.0,0,0,0,0,0,0,0,0,0,0.5,0.15000000596046448,0.699999988079071,0.0,-0.43857258558273315,0,0.0,0.0,0.0
1784909503.42492,settle,0.0,0.0,0.4,0.014599104411900043,-0.009524412453174591,0.4654519557952881,1.910696268081665,0.03374292328953743,0.04487652704119682,-0.2019614577293396,1.2889313697814941,3.5472140312194824,486,0,0,0.0,0.3807142376899719,0.061148375272750854,3,0.0,0.061148375272750854,0.4237622022628784,0.20501095056533813,0.009999999776482582,0.009999999776482582,0.0,0.0,0.0,0.0,0.0,0,0,0,0,0,0,0,0,0,0.5,0.15000000596046448,0.699999988079071,0.0,-0.43857258558273315,0,0.0,0.0,0.0
1784909503.4500039,settle,0.0,0.0,0.4,0.014060456305742264,-0.007118093315511942,0.4632495939731598,1.8956395387649536,0.018284542486071587,0.04471589997410774,0.05366450548171997,1.4215013980865479,3.5472140312194824,486,0,0,0.0,0.3807142376899719,0.061148375272750854,3,0.0,0.061148375272750854,0.4237622022628784,0.20501095056533813,0.009999999776482582,0.009999999776482582,0.0,0.0,0.0,0.0,0.0,0,0,0,0,0,0,0,0,0,0.5,0.15000000596046448,0.699999988079071,0.0,-0.4397321939468384,0,0.0,0.0,0.0
1784909503.470835,settle,0.0,0.0,0.4,0.014060456305742264,-0.007118093315511942,0.4632495939731598,1.8956395387649536,0.018284542486071587,0.04471589997410774,0.05366450548171997,1.4215013980865479,3.5472140312194824,486,0,0,0.0,0.3807142376899719,0.061148375272750854,3,0.0,0.061148375272750854,0.4237622022628784,0.20501095056533813,0.009999999776482582,0.009999999776482582,0.0,0.0,0.0,0.0,0.0,0,0,0,0,0,0,0,0,0,0.5,0.15000000596046448,0.699999988079071,0.0,-0.4397321939468384,0,0.0,0.0,0.0
1784909503.4939678,settle,0.0,0.0,0.4,0.013754214160144329,-0.0047751255333423615,0.4623410403728485,1.893718957901001,0.0069257100112736225,0.0445653572678566,0.18668663501739502,1.439960241317749,3.541935443878174,487,0,0,0.0,0.3807142376899719,0.061148375272750854,3,0.0,0.061148375272750854,0.4237622022628784,0.20501095056533813,0.009999999776482582,0.009999999776482582,0.0,0.0,0.0,0.0,0.0,0,0,0,0,0,0,0,0,0,0.5,0.15000000596046448,0.699999988079071,0.0,-0.43949806690216064,0,0.0,0.0,0.0
1784909503.516382,settle,0.0,0.0,0.4,0.013754214160144329,-0.0047751255333423615,0.4623410403728485,1.893718957901001,0.0069257100112736225,0.0445653572678566,0.18668663501739502,1.439960241317749,3.541935443878174,487,0,0,0.0,0.3807142376899719,0.061148375272750854,3,0.0,0.061148375272750854,0.4237622022628784,0.20501095056533813,0.009999999776482582,0.009999999776482582,0.0,0.0,0.0,0.0,0.0,0,0,0,0,0,0,0,0,0,0.5,0.15000000596046448,0.699999988079071,0.0,-0.43949806690216064,0,0.0,0.0,0.0
1784909503.5399182,settle,0.0,0.0,0.4,0.014352808706462383,0.00041247799526900053,0.4620736837387085,1.8838003873825073,-0.004006003960967064,0.04671091213822365,0.3587037920951843,1.2634931802749634,3.541935443878174,487,0,0,0.0,0.3807142376899719,0.061148375272750854,3,0.0,0.061148375272750854,0.4237622022628784,0.20501095056533813,0.009999999776482582,0.009999999776482582,0.0,0.0,0.0,0.0,0.0,0,0,0,0,0,0,0,0,0,0.5,0.15000000596046448,0.699999988079071,0.0,-0.44068264961242676,0,0.0,0.0,0.0
1784909503.563859,settle,0.0,0.0,0.4,0.014352808706462383,0.00041247799526900053,0.4620736837387085,1.8838003873825073,-0.004006003960967064,0.04671091213822365,0.3587037920951843,1.2634931802749634,3.541935443878174,487,0,0,0.0,0.3807142376899719,0.061148375272750854,3,0.0,0.061148375272750854,0.4237622022628784,0.20501095056533813,0.009999999776482582,0.009999999776482582,0.0,0.0,0.0,0.0,0.0,0,0,0,0,0,0,0,0,0,0.5,0.15000000596046448,0.699999988079071,0.0,-0.44068264961242676,0,0.0,0.0,0.0
1784909503.584378,settle,0.0,0.0,0.4,0.011124704033136368,0.00022682073176838458,0.46211519837379456,1.8734145164489746,-0.019069911912083626,0.03956016153097153,0.5638678669929504,0.9932745695114136,3.541935443878174,487,0,0,0.0,0.3807142376899719,0.061148375272750854,3,0.0,0.061148375272750854,0.4237622022628784,0.20501095056533813,0.009999999776482582,0.009999999776482582,0.0,0.0,0.0,0.0,0.0,0,0,0,0,0,0,0,0,0,0.5,0.15000000596046448,0.699999988079071,0.0,-0.44068264961242676,0,0.0,0.0,0.0
1784909503.609308,settle,0.0,0.0,0.4,0.011124704033136368,0.00022682073176838458,0.46211519837379456,1.8734145164489746,-0.019069911912083626,0.03956016153097153,0.5638678669929504,0.9932745695114136,3.541935443878174,488,0,0,0.0,0.3807142376899719,0.0610872283577919,3,0.0,0.0610872283577919,0.4237622022628784,0.20501095056533813,0.009999999776482582,0.009999999776482582,0.0,0.0,0.0,0.0,0.0,0,0,0,0,0,0,0,0,0,0.5,0.15000000596046448,0.699999988079071,0.0,-0.43874597549438477,0,0.0,0.0,0.0
1784909503.631903,settle,0.0,0.0,0.4,0.011124704033136368,0.00022682073176838458,0.46211519837379456,1.8734145164489746,-0.019069911912083626,0.03956016153097153,0.5638678669929504,0.9932745695114136,3.541935443878174,488,0,0,0.0,0.3807142376899719,0.0610872283577919,3,0.0,0.0610872283577919,0.4237622022628784,0.20501095056533813,0.009999999776482582,0.009999999776482582,0.0,0.0,0.0,0.0,0.0,0,0,0,0,0,0,0,0,0,0.5,0.15000000596046448,0.699999988079071,0.0,-0.43874597549438477,0,0.0,0.0,0.0
1784909503.6549351,settle,0.0,0.0,0.4,0.005875326227396727,0.0023628449998795986,0.4618428647518158,1.8617011308670044,-0.03194921836256981,0.033894289284944534,0.6601101160049438,0.7368941307067871,3.541935443878174,488,0,0,0.0,0.3807142376899719,0.0610872283577919,3,0.0,0.0610872283577919,0.4237622022628784,0.20501095056533813,0.009999999776482582,0.009999999776482582,0.0,0.0,0.0,0.0,0.0,0,0,0,0,0,0,0,0,0,0.5,0.15000000596046448,0.699999988079071,0.0,-0.43318885564804077,0,0.0,0.0,0.0
1784909503.679404,settle,0.0,0.0,0.4,0.005875326227396727,0.0023628449998795986,0.4618428647518158,1.8617011308670044,-0.03194921836256981,0.033894289284944534,0.6601101160049438,0.7368941307067871,3.541935443878174,488,0,0,0.0,0.3807142376899719,0.0610872283577919,3,0.0,0.0610872283577919,0.4237622022628784,0.20501095056533813,0.009999999776482582,0.009999999776482582,0.0,0.0,0.0,0.0,0.0,0,0,0,0,0,0,0,0,0,0.5,0.15000000596046448,0.699999988079071,0.0,-0.43318885564804077,0,0.0,0.0,0.0
1784909503.7038898,settle,0.0,0.0,0.4,0.0026031341403722763,0.0011916650692000985,0.46119415760040283,1.8435335159301758,-0.03973452374339104,0.023652030155062675,0.7326465845108032,0.4425504505634308,3.541935443878174,488,0,0,0.0,0.3807142376899719,0.06102614104747772,3,0.0,0.06102614104747772,0.4237622022628784,0.20501095056533813,0.009999999776482582,0.009999999776482582,0.0,0.0,0.0,0.0,0.0,0,0,0,0,0,0,0,0,0,0.5,0.15000000596046448,0.699999988079071,0.0,-0.4358910322189331,0,0.0,0.0,0.0
1784909503.725798,settle,0.0,0.0,0.4,0.0026031341403722763,0.0011916650692000985,0.46119415760040283,1.8435335159301758,-0.03973452374339104,0.023652030155062675,0.7326465845108032,0.4425504505634308,3.541935443878174,488,0,0,0.0,0.3807142376899719,0.06102614104747772,3,0.0,0.06102614104747772,0.4237622022628784,0.20501095056533813,0.009999999776482582,0.009999999776482582,0.0,0.0,0.0,0.0,0.0,0,0,0,0,0,0,0,0,0,0.5,0.15000000596046448,0.699999988079071,0.0,-0.4358910322189331,0,0.0,0.0,0.0
1784909503.751224,settle,0.0,0.0,0.4,-0.0023688320070505142,0.001345158088952303,0.4602159559726715,1.808606505393982,-0.04652649164199829,0.015898538753390312,0.7342696189880371,0.06980980187654495,3.541935443878174,488,0,0,0.0,0.3807142376899719,0.06102614104747772,3,0.0,0.06102614104747772,0.4237622022628784,0.20501095056533813,0.009999999776482582,0.009999999776482582,0.0,0.0,0.0,0.0,0.0,0,0,0,0,0,0,0,0,0,0.5,0.15000000596046448,0.699999988079071,0.0,-0.4264838695526123,0,0.0,0.0,0.0
1784909503.7736151,settle,0.0,0.0,0.4,-0.0023688320070505142,0.001345158088952303,0.4602159559726715,1.808606505393982,-0.04652649164199829,0.015898538753390312,0.7342696189880371,0.06980980187654495,3.541935443878174,488,0,0,0.0,0.3807142376899719,0.06102614104747772,3,0.0,0.06102614104747772,0.4237622022628784,0.20501095056533813,0.009999999776482582,0.009999999776482582,0.0,0.0,0.0,0.0,0.0,0,0,0,0,0,0,0,0,0,0.5,0.15000000596046448,0.699999988079071,0.0,-0.4264838695526123,0,0.0,0.0,0.0
1784909503.798698,settle,0.0,0.0,0.4,-0.004927538335323334,3.3473665098426864e-05,0.4605201780796051,1.7392878532409668,-0.045938942581415176,0.006617379374802113,0.7089051008224487,-0.3413597643375397,3.541935443878174,489,0,0,0.0,0.3807142376899719,0.06096511706709862,3,0.0,0.06096511706709862,0.4237622022628784,0.20501095056533813,0.009999999776482582,0.009999999776482582,0.0,0.0,0.0,0.0,0.0,0,0,0,0,0,0,0,0,0,0.5,0.15000000596046448,0.699999988079071,0.0,-0.42376798391342163,0,0.0,0.0,0.0
1784909503.820686,settle,0.0,0.0,0.4,-0.004927538335323334,3.3473665098426864e-05,0.4605201780796051,1.7392878532409668,-0.045938942581415176,0.006617379374802113,0.7089051008224487,-0.3413597643375397,3.541935443878174,489,0,0,0.0,0.3807142376899719,0.06096511706709862,3,0.0,0.06096511706709862,0.4237622022628784,0.20501095056533813,0.009999999776482582,0.009999999776482582,0.0,0.0,0.0,0.0,0.0,0,0,0,0,0,0,0,0,0,0.5,0.15000000596046448,0.699999988079071,0.0,-0.42376798391342163,0,0.0,0.0,0.0
1784909503.84304,settle,0.0,0.0,0.4,-0.010252722539007664,-0.0013792522950097919,0.46028798818588257,1.6508649587631226,-0.04473114758729935,-0.0017989597981795669,0.47011661529541016,-0.7051366567611694,3.541935443878174,489,0,0,0.0,0.3807142376899719,0.06096511706709862,3,0.0,0.06096511706709862,0.4237622022628784,0.20501095056533813,0.009999999776482582,0.009999999776482582,0.0,0.0,0.0,0.0,0.0,0,0,0,0,0,0,0,0,0,0.5,0.15000000596046448,0.699999988079071,0.0,-0.4179494380950928,0,0.0,0.0,0.0
1784909503.866838,settle,0.0,0.0,0.4,-0.010252722539007664,-0.0013792522950097919,0.46028798818588257,1.6508649587631226,-0.04473114758729935,-0.0017989597981795669,0.47011661529541016,-0.7051366567611694,3.541935443878174,489,0,0,0.0,0.3807142376899719,0.06096511706709862,3,0.0,0.06096511706709862,0.4237622022628784,0.20501095056533813,0.009999999776482582,0.009999999776482582,0.0,0.0,0.0,0.0,0.0,0,0,0,0,0,0,0,0,0,0.5,0.15000000596046448,0.699999988079071,0.0,-0.4179494380950928,0,0.0,0.0,0.0
1784909503.8908842,settle,0.0,0.0,0.4,-0.009639469906687737,-0.005108511541038752,0.4591246247291565,1.57552170753479,-0.03574163466691971,-0.008967234753072262,0.34200605750083923,-1.048592209815979,3.541935443878174,491,0,0,0.0,0.3807142376899719,0.060843247920274734,3,0.0,0.060843247920274734,0.4237622022628784,0.20501095056533813,0.009999999776482582,0.009999999776482582,0.0,0.0,0.0,0.0,0.0,0,0,0,0,0,0,0,0,0,0.5,0.15000000596046448,0.699999988079071,0.0,-0.4179716110229492,0,0.0,0.0,0.0
1784909503.911181,settle,0.0,0.0,0.4,-0.009639469906687737,-0.005108511541038752,0.4591246247291565,1.57552170753479,-0.03574163466691971,-0.008967234753072262,0.34200605750083923,-1.048592209815979,3.541935443878174,491,0,0,0.0,0.3807142376899719,0.060843247920274734,3,0.0,0.060843247920274734,0.4237622022628784,0.20501095056533813,0.009999999776482582,0.009999999776482582,0.0,0.0,0.0,0.0,0.0,0,0,0,0,0,0,0,0,0,0.5,0.15000000596046448,0.699999988079071,0.0,-0.4179716110229492,0,0.0,0.0,0.0
1784909503.935328,settle,0.0,0.0,0.4,-0.01233111135661602,-0.007497782353311777,0.45892030000686646,1.5144041776657104,-0.027444809675216675,-0.014943500980734825,0.10443899035453796,-1.219300389289856,3.541935443878174,491,0,0,0.0,0.3807142376899719,0.060843247920274734,3,0.0,0.060843247920274734,0.4237622022628784,0.20501095056533813,0.009999999776482582,0.009999999776482582,0.0,0.0,0.0,0.0,0.0,0,0,0,0,0,0,0,0,0,0.5,0.15000000596046448,0.699999988079071,0.0,-0.4179716110229492,0,0.0,0.0,0.0
1784909503.9578109,settle,0.0,0.0,0.4,-0.01233111135661602,-0.007497782353311777,0.45892030000686646,1.5144041776657104,-0.027444809675216675,-0.014943500980734825,0.10443899035453796,-1.219300389289856,3.541935443878174,491,0,0,0.0,0.3807142376899719,0.060843247920274734,3,0.0,0.060843247920274734,0.4237622022628784,0.20501095056533813,0.009999999776482582,0.009999999776482582,0.0,0.0,0.0,0.0,0.0,0,0,0,0,0,0,0,0,0,0.5,0.15000000596046448,0.699999988079071,0.0,-0.414006769657135,0,0.0,0.0,0.0
1784909503.981312,settle,0.0,0.0,0.4,-0.01252417080104351,-0.010200348682701588,0.4585091471672058,1.4427649974822998,-0.01742292195558548,-0.02060023881494999,-0.21226993203163147,-1.2176061868667603,3.541935443878174,491,0,0,0.0,0.3807142376899719,0.060843247920274734,3,0.0,0.060843247920274734,0.4237622022628784,0.20501095056533813,0.009999999776482582,0.009999999776482582,0.0,0.0,0.0,0.0,0.0,0,0,0,0,0,0,0,0,0,0.5,0.15000000596046448,0.699999988079071,0.0,-0.414006769657135,0,0.0,0.0,0.0
1784909504.0062962,settle,0.0,0.0,0.4,-0.01252417080104351,-0.010200348682701588,0.4585091471672058,1.4427649974822998,-0.01742292195558548,-0.02060023881494999,-0.21226993203163147,-1.2176061868667603,3.541935443878174,492,0,0,0.0,0.3807142376899719,0.060843247920274734,3,0.0,0.060843247920274734,0.4237622022628784,0.20501095056533813,0.009999999776482582,0.009999999776482582,0.0,0.0,0.0,0.0,0.0,0,0,0,0,0,0,0,0,0,0.5,0.15000000596046448,0.699999988079071,0.0,-0.41323333978652954,0,0.0,0.0,0.0
1784909504.0313861,settle,0.0,0.0,0.4,-0.01252417080104351,-0.010200348682701588,0.4585091471672058,1.4427649974822998,-0.01742292195558548,-0.02060023881494999,-0.21226993203163147,-1.2176061868667603,3.541935443878174,492,0,0,0.0,0.3807142376899719,0.060843247920274734,3,0.0,0.060843247920274734,0.4237622022628784,0.20501095056533813,0.009999999776482582,0.009999999776482582,0.0,0.0,0.0,0.0,0.0,0,0,0,0,0,0,0,0,0,0.5,0.15000000596046448,0.699999988079071,0.0,-0.41323333978652954,0,0.0,0.0,0.0
1784909504.056351,settle,0.0,0.0,0.4,-0.013587502762675285,-0.017035573720932007,0.4578002095222473,1.3890303373336792,-0.00598869426175952,-0.023806309327483177,-0.4822869300842285,-1.2276899814605713,3.541935443878174,492,0,0,0.0,0.3807142376899719,0.060843247920274734,3,0.0,0.060843247920274734,0.4237622022628784,0.20501095056533813,0.009999999776482582,0.009999999776482582,0.0,0.0,0.0,0.0,0.0,0,0,0,0,0,0,0,0,0,0.5,0.15000000596046448,0.699999988079071,0.0,-0.41002386808395386,0,0.0,0.0,0.0
1784909504.079214,settle,0.0,0.0,0.4,-0.013927407562732697,-0.0216472577303648,0.4589947462081909,1.3551979064941406,-0.00598869426175952,-0.023806309327483177,-0.4822869300842285,-1.2276899814605713,3.541935443878174,492,0,0,0.0,0.3807142376899719,0.060843247920274734,3,0.0,0.060843247920274734,0.4237622022628784,0.20501095056533813,0.009999999776482582,0.009999999776482582,0.0,0.0,0.0,0.0,0.0,0,0,0,0,0,0,0,0,0,0.5,0.15000000596046448,0.699999988079071,0.0,-0.41002386808395386,0,0.0,0.0,0.0
1784909504.101656,settle,0.0,0.0,0.4,-0.013927407562732697,-0.0216472577303648,0.4589947462081909,1.3551979064941406,0.003762686625123024,-0.02413579449057579,-0.7845621705055237,-1.1657798290252686,3.541935443878174,492,0,0,0.0,0.3807142376899719,0.060782406479120255,3,0.0,0.060782406479120255,0.4237622022628784,0.20501095056533813,0.009999999776482582,0.009999999776482582,0.0,0.0,0.0,0.0,0.0,0,0,0,0,0,0,0,0,0,0.5,0.15000000596046448,0.699999988079071,0.0,-0.4094719886779785,0,0.0,0.0,0.0
1784909504.1233852,settle,0.0,0.0,0.4,-0.013927407562732697,-0.0216472577303648,0.4589947462081909,1.3551979064941406,0.003762686625123024,-0.02413579449057579,-0.7845621705055237,-1.1657798290252686,3.541935443878174,492,0,0,0.0,0.3807142376899719,0.060782406479120255,3,0.0,0.060782406479120255,0.4237622022628784,0.20501095056533813,0.009999999776482582,0.009999999776482582,0.0,0.0,0.0,0.0,0.0,0,0,0,0,0,0,0,0,0,0.5,0.15000000596046448,0.699999988079071,0.0,-0.4094719886779785,0,0.0,0.0,0.0
1784909504.1473038,settle,0.0,0.0,0.4,-0.013173783197999,-0.02422183007001877,0.45852571725845337,1.3190226554870605,0.013589002192020416,-0.018621766939759254,-1.0780302286148071,-1.0187145471572876,3.541935443878174,492,0,0,0.0,0.3807142376899719,0.060782406479120255,3,0.0,0.060782406479120255,0.4237622022628784,0.20501095056533813,0.009999999776482582,0.009999999776482582,0.0,0.0,0.0,0.0,0.0,0,0,0,0,0,0,0,0,0,0.5,0.15000000596046448,0.699999988079071,0.0,-0.40797722339630127,0,0.0,0.0,0.0
1784909504.172384,settle,0.0,0.0,0.4,-0.013173783197999,-0.02422183007001877,0.45852571725845337,1.3190226554870605,0.013589002192020416,-0.018621766939759254,-1.0780302286148071,-1.0187145471572876,3.541935443878174,492,0,0,0.0,0.3807142376899719,0.060782406479120255,3,0.0,0.060782406479120255,0.4237622022628784,0.20501095056533813,0.009999999776482582,0.009999999776482582,0.0,0.0,0.0,0.0,0.0,0,0,0,0,0,0,0,0,0,0.5,0.15000000596046448,0.699999988079071,0.0,-0.40797722339630127,0,0.0,0.0,0.0
1784909504.197269,settle,0.0,0.0,0.4,-0.013262148015201092,-0.032109398394823074,0.4558778405189514,1.3057302236557007,0.019752128049731255,-0.019595827907323837,-1.4117512702941895,-0.73505038022995,3.541935443878174,493,0,0,0.0,0.3807142376899719,0.06072162464261055,3,0.0,0.06072162464261055,0.4237622022628784,0.20501095056533813,0.009999999776482582,0.009999999776482582,0.0,0.0,0.0,0.0,0.0,0,0,0,0,0,0,0,0,0,0.5,0.15000000596046448,0.699999988079071,0.0,-0.40545588731765747,0,0.0,0.0,0.0
1784909504.219079,settle,0.0,0.0,0.4,-0.013262148015201092,-0.032109398394823074,0.4558778405189514,1.3057302236557007,0.019752128049731255,-0.019595827907323837,-1.4117512702941895,-0.73505038022995,3.541935443878174,493,0,0,0.0,0.3807142376899719,0.06072162464261055,3,0.0,0.06072162464261055,0.4237622022628784,0.20501095056533813,0.009999999776482582,0.009999999776482582,0.0,0.0,0.0,0.0,0.0,0,0,0,0,0,0,0,0,0,0.5,0.15000000596046448,0.699999988079071,0.0,-0.40545588731765747,0,0.0,0.0,0.0
1784909504.2425349,settle,0.0,0.0,0.4,-0.008082134649157524,-0.03198163956403732,0.45472031831741333,1.278159737586975,0.03170587122440338,-0.005017426796257496,-1.7236825227737427,-0.5718151330947876,3.541935443878174,493,0,0,0.0,0.3807142376899719,0.06072162464261055,3,0.0,0.06072162464261055,0.4237622022628784,0.20501095056533813,0.009999999776482582,0.009999999776482582,0.0,0.0,0.0,0.0,0.0,0,0,0,0,0,0,0,0,0,0.5,0.15000000596046448,0.699999988079071,0.0,-0.4084318280220032,0,0.0,0.0,0.0
1784909504.2637792,settle,0.0,0.0,0.4,-0.008082134649157524,-0.03198163956403732,0.45472031831741333,1.278159737586975,0.03170587122440338,-0.005017426796257496,-1.7236825227737427,-0.5718151330947876,3.541935443878174,493,0,0,0.0,0.3807142376899719,0.06072162464261055,3,0.0,0.06072162464261055,0.4237622022628784,0.20501095056533813,0.009999999776482582,0.009999999776482582,0.0,0.0,0.0,0.0,0.0,0,0,0,0,0,0,0,0,0,0.5,0.15000000596046448,0.699999988079071,0.0,-0.4084318280220032,0,0.0,0.0,0.0
1784909504.284043,settle,0.0,0.0,0.4,-0.008390745148062706,-0.03334219381213188,0.4536248743534088,1.2542848587036133,0.03256657347083092,0.008220754563808441,-1.8678590059280396,-0.29813405871391296,3.5366568565368652,493,0,0,0.0,0.3807142376899719,0.06072162464261055,3,0.0,0.06072162464261055,0.4237622022628784,0.20501095056533813,0.009999999776482582,0.009999999776482582,0.0,0.0,0.0,0.0,0.0,0,0,0,0,0,0,0,0,0,0.5,0.15000000596046448,0.699999988079071,0.0,-0.4084318280220032,0,0.0,0.0,0.0
1784909504.308049,settle,0.0,0.0,0.4,-0.008390745148062706,-0.03334219381213188,0.4536248743534088,1.2542848587036133,0.03256657347083092,0.008220754563808441,-1.8678590059280396,-0.29813405871391296,3.5366568565368652,494,0,0,0.0,0.3807142376899719,0.06066090241074562,3,0.0,0.06066090241074562,0.4237622022628784,0.20501095056533813,0.009999999776482582,0.009999999776482582,0.0,0.0,0.0,0.0,0.0,0,0,0,0,0,0,0,0,0,0.5,0.15000000596046448,0.699999988079071,0.0,-0.4105112552642822,0,0.0,0.0,0.0
1784909504.3303459,settle,0.0,0.0,0.4,-0.008390745148062706,-0.03334219381213188,0.4536248743534088,1.2542848587036133,0.03256657347083092,0.008220754563808441,-1.8678590059280396,-0.29813405871391296,3.5366568565368652,494,0,0,0.0,0.3807142376899719,0.06066090241074562,3,0.0,0.06066090241074562,0.4237622022628784,0.20501095056533813,0.009999999776482582,0.009999999776482582,0.0,0.0,0.0,0.0,0.0,0,0,0,0,0,0,0,0,0,0.5,0.15000000596046448,0.699999988079071,0.0,-0.4105112552642822,0,0.0,0.0,0.0
1784909504.355581,settle,0.0,0.0,0.4,-0.003849522676318884,-0.03319152444601059,0.45352739095687866,1.2261195182800293,0.03815146163105965,0.023112483322620392,-1.8359988927841187,-0.054585013538599014,3.5366568565368652,494,0,0,0.0,0.3807142376899719,0.06066090241074562,3,0.0,0.06066090241074562,0.4237622022628784,0.20501095056533813,0.009999999776482582,0.009999999776482582,0.0,0.0,0.0,0.0,0.0,0,0,0,0,0,0,0,0,0,0.5,0.15000000596046448,0.699999988079071,0.0,-0.41160041093826294,0,0.0,0.0,0.0
1784909504.3806531,settle,0.0,0.0,0.4,0.000762087176553905,-0.02974686399102211,0.453764408826828,1.201776385307312,0.042288508266210556,0.04157287999987602,-1.7095650434494019,0.09468524158000946,3.5366568565368652,494,0,0,0.0,0.3807142376899719,0.06066090241074562,3,0.0,0.06066090241074562,0.4237622022628784,0.20501095056533813,0.009999999776482582,0.009999999776482582,0.0,0.0,0.0,0.0,0.0,0,0,0,0,0,0,0,0,0,0.5,0.15000000596046448,0.699999988079071,0.0,-0.41160041093826294,0,0.0,0.0,0.0
1784909504.403394,settle,0.0,0.0,0.4,0.000762087176553905,-0.02974686399102211,0.453764408826828,1.201776385307312,0.042288508266210556,0.04157287999987602,-1.7095650434494019,0.09468524158000946,3.541935443878174,495,0,0,0.0,0.3807142376899719,0.06066090241074562,3,0.0,0.06066090241074562,0.4237622022628784,0.20501095056533813,0.009999999776482582,0.009999999776482582,0.0,0.0,0.0,0.0,0.0,0,0,0,0,0,0,0,0,0,0.5,0.15000000596046448,0.699999988079071,0.0,-0.4166640043258667,0,0.0,0.0,0.0
1784909504.426646,settle,0.0,0.0,0.4,0.000762087176553905,-0.02974686399102211,0.453764408826828,1.201776385307312,0.042288508266210556,0.04157287999987602,-1.7095650434494019,0.09468524158000946,3.541935443878174,495,0,0,0.0,0.3807142376899719,0.06066090241074562,3,0.0,0.06066090241074562,0.4237622022628784,0.20501095056533813,0.009999999776482582,0.009999999776482582,0.0,0.0,0.0,0.0,0.0,0,0,0,0,0,0,0,0,0,0.5,0.15000000596046448,0.699999988079071,0.0,-0.4166640043258667,0,0.0,0.0,0.0
1784909504.447453,settle,0.0,0.0,0.4,0.003952599596232176,-0.026510246098041534,0.4532303810119629,1.1658475399017334,0.0421176478266716,0.05641445145010948,-1.3924031257629395,0.43338021636009216,3.541935443878174,495,0,0,0.0,0.3807142376899719,0.06066090241074562,3,0.0,0.06066090241074562,0.4237622022628784,0.20501095056533813,0.009999999776482582,0.009999999776482582,0.0,0.0,0.0,0.0,0.0,0,0,0,0,0,0,0,0,0,0.5,0.15000000596046448,0.699999988079071,0.0,-0.42226237058639526,0,0.0,0.0,0.0
1784909504.4719539,settle,0.0,0.0,0.4,0.003952599596232176,-0.026510246098041534,0.4532303810119629,1.1658475399017334,0.0421176478266716,0.05641445145010948,-1.3924031257629395,0.43338021636009216,3.541935443878174,495,0,0,0.0,0.3807142376899719,0.06066090241074562,3,0.0,0.06066090241074562,0.4237622022628784,0.20501095056533813,0.009999999776482582,0.009999999776482582,0.0,0.0,0.0,0.0,0.0,0,0,0,0,0,0,0,0,0,0.5,0.15000000596046448,0.699999988079071,0.0,-0.42226237058639526,0,0.0,0.0,0.0
1784909504.494064,settle,0.0,0.0,0.4,0.003488281974568963,-0.02349061891436577,0.4531644284725189,1.1280279159545898,0.031675055623054504,0.06647691875696182,-1.0337320566177368,0.7601669430732727,3.5366568565368652,495,0,0,0.0,0.3807142376899719,0.060600243508815765,3,0.0,0.060600243508815765,0.4237622022628784,0.20501095056533813,0.009999999776482582,0.009999999776482582,0.0,0.0,0.0,0.0,0.0,0,0,0,0,0,0,0,0,0,0.5,0.15000000596046448,0.699999988079071,0.0,-0.4242333769798279,0,0.0,0.0,0.0
1784909504.514842,settle,0.0,0.0,0.4,0.003488281974568963,-0.02349061891436577,0.4531644284725189,1.1280279159545898,0.031675055623054504,0.06647691875696182,-1.0337320566177368,0.7601669430732727,3.5366568565368652,495,0,0,0.0,0.3807142376899719,0.060600243508815765,3,0.0,0.060600243508815765,0.4237622022628784,0.20501095056533813,0.009999999776482582,0.009999999776482582,0.0,0.0,0.0,0.0,0.0,0,0,0,0,0,0,0,0,0,0.5,0.15000000596046448,0.699999988079071,0.0,-0.4242333769798279,0,0.0,0.0,0.0
1784909504.536993,settle,0.0,0.0,0.4,0.0015609153779223561,-0.02060672640800476,0.452683687210083,1.0942250490188599,0.020148681476712227,0.0732574537396431,-0.6456660628318787,0.9525581002235413,3.5366568565368652,495,0,0,0.0,0.3807142376899719,0.060600243508815765,3,0.0,0.060600243508815765,0.4237622022628784,0.20501095056533813,0.009999999776482582,0.009999999776482582,0.0,0.0,0.0,0.0,0.0,0,0,0,0,0,0,0,0,0,0.5,0.15000000596046448,0.699999988079071,0.0,-0.42351001501083374,0,0.0,0.0,0.0
1784909504.559066,settle,0.0,0.0,0.4,0.0015609153779223561,-0.02060672640800476,0.452683687210083,1.0942250490188599,0.020148681476712227,0.0732574537396431,-0.6456660628318787,0.9525581002235413,3.5366568565368652,495,0,0,0.0,0.3807142376899719,0.060600243508815765,3,0.0,0.060600243508815765,0.4237622022628784,0.20501095056533813,0.009999999776482582,0.009999999776482582,0.0,0.0,0.0,0.0,0.0,0,0,0,0,0,0,0,0,0,0.5,0.15000000596046448,0.699999988079071,0.0,-0.42351001501083374,0,0.0,0.0,0.0
1784909504.583222,settle,0.0,0.0,0.4,0.00458324421197176,-0.016985725611448288,0.45194411277770996,1.0519942045211792,0.0155188562348485,0.07984989136457443,-0.22822482883930206,0.8925315737724304,3.541935443878174,495,0,0,0.0,0.3807142376899719,0.060600243508815765,3,0.0,0.060600243508815765,0.4237622022628784,0.20501095056533813,0.009999999776482582,0.009999999776482582,0.0,0.0,0.0,0.0,0.0,0,0,0,0,0,0,0,0,0,0.5,0.15000000596046448,0.699999988079071,0.0,-0.42351001501083374,0,0.0,0.0,0.0
1784909504.604383,settle,0.0,0.0,0.4,0.00458324421197176,-0.016985725611448288,0.45194411277770996,1.0519942045211792,0.0155188562348485,0.07984989136457443,-0.22822482883930206,0.8925315737724304,3.541935443878174,496,0,0,0.0,0.3807142376899719,0.060539644211530685,3,0.0,0.060539644211530685,0.4237622022628784,0.20501095056533813,0.009999999776482582,0.009999999776482582,0.0,0.0,0.0,0.0,0.0,0,0,0,0,0,0,0,0,0,0.5,0.15000000596046448,0.699999988079071,0.0,-0.4266290068626404,0,0.0,0.0,0.0
1784909504.6294558,settle,0.0,0.0,0.4,0.00458324421197176,-0.016985725611448288,0.45194411277770996,1.0519942045211792,0.0155188562348485,0.07984989136457443,-0.22822482883930206,0.8925315737724304,3.541935443878174,496,0,0,0.0,0.3807142376899719,0.060539644211530685,3,0.0,0.060539644211530685,0.4237622022628784,0.20501095056533813,0.009999999776482582,0.009999999776482582,0.0,0.0,0.0,0.0,0.0,0,0,0,0,0,0,0,0,0,0.5,0.15000000596046448,0.699999988079071,0.0,-0.4266290068626404,0,0.0,0.0,0.0
1784909504.6545541,settle,0.0,0.0,0.4,0.0033686328679323196,-0.011745992116630077,0.4509641230106354,0.9938974976539612,0.005243772175163031,0.0794449895620346,0.15762923657894135,0.8687285780906677,3.541935443878174,496,0,0,0.0,0.3807142376899719,0.060539644211530685,3,0.0,0.060539644211530685,0.4237622022628784,0.20501095056533813,0.009999999776482582,0.009999999776482582,0.0,0.0,0.0,0.0,0.0,0,0,0,0,0,0,0,0,0,0.5,0.15000000596046448,0.699999988079071,0.0,-0.4270171523094177,0,0.0,0.0,0.0
1784909504.678656,settle,0.0,0.0,0.4,0.0033686328679323196,-0.011745992116630077,0.4509641230106354,0.9938974976539612,0.005243772175163031,0.0794449895620346,0.15762923657894135,0.8687285780906677,3.541935443878174,496,0,0,0.0,0.3807142376899719,0.060539644211530685,3,0.0,0.060539644211530685,0.4237622022628784,0.20501095056533813,0.009999999776482582,0.009999999776482582,0.0,0.0,0.0,0.0,0.0,0,0,0,0,0,0,0,0,0,0.5,0.15000000596046448,0.699999988079071,0.0,-0.4270171523094177,0,0.0,0.0,0.0
1784909504.701313,settle,0.0,0.0,0.4,0.004010325763374567,-0.008006345480680466,0.4493771195411682,0.9505529999732971,-0.0008955873781815171,0.07667772471904755,0.46382492780685425,0.7738655805587769,3.5366568565368652,497,0,0,0.0,0.3807142376899719,0.06047910451889038,3,0.0,0.06047910451889038,0.4237622022628784,0.20501095056533813,0.009999999776482582,0.009999999776482582,0.0,0.0,0.0,0.0,0.0,0,0,0,0,0,0,0,0,0,0.5,0.15000000596046448,0.699999988079071,0.0,-0.4302731156349182,0,0.0,0.0,0.0
1784909504.724386,settle,0.0,0.0,0.4,0.004010325763374567,-0.008006345480680466,0.4493771195411682,0.9505529999732971,-0.0008955873781815171,0.07667772471904755,0.46382492780685425,0.7738655805587769,3.5366568565368652,497,0,0,0.0,0.3807142376899719,0.06047910451889038,3,0.0,0.06047910451889038,0.4237622022628784,0.20501095056533813,0.009999999776482582,0.009999999776482582,0.0,0.0,0.0,0.0,0.0,0,0,0,0,0,0,0,0,0,0.5,0.15000000596046448,0.699999988079071,0.0,-0.4302731156349182,0,0.0,0.0,0.0
1784909504.744524,settle,0.0,0.0,0.4,0.004700302146375179,-0.00377434934489429,0.44783008098602295,0.8866036534309387,-0.005376607179641724,0.07236795127391815,0.753951907157898,0.6026211977005005,3.5366568565368652,497,0,0,0.0,0.3807142376899719,0.06047910451889038,3,0.0,0.06047910451889038,0.4237622022628784,0.20501095056533813,0.009999999776482582,0.009999999776482582,0.0,0.0,0.0,0.0,0.0,0,0,0,0,0,0,0,0,0,0.5,0.15000000596046448,0.699999988079071,0.0,-0.43069159984588623,0,0.0,0.0,0.0
1784909504.7647932,settle,0.0,0.0,0.4,0.004700302146375179,-0.00377434934489429,0.44783008098602295,0.8866036534309387,-0.005376607179641724,0.07236795127391815,0.753951907157898,0.6026211977005005,3.5366568565368652,497,0,0,0.0,0.3807142376899719,0.06047910451889038,3,0.0,0.06047910451889038,0.4237622022628784,0.20501095056533813,0.009999999776482582,0.009999999776482582,0.0,0.0,0.0,0.0,0.0,0,0,0,0,0,0,0,0,0,0.5,0.15000000596046448,0.699999988079071,0.0,-0.43069159984588623,0,0.0,0.0,0.0
1784909504.7872682,settle,0.0,0.0,0.4,0.005399669520556927,0.0003878858988173306,0.4468296468257904,0.8472280502319336,-0.007791485637426376,0.06591609865427017,1.036627173423767,0.4179365038871765,3.5366568565368652,498,0,0,0.0,0.3807142376899719,0.06041862443089485,3,0.0,0.06041862443089485,0.4237622022628784,0.20501095056533813,0.009999999776482582,0.009999999776482582,0.0,0.0,0.0,0.0,0.0,0,0,0,0,0,0,0,0,0,0.5,0.15000000596046448,0.699999988079071,0.0,-0.43300849199295044,0,0.0,0.0,0.0
1784909504.811431,settle,0.0,0.0,0.4,0.005399669520556927,0.0003878858988173306,0.4468296468257904,0.8472280502319336,-0.007791485637426376,0.06591609865427017,1.036627173423767,0.4179365038871765,3.5366568565368652,498,0,0,0.0,0.3807142376899719,0.06041862443089485,3,0.0,0.06041862443089485,0.4237622022628784,0.20501095056533813,0.009999999776482582,0.009999999776482582,0.0,0.0,0.0,0.0,0.0,0,0,0,0,0,0,0,0,0,0.5,0.15000000596046448,0.699999988079071,0.0,-0.43300849199295044,0,0.0,0.0,0.0
1784909504.8339689,settle,0.0,0.0,0.4,0.005399669520556927,0.0003878858988173306,0.4468296468257904,0.8472280502319336,-0.007791485637426376,0.06591609865427017,1.036627173423767,0.4179365038871765,3.5366568565368652,498,0,0,0.0,0.3807142376899719,0.06041862443089485,3,0.0,0.06041862443089485,0.4237622022628784,0.20501095056533813,0.009999999776482582,0.009999999776482582,0.0,0.0,0.0,0.0,0.0,0,0,0,0,0,0,0,0,0,0.5,0.15000000596046448,0.699999988079071,0.0,-0.43300849199295044,0,0.0,0.0,0.0
1784909504.8585842,settle,0.0,0.0,0.4,0.0010655424557626247,0.0032340381294488907,0.4459376633167267,0.8204402327537537,-0.017587145790457726,0.05589393153786659,1.217468023300171,0.3593640625476837,3.5366568565368652,498,0,0,0.0,0.3807142376899719,0.06041862443089485,3,0.0,0.06041862443089485,0.4237622022628784,0.20501095056533813,0.009999999776482582,0.009999999776482582,0.0,0.0,0.0,0.0,0.0,0,0,0,0,0,0,0,0,0,0.5,0.15000000596046448,0.699999988079071,0.0,-0.4299318194389343,0,0.0,0.0,0.0
1784909504.881363,settle,0.0,0.0,0.4,0.00021793638006784022,0.004707109648734331,0.44630157947540283,0.7901999354362488,-0.019823718816041946,0.04316435009241104,1.3003424406051636,0.17192654311656952,3.5366568565368652,498,0,0,0.0,0.3807142376899719,0.06041862443089485,3,0.0,0.06041862443089485,0.4237622022628784,0.20501095056533813,0.009999999776482582,0.009999999776482582,0.0,0.0,0.0,0.0,0.0,0,0,0,0,0,0,0,0,0,0.5,0.15000000596046448,0.699999988079071,0.0,-0.4299318194389343,0,0.0,0.0,0.0
1784909504.904607,settle,0.0,0.0,0.4,0.00021793638006784022,0.004707109648734331,0.44630157947540283,0.7901999354362488,-0.019823718816041946,0.04316435009241104,1.3003424406051636,0.17192654311656952,3.5313782691955566,500,0,0,0.0,0.3807142376899719,0.060358207672834396,3,0.0,0.060358207672834396,0.4237622022628784,0.20501095056533813,0.009999999776482582,0.009999999776482582,0.0,0.0,0.0,0.0,0.0,0,0,0,0,0,0,0,0,0,0.5,0.15000000596046448,0.699999988079071,0.0,-0.4303693175315857,0,0.0,0.0,0.0
1784909504.926674,settle,0.0,0.0,0.4,0.00021793638006784022,0.004707109648734331,0.44630157947540283,0.7901999354362488,-0.019823718816041946,0.04316435009241104,1.3003424406051636,0.17192654311656952,3.5313782691955566,500,0,0,0.0,0.3807142376899719,0.060358207672834396,3,0.0,0.060358207672834396,0.4237622022628784,0.20501095056533813,0.009999999776482582,0.009999999776482582,0.0,0.0,0.0,0.0,0.0,0,0,0,0,0,0,0,0,0,0.5,0.15000000596046448,0.699999988079071,0.0,-0.4303693175315857,0,0.0,0.0,0.0
1784909504.9514492,settle,0.0,0.0,0.4,-0.00011137449473608285,0.005707004573196173,0.4450594186782837,0.7488943338394165,-0.018935242667794228,0.03023536130785942,1.315474510192871,-0.08694025129079819,3.5313782691955566,500,0,0,0.0,0.3807142376899719,0.060358207672834396,3,0.0,0.060358207672834396,0.4237622022628784,0.20501095056533813,0.009999999776482582,0.009999999776482582,0.0,0.0,0.0,0.0,0.0,0,0,0,0,0,0,0,0,0,0.5,0.15000000596046448,0.699999988079071,0.0,-0.429584264755249,0,0.0,0.0,0.0
1784909504.9745338,settle,0.0,0.0,0.4,-0.00011137449473608285,0.005707004573196173,0.4450594186782837,0.7488943338394165,-0.018935242667794228,0.03023536130785942,1.315474510192871,-0.08694025129079819,3.5313782691955566,500,0,0,0.0,0.3807142376899719,0.060358207672834396,3,0.0,0.060358207672834396,0.4237622022628784,0.20501095056533813,0.009999999776482582,0.009999999776482582,0.0,0.0,0.0,0.0,0.0,0,0,0,0,0,0,0,0,0,0.5,0.15000000596046448,0.699999988079071,0.0,-0.429584264755249,0,0.0,0.0,0.0
1784909504.994865,settle,0.0,0.0,0.4,-0.0019831759855151176,0.004539502318948507,0.44412124156951904,0.7254458069801331,-0.019136516377329826,0.015224717557430267,1.169039011001587,-0.22088268399238586,3.5313782691955566,500,0,0,0.0,0.3807142376899719,0.060297850519418716,3,0.0,0.060297850519418716,0.4237622022628784,0.20501095056533813,0.009999999776482582,0.009999999776482582,0.0,0.0,0.0,0.0,0.0,0,0,0,0,0,0,0,0,0,0.5,0.15000000596046448,0.699999988079071,0.0,-0.4275761842727661,0,0.0,0.0,0.0
1784909505.015147,settle,0.0,0.0,0.4,-0.0019831759855151176,0.004539502318948507,0.44412124156951904,0.7254458069801331,-0.019136516377329826,0.015224717557430267,1.169039011001587,-0.22088268399238586,3.5313782691955566,500,0,0,0.0,0.3807142376899719,0.060297850519418716,3,0.0,0.060297850519418716,0.4237622022628784,0.20501095056533813,0.009999999776482582,0.009999999776482582,0.0,0.0,0.0,0.0,0.0,0,0,0,0,0,0,0,0,0,0.5,0.15000000596046448,0.699999988079071,0.0,-0.4275761842727661,0,0.0,0.0,0.0
1784909505.0357409,settle,0.0,0.0,0.4,-0.0030725006945431232,0.0029815426096320152,0.443573534488678,0.6847357749938965,-0.017001604661345482,0.0020212484523653984,1.022016167640686,-0.361299067735672,3.5313782691955566,500,0,0,0.0,0.3807142376899719,0.060297850519418716,3,0.0,0.060297850519418716,0.4237622022628784,0.20501095056533813,0.009999999776482582,0.009999999776482582,0.0,0.0,0.0,0.0,0.0,0,0,0,0,0,0,0,0,0,0.5,0.15000000596046448,0.699999988079071,0.0,-0.42604291439056396,0,0.0,0.0,0.0
1784909505.058965,settle,0.0,0.0,0.4,-0.0030725006945431232,0.0029815426096320152,0.443573534488678,0.6847357749938965,-0.017001604661345482,0.0020212484523653984,1.022016167640686,-0.361299067735672,3.5313782691955566,500,0,0,0.0,0.3807142376899719,0.060297850519418716,3,0.0,0.060297850519418716,0.4237622022628784,0.20501095056533813,0.009999999776482582,0.009999999776482582,0.0,0.0,0.0,0.0,0.0,0,0,0,0,0,0,0,0,0,0.5,0.15000000596046448,0.699999988079071,0.0,-0.42604291439056396,0,0.0,0.0,0.0
1784909505.08304,settle,0.0,0.0,0.4,-0.003716513514518738,-0.00013166337157599628,0.4442390501499176,0.6496033668518066,-0.013078639283776283,-0.011099597439169884,0.7113339900970459,-0.4824555516242981,3.5366568565368652,500,0,0,0.0,0.3807142376899719,0.060297850519418716,3,0.0,0.060297850519418716,0.4237622022628784,0.20501095056533813,0.009999999776482582,0.009999999776482582,0.0,0.0,0.0,0.0,0.0,0,0,0,0,0,0,0,0,0,0.5,0.15000000596046448,0.699999988079071,0.0,-0.42604291439056396,0,0.0,0.0,0.0
1784909505.106571,settle,0.0,0.0,0.4,-0.003716513514518738,-0.00013166337157599628,0.4442390501499176,0.6496033668518066,-0.013078639283776283,-0.011099597439169884,0.7113339900970459,-0.4824555516242981,3.5366568565368652,501,0,0,0.0,0.3807142376899719,0.06023755297064781,3,0.0,0.06023755297064781,0.4237622022628784,0.20501095056533813,0.009999999776482582,0.009999999776482582,0.0,0.0,0.0,0.0,0.0,0,0,0,0,0,0,0,0,0,0.5,0.15000000596046448,0.699999988079071,0.0,-0.4246312379837036,0,0.0,0.0,0.0
1784909505.1278899,settle,0.0,0.0,0.4,-0.003716513514518738,-0.00013166337157599628,0.4442390501499176,0.6496033668518066,-0.013078639283776283,-0.011099597439169884,0.7113339900970459,-0.4824555516242981,3.5366568565368652,501,0,0,0.0,0.3807142376899719,0.06023755297064781,3,0.0,0.06023755297064781,0.4237622022628784,0.20501095056533813,0.009999999776482582,0.009999999776482582,0.0,0.0,0.0,0.0,0.0,0,0,0,0,0,0,0,0,0,0.5,0.15000000596046448,0.699999988079071,0.0,-0.4246312379837036,0,0.0,0.0,0.0
1784909505.150635,settle,0.0,0.0,0.4,-0.007147024851292372,-0.0033658223692327738,0.4436025321483612,0.6282896995544434,-0.013932179659605026,-0.020484203472733498,0.3694121539592743,-0.4907532334327698,3.5366568565368652,501,0,0,0.0,0.3807142376899719,0.06023755297064781,3,0.0,0.06023755297064781,0.4237622022628784,0.20501095056533813,0.009999999776482582,0.009999999776482582,0.0,0.0,0.0,0.0,0.0,0,0,0,0,0,0,0,0,0,0.5,0.15000000596046448,0.699999988079071,0.0,-0.42044907808303833,0,0.0,0.0,0.0
1784909505.174865,settle,0.0,0.0,0.4,-0.007147024851292372,-0.0033658223692327738,0.4436025321483612,0.6282896995544434,-0.013932179659605026,-0.020484203472733498,0.3694121539592743,-0.4907532334327698,3.5366568565368652,501,0,0,0.0,0.3807142376899719,0.06023755297064781,3,0.0,0.06023755297064781,0.4237622022628784,0.20501095056533813,0.009999999776482582,0.009999999776482582,0.0,0.0,0.0,0.0,0.0,0,0,0,0,0,0,0,0,0,0.5,0.15000000596046448,0.699999988079071,0.0,-0.42044907808303833,0,0.0,0.0,0.0
1784909505.195148,settle,0.0,0.0,0.4,-0.005438853986561298,-0.006102398969233036,0.4430553913116455,0.6188304424285889,-0.00545420590788126,-0.02522556483745575,0.014136141166090965,-0.580731987953186,3.5366568565368652,502,0,0,0.0,0.3807142376899719,0.06017731502652168,3,0.0,0.06017731502652168,0.4237622022628784,0.20501095056533813,0.009999999776482582,0.009999999776482582,0.0,0.0,0.0,0.0,0.0,0,0,0,0,0,0,0,0,0,0.5,0.15000000596046448,0.699999988079071,0.0,-0.4208812117576599,0,0.0,0.0,0.0
1784909505.2173922,settle,0.0,0.0,0.4,-0.005438853986561298,-0.006102398969233036,0.4430553913116455,0.6188304424285889,-0.00545420590788126,-0.02522556483745575,0.014136141166090965,-0.580731987953186,3.5366568565368652,502,0,0,0.0,0.3807142376899719,0.06017731502652168,3,0.0,0.06017731502652168,0.4237622022628784,0.20501095056533813,0.009999999776482582,0.009999999776482582,0.0,0.0,0.0,0.0,0.0,0,0,0,0,0,0,0,0,0,0.5,0.15000000596046448,0.699999988079071,0.0,-0.4208812117576599,0,0.0,0.0,0.0
1784909505.242469,settle,0.0,0.0,0.4,-0.006154636852443218,-0.012367963790893555,0.4422305226325989,0.6221685409545898,-0.0015621967613697052,-0.0329444482922554,-0.36896345019340515,-0.5216897130012512,3.5366568565368652,502,0,0,0.0,0.3807142376899719,0.06017731502652168,3,0.0,0.06017731502652168,0.4237622022628784,0.20501095056533813,0.009999999776482582,0.009999999776482582,0.0,0.0,0.0,0.0,0.0,0,0,0,0,0,0,0,0,0,0.5,0.15000000596046448,0.699999988079071,0.0,-0.4186258912086487,0,0.0,0.0,0.0
1784909505.266239,settle,0.0,0.0,0.4,-0.006154636852443218,-0.012367963790893555,0.4422305226325989,0.6221685409545898,-0.0015621967613697052,-0.0329444482922554,-0.36896345019340515,-0.5216897130012512,3.5366568565368652,502,0,0,0.0,0.3807142376899719,0.06017731502652168,3,0.0,0.06017731502652168,0.4237622022628784,0.20501095056533813,0.009999999776482582,0.009999999776482582,0.0,0.0,0.0,0.0,0.0,0,0,0,0,0,0,0,0,0,0.5,0.15000000596046448,0.699999988079071,0.0,-0.4186258912086487,0,0.0,0.0,0.0
1784909505.2902741,settle,0.0,0.0,0.4,-0.0039020723197609186,-0.013303724117577076,0.44211745262145996,0.5925933122634888,0.006729500368237495,-0.02736063115298748,-0.8393880724906921,-0.499504953622818,3.5313782691955566,502,0,0,0.0,0.3807142376899719,0.06017731502652168,3,0.0,0.06017731502652168,0.4237622022628784,0.20501095056533813,0.009999999776482582,0.009999999776482582,0.0,0.0,0.0,0.0,0.0,0,0,0,0,0,0,0,0,0,0.5,0.15000000596046448,0.699999988079071,0.0,-0.42078566551208496,0,0.0,0.0,0.0
1784909505.312484,settle,0.0,0.0,0.4,-0.0039020723197609186,-0.013303724117577076,0.44211745262145996,0.5925933122634888,0.006729500368237495,-0.02736063115298748,-0.8393880724906921,-0.499504953622818,3.5313782691955566,503,0,0,0.0,0.3807142376899719,0.06011713668704033,3,0.0,0.06011713668704033,0.4237622022628784,0.20501095056533813,0.009999999776482582,0.009999999776482582,0.0,0.0,0.0,0.0,0.0,0,0,0,0,0,0,0,0,0,0.5,0.15000000596046448,0.699999988079071,0.0,-0.42078566551208496,0,0.0,0.0,0.0
1784909505.334539,settle,0.0,0.0,0.4,-0.0039020723197609186,-0.013303724117577076,0.44211745262145996,0.5925933122634888,0.006729500368237495,-0.02736063115298748,-0.8393880724906921,-0.499504953622818,3.5313782691955566,503,0,0,0.0,0.3807142376899719,0.06011713668704033,3,0.0,0.06011713668704033,0.4237622022628784,0.20501095056533813,0.009999999776482582,0.009999999776482582,0.0,0.0,0.0,0.0,0.0,0,0,0,0,0,0,0,0,0,0.5,0.15000000596046448,0.699999988079071,0.0,-0.42078566551208496,0,0.0,0.0,0.0
1784909505.354742,settle,0.0,0.0,0.4,-0.0016603322001174092,-0.015753215178847313,0.44259822368621826,0.5703647136688232,0.014197581447660923,-0.02094372734427452,-1.0773098468780518,-0.4143311679363251,3.5313782691955566,503,0,0,0.0,0.3807142376899719,0.06011713668704033,3,0.0,0.06011713668704033,0.4237622022628784,0.20501095056533813,0.009999999776482582,0.009999999776482582,0.0,0.0,0.0,0.0,0.0,0,0,0,0,0,0,0,0,0,0.5,0.15000000596046448,0.699999988079071,0.0,-0.41952913999557495,0,0.0,0.0,0.0
1784909505.375625,settle,0.0,0.0,0.4,-0.0016603322001174092,-0.015753215178847313,0.44259822368621826,0.5703647136688232,0.014197581447660923,-0.02094372734427452,-1.0773098468780518,-0.4143311679363251,3.5313782691955566,503,0,0,0.0,0.3807142376899719,0.06011713668704033,3,0.0,0.06011713668704033,0.4237622022628784,0.20501095056533813,0.009999999776482582,0.009999999776482582,0.0,0.0,0.0,0.0,0.0,0,0,0,0,0,0,0,0,0,0.5,0.15000000596046448,0.699999988079071,0.0,-0.41952913999557495,0,0.0,0.0,0.0
1784909505.39985,settle,0.0,0.0,0.4,-0.0011710867984220386,-0.018974483013153076,0.4415293037891388,0.5281252264976501,0.02226957306265831,-0.017144225537776947,-1.2996293306350708,-0.24730701744556427,3.5313782691955566,504,0,0,0.0,0.3807142376899719,0.06011713668704033,3,0.0,0.06011713668704033,0.4237622022628784,0.20501095056533813,0.009999999776482582,0.009999999776482582,0.0,0.0,0.0,0.0,0.0,0,0,0,0,0,0,0,0,0,0.5,0.15000000596046448,0.699999988079071,0.0,-0.42171841859817505,0,0.0,0.0,0.0
1784909505.423858,settle,0.0,0.0,0.4,-0.0011710867984220386,-0.018974483013153076,0.4415293037891388,0.5281252264976501,0.02226957306265831,-0.017144225537776947,-1.2996293306350708,-0.24730701744556427,3.5313782691955566,504,0,0,0.0,0.3807142376899719,0.06011713668704033,3,0.0,0.06011713668704033,0.4237622022628784,0.20501095056533813,0.009999999776482582,0.009999999776482582,0.0,0.0,0.0,0.0,0.0,0,0,0,0,0,0,0,0,0,0.5,0.15000000596046448,0.699999988079071,0.0,-0.42171841859817505,0,0.0,0.0,0.0
1784909505.446235,settle,0.0,0.0,0.4,0.004074858035892248,-0.019808990880846977,0.4414360523223877,0.4768998324871063,0.02546549215912819,-0.004639463033527136,-1.361738920211792,-0.03997596353292465,3.5313782691955566,504,0,0,0.0,0.3807142376899719,0.06011713668704033,3,0.0,0.06011713668704033,0.4237622022628784,0.20501095056533813,0.009999999776482582,0.009999999776482582,0.0,0.0,0.0,0.0,0.0,0,0,0,0,0,0,0,0,0,0.5,0.15000000596046448,0.699999988079071,0.0,-0.42501139640808105,0,0.0,0.0,0.0
1784909505.470963,settle,0.0,0.0,0.4,0.004074858035892248,-0.019808990880846977,0.4414360523223877,0.4768998324871063,0.02546549215912819,-0.004639463033527136,-1.361738920211792,-0.03997596353292465,3.5313782691955566,504,0,0,0.0,0.3807142376899719,0.06011713668704033,3,0.0,0.06011713668704033,0.4237622022628784,0.20501095056533813,0.009999999776482582,0.009999999776482582,0.0,0.0,0.0,0.0,0.0,0,0,0,0,0,0,0,0,0,0.5,0.15000000596046448,0.699999988079071,0.0,-0.42501139640808105,0,0.0,0.0,0.0
1784909505.4923918,settle,0.0,0.0,0.4,0.0069773257710039616,-0.02090797759592533,0.44162416458129883,0.422262042760849,0.02844923362135887,0.004953427240252495,-1.433961033821106,0.2132837474346161,3.5313782691955566,504,0,0,0.0,0.3807142376899719,0.06011713668704033,3,0.0,0.06011713668704033,0.4237622022628784,0.20501095056533813,0.009999999776482582,0.009999999776482582,0.0,0.0,0.0,0.0,0.0,0,0,0,0,0,0,0,0,0,0.5,0.15000000596046448,0.699999988079071,0.0,-0.4276396632194519,0,0.0,0.0,0.0
1784909505.515563,settle,0.0,0.0,0.4,0.0069773257710039616,-0.02090797759592533,0.44162416458129883,0.422262042760849,0.02844923362135887,0.004953427240252495,-1.433961033821106,0.2132837474346161,3.5313782691955566,504,0,0,0.0,0.3807142376899719,0.06005702167749405,3,0.0,0.06005702167749405,0.4237622022628784,0.20501095056533813,0.009999999776482582,0.009999999776482582,0.0,0.0,0.0,0.0,0.0,0,0,0,0,0,0,0,0,0,0.5,0.15000000596046448,0.699999988079071,0.0,-0.4276396632194519,0,0.0,0.0,0.0
1784909505.540649,settle,0.0,0.0,0.4,0.01092357188463211,-0.022784452885389328,0.44186416268348694,0.34102076292037964,0.029570989310741425,0.012793979607522488,-1.357209324836731,0.5066987872123718,3.5313782691955566,504,0,0,0.0,0.3807142376899719,0.06005702167749405,3,0.0,0.06005702167749405,0.4237622022628784,0.20501095056533813,0.009999999776482582,0.009999999776482582,0.0,0.0,0.0,0.0,0.0,0,0,0,0,0,0,0,0,0,0.5,0.15000000596046448,0.699999988079071,0.0,-0.4309781789779663,0,0.0,0.0,0.0
1784909505.56163,settle,0.0,0.0,0.4,0.01092357188463211,-0.022784452885389328,0.44186416268348694,0.34102076292037964,0.029570989310741425,0.012793979607522488,-1.357209324836731,0.5066987872123718,3.5313782691955566,504,0,0,0.0,0.3807142376899719,0.06005702167749405,3,0.0,0.06005702167749405,0.4237622022628784,0.20501095056533813,0.009999999776482582,0.009999999776482582,0.0,0.0,0.0,0.0,0.0,0,0,0,0,0,0,0,0,0,0.5,0.15000000596046448,0.699999988079071,0.0,-0.4309781789779663,0,0.0,0.0,0.0
1784909505.586706,settle,0.0,0.0,0.4,0.012391546741127968,-0.01940564438700676,0.44205090403556824,0.29714393615722656,0.025386936962604523,0.029575908556580544,-1.273840308189392,0.6997359395027161,3.5366568565368652,504,0,0,0.0,0.3807142376899719,0.06005702167749405,3,0.0,0.06005702167749405,0.4237622022628784,0.20501095056533813,0.009999999776482582,0.009999999776482582,0.0,0.0,0.0,0.0,0.0,0,0,0,0,0,0,0,0,0,0.5,0.15000000596046448,0.699999988079071,0.0,-0.43314051628112793,0,0.0,0.0,0.0
1784909505.608588,settle,0.0,0.0,0.4,0.012391546741127968,-0.01940564438700676,0.44205090403556824,0.29714393615722656,0.025386936962604523,0.029575908556580544,-1.273840308189392,0.6997359395027161,3.5366568565368652,505,0,0,0.0,0.3807142376899719,0.059996966272592545,3,0.0,0.059996966272592545,0.4237622022628784,0.20501095056533813,0.009999999776482582,0.009999999776482582,0.0,0.0,0.0,0.0,0.0,0,0,0,0,0,0,0,0,0,0.5,0.15000000596046448,0.699999988079071,0.0,-0.43314051628112793,0,0.0,0.0,0.0
1784909505.632322,settle,0.0,0.0,0.4,0.012391546741127968,-0.01940564438700676,0.44205090403556824,0.29714393615722656,0.025386936962604523,0.029575908556580544,-1.273840308189392,0.6997359395027161,3.5366568565368652,505,0,0,0.0,0.3807142376899719,0.059996966272592545,3,0.0,0.059996966272592545,0.4237622022628784,0.20501095056533813,0.009999999776482582,0.009999999776482582,0.0,0.0,0.0,0.0,0.0,0,0,0,0,0,0,0,0,0,0.5,0.15000000596046448,0.699999988079071,0.0,-0.43314051628112793,0,0.0,0.0,0.0
1784909505.65733,settle,0.0,0.0,0.4,0.013952033594250679,-0.018033336848020554,0.44168946146965027,0.24671413004398346,0.018795186653733253,0.038080982863903046,-1.073912262916565,0.9260426759719849,3.5366568565368652,505,0,0,0.0,0.3807142376899719,0.059996966272592545,3,0.0,0.059996966272592545,0.4237622022628784,0.20501095056533813,0.009999999776482582,0.009999999776482582,0.0,0.0,0.0,0.0,0.0,0,0,0,0,0,0,0,0,0,0.5,0.15000000596046448,0.699999988079071,0.0,-0.4347449541091919,0,0.0,0.0,0.0
1784909505.680863,settle,0.0,0.0,0.4,0.015990296378731728,-0.016411837190389633,0.43951165676116943,0.20288799703121185,0.012616450898349285,0.04753093421459198,-0.7246525287628174,0.9656371474266052,3.5366568565368652,505,0,0,0.0,0.3807142376899719,0.059996966272592545,3,0.0,0.059996966272592545,0.4237622022628784,0.20501095056533813,0.009999999776482582,0.009999999776482582,0.0,0.0,0.0,0.0,0.0,0,0,0,0,0,0,0,0,0,0.5,0.15000000596046448,0.699999988079071,0.0,-0.4347449541091919,0,0.0,0.0,0.0
1784909505.704811,settle,0.0,0.0,0.4,0.015990296378731728,-0.016411837190389633,0.43951165676116943,0.20288799703121185,0.012616450898349285,0.04753093421459198,-0.7246525287628174,0.9656371474266052,3.5313782691955566,506,0,0,0.0,0.3807142376899719,0.059936970472335815,3,0.0,0.059936970472335815,0.4237622022628784,0.20501095056533813,0.009999999776482582,0.009999999776482582,0.0,0.0,0.0,0.0,0.0,0,0,0,0,0,0,0,0,0,0.5,0.15000000596046448,0.699999988079071,0.0,-0.43783122301101685,0,0.0,0.0,0.0
1784909505.7287,settle,0.0,0.0,0.4,0.015990296378731728,-0.016411837190389633,0.43951165676116943,0.20288799703121185,0.012616450898349285,0.04753093421459198,-0.7246525287628174,0.9656371474266052,3.5313782691955566,506,0,0,0.0,0.3807142376899719,0.059936970472335815,3,0.0,0.059936970472335815,0.4237622022628784,0.20501095056533813,0.009999999776482582,0.009999999776482582,0.0,0.0,0.0,0.0,0.0,0,0,0,0,0,0,0,0,0,0.5,0.15000000596046448,0.699999988079071,0.0,-0.43783122301101685,0,0.0,0.0,0.0
1784909505.7522812,settle,0.0,0.0,0.4,0.018244877457618713,-0.012805650010704994,0.43738868832588196,0.1659310758113861,0.007976479828357697,0.052472129464149475,-0.4439174234867096,1.050299048423767,3.5313782691955566,506,0,0,0.0,0.3807142376899719,0.059936970472335815,3,0.0,0.059936970472335815,0.4237622022628784,0.20501095056533813,0.009999999776482582,0.009999999776482582,0.0,0.0,0.0,0.0,0.0,0,0,0,0,0,0,0,0,0,0.5,0.15000000596046448,0.699999988079071,0.0,-0.44047707319259644,0,0.0,0.0,0.0
1784909505.775713,settle,0.0,0.0,0.4,0.018244877457618713,-0.012805650010704994,0.43738868832588196,0.1659310758113861,0.007976479828357697,0.052472129464149475,-0.4439174234867096,1.050299048423767,3.5313782691955566,506,0,0,0.0,0.3807142376899719,0.059936970472335815,3,0.0,0.059936970472335815,0.4237622022628784,0.20501095056533813,0.009999999776482582,0.009999999776482582,0.0,0.0,0.0,0.0,0.0,0,0,0,0,0,0,0,0,0,0.5,0.15000000596046448,0.699999988079071,0.0,-0.44047707319259644,0,0.0,0.0,0.0
1784909505.79876,settle,0.0,0.0,0.4,0.01864618808031082,-0.008371974341571331,0.43752050399780273,0.14118583500385284,-0.0012302158866077662,0.057846799492836,-0.16363900899887085,1.0552622079849243,3.5313782691955566,507,0,0,0.0,0.3807142376899719,0.05987703427672386,3,0.0,0.05987703427672386,0.4237622022628784,0.20501095056533813,0.009999999776482582,0.009999999776482582,0.0,0.0,0.0,0.0,0.0,0,0,0,0,0,0,0,0,0,0.5,0.15000000596046448,0.699999988079071,0.0,-0.44301170110702515,0,0.0,0.0,0.0
1784909505.958675,wait_flow,0.0,0.0,0.4,0.019374985247850418,0.003582130651921034,0.4368954598903656,0.047693535685539246,-0.022001322358846664,0.05682795122265816,0.735984206199646,0.8964903354644775,3.5313782691955566,508,0,0,0.0,0.3807142376899719,0.05987703427672386,3,0.0,0.05987703427672386,0.4237622022628784,0.20501095056533813,0.009999999776482582,0.009999999776482582,0.0,0.0,0.0,0.0,0.0,0,0,0,0,0,0,0,0,0,0.5,0.15000000596046448,0.699999988079071,0.0,0.0,0,0.0,0.0,0.0
1784909505.983022,wait_flow,0.0,0.0,0.4,0.016322635114192963,0.0042189545929431915,0.4367436468601227,0.01029172446578741,-0.03224372863769531,0.04583721235394478,0.9847886562347412,0.7080075144767761,3.5313782691955566,508,0,0,0.0,0.3807142376899719,0.05987703427672386,3,0.0,0.05987703427672386,0.4237622022628784,0.20501095056533813,0.009999999776482582,0.009999999776482582,0.0,0.0,0.0,0.0,0.0,0,0,0,0,0,0,0,0,0,0.5,0.15000000596046448,0.699999988079071,0.0,0.0,0,0.0,0.0,0.0
1784909506.007804,wait_flow,0.0,0.0,0.4,0.016322635114192963,0.0042189545929431915,0.4367436468601227,0.01029172446578741,-0.03224372863769531,0.04583721235394478,0.9847886562347412,0.7080075144767761,3.5313782691955566,508,0,0,0.0,0.3807142376899719,0.05981715768575668,3,0.0,0.05981715768575668,0.4237622022628784,0.20501095056533813,0.009999999776482582,0.009999999776482582,0.0,0.0,0.0,0.0,0.0,0,0,0,0,0,0,0,0,0,0.5,0.15000000596046448,0.699999988079071,0.0,0.0,0,0.0,0.0,0.0
1784909506.0318148,wait_flow,0.0,0.0,0.4,0.016322635114192963,0.0042189545929431915,0.4367436468601227,0.01029172446578741,-0.03224372863769531,0.04583721235394478,0.9847886562347412,0.7080075144767761,3.5313782691955566,508,0,0,0.0,0.3807142376899719,0.05981715768575668,3,0.0,0.05981715768575668,0.4237622022628784,0.20501095056533813,0.009999999776482582,0.009999999776482582,0.0,0.0,0.0,0.0,0.0,0,0,0,0,0,0,0,0,0,0.5,0.15000000596046448,0.699999988079071,0.0,0.0,0,0.0,0.0,0.0
1784909506.052681,wait_flow,0.0,0.0,0.4,0.015799811109900475,0.007533745374530554,0.43702203035354614,-0.013145579025149345,-0.035563211888074875,0.039491843432188034,1.0702831745147705,0.559699535369873,3.5313782691955566,508,0,0,0.0,0.3807142376899719,0.05981715768575668,3,0.0,0.05981715768575668,0.4237622022628784,0.20501095056533813,0.009999999776482582,0.009999999776482582,0.0,0.0,0.0,0.0,0.0,0,0,0,0,0,0,0,0,0,0.5,0.15000000596046448,0.699999988079071,0.0,0.0,0,0.0,0.0,0.0
1784909506.074857,wait_flow,0.0,0.0,0.4,0.015799811109900475,0.007533745374530554,0.43702203035354614,-0.013145579025149345,-0.035563211888074875,0.039491843432188034,1.0702831745147705,0.559699535369873,3.5313782691955566,508,0,0,0.0,0.3807142376899719,0.05981715768575668,3,0.0,0.05981715768575668,0.4237622022628784,0.20501095056533813,0.009999999776482582,0.009999999776482582,0.0,0.0,0.0,0.0,0.0,0,0,0,0,0,0,0,0,0,0.5,0.15000000596046448,0.699999988079071,0.0,0.0,0,0.0,0.0,0.0
1784909506.0951622,wait_flow,0.0,0.0,0.4,0.010292461141943932,0.008504727855324745,0.4371543526649475,-0.05558816343545914,-0.046180468052625656,0.02857639268040657,1.1470509767532349,0.29909268021583557,3.5313782691955566,509,0,0,0.0,0.3807142376899719,0.05975734069943428,3,0.0,0.05975734069943428,0.4237622022628784,0.20501095056533813,0.009999999776482582,0.009999999776482582,0.0,0.0,0.0,0.0,0.0,0,0,0,0,0,0,0,0,0,0.5,0.15000000596046448,0.699999988079071,0.0,0.0,0,0.0,0.0,0.0
1784909506.0955021,peer,0.0,0.0,0.4,0.010292461141943932,0.008504727855324745,0.4371543526649475,-0.05558816343545914,-0.046180468052625656,0.02857639268040657,1.1470509767532349,0.29909268021583557,3.5313782691955566,509,0,0,0.0,0.3807142376899719,0.05975734069943428,3,0.0,0.05975734069943428,0.4237622022628784,0.20501095056533813,0.009999999776482582,0.009999999776482582,0.0,0.0,0.0,0.0,0.0,0,0,0,0,0,0,0,0,0,0.5,0.15000000596046448,0.699999988079071,0.0,0.0,0,0.0,0.0,0.0
1784909506.120102,peer,0.0,0.008375130745839926,0.4,0.010292461141943932,0.008504727855324745,0.4371543526649475,-0.05558816343545914,-0.046180468052625656,0.02857639268040657,1.1470509767532349,0.29909268021583557,3.5313782691955566,509,0,0,0.0,0.3807142376899719,0.05975734069943428,3,0.0,0.05975734069943428,0.4237622022628784,0.20501095056533813,0.009999999776482582,0.009999999776482582,0.0,0.0,0.0,0.0,0.0,0,0,0,0,0,0,0,0,0,0.5,0.15000000596046448,0.699999988079071,0.0,0.0,0,0.0,0.0,0.0
1784909506.1446981,peer,0.0,0.0167355686664631,0.4,0.0065520331263542175,0.009528804570436478,0.4353986978530884,-0.11667422205209732,-0.05056847631931305,0.01849312335252762,1.136614441871643,0.07883619517087936,3.5313782691955566,509,0,0,0.0,0.3807142376899719,0.05975734069943428,3,0.0,0.05975734069943428,0.4237622022628784,0.20501095056533813,0.009999999776482582,0.009999999776482582,0.0,0.0,0.0,0.0,0.0,0,0,0,0,0,0,0,0,0,0.5,0.15000000596046448,0.699999988079071,0.0,0.0,0,0.0,0.0,0.0
1784909506.167186,peer,0.0,0.025066646712860848,0.4,0.0065520331263542175,0.009528804570436478,0.4353986978530884,-0.11667422205209732,-0.05056847631931305,0.01849312335252762,1.136614441871643,0.07883619517087936,3.5313782691955566,509,0,0,0.0,0.3807142376899719,0.05975734069943428,3,0.0,0.05975734069943428,0.4237622022628784,0.20501095056533813,0.009999999776482582,0.009999999776482582,0.0,0.0,0.0,0.0,0.0,0,0,0,0,0,0,0,0,0,0.5,0.15000000596046448,0.699999988079071,0.0,0.0,0,0.0,0.0,0.0
1784909506.187497,peer,0.0,0.03335374934322046,0.4,0.0036469041369855404,0.009584053419530392,0.4345889687538147,-0.17511126399040222,-0.05086751654744148,0.0079862205311656,1.0096522569656372,-0.26355645060539246,3.526099681854248,509,0,0,0.0,0.3807142376899719,0.05975734069943428,3,0.0,0.05975734069943428,0.4237622022628784,0.20501095056533813,0.009999999776482582,0.009999999776482582,0.0,0.0,0.0,0.0,0.0,0,0,0,0,0,0,0,0,0,0.5,0.15000000596046448,0.699999988079071,0.0,0.0,0,0.0,0.0,0.0
1784909506.2106738,peer,0.0,0.04158233816355186,0.4,0.0036469041369855404,0.009584053419530392,0.4345889687538147,-0.17511126399040222,-0.05086751654744148,0.0079862205311656,1.0096522569656372,-0.26355645060539246,3.526099681854248,510,0,0,0.0,0.3807142376899719,0.05969758331775665,3,0.0,0.05969758331775665,0.4237622320652008,0.20501095056533813,0.009999999776482582,0.009999999776482582,0.0,0.0,0.0,0.0,0.0,0,0,0,0,0,0,0,0,0,0.5,0.15000000596046448,0.699999988079071,0.0,0.0,0,0.0,0.0,0.0
1784909506.234096,peer,0.0,0.04973797743297095,0.4,0.003234792035073042,0.009618700481951237,0.4324282705783844,-0.22417154908180237,-0.043351687490940094,0.00012447313929442316,0.5582531690597534,-0.566224992275238,3.526099681854248,510,0,0,0.0,0.3807142376899719,0.05969758331775665,3,0.0,0.05969758331775665,0.4237622320652008,0.20501095056533813,0.009999999776482582,0.009999999776482582,0.0,0.0,0.0,0.0,0.0,0,0,0,0,0,0,0,0,0,0.5,0.15000000596046448,0.699999988079071,0.0,0.0,0,0.0,0.0,0.0
1784909506.259018,peer,0.0,0.05780635938889433,0.4,0.003234792035073042,0.009618700481951237,0.4324282705783844,-0.22417154908180237,-0.043351687490940094,0.00012447313929442316,0.5582531690597534,-0.566224992275238,3.526099681854248,510,0,0,0.0,0.3807142376899719,0.05969758331775665,3,0.0,0.05969758331775665,0.4237622320652008,0.20501095056533813,0.009999999776482582,0.009999999776482582,0.0,0.0,0.0,0.0,0.0,0,0,0,0,0,0,0,0,0,0.5,0.15000000596046448,0.699999988079071,0.0,0.0,0,0.0,0.0,0.0
1784909506.283361,peer,0.0,0.06577332934771665,0.4,0.0016748800408095121,0.007527222391217947,0.4316861033439636,-0.28294387459754944,-0.03791581094264984,-0.006464866921305656,-0.1462329775094986,-0.6255121827125549,3.526099681854248,510,0,0,0.0,0.3807142376899719,0.05969758331775665,3,0.0,0.05969758331775665,0.4237622320652008,0.20501095056533813,0.009999999776482582,0.009999999776482582,0.0,0.0,0.0,0.0,0.0,0,0,0,0,0,0,0,0,0,0.5,0.15000000596046448,0.699999988079071,0.0,0.0,0,0.0,0.0,0.0
1784909506.304684,peer,0.0,0.0736249105369356,0.4,0.0016748800408095121,0.007527222391217947,0.4316861033439636,-0.28294387459754944,-0.03791581094264984,-0.006464866921305656,-0.1462329775094986,-0.6255121827125549,3.526099681854248,511,0,0,0.0,0.3807142376899719,0.05969758331775665,3,0.0,0.05969758331775665,0.4237622320652008,0.20501095056533813,0.009999999776482582,0.009999999776482582,0.0,0.0,0.0,0.0,0.0,0,0,0,0,0,0,0,0,0,0.5,0.15000000596046448,0.699999988079071,0.0,0.0,0,0.0,0.0,0.0
1784909506.3270981,peer,0.0,0.08134732861516003,0.4,0.0016748800408095121,0.007527222391217947,0.4316861033439636,-0.28294387459754944,-0.03791581094264984,-0.006464866921305656,-0.1462329775094986,-0.6255121827125549,3.526099681854248,511,0,0,0.0,0.3807142376899719,0.05969758331775665,3,0.0,0.05969758331775665,0.4237622320652008,0.20501095056533813,0.009999999776482582,0.009999999776482582,0.0,0.0,0.0,0.0,0.0,0,0,0,0,0,0,0,0,0,0.5,0.15000000596046448,0.699999988079071,0.0,0.0,0,0.0,0.0,0.0
1784909506.352193,peer,0.0,0.0889270358369855,0.4,0.000199585992959328,0.0033737255726009607,0.43022072315216064,-0.3606668710708618,-0.03097696602344513,-0.009913541376590729,-0.9547342658042908,-0.7037344574928284,3.526099681854248,511,0,0,0.0,0.3807142376899719,0.05969758331775665,3,0.0,0.05969758331775665,0.4237622320652008,0.20501095056533813,0.009999999776482582,0.009999999776482582,0.0,0.0,0.0,0.0,0.0,0,0,0,0,0,0,0,0,0,0.5,0.15000000596046448,0.699999988079071,0.0,0.0,0,0.0,0.0,0.0
1784909506.3726568,peer,0.0,0.09635073482034305,0.4,0.000199585992959328,0.0033737255726009607,0.43022072315216064,-0.3606668710708618,-0.03097696602344513,-0.009913541376590729,-0.9547342658042908,-0.7037344574928284,3.526099681854248,511,0,0,0.0,0.3807142376899719,0.05969758331775665,3,0.0,0.05969758331775665,0.4237622320652008,0.20501095056533813,0.009999999776482582,0.009999999776482582,0.0,0.0,0.0,0.0,0.0,0,0,0,0,0,0,0,0,0,0.5,0.15000000596046448,0.699999988079071,0.0,0.0,0,0.0,0.0,0.0
1784909506.397032,peer,0.0,0.10360540187462604,0.4,-0.0009217700571753085,0.0011199892032891512,0.43015623092651367,-0.38704708218574524,-0.023698478937149048,-0.002956308424472809,-1.8956890106201172,-0.7453368902206421,3.5313782691955566,511,0,0,0.0,0.3807142376899719,0.0596378855407238,3,0.0,0.0596378855407238,0.4237622320652008,0.20501095056533813,0.009999999776482582,0.009999999776482582,0.0,0.0,0.0,0.0,0.0,0,0,0,0,0,0,0,0,0,0.5,0.15000000596046448,0.699999988079071,0.0,0.0,0,0.0,0.0,0.0
1784909506.417291,peer,0.0,0.11067830984866883,0.4,-0.0009217700571753085,0.0011199892032891512,0.43015623092651367,-0.38704708218574524,-0.023698478937149048,-0.002956308424472809,-1.8956890106201172,-0.7453368902206421,3.5313782691955566,511,0,0,0.0,0.3807142376899719,0.0596378855407238,3,0.0,0.0596378855407238,0.4237622022628784,0.20501095056533813,0.009999999776482582,0.009999999776482582,0.0,0.0,0.0,0.0,0.0,0,0,0,0,0,0,0,0,0,0.5,0.15000000596046448,0.699999988079071,0.0,0.0,0,0.0,0.0,0.0
1784909506.44223,peer,0.0,0.11755705045849463,0.4,-0.002204658929258585,0.0001127580035245046,0.43060949444770813,-0.41341015696525574,-0.0183679461479187,0.014821522869169712,-2.9183287620544434,-0.6637774705886841,3.5313782691955566,511,0,0,0.0,0.3807142376899719,0.0596378855407238,3,0.0,0.0596378855407238,0.4237622022628784,0.20501095056533813,0.009999999776482582,0.009999999776482582,0.0,0.0,0.0,0.0,0.0,0,0,0,0,0,0,0,0,0,0.5,0.15000000596046448,0.699999988079071,0.0,0.0,0,0.0,0.0,0.0
1784909506.467343,peer,0.0,0.12422955605566209,0.4,-0.002204658929258585,0.0001127580035245046,0.43060949444770813,-0.41341015696525574,-0.0183679461479187,0.014821522869169712,-2.9183287620544434,-0.6637774705886841,3.5313782691955566,511,0,0,0.0,0.3807142376899719,0.0596378855407238,3,0.0,0.0596378855407238,0.4237622022628784,0.20501095056533813,0.009999999776482582,0.009999999776482582,0.0,0.0,0.0,0.0,0.0,0,0,0,0,0,0,0,0,0,0.5,0.15000000596046448,0.699999988079071,0.0,0.0,0,0.0,0.0,0.0
1784909506.489735,peer,0.0,0.1306841207980211,0.4,-0.0012940276646986604,-0.0014540196862071753,0.43148326873779297,-0.4425332546234131,-0.009283184073865414,0.037386879324913025,-3.6737656593322754,-0.690377414226532,3.5313782691955566,511,0,0,0.0,0.3807142376899719,0.0596378855407238,3,0.0,0.0596378855407238,0.4237622022628784,0.20501095056533813,0.009999999776482582,0.009999999776482582,0.0,0.0,0.0,0.0,0.0,0,0,0,0,0,0,0,0,0,0.5,0.15000000596046448,0.699999988079071,0.0,0.0,0,0.0,0.0,0.0
1784909506.5113971,peer,0.0,0.13690942118573776,0.4,-0.0012940276646986604,-0.0014540196862071753,0.43148326873779297,-0.4425332546234131,-0.009283184073865414,0.037386879324913025,-3.6737656593322754,-0.690377414226532,3.5313782691955566,512,0,0,0.0,0.3807142376899719,0.059578247368335724,3,0.0,0.059578247368335724,0.4237622022628784,0.20501095056533813,0.009999999776482582,0.009999999776482582,0.0,0.0,0.0,0.0,0.0,0,0,0,0,0,0,0,0,0,0.5,0.15000000596046448,0.699999988079071,0.0,0.0,0,0.0,0.0,0.0
1784909506.5318348,peer,0.0,0.14289453592656065,0.4,-0.0012940276646986604,-0.0014540196862071753,0.43148326873779297,-0.4425332546234131,-0.009283184073865414,0.037386879324913025,-3.6737656593322754,-0.690377414226532,3.5313782691955566,512,0,0,0.0,0.3807142376899719,0.059578247368335724,3,0.0,0.059578247368335724,0.4237622022628784,0.20501095056533813,0.009999999776482582,0.009999999776482582,0.0,0.0,0.0,0.0,0.0,0,0,0,0,0,0,0,0,0,0.5,0.15000000596046448,0.699999988079071,0.0,0.0,0,0.0,0.0,0.0
1784909506.556919,peer,0.0,0.14862896509547885,0.4,-0.0010071092983707786,-1.3015465810894966e-05,0.43124139308929443,-0.4556199014186859,-0.0019925381056964397,0.06764398515224457,-4.328491687774658,-0.573265016078949,3.5313782691955566,512,0,0,0.0,0.3807142376899719,0.059578247368335724,3,0.0,0.059578247368335724,0.4237622022628784,0.20501095056533813,0.009999999776482582,0.009999999776482582,0.0,0.0,0.0,0.0,0.0,0,0,0,0,0,0,0,0,0,0.5,0.15000000596046448,0.699999988079071,0.0,0.0,0,0.0,0.0,0.0
1784909506.57795,peer,0.0,0.15410264855515785,0.4,-0.0010071092983707786,-1.3015465810894966e-05,0.43124139308929443,-0.4556199014186859,-0.0019925381056964397,0.06764398515224457,-4.328491687774658,-0.573265016078949,3.5313782691955566,512,0,0,0.0,0.3807142376899719,0.059578247368335724,3,0.0,0.059578247368335724,0.4237622022628784,0.20501095056533813,0.009999999776482582,0.009999999776482582,0.0,0.0,0.0,0.0,0.0,0,0,0,0,0,0,0,0,0,0.5,0.15000000596046448,0.699999988079071,0.0,0.0,0,0.0,0.0,0.0
1784909506.5995572,peer,0.0,0.15930598360483927,0.4,0.0009452688391320407,0.002487202873453498,0.4322930574417114,-0.45525839924812317,0.005584762431681156,0.10544034838676453,-4.7543463706970215,-0.3393257260322571,3.5313782691955566,513,0,0,0.0,0.3807142376899719,0.05951866880059242,3,0.0,0.05951866880059242,0.4237622022628784,0.20501095056533813,0.009999999776482582,0.009999999776482582,0.0,0.0,0.0,0.0,0.0,0,0,0,0,0,0,0,0,0,0.5,0.15000000596046448,0.699999988079071,0.0,0.0,0,0.0,0.0,0.0
1784909506.622068,peer,0.0,0.16422984182674083,0.4,0.0009452688391320407,0.002487202873453498,0.4322930574417114,-0.45525839924812317,0.005584762431681156,0.10544034838676453,-4.7543463706970215,-0.3393257260322571,3.5313782691955566,513,0,0,0.0,0.3807142376899719,0.05951866880059242,3,0.0,0.05951866880059242,0.4237622022628784,0.20501095056533813,0.009999999776482582,0.009999999776482582,0.0,0.0,0.0,0.0,0.0,0,0,0,0,0,0,0,0,0,0.5,0.15000000596046448,0.699999988079071,0.0,0.0,0,0.0,0.0,0.0
1784909506.646722,peer,0.0,0.168865585100403,0.4,0.0014719378668814898,0.00842343457043171,0.43153125047683716,-0.48294344544410706,0.009237079881131649,0.14328785240650177,-4.86330509185791,-0.1906186193227768,3.5313782691955566,513,0,0,0.0,0.3807142376899719,0.05951866880059242,3,0.0,0.05951866880059242,0.4237622022628784,0.20501095056533813,0.009999999776482582,0.009999999776482582,0.0,0.0,0.0,0.0,0.0,0,0,0,0,0,0,0,0,0,0.5,0.15000000596046448,0.699999988079071,0.0,0.0,0,0.0,0.0,0.0
1784909506.670548,peer,0.0,0.17320508075688773,0.4,0.0014719378668814898,0.00842343457043171,0.43153125047683716,-0.48294344544410706,0.009237079881131649,0.14328785240650177,-4.86330509185791,-0.1906186193227768,3.5313782691955566,513,0,0,0.0,0.3807142376899719,0.05951866880059242,3,0.0,0.05951866880059242,0.4237622022628784,0.20501095056533813,0.009999999776482582,0.009999999776482582,0.0,0.0,0.0,0.0,0.0,0,0,0,0,0,0,0,0,0,0.5,0.15000000596046448,0.699999988079071,0.0,0.0,0,0.0,0.0,0.0
1784909506.6942668,peer,0.0,0.17724071584624293,0.4,0.002317636739462614,0.015783362090587616,0.43133920431137085,-0.4779975414276123,0.012111024931073189,0.19204118847846985,-4.796258449554443,0.05207875370979309,3.526099681854248,514,0,0,0.0,0.3807142376899719,0.059459149837493896,3,0.0,0.059459149837493896,0.4237622022628784,0.20501095056533813,0.009999999776482582,0.009999999776482582,0.0,0.0,0.0,0.0,0.0,0,0,0,0,0,0,0,0,0,0.5,0.15000000596046448,0.699999988079071,0.0,0.0,0,0.0,0.0,0.0
1784909506.7174551,peer,0.0,0.18096541049320392,0.4,0.002317636739462614,0.015783362090587616,0.43133920431137085,-0.4779975414276123,0.012111024931073189,0.19204118847846985,-4.796258449554443,0.05207875370979309,3.526099681854248,514,1,0,0.0,0.3807142376899719,0.059459149837493896,3,0.0,0.059459149837493896,0.4237622022628784,0.20501095056533813,0.009999999776482582,0.009999999776482582,0.0,0.0,0.0,0.0,0.0,0,0,0,0,0,0,0,0,0,0.5,0.15000000596046448,0.699999988079071,0.0,0.0,0,0.0,0.0,0.0
1784909506.74172,peer,0.0,0.18437263031770013,0.4,0.005079315043985844,0.03044581599533558,0.43050360679626465,-0.5306635499000549,0.014406593516469002,0.2310987263917923,-4.316451072692871,0.2718491852283478,3.526099681854248,514,1,0,0.0,0.3807142376899719,0.059459149837493896,3,0.0,0.059459149837493896,0.4237622022628784,0.20501095056533813,0.009999999776482582,0.009999999776482582,0.0,0.0,0.0,0.0,0.0,0,0,0,0,0,0,0,0,0,0.5,0.15000000596046448,0.699999988079071,0.0,0.0,0,0.0,0.0,0.0
1784909506.76638,peer,0.0,0.1874563978983783,0.4,0.005079315043985844,0.03044581599533558,0.43050360679626465,-0.5306635499000549,0.014406593516469002,0.2310987263917923,-4.316451072692871,0.2718491852283478,3.526099681854248,514,1,0,0.0,0.3807142376899719,0.059459149837493896,3,0.0,0.059459149837493896,0.4237622022628784,0.20501095056533813,0.009999999776482582,0.009999999776482582,0.0,0.0,0.0,0.0,0.0,0,0,0,0,0,0,0,0,0,0.5,0.15000000596046448,0.699999988079071,0.0,0.0,0,0.0,0.0,0.0
1784909506.7866619,peer,0.0,0.1902113032590307,0.4,0.0043684691190719604,0.03807497024536133,0.4282158315181732,-0.5704048871994019,0.009985583834350109,0.25513675808906555,-3.758394956588745,0.38129159808158875,3.5208210945129395,514,1,0,0.0,0.3807142376899719,0.059459149837493896,3,0.0,0.059459149837493896,0.4237622022628784,0.20501095056533813,0.009999999776482582,0.009999999776482582,0.0,0.0,0.0,0.0,0.0,0,0,0,0,0,0,0,0,0,0.5,0.15000000596046448,0.699999988079071,0.0,0.0,0,0.0,0.0,0.0
1784909506.809619,peer,0.0,0.19263251335953166,0.4,0.0043684691190719604,0.03807497024536133,0.4282158315181732,-0.5704048871994019,0.009985583834350109,0.25513675808906555,-3.758394956588745,0.38129159808158875,3.5208210945129395,515,1,0,0.0,0.3807142376899719,0.059459149837493896,3,0.0,0.059459149837493896,0.4237622022628784,0.20501095056533813,0.009999999776482582,0.009999999776482582,0.0,0.0,0.0,0.0,0.0,0,0,0,0,0,0,0,0,0,0.5,0.15000000596046448,0.699999988079071,0.0,0.0,0,0.0,0.0,0.0
1784909506.8318279,peer,0.0,0.19471578057463207,0.4,0.0043684691190719604,0.03807497024536133,0.4282158315181732,-0.5704048871994019,0.009985583834350109,0.25513675808906555,-3.758394956588745,0.38129159808158875,3.5208210945129395,515,1,0,0.0,0.3807142376899719,0.059459149837493896,3,0.0,0.059459149837493896,0.4237622022628784,0.20501095056533813,0.009999999776482582,0.009999999776482582,0.0,0.0,0.0,0.0,0.0,0,0,0,0,0,0,0,0,0,0.5,0.15000000596046448,0.699999988079071,0.0,0.0,0,0.0,0.0,0.0
1784909506.8520901,peer,0.0,0.19645745014573776,0.4,0.004524002317339182,0.053519997745752335,0.4265829920768738,-0.6367919445037842,0.004944076761603355,0.28821244835853577,-2.8016979694366455,0.5281243324279785,3.5208210945129395,515,1,0,0.0,0.3807142376899719,0.059459149837493896,3,0.0,0.059459149837493896,0.4237622022628784,0.20501095056533813,0.009999999776482582,0.009999999776482582,0.0,0.0,0.0,0.0,0.0,0,0,0,0,0,0,0,0,0,0.5,0.15000000596046448,0.699999988079071,0.0,0.0,0,0.0,0.0,0.0
1784909506.875742,peer,0.0,0.19785446659259767,0.4,0.004524002317339182,0.053519997745752335,0.4265829920768738,-0.6367919445037842,0.004944076761603355,0.28821244835853577,-2.8016979694366455,0.5281243324279785,3.5208210945129395,515,1,0,0.0,0.3807142376899719,0.059459149837493896,3,0.0,0.059459149837493896,0.4237622022628784,0.20501095056533813,0.009999999776482582,0.009999999776482582,0.0,0.0,0.0,0.0,0.0,0,0,0,0,0,0,0,0,0,0.5,0.15000000596046448,0.699999988079071,0.0,0.0,0,0.0,0.0,0.0
1784909506.9006321,peer,0.0,0.19890437907365466,0.4,0.005112473852932453,0.06734739243984222,0.4258967638015747,-0.7115272283554077,0.002575588645413518,0.30984270572662354,-2.0596959590911865,0.46679121255874634,3.5208210945129395,515,1,0,0.0,0.3807142376899719,0.059399690479040146,3,0.0,0.059399690479040146,0.4237622022628784,0.20501093566417694,0.009999999776482582,0.009999999776482582,0.0,0.0,0.0,0.0,0.0,0,0,0,0,0,0,0,0,0,0.5,0.15000000596046448,0.699999988079071,0.0,0.0,0,0.0,0.0,0.0
1784909506.9228642,peer,0.0,0.19960534568565433,0.4,0.005112473852932453,0.06734739243984222,0.4258967638015747,-0.7115272283554077,0.002575588645413518,0.30984270572662354,-2.0596959590911865,0.46679121255874634,3.5208210945129395,515,1,0,0.0,0.3807142376899719,0.059399690479040146,3,0.0,0.059399690479040146,0.4237622022628784,0.20501093566417694,0.009999999776482582,0.009999999776482582,0.0,0.0,0.0,0.0,0.0,0,0,0,0,0,0,0,0,0,0.5,0.15000000596046448,0.699999988079071,0.0,0.0,0,0.0,0.0,0.0
1784909506.946286,peer,0.0,0.19995613669496912,0.4,0.006561554968357086,0.08459499478340149,0.42425763607025146,-0.7920249104499817,0.0010464636143296957,0.3227141797542572,-0.8745617866516113,0.44926202297210693,3.5208210945129395,515,1,0,0.0,0.3807142376899719,0.059399690479040146,3,0.0,0.059399690479040146,0.4237622022628784,0.20501093566417694,0.009999999776482582,0.009999999776482582,0.0,0.0,0.0,0.0,0.0,0,0,0,0,0,0,0,0,0,0.5,0.15000000596046448,0.699999988079071,0.0,0.0,0,0.0,0.0,0.0
1784909506.967669,peer,0.0,0.19995613669496912,0.4,0.006561554968357086,0.08459499478340149,0.42425763607025146,-0.7920249104499817,0.0010464636143296957,0.3227141797542572,-0.8745617866516113,0.44926202297210693,3.5208210945129395,515,1,0,0.0,0.3807142376899719,0.059399690479040146,3,0.0,0.059399690479040146,0.4237622022628784,0.20501093566417694,0.009999999776482582,0.009999999776482582,0.0,0.0,0.0,0.0,0.0,0,0,0,0,0,0,0,0,0,0.5,0.15000000596046448,0.699999988079071,0.0,0.0,0,0.0,0.0,0.0
1784909506.9913611,peer,0.0,0.19960534568565433,0.4,0.007844489067792892,0.09520727396011353,0.42387259006500244,-0.8415769338607788,0.0008706102962605655,0.3215338885784149,-0.05658022314310074,0.4080672860145569,3.526099681854248,515,1,0,0.0,0.3807142376899719,0.059399690479040146,3,0.0,0.059399690479040146,0.4237622022628784,0.20501093566417694,0.009999999776482582,0.009999999776482582,0.0,0.0,0.0,0.0,0.0,0,0,0,0,0,0,0,0,0,0.5,0.15000000596046448,0.699999988079071,0.0,0.0,0,0.0,0.0,0.0
1784909507.014092,peer,0.0,0.19890437907365469,0.4,0.007844489067792892,0.09520727396011353,0.42387259006500244,-0.8415769338607788,0.0008706102962605655,0.3215338885784149,-0.05658022314310074,0.4080672860145569,3.526099681854248,516,1,0,0.0,0.3807142376899719,0.05934029072523117,3,0.0,0.05934029072523117,0.4237622022628784,0.20501095056533813,0.009999999776482582,0.009999999776482582,0.0,0.0,0.0,0.0,0.0,0,0,0,0,0,0,0,0,0,0.5,0.15000000596046448,0.699999988079071,0.0,0.0,0,0.0,0.0,0.0
1784909507.037686,peer,0.0,0.19785446659259767,0.4,0.008138658478856087,0.11549156904220581,0.42372897267341614,-0.9020799994468689,-0.0025908846873790026,0.31908583641052246,1.1419817209243774,0.4076250493526459,3.526099681854248,516,1,0,0.0,0.3807142376899719,0.05934029072523117,3,0.0,0.05934029072523117,0.4237622022628784,0.20501095056533813,0.009999999776482582,0.009999999776482582,0.0,0.0,0.0,0.0,0.0,0,0,0,0,0,0,0,0,0,0.5,0.15000000596046448,0.699999988079071,0.0,0.0,0,0.0,0.0,0.0
1784909507.0615501,peer,0.0,0.19645745014573776,0.4,0.008138658478856087,0.11549156904220581,0.42372897267341614,-0.9020799994468689,-0.0025908846873790026,0.31908583641052246,1.1419817209243774,0.4076250493526459,3.526099681854248,516,1,0,0.0,0.3807142376899719,0.05934029072523117,3,0.0,0.05934029072523117,0.4237622022628784,0.20501095056533813,0.009999999776482582,0.009999999776482582,0.0,0.0,0.0,0.0,0.0,0,0,0,0,0,0,0,0,0,0.5,0.15000000596046448,0.699999988079071,0.0,0.0,0,0.0,0.0,0.0
1784909507.081944,peer,0.0,0.19471578057463207,0.4,0.009228946641087532,0.1268843561410904,0.4252479672431946,-0.9433099031448364,-0.002931935014203191,0.30698710680007935,1.7961314916610718,0.40861696004867554,3.526099681854248,516,1,0,0.0,0.3807142376899719,0.05934029072523117,3,0.0,0.05934029072523117,0.4237622022628784,0.20501095056533813,0.009999999776482582,0.009999999776482582,0.0,0.0,0.0,0.0,0.0,0,0,0,0,0,0,0,0,0,0.5,0.15000000596046448,0.699999988079071,0.0,0.0,0,0.0,0.0,0.0
1784909507.104973,peer,0.0,0.19263251335953166,0.4,0.009228946641087532,0.1268843561410904,0.4252479672431946,-0.9433099031448364,-0.002931935014203191,0.30698710680007935,1.7961314916610718,0.40861696004867554,3.5313782691955566,517,0,0,0.0,0.3807142376899719,0.05928095057606697,3,0.0,0.05928095057606697,0.4237622022628784,0.20501095056533813,0.009999999776482582,0.009999999776482582,0.0,0.0,0.0,0.0,0.0,0,0,0,0,0,0,0,0,0,0.5,0.15000000596046448,0.699999988079071,0.0,0.0,0,0.0,0.0,0.0
1784909507.126247,peer,0.0,0.19021130325903074,0.4,0.009228946641087532,0.1268843561410904,0.4252479672431946,-0.9433099031448364,-0.002931935014203191,0.30698710680007935,1.7961314916610718,0.40861696004867554,3.5313782691955566,517,0,0,0.0,0.3807142376899719,0.05928095057606697,3,0.0,0.05928095057606697,0.4237622022628784,0.20501095056533813,0.009999999776482582,0.009999999776482582,0.0,0.0,0.0,0.0,0.0,0,0,0,0,0,0,0,0,0,0.5,0.15000000596046448,0.699999988079071,0.0,0.0,0,0.0,0.0,0.0
1784909507.147517,peer,0.0,0.1874563978983783,0.4,0.008455808274447918,0.14112891256809235,0.4259830415248871,-0.9950801730155945,-0.007912048138678074,0.2770475447177887,2.784938335418701,0.30169588327407837,3.5313782691955566,517,0,0,0.0,0.3807142376899719,0.05928095057606697,3,0.0,0.05928095057606697,0.4237622022628784,0.20501095056533813,0.009999999776482582,0.009999999776482582,0.0,0.0,0.0,0.0,0.0,0,0,0,0,0,0,0,0,0,0.5,0.15000000596046448,0.699999988079071,0.0,0.0,0,0.0,0.0,0.0
1784909507.1686988,peer,0.0,0.18437263031770013,0.4,0.008455808274447918,0.14112891256809235,0.4259830415248871,-0.9950801730155945,-0.007912048138678074,0.2770475447177887,2.784938335418701,0.30169588327407837,3.5313782691955566,517,0,0,0.0,0.3807142376899719,0.05928095057606697,3,0.0,0.05928095057606697,0.4237622022628784,0.20501095056533813,0.009999999776482582,0.009999999776482582,0.0,0.0,0.0,0.0,0.0,0,0,0,0,0,0,0,0,0,0.5,0.15000000596046448,0.699999988079071,0.0,0.0,0,0.0,0.0,0.0
1784909507.1919749,peer,0.0,0.18096541049320394,0.4,0.008069625124335289,0.1494709551334381,0.4279976785182953,-1.0190560817718506,-0.010246745310723782,0.2467067837715149,3.401228904724121,0.24923190474510193,3.526099681854248,517,0,0,0.0,0.3807142376899719,0.05928095057606697,3,0.0,0.05928095057606697,0.4237622022628784,0.20501095056533813,0.009999999776482582,0.009999999776482582,0.0,0.0,0.0,0.0,0.0,0,0,0,0,0,0,0,0,0,0.5,0.15000000596046448,0.699999988079071,0.0,0.0,0,0.0,0.0,0.0
1784909507.2121332,peer,0.0,0.17724071584624299,0.4,0.008069625124335289,0.1494709551334381,0.4279976785182953,-1.0190560817718506,-0.010246745310723782,0.2467067837715149,3.401228904724121,0.24923190474510193,3.526099681854248,518,0,0,0.0,0.3807142376899719,0.059221670031547546,3,0.0,0.059221670031547546,0.4237622022628784,0.20501095056533813,0.009999999776482582,0.009999999776482582,0.0,0.0,0.0,0.0,0.0,0,0,0,0,0,0,0,0,0,0.5,0.15000000596046448,0.699999988079071,0.0,0.0,0,0.0,0.0,0.0
1784909507.23721,peer,0.0,0.17320508075688776,0.4,0.008714050985872746,0.16167019307613373,0.4286986291408539,-1.0166027545928955,-0.010060553438961506,0.21176452934741974,3.872573137283325,0.09743411093950272,3.526099681854248,518,0,0,0.0,0.3807142376899719,0.059221670031547546,3,0.0,0.059221670031547546,0.4237622022628784,0.20501095056533813,0.009999999776482582,0.009999999776482582,0.0,0.0,0.0,0.0,0.0,0,0,0,0,0,0,0,0,0,0.5,0.15000000596046448,0.699999988079071,0.0,0.0,0,0.0,0.0,0.0
1784909507.2589471,peer,0.0,0.16886558510040306,0.4,0.008714050985872746,0.16167019307613373,0.4286986291408539,-1.0166027545928955,-0.010060553438961506,0.21176452934741974,3.872573137283325,0.09743411093950272,3.526099681854248,518,0,0,0.0,0.3807142376899719,0.059221670031547546,3,0.0,0.059221670031547546,0.4237622022628784,0.20501095056533813,0.009999999776482582,0.009999999776482582,0.0,0.0,0.0,0.0,0.0,0,0,0,0,0,0,0,0,0,0.5,0.15000000596046448,0.699999988079071,0.0,0.0,0,0.0,0.0,0.0
1784909507.2796018,peer,0.0,0.16422984182674083,0.4,0.008783710189163685,0.16941094398498535,0.4287920892238617,-1.0020517110824585,-0.011862537823617458,0.17360827326774597,4.124235153198242,0.09395068138837814,3.526099681854248,518,0,0,0.0,0.3807142376899719,0.059221670031547546,3,0.0,0.059221670031547546,0.4237622022628784,0.20501095056533813,0.009999999776482582,0.009999999776482582,0.0,0.0,0.0,0.0,0.0,0,0,0,0,0,0,0,0,0,0.5,0.15000000596046448,0.699999988079071,0.0,0.0,0,0.0,0.0,0.0
1784909507.3039439,peer,0.0,0.15930598360483927,0.4,0.008783710189163685,0.16941094398498535,0.4287920892238617,-1.0020517110824585,-0.011862537823617458,0.17360827326774597,4.124235153198242,0.09395068138837814,3.526099681854248,519,0,0,0.0,0.3807142376899719,0.0591624490916729,3,0.0,0.0591624490916729,0.42376217246055603,0.20501095056533813,0.009999999776482582,0.009999999776482582,0.0,0.0,0.0,0.0,0.0,0,0,0,0,0,0,0,0,0,0.5,0.15000000596046448,0.699999988079071,0.0,0.0,0,0.0,0.0,0.0
1784909507.327491,peer,0.0,0.15410264855515787,0.4,0.008783710189163685,0.16941094398498535,0.4287920892238617,-1.0020517110824585,-0.011862537823617458,0.17360827326774597,4.124235153198242,0.09395068138837814,3.526099681854248,519,0,0,0.0,0.3807142376899719,0.0591624490916729,3,0.0,0.0591624490916729,0.42376217246055603,0.20501095056533813,0.009999999776482582,0.009999999776482582,0.0,0.0,0.0,0.0,0.0,0,0,0,0,0,0,0,0,0,0.5,0.15000000596046448,0.699999988079071,0.0,0.0,0,0.0,0.0,0.0
1784909507.3506439,peer,0.0,0.14862896509547885,0.4,0.00740152457728982,0.17589613795280457,0.42724716663360596,-0.9761769771575928,-0.013136817142367363,0.14260375499725342,4.268596649169922,0.07672815024852753,3.526099681854248,519,0,0,0.0,0.3807142376899719,0.0591624490916729,3,0.0,0.0591624490916729,0.42376217246055603,0.20501095056533813,0.009999999776482582,0.009999999776482582,0.0,0.0,0.0,0.0,0.0,0,0,0,0,0,0,0,0,0,0.5,0.15000000596046448,0.699999988079071,0.0,0.0,0,0.0,0.0,0.0
1784909507.373216,peer,0.0,0.14289453592656065,0.4,0.00740152457728982,0.17589613795280457,0.42724716663360596,-0.9761769771575928,-0.013136817142367363,0.14260375499725342,4.268596649169922,0.07672815024852753,3.526099681854248,519,0,0,0.0,0.3807142376899719,0.0591624490916729,3,0.0,0.0591624490916729,0.42376217246055603,0.20501095056533813,0.009999999776482582,0.009999999776482582,0.0,0.0,0.0,0.0,0.0,0,0,0,0,0,0,0,0,0,0.5,0.15000000596046448,0.699999988079071,0.0,0.0,0,0.0,0.0,0.0
1784909507.3942678,peer,0.0,0.1369094211857377,0.4,0.007385307922959328,0.18288512527942657,0.42721161246299744,-0.912359356880188,-0.012251446954905987,0.10625354200601578,4.342921733856201,-0.009256940335035324,3.526099681854248,520,0,0,0.0,0.3807142376899719,0.0591624490916729,3,0.0,0.0591624490916729,0.42376217246055603,0.20501095056533813,0.009999999776482582,0.009999999776482582,0.0,0.0,0.0,0.0,0.0,0,0,0,0,0,0,0,0,0,0.5,0.15000000596046448,0.699999988079071,0.0,0.0,0,0.0,0.0,0.0
1784909507.415207,peer,0.0,0.13068412079802114,0.4,0.007385307922959328,0.18288512527942657,0.42721161246299744,-0.912359356880188,-0.012251446954905987,0.10625354200601578,4.342921733856201,-0.009256940335035324,3.526099681854248,520,0,0,0.0,0.3807142376899719,0.0591624490916729,3,0.0,0.0591624490916729,0.42376217246055603,0.20501095056533813,0.009999999776482582,0.009999999776482582,0.0,0.0,0.0,0.0,0.0,0,0,0,0,0,0,0,0,0,0.5,0.15000000596046448,0.699999988079071,0.0,0.0,0,0.0,0.0,0.0
1784909507.440316,peer,0.0,0.1242295560556621,0.4,0.007277360651642084,0.1872538924217224,0.4254145324230194,-0.8788920640945435,-0.011995168402791023,0.06829651445150375,4.361204147338867,0.002323184162378311,3.526099681854248,520,0,0,0.0,0.3807142376899719,0.0591624490916729,3,0.0,0.0591624490916729,0.42376217246055603,0.20501095056533813,0.009999999776482582,0.009999999776482582,0.0,0.0,0.0,0.0,0.0,0,0,0,0,0,0,0,0,0,0.5,0.15000000596046448,0.699999988079071,0.0,0.0,0,0.0,0.0,0.0
1784909507.465425,peer,0.0,0.11755705045849466,0.4,0.007277360651642084,0.1872538924217224,0.4254145324230194,-0.8788920640945435,-0.011995168402791023,0.06829651445150375,4.361204147338867,0.002323184162378311,3.526099681854248,520,0,0,0.0,0.3807142376899719,0.0591624490916729,3,0.0,0.0591624490916729,0.42376217246055603,0.20501095056533813,0.009999999776482582,0.009999999776482582,0.0,0.0,0.0,0.0,0.0,0,0,0,0,0,0,0,0,0,0.5,0.15000000596046448,0.699999988079071,0.0,0.0,0,0.0,0.0,0.0
1784909507.487733,peer,0.0,0.11067830984866883,0.4,0.005821842234581709,0.18899302184581757,0.4253559708595276,-0.8305802345275879,-0.014472049660980701,0.02889554388821125,4.421618461608887,0.004714416339993477,3.526099681854248,520,0,0,0.0,0.3807142376899719,0.0591624490916729,3,0.0,0.0591624490916729,0.42376217246055603,0.20501095056533813,0.009999999776482582,0.009999999776482582,0.0,0.0,0.0,0.0,0.0,0,0,0,0,0,0,0,0,0,0.5,0.15000000596046448,0.699999988079071,0.0,0.0,0,0.0,0.0,0.0
1784909507.5111701,peer,0.0,0.10360540187462604,0.4,0.005821842234581709,0.18899302184581757,0.4253559708595276,-0.8305802345275879,-0.014472049660980701,0.02889554388821125,4.421618461608887,0.004714416339993477,3.526099681854248,521,0,0,0.0,0.3807142376899719,0.059044186025857925,3,0.0,0.059044186025857925,0.4237622022628784,0.20501095056533813,0.009999999776482582,0.009999999776482582,0.0,0.0,0.0,0.0,0.0,0,0,0,0,0,0,0,0,0,0.5,0.15000000596046448,0.699999988079071,0.0,0.0,0,0.0,0.0,0.0
1784909507.534158,peer,0.0,0.09635073482034312,0.4,0.005618163850158453,0.18783125281333923,0.42460066080093384,-0.7760753035545349,-0.013628979213535786,-0.012904238887131214,4.424442291259766,-0.07055589556694031,3.526099681854248,521,0,0,0.0,0.3807142376899719,0.059044186025857925,3,0.0,0.059044186025857925,0.4237622022628784,0.20501095056533813,0.009999999776482582,0.009999999776482582,0.0,0.0,0.0,0.0,0.0,0,0,0,0,0,0,0,0,0,0.5,0.15000000596046448,0.699999988079071,0.0,0.0,0,0.0,0.0,0.0
1784909507.557987,peer,0.0,0.08892703583698547,0.4,0.005618163850158453,0.18783125281333923,0.42460066080093384,-0.7760753035545349,-0.013628979213535786,-0.012904238887131214,4.424442291259766,-0.07055589556694031,3.526099681854248,521,0,0,0.0,0.3807142376899719,0.059044186025857925,3,0.0,0.059044186025857925,0.4237622022628784,0.20501095056533813,0.009999999776482582,0.009999999776482582,0.0,0.0,0.0,0.0,0.0,0,0,0,0,0,0,0,0,0,0.5,0.15000000596046448,0.699999988079071,0.0,0.0,0,0.0,0.0,0.0
1784909507.5819142,peer,0.0,0.08134732861516009,0.4,0.005510301794856787,0.18386542797088623,0.42390140891075134,-0.7377796769142151,-0.012057696469128132,-0.05761868134140968,4.298284530639648,-0.06932491809129715,3.526099681854248,521,0,0,0.0,0.3807142376899719,0.059044186025857925,3,0.0,0.059044186025857925,0.4237622022628784,0.20501095056533813,0.009999999776482582,0.009999999776482582,0.0,0.0,0.0,0.0,0.0,0,0,0,0,0,0,0,0,0,0.5,0.15000000596046448,0.699999988079071,0.0,0.0,0,0.0,0.0,0.0
1784909507.6039228,peer,0.0,0.07362491053693555,0.4,0.005510301794856787,0.18386542797088623,0.42390140891075134,-0.7377796769142151,-0.012057696469128132,-0.05761868134140968,4.298284530639648,-0.06932491809129715,3.526099681854248,522,0,0,0.0,0.3807142376899719,0.0589851438999176,3,0.0,0.0589851438999176,0.4237622022628784,0.20501095056533813,0.009999999776482582,0.009999999776482582,0.0,0.0,0.0,0.0,0.0,0,0,0,0,0,0,0,0,0,0.5,0.15000000596046448,0.699999988079071,0.0,0.0,0,0.0,0.0,0.0
1784909507.624683,peer,0.0,0.06577332934771668,0.4,0.005510301794856787,0.18386542797088623,0.42390140891075134,-0.7377796769142151,-0.012057696469128132,-0.05761868134140968,4.298284530639648,-0.06932491809129715,3.526099681854248,522,0,0,0.0,0.3807142376899719,0.0589851438999176,3,0.0,0.0589851438999176,0.4237622022628784,0.20501095056533813,0.009999999776482582,0.009999999776482582,0.0,0.0,0.0,0.0,0.0,0,0,0,0,0,0,0,0,0,0.5,0.15000000596046448,0.699999988079071,0.0,0.0,0,0.0,0.0,0.0
1784909507.649824,peer,0.0,0.05780635938889425,0.4,0.006178619340062141,0.17716242372989655,0.4230022728443146,-0.6999003887176514,-0.009385229088366032,-0.09804882854223251,4.0187506675720215,-0.10429205745458603,3.526099681854248,522,0,0,0.0,0.3807142376899719,0.0589851438999176,3,0.0,0.0589851438999176,0.4237622022628784,0.20501095056533813,0.009999999776482582,0.009999999776482582,0.0,0.0,0.0,0.0,0.0,0,0,0,0,0,0,0,0,0,0.5,0.15000000596046448,0.699999988079071,0.0,0.0,0,0.0,0.0,0.0
1784909507.672711,peer,0.0,0.04973797743297097,0.4,0.006178619340062141,0.17716242372989655,0.4230022728443146,-0.6999003887176514,-0.009385229088366032,-0.09804882854223251,4.0187506675720215,-0.10429205745458603,3.526099681854248,522,0,0,0.0,0.3807142376899719,0.0589851438999176,3,0.0,0.0589851438999176,0.4237622022628784,0.20501095056533813,0.009999999776482582,0.009999999776482582,0.0,0.0,0.0,0.0,0.0,0,0,0,0,0,0,0,0,0,0.5,0.15000000596046448,0.699999988079071,0.0,0.0,0,0.0,0.0,0.0
1784909507.6975832,peer,0.0,0.04158233816355186,0.4,0.006948897149413824,0.17131218314170837,0.42252978682518005,-0.6332073211669922,-0.006700688041746616,-0.13337083160877228,3.6541197299957275,-0.08863049745559692,3.526099681854248,523,0,0,0.0,0.3807142376899719,0.05892615765333176,3,0.0,0.05892615765333176,0.4237622022628784,0.20501095056533813,0.009999999776482582,0.009999999776482582,0.0,0.0,0.0,0.0,0.0,0,0,0,0,0,0,0,0,0,0.5,0.15000000596046448,0.699999988079071,0.0,0.0,0,0.0,0.0,0.0
1784909507.719779,peer,0.0,0.03335374934322052,0.4,0.006948897149413824,0.17131218314170837,0.42252978682518005,-0.6332073211669922,-0.006700688041746616,-0.13337083160877228,3.6541197299957275,-0.08863049745559692,3.526099681854248,523,0,0,0.0,0.3807142376899719,0.05892615765333176,3,0.0,0.05892615765333176,0.4237622022628784,0.20501095056533813,0.009999999776482582,0.009999999776482582,0.0,0.0,0.0,0.0,0.0,0,0,0,0,0,0,0,0,0,0.5,0.15000000596046448,0.699999988079071,0.0,0.0,0,0.0,0.0,0.0
1784909507.741941,peer,0.0,0.02506664671286082,0.4,0.0069835069589316845,0.16172926127910614,0.4214477241039276,-0.5826317071914673,-0.0053727831691503525,-0.16607430577278137,3.1938371658325195,-0.003989517688751221,3.526099681854248,523,0,0,0.0,0.3807142376899719,0.05892615765333176,3,0.0,0.05892615765333176,0.4237622022628784,0.20501095056533813,0.009999999776482582,0.009999999776482582,0.0,0.0,0.0,0.0,0.0,0,0,0,0,0,0,0,0,0,0.5,0.15000000596046448,0.699999988079071,0.0,0.0,0,0.0,0.0,0.0
1784909507.764858,peer,0.0,0.016735568666463148,0.4,0.0069835069589316845,0.16172926127910614,0.4214477241039276,-0.5826317071914673,-0.0053727831691503525,-0.16607430577278137,3.1938371658325195,-0.003989517688751221,3.526099681854248,523,0,0,0.0,0.3807142376899719,0.05892615765333176,3,0.0,0.05892615765333176,0.4237622022628784,0.20501095056533813,0.009999999776482582,0.009999999776482582,0.0,0.0,0.0,0.0,0.0,0,0,0,0,0,0,0,0,0,0.5,0.15000000596046448,0.699999988079071,0.0,0.0,0,0.0,0.0,0.0
1784909507.787168,peer,0.0,0.008375130745839874,0.4,0.00655829394236207,0.15264342725276947,0.42116469144821167,-0.5313369035720825,-0.006160364486277103,-0.1924421191215515,2.7967920303344727,0.05568037927150726,3.526099681854248,523,0,0,0.0,0.3807142376899719,0.05892615765333176,3,0.0,0.05892615765333176,0.4237622022628784,0.20501095056533813,0.009999999776482582,0.009999999776482582,0.0,0.0,0.0,0.0,0.0,0,0,0,0,0,0,0,0,0,0.5,0.15000000596046448,0.699999988079071,0.0,0.0,0,0.0,0.0,0.0
1784909507.80899,peer,0.0,2.4492935982947065e-17,0.4,0.00655829394236207,0.15264342725276947,0.42116469144821167,-0.5313369035720825,-0.006160364486277103,-0.1924421191215515,2.7967920303344727,0.05568037927150726,3.526099681854248,524,0,0,0.0,0.3807142376899719,0.058867231011390686,3,0.0,0.058867231011390686,0.4237622022628784,0.20501095056533813,0.009999999776482582,0.009999999776482582,0.0,0.0,0.0,0.0,0.0,0,0,0,0,0,0,0,0,0,0.5,0.15000000596046448,0.699999988079071,0.0,0.0,0,0.0,0.0,0.0
1784909507.829626,peer,0.0,-0.008375130745839825,0.4,0.00655829394236207,0.15264342725276947,0.42116469144821167,-0.5313369035720825,-0.006160364486277103,-0.1924421191215515,2.7967920303344727,0.05568037927150726,3.526099681854248,524,0,0,0.0,0.3807142376899719,0.058867231011390686,3,0.0,0.058867231011390686,0.4237622022628784,0.20501095056533813,0.009999999776482582,0.009999999776482582,0.0,0.0,0.0,0.0,0.0,0,0,0,0,0,0,0,0,0,0.5,0.15000000596046448,0.699999988079071,0.0,0.0,0,0.0,0.0,0.0
1784909507.854385,peer,0.0,-0.016735568666463096,0.4,0.007754301652312279,0.1408209204673767,0.4201144576072693,-0.516520082950592,-0.0038335721474140882,-0.21851696074008942,2.4623587131500244,0.13486643135547638,3.526099681854248,524,0,0,0.0,0.3807142376899719,0.058867231011390686,3,0.0,0.058867231011390686,0.4237622022628784,0.20501095056533813,0.009999999776482582,0.009999999776482582,0.0,0.0,0.0,0.0,0.0,0,0,0,0,0,0,0,0,0,0.5,0.15000000596046448,0.699999988079071,0.0,0.0,0,0.0,0.0,0.0
1784909507.8794749,peer,0.0,-0.02506664671286077,0.4,0.007553372066468,0.1299104541540146,0.4186290204524994,-0.49199178814888,-0.0038335721474140882,-0.21851696074008942,2.4623587131500244,0.13486643135547638,3.526099681854248,524,0,0,0.0,0.3807142376899719,0.058867231011390686,3,0.0,0.058867231011390686,0.4237622022628784,0.20501095056533813,0.009999999776482582,0.009999999776482582,0.0,0.0,0.0,0.0,0.0,0,0,0,0,0,0,0,0,0,0.5,0.15000000596046448,0.699999988079071,0.0,0.0,0,0.0,0.0,0.0
1784909507.904325,peer,0.0,-0.033353749343220475,0.4,0.007553372066468,0.1299104541540146,0.4186290204524994,-0.49199178814888,-0.004822956398129463,-0.2379949390888214,2.2107152938842773,0.10129212588071823,3.526099681854248,524,0,0,0.0,0.3807142376899719,0.058867231011390686,3,0.0,0.058867231011390686,0.4237622022628784,0.20501095056533813,0.009999999776482582,0.009999999776482582,0.0,0.0,0.0,0.0,0.0,0,0,0,0,0,0,0,0,0,0.5,0.15000000596046448,0.699999988079071,0.0,0.0,0,0.0,0.0,0.0
1784909507.924861,peer,0.0,-0.041582338163551814,0.4,0.007553372066468,0.1299104541540146,0.4186290204524994,-0.49199178814888,-0.004822956398129463,-0.2379949390888214,2.2107152938842773,0.10129212588071823,3.526099681854248,524,0,0,0.0,0.3807142376899719,0.058867231011390686,3,0.0,0.058867231011390686,0.4237622022628784,0.20501095056533813,0.009999999776482582,0.009999999776482582,0.0,0.0,0.0,0.0,0.0,0,0,0,0,0,0,0,0,0,0.5,0.15000000596046448,0.699999988079071,0.0,0.0,0,0.0,0.0,0.0
1784909507.949737,peer,0.0,-0.04973797743297101,0.4,0.008045706897974014,0.11628697067499161,0.41966161131858826,-0.48586899042129517,-0.00455992529168725,-0.25853198766708374,1.9387633800506592,0.15267585217952728,3.526099681854248,524,0,0,0.0,0.3807142376899719,0.058867231011390686,3,0.0,0.058867231011390686,0.4237622022628784,0.20501095056533813,0.009999999776482582,0.009999999776482582,0.0,0.0,0.0,0.0,0.0,0,0,0,0,0,0,0,0,0,0.5,0.15000000596046448,0.699999988079071,0.0,0.0,0,0.0,0.0,0.0
1784909507.974525,peer,0.0,-0.05780635938889429,0.4,0.008045706897974014,0.11628697067499161,0.41966161131858826,-0.48586899042129517,-0.00455992529168725,-0.25853198766708374,1.9387633800506592,0.15267585217952728,3.526099681854248,524,0,0,0.0,0.3807142376899719,0.058867231011390686,3,0.0,0.058867231011390686,0.4237622022628784,0.20501095056533813,0.009999999776482582,0.009999999776482582,0.0,0.0,0.0,0.0,0.0,0,0,0,0,0,0,0,0,0,0.5,0.15000000596046448,0.699999988079071,0.0,0.0,0,0.0,0.0,0.0
1784909507.996518,peer,0.0,-0.06577332934771672,0.4,0.008692835457623005,0.10464464128017426,0.4211713373661041,-0.46097972989082336,-0.006102978717535734,-0.27340155839920044,1.6883255243301392,0.17159895598888397,3.5313782691955566,525,0,0,0.0,0.3807142376899719,0.05880836397409439,3,0.0,0.05880836397409439,0.4237622022628784,0.20501093566417694,0.009999999776482582,0.009999999776482582,0.0,0.0,0.0,0.0,0.0,0,0,0,0,0,0,0,0,0,0.5,0.15000000596046448,0.699999988079071,0.0,0.0,0,0.0,0.0,0.0
1784909508.021068,peer,0.0,-0.0736249105369355,0.4,0.008692835457623005,0.10464464128017426,0.4211713373661041,-0.46097972989082336,-0.006102978717535734,-0.27340155839920044,1.6883255243301392,0.17159895598888397,3.5313782691955566,525,0,0,0.0,0.3807142376899719,0.05880836397409439,3,0.0,0.05880836397409439,0.4237622022628784,0.20501093566417694,0.009999999776482582,0.009999999776482582,0.0,0.0,0.0,0.0,0.0,0,0,0,0,0,0,0,0,0,0.5,0.15000000596046448,0.699999988079071,0.0,0.0,0,0.0,0.0,0.0
1784909508.042326,peer,0.0,-0.08134732861516004,0.4,0.00843785423785448,0.08906946331262589,0.4201028048992157,-0.43130868673324585,-0.005729889962822199,-0.2875240743160248,1.414420485496521,0.20876401662826538,3.5313782691955566,525,0,0,0.0,0.3807142376899719,0.05880836397409439,3,0.0,0.05880836397409439,0.4237622022628784,0.20501093566417694,0.009999999776482582,0.009999999776482582,0.0,0.0,0.0,0.0,0.0,0,0,0,0,0,0,0,0,0,0.5,0.15000000596046448,0.699999988079071,0.0,0.0,0,0.0,0.0,0.0
1784909508.063199,peer,0.0,-0.08892703583698543,0.4,0.00843785423785448,0.08906946331262589,0.4201028048992157,-0.43130868673324585,-0.005729889962822199,-0.2875240743160248,1.414420485496521,0.20876401662826538,3.5313782691955566,525,0,0,0.0,0.3807142376899719,0.05880836397409439,3,0.0,0.05880836397409439,0.4237622022628784,0.20501093566417694,0.009999999776482582,0.009999999776482582,0.0,0.0,0.0,0.0,0.0,0,0,0,0,0,0,0,0,0,0.5,0.15000000596046448,0.699999988079071,0.0,0.0,0,0.0,0.0,0.0
1784909508.084428,peer,0.0,-0.09635073482034308,0.4,0.009077566675841808,0.07303093373775482,0.4186626672744751,-0.393703818321228,-0.005643284879624844,-0.30195605754852295,1.240254282951355,0.23407739400863647,3.5208210945129395,525,0,0,0.0,0.3807142376899719,0.05880836397409439,3,0.0,0.05880836397409439,0.4237622022628784,0.20501093566417694,0.009999999776482582,0.009999999776482582,0.0,0.0,0.0,0.0,0.0,0,0,0,0,0,0,0,0,0,0.5,0.15000000596046448,0.699999988079071,0.0,0.0,0,0.0,0.0,0.0
1784909508.10506,peer,0.0,-0.103605401874626,0.4,0.009077566675841808,0.07303093373775482,0.4186626672744751,-0.393703818321228,-0.005643284879624844,-0.30195605754852295,1.240254282951355,0.23407739400863647,3.5208210945129395,526,0,0,0.0,0.3807142376899719,0.05874955654144287,3,0.0,0.05874955654144287,0.4237622022628784,0.20501095056533813,0.009999999776482582,0.009999999776482582,0.0,0.0,0.0,0.0,0.0,0,0,0,0,0,0,0,0,0,0.5,0.15000000596046448,0.699999988079071,0.0,0.0,0,0.0,0.0,0.0
1784909508.125957,peer,0.0,-0.11067830984866887,0.4,0.009077566675841808,0.07303093373775482,0.4186626672744751,-0.393703818321228,-0.005643284879624844,-0.30195605754852295,1.240254282951355,0.23407739400863647,3.5208210945129395,526,0,0,0.0,0.3807142376899719,0.05874955654144287,3,0.0,0.05874955654144287,0.4237622022628784,0.20501095056533813,0.009999999776482582,0.009999999776482582,0.0,0.0,0.0,0.0,0.0,0,0,0,0,0,0,0,0,0,0.5,0.15000000596046448,0.699999988079071,0.0,0.0,0,0.0,0.0,0.0
1784909508.150769,peer,0.0,-0.11755705045849461,0.4,0.009642076678574085,0.06064538657665253,0.418625146150589,-0.37099096179008484,-0.005853700451552868,-0.3058300316333771,1.0226709842681885,0.23028022050857544,3.5208210945129395,526,0,0,0.0,0.3807142376899719,0.05874955654144287,3,0.0,0.05874955654144287,0.4237622022628784,0.20501095056533813,0.009999999776482582,0.009999999776482582,0.0,0.0,0.0,0.0,0.0,0,0,0,0,0,0,0,0,0,0.5,0.15000000596046448,0.699999988079071,0.0,0.0,0,0.0,0.0,0.0
1784909508.1749818,peer,0.0,-0.12422955605566213,0.4,0.009642076678574085,0.06064538657665253,0.418625146150589,-0.37099096179008484,-0.005853700451552868,-0.3058300316333771,1.0226709842681885,0.23028022050857544,3.5208210945129395,526,0,0,0.0,0.3807142376899719,0.05874955654144287,3,0.0,0.05874955654144287,0.4237622022628784,0.20501095056533813,0.009999999776482582,0.009999999776482582,0.0,0.0,0.0,0.0,0.0,0,0,0,0,0,0,0,0,0,0.5,0.15000000596046448,0.699999988079071,0.0,0.0,0,0.0,0.0,0.0
1784909508.1981912,peer,0.0,-0.13068412079802108,0.4,0.009234924800693989,0.046611301600933075,0.42051470279693604,-0.36249494552612305,-0.006255411542952061,-0.31332871317863464,0.927672803401947,0.2806260585784912,3.526099681854248,527,0,0,0.0,0.3807142376899719,0.05869080871343613,3,0.0,0.05869080871343613,0.4237622022628784,0.20501095056533813,0.009999999776482582,0.009999999776482582,0.0,0.0,0.0,0.0,0.0,0,0,0,0,0,0,0,0,0,0.5,0.15000000596046448,0.699999988079071,0.0,0.0,0,0.0,0.0,0.0
1784909508.222625,peer,0.0,-0.1369094211857378,0.4,0.009234924800693989,0.046611301600933075,0.42051470279693604,-0.36249494552612305,-0.006255411542952061,-0.31332871317863464,0.927672803401947,0.2806260585784912,3.526099681854248,527,0,0,0.0,0.3807142376899719,0.05869080871343613,3,0.0,0.05869080871343613,0.4237622022628784,0.20501095056533813,0.009999999776482582,0.009999999776482582,0.0,0.0,0.0,0.0,0.0,0,0,0,0,0,0,0,0,0,0.5,0.15000000596046448,0.699999988079071,0.0,0.0,0,0.0,0.0,0.0
1784909508.244641,peer,0.0,-0.1428945359265607,0.4,0.009987245313823223,0.03008897975087166,0.42200711369514465,-0.32509714365005493,-0.008248664438724518,-0.3198409378528595,0.7598447799682617,0.27831876277923584,3.526099681854248,527,0,0,0.0,0.3807142376899719,0.05869080871343613,3,0.0,0.05869080871343613,0.4237622022628784,0.20501095056533813,0.009999999776482582,0.009999999776482582,0.0,0.0,0.0,0.0,0.0,0,0,0,0,0,0,0,0,0,0.5,0.15000000596046448,0.699999988079071,0.0,0.0,0,0.0,0.0,0.0
1784909508.269086,peer,0.0,-0.14862896509547882,0.4,0.009987245313823223,0.03008897975087166,0.42200711369514465,-0.32509714365005493,-0.008248664438724518,-0.3198409378528595,0.7598447799682617,0.27831876277923584,3.526099681854248,527,0,0,0.0,0.3807142376899719,0.05869080871343613,3,0.0,0.05869080871343613,0.4237622022628784,0.20501095056533813,0.009999999776482582,0.009999999776482582,0.0,0.0,0.0,0.0,0.0,0,0,0,0,0,0,0,0,0,0.5,0.15000000596046448,0.699999988079071,0.0,0.0,0,0.0,0.0,0.0
1784909508.289344,peer,0.0,-0.15410264855515776,0.4,0.010188505984842777,0.015648407861590385,0.4225938320159912,-0.3024604916572571,-0.008639811538159847,-0.3238406777381897,0.5648369789123535,0.22740454971790314,3.526099681854248,527,0,0,0.0,0.3807142376899719,0.05869080871343613,3,0.0,0.05869080871343613,0.4237622022628784,0.20501095056533813,0.009999999776482582,0.009999999776482582,0.0,0.0,0.0,0.0,0.0,0,0,0,0,0,0,0,0,0,0.5,0.15000000596046448,0.699999988079071,0.0,0.0,0,0.0,0.0,0.0
1784909508.3145878,peer,0.0,-0.1593059836048393,0.4,0.010188505984842777,0.015648407861590385,0.4225938320159912,-0.3024604916572571,-0.008639811538159847,-0.3238406777381897,0.5648369789123535,0.22740454971790314,3.526099681854248,528,0,0,0.0,0.3807142376899719,0.05869080871343613,3,0.0,0.05869080871343613,0.4237622022628784,0.20501095056533813,0.009999999776482582,0.009999999776482582,0.0,0.0,0.0,0.0,0.0,0,0,0,0,0,0,0,0,0,0.5,0.15000000596046448,0.699999988079071,0.0,0.0,0,0.0,0.0,0.0
1784909508.336181,peer,0.0,-0.16422984182674075,0.4,0.010634073056280613,-0.0005827987333759665,0.42303287982940674,-0.28513163328170776,-0.009063854813575745,-0.3261500298976898,0.38105133175849915,0.22056043148040771,3.526099681854248,528,0,0,0.0,0.3807142376899719,0.05869080871343613,3,0.0,0.05869080871343613,0.4237622022628784,0.20501095056533813,0.009999999776482582,0.009999999776482582,0.0,0.0,0.0,0.0,0.0,0,0,0,0,0,0,0,0,0,0.5,0.15000000596046448,0.699999988079071,0.0,0.0,0,0.0,0.0,0.0
1784909508.35815,peer,0.0,-0.16886558510040306,0.4,0.010634073056280613,-0.0005827987333759665,0.42303287982940674,-0.28513163328170776,-0.009063854813575745,-0.3261500298976898,0.38105133175849915,0.22056043148040771,3.526099681854248,528,0,0,0.0,0.3807142376899719,0.05869080871343613,3,0.0,0.05869080871343613,0.4237622022628784,0.20501095056533813,0.009999999776482582,0.009999999776482582,0.0,0.0,0.0,0.0,0.0,0,0,0,0,0,0,0,0,0,0.5,0.15000000596046448,0.699999988079071,0.0,0.0,0,0.0,0.0,0.0
1784909508.383059,peer,0.0,-0.17320508075688767,0.4,0.012207315303385258,-0.015670128166675568,0.4234401285648346,-0.26194894313812256,-0.00627863546833396,-0.327681303024292,0.20940890908241272,0.22715841233730316,3.526099681854248,528,0,0,0.0,0.3807142376899719,0.05869080871343613,3,0.0,0.05869080871343613,0.4237622022628784,0.20501095056533813,0.009999999776482582,0.009999999776482582,0.0,0.0,0.0,0.0,0.0,0,0,0,0,0,0,0,0,0,0.5,0.15000000596046448,0.699999988079071,0.0,0.0,0,0.0,0.0,0.0
1784909508.404712,peer,0.0,-0.1772407158462429,0.4,0.012207315303385258,-0.015670128166675568,0.4234401285648346,-0.26194894313812256,-0.00627863546833396,-0.327681303024292,0.20940890908241272,0.22715841233730316,3.526099681854248,528,2,0,0.0,0.3807142376899719,0.05863212049007416,3,0.0,0.05863212049007416,0.4237622022628784,0.20501095056533813,0.009999999776482582,0.009999999776482582,0.0,0.0,0.0,0.0,0.0,0,0,0,0,0,0,0,0,0,0.5,0.15000000596046448,0.699999988079071,0.0,0.0,0,0.0,0.0,0.0
1784909508.425689,peer,0.0,-0.1809654104932039,0.4,0.012207315303385258,-0.015670128166675568,0.4234401285648346,-0.26194894313812256,-0.00627863546833396,-0.327681303024292,0.20940890908241272,0.22715841233730316,3.526099681854248,528,2,0,0.0,0.3807142376899719,0.05863212049007416,3,0.0,0.05863212049007416,0.4237622022628784,0.20501095056533813,0.009999999776482582,0.009999999776482582,0.0,0.0,0.0,0.0,0.0,0,0,0,0,0,0,0,0,0,0.5,0.15000000596046448,0.699999988079071,0.0,0.0,0,0.0,0.0,0.0
1784909508.450764,peer,0.0,-0.1843726303177001,0.4,0.012528921477496624,-0.03152177855372429,0.4234680235385895,-0.24116934835910797,-0.006880355998873711,-0.32497432827949524,0.020547835156321526,0.1683368980884552,3.526099681854248,528,2,0,0.0,0.3807142376899719,0.05863212049007416,3,0.0,0.05863212049007416,0.4237622022628784,0.20501095056533813,0.009999999776482582,0.009999999776482582,0.0,0.0,0.0,0.0,0.0,0,0,0,0,0,0,0,0,0,0.5,0.15000000596046448,0.699999988079071,0.0,0.0,0,0.0,0.0,0.0
1784909508.475658,peer,0.0,-0.1874563978983783,0.4,0.012528921477496624,-0.03152177855372429,0.4234680235385895,-0.24116934835910797,-0.006880355998873711,-0.32497432827949524,0.020547835156321526,0.1683368980884552,3.526099681854248,528,2,0,0.0,0.3807142376899719,0.05863212049007416,3,0.0,0.05863212049007416,0.4237622022628784,0.20501095056533813,0.009999999776482582,0.009999999776482582,0.0,0.0,0.0,0.0,0.0,0,0,0,0,0,0,0,0,0,0.5,0.15000000596046448,0.699999988079071,0.0,0.0,0,0.0,0.0,0.0
1784909508.501358,peer,0.0,-0.1902113032590307,0.4,0.011304767802357674,-0.04732634127140045,0.4222157299518585,-0.24839897453784943,-0.010568095371127129,-0.3198361098766327,-0.21719485521316528,0.3297804296016693,3.5208210945129395,529,1,0,0.0,0.3807142376899719,0.058573488146066666,3,0.0,0.058573488146066666,0.4237622022628784,0.20501095056533813,0.009999999776482582,0.009999999776482582,0.0,0.0,0.0,0.0,0.0,0,0,0,0,0,0,0,0,0,0.5,0.15000000596046448,0.699999988079071,0.0,0.0,0,0.0,0.0,0.0
1784909508.524715,peer,0.0,-0.19263251335953163,0.4,0.011304767802357674,-0.04732634127140045,0.4222157299518585,-0.24839897453784943,-0.010568095371127129,-0.3198361098766327,-0.21719485521316528,0.3297804296016693,3.5208210945129395,529,1,0,0.0,0.3807142376899719,0.058573488146066666,3,0.0,0.058573488146066666,0.4237622022628784,0.20501095056533813,0.009999999776482582,0.009999999776482582,0.0,0.0,0.0,0.0,0.0,0,0,0,0,0,0,0,0,0,0.5,0.15000000596046448,0.699999988079071,0.0,0.0,0,0.0,0.0,0.0
1784909508.550082,peer,0.0,-0.19471578057463207,0.4,0.011467528529465199,-0.06201036274433136,0.4212539494037628,-0.2772095501422882,-0.011631113477051258,-0.3180813789367676,-0.4816440939903259,0.29376938939094543,3.5208210945129395,529,1,0,0.0,0.3807142376899719,0.058573488146066666,3,0.0,0.058573488146066666,0.4237622022628784,0.20501095056533813,0.009999999776482582,0.009999999776482582,0.0,0.0,0.0,0.0,0.0,0,0,0,0,0,0,0,0,0,0.5,0.15000000596046448,0.699999988079071,0.0,0.0,0,0.0,0.0,0.0
1784909508.5747359,peer,0.0,-0.19645745014573776,0.4,0.011467528529465199,-0.06201036274433136,0.4212539494037628,-0.2772095501422882,-0.011631113477051258,-0.3180813789367676,-0.4816440939903259,0.29376938939094543,3.5208210945129395,529,1,0,0.0,0.3807142376899719,0.058573488146066666,3,0.0,0.058573488146066666,0.4237622022628784,0.20501095056533813,0.009999999776482582,0.009999999776482582,0.0,0.0,0.0,0.0,0.0,0,0,0,0,0,0,0,0,0,0.5,0.15000000596046448,0.699999988079071,0.0,0.0,0,0.0,0.0,0.0
1784909508.595411,peer,0.0,-0.19785446659259767,0.4,0.011203956790268421,-0.07297918945550919,0.4211006760597229,-0.33761167526245117,-0.013304396532475948,-0.30789700150489807,-0.818077564239502,0.3099166750907898,3.5208210945129395,530,1,0,0.0,0.3807142376899719,0.05851491540670395,3,0.0,0.05851491540670395,0.4237622022628784,0.20501095056533813,0.009999999776482582,0.009999999776482582,0.0,0.0,0.0,0.0,0.0,0,0,0,0,0,0,0,0,0,0.5,0.15000000596046448,0.699999988079071,0.0,0.0,0,0.0,0.0,0.0
1784909508.620022,peer,0.0,-0.19890437907365469,0.4,0.011203956790268421,-0.07297918945550919,0.4211006760597229,-0.33761167526245117,-0.013304396532475948,-0.30789700150489807,-0.818077564239502,0.3099166750907898,3.5208210945129395,530,1,0,0.0,0.3807142376899719,0.05851491540670395,3,0.0,0.05851491540670395,0.4237622022628784,0.20501095056533813,0.009999999776482582,0.009999999776482582,0.0,0.0,0.0,0.0,0.0,0,0,0,0,0,0,0,0,0,0.5,0.15000000596046448,0.699999988079071,0.0,0.0,0,0.0,0.0,0.0
1784909508.644468,peer,0.0,-0.19960534568565433,0.4,0.011790635995566845,-0.08883797377347946,0.4212634861469269,-0.3745540678501129,-0.01322648860514164,-0.2960754632949829,-1.0855581760406494,0.3434944450855255,3.5208210945129395,530,1,0,0.0,0.3807142376899719,0.05851491540670395,3,0.0,0.05851491540670395,0.4237622022628784,0.20501095056533813,0.009999999776482582,0.009999999776482582,0.0,0.0,0.0,0.0,0.0,0,0,0,0,0,0,0,0,0,0.5,0.15000000596046448,0.699999988079071,0.0,0.0,0,0.0,0.0,0.0
1784909508.6668742,peer,0.0,-0.19995613669496912,0.4,0.011790635995566845,-0.08883797377347946,0.4212634861469269,-0.3745540678501129,-0.01322648860514164,-0.2960754632949829,-1.0855581760406494,0.3434944450855255,3.5208210945129395,530,1,0,0.0,0.3807142376899719,0.05851491540670395,3,0.0,0.05851491540670395,0.4237622022628784,0.20501095056533813,0.009999999776482582,0.009999999776482582,0.0,0.0,0.0,0.0,0.0,0,0,0,0,0,0,0,0,0,0.5,0.15000000596046448,0.699999988079071,0.0,0.0,0,0.0,0.0,0.0
1784909508.689863,peer,0.0,-0.19995613669496912,0.4,0.011057041585445404,-0.10184930264949799,0.42108073830604553,-0.3983187675476074,-0.015788480639457703,-0.2791467010974884,-1.349306583404541,0.28431379795074463,3.5208210945129395,530,1,0,0.0,0.3807142376899719,0.05851491540670395,3,0.0,0.05851491540670395,0.4237622022628784,0.20501095056533813,0.009999999776482582,0.009999999776482582,0.0,0.0,0.0,0.0,0.0,0,0,0,0,0,0,0,0,0,0.5,0.15000000596046448,0.699999988079071,0.0,0.0,0,0.0,0.0,0.0
1784909508.715004,peer,0.0,-0.19960534568565433,0.4,0.011057041585445404,-0.10184930264949799,0.42108073830604553,-0.3983187675476074,-0.015788480639457703,-0.2791467010974884,-1.349306583404541,0.28431379795074463,3.526099681854248,531,0,0,0.0,0.3807142376899719,0.05845640227198601,3,0.0,0.05845640227198601,0.4237622022628784,0.20501095056533813,0.009999999776482582,0.009999999776482582,0.0,0.0,0.0,0.0,0.0,0,0,0,0,0,0,0,0,0,0.5,0.15000000596046448,0.699999988079071,0.0,0.0,0,0.0,0.0,0.0
1784909508.7372851,peer,0.0,-0.19890437907365466,0.4,0.01034429483115673,-0.11517837643623352,0.421329528093338,-0.4182370901107788,-0.018002407625317574,-0.2647048234939575,-1.6806626319885254,0.34962013363838196,3.526099681854248,531,0,0,0.0,0.3807142376899719,0.05845640227198601,3,0.0,0.05845640227198601,0.4237622022628784,0.20501095056533813,0.009999999776482582,0.009999999776482582,0.0,0.0,0.0,0.0,0.0,0,0,0,0,0,0,0,0,0,0.5,0.15000000596046448,0.699999988079071,0.0,0.0,0,0.0,0.0,0.0
1784909508.760951,peer,0.0,-0.19785446659259767,0.4,0.01034429483115673,-0.11517837643623352,0.421329528093338,-0.4182370901107788,-0.018002407625317574,-0.2647048234939575,-1.6806626319885254,0.34962013363838196,3.526099681854248,531,0,0,0.0,0.3807142376899719,0.05845640227198601,3,0.0,0.05845640227198601,0.4237622022628784,0.20501095056533813,0.009999999776482582,0.009999999776482582,0.0,0.0,0.0,0.0,0.0,0,0,0,0,0,0,0,0,0,0.5,0.15000000596046448,0.699999988079071,0.0,0.0,0,0.0,0.0,0.0
1784909508.7832,peer,0.0,-0.19645745014573776,0.4,0.010582701303064823,-0.1242455244064331,0.4208957850933075,-0.42626136541366577,-0.017727797850966454,-0.24614863097667694,-1.9412933588027954,0.2739497125148773,3.526099681854248,531,0,0,0.0,0.3807142376899719,0.05845640227198601,3,0.0,0.05845640227198601,0.4237622022628784,0.20501095056533813,0.009999999776482582,0.009999999776482582,0.0,0.0,0.0,0.0,0.0,0,0,0,0,0,0,0,0,0,0.5,0.15000000596046448,0.699999988079071,0.0,0.0,0,0.0,0.0,0.0
1784909508.8080971,peer,0.0,-0.19471578057463207,0.4,0.010582701303064823,-0.1242455244064331,0.4208957850933075,-0.42626136541366577,-0.017727797850966454,-0.24614863097667694,-1.9412933588027954,0.2739497125148773,3.526099681854248,533,0,0,0.0,0.3807142376899719,0.058339547365903854,3,0.0,0.058339547365903854,0.4237622022628784,0.20501095056533813,0.009999999776482582,0.009999999776482582,0.0,0.0,0.0,0.0,0.0,0,0,0,0,0,0,0,0,0,0.5,0.15000000596046448,0.699999988079071,0.0,0.0,0,0.0,0.0,0.0
1784909508.833204,peer,0.0,-0.19263251335953166,0.4,0.010582701303064823,-0.1242455244064331,0.4208957850933075,-0.42626136541366577,-0.017727797850966454,-0.24614863097667694,-1.9412933588027954,0.2739497125148773,3.526099681854248,533,0,0,0.0,0.3807142376899719,0.058339547365903854,3,0.0,0.058339547365903854,0.4237622022628784,0.20501095056533813,0.009999999776482582,0.009999999776482582,0.0,0.0,0.0,0.0,0.0,0,0,0,0,0,0,0,0,0,0.5,0.15000000596046448,0.699999988079071,0.0,0.0,0,0.0,0.0,0.0
1784909508.853327,peer,0.0,-0.19021130325903074,0.4,0.010274816304445267,-0.13654521107673645,0.42233914136886597,-0.412444531917572,-0.018776442855596542,-0.22836925089359283,-2.1499853134155273,0.206498384475708,3.526099681854248,533,0,0,0.0,0.3807142376899719,0.058339547365903854,3,0.0,0.058339547365903854,0.4237622022628784,0.20501095056533813,0.009999999776482582,0.009999999776482582,0.0,0.0,0.0,0.0,0.0,0,0,0,0,0,0,0,0,0,0.5,0.15000000596046448,0.699999988079071,0.0,0.0,0,0.0,0.0,0.0
1784909508.874601,peer,0.0,-0.1874563978983783,0.4,0.010274816304445267,-0.13654521107673645,0.42233914136886597,-0.412444531917572,-0.018776442855596542,-0.22836925089359283,-2.1499853134155273,0.206498384475708,3.526099681854248,533,0,0,0.0,0.3807142376899719,0.058339547365903854,3,0.0,0.058339547365903854,0.4237622022628784,0.20501095056533813,0.009999999776482582,0.009999999776482582,0.0,0.0,0.0,0.0,0.0,0,0,0,0,0,0,0,0,0,0.5,0.15000000596046448,0.699999988079071,0.0,0.0,0,0.0,0.0,0.0
1784909508.8997262,peer,0.0,-0.18437263031770013,0.4,0.00893404334783554,-0.14576281607151031,0.42201513051986694,-0.3950183689594269,-0.02054118551313877,-0.20601767301559448,-2.4609222412109375,0.23204094171524048,3.526099681854248,534,0,0,0.0,0.3807142376899719,0.05828120931982994,3,0.0,0.05828120931982994,0.42376217246055603,0.20501095056533813,0.009999999776482582,0.009999999776482582,0.0,0.0,0.0,0.0,0.0,0,0,0,0,0,0,0,0,0,0.5,0.15000000596046448,0.699999988079071,0.0,0.0,0,0.0,0.0,0.0
1784909508.920713,peer,0.0,-0.18096541049320392,0.4,0.00893404334783554,-0.14576281607151031,0.42201513051986694,-0.3950183689594269,-0.02054118551313877,-0.20601767301559448,-2.4609222412109375,0.23204094171524048,3.526099681854248,534,0,0,0.0,0.3807142376899719,0.05828120931982994,3,0.0,0.05828120931982994,0.42376217246055603,0.20501095056533813,0.009999999776482582,0.009999999776482582,0.0,0.0,0.0,0.0,0.0,0,0,0,0,0,0,0,0,0,0.5,0.15000000596046448,0.699999988079071,0.0,0.0,0,0.0,0.0,0.0
1784909508.942868,peer,0.0,-0.17724071584624296,0.4,0.009255290031433105,-0.15477770566940308,0.42162761092185974,-0.34349799156188965,-0.01953679695725441,-0.18208958208560944,-2.6420273780822754,0.08410557359457016,3.526099681854248,534,0,0,0.0,0.3807142376899719,0.05828120931982994,3,0.0,0.05828120931982994,0.42376217246055603,0.20501095056533813,0.009999999776482582,0.009999999776482582,0.0,0.0,0.0,0.0,0.0,0,0,0,0,0,0,0,0,0,0.5,0.15000000596046448,0.699999988079071,0.0,0.0,0,0.0,0.0,0.0
1784909508.9640782,peer,0.0,-0.17320508075688773,0.4,0.009255290031433105,-0.15477770566940308,0.42162761092185974,-0.34349799156188965,-0.01953679695725441,-0.18208958208560944,-2.6420273780822754,0.08410557359457016,3.526099681854248,534,0,0,0.0,0.3807142376899719,0.05828120931982994,3,0.0,0.05828120931982994,0.42376217246055603,0.20501095056533813,0.009999999776482582,0.009999999776482582,0.0,0.0,0.0,0.0,0.0,0,0,0,0,0,0,0,0,0,0.5,0.15000000596046448,0.699999988079071,0.0,0.0,0,0.0,0.0,0.0
1784909508.9881,peer,0.0,-0.16886558510040311,0.4,0.009128028526902199,-0.1639215052127838,0.4212266504764557,-0.2719910442829132,-0.017867902293801308,-0.1576862931251526,-2.8604886531829834,0.03742971643805504,3.526099681854248,534,0,0,0.0,0.3807142376899719,0.05828120931982994,3,0.0,0.05828120931982994,0.42376217246055603,0.20501095056533813,0.009999999776482582,0.009999999776482582,0.0,0.0,0.0,0.0,0.0,0,0,0,0,0,0,0,0,0,0.5,0.15000000596046448,0.699999988079071,0.0,0.0,0,0.0,0.0,0.0
1784909509.009053,peer,0.0,-0.1642298418267408,0.4,0.009128028526902199,-0.1639215052127838,0.4212266504764557,-0.2719910442829132,-0.017867902293801308,-0.1576862931251526,-2.8604886531829834,0.03742971643805504,3.5208210945129395,534,0,0,0.0,0.3807142376899719,0.05828120931982994,3,0.0,0.05828120931982994,0.42376217246055603,0.20501095056533813,0.009999999776482582,0.009999999776482582,0.0,0.0,0.0,0.0,0.0,0,0,0,0,0,0,0,0,0,0.5,0.15000000596046448,0.699999988079071,0.0,0.0,0,0.0,0.0,0.0
1784909509.033081,peer,0.0,-0.15930598360483925,0.4,0.0098416768014431,-0.16971541941165924,0.42005398869514465,-0.21622245013713837,-0.014790859073400497,-0.13162264227867126,-3.1222636699676514,0.026204466819763184,3.5208210945129395,534,0,0,0.0,0.3807142376899719,0.05828120931982994,3,0.0,0.05828120931982994,0.42376217246055603,0.20501095056533813,0.009999999776482582,0.009999999776482582,0.0,0.0,0.0,0.0,0.0,0,0,0,0,0,0,0,0,0,0.5,0.15000000596046448,0.699999988079071,0.0,0.0,0,0.0,0.0,0.0
1784909509.056445,peer,0.0,-0.15410264855515782,0.4,0.0098416768014431,-0.16971541941165924,0.42005398869514465,-0.21622245013713837,-0.014790859073400497,-0.13162264227867126,-3.1222636699676514,0.026204466819763184,3.5208210945129395,534,0,0,0.0,0.3807142376899719,0.05828120931982994,3,0.0,0.05828120931982994,0.42376217246055603,0.20501095056533813,0.009999999776482582,0.009999999776482582,0.0,0.0,0.0,0.0,0.0,0,0,0,0,0,0,0,0,0,0.5,0.15000000596046448,0.699999988079071,0.0,0.0,0,0.0,0.0,0.0
1784909509.080221,peer,0.0,-0.14862896509547893,0.4,0.007868023589253426,-0.17504999041557312,0.42022645473480225,-0.1784725785255432,-0.017411261796951294,-0.10240763425827026,-3.2169833183288574,0.06398343294858932,3.5208210945129395,534,0,0,0.0,0.3807142376899719,0.05828120931982994,3,0.0,0.05828120931982994,0.42376217246055603,0.20501095056533813,0.009999999776482582,0.009999999776482582,0.0,0.0,0.0,0.0,0.0,0,0,0,0,0,0,0,0,0,0.5,0.15000000596046448,0.699999988079071,0.0,0.0,0,0.0,0.0,0.0
1784909509.103963,peer,0.0,-0.14289453592656073,0.4,0.007868023589253426,-0.17504999041557312,0.42022645473480225,-0.1784725785255432,-0.017411261796951294,-0.10240763425827026,-3.2169833183288574,0.06398343294858932,3.526099681854248,535,0,0,0.0,0.3807142376899719,0.058222927153110504,3,0.0,0.058222927153110504,0.4237622022628784,0.20501095056533813,0.009999999776482582,0.009999999776482582,0.0,0.0,0.0,0.0,0.0,0,0,0,0,0,0,0,0,0,0.5,0.15000000596046448,0.699999988079071,0.0,0.0,0,0.0,0.0,0.0
1784909509.126575,peer,0.0,-0.13690942118573765,0.4,0.007868023589253426,-0.17504999041557312,0.42022645473480225,-0.1784725785255432,-0.017411261796951294,-0.10240763425827026,-3.2169833183288574,0.06398343294858932,3.526099681854248,535,0,0,0.0,0.3807142376899719,0.058222927153110504,3,0.0,0.058222927153110504,0.4237622022628784,0.20501095056533813,0.009999999776482582,0.009999999776482582,0.0,0.0,0.0,0.0,0.0,0,0,0,0,0,0,0,0,0,0.5,0.15000000596046448,0.699999988079071,0.0,0.0,0,0.0,0.0,0.0
1784909509.147721,peer,0.0,-0.13068412079802103,0.4,0.008147509768605232,-0.1783636510372162,0.4189203679561615,-0.11111336201429367,-0.015504193492233753,-0.07291879504919052,-3.3546392917633057,0.031604718416929245,3.526099681854248,535,0,0,0.0,0.3807142376899719,0.058222927153110504,3,0.0,0.058222927153110504,0.4237622022628784,0.20501095056533813,0.009999999776482582,0.009999999776482582,0.0,0.0,0.0,0.0,0.0,0,0,0,0,0,0,0,0,0,0.5,0.15000000596046448,0.699999988079071,0.0,0.0,0,0.0,0.0,0.0
1784909509.172839,peer,0.0,-0.12422955605566213,0.4,0.008147509768605232,-0.1783636510372162,0.4189203679561615,-0.11111336201429367,-0.015504193492233753,-0.07291879504919052,-3.3546392917633057,0.031604718416929245,3.526099681854248,535,0,0,0.0,0.3807142376899719,0.058222927153110504,3,0.0,0.058222927153110504,0.4237622022628784,0.20501095056533813,0.009999999776482582,0.009999999776482582,0.0,0.0,0.0,0.0,0.0,0,0,0,0,0,0,0,0,0,0.5,0.15000000596046448,0.699999988079071,0.0,0.0,0,0.0,0.0,0.0
1784909509.194209,peer,0.0,-0.11755705045849468,0.4,0.007426759228110313,-0.18323303759098053,0.4176158905029297,-0.045244861394166946,-0.01568465121090412,-0.04777999967336655,-3.4842171669006348,0.07867129147052765,3.5208210945129395,536,0,0,0.0,0.3807142376899719,0.05816470459103584,3,0.0,0.05816470459103584,0.4237622022628784,0.20501095056533813,0.009999999776482582,0.009999999776482582,0.0,0.0,0.0,0.0,0.0,0,0,0,0,0,0,0,0,0,0.5,0.15000000596046448,0.699999988079071,0.0,0.0,0,0.0,0.0,0.0
1784909509.218859,peer,0.0,-0.1106783098486687,0.4,0.007426759228110313,-0.18323303759098053,0.4176158905029297,-0.045244861394166946,-0.01568465121090412,-0.04777999967336655,-3.4842171669006348,0.07867129147052765,3.5208210945129395,536,0,0,0.0,0.3807142376899719,0.05816470459103584,3,0.0,0.05816470459103584,0.4237622022628784,0.20501093566417694,0.009999999776482582,0.009999999776482582,0.0,0.0,0.0,0.0,0.0,0,0,0,0,0,0,0,0,0,0.5,0.15000000596046448,0.699999988079071,0.0,0.0,0,0.0,0.0,0.0
1784909509.241941,peer,0.0,-0.10360540187462591,0.4,0.008157661184668541,-0.18547497689723969,0.4160115420818329,0.04965384304523468,-0.012970478273928165,-0.018402643501758575,-3.650385856628418,0.036826614290475845,3.5208210945129395,536,0,0,0.0,0.3807142376899719,0.05816470459103584,3,0.0,0.05816470459103584,0.4237622022628784,0.20501093566417694,0.009999999776482582,0.009999999776482582,0.0,0.0,0.0,0.0,0.0,0,0,0,0,0,0,0,0,0,0.5,0.15000000596046448,0.699999988079071,0.0,0.0,0,0.0,0.0,0.0
1784909509.2655842,peer,0.0,-0.09635073482034306,0.4,0.008157661184668541,-0.18547497689723969,0.4160115420818329,0.04965384304523468,-0.012970478273928165,-0.018402643501758575,-3.650385856628418,0.036826614290475845,3.5208210945129395,536,0,0,0.0,0.3807142376899719,0.05816470459103584,3,0.0,0.05816470459103584,0.4237622022628784,0.20501093566417694,0.009999999776482582,0.009999999776482582,0.0,0.0,0.0,0.0,0.0,0,0,0,0,0,0,0,0,0,0.5,0.15000000596046448,0.699999988079071,0.0,0.0,0,0.0,0.0,0.0
1784909509.2862499,peer,0.0,-0.0889270358369855,0.4,0.006702159997075796,-0.18551060557365417,0.4154772460460663,0.13773213326931,-0.014941253699362278,0.01378576923161745,-3.7293035984039307,-0.00496169738471508,3.5208210945129395,536,0,0,0.0,0.3807142376899719,0.05816470459103584,3,0.0,0.05816470459103584,0.4237622022628784,0.20501093566417694,0.009999999776482582,0.009999999776482582,0.0,0.0,0.0,0.0,0.0,0,0,0,0,0,0,0,0,0,0.5,0.15000000596046448,0.699999988079071,0.0,0.0,0,0.0,0.0,0.0
1784909509.311399,peer,0.0,-0.08134732861516003,0.4,0.006702159997075796,-0.18551060557365417,0.4154772460460663,0.13773213326931,-0.014941253699362278,0.01378576923161745,-3.7293035984039307,-0.00496169738471508,3.5208210945129395,537,0,0,0.0,0.3807142376899719,0.05810654163360596,2,0.0,0.05810654163360596,0.4237622022628784,0.20501095056533813,0.009999999776482582,0.009999999776482582,0.0,0.0,0.0,0.0,0.0,0,0,0,0,0,0,0,0,0,0.5,0.15000000596046448,0.699999988079071,0.0,0.0,0,0.0,0.0,0.0
1784909509.332404,peer,0.0,-0.07362491053693575,0.4,0.006702159997075796,-0.18551060557365417,0.4154772460460663,0.13773213326931,-0.014941253699362278,0.01378576923161745,-3.7293035984039307,-0.00496169738471508,3.5208210945129395,537,0,0,0.0,0.3807142376899719,0.05810654163360596,2,0.0,0.05810654163360596,0.4237622022628784,0.20501095056533813,0.009999999776482582,0.009999999776482582,0.0,0.0,0.0,0.0,0.0,0,0,0,0,0,0,0,0,0,0.5,0.15000000596046448,0.699999988079071,0.0,0.0,0,0.0,0.0,0.0
1784909509.352712,peer,0.0,-0.06577332934771678,0.4,0.0043069892562925816,-0.18324880301952362,0.4153546392917633,0.24136294424533844,-0.015424045734107494,0.046779122203588486,-3.839184284210205,-0.013889903202652931,3.5208210945129395,537,0,0,0.0,0.3807142376899719,0.05810654163360596,2,0.0,0.05810654163360596,0.4237622022628784,0.20501095056533813,0.009999999776482582,0.009999999776482582,0.0,0.0,0.0,0.0,0.0,0,0,0,0,0,0,0,0,0,0.5,0.15000000596046448,0.699999988079071,0.0,0.0,0,0.0,0.0,0.0
1784909509.375707,peer,0.0,-0.057806359388894446,0.4,0.0043069892562925816,-0.18324880301952362,0.4153546392917633,0.24136294424533844,-0.015424045734107494,0.046779122203588486,-3.839184284210205,-0.013889903202652931,3.5208210945129395,537,0,0,0.0,0.3807142376899719,0.05810654163360596,2,0.0,0.05810654163360596,0.4237622022628784,0.20501095056533813,0.009999999776482582,0.009999999776482582,0.0,0.0,0.0,0.0,0.0,0,0,0,0,0,0,0,0,0,0.5,0.15000000596046448,0.699999988079071,0.0,0.0,0,0.0,0.0,0.0
1784909509.399731,peer,0.0,-0.0497379774329709,0.4,0.0023879515938460827,-0.17931804060935974,0.41552281379699707,0.3278651237487793,-0.019521217793226242,0.08343468606472015,-3.9095470905303955,-0.03682921081781387,3.5208210945129395,537,0,0,0.0,0.3807142376899719,0.05810654163360596,2,0.0,0.05810654163360596,0.4237622022628784,0.20501095056533813,0.009999999776482582,0.009999999776482582,0.0,0.0,0.0,0.0,0.0,0,0,0,0,0,0,0,0,0,0.5,0.15000000596046448,0.699999988079071,0.0,0.0,0,0.0,0.0,0.0
1784909509.423809,peer,0.0,-0.041582338163551974,0.4,0.0023879515938460827,-0.17931804060935974,0.41552281379699707,0.3278651237487793,-0.019521217793226242,0.08343468606472015,-3.9095470905303955,-0.03682921081781387,3.5208210945129395,537,0,0,0.0,0.3807142376899719,0.05810654163360596,2,0.0,0.05810654163360596,0.4237622022628784,0.20501095056533813,0.009999999776482582,0.009999999776482582,0.0,0.0,0.0,0.0,0.0,0,0,0,0,0,0,0,0,0,0.5,0.15000000596046448,0.699999988079071,0.0,0.0,0,0.0,0.0,0.0
1784909509.447788,peer,0.0,-0.033353749343220544,0.4,0.002520723035559058,-0.1738707572221756,0.41532257199287415,0.38520321249961853,-0.01774361915886402,0.11772247403860092,-3.8891074657440186,-0.14956139028072357,3.5208210945129395,537,0,0,0.0,0.3807142376899719,0.05810654163360596,2,0.0,0.05810654163360596,0.4237622022628784,0.20501095056533813,0.009999999776482582,0.009999999776482582,0.0,0.0,0.0,0.0,0.0,0,0,0,0,0,0,0,0,0,0.5,0.15000000596046448,0.699999988079071,0.0,0.0,0,0.0,0.0,0.0
1784909509.4709451,peer,0.0,-0.02506664671286093,0.4,0.002520723035559058,-0.1738707572221756,0.41532257199287415,0.38520321249961853,-0.01774361915886402,0.11772247403860092,-3.8891074657440186,-0.14956139028072357,3.5208210945129395,537,0,0,0.0,0.3807142376899719,0.05810654163360596,2,0.0,0.05810654163360596,0.4237622022628784,0.20501095056533813,0.009999999776482582,0.009999999776482582,0.0,0.0,0.0,0.0,0.0,0,0,0,0,0,0,0,0,0,0.5,0.15000000596046448,0.699999988079071,0.0,0.0,0,0.0,0.0,0.0
1784909509.491168,peer,0.0,-0.016735568666462995,0.4,0.0033560909796506166,-0.16977855563163757,0.4148317873477936,0.43581876158714294,-0.013102499768137932,0.14870049059391022,-3.6797232627868652,-0.22902537882328033,3.5208210945129395,537,0,0,0.0,0.3807142376899719,0.05810654163360596,2,0.0,0.05810654163360596,0.4237622022628784,0.20501095056533813,0.009999999776482582,0.009999999776482582,0.0,0.0,0.0,0.0,0.0,0,0,0,0,0,0,0,0,0,0.5,0.15000000596046448,0.699999988079071,0.0,0.0,0,0.0,0.0,0.0
1784909509.514257,peer,0.0,-0.008375130745839987,0.4,0.0033560909796506166,-0.16977855563163757,0.4148317873477936,0.43581876158714294,-0.013102499768137932,0.14870049059391022,-3.6797232627868652,-0.22902537882328033,3.5208210945129395,538,0,0,0.0,0.3807142376899719,0.05804843455553055,2,0.0,0.05804843455553055,0.4237622022628784,0.20501095056533813,0.009999999776482582,0.009999999776482582,0.0,0.0,0.0,0.0,0.0,0,0,0,0,0,0,0,0,0,0.5,0.15000000596046448,0.699999988079071,0.0,0.0,0,0.0,0.0,0.0
1784909509.537457,approach,0.0,0.0,0.4,0.005594321060925722,-0.16132017970085144,0.4163401126861572,0.5369488596916199,-0.005602044053375721,0.17790725827217102,-3.5145363807678223,-0.1808396875858307,3.5208210945129395,538,0,0,0.0,0.3807142376899719,0.05804843455553055,2,0.0,0.05804843455553055,0.4237622022628784,0.20501095056533813,0.009999999776482582,0.009999999776482582,0.0,0.0,0.0,0.0,0.0,0,0,0,0,0,0,0,0,0,0.5,0.15000000596046448,0.699999988079071,0.0,0.0,0,0.0,0.0,0.0
1784909509.558605,approach,0.0006265664160401002,0.0033500522983359706,0.4,0.005594321060925722,-0.16132017970085144,0.4163401126861572,0.5369488596916199,-0.005602044053375721,0.17790725827217102,-3.5145363807678223,-0.1808396875858307,3.5208210945129395,538,0,0,0.0,0.3807142376899719,0.05804843455553055,2,0.0,0.05804843455553055,0.4237622022628784,0.20501095056533813,0.009999999776482582,0.009999999776482582,0.0,0.0,0.0,0.0,0.0,0,0,0,0,0,0,0,0,0,0.5,0.15000000596046448,0.699999988079071,0.0,0.0,0,0.0,0.0,0.0
1784909509.579751,approach,0.0012531328320802004,0.00669422746658524,0.4,0.005712185986340046,-0.15167264640331268,0.4165155291557312,0.5878139138221741,-0.00631286296993494,0.20695573091506958,-3.2830352783203125,-0.07911872118711472,3.5208210945129395,538,0,0,0.0,0.3807142376899719,0.05804843455553055,2,0.0,0.05804843455553055,0.4237622022628784,0.20501095056533813,0.009999999776482582,0.009999999776482582,0.0,0.0,0.0,0.0,0.0,0,0,0,0,0,0,0,0,0,0.5,0.15000000596046448,0.699999988079071,0.0,0.0,0,0.0,0.0,0.0
1784909509.600373,approach,0.0018796992481203006,0.010026658685144338,0.4,0.005712185986340046,-0.15167264640331268,0.4165155291557312,0.5878139138221741,-0.00631286296993494,0.20695573091506958,-3.2830352783203125,-0.07911872118711472,3.526099681854248,539,0,0,0.0,0.3807142376899719,0.057990387082099915,2,0.0,0.057990387082099915,0.4237622022628784,0.20501095056533813,0.009999999776482582,0.009999999776482582,0.0,0.0,0.0,0.0,0.0,0,0,0,0,0,0,0,0,0,0.5,0.15000000596046448,0.699999988079071,0.0,0.0,0,0.0,0.0,0.0
1784909509.624457,approach,0.002506265664160401,0.013341499737288183,0.4,0.005712185986340046,-0.15167264640331268,0.4165155291557312,0.5878139138221741,-0.00631286296993494,0.20695573091506958,-3.2830352783203125,-0.07911872118711472,3.526099681854248,539,0,0,0.0,0.3807142376899719,0.057990387082099915,2,0.0,0.057990387082099915,0.4237622022628784,0.20501095056533813,0.009999999776482582,0.009999999776482582,0.0,0.0,0.0,0.0,0.0,0,0,0,0,0,0,0,0,0,0.5,0.15000000596046448,0.699999988079071,0.0,0.0,0,0.0,0.0,0.0
1784909509.647168,approach,0.003132832080200501,0.016632935265420746,0.4,0.004886324517428875,-0.1432235985994339,0.41652700304985046,0.6437690258026123,-0.004970388021320105,0.23188742995262146,-2.9284286499023438,0.0018444409361109138,3.526099681854248,539,0,0,0.0,0.3807142376899719,0.057990387082099915,2,0.0,0.057990387082099915,0.4237622022628784,0.20501095056533813,0.009999999776482582,0.009999999776482582,0.0,0.0,0.0,0.0,0.0,0,0,0,0,0,0,0,0,0,0.5,0.15000000596046448,0.699999988079071,0.0,0.0,0,0.0,0.0,0.0
1784909509.667607,approach,0.0037593984962406013,0.01989519097318838,0.4,0.004886324517428875,-0.1432235985994339,0.41652700304985046,0.6437690258026123,-0.004970388021320105,0.23188742995262146,-2.9284286499023438,0.0018444409361109138,3.526099681854248,539,0,0,0.0,0.3807142376899719,0.057990387082099915,2,0.0,0.057990387082099915,0.4237622022628784,0.20501095056533813,0.009999999776482582,0.009999999776482582,0.0,0.0,0.0,0.0,0.0,0,0,0,0,0,0,0,0,0,0.5,0.15000000596046448,0.699999988079071,0.0,0.0,0,0.0,0.0,0.0
1784909509.6877272,approach,0.0043859649122807015,0.02312254375555773,0.4,0.006121382582932711,-0.13252300024032593,0.416430801153183,0.6740856170654297,-0.00266390573233366,0.2548096477985382,-2.550429105758667,0.052614908665418625,3.5208210945129395,539,0,0,0.0,0.3807142376899719,0.057990387082099915,2,0.0,0.057990387082099915,0.4237622022628784,0.20501095056533813,0.009999999776482582,0.009999999776482582,0.0,0.0,0.0,0.0,0.0,0,0,0,0,0,0,0,0,0,0.5,0.15000000596046448,0.699999988079071,0.0,0.0,0,0.0,0.0,0.0
1784909509.708101,approach,0.005012531328320802,0.026309331739086658,0.4,0.006121382582932711,-0.13252300024032593,0.416430801153183,0.6740856170654297,-0.00266390573233366,0.2548096477985382,-2.550429105758667,0.052614908665418625,3.5208210945129395,540,1,0,0.0,0.3807142376899719,0.057932399213314056,2,0.0,0.057932399213314056,0.4237622022628784,0.20501095056533813,0.009999999776482582,0.009999999776482582,0.0,0.0,0.0,0.0,0.0,0,0,0,0,0,0,0,0,0,0.5,0.15000000596046448,0.699999988079071,0.0,0.0,0,0.0,0.0,0.0
1784909509.7293298,approach,0.005639097744360902,0.02944996421477424,0.4,0.005955630447715521,-0.12163050472736359,0.4167216122150421,0.6879854798316956,-0.00266390573233366,0.2548096477985382,-2.550429105758667,0.052614908665418625,3.5208210945129395,540,1,0,0.0,0.3807142376899719,0.057932399213314056,2,0.0,0.057932399213314056,0.4237622022628784,0.20501095056533813,0.009999999776482582,0.009999999776482582,0.0,0.0,0.0,0.0,0.0,0,0,0,0,0,0,0,0,0,0.5,0.15000000596046448,0.699999988079071,0.0,0.0,0,0.0,0.0,0.0
1784909509.754396,approach,0.006265664160401002,0.03253893144606401,0.4,0.005955630447715521,-0.12163050472736359,0.4167216122150421,0.6879854798316956,-0.003871162189170718,0.2736365497112274,-2.0387094020843506,0.16376818716526031,3.5208210945129395,540,1,0,0.0,0.3807142376899719,0.057932399213314056,2,0.0,0.057932399213314056,0.4237622022628784,0.20501095056533813,0.009999999776482582,0.009999999776482582,0.0,0.0,0.0,0.0,0.0,0,0,0,0,0,0,0,0,0,0.5,0.15000000596046448,0.699999988079071,0.0,0.0,0,0.0,0.0,0.0
1784909509.774763,approach,0.006892230576441102,0.0355708143347942,0.4,0.005955630447715521,-0.12163050472736359,0.4167216122150421,0.6879854798316956,-0.003871162189170718,0.2736365497112274,-2.0387094020843506,0.16376818716526031,3.5208210945129395,540,1,0,0.0,0.3807142376899719,0.057932399213314056,2,0.0,0.057932399213314056,0.4237622022628784,0.20501095056533813,0.009999999776482582,0.009999999776482582,0.0,0.0,0.0,0.0,0.0,0,0,0,0,0,0,0,0,0,0.5,0.15000000596046448,0.699999988079071,0.0,0.0,0,0.0,0.0,0.0
1784909509.799857,approach,0.007518796992481203,0.038540293928137216,0.4,0.007363125216215849,-0.10749644786119461,0.418359637260437,0.699065089225769,-0.001991044031456113,0.2798050045967102,-1.4270387887954712,0.18005743622779846,3.526099681854248,541,0,0,0.0,0.3807142376899719,0.057874467223882675,2,0.0,0.057874467223882675,0.4237622022628784,0.20501095056533813,0.009999999776482582,0.009999999776482582,0.0,0.0,0.0,0.0,0.0,0,0,0,0,0,0,0,0,0,0.5,0.15000000596046448,0.699999988079071,0.0,0.0,0,0.0,0.0,0.0
1784909509.823489,approach,0.008145363408521303,0.04144216074985042,0.4,0.007363125216215849,-0.10749644786119461,0.418359637260437,0.699065089225769,-0.001991044031456113,0.2798050045967102,-1.4270387887954712,0.18005743622779846,3.526099681854248,541,0,0,0.0,0.3807142376899719,0.057874467223882675,2,0.0,0.057874467223882675,0.4237622022628784,0.20501095056533813,0.009999999776482582,0.009999999776482582,0.0,0.0,0.0,0.0,0.0,0,0,0,0,0,0,0,0,0,0.5,0.15000000596046448,0.699999988079071,0.0,0.0,0,0.0,0.0,0.0
1784909509.848711,approach,0.008771929824561403,0.044271323939467526,0.4,0.006932440679520369,-0.09542965888977051,0.4185561239719391,0.7182732820510864,-0.004207398742437363,0.2858821153640747,-0.9569563269615173,0.1952214241027832,3.526099681854248,541,0,0,0.0,0.3807142376899719,0.057874467223882675,2,0.0,0.057874467223882675,0.4237622022628784,0.20501095056533813,0.009999999776482582,0.009999999776482582,0.0,0.0,0.0,0.0,0.0,0,0,0,0,0,0,0,0,0,0.5,0.15000000596046448,0.699999988079071,0.0,0.0,0,0.0,0.0,0.0
1784909509.8714838,approach,0.009398496240601503,0.04702282018339785,0.4,0.006932440679520369,-0.09542965888977051,0.4185561239719391,0.7182732820510864,-0.004207398742437363,0.2858821153640747,-0.9569563269615173,0.1952214241027832,3.526099681854248,541,0,0,0.0,0.3807142376899719,0.057874467223882675,2,0.0,0.057874467223882675,0.4237622022628784,0.20501095056533813,0.009999999776482582,0.009999999776482582,0.0,0.0,0.0,0.0,0.0,0,0,0,0,0,0,0,0,0,0.5,0.15000000596046448,0.699999988079071,0.0,0.0,0,0.0,0.0,0.0
1784909509.894198,approach,0.010025062656641603,0.04969182242226483,0.4,0.007201034110039473,-0.08566085249185562,0.4184471070766449,0.7482929229736328,-0.006551066413521767,0.29225653409957886,-0.4669933617115021,0.13227860629558563,3.526099681854248,541,0,0,0.0,0.3807142376899719,0.057874467223882675,2,0.0,0.057874467223882675,0.4237622022628784,0.20501095056533813,0.009999999776482582,0.009999999776482582,0.0,0.0,0.0,0.0,0.0,0,0,0,0,0,0,0,0,0,0.5,0.15000000596046448,0.699999988079071,0.0,0.0,0,0.0,0.0,0.0
1784909509.9176462,approach,0.010651629072681704,0.05227364831920844,0.4,0.007201034110039473,-0.08566085249185562,0.4184471070766449,0.7482929229736328,-0.006551066413521767,0.29225653409957886,-0.4669933617115021,0.13227860629558563,3.526099681854248,541,0,0,0.0,0.3807142376899719,0.057874467223882675,2,0.0,0.057874467223882675,0.4237622022628784,0.20501095056533813,0.009999999776482582,0.009999999776482582,0.0,0.0,0.0,0.0,0.0,0,0,0,0,0,0,0,0,0,0.5,0.15000000596046448,0.699999988079071,0.0,0.0,0,0.0,0.0,0.0
1784909509.940521,approach,0.011278195488721804,0.0547637684742951,0.4,0.006960513070225716,-0.07355920970439911,0.4178389608860016,0.8242322206497192,-0.005682028364390135,0.28568556904792786,0.04413488879799843,0.04575783386826515,3.526099681854248,541,0,0,0.0,0.3807142376899719,0.057874467223882675,2,0.0,0.057874467223882675,0.4237622022628784,0.20501095056533813,0.009999999776482582,0.009999999776482582,0.0,0.0,0.0,0.0,0.0,0,0,0,0,0,0,0,0,0,0.5,0.15000000596046448,0.699999988079071,0.0,0.0,0,0.0,0.0,0.0
1784909509.964752,approach,0.011904761904761904,0.05715781437062426,0.4,0.006960513070225716,-0.07355920970439911,0.4178389608860016,0.8242322206497192,-0.005682028364390135,0.28568556904792786,0.04413488879799843,0.04575783386826515,3.526099681854248,541,0,0,0.0,0.3807142376899719,0.057874467223882675,2,0.0,0.057874467223882675,0.4237622022628784,0.20501095056533813,0.009999999776482582,0.009999999776482582,0.0,0.0,0.0,0.0,0.0,0,0,0,0,0,0,0,0,0,0.5,0.15000000596046448,0.699999988079071,0.0,0.0,0,0.0,0.0,0.0
1784909509.987493,approach,0.012531328320802004,0.05945158603819154,0.4,0.00810391828417778,-0.06063641235232353,0.4176488518714905,0.9269434809684753,-0.004618046339601278,0.2816697359085083,0.40521568059921265,-0.03108915500342846,3.5208210945129395,541,0,0,0.0,0.3807142376899719,0.057874467223882675,2,0.0,0.057874467223882675,0.4237622022628784,0.20501095056533813,0.009999999776482582,0.009999999776482582,0.0,0.0,0.0,0.0,0.0,0,0,0,0,0,0,0,0,0,0.5,0.15000000596046448,0.699999988079071,0.0,0.0,0,0.0,0.0,0.0
1784909510.0080562,approach,0.013157894736842105,0.06164105942206313,0.4,0.00810391828417778,-0.06063641235232353,0.4176488518714905,0.9269434809684753,-0.004618046339601278,0.2816697359085083,0.40521568059921265,-0.03108915500342846,3.5208210945129395,542,0,0,0.0,0.3807142376899719,0.05781659483909607,2,0.0,0.05781659483909607,0.4237622022628784,0.20501093566417694,0.009999999776482582,0.009999999776482582,0.0,0.0,0.0,0.0,0.0,0,0,0,0,0,0,0,0,0,0.5,0.15000000596046448,0.699999988079071,0.0,0.0,0,0.0,0.0,0.0
1784909510.033203,approach,0.013784461152882205,0.0637223934419357,0.4,0.007467151153832674,-0.04845469817519188,0.4187444746494293,1.0440995693206787,-0.003052158048376441,0.26730722188949585,0.7660542726516724,-0.11754526942968369,3.5208210945129395,542,0,0,0.0,0.3807142376899719,0.05781659483909607,2,0.0,0.05781659483909607,0.4237622022628784,0.20501093566417694,0.009999999776482582,0.009999999776482582,0.0,0.0,0.0,0.0,0.0,0,0,0,0,0,0,0,0,0,0.5,0.15000000596046448,0.699999988079071,0.0,0.0,0,0.0,0.0,0.0
1784909510.054257,approach,0.014411027568922305,0.06569193673069633,0.4,0.007467151153832674,-0.04845469817519188,0.4187444746494293,1.0440995693206787,-0.003052158048376441,0.26730722188949585,0.7660542726516724,-0.11754526942968369,3.5208210945129395,542,0,0,0.0,0.3807142376899719,0.05781659483909607,2,0.0,0.05781659483909607,0.4237622022628784,0.20501093566417694,0.009999999776482582,0.009999999776482582,0.0,0.0,0.0,0.0,0.0,0,0,0,0,0,0,0,0,0,0.5,0.15000000596046448,0.699999988079071,0.0,0.0,0,0.0,0.0,0.0
1784909510.077266,approach,0.015037593984962405,0.0675462340401612,0.4,0.007467151153832674,-0.04845469817519188,0.4187444746494293,1.0440995693206787,-0.003052158048376441,0.26730722188949585,0.7660542726516724,-0.11754526942968369,3.5208210945129395,542,0,0,0.0,0.3807142376899719,0.05781659483909607,2,0.0,0.05781659483909607,0.4237622022628784,0.20501093566417694,0.009999999776482582,0.009999999776482582,0.0,0.0,0.0,0.0,0.0,0,0,0,0,0,0,0,0,0,0.5,0.15000000596046448,0.699999988079071,0.0,0.0,0,0.0,0.0,0.0
1784909510.101808,approach,0.015664160401002505,0.06928203230275509,0.4,0.0076110102236270905,-0.039605170488357544,0.4187391400337219,1.1225545406341553,-0.0010770572116598487,0.25640884041786194,0.9274085760116577,-0.15583497285842896,3.526099681854248,543,0,0,0.0,0.3807142376899719,0.05775877833366394,2,0.0,0.05775877833366394,0.4237622320652008,0.20501095056533813,0.009999999776482582,0.009999999776482582,0.0,0.0,0.0,0.0,0.0,0,0,0,0,0,0,0,0,0,0.5,0.15000000596046448,0.699999988079071,0.0,0.0,0,0.0,0.0,0.0
1784909510.125647,approach,0.016290726817042606,0.07089628633849718,0.4,0.0076110102236270905,-0.039605170488357544,0.4187391400337219,1.1225545406341553,-0.0010770572116598487,0.25640884041786194,0.9274085760116577,-0.15583497285842896,3.526099681854248,543,0,0,0.0,0.3807142376899719,0.05775877833366394,2,0.0,0.05775877833366394,0.4237622320652008,0.20501095056533813,0.009999999776482582,0.009999999776482582,0.0,0.0,0.0,0.0,0.0,0,0,0,0,0,0,0,0,0,0.5,0.15000000596046448,0.699999988079071,0.0,0.0,0,0.0,0.0,0.0
1784909510.150851,approach,0.016917293233082706,0.07238616419728157,0.4,0.008508048951625824,-0.026664379984140396,0.419053852558136,1.2145224809646606,0.002467042999342084,0.24208605289459229,1.0694259405136108,-0.20381414890289307,3.526099681854248,543,0,0,0.0,0.3807142376899719,0.05775877833366394,2,0.0,0.05775877833366394,0.4237622320652008,0.20501095056533813,0.009999999776482582,0.009999999776482582,0.0,0.0,0.0,0.0,0.0,0,0,0,0,0,0,0,0,0,0.5,0.15000000596046448,0.699999988079071,0.0,0.0,0,0.0,0.0,0.0
1784909510.1715682,approach,0.017543859649122806,0.07374905212708004,0.4,0.008508048951625824,-0.026664379984140396,0.419053852558136,1.2145224809646606,0.002467042999342084,0.24208605289459229,1.0694259405136108,-0.20381414890289307,3.526099681854248,543,0,0,0.0,0.3807142376899719,0.05775877833366394,2,0.0,0.05775877833366394,0.4237622320652008,0.20501095056533813,0.009999999776482582,0.009999999776482582,0.0,0.0,0.0,0.0,0.0,0,0,0,0,0,0,0,0,0,0.5,0.15000000596046448,0.699999988079071,0.0,0.0,0,0.0,0.0,0.0
1784909510.193242,approach,0.018170426065162906,0.07498255915935131,0.4,0.008511649444699287,-0.021567482501268387,0.41792500019073486,1.295422077178955,0.004075077828019857,0.22444427013397217,1.1326814889907837,-0.20584623515605927,3.5208210945129395,544,0,0,0.0,0.3807142376899719,0.05770102143287659,2,0.0,0.05770102143287659,0.4237622320652008,0.20501095056533813,0.009999999776482582,0.009999999776482582,0.0,0.0,0.0,0.0,0.0,0,0,0,0,0,0,0,0,0,0.5,0.15000000596046448,0.699999988079071,0.0,0.0,0,0.0,0.0,0.0
1784909510.2163908,approach,0.018796992481203006,0.07608452130361229,0.4,0.008511649444699287,-0.021567482501268387,0.41792500019073486,1.295422077178955,0.004075077828019857,0.22444427013397217,1.1326814889907837,-0.20584623515605927,3.5208210945129395,544,0,0,0.0,0.3807142376899719,0.05770102143287659,2,0.0,0.05770102143287659,0.4237622320652008,0.20501095056533813,0.009999999776482582,0.009999999776482582,0.0,0.0,0.0,0.0,0.0,0,0,0,0,0,0,0,0,0,0.5,0.15000000596046448,0.699999988079071,0.0,0.0,0,0.0,0.0,0.0
1784909510.241225,approach,0.019423558897243107,0.07705300534381265,0.4,0.008571481332182884,-0.010820545256137848,0.416736900806427,1.3950212001800537,0.005506295245140791,0.21486087143421173,0.9896862506866455,-0.21466562151908875,3.5208210945129395,544,0,0,0.0,0.3807142376899719,0.05770102143287659,2,0.0,0.05770102143287659,0.4237622320652008,0.20501095056533813,0.009999999776482582,0.009999999776482582,0.0,0.0,0.0,0.0,0.0,0,0,0,0,0,0,0,0,0,0.5,0.15000000596046448,0.699999988079071,0.0,0.0,0,0.0,0.0,0.0
1784909510.2620428,approach,0.020050125313283207,0.07788631222985283,0.4,0.008571481332182884,-0.010820545256137848,0.416736900806427,1.3950212001800537,0.005506295245140791,0.21486087143421173,0.9896862506866455,-0.21466562151908875,3.5208210945129395,544,0,0,0.0,0.3807142376899719,0.05770102143287659,2,0.0,0.05770102143287659,0.4237622320652008,0.20501095056533813,0.009999999776482582,0.009999999776482582,0.0,0.0,0.0,0.0,0.0,0,0,0,0,0,0,0,0,0,0.5,0.15000000596046448,0.699999988079071,0.0,0.0,0,0.0,0.0,0.0
1784909510.283235,approach,0.020676691729323307,0.0785829800582951,0.4,0.008119824342429638,0.0006628877017647028,0.41565996408462524,1.503060221672058,0.006391806527972221,0.20461119711399078,0.9603644609451294,-0.2919235825538635,3.5208210945129395,544,0,0,0.0,0.3807142376899719,0.05770102143287659,2,0.0,0.05770102143287659,0.4237622320652008,0.20501095056533813,0.009999999776482582,0.009999999776482582,0.0,0.0,0.0,0.0,0.0,0,0,0,0,0,0,0,0,0,0.5,0.15000000596046448,0.699999988079071,0.0,0.0,0,0.0,0.0,0.0
1784909510.308356,approach,0.021303258145363407,0.07914178663703907,0.4,0.008119824342429638,0.0006628877017647028,0.41565996408462524,1.503060221672058,0.006391806527972221,0.20461119711399078,0.9603644609451294,-0.2919235825538635,3.5208210945129395,545,0,0,0.0,0.3807142376899719,0.05770102143287659,2,0.0,0.05770102143287659,0.4237622320652008,0.20501095056533813,0.009999999776482582,0.009999999776482582,0.0,0.0,0.0,0.0,0.0,0,0,0,0,0,0,0,0,0,0.5,0.15000000596046448,0.699999988079071,0.0,0.0,0,0.0,0.0,0.0
1784909510.3311949,approach,0.021929824561403508,0.07956175162946187,0.4,0.008119824342429638,0.0006628877017647028,0.41565996408462524,1.503060221672058,0.006391806527972221,0.20461119711399078,0.9603644609451294,-0.2919235825538635,3.5208210945129395,545,0,0,0.0,0.3807142376899719,0.05770102143287659,2,0.0,0.05770102143287659,0.4237622320652008,0.20501095056533813,0.009999999776482582,0.009999999776482582,0.0,0.0,0.0,0.0,0.0,0,0,0,0,0,0,0,0,0,0.5,0.15000000596046448,0.699999988079071,0.0,0.0,0,0.0,0.0,0.0
1784909510.3514738,approach,0.022556390977443608,0.07984213827426173,0.4,0.011252261698246002,0.007117806002497673,0.41602957248687744,1.6037572622299194,0.014961701817810535,0.18911688029766083,1.03469717502594,-0.37986648082733154,3.5208210945129395,545,0,0,0.0,0.3807142376899719,0.05770102143287659,2,0.0,0.05770102143287659,0.4237622320652008,0.20501095056533813,0.009999999776482582,0.009999999776482582,0.0,0.0,0.0,0.0,0.0,0,0,0,0,0,0,0,0,0,0.5,0.15000000596046448,0.699999988079071,0.0,0.0,0,0.0,0.0,0.0
1784909510.375734,approach,0.023182957393483708,0.07998245467798765,0.4,0.011252261698246002,0.007117806002497673,0.41602957248687744,1.6037572622299194,0.014961701817810535,0.18911688029766083,1.03469717502594,-0.37986648082733154,3.5208210945129395,545,0,0,0.0,0.3807142376899719,0.05770102143287659,2,0.0,0.05770102143287659,0.4237622320652008,0.20501095056533813,0.009999999776482582,0.009999999776482582,0.0,0.0,0.0,0.0,0.0,0,0,0,0,0,0,0,0,0,0.5,0.15000000596046448,0.699999988079071,0.0,0.0,0,0.0,0.0,0.0
1784909510.400424,approach,0.023809523809523808,0.07998245467798765,0.4,0.012147661298513412,0.014122175984084606,0.4153311252593994,1.7080587148666382,0.01864943467080593,0.17602196335792542,0.975957989692688,-0.3680732846260071,3.5208210945129395,545,1,0,0.0,0.3807142376899719,0.05764332041144371,2,0.0,0.05764332041144371,0.4237622022628784,0.20501095056533813,0.009999999776482582,0.009999999776482582,0.0,0.0,0.0,0.0,0.0,0,0,0,0,0,0,0,0,0,0.5,0.15000000596046448,0.699999988079071,0.0,0.0,0,0.0,0.0,0.0
1784909510.420741,approach,0.02443609022556391,0.07984213827426173,0.4,0.012147661298513412,0.014122175984084606,0.4153311252593994,1.7080587148666382,0.01864943467080593,0.17602196335792542,0.975957989692688,-0.3680732846260071,3.5208210945129395,545,1,0,0.0,0.3807142376899719,0.05764332041144371,2,0.0,0.05764332041144371,0.4237622022628784,0.20501095056533813,0.009999999776482582,0.009999999776482582,0.0,0.0,0.0,0.0,0.0,0,0,0,0,0,0,0,0,0,0.5,0.15000000596046448,0.699999988079071,0.0,0.0,0,0.0,0.0,0.0
1784909510.442935,approach,0.02506265664160401,0.07956175162946187,0.4,0.014685267582535744,0.02178242802619934,0.41529381275177,1.795145034790039,0.024746861308813095,0.166046604514122,0.9451172351837158,-0.2734730839729309,3.5208210945129395,545,1,0,0.0,0.3807142376899719,0.05764332041144371,2,0.0,0.05764332041144371,0.4237622022628784,0.20501095056533813,0.009999999776482582,0.009999999776482582,0.0,0.0,0.0,0.0,0.0,0,0,0,0,0,0,0,0,0,0.5,0.15000000596046448,0.699999988079071,0.0,0.0,0,0.0,0.0,0.0
1784909510.4664268,approach,0.02568922305764411,0.07914178663703907,0.4,0.014685267582535744,0.02178242802619934,0.41529381275177,1.795145034790039,0.024746861308813095,0.166046604514122,0.9451172351837158,-0.2734730839729309,3.5208210945129395,545,1,0,0.0,0.3807142376899719,0.05764332041144371,2,0.0,0.05764332041144371,0.4237622022628784,0.20501095056533813,0.009999999776482582,0.009999999776482582,0.0,0.0,0.0,0.0,0.0,0,0,0,0,0,0,0,0,0,0.5,0.15000000596046448,0.699999988079071,0.0,0.0,0,0.0,0.0,0.0
1784909510.49119,approach,0.02631578947368421,0.0785829800582951,0.4,0.01546593476086855,0.02631949819624424,0.41530606150627136,1.8626174926757812,0.025999577715992928,0.15066637098789215,1.0308921337127686,-0.17667677998542786,3.5208210945129395,545,1,0,0.0,0.3807142376899719,0.05764332041144371,2,0.0,0.05764332041144371,0.4237622022628784,0.20501095056533813,0.009999999776482582,0.009999999776482582,0.0,0.0,0.0,0.0,0.0,0,0,0,0,0,0,0,0,0,0.5,0.15000000596046448,0.699999988079071,0.0,0.0,0,0.0,0.0,0.0
1784909510.5158699,approach,0.02694235588972431,0.07788631222985283,0.4,0.01546593476086855,0.02631949819624424,0.41530606150627136,1.8626174926757812,0.025999577715992928,0.15066637098789215,1.0308921337127686,-0.17667677998542786,3.5208210945129395,546,1,0,0.0,0.3807142376899719,0.05758567899465561,2,0.0,0.05758567899465561,0.4237622022628784,0.20501095056533813,0.009999999776482582,0.009999999776482582,0.0,0.0,0.0,0.0,0.0,0,0,0,0,0,0,0,0,0,0.5,0.15000000596046448,0.699999988079071,0.0,0.0,0,0.0,0.0,0.0
1784909510.5372522,approach,0.02756892230576441,0.07705300534381265,0.4,0.016455750912427902,0.03126469999551773,0.41476884484291077,1.90386962890625,0.03051007352769375,0.13803263008594513,1.075570821762085,-0.15823449194431305,3.5208210945129395,546,1,0,0.0,0.3807142376899719,0.05758567899465561,2,0.0,0.05758567899465561,0.4237622022628784,0.20501095056533813,0.009999999776482582,0.009999999776482582,0.0,0.0,0.0,0.0,0.0,0,0,0,0,0,0,0,0,0,0.5,0.15000000596046448,0.699999988079071,0.0,0.0,0,0.0,0.0,0.0
1784909510.560137,approach,0.02819548872180451,0.07608452130361229,0.4,0.016455750912427902,0.03126469999551773,0.41476884484291077,1.90386962890625,0.03051007352769375,0.13803263008594513,1.075570821762085,-0.15823449194431305,3.5208210945129395,546,1,0,0.0,0.3807142376899719,0.05758567899465561,2,0.0,0.05758567899465561,0.4237622022628784,0.20501095056533813,0.009999999776482582,0.009999999776482582,0.0,0.0,0.0,0.0,0.0,0,0,0,0,0,0,0,0,0,0.5,0.15000000596046448,0.699999988079071,0.0,0.0,0,0.0,0.0,0.0
1784909510.581502,approach,0.02882205513784461,0.07498255915935133,0.4,0.019630514085292816,0.03832802176475525,0.41414153575897217,1.9212535619735718,0.03051007352769375,0.13803263008594513,1.075570821762085,-0.15823449194431305,3.5208210945129395,546,1,0,0.0,0.3807142376899719,0.05758567899465561,2,0.0,0.05758567899465561,0.4237622022628784,0.20501095056533813,0.009999999776482582,0.009999999776482582,0.0,0.0,0.0,0.0,0.0,0,0,0,0,0,0,0,0,0,0.5,0.15000000596046448,0.699999988079071,0.0,0.0,0,0.0,0.0,0.0
1784909510.6034691,approach,0.02944862155388471,0.07374905212708004,0.4,0.019630514085292816,0.03832802176475525,0.41414153575897217,1.9212535619735718,0.03246268630027771,0.13090819120407104,0.9904314875602722,-0.06619676202535629,3.5208210945129395,547,0,0,0.0,0.3807142376899719,0.057528093457221985,2,0.0,0.057528093457221985,0.4237622022628784,0.20501095056533813,0.009999999776482582,0.009999999776482582,0.0,0.0,0.0,0.0,0.0,0,0,0,0,0,0,0,0,0,0.5,0.15000000596046448,0.699999988079071,0.0,0.0,0,0.0,0.0,0.0
1784909510.625001,approach,0.03007518796992481,0.07238616419728158,0.4,0.019630514085292816,0.03832802176475525,0.41414153575897217,1.9212535619735718,0.03246268630027771,0.13090819120407104,0.9904314875602722,-0.06619676202535629,3.5208210945129395,547,0,0,0.0,0.3807142376899719,0.057528093457221985,2,0.0,0.057528093457221985,0.4237622022628784,0.20501095056533813,0.009999999776482582,0.009999999776482582,0.0,0.0,0.0,0.0,0.0,0,0,0,0,0,0,0,0,0,0.5,0.15000000596046448,0.699999988079071,0.0,0.0,0,0.0,0.0,0.0
1784909510.650208,approach,0.03070175438596491,0.07089628633849719,0.4,0.023591844365000725,0.04357883334159851,0.41327032446861267,1.9029223918914795,0.03748074173927307,0.12142714858055115,0.9857727885246277,0.0191775131970644,3.5208210945129395,547,0,0,0.0,0.3807142376899719,0.057528093457221985,2,0.0,0.057528093457221985,0.4237622022628784,0.20501095056533813,0.009999999776482582,0.009999999776482582,0.0,0.0,0.0,0.0,0.0,0,0,0,0,0,0,0,0,0,0.5,0.15000000596046448,0.699999988079071,0.0,0.0,0,0.0,0.0,0.0
1784909510.670888,approach,0.03132832080200501,0.06928203230275509,0.4,0.023591844365000725,0.04357883334159851,0.41327032446861267,1.9029223918914795,0.03748074173927307,0.12142714858055115,0.9857727885246277,0.0191775131970644,3.5208210945129395,547,0,0,0.0,0.3807142376899719,0.057528093457221985,2,0.0,0.057528093457221985,0.4237622022628784,0.20501095056533813,0.009999999776482582,0.009999999776482582,0.0,0.0,0.0,0.0,0.0,0,0,0,0,0,0,0,0,0,0.5,0.15000000596046448,0.699999988079071,0.0,0.0,0,0.0,0.0,0.0
1784909510.694905,approach,0.03195488721804511,0.06754623404016122,0.4,0.024944141507148743,0.04406161978840828,0.4126512110233307,1.8866298198699951,0.03380798175930977,0.09948688745498657,1.1224700212478638,0.23874905705451965,3.515542507171631,548,0,0,0.0,0.3807142376899719,0.057470567524433136,2,0.0,0.057470567524433136,0.4237622022628784,0.20501095056533813,0.009999999776482582,0.009999999776482582,0.0,0.0,0.0,0.0,0.0,0,0,0,0,0,0,0,0,0,0.5,0.15000000596046448,0.699999988079071,0.0,0.0,0,0.0,0.0,0.0
1784909510.716388,approach,0.03258145363408521,0.06569193673069633,0.4,0.024944141507148743,0.04406161978840828,0.4126512110233307,1.8866298198699951,0.03380798175930977,0.09948688745498657,1.1224700212478638,0.23874905705451965,3.515542507171631,548,0,0,0.0,0.3807142376899719,0.057470567524433136,2,0.0,0.057470567524433136,0.4237622022628784,0.20501095056533813,0.009999999776482582,0.009999999776482582,0.0,0.0,0.0,0.0,0.0,0,0,0,0,0,0,0,0,0,0.5,0.15000000596046448,0.699999988079071,0.0,0.0,0,0.0,0.0,0.0
1784909510.7410429,approach,0.03320802005012531,0.0637223934419357,0.4,0.02869810163974762,0.04724704101681709,0.41051623225212097,1.8353527784347534,0.037941738963127136,0.0884668305516243,1.0175907611846924,0.3654305040836334,3.515542507171631,548,0,0,0.0,0.3807142376899719,0.057470567524433136,2,0.0,0.057470567524433136,0.4237622022628784,0.20501095056533813,0.009999999776482582,0.009999999776482582,0.0,0.0,0.0,0.0,0.0,0,0,0,0,0,0,0,0,0,0.5,0.15000000596046448,0.699999988079071,0.0,0.0,0,0.0,0.0,0.0
1784909510.761343,approach,0.03383458646616541,0.06164105942206314,0.4,0.02869810163974762,0.04724704101681709,0.41051623225212097,1.8353527784347534,0.037941738963127136,0.0884668305516243,1.0175907611846924,0.3654305040836334,3.515542507171631,548,0,0,0.0,0.3807142376899719,0.057470567524433136,2,0.0,0.057470567524433136,0.4237622022628784,0.20501095056533813,0.009999999776482582,0.009999999776482582,0.0,0.0,0.0,0.0,0.0,0,0,0,0,0,0,0,0,0,0.5,0.15000000596046448,0.699999988079071,0.0,0.0,0,0.0,0.0,0.0
1784909510.784898,approach,0.03446115288220551,0.05945158603819154,0.4,0.030518269166350365,0.05145343393087387,0.4095301330089569,1.811657190322876,0.037941738963127136,0.0884668305516243,1.0175907611846924,0.3654305040836334,3.515542507171631,548,0,0,0.0,0.3807142376899719,0.057470567524433136,2,0.0,0.057470567524433136,0.4237622022628784,0.20501095056533813,0.009999999776482582,0.009999999776482582,0.0,0.0,0.0,0.0,0.0,0,0,0,0,0,0,0,0,0,0.5,0.15000000596046448,0.699999988079071,0.0,0.0,0,0.0,0.0,0.0
1784909510.808633,approach,0.03508771929824561,0.05715781437062426,0.4,0.030518269166350365,0.05145343393087387,0.4095301330089569,1.811657190322876,0.037130992859601974,0.07639151811599731,0.9202677011489868,0.4982978105545044,3.515542507171631,548,0,0,0.0,0.3807142376899719,0.057470567524433136,2,0.0,0.057470567524433136,0.4237622022628784,0.20501095056533813,0.009999999776482582,0.009999999776482582,0.0,0.0,0.0,0.0,0.0,0,0,0,0,0,0,0,0,0,0.5,0.15000000596046448,0.699999988079071,0.0,0.0,0,0.0,0.0,0.0
1784909510.8330529,approach,0.03571428571428571,0.05476376847429508,0.4,0.034595511853694916,0.05345732346177101,0.4097152054309845,1.7953253984451294,0.035207558423280716,0.06815493106842041,0.9650111198425293,0.5249506235122681,3.515542507171631,548,0,0,0.0,0.3807142376899719,0.057470567524433136,2,0.0,0.057470567524433136,0.4237622022628784,0.20501095056533813,0.009999999776482582,0.009999999776482582,0.0,0.0,0.0,0.0,0.0,0,0,0,0,0,0,0,0,0,0.5,0.15000000596046448,0.699999988079071,0.0,0.0,0,0.0,0.0,0.0
1784909510.858005,approach,0.03634085213032581,0.05227364831920845,0.4,0.034595511853694916,0.05345732346177101,0.4097152054309845,1.7953253984451294,0.035207558423280716,0.06815493106842041,0.9650111198425293,0.5249506235122681,3.515542507171631,548,0,0,0.0,0.3807142376899719,0.057470567524433136,2,0.0,0.057470567524433136,0.4237622022628784,0.20501095056533813,0.009999999776482582,0.009999999776482582,0.0,0.0,0.0,0.0,0.0,0,0,0,0,0,0,0,0,0,0.5,0.15000000596046448,0.699999988079071,0.0,0.0,0,0.0,0.0,0.0
1784909510.878583,approach,0.03696741854636591,0.049691822422264845,0.4,0.037118490785360336,0.054291583597660065,0.4099029004573822,1.8035175800323486,0.035207558423280716,0.06815493106842041,0.9650111198425293,0.5249506235122681,3.515542507171631,548,0,0,0.0,0.3807142376899719,0.057470567524433136,2,0.0,0.057470567524433136,0.4237622022628784,0.20501095056533813,0.009999999776482582,0.009999999776482582,0.0,0.0,0.0,0.0,0.0,0,0,0,0,0,0,0,0,0,0.5,0.15000000596046448,0.699999988079071,0.0,0.0,0,0.0,0.0,0.0
1784909510.900867,approach,0.03759398496240601,0.04702282018339786,0.4,0.037118490785360336,0.054291583597660065,0.4099029004573822,1.8035175800323486,0.031078169122338295,0.05262516066431999,1.1072133779525757,0.6933872699737549,3.5208210945129395,549,1,0,0.0,0.3807142376899719,0.057413097470998764,2,0.0,0.057413097470998764,0.4237622022628784,0.20501095056533813,0.009999999776482582,0.009999999776482582,0.0,0.0,0.0,0.0,0.0,0,0,0,0,0,0,0,0,0,0.5,0.15000000596046448,0.699999988079071,0.0,0.0,0,0.0,0.0,0.0
1784909510.921188,approach,0.03822055137844611,0.044271323939467526,0.4,0.037118490785360336,0.054291583597660065,0.4099029004573822,1.8035175800323486,0.031078169122338295,0.05262516066431999,1.1072133779525757,0.6933872699737549,3.5208210945129395,549,1,0,0.0,0.3807142376899719,0.057413097470998764,2,0.0,0.057413097470998764,0.4237622022628784,0.20501095056533813,0.009999999776482582,0.009999999776482582,0.0,0.0,0.0,0.0,0.0,0,0,0,0,0,0,0,0,0,0.5,0.15000000596046448,0.699999988079071,0.0,0.0,0,0.0,0.0,0.0
1784909510.945101,approach,0.03884711779448621,0.04144216074985042,0.4,0.039700813591480255,0.05523508042097092,0.4109284281730652,1.8440020084381104,0.028482487425208092,0.04183384031057358,1.1299567222595215,0.7790511250495911,3.5208210945129395,549,1,0,0.0,0.3807142376899719,0.057413097470998764,2,0.0,0.057413097470998764,0.4237622022628784,0.20501095056533813,0.009999999776482582,0.009999999776482582,0.0,0.0,0.0,0.0,0.0,0,0,0,0,0,0,0,0,0,0.5,0.15000000596046448,0.699999988079071,0.0,0.0,0,0.0,0.0,0.0
1784909510.968854,approach,0.039473684210526314,0.03854029392813725,0.4,0.039700813591480255,0.05523508042097092,0.4109284281730652,1.8440020084381104,0.028482487425208092,0.04183384031057358,1.1299567222595215,0.7790511250495911,3.5208210945129395,549,1,0,0.0,0.3807142376899719,0.057413097470998764,2,0.0,0.057413097470998764,0.4237622022628784,0.20501095056533813,0.009999999776482582,0.009999999776482582,0.0,0.0,0.0,0.0,0.0,0,0,0,0,0,0,0,0,0,0.5,0.15000000596046448,0.699999988079071,0.0,0.0,0,0.0,0.0,0.0
1784909510.99255,approach,0.040100250626566414,0.03557081433479419,0.4,0.04120573773980141,0.05437951162457466,0.41088053584098816,1.9088923931121826,0.020558834075927734,0.0246439166367054,1.167675256729126,0.8970150947570801,3.5208210945129395,550,0,0,0.0,0.3807142376899719,0.05735568329691887,2,0.0,0.05735568329691887,0.4237622022628784,0.20501095056533813,0.009999999776482582,0.009999999776482582,0.0,0.0,0.0,0.0,0.0,0,0,0,0,0,0,0,0,0,0.5,0.15000000596046448,0.699999988079071,0.0,0.0,0,0.0,0.0,0.0
1784909511.013767,approach,0.040726817042606514,0.03253893144606403,0.4,0.04120573773980141,0.05437951162457466,0.41088053584098816,1.9088923931121826,0.020558834075927734,0.0246439166367054,1.167675256729126,0.8970150947570801,3.5208210945129395,550,0,0,0.0,0.3807142376899719,0.05735568329691887,2,0.0,0.05735568329691887,0.4237622022628784,0.20501095056533813,0.009999999776482582,0.009999999776482582,0.0,0.0,0.0,0.0,0.0,0,0,0,0,0,0,0,0,0,0.5,0.15000000596046448,0.699999988079071,0.0,0.0,0,0.0,0.0,0.0
1784909511.035872,approach,0.041353383458646614,0.02944996421477422,0.4,0.04177477955818176,0.05238478258252144,0.4107018709182739,1.9783648252487183,0.014106124639511108,0.010605942457914352,1.1572867631912231,0.8585740923881531,3.5208210945129395,550,0,0,0.0,0.3807142376899719,0.05735568329691887,2,0.0,0.05735568329691887,0.4237622022628784,0.20501095056533813,0.009999999776482582,0.009999999776482582,0.0,0.0,0.0,0.0,0.0,0,0,0,0,0,0,0,0,0,0.5,0.15000000596046448,0.699999988079071,0.0,0.0,0,0.0,0.0,0.0
1784909511.058801,approach,0.041979949874686714,0.026309331739086672,0.4,0.04177477955818176,0.05238478258252144,0.4107018709182739,1.9783648252487183,0.014106124639511108,0.010605942457914352,1.1572867631912231,0.8585740923881531,3.5208210945129395,550,0,0,0.0,0.3807142376899719,0.05735568329691887,2,0.0,0.05735568329691887,0.4237622022628784,0.20501095056533813,0.009999999776482582,0.009999999776482582,0.0,0.0,0.0,0.0,0.0,0,0,0,0,0,0,0,0,0,0.5,0.15000000596046448,0.699999988079071,0.0,0.0,0,0.0,0.0,0.0
1784909511.083891,approach,0.042606516290726815,0.0231225437555577,0.4,0.037958383560180664,0.04978447034955025,0.40997475385665894,2.0377037525177,0.014106124639511108,0.010605942457914352,1.1572867631912231,0.8585740923881531,3.5208210945129395,550,0,0,0.0,0.3807142376899719,0.05735568329691887,2,0.0,0.05735568329691887,0.4237622022628784,0.20501095056533813,0.009999999776482582,0.009999999776482582,0.0,0.0,0.0,0.0,0.0,0,0,0,0,0,0,0,0,0,0.5,0.15000000596046448,0.699999988079071,0.0,0.0,0,0.0,0.0,0.0
1784909511.10898,approach,0.043233082706766915,0.019895190973188388,0.4,0.037958383560180664,0.04978447034955025,0.40997475385665894,2.0377037525177,-0.0016855858266353607,-0.006732843350619078,1.10683274269104,0.7008106708526611,3.515542507171631,551,0,0,0.0,0.3807142376899719,0.05729832872748375,2,0.0,0.05729832872748375,0.4237622022628784,0.20501095056533813,0.009999999776482582,0.009999999776482582,0.0,0.0,0.0,0.0,0.0,0,0,0,0,0,0,0,0,0,0.5,0.15000000596046448,0.699999988079071,0.0,0.0,0,0.0,0.0,0.0
1784909511.133096,approach,0.043859649122807015,0.016632935265420746,0.4,0.037013668566942215,0.0462183877825737,0.41020113229751587,2.076835870742798,-0.007169903255999088,-0.020127831026911736,1.0803041458129883,0.4966200888156891,3.515542507171631,551,0,0,0.0,0.3807142376899719,0.05729832872748375,2,0.0,0.05729832872748375,0.4237622022628784,0.20501095056533813,0.009999999776482582,0.009999999776482582,0.0,0.0,0.0,0.0,0.0,0,0,0,0,0,0,0,0,0,0.5,0.15000000596046448,0.699999988079071,0.0,0.0,0,0.0,0.0,0.0
1784909511.156445,approach,0.044486215538847115,0.01334149973728821,0.4,0.037013668566942215,0.0462183877825737,0.41020113229751587,2.076835870742798,-0.007169903255999088,-0.020127831026911736,1.0803041458129883,0.4966200888156891,3.515542507171631,551,0,0,0.0,0.3807142376899719,0.05729832872748375,2,0.0,0.05729832872748375,0.4237622022628784,0.20501095056533813,0.009999999776482582,0.009999999776482582,0.0,0.0,0.0,0.0,0.0,0,0,0,0,0,0,0,0,0,0.5,0.15000000596046448,0.699999988079071,0.0,0.0,0,0.0,0.0,0.0
1784909511.1777558,approach,0.045112781954887216,0.010026658685144327,0.4,0.032591093331575394,0.04048849269747734,0.4109756648540497,2.116368532180786,-0.007169903255999088,-0.020127831026911736,1.0803041458129883,0.4966200888156891,3.515542507171631,551,0,0,0.0,0.3807142376899719,0.05729832872748375,2,0.0,0.05729832872748375,0.4237622022628784,0.20501095056533813,0.009999999776482582,0.009999999776482582,0.0,0.0,0.0,0.0,0.0,0,0,0,0,0,0,0,0,0,0.5,0.15000000596046448,0.699999988079071,0.0,0.0,0,0.0,0.0,0.0
1784909511.199719,approach,0.045739348370927316,0.006694227466585259,0.4,0.032591093331575394,0.04048849269747734,0.4109756648540497,2.116368532180786,-0.015675418078899384,-0.03937263414263725,0.9392549991607666,0.16529272496700287,3.515542507171631,552,0,0,0.0,0.3807142376899719,0.05724103003740311,2,0.0,0.05724103003740311,0.4237622022628784,0.20501095056533813,0.009999999776482582,0.009999999776482582,0.0,0.0,0.0,0.0,0.0,0,0,0,0,0,0,0,0,0,0.5,0.15000000596046448,0.699999988079071,0.0,0.0,0,0.0,0.0,0.0
1784909511.2231832,approach,0.046365914786967416,0.0033500522983359493,0.4,0.032591093331575394,0.04048849269747734,0.4109756648540497,2.116368532180786,-0.015675418078899384,-0.03937263414263725,0.9392549991607666,0.16529272496700287,3.515542507171631,552,0,0,0.0,0.3807142376899719,0.05724103003740311,2,0.0,0.05724103003740311,0.4237622022628784,0.20501095056533813,0.009999999776482582,0.009999999776482582,0.0,0.0,0.0,0.0,0.0,0,0,0,0,0,0,0,0,0,0.5,0.15000000596046448,0.699999988079071,0.0,0.0,0,0.0,0.0,0.0
1784909511.2446551,approach,0.046992481203007516,9.797174393178826e-18,0.4,0.033223025500774384,0.036903828382492065,0.4097904562950134,2.1263160705566406,-0.015270004980266094,-0.047945287078619,0.7479923963546753,-0.13262632489204407,3.515542507171631,552,0,0,0.0,0.3807142376899719,0.05724103003740311,2,0.0,0.05724103003740311,0.4237622022628784,0.20501095056533813,0.009999999776482582,0.009999999776482582,0.0,0.0,0.0,0.0,0.0,0,0,0,0,0,0,0,0,0,0.5,0.15000000596046448,0.699999988079071,0.0,0.0,0,0.0,0.0,0.0
1784909511.269771,approach,0.047619047619047616,-0.00335005229833593,0.4,0.033223025500774384,0.036903828382492065,0.4097904562950134,2.1263160705566406,-0.015270004980266094,-0.047945287078619,0.7479923963546753,-0.13262632489204407,3.515542507171631,552,0,0,0.0,0.3807142376899719,0.05724103003740311,2,0.0,0.05724103003740311,0.4237622022628784,0.20501095056533813,0.009999999776482582,0.009999999776482582,0.0,0.0,0.0,0.0,0.0,0,0,0,0,0,0,0,0,0,0.5,0.15000000596046448,0.699999988079071,0.0,0.0,0,0.0,0.0,0.0
1784909511.294867,approach,0.04824561403508772,-0.006694227466585239,0.4,0.02887105755507946,0.030856382101774216,0.4094933569431305,2.116048574447632,-0.018787583336234093,-0.059592340141534805,0.4904022812843323,-0.4469548463821411,3.515542507171631,553,0,0,0.0,0.3807142376899719,0.05718379095196724,2,0.0,0.05718379095196724,0.4237622022628784,0.20501095056533813,0.009999999776482582,0.009999999776482582,0.0,0.0,0.0,0.0,0.0,0,0,0,0,0,0,0,0,0,0.5,0.15000000596046448,0.699999988079071,0.0,0.0,0,0.0,0.0,0.0
1784909511.316902,approach,0.04887218045112782,-0.010026658685144308,0.4,0.02887105755507946,0.030856382101774216,0.4094933569431305,2.116048574447632,-0.018787583336234093,-0.059592340141534805,0.4904022812843323,-0.4469548463821411,3.515542507171631,553,0,0,0.0,0.3807142376899719,0.05718379095196724,2,0.0,0.05718379095196724,0.4237622022628784,0.20501095056533813,0.009999999776482582,0.009999999776482582,0.0,0.0,0.0,0.0,0.0,0,0,0,0,0,0,0,0,0,0.5,0.15000000596046448,0.699999988079071,0.0,0.0,0,0.0,0.0,0.0
1784909511.341985,approach,0.04949874686716792,-0.01334149973728819,0.4,0.027879109606146812,0.028058651834726334,0.408608615398407,2.0751118659973145,-0.015560743398964405,-0.06314174830913544,0.36421605944633484,-0.7024279832839966,3.515542507171631,553,0,0,0.0,0.3807142376899719,0.05718379095196724,2,0.0,0.05718379095196724,0.4237622022628784,0.20501095056533813,0.009999999776482582,0.009999999776482582,0.0,0.0,0.0,0.0,0.0,0,0,0,0,0,0,0,0,0,0.5,0.15000000596046448,0.699999988079071,0.0,0.0,0,0.0,0.0,0.0
1784909511.367071,approach,0.05012531328320802,-0.016632935265420725,0.4,0.027879109606146812,0.028058651834726334,0.408608615398407,2.0751118659973145,-0.015560743398964405,-0.06314174830913544,0.36421605944633484,-0.7024279832839966,3.515542507171631,553,0,0,0.0,0.3807142376899719,0.05718379095196724,2,0.0,0.05718379095196724,0.4237622022628784,0.20501095056533813,0.009999999776482582,0.009999999776482582,0.0,0.0,0.0,0.0,0.0,0,0,0,0,0,0,0,0,0,0.5,0.15000000596046448,0.699999988079071,0.0,0.0,0,0.0,0.0,0.0
1784909511.388109,approach,0.05075187969924812,-0.0198951909731884,0.4,0.028349412605166435,0.021375680342316628,0.4079362154006958,1.9705041646957397,-0.008639495819807053,-0.06904872506856918,0.15510879456996918,-0.9973782896995544,3.515542507171631,553,0,0,0.0,0.3807142376899719,0.05718379095196724,2,0.0,0.05718379095196724,0.4237622022628784,0.20501095056533813,0.009999999776482582,0.009999999776482582,0.0,0.0,0.0,0.0,0.0,0,0,0,0,0,0,0,0,0,0.5,0.15000000596046448,0.699999988079071,0.0,0.0,0,0.0,0.0,0.0
1784909511.409732,approach,0.05137844611528822,-0.023122543755557716,0.4,0.028349412605166435,0.021375680342316628,0.4079362154006958,1.9705041646957397,-0.008639495819807053,-0.06904872506856918,0.15510879456996918,-0.9973782896995544,3.515542507171631,554,0,0,0.0,0.3807142376899719,0.05712660774588585,2,0.0,0.05712660774588585,0.4237622022628784,0.20501095056533813,0.009999999776482582,0.009999999776482582,0.0,0.0,0.0,0.0,0.0,0,0,0,0,0,0,0,0,0,0.5,0.15000000596046448,0.699999988079071,0.0,0.0,0,0.0,0.0,0.0
1784909511.434809,approach,0.05200501253132832,-0.026309331739086686,0.4,0.02664756216108799,0.018075909465551376,0.40750715136528015,1.84523606300354,0.000574501056689769,-0.07385022193193436,-0.013975607231259346,-1.1274901628494263,3.515542507171631,554,0,0,0.0,0.3807142376899719,0.05712660774588585,2,0.0,0.05712660774588585,0.4237622022628784,0.20501095056533813,0.009999999776482582,0.009999999776482582,0.0,0.0,0.0,0.0,0.0,0,0,0,0,0,0,0,0,0,0.5,0.15000000596046448,0.699999988079071,0.0,0.0,0,0.0,0.0,0.0
1784909511.459075,approach,0.05263157894736842,-0.029449964214774197,0.4,0.02664756216108799,0.018075909465551376,0.40750715136528015,1.84523606300354,0.000574501056689769,-0.07385022193193436,-0.013975607231259346,-1.1274901628494263,3.515542507171631,554,0,0,0.0,0.3807142376899719,0.05712660774588585,2,0.0,0.05712660774588585,0.4237622022628784,0.20501095056533813,0.009999999776482582,0.009999999776482582,0.0,0.0,0.0,0.0,0.0,0,0,0,0,0,0,0,0,0,0.5,0.15000000596046448,0.699999988079071,0.0,0.0,0,0.0,0.0,0.0
1784909511.483052,approach,0.05325814536340852,-0.03253893144606402,0.4,0.026809195056557655,0.010648364201188087,0.40734872221946716,1.7024692296981812,0.000574501056689769,-0.07385022193193436,-0.013975607231259346,-1.1274901628494263,3.515542507171631,554,0,0,0.0,0.3807142376899719,0.05712660774588585,2,0.0,0.05712660774588585,0.4237622022628784,0.20501095056533813,0.009999999776482582,0.009999999776482582,0.0,0.0,0.0,0.0,0.0,0,0,0,0,0,0,0,0,0,0.5,0.15000000596046448,0.699999988079071,0.0,0.0,0,0.0,0.0,0.0
1784909511.5054379,approach,0.05388471177944862,-0.03557081433479417,0.4,0.026809195056557655,0.010648364201188087,0.40734872221946716,1.7024692296981812,0.011964046396315098,-0.07782689481973648,-0.04429435729980469,-1.2703015804290771,3.515542507171631,555,0,0,0.0,0.3807142376899719,0.057069480419158936,2,0.0,0.057069480419158936,0.4237622022628784,0.20501095056533813,0.009999999776482582,0.009999999776482582,0.0,0.0,0.0,0.0,0.0,0,0,0,0,0,0,0,0,0,0.5,0.15000000596046448,0.699999988079071,0.0,0.0,0,0.0,0.0,0.0
1784909511.528348,approach,0.05451127819548872,-0.03854029392813723,0.4,0.026809195056557655,0.010648364201188087,0.40734872221946716,1.7024692296981812,0.011964046396315098,-0.07782689481973648,-0.04429435729980469,-1.2703015804290771,3.515542507171631,555,0,0,0.0,0.3807142376899719,0.057069480419158936,2,0.0,0.057069480419158936,0.4237622022628784,0.20501095056533813,0.009999999776482582,0.009999999776482582,0.0,0.0,0.0,0.0,0.0,0,0,0,0,0,0,0,0,0,0.5,0.15000000596046448,0.699999988079071,0.0,0.0,0,0.0,0.0,0.0
1784909511.5506408,approach,0.05513784461152882,-0.041442160749850396,0.4,0.028671760112047195,0.0070378887467086315,0.40759727358818054,1.5763072967529297,0.0226051714271307,-0.07659204304218292,-0.11237054318189621,-1.255210518836975,3.515542507171631,555,0,0,0.0,0.3807142376899719,0.057069480419158936,2,0.0,0.057069480419158936,0.4237622022628784,0.20501095056533813,0.009999999776482582,0.009999999776482582,0.0,0.0,0.0,0.0,0.0,0,0,0,0,0,0,0,0,0,0.5,0.15000000596046448,0.699999988079071,0.0,0.0,0,0.0,0.0,0.0
1784909511.57185,approach,0.05576441102756892,-0.04427132393946755,0.4,0.028671760112047195,0.0070378887467086315,0.40759727358818054,1.5763072967529297,0.0226051714271307,-0.07659204304218292,-0.11237054318189621,-1.255210518836975,3.515542507171631,555,0,0,0.0,0.3807142376899719,0.057069480419158936,2,0.0,0.057069480419158936,0.4237622022628784,0.20501095056533813,0.009999999776482582,0.009999999776482582,0.0,0.0,0.0,0.0,0.0,0,0,0,0,0,0,0,0,0,0.5,0.15000000596046448,0.699999988079071,0.0,0.0,0,0.0,0.0,0.0
1784909511.593611,approach,0.05639097744360902,-0.047022820183397845,0.4,0.027461709454655647,0.0023890072479844093,0.4076280891895294,1.4632984399795532,0.033088888972997665,-0.07610218971967697,-0.2126549631357193,-1.0805963277816772,3.515542507171631,556,0,0,0.0,0.3807142376899719,0.0570124126970768,2,0.0,0.0570124126970768,0.4237622022628784,0.20501095056533813,0.009999999776482582,0.009999999776482582,0.0,0.0,0.0,0.0,0.0,0,0,0,0,0,0,0,0,0,0.5,0.15000000596046448,0.699999988079071,0.0,0.0,0,0.0,0.0,0.0
1784909511.617316,approach,0.05701754385964912,-0.04969182242226485,0.4,0.027461709454655647,0.0023890072479844093,0.4076280891895294,1.4632984399795532,0.033088888972997665,-0.07610218971967697,-0.2126549631357193,-1.0805963277816772,3.515542507171631,556,0,0,0.0,0.3807142376899719,0.0570124126970768,2,0.0,0.0570124126970768,0.4237622022628784,0.20501095056533813,0.009999999776482582,0.009999999776482582,0.0,0.0,0.0,0.0,0.0,0,0,0,0,0,0,0,0,0,0.5,0.15000000596046448,0.699999988079071,0.0,0.0,0,0.0,0.0,0.0
1784909511.642007,approach,0.05764411027568922,-0.05227364831920843,0.4,0.031486738473176956,-0.002777429763227701,0.4068087041378021,1.3704363107681274,0.04406849667429924,-0.07522869855165482,-0.1809883713722229,-0.9974792003631592,3.515542507171631,556,0,0,0.0,0.3807142376899719,0.0570124126970768,2,0.0,0.0570124126970768,0.4237622022628784,0.20501095056533813,0.009999999776482582,0.009999999776482582,0.0,0.0,0.0,0.0,0.0,0,0,0,0,0,0,0,0,0,0.5,0.15000000596046448,0.699999988079071,0.0,0.0,0,0.0,0.0,0.0
1784909511.667152,approach,0.05827067669172932,-0.054763768474295114,0.4,0.031486738473176956,-0.002777429763227701,0.4068087041378021,1.3704363107681274,0.04406849667429924,-0.07522869855165482,-0.1809883713722229,-0.9974792003631592,3.515542507171631,556,0,0,0.0,0.3807142376899719,0.0570124126970768,2,0.0,0.0570124126970768,0.4237622022628784,0.20501095056533813,0.009999999776482582,0.009999999776482582,0.0,0.0,0.0,0.0,0.0,0,0,0,0,0,0,0,0,0,0.5,0.15000000596046448,0.699999988079071,0.0,0.0,0,0.0,0.0,0.0
1784909511.6885629,approach,0.05889724310776942,-0.05715781437062428,0.4,0.03614708036184311,-0.005734024569392204,0.4078061282634735,1.2653414011001587,0.05323508381843567,-0.07498077303171158,-0.027917036786675453,-0.7838883996009827,3.515542507171631,556,0,0,0.0,0.3807142376899719,0.0570124126970768,2,0.0,0.0570124126970768,0.4237622022628784,0.20501095056533813,0.009999999776482582,0.009999999776482582,0.0,0.0,0.0,0.0,0.0,0,0,0,0,0,0,0,0,0,0.5,0.15000000596046448,0.699999988079071,0.0,0.0,0,0.0,0.0,0.0
1784909511.71027,approach,0.05952380952380952,-0.05945158603819152,0.4,0.03614708036184311,-0.005734024569392204,0.4078061282634735,1.2653414011001587,0.05323508381843567,-0.07498077303171158,-0.027917036786675453,-0.7838883996009827,3.515542507171631,558,0,0,0.0,0.3807142376899719,0.056955400854349136,2,0.0,0.056955400854349136,0.4237622022628784,0.20501095056533813,0.009999999776482582,0.009999999776482582,0.0,0.0,0.0,0.0,0.0,0,0,0,0,0,0,0,0,0,0.5,0.15000000596046448,0.699999988079071,0.0,0.0,0,0.0,0.0,0.0
1784909511.735109,approach,0.06015037593984962,-0.061641059422063105,0.4,0.03766680508852005,-0.009085612371563911,0.40680307149887085,1.1496394872665405,0.05895940586924553,-0.07401186227798462,0.04279335215687752,-0.5717782974243164,3.515542507171631,558,0,0,0.0,0.3807142376899719,0.056955400854349136,2,0.0,0.056955400854349136,0.4237622022628784,0.20501095056533813,0.009999999776482582,0.009999999776482582,0.0,0.0,0.0,0.0,0.0,0,0,0,0,0,0,0,0,0,0.5,0.15000000596046448,0.699999988079071,0.0,0.0,0,0.0,0.0,0.0
1784909511.75906,approach,0.06077694235588972,-0.06372239344193573,0.4,0.03766680508852005,-0.009085612371563911,0.40680307149887085,1.1496394872665405,0.05895940586924553,-0.07401186227798462,0.04279335215687752,-0.5717782974243164,3.515542507171631,558,0,0,0.0,0.3807142376899719,0.056955400854349136,2,0.0,0.056955400854349136,0.4237622022628784,0.20501095056533813,0.009999999776482582,0.009999999776482582,0.0,0.0,0.0,0.0,0.0,0,0,0,0,0,0,0,0,0,0.5,0.15000000596046448,0.699999988079071,0.0,0.0,0,0.0,0.0,0.0
1784909511.783328,approach,0.06140350877192982,-0.0656919367306963,0.4,0.04581231251358986,-0.012867189012467861,0.4053654670715332,1.0145319700241089,0.05895940586924553,-0.07401186227798462,0.04279335215687752,-0.5717782974243164,3.515542507171631,558,0,0,0.0,0.3807142376899719,0.056955400854349136,2,0.0,0.056955400854349136,0.4237622022628784,0.20501095056533813,0.009999999776482582,0.009999999776482582,0.0,0.0,0.0,0.0,0.0,0,0,0,0,0,0,0,0,0,0.5,0.15000000596046448,0.699999988079071,0.0,0.0,0,0.0,0.0,0.0
1784909511.808058,approach,0.06203007518796992,-0.06754623404016123,0.4,0.04581231251358986,-0.012867189012467861,0.4053654670715332,1.0145319700241089,0.0704127624630928,-0.07272210717201233,0.17634236812591553,-0.2339639812707901,3.5102639198303223,558,0,0,0.0,0.3807142376899719,0.05689844489097595,2,0.0,0.05689844489097595,0.4237622022628784,0.20501095056533813,0.009999999776482582,0.009999999776482582,0.0,0.0,0.0,0.0,0.0,0,0,0,0,0,0,0,0,0,0.5,0.15000000596046448,0.699999988079071,0.0,0.0,0,0.0,0.0,0.0
1784909511.833059,approach,0.06265664160401002,-0.06928203230275508,0.4,0.04921286553144455,-0.015387529507279396,0.404423326253891,0.871510922908783,0.07178724557161331,-0.07333464175462723,0.2019025683403015,0.05420456454157829,3.5102639198303223,558,0,0,0.0,0.3807142376899719,0.05689844489097595,2,0.0,0.05689844489097595,0.4237622022628784,0.20501095056533813,0.009999999776482582,0.009999999776482582,0.0,0.0,0.0,0.0,0.0,0,0,0,0,0,0,0,0,0,0.5,0.15000000596046448,0.699999988079071,0.0,0.0,0,0.0,0.0,0.0
1784909511.8533492,approach,0.06328320802005012,-0.07089628633849716,0.4,0.04921286553144455,-0.015387529507279396,0.404423326253891,0.871510922908783,0.07178724557161331,-0.07333464175462723,0.2019025683403015,0.05420456454157829,3.5102639198303223,558,0,0,0.0,0.3807142376899719,0.05689844489097595,2,0.0,0.05689844489097595,0.4237622022628784,0.20501095056533813,0.009999999776482582,0.009999999776482582,0.0,0.0,0.0,0.0,0.0,0,0,0,0,0,0,0,0,0,0.5,0.15000000596046448,0.699999988079071,0.0,0.0,0,0.0,0.0,0.0
1784909511.87467,approach,0.06390977443609022,-0.07238616419728156,0.4,0.04921286553144455,-0.015387529507279396,0.404423326253891,0.871510922908783,0.07178724557161331,-0.07333464175462723,0.2019025683403015,0.05420456454157829,3.5102639198303223,558,0,0,0.0,0.3807142376899719,0.05689844489097595,2,0.0,0.05689844489097595,0.4237622022628784,0.20501095056533813,0.009999999776482582,0.009999999776482582,0.0,0.0,0.0,0.0,0.0,0,0,0,0,0,0,0,0,0,0.5,0.15000000596046448,0.699999988079071,0.0,0.0,0,0.0,0.0,0.0
1784909511.897652,approach,0.06453634085213032,-0.07374905212708004,0.4,0.052021514624357224,-0.017897069454193115,0.4038919508457184,0.7379938960075378,0.0680713877081871,-0.07195665687322617,0.2964417636394501,0.3970097303390503,3.515542507171631,559,1,0,0.0,0.3807142376899719,0.05684154853224754,2,0.0,0.05684154853224754,0.4237622022628784,0.20501095056533813,0.009999999776482582,0.009999999776482582,0.0,0.0,0.0,0.0,0.0,0,0,0,0,0,0,0,0,0,0.5,0.15000000596046448,0.699999988079071,0.0,0.0,0,0.0,0.0,0.0
1784909511.921708,approach,0.06516290726817042,-0.07498255915935131,0.4,0.052021514624357224,-0.017897069454193115,0.4038919508457184,0.7379938960075378,0.0680713877081871,-0.07195665687322617,0.2964417636394501,0.3970097303390503,3.515542507171631,559,1,0,0.0,0.3807142376899719,0.05684154853224754,2,0.0,0.05684154853224754,0.4237622022628784,0.20501095056533813,0.009999999776482582,0.009999999776482582,0.0,0.0,0.0,0.0,0.0,0,0,0,0,0,0,0,0,0,0.5,0.15000000596046448,0.699999988079071,0.0,0.0,0,0.0,0.0,0.0
1784909511.946404,approach,0.06578947368421052,-0.07608452130361229,0.4,0.054960548877716064,-0.020169997587800026,0.40269339084625244,0.5907714366912842,0.06406337767839432,-0.07162734121084213,0.42278170585632324,0.5350671410560608,3.515542507171631,559,1,0,0.0,0.3807142376899719,0.05684154853224754,2,0.0,0.05684154853224754,0.4237622022628784,0.20501095056533813,0.009999999776482582,0.009999999776482582,0.0,0.0,0.0,0.0,0.0,0,0,0,0,0,0,0,0,0,0.5,0.15000000596046448,0.699999988079071,0.0,0.0,0,0.0,0.0,0.0
1784909511.9706821,approach,0.06641604010025062,-0.07705300534381265,0.4,0.054960548877716064,-0.020169997587800026,0.40269339084625244,0.5907714366912842,0.06406337767839432,-0.07162734121084213,0.42278170585632324,0.5350671410560608,3.515542507171631,559,1,0,0.0,0.3807142376899719,0.05684154853224754,2,0.0,0.05684154853224754,0.4237622022628784,0.20501095056533813,0.009999999776482582,0.009999999776482582,0.0,0.0,0.0,0.0,0.0,0,0,0,0,0,0,0,0,0,0.5,0.15000000596046448,0.699999988079071,0.0,0.0,0,0.0,0.0,0.0
1784909511.9930072,approach,0.06704260651629072,-0.07788631222985283,0.4,0.058957409113645554,-0.022301776334643364,0.40357041358947754,0.46788549423217773,0.0553240068256855,-0.07395457476377487,0.5432085394859314,0.7802045941352844,3.515542507171631,561,0,0,0.0,0.3807142376899719,0.056727923452854156,2,0.0,0.056727923452854156,0.4237622022628784,0.20501096546649933,0.009999999776482582,0.009999999776482582,0.0,0.0,0.0,0.0,0.0,0,0,0,0,0,0,0,0,0,0.5,0.15000000596046448,0.699999988079071,0.0,0.0,0,0.0,0.0,0.0
1784909512.016396,approach,0.06766917293233082,-0.0785829800582951,0.4,0.058957409113645554,-0.022301776334643364,0.40357041358947754,0.46788549423217773,0.0553240068256855,-0.07395457476377487,0.5432085394859314,0.7802045941352844,3.515542507171631,561,0,0,0.0,0.3807142376899719,0.056727923452854156,2,0.0,0.056727923452854156,0.4237622022628784,0.20501096546649933,0.009999999776482582,0.009999999776482582,0.0,0.0,0.0,0.0,0.0,0,0,0,0,0,0,0,0,0,0.5,0.15000000596046448,0.699999988079071,0.0,0.0,0,0.0,0.0,0.0
1784909512.041419,approach,0.06829573934837092,-0.07914178663703907,0.4,0.06048811599612236,-0.025168443098664284,0.40438413619995117,0.3468039929866791,0.05190730094909668,-0.07744693756103516,0.6227477788925171,0.7909766435623169,3.515542507171631,561,0,0,0.0,0.3807142376899719,0.056727923452854156,2,0.0,0.056727923452854156,0.4237622022628784,0.20501096546649933,0.009999999776482582,0.009999999776482582,0.0,0.0,0.0,0.0,0.0,0,0,0,0,0,0,0,0,0,0.5,0.15000000596046448,0.699999988079071,0.0,0.0,0,0.0,0.0,0.0
1784909512.066377,approach,0.06892230576441102,-0.07956175162946187,0.4,0.06048811599612236,-0.025168443098664284,0.40438413619995117,0.3468039929866791,0.05190730094909668,-0.07744693756103516,0.6227477788925171,0.7909766435623169,3.515542507171631,561,0,0,0.0,0.3807142376899719,0.056727923452854156,2,0.0,0.056727923452854156,0.4237622022628784,0.20501096546649933,0.009999999776482582,0.009999999776482582,0.0,0.0,0.0,0.0,0.0,0,0,0,0,0,0,0,0,0,0.5,0.15000000596046448,0.699999988079071,0.0,0.0,0,0.0,0.0,0.0
1784909512.0877922,approach,0.06954887218045112,-0.07984213827426173,0.4,0.06357724219560623,-0.02858557365834713,0.40353289246559143,0.27319371700286865,0.04391086846590042,-0.08349481970071793,0.7240511775016785,0.7455877065658569,3.515542507171631,561,0,0,0.0,0.3807142376899719,0.056727923452854156,2,0.0,0.056727923452854156,0.4237622022628784,0.20501096546649933,0.009999999776482582,0.009999999776482582,0.0,0.0,0.0,0.0,0.0,0,0,0,0,0,0,0,0,0,0.5,0.15000000596046448,0.699999988079071,0.0,0.0,0,0.0,0.0,0.0
1784909512.108326,approach,0.07017543859649122,-0.07998245467798765,0.4,0.06357724219560623,-0.02858557365834713,0.40353289246559143,0.27319371700286865,0.04391086846590042,-0.08349481970071793,0.7240511775016785,0.7455877065658569,3.515542507171631,562,0,0,0.0,0.3807142376899719,0.056727923452854156,2,0.0,0.056727923452854156,0.4237622022628784,0.20501096546649933,0.009999999776482582,0.009999999776482582,0.0,0.0,0.0,0.0,0.0,0,0,0,0,0,0,0,0,0,0.5,0.15000000596046448,0.699999988079071,0.0,0.0,0,0.0,0.0,0.0
1784909512.1334321,approach,0.07080200501253132,-0.07998245467798765,0.4,0.06502055376768112,-0.034173671156167984,0.4031759202480316,0.2239008992910385,0.04023118317127228,-0.0897512212395668,0.7131362557411194,0.7181094288825989,3.515542507171631,562,0,0,0.0,0.3807142376899719,0.056727923452854156,2,0.0,0.056727923452854156,0.4237622022628784,0.20501096546649933,0.009999999776482582,0.009999999776482582,0.0,0.0,0.0,0.0,0.0,0,0,0,0,0,1,1,0,24,0.4237622022628784,0.20501095056533813,0.25,0.05667119473218918,-0.06900137662887573,0,0.0,0.0,0.0
1784909512.154269,approach,0.07142857142857142,-0.07984213827426173,0.4,0.06502055376768112,-0.034173671156167984,0.4031759202480316,0.2239008992910385,0.04023118317127228,-0.0897512212395668,0.7131362557411194,0.7181094288825989,3.515542507171631,562,0,0,0.0,0.3807142376899719,0.056727923452854156,2,0.0,0.056727923452854156,0.4237622022628784,0.20501096546649933,0.009999999776482582,0.009999999776482582,0.0,0.0,0.0,0.0,0.0,0,0,0,0,0,1,1,0,24,0.4237622022628784,0.20501095056533813,0.25,0.05667119473218918,-0.06900137662887573,0,0.0,0.0,0.0
1784909512.176418,approach,0.07205513784461152,-0.07956175162946187,0.4,0.06502055376768112,-0.034173671156167984,0.4031759202480316,0.2239008992910385,0.04023118317127228,-0.0897512212395668,0.7131362557411194,0.7181094288825989,3.515542507171631,562,0,0,0.0,0.3807142376899719,0.056727923452854156,2,0.0,0.056727923452854156,0.4237622022628784,0.20501096546649933,0.009999999776482582,0.009999999776482582,0.0,0.0,0.0,0.0,0.0,0,0,0,0,0,1,1,0,24,0.4237622022628784,0.20501095056533813,0.25,0.05667119473218918,-0.06900137662887573,0,0.0,0.0,0.0
1784909512.200646,approach,0.07268170426065163,-0.07914178663703907,0.4,0.06784111261367798,-0.0380377322435379,0.40252459049224854,0.1764569729566574,0.033041082322597504,-0.09377577900886536,0.4847055673599243,0.6898131966590881,3.515542507171631,562,3,3,0.09830549359321594,0.3807142376899719,0.05667119473218918,2,1.0,0.05667119473218918,0.4237622022628784,0.20501095056533813,0.009999999776482582,0.009999999776482582,0.0,0.0,0.0,0.0,0.0,0,0,0,0,0,1,1,0,24,0.4237622022628784,0.20501095056533813,0.25,0.05667119473218918,-0.06937465071678162,0,0.0,0.0,0.0
1784909512.2248268,approach,0.07330827067669173,-0.0785829800582951,0.4,0.06784111261367798,-0.0380377322435379,0.40252459049224854,0.1764569729566574,0.033041082322597504,-0.09377577900886536,0.4847055673599243,0.6898131966590881,3.515542507171631,562,3,3,0.09830549359321594,0.3807142376899719,0.05667119473218918,2,1.0,0.05667119473218918,0.4237622022628784,0.20501095056533813,0.009999999776482582,0.009999999776482582,0.0,0.0,0.0,0.0,0.0,0,0,0,0,0,1,1,0,24,0.4237622022628784,0.20501095056533813,0.25,0.05667119473218918,-0.06937465071678162,0,0.0,0.0,0.0
1784909512.2485602,approach,0.07393483709273183,-0.07788631222985283,0.4,0.0659698024392128,-0.043782006949186325,0.40153247117996216,0.18019048869609833,0.022452620789408684,-0.10055159777402878,0.39195793867111206,0.6606249213218689,3.515542507171631,562,3,3,0.09830549359321594,0.3807142376899719,0.05667119473218918,2,1.0,0.05667119473218918,0.4237622022628784,0.20501095056533813,0.009999999776482582,0.009999999776482582,0.0,0.0,0.0,0.0,0.0,0,0,0,0,0,1,1,0,24,0.4237622022628784,0.20501095056533813,0.25,0.056614525616168976,-0.06501182913780212,0,0.0,0.0,0.0
1784909512.270556,approach,0.07456140350877193,-0.07705300534381265,0.4,0.0659698024392128,-0.043782006949186325,0.40153247117996216,0.18019048869609833,0.022452620789408684,-0.10055159777402878,0.39195793867111206,0.6606249213218689,3.515542507171631,562,3,3,0.09830549359321594,0.3807142376899719,0.05667119473218918,2,1.0,0.05667119473218918,0.4237622022628784,0.20501095056533813,0.009999999776482582,0.009999999776482582,0.0,0.0,0.0,0.0,0.0,0,0,0,0,0,1,1,0,24,0.4237622022628784,0.20501095056533813,0.25,0.056614525616168976,-0.06501182913780212,0,0.0,0.0,0.0
1784909512.294442,approach,0.07518796992481203,-0.07608452130361229,0.4,0.06733004748821259,-0.05024632066488266,0.40125760436058044,0.19846004247665405,0.01513021532446146,-0.1024114117026329,0.11963270604610443,0.44524091482162476,3.515542507171631,563,1,0,0.0,0.3807142376899719,0.056614525616168976,2,1.0,0.056614525616168976,0.4237622022628784,0.20501095056533813,0.009999999776482582,0.009999999776482582,0.0,0.0,0.0,0.0,0.0,0,0,0,0,0,1,1,0,24,0.4237622022628784,0.20501095056533813,0.25,0.056614525616168976,-0.06159362196922302,0,0.0,0.0,0.0
1784909512.319537,approach,0.07581453634085213,-0.07498255915935133,0.4,0.06733004748821259,-0.05024632066488266,0.40125760436058044,0.19846004247665405,0.01513021532446146,-0.1024114117026329,0.11963270604610443,0.44524091482162476,3.515542507171631,563,1,0,0.0,0.3807142376899719,0.056614525616168976,2,1.0,0.056614525616168976,0.4237622022628784,0.20501095056533813,0.009999999776482582,0.009999999776482582,0.0,0.0,0.0,0.0,0.0,0,0,0,0,0,1,1,0,24,0.4237622022628784,0.20501095056533813,0.25,0.056614525616168976,-0.06159362196922302,0,0.0,0.0,0.0
1784909512.34137,approach,0.07644110275689223,-0.07374905212708004,0.4,0.0675387755036354,-0.054908718913793564,0.4008674919605255,0.2402285486459732,0.013418026268482208,-0.10543324053287506,-0.09398487955331802,0.3032532036304474,3.515542507171631,563,1,0,0.0,0.3807142376899719,0.056614525616168976,2,1.0,0.056614525616168976,0.4237622022628784,0.20501095056533813,0.009999999776482582,0.009999999776482582,0.0,0.0,0.0,0.0,0.0,0,0,0,0,0,1,1,0,24,0.4237622022628784,0.20501095056533813,0.25,0.056614525616168976,-0.059653908014297485,0,0.0,0.0,0.0
1784909512.364745,approach,0.07706766917293233,-0.07238616419728157,0.4,0.0675387755036354,-0.054908718913793564,0.4008674919605255,0.2402285486459732,0.013418026268482208,-0.10543324053287506,-0.09398487955331802,0.3032532036304474,3.515542507171631,563,1,0,0.0,0.3807142376899719,0.056614525616168976,2,1.0,0.056614525616168976,0.4237622022628784,0.20501095056533813,0.009999999776482582,0.009999999776482582,0.0,0.0,0.0,0.0,0.0,0,0,0,0,0,1,1,0,24,0.4237622022628784,0.20501095056533813,0.25,0.056614525616168976,-0.059653908014297485,0,0.0,0.0,0.0
1784909512.3881469,approach,0.07769423558897243,-0.07089628633849718,0.4,0.06734820455312729,-0.06237281858921051,0.40082645416259766,0.296932190656662,0.009032128378748894,-0.10489320009946823,-0.5666267275810242,0.18202784657478333,3.515542507171631,563,1,0,0.0,0.3807142376899719,0.056614525616168976,2,1.0,0.056614525616168976,0.4237622022628784,0.20501095056533813,0.009999999776482582,0.009999999776482582,0.0,0.0,0.0,0.0,0.0,0,0,0,0,0,1,1,0,24,0.4237622022628784,0.20501095056533813,0.25,0.056614525616168976,-0.059653908014297485,0,0.0,0.0,0.0
1784909512.410918,approach,0.07832080200501253,-0.06928203230275509,0.4,0.06734820455312729,-0.06237281858921051,0.40082645416259766,0.296932190656662,0.009032128378748894,-0.10489320009946823,-0.5666267275810242,0.18202784657478333,3.515542507171631,564,1,0,0.0,0.3807142376899719,0.05655791237950325,2,1.0,0.05655791237950325,0.4237622022628784,0.20501095056533813,0.009999999776482582,0.009999999776482582,0.0,0.0,0.0,0.0,0.0,0,0,0,0,0,1,1,0,24,0.4237622022628784,0.20501095056533813,0.25,0.05655791237950325,-0.05550149083137512,0,0.0,0.0,0.0
1784909512.43602,approach,0.07894736842105263,-0.06754623404016125,0.4,0.06799503415822983,-0.06645682454109192,0.4004983603954315,0.35663989186286926,0.006270496174693108,-0.10287851095199585,-0.9064257144927979,0.11306096613407135,3.515542507171631,564,1,0,0.0,0.3807142376899719,0.05655791237950325,2,1.0,0.05655791237950325,0.4237622022628784,0.20501095056533813,0.009999999776482582,0.009999999776482582,0.0,0.0,0.0,0.0,0.0,0,0,0,0,0,1,1,0,24,0.4237622022628784,0.20501095056533813,0.25,0.05655791237950325,-0.05277454853057861,0,0.0,0.0,0.0
1784909512.45957,approach,0.07957393483709273,-0.06569193673069632,0.4,0.06799503415822983,-0.06645682454109192,0.4004983603954315,0.35663989186286926,0.006270496174693108,-0.10287851095199585,-0.9064257144927979,0.11306096613407135,3.515542507171631,564,1,0,0.0,0.3807142376899719,0.05655791237950325,2,1.0,0.05655791237950325,0.4237622022628784,0.20501095056533813,0.009999999776482582,0.009999999776482582,0.0,0.0,0.0,0.0,0.0,0,0,0,0,0,1,1,0,24,0.4237622022628784,0.20501095056533813,0.25,0.05655791237950325,-0.05277454853057861,0,0.0,0.0,0.0
1784909512.4838321,approach,0.08020050125313283,-0.0637223934419357,0.4,0.06799503415822983,-0.06645682454109192,0.4004983603954315,0.35663989186286926,0.006270496174693108,-0.10287851095199585,-0.9064257144927979,0.11306096613407135,3.515542507171631,564,1,0,0.0,0.3807142376899719,0.05655791237950325,2,1.0,0.05655791237950325,0.4237622022628784,0.20501095056533813,0.009999999776482582,0.009999999776482582,0.0,0.0,0.0,0.0,0.0,0,0,0,0,0,1,1,0,24,0.4237622022628784,0.20501095056533813,0.25,0.05655791237950325,-0.05277454853057861,0,0.0,0.0,0.0
1784909512.508149,approach,0.08082706766917293,-0.061641059422063126,0.4,0.06731510907411575,-0.0723503977060318,0.40266042947769165,0.451198011636734,0.005782342050224543,-0.08870982378721237,-1.3934677839279175,-0.07295864820480347,3.515542507171631,565,0,0,0.0,0.3807142376899719,0.056501355022192,2,1.0,0.056501355022192,0.4237622022628784,0.20501095056533813,0.009999999776482582,0.009999999776482582,0.0,0.0,0.0,0.0,0.0,0,0,0,0,0,1,1,0,24,0.4237622022628784,0.20501095056533813,0.25,0.056501355022192,-0.04816395044326782,0,0.0,0.0,0.0
1784909512.533041,approach,0.08145363408521303,-0.05945158603819157,0.4,0.06752341985702515,-0.0759413093328476,0.40306389331817627,0.5174781084060669,0.006908823736011982,-0.07788239419460297,-1.663120150566101,-0.2340877205133438,3.515542507171631,565,0,0,0.0,0.3807142376899719,0.056501355022192,2,1.0,0.056501355022192,0.4237622022628784,0.20501095056533813,0.009999999776482582,0.009999999776482582,0.0,0.0,0.0,0.0,0.0,0,0,0,0,0,1,1,0,24,0.4237622022628784,0.20501095056533813,0.25,0.05644485354423523,-0.04675126075744629,0,0.0,0.0,0.0
1784909512.554879,approach,0.08208020050125313,-0.057157814370624296,0.4,0.06752341985702515,-0.0759413093328476,0.40306389331817627,0.5174781084060669,0.006908823736011982,-0.07788239419460297,-1.663120150566101,-0.2340877205133438,3.515542507171631,565,0,0,0.0,0.3807142376899719,0.056501355022192,2,1.0,0.056501355022192,0.4237622022628784,0.20501095056533813,0.009999999776482582,0.009999999776482582,0.0,0.0,0.0,0.0,0.0,0,0,0,0,0,1,1,0,24,0.4237622022628784,0.20501095056533813,0.25,0.05644485354423523,-0.04675126075744629,0,0.0,0.0,0.0
1784909512.577947,approach,0.08270676691729323,-0.054763768474295066,0.4,0.06752341985702515,-0.0759413093328476,0.40306389331817627,0.5174781084060669,0.006908823736011982,-0.07788239419460297,-1.663120150566101,-0.2340877205133438,3.515542507171631,565,0,0,0.0,0.3807142376899719,0.056501355022192,2,1.0,0.056501355022192,0.4237622022628784,0.20501095056533813,0.009999999776482582,0.009999999776482582,0.0,0.0,0.0,0.0,0.0,0,0,0,0,0,1,1,0,24,0.4237622022628784,0.20501095056533813,0.25,0.05644485354423523,-0.04675126075744629,0,0.0,0.0,0.0
1784909512.602805,approach,0.08333333333333333,-0.0522736483192084,0.4,0.06845583766698837,-0.07828651368618011,0.4029059410095215,0.600752055644989,0.010129941627383232,-0.05704569071531296,-2.0314013957977295,-0.33446916937828064,3.515542507171631,567,0,0,0.0,0.3807142376899719,0.056388407945632935,2,1.0,0.056388407945632935,0.4237622022628784,0.20501095056533813,0.009999999776482582,0.009999999776482582,0.0,0.0,0.0,0.0,0.0,0,0,0,0,0,1,1,0,24,0.4237622022628784,0.20501095056533813,0.25,0.056388407945632935,-0.04586586356163025,0,0.0,0.0,0.0
1784909512.6244779,approach,0.08395989974937343,-0.04969182242226485,0.4,0.06845583766698837,-0.07828651368618011,0.4029059410095215,0.600752055644989,0.010129941627383232,-0.05704569071531296,-2.0314013957977295,-0.33446916937828064,3.515542507171631,567,0,0,0.0,0.3807142376899719,0.056388407945632935,2,1.0,0.056388407945632935,0.4237622022628784,0.20501095056533813,0.009999999776482582,0.009999999776482582,0.0,0.0,0.0,0.0,0.0,0,0,0,0,0,1,1,0,24,0.4237622022628784,0.20501095056533813,0.25,0.056388407945632935,-0.04586586356163025,0,0.0,0.0,0.0
1784909512.648625,approach,0.08458646616541353,-0.04702282018339787,0.4,0.06973697990179062,-0.08028621226549149,0.4025280773639679,0.6397244930267334,0.011590116657316685,-0.040737271308898926,-2.1917011737823486,-0.36610087752342224,3.515542507171631,567,0,0,0.0,0.3807142376899719,0.056388407945632935,2,1.0,0.056388407945632935,0.4237622022628784,0.20501095056533813,0.009999999776482582,0.009999999776482582,0.0,0.0,0.0,0.0,0.0,0,0,0,0,0,1,1,0,24,0.4237622022628784,0.20501095056533813,0.25,0.056388407945632935,-0.044180482625961304,0,0.0,0.0,0.0
1784909512.6729338,approach,0.08521303258145363,-0.04427132393946748,0.4,0.06973697990179062,-0.08028621226549149,0.4025280773639679,0.6397244930267334,0.011590116657316685,-0.040737271308898926,-2.1917011737823486,-0.36610087752342224,3.515542507171631,567,0,0,0.0,0.3807142376899719,0.056388407945632935,2,1.0,0.056388407945632935,0.4237622022628784,0.20501095056533813,0.009999999776482582,0.009999999776482582,0.0,0.0,0.0,0.0,0.0,0,0,0,0,0,1,1,0,24,0.4237622022628784,0.20501095056533813,0.25,0.056388407945632935,-0.044180482625961304,0,0.0,0.0,0.0
1784909512.697088,approach,0.08583959899749373,-0.04144216074985036,0.4,0.07031293213367462,-0.08079846203327179,0.4021247327327728,0.6932588815689087,0.017086826264858246,-0.016797829419374466,-2.3391411304473877,-0.3887476623058319,3.5102639198303223,568,0,0,0.0,0.3807142376899719,0.056388407945632935,2,1.0,0.056388407945632935,0.4237622022628784,0.20501095056533813,0.009999999776482582,0.009999999776482582,0.0,0.0,0.0,0.0,0.0,0,0,0,0,0,1,1,0,24,0.4237622022628784,0.20501095056533813,0.25,0.056388407945632935,-0.04544028639793396,0,0.0,0.0,0.0
1784909512.7197251,approach,0.08646616541353383,-0.03854029392813723,0.4,0.07031293213367462,-0.08079846203327179,0.4021247327327728,0.6932588815689087,0.017086826264858246,-0.016797829419374466,-2.3391411304473877,-0.3887476623058319,3.5102639198303223,568,0,0,0.0,0.3807142376899719,0.056388407945632935,2,1.0,0.056388407945632935,0.4237622022628784,0.20501095056533813,0.009999999776482582,0.009999999776482582,0.0,0.0,0.0,0.0,0.0,0,0,0,0,0,1,1,0,24,0.4237622022628784,0.20501095056533813,0.25,0.056388407945632935,-0.04544028639793396,0,0.0,0.0,0.0
1784909512.741559,approach,0.08709273182957393,-0.0355708143347942,0.4,0.07062418013811111,-0.07947830855846405,0.40148577094078064,0.719762921333313,0.01853472925722599,0.0028335240203887224,-2.4424331188201904,-0.2923702895641327,3.5102639198303223,568,0,0,0.0,0.3807142376899719,0.056388407945632935,2,1.0,0.056388407945632935,0.4237622022628784,0.20501095056533813,0.009999999776482582,0.009999999776482582,0.0,0.0,0.0,0.0,0.0,0,0,0,0,0,1,1,0,24,0.42376217246055603,0.20501095056533813,0.25,0.056332021951675415,-0.04637685418128967,0,0.0,0.0,0.0
1784909512.766638,approach,0.08771929824561403,-0.03253893144606401,0.4,0.07062418013811111,-0.07947830855846405,0.40148577094078064,0.719762921333313,0.01853472925722599,0.0028335240203887224,-2.4424331188201904,-0.2923702895641327,3.5102639198303223,568,0,0,0.0,0.3807142376899719,0.056388407945632935,2,1.0,0.056388407945632935,0.4237622022628784,0.20501095056533813,0.009999999776482582,0.009999999776482582,0.0,0.0,0.0,0.0,0.0,0,0,0,0,0,1,1,0,24,0.42376217246055603,0.20501095056533813,0.25,0.056332021951675415,-0.04637685418128967,0,0.0,0.0,0.0
1784909512.791759,approach,0.08834586466165413,-0.029449964214774298,0.4,0.07499564439058304,-0.07474272698163986,0.4029684066772461,0.7454545497894287,0.027047332376241684,0.035583361983299255,-2.469921112060547,-0.22166718542575836,3.515542507171631,568,0,0,0.0,0.3807142376899719,0.056332021951675415,2,1.0,0.056332021951675415,0.4237622022628784,0.20501095056533813,0.009999999776482582,0.009999999776482582,0.0,0.0,0.0,0.0,0.0,0,0,0,0,0,1,1,0,24,0.42376217246055603,0.20501095056533813,0.25,0.056332021951675415,-0.05247911810874939,0,0.0,0.0,0.0
1784909512.815915,approach,0.08897243107769423,-0.026309331739086714,0.4,0.07499564439058304,-0.07474272698163986,0.4029684066772461,0.7454545497894287,0.027047332376241684,0.035583361983299255,-2.469921112060547,-0.22166718542575836,3.515542507171631,568,0,0,0.0,0.3807142376899719,0.056332021951675415,2,1.0,0.056332021951675415,0.42376217246055603,0.20501095056533813,0.009999999776482582,0.009999999776482582,0.0,0.0,0.0,0.0,0.0,0,0,0,0,0,1,1,0,24,0.42376217246055603,0.20501095056533813,0.25,0.056332021951675415,-0.05247911810874939,0,0.0,0.0,0.0
1784909512.8391979,approach,0.08959899749373433,-0.02312254375555778,0.4,0.0759986862540245,-0.0718354806303978,0.4022640883922577,0.7495916485786438,0.026534350588917732,0.05585490167140961,-2.2717413902282715,-0.13038432598114014,3.515542507171631,568,0,0,0.0,0.3807142376899719,0.056332021951675415,2,1.0,0.056332021951675415,0.42376217246055603,0.20501095056533813,0.009999999776482582,0.009999999776482582,0.0,0.0,0.0,0.0,0.0,0,0,0,0,0,1,1,0,24,0.42376217246055603,0.20501095056533813,0.25,0.056332021951675415,-0.054751843214035034,0,0.0,0.0,0.0
1784909512.859508,approach,0.09022556390977443,-0.01989519097318836,0.4,0.0759986862540245,-0.0718354806303978,0.4022640883922577,0.7495916485786438,0.026534350588917732,0.05585490167140961,-2.2717413902282715,-0.13038432598114014,3.515542507171631,568,0,0,0.0,0.3807142376899719,0.056332021951675415,2,1.0,0.056332021951675415,0.42376217246055603,0.20501095056533813,0.009999999776482582,0.009999999776482582,0.0,0.0,0.0,0.0,0.0,0,0,0,0,0,1,1,0,24,0.42376217246055603,0.20501095056533813,0.25,0.056332021951675415,-0.054751843214035034,0,0.0,0.0,0.0
1784909512.880737,approach,0.09085213032581453,-0.01663293526542079,0.4,0.0759986862540245,-0.0718354806303978,0.4022640883922577,0.7495916485786438,0.026534350588917732,0.05585490167140961,-2.2717413902282715,-0.13038432598114014,3.515542507171631,568,0,0,0.0,0.3807142376899719,0.056332021951675415,2,1.0,0.056332021951675415,0.42376217246055603,0.20501095056533813,0.009999999776482582,0.009999999776482582,0.0,0.0,0.0,0.0,0.0,0,0,0,0,0,1,1,0,24,0.42376217246055603,0.20501095056533813,0.25,0.056332021951675415,-0.054751843214035034,0,0.0,0.0,0.0
1784909512.903884,approach,0.09147869674185463,-0.013341499737288218,0.4,0.07779969274997711,-0.06503099948167801,0.4005414843559265,0.7193189263343811,0.028675885871052742,0.08128727227449417,-1.791290044784546,0.01222971174865961,3.5102639198303223,570,0,0,0.0,0.3807142376899719,0.05621941760182381,2,1.0,0.05621941760182381,0.4237622022628784,0.20501095056533813,0.009999999776482582,0.009999999776482582,0.0,0.0,0.0,0.0,0.0,0,0,0,0,0,1,1,0,24,0.4237622022628784,0.20501095056533813,0.25,0.05621941760182381,-0.05962449312210083,0,0.0,0.0,0.0
1784909512.9243479,approach,0.09210526315789473,-0.010026658685144373,0.4,0.07779969274997711,-0.06503099948167801,0.4005414843559265,0.7193189263343811,0.028675885871052742,0.08128727227449417,-1.791290044784546,0.01222971174865961,3.5102639198303223,570,0,0,0.0,0.3807142376899719,0.05621941760182381,2,1.0,0.05621941760182381,0.4237622022628784,0.20501095056533813,0.009999999776482582,0.009999999776482582,0.0,0.0,0.0,0.0,0.0,0,0,0,0,0,1,1,0,24,0.4237622022628784,0.20501095056533813,0.25,0.05621941760182381,-0.05962449312210083,0,0.0,0.0,0.0
1784909512.9481149,approach,0.09273182957393483,-0.006694227466585198,0.4,0.07840771228075027,-0.05866936594247818,0.40052852034568787,0.6619358658790588,0.028155164793133736,0.09812132269144058,-1.421971082687378,0.14912085235118866,3.5102639198303223,570,0,0,0.0,0.3807142376899719,0.05621941760182381,2,1.0,0.05621941760182381,0.4237622022628784,0.20501095056533813,0.009999999776482582,0.009999999776482582,0.0,0.0,0.0,0.0,0.0,0,0,0,0,0,1,1,0,24,0.4237622022628784,0.20501095056533813,0.25,0.05621941760182381,-0.06429332494735718,0,0.0,0.0,0.0
1784909512.973249,approach,0.09335839598997493,-0.0033500522983359944,0.4,0.07840771228075027,-0.05866936594247818,0.40052852034568787,0.6619358658790588,0.028155164793133736,0.09812132269144058,-1.421971082687378,0.14912085235118866,3.5102639198303223,570,0,0,0.0,0.3807142376899719,0.05621941760182381,2,1.0,0.05621941760182381,0.4237622022628784,0.20501095056533813,0.009999999776482582,0.009999999776482582,0.0,0.0,0.0,0.0,0.0,0,0,0,0,0,1,1,0,24,0.4237622022628784,0.20501095056533813,0.25,0.05621941760182381,-0.06429332494735718,0,0.0,0.0,0.0
1784909512.994166,approach,0.09398496240601503,-1.959434878635765e-17,0.4,0.08234391361474991,-0.05007106438279152,0.4018429219722748,0.525820791721344,0.02967115491628647,0.11476210504770279,-0.883391797542572,0.2161581963300705,3.515542507171631,571,0,0,0.0,0.3807142376899719,0.05616319924592972,2,0.0,0.05616319924592972,0.4237622022628784,0.20501093566417694,0.009999999776482582,0.009999999776482582,0.0,0.0,0.0,0.0,0.0,0,0,0,0,0,0,0,0,0,0.4237622022628784,0.20501095056533813,0.25,0.0,0.0,0,0.0,0.0,0.0
1784909513.0150368,approach,0.09461152882205513,0.0033500522983359554,0.4,0.08234391361474991,-0.05007106438279152,0.4018429219722748,0.525820791721344,0.02967115491628647,0.11476210504770279,-0.883391797542572,0.2161581963300705,3.515542507171631,571,0,0,0.0,0.3807142376899719,0.05616319924592972,2,0.0,0.05616319924592972,0.4237622022628784,0.20501093566417694,0.009999999776482582,0.009999999776482582,0.0,0.0,0.0,0.0,0.0,0,0,0,0,0,0,0,0,0,0.4237622022628784,0.20501095056533813,0.25,0.0,0.0,0,0.0,0.0,0.0
1784909513.037667,approach,0.09523809523809523,0.006694227466585159,0.4,0.08305392414331436,-0.044818926602602005,0.4015759825706482,0.4209030866622925,0.026523718610405922,0.1189751848578453,-0.5433363318443298,0.35078462958335876,3.515542507171631,571,0,0,0.0,0.3807142376899719,0.05616319924592972,2,0.0,0.05616319924592972,0.4237622022628784,0.20501093566417694,0.009999999776482582,0.009999999776482582,0.0,0.0,0.0,0.0,0.0,0,0,0,0,0,0,0,0,0,0.4237622022628784,0.20501095056533813,0.25,0.0,0.0,0,0.0,0.0,0.0
1784909513.05796,approach,0.09586466165413533,0.010026658685144334,0.4,0.08305392414331436,-0.044818926602602005,0.4015759825706482,0.4209030866622925,0.026523718610405922,0.1189751848578453,-0.5433363318443298,0.35078462958335876,3.515542507171631,571,0,0,0.0,0.3807142376899719,0.05616319924592972,2,0.0,0.05616319924592972,0.4237622022628784,0.20501093566417694,0.009999999776482582,0.009999999776482582,0.0,0.0,0.0,0.0,0.0,0,0,0,0,0,0,0,0,0,0.4237622022628784,0.20501095056533813,0.25,0.0,0.0,0,0.0,0.0,0.0
1784909513.081103,approach,0.09649122807017543,0.013341499737288182,0.4,0.08305392414331436,-0.044818926602602005,0.4015759825706482,0.4209030866622925,0.026523718610405922,0.1189751848578453,-0.5433363318443298,0.35078462958335876,3.515542507171631,571,0,0,0.0,0.3807142376899719,0.05616319924592972,2,0.0,0.05616319924592972,0.4237622022628784,0.20501093566417694,0.009999999776482582,0.009999999776482582,0.0,0.0,0.0,0.0,0.0,0,0,0,0,0,0,0,0,0,0.4237622022628784,0.20501095056533813,0.25,0.0,0.0,0,0.0,0.0,0.0
1784909513.1038918,approach,0.09711779448621553,0.01663293526542075,0.4,0.08336047828197479,-0.03795569762587547,0.40172943472862244,0.23484894633293152,0.02090464159846306,0.12409859150648117,-0.22646187245845795,0.40363097190856934,3.5102639198303223,572,7,7,0.1091693565249443,0.3807142376899719,0.056107036769390106,2,1.0,0.056107036769390106,0.4237622022628784,0.20501093566417694,0.009999999776482582,0.009999999776482582,0.0,0.0,0.0,0.0,0.0,0,0,0,0,0,1,1,0,24,0.4237622022628784,0.20501093566417694,0.25,0.056107036769390106,-0.08053454756736755,0,0.0,0.0,0.0
1784909513.124172,approach,0.09774436090225563,0.01989519097318832,0.4,0.08336047828197479,-0.03795569762587547,0.40172943472862244,0.23484894633293152,0.02090464159846306,0.12409859150648117,-0.22646187245845795,0.40363097190856934,3.5102639198303223,572,7,7,0.1091693565249443,0.3807142376899719,0.056107036769390106,2,1.0,0.056107036769390106,0.4237622022628784,0.20501093566417694,0.009999999776482582,0.009999999776482582,0.0,0.0,0.0,0.0,0.0,0,0,0,0,0,1,1,0,24,0.4237622022628784,0.20501093566417694,0.25,0.056107036769390106,-0.08053454756736755,0,0.0,0.0,0.0
1784909513.148142,approach,0.09837092731829573,0.02312254375555774,0.4,0.08393717557191849,-0.031927045434713364,0.4009014964103699,0.09901071339845657,0.01979535073041916,0.12930811941623688,-0.02339390479028225,0.30719318985939026,3.5102639198303223,572,7,7,0.1091693565249443,0.3807142376899719,0.056107036769390106,2,1.0,0.056107036769390106,0.4237622022628784,0.20501093566417694,0.009999999776482582,0.009999999776482582,0.0,0.0,0.0,0.0,0.0,0,0,0,0,0,1,1,0,24,0.4237622022628784,0.20501093566417694,0.25,0.056107036769390106,-0.08493059873580933,0,0.0,0.0,0.0
1784909513.1705549,approach,0.09899749373433583,0.026309331739086676,0.4,0.08393717557191849,-0.031927045434713364,0.4009014964103699,0.09901071339845657,0.01979535073041916,0.12930811941623688,-0.02339390479028225,0.30719318985939026,3.5102639198303223,572,7,7,0.1091693565249443,0.3807142376899719,0.056107036769390106,2,1.0,0.056107036769390106,0.4237622022628784,0.20501093566417694,0.009999999776482582,0.009999999776482582,0.0,0.0,0.0,0.0,0.0,0,0,0,0,0,1,1,0,24,0.4237622022628784,0.20501093566417694,0.25,0.056107036769390106,-0.08493059873580933,0,0.0,0.0,0.0
1784909513.192045,approach,0.09962406015037593,0.029449964214774256,0.4,0.08397780358791351,-0.02319352515041828,0.40045249462127686,-0.12493927776813507,0.0129549540579319,0.12836304306983948,0.17906849086284637,0.29056185483932495,3.5102639198303223,572,7,7,0.1091693565249443,0.3807142376899719,0.056107036769390106,2,1.0,0.056107036769390106,0.4237622022628784,0.20501093566417694,0.009999999776482582,0.009999999776482582,0.0,0.0,0.0,0.0,0.0,0,0,0,0,0,1,1,0,24,0.4237622022628784,0.20501093566417694,0.25,0.056107036769390106,-0.0890989899635315,0,0.0,0.0,0.0
1784909513.213043,approach,0.10025062656641603,0.03253893144606398,0.4,0.08397780358791351,-0.02319352515041828,0.40045249462127686,-0.12493927776813507,0.0129549540579319,0.12836304306983948,0.17906849086284637,0.29056185483932495,3.5102639198303223,572,7,7,0.1091693565249443,0.3807142376899719,0.056107036769390106,2,1.0,0.056107036769390106,0.4237622022628784,0.20501093566417694,0.009999999776482582,0.009999999776482582,0.0,0.0,0.0,0.0,0.0,0,0,0,0,0,1,1,0,24,0.4237622022628784,0.20501093566417694,0.25,0.056107036769390106,-0.0890989899635315,0,0.0,0.0,0.0
1784909513.23685,approach,0.10087719298245613,0.035570814334794226,0.4,0.08325392007827759,-0.017967475578188896,0.4005068242549896,-0.25901755690574646,0.008896950632333755,0.13193538784980774,0.20640885829925537,0.2579217553138733,3.5102639198303223,572,7,7,0.1091693565249443,0.3807142376899719,0.056107036769390106,2,1.0,0.056107036769390106,0.4237622022628784,0.20501093566417694,0.009999999776482582,0.009999999776482582,0.0,0.0,0.0,0.0,0.0,0,0,0,0,0,1,1,0,24,0.42376217246055603,0.20501095056533813,0.25,0.05605093017220497,-0.09342491626739502,0,0.0,0.0,0.0
1784909513.261266,approach,0.10150375939849623,0.03854029392813725,0.4,0.08325392007827759,-0.017967475578188896,0.4005068242549896,-0.25901755690574646,0.008896950632333755,0.13193538784980774,0.20640885829925537,0.2579217553138733,3.5102639198303223,572,7,7,0.1091693565249443,0.3807142376899719,0.056107036769390106,2,1.0,0.056107036769390106,0.4237622022628784,0.20501093566417694,0.009999999776482582,0.009999999776482582,0.0,0.0,0.0,0.0,0.0,0,0,0,0,0,1,1,0,24,0.42376217246055603,0.20501095056533813,0.25,0.05605093017220497,-0.09342491626739502,0,0.0,0.0,0.0
1784909513.284241,approach,0.10213032581453634,0.04144216074985045,0.4,0.08556261658668518,-0.007398206740617752,0.4001859128475189,-0.4472184181213379,0.008896950632333755,0.13193538784980774,0.20640885829925537,0.2579217553138733,3.5102639198303223,572,7,7,0.1091693565249443,0.3807142376899719,0.056107036769390106,2,1.0,0.056107036769390106,0.4237622022628784,0.20501093566417694,0.009999999776482582,0.009999999776482582,0.0,0.0,0.0,0.0,0.0,0,0,0,0,0,1,1,0,24,0.42376217246055603,0.20501095056533813,0.25,0.05605093017220497,-0.09342491626739502,0,0.0,0.0,0.0
1784909513.308115,approach,0.10275689223057644,0.044271323939467505,0.4,0.08556261658668518,-0.007398206740617752,0.4001859128475189,-0.4472184181213379,0.010467217303812504,0.13027094304561615,0.36977583169937134,0.04487638175487518,3.5102639198303223,573,1,0,0.0,0.3807142376899719,0.05605093017220497,2,1.0,0.05605093017220497,0.42376217246055603,0.20501095056533813,0.009999999776482582,0.009999999776482582,0.0,0.0,0.0,0.0,0.0,0,0,0,0,0,1,1,0,24,0.42376217246055603,0.20501095056533813,0.25,0.05605093017220497,-0.09963458776473999,0,0.0,0.0,0.0
1784909513.3312929,approach,0.10338345864661654,0.04702282018339783,0.4,0.0867604911327362,-0.0034416341222822666,0.4000071585178375,-0.5681145191192627,0.01233930978924036,0.12407095730304718,0.5112751722335815,-0.11178594827651978,3.5102639198303223,573,1,0,0.0,0.3807142376899719,0.05605093017220497,2,1.0,0.05605093017220497,0.42376217246055603,0.20501095056533813,0.009999999776482582,0.009999999776482582,0.0,0.0,0.0,0.0,0.0,0,0,0,0,0,1,1,0,24,0.42376217246055603,0.20501095056533813,0.25,0.05605093017220497,-0.09963458776473999,0,0.0,0.0,0.0
1784909513.354383,approach,0.10401002506265664,0.04969182242226487,0.4,0.0867604911327362,-0.0034416341222822666,0.4000071585178375,-0.5681145191192627,0.01233930978924036,0.12407095730304718,0.5112751722335815,-0.11178594827651978,3.5102639198303223,573,1,0,0.0,0.3807142376899719,0.05605093017220497,2,1.0,0.05605093017220497,0.42376217246055603,0.20501095056533813,0.009999999776482582,0.009999999776482582,0.0,0.0,0.0,0.0,0.0,0,0,0,0,0,1,1,0,24,0.42376217246055603,0.20501095056533813,0.25,0.05605093017220497,-0.10268932580947876,0,0.0,0.0,0.0
1784909513.379543,approach,0.10463659147869674,0.05227364831920838,0.4,0.0867604911327362,-0.0034416341222822666,0.4000071585178375,-0.5681145191192627,0.01233930978924036,0.12407095730304718,0.5112751722335815,-0.11178594827651978,3.5102639198303223,573,1,0,0.0,0.3807142376899719,0.05605093017220497,2,1.0,0.05605093017220497,0.42376217246055603,0.20501095056533813,0.009999999776482582,0.009999999776482582,0.0,0.0,0.0,0.0,0.0,0,0,0,0,0,1,1,0,24,0.42376217246055603,0.20501095056533813,0.25,0.05605093017220497,-0.10268932580947876,0,0.0,0.0,0.0
1784909513.4013922,approach,0.10526315789473684,0.05476376847429504,0.4,0.0869593620300293,0.005777247250080109,0.4007980227470398,-0.7261322736740112,0.012179733254015446,0.12363432347774506,0.43681228160858154,-0.11825820803642273,3.5102639198303223,574,0,0,0.0,0.3807142376899719,0.05599487945437431,2,1.0,0.05599487945437431,0.4237622022628784,0.20501095056533813,0.009999999776482582,0.009999999776482582,0.0,0.0,0.0,0.0,0.0,0,0,0,0,0,1,1,0,24,0.4237622022628784,0.20501095056533813,0.25,0.05599487945437431,-0.10794472694396973,0,0.0,0.0,0.0
1784909513.426273,approach,0.10588972431077694,0.05715781437062427,0.4,0.0869593620300293,0.005777247250080109,0.4007980227470398,-0.7261322736740112,0.012179733254015446,0.12363432347774506,0.43681228160858154,-0.11825820803642273,3.5102639198303223,574,0,0,0.0,0.3807142376899719,0.05599487945437431,2,1.0,0.05599487945437431,0.4237622022628784,0.20501095056533813,0.009999999776482582,0.009999999776482582,0.0,0.0,0.0,0.0,0.0,0,0,0,0,0,1,1,0,24,0.4237622022628784,0.20501095056533813,0.25,0.05599487945437431,-0.10794472694396973,0,0.0,0.0,0.0
1784909513.451356,approach,0.10651629072681704,0.05945158603819154,0.4,0.0863148644566536,0.010876466520130634,0.4014498293399811,-0.8551337718963623,0.010403735563158989,0.1217530146241188,0.42134562134742737,-0.14238964021205902,3.5102639198303223,574,0,0,0.0,0.3807142376899719,0.05599487945437431,2,1.0,0.05599487945437431,0.4237622022628784,0.20501095056533813,0.009999999776482582,0.009999999776482582,0.0,0.0,0.0,0.0,0.0,0,0,0,0,0,1,1,0,24,0.4237622022628784,0.20501095056533813,0.25,0.05599487945437431,-0.10990399122238159,0,0.0,0.0,0.0
1784909513.4739509,approach,0.10714285714285714,0.0616410594220631,0.4,0.0863148644566536,0.010876466520130634,0.4014498293399811,-0.8551337718963623,0.010403735563158989,0.1217530146241188,0.42134562134742737,-0.14238964021205902,3.5102639198303223,574,0,0,0.0,0.3807142376899719,0.05599487945437431,2,1.0,0.05599487945437431,0.4237622022628784,0.20501095056533813,0.009999999776482582,0.009999999776482582,0.0,0.0,0.0,0.0,0.0,0,0,0,0,0,1,1,0,24,0.4237622022628784,0.20501095056533813,0.25,0.05599487945437431,-0.10990399122238159,0,0.0,0.0,0.0
1784909513.4961889,approach,0.10776942355889724,0.06372239344193567,0.4,0.08737289905548096,0.01966205984354019,0.40156057476997375,-1.0533759593963623,0.01315551158040762,0.1196320578455925,0.5094428658485413,-0.28911933302879333,3.515542507171631,575,1,0,0.0,0.3807142376899719,0.05593888461589813,2,1.0,0.05593888461589813,0.4237622320652008,0.20501095056533813,0.009999999776482582,0.009999999776482582,0.0,0.0,0.0,0.0,0.0,0,0,0,0,0,1,1,0,24,0.4237622320652008,0.20501095056533813,0.25,0.05593888461589813,-0.11523288488388062,0,0.0,0.0,0.0
1784909513.521143,approach,0.10839598997493734,0.06569193673069633,0.4,0.08737289905548096,0.01966205984354019,0.40156057476997375,-1.0533759593963623,0.01315551158040762,0.1196320578455925,0.5094428658485413,-0.28911933302879333,3.515542507171631,575,1,0,0.0,0.3807142376899719,0.05593888461589813,2,1.0,0.05593888461589813,0.4237622320652008,0.20501095056533813,0.009999999776482582,0.009999999776482582,0.0,0.0,0.0,0.0,0.0,0,0,0,0,0,1,1,0,24,0.4237622320652008,0.20501095056533813,0.25,0.05593888461589813,-0.11523288488388062,0,0.0,0.0,0.0
1784909513.542576,approach,0.10902255639097744,0.06754623404016122,0.4,0.08745633065700531,0.023930732160806656,0.40278586745262146,-1.1833776235580444,0.014403203502297401,0.11494002491235733,0.621349573135376,-0.4053979218006134,3.515542507171631,575,1,0,0.0,0.3807142376899719,0.05593888461589813,2,1.0,0.05593888461589813,0.4237622320652008,0.20501095056533813,0.009999999776482582,0.009999999776482582,0.0,0.0,0.0,0.0,0.0,0,0,0,0,0,1,1,0,24,0.4237622320652008,0.20501095056533813,0.25,0.05593888461589813,-0.11720743775367737,0,0.0,0.0,0.0
1784909513.5664132,approach,0.10964912280701754,0.06928203230275508,0.4,0.08745633065700531,0.023930732160806656,0.40278586745262146,-1.1833776235580444,0.014403203502297401,0.11494002491235733,0.621349573135376,-0.4053979218006134,3.515542507171631,575,1,0,0.0,0.3807142376899719,0.05593888461589813,2,1.0,0.05593888461589813,0.4237622320652008,0.20501095056533813,0.009999999776482582,0.009999999776482582,0.0,0.0,0.0,0.0,0.0,0,0,0,0,0,1,1,0,24,0.4237622320652008,0.20501095056533813,0.25,0.05593888461589813,-0.11720743775367737,0,0.0,0.0,0.0
1784909513.5915232,approach,0.11027568922305764,0.07089628633849716,0.4,0.08795028179883957,0.03141665458679199,0.401639848947525,-1.3880828619003296,0.017646484076976776,0.10996805131435394,0.6576184630393982,-0.4410918951034546,3.515542507171631,576,1,0,0.0,0.3807142376899719,0.05588294565677643,2,1.0,0.05588294565677643,0.4237622320652008,0.20501095056533813,0.009999999776482582,0.009999999776482582,0.0,0.0,0.0,0.0,0.0,0,0,0,0,0,1,1,0,24,0.4237622022628784,0.20501095056533813,0.25,0.05588294565677643,-0.12164676189422607,0,0.0,0.0,0.0
1784909513.6145952,approach,0.11090225563909774,0.07238616419728156,0.4,0.08795028179883957,0.03141665458679199,0.401639848947525,-1.3880828619003296,0.017646484076976776,0.10996805131435394,0.6576184630393982,-0.4410918951034546,3.515542507171631,576,1,0,0.0,0.3807142376899719,0.05588294565677643,2,1.0,0.05588294565677643,0.4237622022628784,0.20501095056533813,0.009999999776482582,0.009999999776482582,0.0,0.0,0.0,0.0,0.0,0,0,0,0,0,1,1,0,24,0.4237622022628784,0.20501095056533813,0.25,0.05588294565677643,-0.12164676189422607,0,0.0,0.0,0.0
1784909513.637661,approach,0.11152882205513784,0.07374905212708006,0.4,0.08809076994657516,0.036989741027355194,0.4018889367580414,-1.5344772338867188,0.01917995885014534,0.10811839252710342,0.6085529327392578,-0.4087258577346802,3.515542507171631,576,1,0,0.0,0.3807142376899719,0.05588294565677643,2,1.0,0.05588294565677643,0.4237622022628784,0.20501095056533813,0.009999999776482582,0.009999999776482582,0.0,0.0,0.0,0.0,0.0,0,0,0,0,0,1,1,0,24,0.4237622022628784,0.20501095056533813,0.25,0.05588294565677643,-0.12368184328079224,0,0.0,0.0,0.0
1784909513.66258,approach,0.11215538847117794,0.07498255915935131,0.4,0.08809076994657516,0.036989741027355194,0.4018889367580414,-1.5344772338867188,0.01917995885014534,0.10811839252710342,0.6085529327392578,-0.4087258577346802,3.515542507171631,576,1,0,0.0,0.3807142376899719,0.05588294565677643,2,1.0,0.05588294565677643,0.4237622022628784,0.20501095056533813,0.009999999776482582,0.009999999776482582,0.0,0.0,0.0,0.0,0.0,0,0,0,0,0,1,1,0,24,0.4237622022628784,0.20501095056533813,0.25,0.05588294565677643,-0.12368184328079224,0,0.0,0.0,0.0
1784909513.684957,approach,0.11278195488721804,0.07608452130361229,0.4,0.08809076994657516,0.036989741027355194,0.4018889367580414,-1.5344772338867188,0.01917995885014534,0.10811839252710342,0.6085529327392578,-0.4087258577346802,3.515542507171631,576,1,0,0.0,0.3807142376899719,0.05588294565677643,2,1.0,0.05588294565677643,0.4237622022628784,0.20501095056533813,0.009999999776482582,0.009999999776482582,0.0,0.0,0.0,0.0,0.0,0,0,0,0,0,1,1,0,24,0.4237622022628784,0.20501095056533813,0.25,0.05588294565677643,-0.12368184328079224,0,0.0,0.0,0.0
1784909513.708739,approach,0.11340852130325814,0.07705300534381265,0.4,0.0882091149687767,0.043773043900728226,0.3997933864593506,-1.7206259965896606,0.021173160523176193,0.10252464562654495,0.6916072964668274,-0.5064696669578552,3.5102639198303223,576,1,0,0.0,0.3807142376899719,0.05588294565677643,2,1.0,0.05588294565677643,0.4237622022628784,0.20501095056533813,0.009999999776482582,0.009999999776482582,0.0,0.0,0.0,0.0,0.0,0,0,0,0,0,1,1,0,24,0.4237622022628784,0.20501095056533813,0.25,0.05588294565677643,-0.12677669525146484,0,0.0,0.0,0.0
1784909513.7327218,approach,0.11403508771929824,0.07788631222985283,0.4,0.0887230858206749,0.04882720485329628,0.39976224303245544,-1.826917290687561,0.023278063163161278,0.10043303668498993,0.7429696321487427,-0.538910984992981,3.5102639198303223,576,1,0,0.0,0.3807142376899719,0.05588294565677643,2,1.0,0.05588294565677643,0.4237622022628784,0.20501095056533813,0.009999999776482582,0.009999999776482582,0.0,0.0,0.0,0.0,0.0,0,0,0,0,0,1,1,0,24,0.4237622022628784,0.20501095056533813,0.25,0.05588294565677643,-0.12677669525146484,0,0.0,0.0,0.0
1784909513.753042,approach,0.11466165413533834,0.07858298005829509,0.4,0.0887230858206749,0.04882720485329628,0.39976224303245544,-1.826917290687561,0.023278063163161278,0.10043303668498993,0.7429696321487427,-0.538910984992981,3.5102639198303223,576,1,0,0.0,0.3807142376899719,0.05588294565677643,2,1.0,0.05588294565677643,0.4237622022628784,0.20501095056533813,0.009999999776482582,0.009999999776482582,0.0,0.0,0.0,0.0,0.0,0,0,0,0,0,1,1,0,24,0.4237622022628784,0.20501095056533813,0.25,0.0558270625770092,-0.12964698672294617,0,0.0,0.0,0.0
1784909513.776159,approach,0.11528822055137844,0.07914178663703907,0.4,0.0887230858206749,0.04882720485329628,0.39976224303245544,-1.826917290687561,0.023278063163161278,0.10043303668498993,0.7429696321487427,-0.538910984992981,3.5102639198303223,576,1,0,0.0,0.3807142376899719,0.05588294565677643,2,1.0,0.05588294565677643,0.4237622022628784,0.20501095056533813,0.009999999776482582,0.009999999776482582,0.0,0.0,0.0,0.0,0.0,0,0,0,0,0,1,1,0,24,0.4237622022628784,0.20501095056533813,0.25,0.0558270625770092,-0.12964698672294617,0,0.0,0.0,0.0
1784909513.796414,approach,0.11591478696741854,0.07956175162946187,0.4,0.09094493836164474,0.053947094827890396,0.39852428436279297,-1.9252543449401855,0.0314033105969429,0.09150812029838562,0.8490174412727356,-0.6120491623878479,3.5049853324890137,577,0,0,0.0,0.3807142376899719,0.0558270625770092,2,1.0,0.0558270625770092,0.4237622022628784,0.20501095056533813,0.009999999776482582,0.009999999776482582,0.0,0.0,0.0,0.0,0.0,0,0,0,0,0,1,1,0,24,0.4237622022628784,0.20501095056533813,0.25,0.0558270625770092,-0.1336022913455963,0,0.0,0.0,0.0
1784909513.816732,approach,0.11654135338345864,0.07984213827426173,0.4,0.09094493836164474,0.053947094827890396,0.39852428436279297,-1.9252543449401855,0.0314033105969429,0.09150812029838562,0.8490174412727356,-0.6120491623878479,3.5049853324890137,577,0,0,0.0,0.3807142376899719,0.0558270625770092,2,1.0,0.0558270625770092,0.4237622022628784,0.20501095056533813,0.009999999776482582,0.009999999776482582,0.0,0.0,0.0,0.0,0.0,0,0,0,0,0,1,1,0,24,0.4237622022628784,0.20501095056533813,0.25,0.0558270625770092,-0.1336022913455963,0,0.0,0.0,0.0
1784909513.838793,approach,0.11716791979949874,0.07998245467798765,0.4,0.09155033528804779,0.05940568447113037,0.3996957540512085,-2.0285418033599854,0.03257031738758087,0.08747407048940659,0.8286432027816772,-0.5839278101921082,3.5049853324890137,577,0,0,0.0,0.3807142376899719,0.0558270625770092,2,1.0,0.0558270625770092,0.4237622022628784,0.20501095056533813,0.009999999776482582,0.009999999776482582,0.0,0.0,0.0,0.0,0.0,0,0,0,0,0,1,1,0,24,0.4237622022628784,0.20501095056533813,0.25,0.0558270625770092,-0.13710999488830566,0,0.0,0.0,0.0
1784909513.860127,approach,0.11779448621553884,0.07998245467798765,0.4,0.09155033528804779,0.05940568447113037,0.3996957540512085,-2.0285418033599854,0.03257031738758087,0.08747407048940659,0.8286432027816772,-0.5839278101921082,3.5049853324890137,577,0,0,0.0,0.3807142376899719,0.0558270625770092,2,1.0,0.0558270625770092,0.4237622022628784,0.20501095056533813,0.009999999776482582,0.009999999776482582,0.0,0.0,0.0,0.0,0.0,0,0,0,0,0,1,1,0,24,0.4237622022628784,0.20501095056533813,0.25,0.0558270625770092,-0.13710999488830566,0,0.0,0.0,0.0
1784909513.885039,approach,0.11842105263157894,0.07984213827426173,0.4,0.09251236915588379,0.06386216729879379,0.3990327715873718,-2.1033995151519775,0.03632378205657005,0.07743576169013977,0.8842872977256775,-0.540539562702179,3.5049853324890137,577,0,0,0.0,0.3807142376899719,0.0558270625770092,2,1.0,0.0558270625770092,0.4237622022628784,0.20501095056533813,0.009999999776482582,0.009999999776482582,0.0,0.0,0.0,0.0,0.0,0,0,0,0,0,1,1,0,24,0.4237622022628784,0.20501095056533813,0.25,0.0558270625770092,-0.13710999488830566,0,0.0,0.0,0.0
1784909513.9081368,approach,0.11904761904761904,0.07956175162946187,0.4,0.09251236915588379,0.06386216729879379,0.3990327715873718,-2.1033995151519775,0.03632378205657005,0.07743576169013977,0.8842872977256775,-0.540539562702179,3.5102639198303223,578,0,0,0.0,0.3807142376899719,0.05577123537659645,2,1.0,0.05577123537659645,0.4237622022628784,0.20501095056533813,0.009999999776482582,0.009999999776482582,0.0,0.0,0.0,0.0,0.0,0,0,0,0,0,1,1,0,24,0.4237622022628784,0.20501095056533813,0.25,0.05577123537659645,-0.14110124111175537,0,0.0,0.0,0.0
1784909513.92843,approach,0.11967418546365914,0.07914178663703905,0.4,0.09280218929052353,0.06749238073825836,0.3994351327419281,-2.1345982551574707,0.03632378205657005,0.07743576169013977,0.8842872977256775,-0.540539562702179,3.5102639198303223,578,0,0,0.0,0.3807142376899719,0.05577123537659645,2,1.0,0.05577123537659645,0.4237622022628784,0.20501095056533813,0.009999999776482582,0.009999999776482582,0.0,0.0,0.0,0.0,0.0,0,0,0,0,0,1,1,0,24,0.4237622022628784,0.20501095056533813,0.25,0.05577123537659645,-0.14110124111175537,0,0.0,0.0,0.0
1784909513.949766,approach,0.12030075187969924,0.07858298005829512,0.4,0.09280218929052353,0.06749238073825836,0.3994351327419281,-2.1345982551574707,0.03644460439682007,0.07221796363592148,0.9607105851173401,-0.5454963445663452,3.5102639198303223,578,0,0,0.0,0.3807142376899719,0.05577123537659645,2,1.0,0.05577123537659645,0.4237622022628784,0.20501095056533813,0.009999999776482582,0.009999999776482582,0.0,0.0,0.0,0.0,0.0,0,0,0,0,0,1,1,0,24,0.4237622022628784,0.20501095056533813,0.25,0.05577123537659645,-0.14097878336906433,0,0.0,0.0,0.0
1784909513.9747572,approach,0.12092731829573934,0.07788631222985283,0.4,0.09280218929052353,0.06749238073825836,0.3994351327419281,-2.1345982551574707,0.03644460439682007,0.07221796363592148,0.9607105851173401,-0.5454963445663452,3.5102639198303223,578,0,0,0.0,0.3807142376899719,0.05577123537659645,2,1.0,0.05577123537659645,0.4237622022628784,0.20501095056533813,0.009999999776482582,0.009999999776482582,0.0,0.0,0.0,0.0,0.0,0,0,0,0,0,1,1,0,24,0.4237622022628784,0.20501095056533813,0.25,0.05577123537659645,-0.14097878336906433,0,0.0,0.0,0.0
1784909513.999756,approach,0.12155388471177944,0.07705300534381264,0.4,0.09200653433799744,0.07177475839853287,0.40067362785339355,-2.127290964126587,0.03585289046168327,0.06541139632463455,1.0841957330703735,-0.5337017178535461,3.5102639198303223,579,0,0,0.0,0.3807142376899719,0.05571546405553818,2,1.0,0.05571546405553818,0.4237622022628784,0.20501095056533813,0.009999999776482582,0.009999999776482582,0.0,0.0,0.0,0.0,0.0,0,0,0,0,0,1,1,0,24,0.4237622022628784,0.20501095056533813,0.25,0.05571546405553818,-0.14248955249786377,0,0.0,0.0,0.0
1784909514.0207412,approach,0.12218045112781954,0.07608452130361229,0.4,0.09200653433799744,0.07177475839853287,0.40067362785339355,-2.127290964126587,0.03585289046168327,0.06541139632463455,1.0841957330703735,-0.5337017178535461,3.5102639198303223,579,0,0,0.0,0.3807142376899719,0.05571546405553818,2,1.0,0.05571546405553818,0.4237622022628784,0.20501095056533813,0.009999999776482582,0.009999999776482582,0.0,0.0,0.0,0.0,0.0,0,0,0,0,0,1,1,0,24,0.4237622022628784,0.20501095056533813,0.25,0.05571546405553818,-0.14248955249786377,0,0.0,0.0,0.0
1784909514.041374,approach,0.12280701754385964,0.07498255915935136,0.4,0.0942944660782814,0.07510408759117126,0.40159618854522705,-2.120361566543579,0.039828699082136154,0.05610746890306473,1.1836936473846436,-0.5612971186637878,3.5102639198303223,579,0,0,0.0,0.3807142376899719,0.05571546405553818,2,1.0,0.05571546405553818,0.4237622022628784,0.20501095056533813,0.009999999776482582,0.009999999776482582,0.0,0.0,0.0,0.0,0.0,0,0,0,0,0,1,1,0,24,0.4237622022628784,0.20501095056533813,0.25,0.05571546405553818,-0.14525848627090454,0,0.0,0.0,0.0
1784909514.064367,approach,0.12343358395989974,0.07374905212708005,0.4,0.0942944660782814,0.07510408759117126,0.40159618854522705,-2.120361566543579,0.039828699082136154,0.05610746890306473,1.1836936473846436,-0.5612971186637878,3.5102639198303223,579,0,0,0.0,0.3807142376899719,0.05571546405553818,2,1.0,0.05571546405553818,0.4237622022628784,0.20501095056533813,0.009999999776482582,0.009999999776482582,0.0,0.0,0.0,0.0,0.0,0,0,0,0,0,1,1,0,24,0.4237622022628784,0.20501095056533813,0.25,0.05571546405553818,-0.14525848627090454,0,0.0,0.0,0.0
1784909514.08774,approach,0.12406015037593984,0.07238616419728154,0.4,0.09639827907085419,0.07843839377164841,0.4008757174015045,-2.12496018409729,0.04539139196276665,0.044121064245700836,1.2724534273147583,-0.5950706601142883,3.5102639198303223,579,0,0,0.0,0.3807142376899719,0.05571546405553818,2,1.0,0.05571546405553818,0.4237622022628784,0.20501095056533813,0.009999999776482582,0.009999999776482582,0.0,0.0,0.0,0.0,0.0,0,0,0,0,0,1,1,0,24,0.4237622022628784,0.20501095056533813,0.25,0.05571546405553818,-0.14525848627090454,0,0.0,0.0,0.0
1784909514.111306,approach,0.12468671679197994,0.07089628633849718,0.4,0.09639827907085419,0.07843839377164841,0.4008757174015045,-2.12496018409729,0.04539139196276665,0.044121064245700836,1.2724534273147583,-0.5950706601142883,3.5102639198303223,579,0,0,0.0,0.3807142376899719,0.05571546405553818,2,1.0,0.05571546405553818,0.4237622022628784,0.20501095056533813,0.009999999776482582,0.009999999776482582,0.0,0.0,0.0,0.0,0.0,0,0,0,0,0,1,1,0,24,0.4237622022628784,0.20501095056533813,0.25,0.05571546405553818,-0.14843663573265076,0,0.0,0.0,0.0
1784909514.132433,approach,0.12531328320802004,0.06928203230275513,0.4,0.09793175756931305,0.07998576015233994,0.4001023471355438,-2.1215553283691406,0.048400286585092545,0.03513418883085251,1.2611918449401855,-0.5501440167427063,3.5102639198303223,579,0,0,0.0,0.3807142376899719,0.05571546405553818,2,1.0,0.05571546405553818,0.4237622022628784,0.20501095056533813,0.009999999776482582,0.009999999776482582,0.0,0.0,0.0,0.0,0.0,0,0,0,0,0,1,1,0,24,0.4237622022628784,0.20501095056533813,0.25,0.05571546405553818,-0.14843663573265076,0,0.0,0.0,0.0
1784909514.15459,approach,0.12593984962406016,0.0675462340401612,0.4,0.09793175756931305,0.07998576015233994,0.4001023471355438,-2.1215553283691406,0.048400286585092545,0.03513418883085251,1.2611918449401855,-0.5501440167427063,3.5102639198303223,579,0,0,0.0,0.3807142376899719,0.05571546405553818,2,1.0,0.05571546405553818,0.4237622022628784,0.20501095056533813,0.009999999776482582,0.009999999776482582,0.0,0.0,0.0,0.0,0.0,0,0,0,0,0,1,1,0,24,0.4237622320652008,0.20501093566417694,0.25,0.05565974861383438,-0.15037387609481812,0,0.0,0.0,0.0
1784909514.174753,approach,0.12656641604010024,0.06569193673069636,0.4,0.09793175756931305,0.07998576015233994,0.4001023471355438,-2.1215553283691406,0.048400286585092545,0.03513418883085251,1.2611918449401855,-0.5501440167427063,3.5102639198303223,579,0,0,0.0,0.3807142376899719,0.05571546405553818,2,1.0,0.05571546405553818,0.4237622022628784,0.20501095056533813,0.009999999776482582,0.009999999776482582,0.0,0.0,0.0,0.0,0.0,0,0,0,0,0,1,1,0,24,0.4237622320652008,0.20501093566417694,0.25,0.05565974861383438,-0.15037387609481812,0,0.0,0.0,0.0
1784909514.195199,approach,0.12719298245614036,0.0637223934419357,0.4,0.10170049220323563,0.08051180094480515,0.4000031650066376,-2.1609134674072266,0.05444799363613129,0.019611578434705734,1.2415095567703247,-0.4269578456878662,3.5049853324890137,580,0,0,0.0,0.3807142376899719,0.05565974861383438,2,1.0,0.05565974861383438,0.4237622320652008,0.20501093566417694,0.009999999776482582,0.009999999776482582,0.0,0.0,0.0,0.0,0.0,0,0,0,0,0,1,1,0,24,0.4237622320652008,0.20501093566417694,0.25,0.05565974861383438,-0.1540919840335846,0,0.0,0.0,0.0
1784909514.2164102,approach,0.12781954887218044,0.061641059422063174,0.4,0.10170049220323563,0.08051180094480515,0.4000031650066376,-2.1609134674072266,0.05444799363613129,0.019611578434705734,1.2415095567703247,-0.4269578456878662,3.5049853324890137,580,0,0,0.0,0.3807142376899719,0.05565974861383438,2,1.0,0.05565974861383438,0.4237622320652008,0.20501093566417694,0.009999999776482582,0.009999999776482582,0.0,0.0,0.0,0.0,0.0,0,0,0,0,0,1,1,0,24,0.4237622320652008,0.20501093566417694,0.25,0.05565974861383438,-0.1540919840335846,0,0.0,0.0,0.0
1784909514.239449,approach,0.12844611528822056,0.05945158603819162,0.4,0.10417665541172028,0.0795246809720993,0.3993286192417145,-2.2302603721618652,0.05780849978327751,0.007518031634390354,1.23572838306427,-0.33016058802604675,3.5049853324890137,580,0,0,0.0,0.3807142376899719,0.05565974861383438,2,1.0,0.05565974861383438,0.4237622320652008,0.20501093566417694,0.009999999776482582,0.009999999776482582,0.0,0.0,0.0,0.0,0.0,0,0,0,0,0,0,0,0,0,0.4237622320652008,0.20501093566417694,0.25,0.0,0.0,0,0.0,0.0,0.0
1784909514.260736,approach,0.12907268170426064,0.0571578143706243,0.4,0.10417665541172028,0.0795246809720993,0.3993286192417145,-2.2302603721618652,0.05780849978327751,0.007518031634390354,1.23572838306427,-0.33016058802604675,3.5049853324890137,580,0,0,0.0,0.3807142376899719,0.05565974861383438,2,1.0,0.05565974861383438,0.4237622320652008,0.20501093566417694,0.009999999776482582,0.009999999776482582,0.0,0.0,0.0,0.0,0.0,0,0,0,0,0,0,0,0,0,0.4237622320652008,0.20501093566417694,0.25,0.0,0.0,0,0.0,0.0,0.0
1784909514.284956,approach,0.12969924812030076,0.05476376847429518,0.4,0.10737510025501251,0.07862106710672379,0.3993481993675232,-2.3149218559265137,0.059761472046375275,-0.004739583935588598,1.1617673635482788,-0.1954811066389084,3.5102639198303223,580,0,0,0.0,0.3807142376899719,0.05565974861383438,2,1.0,0.05565974861383438,0.4237622320652008,0.20501093566417694,0.009999999776482582,0.009999999776482582,0.0,0.0,0.0,0.0,0.0,0,0,0,0,0,0,0,0,0,0.4237622320652008,0.20501093566417694,0.25,0.0,0.0,0,0.0,0.0,0.0
1784909514.306035,approach,0.13032581453634084,0.052273648319208464,0.4,0.10737510025501251,0.07862106710672379,0.3993481993675232,-2.3149218559265137,0.059761472046375275,-0.004739583935588598,1.1617673635482788,-0.1954811066389084,3.5102639198303223,581,0,0,0.0,0.3807142376899719,0.05560408905148506,2,0.0,0.05560408905148506,0.4237622022628784,0.20501095056533813,0.009999999776482582,0.009999999776482582,0.0,0.0,0.0,0.0,0.0,0,0,0,0,0,0,0,0,0,0.4237622320652008,0.20501093566417694,0.25,0.0,0.0,0,0.0,0.0,0.0
1784909514.329062,approach,0.13095238095238096,0.049691822422264914,0.4,0.10797356069087982,0.07591051608324051,0.3999609649181366,-2.34968638420105,0.059761472046375275,-0.004739583935588598,1.1617673635482788,-0.1954811066389084,3.5102639198303223,581,0,0,0.0,0.3807142376899719,0.05560408905148506,2,0.0,0.05560408905148506,0.4237622022628784,0.20501095056533813,0.009999999776482582,0.009999999776482582,0.0,0.0,0.0,0.0,0.0,0,0,0,0,0,0,0,0,0,0.4237622320652008,0.20501093566417694,0.25,0.0,0.0,0,0.0,0.0,0.0
1784909514.3521101,approach,0.13157894736842105,0.04702282018339787,0.4,0.10797356069087982,0.07591051608324051,0.3999609649181366,-2.34968638420105,0.056024763733148575,-0.020256543532013893,1.1307839155197144,-0.10188902914524078,3.5102639198303223,581,0,0,0.0,0.3807142376899719,0.05560408905148506,2,0.0,0.05560408905148506,0.4237622022628784,0.20501095056533813,0.009999999776482582,0.009999999776482582,0.0,0.0,0.0,0.0,0.0,0,0,0,0,0,0,0,0,0,0.4237622320652008,0.20501093566417694,0.25,0.0,0.0,0,0.0,0.0,0.0
1784909514.3759518,approach,0.13220551378446116,0.04427132393946761,0.4,0.10797356069087982,0.07591051608324051,0.3999609649181366,-2.34968638420105,0.056024763733148575,-0.020256543532013893,1.1307839155197144,-0.10188902914524078,3.5102639198303223,581,0,0,0.0,0.3807142376899719,0.05560408905148506,2,0.0,0.05560408905148506,0.4237622022628784,0.20501095056533813,0.009999999776482582,0.009999999776482582,0.0,0.0,0.0,0.0,0.0,0,0,0,0,0,0,0,0,0,0.4237622320652008,0.20501093566417694,0.25,0.0,0.0,0,0.0,0.0,0.0
1784909514.400118,approach,0.13283208020050125,0.04144216074985043,0.4,0.10971365869045258,0.07210905104875565,0.40174999833106995,-2.3262670040130615,0.05403720960021019,-0.03334742411971092,1.024117350578308,-0.06133107841014862,3.5102639198303223,582,0,0,0.0,0.3807142376899719,0.05554848536849022,2,0.0,0.05554848536849022,0.42376217246055603,0.20501095056533813,0.009999999776482582,0.009999999776482582,0.0,0.0,0.0,0.0,0.0,0,0,0,0,0,0,0,0,0,0.4237622320652008,0.20501093566417694,0.25,0.0,0.0,0,0.0,0.0,0.0
1784909514.421389,approach,0.13345864661654136,0.0385402939281373,0.4,0.10971365869045258,0.07210905104875565,0.40174999833106995,-2.3262670040130615,0.05403720960021019,-0.03334742411971092,1.024117350578308,-0.06133107841014862,3.5102639198303223,582,0,0,0.0,0.3807142376899719,0.05554848536849022,2,0.0,0.05554848536849022,0.42376217246055603,0.20501095056533813,0.009999999776482582,0.009999999776482582,0.0,0.0,0.0,0.0,0.0,0,0,0,0,0,0,0,0,0,0.4237622320652008,0.20501093566417694,0.25,0.0,0.0,0,0.0,0.0,0.0
1784909514.4449222,approach,0.13408521303258145,0.035570814334794205,0.4,0.11060646176338196,0.06946105509996414,0.40204641222953796,-2.245353937149048,0.05142572894692421,-0.04331623762845993,0.8191545009613037,0.006258691195398569,3.5102639198303223,582,0,0,0.0,0.3807142376899719,0.05554848536849022,2,0.0,0.05554848536849022,0.42376217246055603,0.20501095056533813,0.009999999776482582,0.009999999776482582,0.0,0.0,0.0,0.0,0.0,0,0,0,0,0,0,0,0,0,0.4237622320652008,0.20501093566417694,0.25,0.0,0.0,0,0.0,0.0,0.0
1784909514.4673212,approach,0.13471177944862156,0.03253893144606408,0.4,0.11060646176338196,0.06946105509996414,0.40204641222953796,-2.245353937149048,0.05142572894692421,-0.04331623762845993,0.8191545009613037,0.006258691195398569,3.5102639198303223,582,0,0,0.0,0.3807142376899719,0.05554848536849022,2,0.0,0.05554848536849022,0.42376217246055603,0.20501095056533813,0.009999999776482582,0.009999999776482582,0.0,0.0,0.0,0.0,0.0,0,0,0,0,0,0,0,0,0,0.4237622320652008,0.20501093566417694,0.25,0.0,0.0,0,0.0,0.0,0.0
1784909514.487817,approach,0.13533834586466165,0.02944996421477424,0.4,0.11076310276985168,0.06268936395645142,0.40402939915657043,-2.1057214736938477,0.04476410895586014,-0.058057431131601334,0.6917871832847595,0.01841968484222889,3.515542507171631,582,0,0,0.0,0.3807142376899719,0.05554848536849022,2,0.0,0.05554848536849022,0.42376217246055603,0.20501095056533813,0.009999999776482582,0.009999999776482582,0.0,0.0,0.0,0.0,0.0,0,0,0,0,0,0,0,0,0,0.4237622320652008,0.20501093566417694,0.25,0.0,0.0,0,0.0,0.0,0.0
1784909514.508123,approach,0.13596491228070176,0.02630933173908672,0.4,0.11076310276985168,0.06268936395645142,0.40402939915657043,-2.1057214736938477,0.04476410895586014,-0.058057431131601334,0.6917871832847595,0.01841968484222889,3.515542507171631,583,0,0,0.0,0.3807142376899719,0.055492937564849854,2,0.0,0.055492937564849854,0.4237622022628784,0.20501096546649933,0.009999999776482582,0.009999999776482582,0.0,0.0,0.0,0.0,0.0,0,0,0,0,0,0,0,0,0,0.4237622320652008,0.20501093566417694,0.25,0.0,0.0,0,0.0,0.0,0.0
1784909514.53308,approach,0.13659147869674185,0.023122543755557716,0.4,0.11122141033411026,0.05907508358359337,0.40473365783691406,-1.9636831283569336,0.04194893315434456,-0.06477408111095428,0.5744190812110901,-0.031391408294439316,3.515542507171631,583,0,0,0.0,0.3807142376899719,0.055492937564849854,2,0.0,0.055492937564849854,0.4237622022628784,0.20501096546649933,0.009999999776482582,0.009999999776482582,0.0,0.0,0.0,0.0,0.0,0,0,0,0,0,0,0,0,0,0.4237622320652008,0.20501093566417694,0.25,0.0,0.0,0,0.0,0.0,0.0
1784909514.557087,approach,0.13721804511278196,0.01989519097318844,0.4,0.11122141033411026,0.05907508358359337,0.40473365783691406,-1.9636831283569336,0.04194893315434456,-0.06477408111095428,0.5744190812110901,-0.031391408294439316,3.515542507171631,583,0,0,0.0,0.3807142376899719,0.055492937564849854,2,0.0,0.055492937564849854,0.4237622022628784,0.20501096546649933,0.009999999776482582,0.009999999776482582,0.0,0.0,0.0,0.0,0.0,0,0,0,0,0,0,0,0,0,0.4237622320652008,0.20501093566417694,0.25,0.0,0.0,0,0.0,0.0,0.0
1784909514.5810518,approach,0.13784461152882205,0.01663293526542073,0.4,0.11122141033411026,0.05907508358359337,0.40473365783691406,-1.9636831283569336,0.04194893315434456,-0.06477408111095428,0.5744190812110901,-0.031391408294439316,3.515542507171631,583,0,0,0.0,0.3807142376899719,0.055492937564849854,2,0.0,0.055492937564849854,0.4237622022628784,0.20501096546649933,0.009999999776482582,0.009999999776482582,0.0,0.0,0.0,0.0,0.0,0,0,0,0,0,0,0,0,0,0.4237622320652008,0.20501093566417694,0.25,0.0,0.0,0,0.0,0.0,0.0
1784909514.606147,approach,0.13847117794486216,0.01334149973728823,0.4,0.11234333366155624,0.05399918183684349,0.40529051423072815,-1.7620203495025635,0.04012082517147064,-0.07171296328306198,0.38208699226379395,-0.13307558000087738,3.515542507171631,583,0,0,0.0,0.3807142376899719,0.055492937564849854,2,0.0,0.055492937564849854,0.4237622022628784,0.20501096546649933,0.009999999776482582,0.009999999776482582,0.0,0.0,0.0,0.0,0.0,0,0,0,0,0,0,0,0,0,0.4237622320652008,0.20501093566417694,0.25,0.0,0.0,0,0.0,0.0,0.0
1784909514.628203,approach,0.13909774436090225,0.010026658685144312,0.4,0.1112925335764885,0.049470823258161545,0.4037107527256012,-1.6283531188964844,0.04012082517147064,-0.07171296328306198,0.38208699226379395,-0.13307558000087738,3.515542507171631,583,0,0,0.0,0.3807142376899719,0.055492937564849854,2,0.0,0.055492937564849854,0.4237622022628784,0.20501096546649933,0.009999999776482582,0.009999999776482582,0.0,0.0,0.0,0.0,0.0,0,0,0,0,0,0,0,0,0,0.4237622320652008,0.20501093566417694,0.25,0.0,0.0,0,0.0,0.0,0.0
1784909514.651294,approach,0.13972431077694236,0.006694227466585278,0.4,0.1112925335764885,0.049470823258161545,0.4037107527256012,-1.6283531188964844,0.035512398928403854,-0.07676182687282562,0.24969615042209625,-0.1767124980688095,3.515542507171631,583,0,0,0.0,0.3807142376899719,0.055492937564849854,2,0.0,0.055492937564849854,0.4237622022628784,0.20501096546649933,0.009999999776482582,0.009999999776482582,0.0,0.0,0.0,0.0,0.0,0,0,0,0,0,0,0,0,0,0.4237622320652008,0.20501093566417694,0.25,0.0,0.0,0,0.0,0.0,0.0
1784909514.675191,approach,0.14035087719298245,0.0033500522983359333,0.4,0.1112925335764885,0.049470823258161545,0.4037107527256012,-1.6283531188964844,0.035512398928403854,-0.07676182687282562,0.24969615042209625,-0.1767124980688095,3.515542507171631,583,0,0,0.0,0.3807142376899719,0.055492937564849854,2,0.0,0.055492937564849854,0.4237622022628784,0.20501096546649933,0.009999999776482582,0.009999999776482582,0.0,0.0,0.0,0.0,0.0,0,0,0,0,0,0,0,0,0,0.4237622320652008,0.20501093566417694,0.25,0.0,0.0,0,0.0,0.0,0.0
1784909514.695658,approach,0.14097744360902256,2.9391523179536474e-17,0.4,0.11170616745948792,0.04520507529377937,0.4054492712020874,-1.490033507347107,0.03585722669959068,-0.079264797270298,0.007075869012624025,-0.3442625105381012,3.5102639198303223,584,0,0,0.0,0.3807142376899719,0.055437445640563965,2,0.0,0.055437445640563965,0.4237622022628784,0.20501095056533813,0.009999999776482582,0.009999999776482582,0.0,0.0,0.0,0.0,0.0,0,0,0,0,0,0,0,0,0,0.4237622320652008,0.20501093566417694,0.25,0.0,0.0,0,0.0,0.0,0.0
1784909514.720564,approach,0.14160401002506265,-0.0033500522983360165,0.4,0.11170616745948792,0.04520507529377937,0.4054492712020874,-1.490033507347107,0.03585722669959068,-0.079264797270298,0.007075869012624025,-0.3442625105381012,3.5102639198303223,584,0,0,0.0,0.3807142376899719,0.055437445640563965,2,0.0,0.055437445640563965,0.4237622022628784,0.20501095056533813,0.009999999776482582,0.009999999776482582,0.0,0.0,0.0,0.0,0.0,0,0,0,0,0,0,0,0,0,0.4237622320652008,0.20501093566417694,0.25,0.0,0.0,0,0.0,0.0,0.0
1784909514.742333,approach,0.14223057644110276,-0.00669422746658522,0.4,0.11249682307243347,0.04081537202000618,0.40694597363471985,-1.3680791854858398,0.036590736359357834,-0.08001213520765305,0.0054007647559046745,-0.42208778858184814,3.5102639198303223,584,0,0,0.0,0.3807142376899719,0.055437445640563965,2,0.0,0.055437445640563965,0.4237622022628784,0.20501095056533813,0.009999999776482582,0.009999999776482582,0.0,0.0,0.0,0.0,0.0,0,0,0,0,0,0,0,0,0,0.4237622320652008,0.20501093566417694,0.25,0.0,0.0,0,0.0,0.0,0.0
1784909514.762487,approach,0.14285714285714285,-0.010026658685144393,0.4,0.11249682307243347,0.04081537202000618,0.40694597363471985,-1.3680791854858398,0.036590736359357834,-0.08001213520765305,0.0054007647559046745,-0.42208778858184814,3.5102639198303223,584,0,0,0.0,0.3807142376899719,0.055437445640563965,2,0.0,0.055437445640563965,0.4237622022628784,0.20501095056533813,0.009999999776482582,0.009999999776482582,0.0,0.0,0.0,0.0,0.0,0,0,0,0,0,0,0,0,0,0.4237622320652008,0.20501093566417694,0.25,0.0,0.0,0,0.0,0.0,0.0
1784909514.787234,approach,0.14348370927318296,-0.013341499737288171,0.4,0.11219438165426254,0.035139016807079315,0.40980175137519836,-1.247961401939392,0.03644033148884773,-0.08325150609016418,0.038775522261857986,-0.5414111614227295,3.5208210945129395,584,0,0,0.0,0.3807142376899719,0.055437445640563965,2,0.0,0.055437445640563965,0.4237622022628784,0.20501095056533813,0.009999999776482582,0.009999999776482582,0.0,0.0,0.0,0.0,0.0,0,0,0,0,0,0,0,0,0,0.4237622320652008,0.20501093566417694,0.25,0.0,0.0,0,0.0,0.0,0.0
1784909514.811556,approach,0.14411027568922305,-0.01663293526542081,0.4,0.11219438165426254,0.035139016807079315,0.40980175137519836,-1.247961401939392,0.03644033148884773,-0.08325150609016418,0.038775522261857986,-0.5414111614227295,3.5208210945129395,585,0,0,0.0,0.3807142376899719,0.05538200959563255,2,0.0,0.05538200959563255,0.4237622022628784,0.20501095056533813,0.009999999776482582,0.009999999776482582,0.0,0.0,0.0,0.0,0.0,0,0,0,0,0,0,0,0,0,0.4237622320652008,0.20501093566417694,0.25,0.0,0.0,0,0.0,0.0,0.0
1784909514.833077,approach,0.14473684210526316,-0.01989519097318838,0.4,0.11313353478908539,0.02953995391726494,0.4097466468811035,-1.171931266784668,0.039263784885406494,-0.08632667362689972,0.0831398293375969,-0.5835627913475037,3.5208210945129395,585,0,0,0.0,0.3807142376899719,0.05538200959563255,2,0.0,0.05538200959563255,0.4237622022628784,0.20501095056533813,0.009999999776482582,0.009999999776482582,0.0,0.0,0.0,0.0,0.0,0,0,0,0,0,0,0,0,0,0.4237622320652008,0.20501093566417694,0.25,0.0,0.0,0,0.0,0.0,0.0
1784909514.85793,approach,0.14536340852130325,-0.023122543755557664,0.4,0.11313353478908539,0.02953995391726494,0.4097466468811035,-1.171931266784668,0.039263784885406494,-0.08632667362689972,0.0831398293375969,-0.5835627913475037,3.5208210945129395,585,0,0,0.0,0.3807142376899719,0.05538200959563255,2,0.0,0.05538200959563255,0.4237622022628784,0.20501095056533813,0.009999999776482582,0.009999999776482582,0.0,0.0,0.0,0.0,0.0,0,0,0,0,0,0,0,0,0,0.4237622320652008,0.20501093566417694,0.25,0.0,0.0,0,0.0,0.0,0.0
1784909514.879267,approach,0.14598997493734336,-0.02630933173908667,0.4,0.11313353478908539,0.02953995391726494,0.4097466468811035,-1.171931266784668,0.039263784885406494,-0.08632667362689972,0.0831398293375969,-0.5835627913475037,3.5208210945129395,585,0,0,0.0,0.3807142376899719,0.05538200959563255,2,0.0,0.05538200959563255,0.4237622022628784,0.20501095056533813,0.009999999776482582,0.009999999776482582,0.0,0.0,0.0,0.0,0.0,0,0,0,0,0,0,0,0,0,0.4237622320652008,0.20501093566417694,0.25,0.0,0.0,0,0.0,0.0,0.0
1784909514.9043431,approach,0.14661654135338345,-0.02944996421477418,0.4,0.11489925533533096,0.024987783282995224,0.4083956480026245,-1.1407954692840576,0.043595850467681885,-0.08764813095331192,0.11654101312160492,-0.6343943476676941,3.5102639198303223,586,0,0,0.0,0.3807142376899719,0.05532662943005562,2,0.0,0.05532662943005562,0.4237622022628784,0.20501095056533813,0.009999999776482582,0.009999999776482582,0.0,0.0,0.0,0.0,0.0,0,0,0,0,0,0,0,0,0,0.4237622320652008,0.20501093566417694,0.25,0.0,0.0,0,0.0,0.0,0.0
1784909514.9257972,approach,0.14724310776942356,-0.03253893144606403,0.4,0.11489925533533096,0.024987783282995224,0.4083956480026245,-1.1407954692840576,0.043595850467681885,-0.08764813095331192,0.11654101312160492,-0.6343943476676941,3.5102639198303223,586,0,0,0.0,0.3807142376899719,0.05532662943005562,2,0.0,0.05532662943005562,0.4237622022628784,0.20501095056533813,0.009999999776482582,0.009999999776482582,0.0,0.0,0.0,0.0,0.0,0,0,0,0,0,0,0,0,0,0.4237622320652008,0.20501093566417694,0.25,0.0,0.0,0,0.0,0.0,0.0
1784909514.9493499,approach,0.14786967418546365,-0.03557081433479416,0.4,0.11783576011657715,0.019185746088624,0.4081096649169922,-1.125795602798462,0.05102715641260147,-0.08970048278570175,0.2732326090335846,-0.6318527460098267,3.5102639198303223,586,0,0,0.0,0.3807142376899719,0.05532662943005562,2,0.0,0.05532662943005562,0.4237622022628784,0.20501095056533813,0.009999999776482582,0.009999999776482582,0.0,0.0,0.0,0.0,0.0,0,0,0,0,0,0,0,0,0,0.4237622320652008,0.20501093566417694,0.25,0.0,0.0,0,0.0,0.0,0.0
1784909514.974277,approach,0.14849624060150377,-0.038540293928137244,0.4,0.11783576011657715,0.019185746088624,0.4081096649169922,-1.125795602798462,0.05102715641260147,-0.08970048278570175,0.2732326090335846,-0.6318527460098267,3.5102639198303223,586,0,0,0.0,0.3807142376899719,0.05532662943005562,2,0.0,0.05532662943005562,0.4237622022628784,0.20501095056533813,0.009999999776482582,0.009999999776482582,0.0,0.0,0.0,0.0,0.0,0,0,0,0,0,0,0,0,0,0.4237622320652008,0.20501093566417694,0.25,0.0,0.0,0,0.0,0.0,0.0
1784909514.996257,approach,0.14912280701754385,-0.04144216074985038,0.4,0.12023892998695374,0.013831146992743015,0.40752142667770386,-1.1089712381362915,0.0555608905851841,-0.09679706394672394,0.4350791573524475,-0.4950035810470581,3.5102639198303223,586,0,0,0.0,0.3807142376899719,0.05532662943005562,2,0.0,0.05532662943005562,0.4237622022628784,0.20501095056533813,0.009999999776482582,0.009999999776482582,0.0,0.0,0.0,0.0,0.0,0,0,0,0,0,0,0,0,0,0.4237622320652008,0.20501093566417694,0.25,0.0,0.0,0,0.0,0.0,0.0
1784909515.019509,approach,0.14974937343358397,-0.044271323939467554,0.4,0.12023892998695374,0.013831146992743015,0.40752142667770386,-1.1089712381362915,0.0555608905851841,-0.09679706394672394,0.4350791573524475,-0.4950035810470581,3.5102639198303223,586,0,0,0.0,0.3807142376899719,0.05532662943005562,2,0.0,0.05532662943005562,0.4237622022628784,0.20501095056533813,0.009999999776482582,0.009999999776482582,0.0,0.0,0.0,0.0,0.0,0,0,0,0,0,0,0,0,0,0.4237622320652008,0.20501093566417694,0.25,0.0,0.0,0,0.0,0.0,0.0
1784909515.04444,approach,0.15037593984962405,-0.047022820183397825,0.4,0.12216971814632416,0.01051088236272335,0.40758034586906433,-1.0930726528167725,0.05946516990661621,-0.09424019604921341,0.44025805592536926,-0.38061508536338806,3.5102639198303223,586,0,0,0.0,0.3807142376899719,0.05532662943005562,2,0.0,0.05532662943005562,0.4237622022628784,0.20501095056533813,0.009999999776482582,0.009999999776482582,0.0,0.0,0.0,0.0,0.0,0,0,0,0,0,0,0,0,0,0.4237622320652008,0.20501093566417694,0.25,0.0,0.0,0,0.0,0.0,0.0
1784909515.064769,approach,0.15100250626566417,-0.04969182242226486,0.4,0.12216971814632416,0.01051088236272335,0.40758034586906433,-1.0930726528167725,0.05946516990661621,-0.09424019604921341,0.44025805592536926,-0.38061508536338806,3.5102639198303223,586,0,0,0.0,0.3807142376899719,0.05532662943005562,2,0.0,0.05532662943005562,0.4237622022628784,0.20501095056533813,0.009999999776482582,0.009999999776482582,0.0,0.0,0.0,0.0,0.0,0,0,0,0,0,0,0,0,0,0.4237622320652008,0.20501093566417694,0.25,0.0,0.0,0,0.0,0.0,0.0
1784909515.085967,approach,0.15162907268170425,-0.05227364831920842,0.4,0.1252051740884781,0.00559895159676671,0.4058738350868225,-1.0470234155654907,0.059801243245601654,-0.10069755464792252,0.42078661918640137,-0.24729077517986298,3.5102639198303223,586,0,0,0.0,0.3807142376899719,0.05532662943005562,2,0.0,0.05532662943005562,0.4237622022628784,0.20501095056533813,0.009999999776482582,0.009999999776482582,0.0,0.0,0.0,0.0,0.0,0,0,0,0,0,0,0,0,0,0.4237622320652008,0.20501093566417694,0.25,0.0,0.0,0,0.0,0.0,0.0
1784909515.1089978,approach,0.15225563909774437,-0.054763768474295135,0.4,0.1252051740884781,0.00559895159676671,0.4058738350868225,-1.0470234155654907,0.059801243245601654,-0.10069755464792252,0.42078661918640137,-0.24729077517986298,3.5102639198303223,587,0,0,0.0,0.3807142376899719,0.05527130514383316,2,0.0,0.05527130514383316,0.4237622022628784,0.20501095056533813,0.009999999776482582,0.009999999776482582,0.0,0.0,0.0,0.0,0.0,0,0,0,0,0,0,0,0,0,0.4237622320652008,0.20501093566417694,0.25,0.0,0.0,0,0.0,0.0,0.0
1784909515.134091,approach,0.15288220551378445,-0.05715781437062426,0.4,0.12703630328178406,0.001414234284311533,0.40655428171157837,-0.9743005037307739,0.061330363154411316,-0.10144710540771484,0.4109087586402893,-0.07243019342422485,3.5102639198303223,587,0,0,0.0,0.3807142376899719,0.05527130514383316,2,0.0,0.05527130514383316,0.4237622022628784,0.20501095056533813,0.009999999776482582,0.009999999776482582,0.0,0.0,0.0,0.0,0.0,0,0,0,0,0,0,0,0,0,0.4237622320652008,0.20501093566417694,0.25,0.0,0.0,0,0.0,0.0,0.0
1784909515.157043,approach,0.15350877192982457,-0.05945158603819158,0.4,0.12703630328178406,0.001414234284311533,0.40655428171157837,-0.9743005037307739,0.061330363154411316,-0.10144710540771484,0.4109087586402893,-0.07243019342422485,3.5102639198303223,587,0,0,0.0,0.3807142376899719,0.05527130514383316,2,0.0,0.05527130514383316,0.4237622022628784,0.20501095056533813,0.009999999776482582,0.009999999776482582,0.0,0.0,0.0,0.0,0.0,0,0,0,0,0,0,0,0,0,0.4237622320652008,0.20501093566417694,0.25,0.0,0.0,0,0.0,0.0,0.0
1784909515.179306,approach,0.15413533834586465,-0.06164105942206314,0.4,0.12703630328178406,0.001414234284311533,0.40655428171157837,-0.9743005037307739,0.061330363154411316,-0.10144710540771484,0.4109087586402893,-0.07243019342422485,3.5102639198303223,587,0,0,0.0,0.3807142376899719,0.05527130514383316,2,0.0,0.05527130514383316,0.4237622022628784,0.20501095056533813,0.009999999776482582,0.009999999776482582,0.0,0.0,0.0,0.0,0.0,0,0,0,0,0,0,0,0,0,0.4237622320652008,0.20501093566417694,0.25,0.0,0.0,0,0.0,0.0,0.0
1784909515.201232,approach,0.15476190476190477,-0.06372239344193574,0.4,0.12914268672466278,-0.0019410311942920089,0.40594151616096497,-0.8781168460845947,0.05724135786294937,-0.1025182232260704,0.36703434586524963,0.09134601801633835,3.5049853324890137,588,0,0,0.0,0.3807142376899719,0.05521603301167488,2,0.0,0.05521603301167488,0.4237622022628784,0.20501095056533813,0.009999999776482582,0.009999999776482582,0.0,0.0,0.0,0.0,0.0,0,0,0,0,0,0,0,0,0,0.4237622320652008,0.20501093566417694,0.25,0.0,0.0,0,0.0,0.0,0.0
1784909515.2255712,approach,0.15538847117794485,-0.06569193673069633,0.4,0.12914268672466278,-0.0019410311942920089,0.40594151616096497,-0.8781168460845947,0.05724135786294937,-0.1025182232260704,0.36703434586524963,0.09134601801633835,3.5049853324890137,588,0,0,0.0,0.3807142376899719,0.05521603301167488,2,0.0,0.05521603301167488,0.4237622022628784,0.20501095056533813,0.009999999776482582,0.009999999776482582,0.0,0.0,0.0,0.0,0.0,0,0,0,0,0,0,0,0,0,0.4237622320652008,0.20501093566417694,0.25,0.0,0.0,0,0.0,0.0,0.0
1784909515.248422,approach,0.15601503759398497,-0.06754623404016125,0.4,0.13200519979000092,-0.0067470865324139595,0.40635043382644653,-0.7805748581886292,0.056894686073064804,-0.10668351501226425,0.4303831160068512,0.1395944207906723,3.5049853324890137,588,0,0,0.0,0.3807142376899719,0.05521603301167488,2,0.0,0.05521603301167488,0.4237622022628784,0.20501095056533813,0.009999999776482582,0.009999999776482582,0.0,0.0,0.0,0.0,0.0,0,0,0,0,0,0,0,0,0,0.4237622320652008,0.20501093566417694,0.25,0.0,0.0,0,0.0,0.0,0.0
1784909515.271473,approach,0.15664160401002505,-0.06928203230275509,0.4,0.13200519979000092,-0.0067470865324139595,0.40635043382644653,-0.7805748581886292,0.056894686073064804,-0.10668351501226425,0.4303831160068512,0.1395944207906723,3.5049853324890137,588,0,0,0.0,0.3807142376899719,0.05521603301167488,2,0.0,0.05521603301167488,0.4237622022628784,0.20501095056533813,0.009999999776482582,0.009999999776482582,0.0,0.0,0.0,0.0,0.0,0,0,0,0,0,0,0,0,0,0.4237622320652008,0.20501093566417694,0.25,0.0,0.0,0,0.0,0.0,0.0
1784909515.293744,approach,0.15726817042606517,-0.07089628633849722,0.4,0.1349312961101532,-0.012361876666545868,0.40629899501800537,-0.6745023727416992,0.0550861582159996,-0.10877596586942673,0.34673380851745605,0.2066524773836136,3.5102639198303223,589,0,0,0.0,0.3807142376899719,0.05516081675887108,2,0.0,0.05516081675887108,0.4237622022628784,0.20501095056533813,0.009999999776482582,0.009999999776482582,0.0,0.0,0.0,0.0,0.0,0,0,0,0,0,0,0,0,0,0.4237622320652008,0.20501093566417694,0.25,0.0,0.0,0,0.0,0.0,0.0
1784909515.317396,approach,0.15789473684210525,-0.07238616419728151,0.4,0.1349312961101532,-0.012361876666545868,0.40629899501800537,-0.6745023727416992,0.0550861582159996,-0.10877596586942673,0.34673380851745605,0.2066524773836136,3.5102639198303223,589,0,0,0.0,0.3807142376899719,0.05516081675887108,2,0.0,0.05516081675887108,0.4237622022628784,0.20501095056533813,0.009999999776482582,0.009999999776482582,0.0,0.0,0.0,0.0,0.0,0,0,0,0,0,0,0,0,0,0.4237622320652008,0.20501093566417694,0.25,0.0,0.0,0,0.0,0.0,0.0
1784909515.341669,approach,0.15852130325814537,-0.07374905212708002,0.4,0.13481928408145905,-0.018825490027666092,0.4070562720298767,-0.536301851272583,0.05023908242583275,-0.11069212853908539,0.29526033997535706,0.3233405649662018,3.5102639198303223,589,0,0,0.0,0.3807142376899719,0.05516081675887108,2,0.0,0.05516081675887108,0.4237622022628784,0.20501095056533813,0.009999999776482582,0.009999999776482582,0.0,0.0,0.0,0.0,0.0,0,0,0,0,0,0,0,0,0,0.4237622320652008,0.20501093566417694,0.25,0.0,0.0,0,0.0,0.0,0.0
1784909515.3664079,approach,0.15914786967418545,-0.07498255915935134,0.4,0.13481928408145905,-0.018825490027666092,0.4070562720298767,-0.536301851272583,0.05023908242583275,-0.11069212853908539,0.29526033997535706,0.3233405649662018,3.5102639198303223,589,0,0,0.0,0.3807142376899719,0.05516081675887108,2,0.0,0.05516081675887108,0.4237622022628784,0.20501095056533813,0.009999999776482582,0.009999999776482582,0.0,0.0,0.0,0.0,0.0,0,0,0,0,0,0,0,0,0,0.4237622320652008,0.20501093566417694,0.25,0.0,0.0,0,0.0,0.0,0.0
1784909515.390517,approach,0.15977443609022557,-0.07608452130361232,0.4,0.13748857378959656,-0.023121073842048645,0.4075911343097687,-0.3656843602657318,0.04513191804289818,-0.11329669505357742,0.2652381658554077,0.37806597352027893,3.5102639198303223,589,0,0,0.0,0.3807142376899719,0.05516081675887108,2,0.0,0.05516081675887108,0.4237622022628784,0.20501095056533813,0.009999999776482582,0.009999999776482582,0.0,0.0,0.0,0.0,0.0,0,0,0,0,0,0,0,0,0,0.4237622320652008,0.20501093566417694,0.25,0.0,0.0,0,0.0,0.0,0.0
1784909515.4137,approach,0.16040100250626566,-0.07705300534381267,0.4,0.13748857378959656,-0.023121073842048645,0.4075911343097687,-0.3656843602657318,0.04513191804289818,-0.11329669505357742,0.2652381658554077,0.37806597352027893,3.5102639198303223,589,0,0,0.0,0.3807142376899719,0.05516081675887108,2,0.0,0.05516081675887108,0.4237622022628784,0.20501095056533813,0.009999999776482582,0.009999999776482582,0.0,0.0,0.0,0.0,0.0,0,0,0,0,0,0,0,0,0,0.4237622320652008,0.20501093566417694,0.25,0.0,0.0,0,0.0,0.0,0.0
1784909515.437261,approach,0.16102756892230577,-0.07788631222985279,0.4,0.14231525361537933,-0.02806355431675911,0.40789586305618286,-0.2178681343793869,0.047318872064352036,-0.11382092535495758,0.1864919811487198,0.25533342361450195,3.5102639198303223,589,0,0,0.0,0.3807142376899719,0.05516081675887108,2,0.0,0.05516081675887108,0.4237622022628784,0.20501095056533813,0.009999999776482582,0.009999999776482582,0.0,0.0,0.0,0.0,0.0,0,0,0,0,0,0,0,0,0,0.4237622320652008,0.20501093566417694,0.25,0.0,0.0,0,0.0,0.0,0.0
1784909515.4579751,approach,0.16165413533834586,-0.0785829800582951,0.4,0.14231525361537933,-0.02806355431675911,0.40789586305618286,-0.2178681343793869,0.047318872064352036,-0.11382092535495758,0.1864919811487198,0.25533342361450195,3.5102639198303223,589,0,0,0.0,0.3807142376899719,0.05516081675887108,2,0.0,0.05516081675887108,0.4237622022628784,0.20501095056533813,0.009999999776482582,0.009999999776482582,0.0,0.0,0.0,0.0,0.0,0,0,0,0,0,0,0,0,0,0.4237622320652008,0.20501093566417694,0.25,0.0,0.0,0,0.0,0.0,0.0
1784909515.481914,approach,0.16228070175438597,-0.07914178663703907,0.4,0.14231525361537933,-0.02806355431675911,0.40789586305618286,-0.2178681343793869,0.047318872064352036,-0.11382092535495758,0.1864919811487198,0.25533342361450195,3.5102639198303223,589,0,0,0.0,0.3807142376899719,0.05516081675887108,2,0.0,0.05516081675887108,0.4237622022628784,0.20501095056533813,0.009999999776482582,0.009999999776482582,0.0,0.0,0.0,0.0,0.0,0,0,0,0,0,0,0,0,0,0.4237622320652008,0.20501093566417694,0.25,0.0,0.0,0,0.0,0.0,0.0
1784909515.503925,approach,0.16290726817042606,-0.07956175162946186,0.4,0.14363713562488556,-0.03164421394467354,0.40892544388771057,-0.05410292372107506,0.04353801906108856,-0.1108136996626854,0.09017165005207062,0.22609536349773407,3.5102639198303223,591,0,0,0.0,0.3807142376899719,0.055050551891326904,2,0.0,0.055050551891326904,0.4237622022628784,0.20501095056533813,0.009999999776482582,0.009999999776482582,0.0,0.0,0.0,0.0,0.0,0,0,0,0,0,0,0,0,0,0.4237622320652008,0.20501093566417694,0.25,0.0,0.0,0,0.0,0.0,0.0
1784909515.52631,approach,0.16353383458646617,-0.07984213827426173,0.4,0.14363713562488556,-0.03164421394467354,0.40892544388771057,-0.05410292372107506,0.04353801906108856,-0.1108136996626854,0.09017165005207062,0.22609536349773407,3.5102639198303223,591,0,0,0.0,0.3807142376899719,0.055050551891326904,2,0.0,0.055050551891326904,0.4237622022628784,0.20501095056533813,0.009999999776482582,0.009999999776482582,0.0,0.0,0.0,0.0,0.0,0,0,0,0,0,0,0,0,0,0.4237622320652008,0.20501093566417694,0.25,0.0,0.0,0,0.0,0.0,0.0
1784909515.5503008,approach,0.16416040100250626,-0.07998245467798765,0.4,0.14698375761508942,-0.037263691425323486,0.40859901905059814,0.09932389110326767,0.04543269798159599,-0.10974878072738647,-0.020257243886590004,0.18965677917003632,3.5102639198303223,591,0,0,0.0,0.3807142376899719,0.055050551891326904,2,0.0,0.055050551891326904,0.4237622022628784,0.20501095056533813,0.009999999776482582,0.009999999776482582,0.0,0.0,0.0,0.0,0.0,0,0,0,0,0,0,0,0,0,0.4237622320652008,0.20501093566417694,0.25,0.0,0.0,0,0.0,0.0,0.0
1784909515.574759,approach,0.16478696741854637,-0.07998245467798765,0.4,0.14698375761508942,-0.037263691425323486,0.40859901905059814,0.09932389110326767,0.04543269798159599,-0.10974878072738647,-0.020257243886590004,0.18965677917003632,3.5102639198303223,591,0,0,0.0,0.3807142376899719,0.055050551891326904,2,0.0,0.055050551891326904,0.4237622022628784,0.20501095056533813,0.009999999776482582,0.009999999776482582,0.0,0.0,0.0,0.0,0.0,0,0,0,0,0,0,0,0,0,0.4237622320652008,0.20501093566417694,0.25,0.0,0.0,0,0.0,0.0,0.0
1784909515.595513,approach,0.16541353383458646,-0.07984213827426172,0.4,0.14788924157619476,-0.0401521734893322,0.4087921679019928,0.2718556523323059,0.03992301598191261,-0.10527578741312027,-0.200208842754364,0.11321567744016647,3.5102639198303223,592,0,0,0.0,0.3807142376899719,0.05499550327658653,2,0.0,0.05499550327658653,0.4237622022628784,0.20501095056533813,0.009999999776482582,0.009999999776482582,0.0,0.0,0.0,0.0,0.0,0,0,0,0,0,0,0,0,0,0.4237622320652008,0.20501093566417694,0.25,0.0,0.0,0,0.0,0.0,0.0
1784909515.620579,approach,0.16604010025062657,-0.07956175162946189,0.4,0.14788924157619476,-0.0401521734893322,0.4087921679019928,0.2718556523323059,0.03992301598191261,-0.10527578741312027,-0.200208842754364,0.11321567744016647,3.5102639198303223,592,0,0,0.0,0.3807142376899719,0.05499550327658653,2,0.0,0.05499550327658653,0.4237622022628784,0.20501095056533813,0.009999999776482582,0.009999999776482582,0.0,0.0,0.0,0.0,0.0,0,0,0,0,0,0,0,0,0,0.4237622320652008,0.20501093566417694,0.25,0.0,0.0,0,0.0,0.0,0.0
1784909515.643512,approach,0.16666666666666666,-0.07914178663703905,0.4,0.1524207442998886,-0.04446716979146004,0.4088080823421478,0.48222750425338745,0.04413072019815445,-0.10137883573770523,-0.311800479888916,0.10412835329771042,3.5102639198303223,592,0,0,0.0,0.3807142376899719,0.05499550327658653,2,0.0,0.05499550327658653,0.4237622022628784,0.20501095056533813,0.009999999776482582,0.009999999776482582,0.0,0.0,0.0,0.0,0.0,0,0,0,0,0,0,0,0,0,0.4237622320652008,0.20501093566417694,0.25,0.0,0.0,0,0.0,0.0,0.0
1784909515.6665049,approach,0.16729323308270677,-0.07858298005829509,0.4,0.1524207442998886,-0.04446716979146004,0.4088080823421478,0.48222750425338745,0.04413072019815445,-0.10137883573770523,-0.311800479888916,0.10412835329771042,3.5102639198303223,592,0,0,0.0,0.3807142376899719,0.05499550327658653,2,0.0,0.05499550327658653,0.4237622022628784,0.20501095056533813,0.009999999776482582,0.009999999776482582,0.0,0.0,0.0,0.0,0.0,0,0,0,0,0,0,0,0,0,0.4237622320652008,0.20501093566417694,0.25,0.0,0.0,0,0.0,0.0,0.0
1784909515.6878238,approach,0.16791979949874686,-0.07788631222985283,0.4,0.15343183279037476,-0.05006790906190872,0.407492458820343,0.6810935735702515,0.04110531881451607,-0.09962551295757294,-0.3907471001148224,0.08327912539243698,3.5102639198303223,593,0,0,0.0,0.3807142376899719,0.05494050681591034,2,0.0,0.05494050681591034,0.4237622022628784,0.20501095056533813,0.009999999776482582,0.009999999776482582,0.0,0.0,0.0,0.0,0.0,0,0,0,0,0,0,0,0,0,0.4237622320652008,0.20501093566417694,0.25,0.0,0.0,0,0.0,0.0,0.0
1784909515.708128,approach,0.16854636591478697,-0.07705300534381265,0.4,0.15343183279037476,-0.05006790906190872,0.407492458820343,0.6810935735702515,0.04110531881451607,-0.09962551295757294,-0.3907471001148224,0.08327912539243698,3.5102639198303223,593,0,0,0.0,0.3807142376899719,0.05494050681591034,2,0.0,0.05494050681591034,0.4237622022628784,0.20501095056533813,0.009999999776482582,0.009999999776482582,0.0,0.0,0.0,0.0,0.0,0,0,0,0,0,0,0,0,0,0.4237622320652008,0.20501093566417694,0.25,0.0,0.0,0,0.0,0.0,0.0
1784909515.72844,approach,0.16917293233082706,-0.0760845213036123,0.4,0.1563432216644287,-0.05597316101193428,0.40778887271881104,0.8820528984069824,0.04110531881451607,-0.09962551295757294,-0.3907471001148224,0.08327912539243698,3.5102639198303223,593,0,0,0.0,0.3807142376899719,0.05494050681591034,2,0.0,0.05494050681591034,0.4237622022628784,0.20501095056533813,0.009999999776482582,0.009999999776482582,0.0,0.0,0.0,0.0,0.0,0,0,0,0,0,0,0,0,0,0.4237622320652008,0.20501093566417694,0.25,0.0,0.0,0,0.0,0.0,0.0
1784909515.753361,approach,0.16979949874686717,-0.07498255915935136,0.4,0.1563432216644287,-0.05597316101193428,0.40778887271881104,0.8820528984069824,0.04283057898283005,-0.09666290134191513,-0.5990985035896301,0.1315550059080124,3.5102639198303223,593,0,0,0.0,0.3807142376899719,0.05494050681591034,2,0.0,0.05494050681591034,0.4237622022628784,0.20501095056533813,0.009999999776482582,0.009999999776482582,0.0,0.0,0.0,0.0,0.0,0,0,0,0,0,0,0,0,0,0.4237622320652008,0.20501093566417694,0.25,0.0,0.0,0,0.0,0.0,0.0
1784909515.7743511,approach,0.17042606516290726,-0.07374905212708,0.4,0.1563432216644287,-0.05597316101193428,0.40778887271881104,0.8820528984069824,0.04283057898283005,-0.09666290134191513,-0.5990985035896301,0.1315550059080124,3.5102639198303223,593,0,0,0.0,0.3807142376899719,0.05494050681591034,2,0.0,0.05494050681591034,0.4237622022628784,0.20501095056533813,0.009999999776482582,0.009999999776482582,0.0,0.0,0.0,0.0,0.0,0,0,0,0,0,0,0,0,0,0.4237622320652008,0.20501093566417694,0.25,0.0,0.0,0,0.0,0.0,0.0
1784909515.798919,approach,0.17105263157894737,-0.0723861641972816,0.4,0.15857024490833282,-0.05969947576522827,0.40773943066596985,1.101342797279358,0.04076607525348663,-0.08959890156984329,-0.8851438760757446,0.1724613755941391,3.5102639198303223,594,0,0,0.0,0.3807142376899719,0.05488556623458862,2,0.0,0.05488556623458862,0.4237622022628784,0.20501095056533813,0.009999999776482582,0.009999999776482582,0.0,0.0,0.0,0.0,0.0,0,0,0,0,0,0,0,0,0,0.4237622320652008,0.20501093566417694,0.25,0.0,0.0,0,0.0,0.0,0.0
1784909515.8240168,approach,0.17167919799498746,-0.07089628633849712,0.4,0.15857024490833282,-0.05969947576522827,0.40773943066596985,1.101342797279358,0.04076607525348663,-0.08959890156984329,-0.8851438760757446,0.1724613755941391,3.5102639198303223,594,0,0,0.0,0.3807142376899719,0.05488556623458862,2,0.0,0.05488556623458862,0.4237622022628784,0.20501095056533813,0.009999999776482582,0.009999999776482582,0.0,0.0,0.0,0.0,0.0,0,0,0,0,0,0,0,0,0,0.4237622320652008,0.20501093566417694,0.25,0.0,0.0,0,0.0,0.0,0.0
1784909515.844644,approach,0.17230576441102757,-0.06928203230275513,0.4,0.16244632005691528,-0.06211037561297417,0.4096187651157379,1.3070629835128784,0.041992321610450745,-0.07875879853963852,-1.1444251537322998,0.1843518614768982,3.5102639198303223,594,0,0,0.0,0.3807142376899719,0.05488556623458862,2,0.0,0.05488556623458862,0.4237622022628784,0.20501095056533813,0.009999999776482582,0.009999999776482582,0.0,0.0,0.0,0.0,0.0,0,0,0,0,0,0,0,0,0,0.4237622320652008,0.20501093566417694,0.25,0.0,0.0,0,0.0,0.0,0.0
1784909515.8664231,approach,0.17293233082706766,-0.0675462340401612,0.4,0.16244632005691528,-0.06211037561297417,0.4096187651157379,1.3070629835128784,0.041992321610450745,-0.07875879853963852,-1.1444251537322998,0.1843518614768982,3.5102639198303223,594,0,0,0.0,0.3807142376899719,0.05488556623458862,2,0.0,0.05488556623458862,0.4237622022628784,0.20501095056533813,0.009999999776482582,0.009999999776482582,0.0,0.0,0.0,0.0,0.0,0,0,0,0,0,0,0,0,0,0.4237622320652008,0.20501093566417694,0.25,0.0,0.0,0,0.0,0.0,0.0
1784909515.887769,approach,0.17355889724310777,-0.06569193673069629,0.4,0.16330240666866302,-0.06615667790174484,0.40912675857543945,1.483264684677124,0.03843603655695915,-0.06792572885751724,-1.280322790145874,0.24606382846832275,3.5102639198303223,596,0,0,0.0,0.3807142376899719,0.05477585271000862,2,0.0,0.05477585271000862,0.4237622022628784,0.20501095056533813,0.009999999776482582,0.009999999776482582,0.0,0.0,0.0,0.0,0.0,0,0,0,0,0,0,0,0,0,0.4237622320652008,0.20501093566417694,0.25,0.0,0.0,0,0.0,0.0,0.0
1784909515.910841,approach,0.17418546365914786,-0.0637223934419357,0.4,0.16330240666866302,-0.06615667790174484,0.40912675857543945,1.483264684677124,0.03843603655695915,-0.06792572885751724,-1.280322790145874,0.24606382846832275,3.5102639198303223,596,0,0,0.0,0.3807142376899719,0.05477585271000862,2,0.0,0.05477585271000862,0.4237622022628784,0.20501093566417694,0.009999999776482582,0.009999999776482582,0.0,0.0,0.0,0.0,0.0,0,0,0,0,0,0,0,0,0,0.4237622320652008,0.20501093566417694,0.25,0.0,0.0,0,0.0,0.0,0.0
1784909515.93336,approach,0.17481203007518797,-0.061641059422063174,0.4,0.16586576402187347,-0.06815339624881744,0.4086727499961853,1.6536762714385986,0.03614233434200287,-0.05463007837533951,-1.4386314153671265,0.3592729866504669,3.5102639198303223,596,0,0,0.0,0.3807142376899719,0.05477585271000862,2,0.0,0.05477585271000862,0.4237622022628784,0.20501093566417694,0.009999999776482582,0.009999999776482582,0.0,0.0,0.0,0.0,0.0,0,0,0,0,0,0,0,0,0,0.4237622320652008,0.20501093566417694,0.25,0.0,0.0,0,0.0,0.0,0.0
1784909515.957526,approach,0.17543859649122806,-0.059451586038191534,0.4,0.16586576402187347,-0.06815339624881744,0.4086727499961853,1.6536762714385986,0.03614233434200287,-0.05463007837533951,-1.4386314153671265,0.3592729866504669,3.5102639198303223,596,0,0,0.0,0.3807142376899719,0.05477585271000862,2,0.0,0.05477585271000862,0.4237622022628784,0.20501093566417694,0.009999999776482582,0.009999999776482582,0.0,0.0,0.0,0.0,0.0,0,0,0,0,0,0,0,0,0,0.4237622320652008,0.20501093566417694,0.25,0.0,0.0,0,0.0,0.0,0.0
1784909515.978836,approach,0.17606516290726817,-0.0571578143706243,0.4,0.16586576402187347,-0.06815339624881744,0.4086727499961853,1.6536762714385986,0.03614233434200287,-0.05463007837533951,-1.4386314153671265,0.3592729866504669,3.5102639198303223,596,0,0,0.0,0.3807142376899719,0.05477585271000862,2,0.0,0.05477585271000862,0.4237622022628784,0.20501093566417694,0.009999999776482582,0.009999999776482582,0.0,0.0,0.0,0.0,0.0,0,0,0,0,0,0,0,0,0,0.4237622320652008,0.20501093566417694,0.25,0.0,0.0,0,0.0,0.0,0.0
1784909515.9996538,approach,0.17669172932330826,-0.05476376847429519,0.4,0.16877242922782898,-0.06924676895141602,0.4083033800125122,1.783937931060791,0.03599073737859726,-0.03904419764876366,-1.5546244382858276,0.35843273997306824,3.5102639198303223,596,0,0,0.0,0.3807142376899719,0.05477585271000862,2,0.0,0.05477585271000862,0.4237622022628784,0.20501093566417694,0.009999999776482582,0.009999999776482582,0.0,0.0,0.0,0.0,0.0,0,0,0,0,0,0,0,0,0,0.4237622320652008,0.20501093566417694,0.25,0.0,0.0,0,0.0,0.0,0.0
1784909516.0228999,approach,0.17731829573934837,-0.05227364831920848,0.4,0.16877242922782898,-0.06924676895141602,0.4083033800125122,1.783937931060791,0.03599073737859726,-0.03904419764876366,-1.5546244382858276,0.35843273997306824,3.5102639198303223,596,0,0,0.0,0.3807142376899719,0.05477585271000862,2,0.0,0.05477585271000862,0.4237622022628784,0.20501093566417694,0.009999999776482582,0.009999999776482582,0.0,0.0,0.0,0.0,0.0,0,0,0,0,0,0,0,0,0,0.4237622320652008,0.20501093566417694,0.25,0.0,0.0,0,0.0,0.0,0.0
1784909516.045302,approach,0.17794486215538846,-0.04969182242226492,0.4,0.17168253660202026,-0.07024963945150375,0.408039391040802,1.9015390872955322,0.0381665863096714,-0.025759592652320862,-1.5288386344909668,0.346540242433548,3.5102639198303223,596,0,0,0.0,0.3807142376899719,0.05477585271000862,2,0.0,0.05477585271000862,0.4237622022628784,0.20501093566417694,0.009999999776482582,0.009999999776482582,0.0,0.0,0.0,0.0,0.0,0,0,0,0,0,0,0,0,0,0.4237622320652008,0.20501093566417694,0.25,0.0,0.0,0,0.0,0.0,0.0
1784909516.067321,approach,0.17857142857142858,-0.04702282018339776,0.4,0.17168253660202026,-0.07024963945150375,0.408039391040802,1.9015390872955322,0.0381665863096714,-0.025759592652320862,-1.5288386344909668,0.346540242433548,3.5102639198303223,596,0,0,0.0,0.3807142376899719,0.05477585271000862,2,0.0,0.05477585271000862,0.4237622022628784,0.20501093566417694,0.009999999776482582,0.009999999776482582,0.0,0.0,0.0,0.0,0.0,0,0,0,0,0,0,0,0,0,0.4237622320652008,0.20501093566417694,0.25,0.0,0.0,0,0.0,0.0,0.0
1784909516.091774,approach,0.17919799498746866,-0.044271323939467616,0.4,0.1777726262807846,-0.07127325236797333,0.4079658091068268,2.0015196800231934,0.040147799998521805,-0.011468810960650444,-1.5819889307022095,0.4764203429222107,3.5049853324890137,597,0,0,0.0,0.3807142376899719,0.05472107604146004,2,0.0,0.05472107604146004,0.4237622022628784,0.20501096546649933,0.009999999776482582,0.009999999776482582,0.0,0.0,0.0,0.0,0.0,0,0,0,0,0,0,0,0,0,0.4237622320652008,0.20501093566417694,0.25,0.0,0.0,0,0.0,0.0,0.0
1784909516.116468,approach,0.17982456140350878,-0.041442160749850444,0.4,0.1777726262807846,-0.07127325236797333,0.4079658091068268,2.0015196800231934,0.040147799998521805,-0.011468810960650444,-1.5819889307022095,0.4764203429222107,3.5049853324890137,597,0,0,0.0,0.3807142376899719,0.05472107604146004,2,0.0,0.05472107604146004,0.4237622022628784,0.20501096546649933,0.009999999776482582,0.009999999776482582,0.0,0.0,0.0,0.0,0.0,0,0,0,0,0,0,0,0,0,0.4237622320652008,0.20501093566417694,0.25,0.0,0.0,0,0.0,0.0,0.0
1784909516.141393,approach,0.18045112781954886,-0.03854029392813718,0.4,0.17908325791358948,-0.06908239424228668,0.4080173075199127,2.065139055252075,0.03674829751253128,0.011526022106409073,-1.598456859588623,0.6180995106697083,3.5049853324890137,597,0,0,0.0,0.3807142376899719,0.05472107604146004,2,0.0,0.05472107604146004,0.4237622022628784,0.20501096546649933,0.009999999776482582,0.009999999776482582,0.0,0.0,0.0,0.0,0.0,0,0,0,0,0,0,0,0,0,0.4237622320652008,0.20501093566417694,0.25,0.0,0.0,0,0.0,0.0,0.0
1784909516.163244,approach,0.18107769423558898,-0.03557081433479421,0.4,0.17908325791358948,-0.06908239424228668,0.4080173075199127,2.065139055252075,0.03674829751253128,0.011526022106409073,-1.598456859588623,0.6180995106697083,3.5049853324890137,597,0,0,0.0,0.3807142376899719,0.05472107604146004,2,0.0,0.05472107604146004,0.4237622022628784,0.20501096546649933,0.009999999776482582,0.009999999776482582,0.0,0.0,0.0,0.0,0.0,0,0,0,0,0,0,0,0,0,0.4237622320652008,0.20501093566417694,0.25,0.0,0.0,0,0.0,0.0,0.0
1784909516.1844292,approach,0.18170426065162906,-0.032538931446064095,0.4,0.18524256348609924,-0.06488130986690521,0.40873995423316956,2.1192874908447266,0.0369146429002285,0.027093829587101936,-1.4838122129440308,0.7385460138320923,3.5102639198303223,597,0,0,0.0,0.3807142376899719,0.05472107604146004,2,0.0,0.05472107604146004,0.4237622022628784,0.20501096546649933,0.009999999776482582,0.009999999776482582,0.0,0.0,0.0,0.0,0.0,0,0,0,0,0,0,0,0,0,0.4237622320652008,0.20501093566417694,0.25,0.0,0.0,0,0.0,0.0,0.0
1784909516.206399,approach,0.18233082706766918,-0.02944996421477425,0.4,0.18524256348609924,-0.06488130986690521,0.40873995423316956,2.1192874908447266,0.0369146429002285,0.027093829587101936,-1.4838122129440308,0.7385460138320923,3.5102639198303223,598,0,0,0.0,0.3807142376899719,0.05466635525226593,2,0.0,0.05466635525226593,0.4237622022628784,0.20501095056533813,0.009999999776482582,0.009999999776482582,0.0,0.0,0.0,0.0,0.0,0,0,0,0,0,0,0,0,0,0.4237622320652008,0.20501093566417694,0.25,0.0,0.0,0,0.0,0.0,0.0
1784909516.231485,approach,0.18295739348370926,-0.02630933173908673,0.4,0.1857665479183197,-0.06115031987428665,0.410539835691452,2.103647232055664,0.02736109495162964,0.04278509318828583,-1.2586863040924072,0.8867201209068298,3.5102639198303223,598,0,0,0.0,0.3807142376899719,0.05466635525226593,2,0.0,0.05466635525226593,0.4237622022628784,0.20501095056533813,0.009999999776482582,0.009999999776482582,0.0,0.0,0.0,0.0,0.0,0,0,0,0,0,0,0,0,0,0.4237622320652008,0.20501093566417694,0.25,0.0,0.0,0,0.0,0.0,0.0
1784909516.256568,approach,0.18358395989974938,-0.02312254375555759,0.4,0.1857665479183197,-0.06115031987428665,0.410539835691452,2.103647232055664,0.02736109495162964,0.04278509318828583,-1.2586863040924072,0.8867201209068298,3.5102639198303223,598,0,0,0.0,0.3807142376899719,0.05466635525226593,2,0.0,0.05466635525226593,0.4237622022628784,0.20501095056533813,0.009999999776482582,0.009999999776482582,0.0,0.0,0.0,0.0,0.0,0,0,0,0,0,0,0,0,0,0.4237622320652008,0.20501093566417694,0.25,0.0,0.0,0,0.0,0.0,0.0
1784909516.280742,approach,0.18421052631578946,-0.01989519097318845,0.4,0.1857665479183197,-0.06115031987428665,0.410539835691452,2.103647232055664,0.02736109495162964,0.04278509318828583,-1.2586863040924072,0.8867201209068298,3.5102639198303223,598,0,0,0.0,0.3807142376899719,0.05466635525226593,2,0.0,0.05466635525226593,0.4237622022628784,0.20501095056533813,0.009999999776482582,0.009999999776482582,0.0,0.0,0.0,0.0,0.0,0,0,0,0,0,0,0,0,0,0.4237622320652008,0.20501093566417694,0.25,0.0,0.0,0,0.0,0.0,0.0
1784909516.3058429,approach,0.18483709273182958,-0.01663293526542074,0.4,0.1867513656616211,-0.05632450431585312,0.40976467728614807,2.0800509452819824,0.018735570833086967,0.057459551841020584,-1.0370596647262573,0.9513397216796875,3.515542507171631,599,0,0,0.0,0.3807142376899719,0.0546116903424263,2,0.0,0.0546116903424263,0.4237622022628784,0.20501095056533813,0.009999999776482582,0.009999999776482582,0.0,0.0,0.0,0.0,0.0,0,0,0,0,0,0,0,0,0,0.4237622320652008,0.20501093566417694,0.25,0.0,0.0,0,0.0,0.0,0.0
1784909516.326595,approach,0.18546365914786966,-0.013341499737288098,0.4,0.18702009320259094,-0.051506754010915756,0.4093434512615204,2.041137933731079,0.018735570833086967,0.057459551841020584,-1.0370596647262573,0.9513397216796875,3.515542507171631,599,0,0,0.0,0.3807142376899719,0.0546116903424263,2,0.0,0.0546116903424263,0.4237622022628784,0.20501095056533813,0.009999999776482582,0.009999999776482582,0.0,0.0,0.0,0.0,0.0,0,0,0,0,0,0,0,0,0,0.4237622320652008,0.20501093566417694,0.25,0.0,0.0,0,0.0,0.0,0.0
1784909516.349725,approach,0.18609022556390978,-0.01002665868514432,0.4,0.18702009320259094,-0.051506754010915756,0.4093434512615204,2.041137933731079,0.009895063005387783,0.0694873183965683,-0.7078894972801208,0.8969647288322449,3.515542507171631,599,0,0,0.0,0.3807142376899719,0.0546116903424263,2,0.0,0.0546116903424263,0.4237622022628784,0.20501095056533813,0.009999999776482582,0.009999999776482582,0.0,0.0,0.0,0.0,0.0,0,0,0,0,0,0,0,0,0,0.4237622320652008,0.20501093566417694,0.25,0.0,0.0,0,0.0,0.0,0.0
1784909516.370134,approach,0.18671679197994986,-0.006694227466585287,0.4,0.18702009320259094,-0.051506754010915756,0.4093434512615204,2.041137933731079,0.009895063005387783,0.0694873183965683,-0.7078894972801208,0.8969647288322449,3.515542507171631,599,0,0,0.0,0.3807142376899719,0.0546116903424263,2,0.0,0.0546116903424263,0.4237622022628784,0.20501095056533813,0.009999999776482582,0.009999999776482582,0.0,0.0,0.0,0.0,0.0,0,0,0,0,0,0,0,0,0,0.4237622320652008,0.20501093566417694,0.25,0.0,0.0,0,0.0,0.0,0.0
1784909516.391568,approach,0.18734335839598998,-0.0033500522983359433,0.4,0.18799830973148346,-0.04547861963510513,0.40859800577163696,1.9494500160217285,0.003488442162051797,0.07809824496507645,-0.5442794561386108,0.8065407276153564,3.5049853324890137,599,0,0,0.0,0.3807142376899719,0.0546116903424263,2,0.0,0.0546116903424263,0.4237622022628784,0.20501095056533813,0.009999999776482582,0.009999999776482582,0.0,0.0,0.0,0.0,0.0,0,0,0,0,0,0,0,0,0,0.4237622320652008,0.20501093566417694,0.25,0.0,0.0,0,0.0,0.0,0.0
1784909516.416395,approach,0.18796992481203006,-3.91886975727153e-17,0.4,0.18799830973148346,-0.04547861963510513,0.40859800577163696,1.9494500160217285,0.003488442162051797,0.07809824496507645,-0.5442794561386108,0.8065407276153564,3.5049853324890137,599,0,0,0.0,0.3807142376899719,0.0546116903424263,2,0.0,0.0546116903424263,0.4237622022628784,0.20501095056533813,0.009999999776482582,0.009999999776482582,0.0,0.0,0.0,0.0,0.0,0,0,0,0,0,0,0,0,0,0.4237622320652008,0.20501093566417694,0.25,0.0,0.0,0,0.0,0.0,0.0
1784909516.4401212,approach,0.18859649122807018,0.003350052298336149,0.4,0.18680742383003235,-0.044316358864307404,0.40826278924942017,1.8684754371643066,-0.0047663054428994656,0.07756882160902023,-0.39668047428131104,0.6498628854751587,3.5049853324890137,599,0,0,0.0,0.3807142376899719,0.0546116903424263,2,0.0,0.0546116903424263,0.4237622022628784,0.20501095056533813,0.009999999776482582,0.009999999776482582,0.0,0.0,0.0,0.0,0.0,0,0,0,0,0,0,0,0,0,0.4237622320652008,0.20501093566417694,0.25,0.0,0.0,0,0.0,0.0,0.0
1784909516.462388,approach,0.18922305764411027,0.00669422746658521,0.4,0.18680742383003235,-0.044316358864307404,0.40826278924942017,1.8684754371643066,-0.0047663054428994656,0.07756882160902023,-0.39668047428131104,0.6498628854751587,3.5049853324890137,599,0,0,0.0,0.3807142376899719,0.0546116903424263,2,0.0,0.0546116903424263,0.4237622022628784,0.20501095056533813,0.009999999776482582,0.009999999776482582,0.0,0.0,0.0,0.0,0.0,0,0,0,0,0,0,0,0,0,0.4237622320652008,0.20501093566417694,0.25,0.0,0.0,0,0.0,0.0,0.0
1784909516.48399,approach,0.18984962406015038,0.010026658685144385,0.4,0.18594734370708466,-0.04044010117650032,0.4075474739074707,1.7533800601959229,-0.01154016237705946,0.07910620421171188,-0.2631547152996063,0.4941265881061554,3.5102639198303223,599,0,0,0.0,0.3807142376899719,0.0546116903424263,2,0.0,0.0546116903424263,0.4237622022628784,0.20501095056533813,0.009999999776482582,0.009999999776482582,0.0,0.0,0.0,0.0,0.0,0,0,0,0,0,0,0,0,0,0.4237622320652008,0.20501093566417694,0.25,0.0,0.0,0,0.0,0.0,0.0
1784909516.5084841,approach,0.19047619047619047,0.01334149973728802,0.4,0.18594734370708466,-0.04044010117650032,0.4075474739074707,1.7533800601959229,-0.01154016237705946,0.07910620421171188,-0.2631547152996063,0.4941265881061554,3.5102639198303223,600,0,0,0.0,0.3807142376899719,0.05455707758665085,2,0.0,0.05455707758665085,0.4237622022628784,0.20501095056533813,0.009999999776482582,0.009999999776482582,0.0,0.0,0.0,0.0,0.0,0,0,0,0,0,0,0,0,0,0.4237622320652008,0.20501093566417694,0.25,0.0,0.0,0,0.0,0.0,0.0
1784909516.531393,approach,0.19110275689223058,0.0166329352654208,0.4,0.1849709451198578,-0.03745732083916664,0.4082374572753906,1.6618924140930176,-0.016186054795980453,0.07890161126852036,-0.20819169282913208,0.18612034618854523,3.5102639198303223,600,0,0,0.0,0.3807142376899719,0.05455707758665085,2,0.0,0.05455707758665085,0.4237622022628784,0.20501095056533813,0.009999999776482582,0.009999999776482582,0.0,0.0,0.0,0.0,0.0,0,0,0,0,0,0,0,0,0,0.4237622320652008,0.20501093566417694,0.25,0.0,0.0,0,0.0,0.0,0.0
1784909516.554595,approach,0.19172932330827067,0.019895190973188374,0.4,0.1849709451198578,-0.03745732083916664,0.4082374572753906,1.6618924140930176,-0.016186054795980453,0.07890161126852036,-0.20819169282913208,0.18612034618854523,3.5102639198303223,600,0,0,0.0,0.3807142376899719,0.05455707758665085,2,0.0,0.05455707758665085,0.4237622022628784,0.20501095056533813,0.009999999776482582,0.009999999776482582,0.0,0.0,0.0,0.0,0.0,0,0,0,0,0,0,0,0,0,0.4237622320652008,0.20501093566417694,0.25,0.0,0.0,0,0.0,0.0,0.0
1784909516.578589,approach,0.19235588972431078,0.02312254375555779,0.4,0.1849709451198578,-0.03745732083916664,0.4082374572753906,1.6618924140930176,-0.016186054795980453,0.07890161126852036,-0.20819169282913208,0.18612034618854523,3.5102639198303223,600,0,0,0.0,0.3807142376899719,0.05455707758665085,2,0.0,0.05455707758665085,0.4237622022628784,0.20501095056533813,0.009999999776482582,0.009999999776482582,0.0,0.0,0.0,0.0,0.0,0,0,0,0,0,0,0,0,0,0.4237622320652008,0.20501093566417694,0.25,0.0,0.0,0,0.0,0.0,0.0
1784909516.601689,approach,0.19298245614035087,0.026309331739086658,0.4,0.1808970719575882,-0.03312910348176956,0.4082789421081543,1.5016463994979858,-0.022218581289052963,0.08181741833686829,-0.2924625277519226,-0.10839561372995377,3.5102639198303223,601,0,0,0.0,0.3807142376899719,0.054502520710229874,2,0.0,0.054502520710229874,0.4237622022628784,0.20501095056533813,0.009999999776482582,0.009999999776482582,0.0,0.0,0.0,0.0,0.0,0,0,0,0,0,0,0,0,0,0.4237622320652008,0.20501093566417694,0.25,0.0,0.0,0,0.0,0.0,0.0
1784909516.626792,approach,0.19360902255639098,0.029449964214774173,0.4,0.1808970719575882,-0.03312910348176956,0.4082789421081543,1.5016463994979858,-0.022218581289052963,0.08181741833686829,-0.2924625277519226,-0.10839561372995377,3.5102639198303223,601,0,0,0.0,0.3807142376899719,0.054502520710229874,2,0.0,0.054502520710229874,0.4237622022628784,0.20501095056533813,0.009999999776482582,0.009999999776482582,0.0,0.0,0.0,0.0,0.0,0,0,0,0,0,0,0,0,0,0.4237622320652008,0.20501093566417694,0.25,0.0,0.0,0,0.0,0.0,0.0
1784909516.650597,approach,0.19423558897243107,0.03253893144606402,0.4,0.17780087888240814,-0.02892558090388775,0.4075084328651428,1.338965892791748,-0.024199288338422775,0.08436232060194016,-0.2789521813392639,-0.41541996598243713,3.5102639198303223,601,0,0,0.0,0.3807142376899719,0.054502520710229874,2,0.0,0.054502520710229874,0.4237622022628784,0.20501095056533813,0.009999999776482582,0.009999999776482582,0.0,0.0,0.0,0.0,0.0,0,0,0,0,0,0,0,0,0,0.4237622320652008,0.20501093566417694,0.25,0.0,0.0,0,0.0,0.0,0.0
1784909516.6756868,approach,0.19486215538847118,0.03557081433479415,0.4,0.17780087888240814,-0.02892558090388775,0.4075084328651428,1.338965892791748,-0.024199288338422775,0.08436232060194016,-0.2789521813392639,-0.41541996598243713,3.5102639198303223,601,0,0,0.0,0.3807142376899719,0.054502520710229874,2,0.0,0.054502520710229874,0.4237622022628784,0.20501095056533813,0.009999999776482582,0.009999999776482582,0.0,0.0,0.0,0.0,0.0,0,0,0,0,0,0,0,0,0,0.4237622320652008,0.20501093566417694,0.25,0.0,0.0,0,0.0,0.0,0.0
1784909516.696817,approach,0.19548872180451127,0.03854029392813711,0.4,0.17529745399951935,-0.027300529181957245,0.40677356719970703,1.165328860282898,-0.02234884351491928,0.0820927545428276,-0.37999942898750305,-0.6999067664146423,3.5049853324890137,602,0,0,0.0,0.3807142376899719,0.054448019713163376,2,0.0,0.054448019713163376,0.4237622022628784,0.20501095056533813,0.009999999776482582,0.009999999776482582,0.0,0.0,0.0,0.0,0.0,0,0,0,0,0,0,0,0,0,0.4237622320652008,0.20501093566417694,0.25,0.0,0.0,0,0.0,0.0,0.0
1784909516.719402,approach,0.19611528822055138,0.04144216074985037,0.4,0.17529745399951935,-0.027300529181957245,0.40677356719970703,1.165328860282898,-0.02234884351491928,0.0820927545428276,-0.37999942898750305,-0.6999067664146423,3.5049853324890137,602,0,0,0.0,0.3807142376899719,0.054448019713163376,2,0.0,0.054448019713163376,0.4237622022628784,0.20501095056533813,0.009999999776482582,0.009999999776482582,0.0,0.0,0.0,0.0,0.0,0,0,0,0,0,0,0,0,0,0.4237622320652008,0.20501093566417694,0.25,0.0,0.0,0,0.0,0.0,0.0
1784909516.742624,approach,0.19674185463659147,0.04427132393946755,0.4,0.1747429072856903,-0.02457054704427719,0.4057615101337433,0.9782512187957764,-0.013418997637927532,0.08390072733163834,-0.5692237615585327,-0.9524873495101929,3.5049853324890137,602,0,0,0.0,0.3807142376899719,0.054448019713163376,2,0.0,0.054448019713163376,0.4237622022628784,0.20501095056533813,0.009999999776482582,0.009999999776482582,0.0,0.0,0.0,0.0,0.0,0,0,0,0,0,0,0,0,0,0.4237622320652008,0.20501093566417694,0.25,0.0,0.0,0,0.0,0.0,0.0
1784909516.766405,approach,0.19736842105263158,0.0470228201833977,0.4,0.1747429072856903,-0.02457054704427719,0.4057615101337433,0.9782512187957764,-0.013418997637927532,0.08390072733163834,-0.5692237615585327,-0.9524873495101929,3.5049853324890137,602,0,0,0.0,0.3807142376899719,0.054448019713163376,2,0.0,0.054448019713163376,0.4237622022628784,0.20501095056533813,0.009999999776482582,0.009999999776482582,0.0,0.0,0.0,0.0,0.0,0,0,0,0,0,0,0,0,0,0.4237622320652008,0.20501093566417694,0.25,0.0,0.0,0,0.0,0.0,0.0
1784909516.7909162,approach,0.19799498746867167,0.04969182242226486,0.4,0.17395499348640442,-0.020088696852326393,0.40458497405052185,0.7653482556343079,-0.006864705588668585,0.08935097604990005,-0.7822277545928955,-1.1193504333496094,3.5049853324890137,603,0,0,0.0,0.3807142376899719,0.054393570870161057,2,0.0,0.054393570870161057,0.4237622022628784,0.20501095056533813,0.009999999776482582,0.009999999776482582,0.0,0.0,0.0,0.0,0.0,0,0,0,0,0,0,0,0,0,0.4237622320652008,0.20501093566417694,0.25,0.0,0.0,0,0.0,0.0,0.0
1784909516.81121,approach,0.19862155388471178,0.052273648319208416,0.4,0.17395499348640442,-0.020088696852326393,0.40458497405052185,0.7653482556343079,-0.006864705588668585,0.08935097604990005,-0.7822277545928955,-1.1193504333496094,3.5049853324890137,603,0,0,0.0,0.3807142376899719,0.054393570870161057,2,0.0,0.054393570870161057,0.4237622022628784,0.20501095056533813,0.009999999776482582,0.009999999776482582,0.0,0.0,0.0,0.0,0.0,0,0,0,0,0,0,0,0,0,0.4237622320652008,0.20501093566417694,0.25,0.0,0.0,0,0.0,0.0,0.0
1784909516.8352,approach,0.19924812030075187,0.05476376847429513,0.4,0.1728903353214264,-0.01673450507223606,0.4029342234134674,0.5652353167533875,0.0012582764029502869,0.09427639096975327,-0.9158466458320618,-1.257264494895935,3.5049853324890137,603,0,0,0.0,0.3807142376899719,0.054393570870161057,2,0.0,0.054393570870161057,0.4237622022628784,0.20501095056533813,0.009999999776482582,0.009999999776482582,0.0,0.0,0.0,0.0,0.0,0,0,0,0,0,0,0,0,0,0.4237622320652008,0.20501093566417694,0.25,0.0,0.0,0,0.0,0.0,0.0
1784909516.855526,approach,0.19987468671679198,0.057157814370624255,0.4,0.1728903353214264,-0.01673450507223606,0.4029342234134674,0.5652353167533875,0.0012582764029502869,0.09427639096975327,-0.9158466458320618,-1.257264494895935,3.5049853324890137,603,0,0,0.0,0.3807142376899719,0.054393570870161057,2,0.0,0.054393570870161057,0.4237622022628784,0.20501095056533813,0.009999999776482582,0.009999999776482582,0.0,0.0,0.0,0.0,0.0,0,0,0,0,0,0,0,0,0,0.4237622320652008,0.20501093566417694,0.25,0.0,0.0,0,0.0,0.0,0.0
1784909516.879531,approach,0.20050125313283207,0.05945158603819148,0.4,0.1728903353214264,-0.01673450507223606,0.4029342234134674,0.5652353167533875,0.0012582764029502869,0.09427639096975327,-0.9158466458320618,-1.257264494895935,3.5049853324890137,603,0,0,0.0,0.3807142376899719,0.054393570870161057,2,0.0,0.054393570870161057,0.4237622022628784,0.20501095056533813,0.009999999776482582,0.009999999776482582,0.0,0.0,0.0,0.0,0.0,0,0,0,0,0,0,0,0,0,0.4237622320652008,0.20501093566417694,0.25,0.0,0.0,0,0.0,0.0,0.0
1784909516.899827,approach,0.20112781954887218,0.06164105942206313,0.4,0.17710097134113312,-0.012805360369384289,0.4022623896598816,0.4039404094219208,0.019551444798707962,0.10076773911714554,-1.0449124574661255,-1.3246488571166992,3.5049853324890137,603,0,0,0.0,0.3807142376899719,0.054393570870161057,2,0.0,0.054393570870161057,0.4237622022628784,0.20501095056533813,0.009999999776482582,0.009999999776482582,0.0,0.0,0.0,0.0,0.0,0,0,0,0,0,0,0,0,0,0.4237622320652008,0.20501093566417694,0.25,0.0,0.0,0,0.0,0.0,0.0
1784909516.924748,approach,0.20175438596491227,0.06372239344193574,0.4,0.17710097134113312,-0.012805360369384289,0.4022623896598816,0.4039404094219208,0.019551444798707962,0.10076773911714554,-1.0449124574661255,-1.3246488571166992,3.5049853324890137,603,0,0,0.0,0.3807142376899719,0.054393570870161057,2,0.0,0.054393570870161057,0.4237622022628784,0.20501095056533813,0.009999999776482582,0.009999999776482582,0.0,0.0,0.0,0.0,0.0,0,0,0,0,0,0,0,0,0,0.4237622320652008,0.20501093566417694,0.25,0.0,0.0,0,0.0,0.0,0.0
1784909516.949981,approach,0.20238095238095238,0.06569193673069625,0.4,0.17923402786254883,-0.010147756896913052,0.40161439776420593,0.2870238721370697,0.03548266738653183,0.1054607555270195,-1.2049517631530762,-1.239184856414795,3.5049853324890137,603,0,0,0.0,0.3807142376899719,0.054393570870161057,2,0.0,0.054393570870161057,0.4237622022628784,0.20501095056533813,0.009999999776482582,0.009999999776482582,0.0,0.0,0.0,0.0,0.0,0,0,0,0,0,0,0,0,0,0.4237622320652008,0.20501093566417694,0.25,0.0,0.0,0,0.0,0.0,0.0
1784909516.974721,approach,0.20300751879699247,0.06754623404016125,0.4,0.17923402786254883,-0.010147756896913052,0.40161439776420593,0.2870238721370697,0.03548266738653183,0.1054607555270195,-1.2049517631530762,-1.239184856414795,3.5049853324890137,603,0,0,0.0,0.3807142376899719,0.054393570870161057,2,0.0,0.054393570870161057,0.4237622022628784,0.20501095056533813,0.009999999776482582,0.009999999776482582,0.0,0.0,0.0,0.0,0.0,0,0,0,0,0,0,0,0,0,0.4237622320652008,0.20501093566417694,0.25,0.0,0.0,0,0.0,0.0,0.0
1784909516.99489,approach,0.20363408521303258,0.06928203230275509,0.4,0.1855810284614563,-0.006699442397803068,0.4000256359577179,0.23030078411102295,0.050504643470048904,0.11233057081699371,-1.3041473627090454,-0.9943503141403198,3.5049853324890137,604,0,0,0.0,0.3807142376899719,0.054339177906513214,2,0.0,0.054339177906513214,0.4237622022628784,0.20501095056533813,0.009999999776482582,0.009999999776482582,0.0,0.0,0.0,0.0,0.0,0,0,0,0,0,0,0,0,0,0.4237622320652008,0.20501093566417694,0.25,0.0,0.0,0,0.0,0.0,0.0
1784909517.015237,approach,0.20426065162907267,0.07089628633849722,0.4,0.1855810284614563,-0.006699442397803068,0.4000256359577179,0.23030078411102295,0.050504643470048904,0.11233057081699371,-1.3041473627090454,-0.9943503141403198,3.5049853324890137,604,0,0,0.0,0.3807142376899719,0.054339177906513214,2,0.0,0.054339177906513214,0.4237622022628784,0.20501095056533813,0.009999999776482582,0.009999999776482582,0.0,0.0,0.0,0.0,0.0,0,0,0,0,0,0,0,0,0,0.4237622320652008,0.20501093566417694,0.25,0.0,0.0,0,0.0,0.0,0.0
1784909517.0355258,approach,0.20488721804511278,0.07238616419728157,0.4,0.18484777212142944,-0.0039576697163283825,0.39959046244621277,0.22512732446193695,0.054345451295375824,0.1187518984079361,-1.2960572242736816,-0.6107984185218811,3.5049853324890137,604,0,0,0.0,0.3807142376899719,0.054339177906513214,2,0.0,0.054339177906513214,0.4237622022628784,0.20501095056533813,0.009999999776482582,0.009999999776482582,0.0,0.0,0.0,0.0,0.0,0,0,0,0,0,0,0,0,0,0.4237622320652008,0.20501093566417694,0.25,0.0,0.0,0,0.0,0.0,0.0
1784909517.058787,approach,0.20551378446115287,0.07374905212708002,0.4,0.18484777212142944,-0.0039576697163283825,0.39959046244621277,0.22512732446193695,0.054345451295375824,0.1187518984079361,-1.2960572242736816,-0.6107984185218811,3.5049853324890137,604,0,0,0.0,0.3807142376899719,0.054339177906513214,2,0.0,0.054339177906513214,0.4237622022628784,0.20501095056533813,0.009999999776482582,0.009999999776482582,0.0,0.0,0.0,0.0,0.0,0,0,0,0,0,0,0,0,0,0.4237622320652008,0.20501093566417694,0.25,0.0,0.0,0,0.0,0.0,0.0
1784909517.083516,approach,0.20614035087719298,0.07498255915935133,0.4,0.1906607747077942,-0.0001212296774610877,0.40034618973731995,0.31621673703193665,0.06165482848882675,0.12434648722410202,-1.1858103275299072,-0.4185783565044403,3.5049853324890137,604,0,0,0.0,0.3807142376899719,0.054339177906513214,2,0.0,0.054339177906513214,0.4237622022628784,0.20501095056533813,0.009999999776482582,0.009999999776482582,0.0,0.0,0.0,0.0,0.0,0,0,0,0,0,0,0,0,0,0.4237622320652008,0.20501093566417694,0.25,0.0,0.0,0,0.0,0.0,0.0
1784909517.105715,approach,0.20676691729323307,0.07608452130361228,0.4,0.1906607747077942,-0.0001212296774610877,0.40034618973731995,0.31621673703193665,0.06165482848882675,0.12434648722410202,-1.1858103275299072,-0.4185783565044403,3.5049853324890137,605,1,0,0.0,0.3807142376899719,0.05428484082221985,2,0.0,0.05428484082221985,0.4237622022628784,0.20501095056533813,0.009999999776482582,0.009999999776482582,0.0,0.0,0.0,0.0,0.0,0,0,0,0,0,0,0,0,0,0.4237622320652008,0.20501093566417694,0.25,0.0,0.0,0,0.0,0.0,0.0
1784909517.129667,approach,0.20739348370927319,0.07705300534381263,0.4,0.19525082409381866,0.00727013498544693,0.4003340005874634,0.4445423483848572,0.07007941603660583,0.13146796822547913,-1.0184274911880493,-0.07449197769165039,3.5049853324890137,605,1,0,0.0,0.3807142376899719,0.05428484082221985,2,0.0,0.05428484082221985,0.4237622022628784,0.20501095056533813,0.009999999776482582,0.009999999776482582,0.0,0.0,0.0,0.0,0.0,0,0,0,0,0,0,0,0,0,0.4237622320652008,0.20501093566417694,0.25,0.0,0.0,0,0.0,0.0,0.0
1784909517.149772,approach,0.20802005012531327,0.07788631222985286,0.4,0.19525082409381866,0.00727013498544693,0.4003340005874634,0.4445423483848572,0.07007941603660583,0.13146796822547913,-1.0184274911880493,-0.07449197769165039,3.5049853324890137,605,1,0,0.0,0.3807142376899719,0.05428484082221985,2,0.0,0.05428484082221985,0.4237622022628784,0.20501095056533813,0.009999999776482582,0.009999999776482582,0.0,0.0,0.0,0.0,0.0,0,0,0,0,0,0,0,0,0,0.4237622320652008,0.20501093566417694,0.25,0.0,0.0,0,0.0,0.0,0.0
1784909517.171804,approach,0.20864661654135339,0.07858298005829509,0.4,0.19525082409381866,0.00727013498544693,0.4003340005874634,0.4445423483848572,0.07007941603660583,0.13146796822547913,-1.0184274911880493,-0.07449197769165039,3.5049853324890137,605,1,0,0.0,0.3807142376899719,0.05428484082221985,2,0.0,0.05428484082221985,0.4237622022628784,0.20501095056533813,0.009999999776482582,0.009999999776482582,0.0,0.0,0.0,0.0,0.0,0,0,0,0,0,0,0,0,0,0.4237622320652008,0.20501093566417694,0.25,0.0,0.0,0,0.0,0.0,0.0
1784909517.194349,approach,0.20927318295739347,0.07914178663703904,0.4,0.2005634307861328,0.01088500302284956,0.40030327439308167,0.6615833044052124,0.06757604330778122,0.13634489476680756,-0.7349724173545837,0.41016635298728943,3.5102639198303223,606,0,0,0.0,0.3807142376899719,0.05423055589199066,2,0.0,0.05423055589199066,0.4237622022628784,0.20501095056533813,0.009999999776482582,0.009999999776482582,0.0,0.0,0.0,0.0,0.0,0,0,0,0,0,0,0,0,0,0.4237622320652008,0.20501093566417694,0.25,0.0,0.0,0,0.0,0.0,0.0
1784909517.216396,approach,0.2098997493734336,0.07956175162946187,0.4,0.2005634307861328,0.01088500302284956,0.40030327439308167,0.6615833044052124,0.06757604330778122,0.13634489476680756,-0.7349724173545837,0.41016635298728943,3.5102639198303223,606,0,0,0.0,0.3807142376899719,0.05423055589199066,2,0.0,0.05423055589199066,0.4237622022628784,0.20501095056533813,0.009999999776482582,0.009999999776482582,0.0,0.0,0.0,0.0,0.0,0,0,0,0,0,0,0,0,0,0.4237622320652008,0.20501093566417694,0.25,0.0,0.0,0,0.0,0.0,0.0
1784909517.2413929,approach,0.21052631578947367,0.07984213827426172,0.4,0.20144693553447723,0.016948027536273003,0.3999694883823395,0.8296749591827393,0.061875127255916595,0.13944581151008606,-0.5187986493110657,0.6992990374565125,3.5102639198303223,606,0,0,0.0,0.3807142376899719,0.05423055589199066,2,0.0,0.05423055589199066,0.4237622022628784,0.20501095056533813,0.009999999776482582,0.009999999776482582,0.0,0.0,0.0,0.0,0.0,0,0,0,0,0,0,0,0,0,0.4237622320652008,0.20501093566417694,0.25,0.0,0.0,0,0.0,0.0,0.0
1784909517.2663958,approach,0.2111528822055138,0.07998245467798765,0.4,0.20144693553447723,0.016948027536273003,0.3999694883823395,0.8296749591827393,0.061875127255916595,0.13944581151008606,-0.5187986493110657,0.6992990374565125,3.5102639198303223,606,0,0,0.0,0.3807142376899719,0.05423055589199066,2,0.0,0.05423055589199066,0.4237622022628784,0.20501095056533813,0.009999999776482582,0.009999999776482582,0.0,0.0,0.0,0.0,0.0,0,0,0,0,0,0,0,0,0,0.4237622320652008,0.20501093566417694,0.25,0.0,0.0,0,0.0,0.0,0.0
1784909517.290316,approach,0.21177944862155387,0.07998245467798765,0.4,0.2076191008090973,0.02282499335706234,0.40137866139411926,1.0226454734802246,0.058209050446748734,0.1434737592935562,-0.2790842652320862,0.9580907821655273,3.5049853324890137,607,0,0,0.0,0.3807142376899719,0.05417632684111595,2,0.0,0.05417632684111595,0.4237622022628784,0.20501096546649933,0.009999999776482582,0.009999999776482582,0.0,0.0,0.0,0.0,0.0,0,0,0,0,0,0,0,0,0,0.4237622320652008,0.20501093566417694,0.25,0.0,0.0,0,0.0,0.0,0.0
1784909517.3133671,approach,0.212406015037594,0.07984213827426173,0.4,0.2076191008090973,0.02282499335706234,0.40137866139411926,1.0226454734802246,0.058209050446748734,0.1434737592935562,-0.2790842652320862,0.9580907821655273,3.5049853324890137,607,0,0,0.0,0.3807142376899719,0.05417632684111595,2,0.0,0.05417632684111595,0.4237622022628784,0.20501096546649933,0.009999999776482582,0.009999999776482582,0.0,0.0,0.0,0.0,0.0,0,0,0,0,0,0,0,0,0,0.4237622320652008,0.20501093566417694,0.25,0.0,0.0,0,0.0,0.0,0.0
1784909517.3372312,approach,0.21303258145363407,0.07956175162946187,0.4,0.21036364138126373,0.03127102181315422,0.4029362201690674,1.1517419815063477,0.051811881363391876,0.14305181801319122,-0.15115460753440857,1.0964845418930054,3.5049853324890137,607,0,0,0.0,0.3807142376899719,0.05417632684111595,2,0.0,0.05417632684111595,0.4237622022628784,0.20501096546649933,0.009999999776482582,0.009999999776482582,0.0,0.0,0.0,0.0,0.0,0,0,0,0,0,0,0,0,0,0.4237622320652008,0.20501093566417694,0.25,0.0,0.0,0,0.0,0.0,0.0
1784909517.362106,approach,0.2136591478696742,0.07914178663703908,0.4,0.21036364138126373,0.03127102181315422,0.4029362201690674,1.1517419815063477,0.051811881363391876,0.14305181801319122,-0.15115460753440857,1.0964845418930054,3.5049853324890137,607,0,0,0.0,0.3807142376899719,0.05417632684111595,2,0.0,0.05417632684111595,0.4237622022628784,0.20501096546649933,0.009999999776482582,0.009999999776482582,0.0,0.0,0.0,0.0,0.0,0,0,0,0,0,0,0,0,0,0.4237622320652008,0.20501093566417694,0.25,0.0,0.0,0,0.0,0.0,0.0
1784909517.386061,approach,0.21428571428571427,0.07858298005829512,0.4,0.21271175146102905,0.03652852028608322,0.4024924635887146,1.2292191982269287,0.038419418036937714,0.13989214599132538,0.33440694212913513,1.219133734703064,3.5102639198303223,607,0,0,0.0,0.3807142376899719,0.05417632684111595,2,0.0,0.05417632684111595,0.4237622022628784,0.20501096546649933,0.009999999776482582,0.009999999776482582,0.0,0.0,0.0,0.0,0.0,0,0,0,0,0,0,0,0,0,0.4237622320652008,0.20501093566417694,0.25,0.0,0.0,0,0.0,0.0,0.0
1784909517.408458,approach,0.2149122807017544,0.0778863122298528,0.4,0.21271175146102905,0.03652852028608322,0.4024924635887146,1.2292191982269287,0.038419418036937714,0.13989214599132538,0.33440694212913513,1.219133734703064,3.5102639198303223,607,0,0,0.0,0.3807142376899719,0.05417632684111595,2,0.0,0.05417632684111595,0.4237622022628784,0.20501096546649933,0.009999999776482582,0.009999999776482582,0.0,0.0,0.0,0.0,0.0,0,0,0,0,0,0,0,0,0,0.4237622320652008,0.20501093566417694,0.25,0.0,0.0,0,0.0,0.0,0.0
1784909517.4324841,approach,0.21553884711779447,0.07705300534381268,0.4,0.2128966748714447,0.04139766842126846,0.4030327796936035,1.2129770517349243,0.029691308736801147,0.13314369320869446,0.6012170314788818,1.1528483629226685,3.5102639198303223,607,0,0,0.0,0.3807142376899719,0.05417632684111595,2,0.0,0.05417632684111595,0.4237622022628784,0.20501096546649933,0.009999999776482582,0.009999999776482582,0.0,0.0,0.0,0.0,0.0,0,0,0,0,0,0,0,0,0,0.4237622320652008,0.20501093566417694,0.25,0.0,0.0,0,0.0,0.0,0.0
1784909517.455589,approach,0.2161654135338346,0.07608452130361226,0.4,0.2128966748714447,0.04139766842126846,0.4030327796936035,1.2129770517349243,0.029691308736801147,0.13314369320869446,0.6012170314788818,1.1528483629226685,3.5102639198303223,607,0,0,0.0,0.3807142376899719,0.05417632684111595,2,0.0,0.05417632684111595,0.4237622022628784,0.20501096546649933,0.009999999776482582,0.009999999776482582,0.0,0.0,0.0,0.0,0.0,0,0,0,0,0,0,0,0,0,0.4237622320652008,0.20501093566417694,0.25,0.0,0.0,0,0.0,0.0,0.0
1784909517.476768,approach,0.21679197994987467,0.07498255915935131,0.4,0.2128966748714447,0.04139766842126846,0.4030327796936035,1.2129770517349243,0.029691308736801147,0.13314369320869446,0.6012170314788818,1.1528483629226685,3.5102639198303223,607,0,0,0.0,0.3807142376899719,0.05417632684111595,2,0.0,0.05417632684111595,0.4237622022628784,0.20501096546649933,0.009999999776482582,0.009999999776482582,0.0,0.0,0.0,0.0,0.0,0,0,0,0,0,0,0,0,0,0.4237622320652008,0.20501093566417694,0.25,0.0,0.0,0,0.0,0.0,0.0
1784909517.4998531,approach,0.2174185463659148,0.07374905212708006,0.4,0.21561382710933685,0.0476507730782032,0.40274402499198914,1.1615220308303833,0.02168171852827072,0.12848706543445587,0.8798736929893494,1.0193434953689575,3.5102639198303223,608,0,0,0.0,0.3807142376899719,0.05412214994430542,2,0.0,0.05412214994430542,0.4237622022628784,0.20501095056533813,0.009999999776482582,0.009999999776482582,0.0,0.0,0.0,0.0,0.0,0,0,0,0,0,0,0,0,0,0.4237622320652008,0.20501093566417694,0.25,0.0,0.0,0,0.0,0.0,0.0
1784909517.5249002,approach,0.21804511278195488,0.07238616419728156,0.4,0.21561382710933685,0.0476507730782032,0.40274402499198914,1.1615220308303833,0.02168171852827072,0.12848706543445587,0.8798736929893494,1.0193434953689575,3.5102639198303223,608,0,0,0.0,0.3807142376899719,0.05412214994430542,2,0.0,0.05412214994430542,0.4237622022628784,0.20501095056533813,0.009999999776482582,0.009999999776482582,0.0,0.0,0.0,0.0,0.0,0,0,0,0,0,0,0,0,0,0.4237622320652008,0.20501093566417694,0.25,0.0,0.0,0,0.0,0.0,0.0
1784909517.5490901,approach,0.218671679197995,0.07089628633849719,0.4,0.2165278047323227,0.05375099182128906,0.40436744689941406,1.1017816066741943,0.01402324065566063,0.12021024525165558,1.1596390008926392,0.881732702255249,3.5102639198303223,608,0,0,0.0,0.3807142376899719,0.05412214994430542,2,0.0,0.05412214994430542,0.4237622022628784,0.20501095056533813,0.009999999776482582,0.009999999776482582,0.0,0.0,0.0,0.0,0.0,0,0,0,0,0,0,0,0,0,0.4237622320652008,0.20501093566417694,0.25,0.0,0.0,0,0.0,0.0,0.0
1784909517.5699809,approach,0.21929824561403508,0.06928203230275515,0.4,0.2165278047323227,0.05375099182128906,0.40436744689941406,1.1017816066741943,0.01402324065566063,0.12021024525165558,1.1596390008926392,0.881732702255249,3.5102639198303223,608,0,0,0.0,0.3807142376899719,0.05412214994430542,2,0.0,0.05412214994430542,0.4237622022628784,0.20501095056533813,0.009999999776482582,0.009999999776482582,0.0,0.0,0.0,0.0,0.0,0,0,0,0,0,0,0,0,0,0.4237622320652008,0.20501093566417694,0.25,0.0,0.0,0,0.0,0.0,0.0
1784909517.594372,approach,0.2199248120300752,0.06754623404016115,0.4,0.21696287393569946,0.06023254245519638,0.4047602415084839,1.0551949739456177,0.006889884825795889,0.11052165925502777,1.4097700119018555,0.6900926232337952,3.5102639198303223,609,1,0,0.0,0.3807142376899719,0.054068028926849365,2,0.0,0.054068028926849365,0.4237622022628784,0.20501095056533813,0.009999999776482582,0.009999999776482582,0.0,0.0,0.0,0.0,0.0,0,0,0,0,0,0,0,0,0,0.4237622320652008,0.20501093566417694,0.25,0.0,0.0,0,0.0,0.0,0.0
1784909517.616139,approach,0.22055137844611528,0.06569193673069637,0.4,0.21696287393569946,0.06023254245519638,0.4047602415084839,1.0551949739456177,0.006889884825795889,0.11052165925502777,1.4097700119018555,0.6900926232337952,3.5102639198303223,609,1,0,0.0,0.3807142376899719,0.054068028926849365,2,0.0,0.054068028926849365,0.4237622022628784,0.20501095056533813,0.009999999776482582,0.009999999776482582,0.0,0.0,0.0,0.0,0.0,0,0,0,0,0,0,0,0,0,0.4237622320652008,0.20501093566417694,0.25,0.0,0.0,0,0.0,0.0,0.0
1784909517.636336,approach,0.2211779448621554,0.06372239344193562,0.4,0.2175763100385666,0.06354442983865738,0.40603089332580566,0.996583878993988,0.0029893091414123774,0.09547202289104462,1.6553552150726318,0.5571779012680054,3.5102639198303223,609,1,0,0.0,0.3807142376899719,0.054068028926849365,2,0.0,0.054068028926849365,0.4237622022628784,0.20501095056533813,0.009999999776482582,0.009999999776482582,0.0,0.0,0.0,0.0,0.0,0,0,0,0,0,0,0,0,0,0.4237622320652008,0.20501093566417694,0.25,0.0,0.0,0,0.0,0.0,0.0
1784909517.656756,approach,0.22180451127819548,0.06164105942206319,0.4,0.2175763100385666,0.06354442983865738,0.40603089332580566,0.996583878993988,0.0029893091414123774,0.09547202289104462,1.6553552150726318,0.5571779012680054,3.5102639198303223,609,1,0,0.0,0.3807142376899719,0.054068028926849365,2,0.0,0.054068028926849365,0.4237622022628784,0.20501095056533813,0.009999999776482582,0.009999999776482582,0.0,0.0,0.0,0.0,0.0,0,0,0,0,0,0,0,0,0,0.4237622320652008,0.20501093566417694,0.25,0.0,0.0,0,0.0,0.0,0.0
1784909517.681678,approach,0.2224310776942356,0.05945158603819154,0.4,0.21728861331939697,0.068292036652565,0.4054747521877289,0.9246209859848022,-0.0021291538141667843,0.08018634468317032,1.7492676973342896,0.462302565574646,3.5102639198303223,609,1,0,0.0,0.3807142376899719,0.054068028926849365,2,0.0,0.054068028926849365,0.4237622022628784,0.20501095056533813,0.009999999776482582,0.009999999776482582,0.0,0.0,0.0,0.0,0.0,0,0,0,0,0,0,0,0,0,0.4237622320652008,0.20501093566417694,0.25,0.0,0.0,0,0.0,0.0,0.0
1784909517.7027788,approach,0.22305764411027568,0.05715781437062422,0.4,0.21728861331939697,0.068292036652565,0.4054747521877289,0.9246209859848022,-0.0021291538141667843,0.08018634468317032,1.7492676973342896,0.462302565574646,3.5102639198303223,610,0,0,0.0,0.3807142376899719,0.05401396006345749,2,0.0,0.05401396006345749,0.4237622022628784,0.20501095056533813,0.009999999776482582,0.009999999776482582,0.0,0.0,0.0,0.0,0.0,0,0,0,0,0,0,0,0,0,0.4237622320652008,0.20501093566417694,0.25,0.0,0.0,0,0.0,0.0,0.0
1784909517.725129,approach,0.2236842105263158,0.05476376847429508,0.4,0.21728861331939697,0.068292036652565,0.4054747521877289,0.9246209859848022,-0.0021291538141667843,0.08018634468317032,1.7492676973342896,0.462302565574646,3.5102639198303223,610,0,0,0.0,0.3807142376899719,0.05401396006345749,2,0.0,0.05401396006345749,0.4237622022628784,0.20501095056533813,0.009999999776482582,0.009999999776482582,0.0,0.0,0.0,0.0,0.0,0,0,0,0,0,0,0,0,0,0.4237622320652008,0.20501093566417694,0.25,0.0,0.0,0,0.0,0.0,0.0
1784909517.750222,approach,0.22431077694235588,0.05227364831920848,0.4,0.21701857447624207,0.07205916941165924,0.4043520390987396,0.8109867572784424,-0.00559511873871088,0.06533583998680115,1.8247222900390625,0.29992443323135376,3.5102639198303223,610,0,0,0.0,0.3807142376899719,0.05401396006345749,2,0.0,0.05401396006345749,0.4237622022628784,0.20501095056533813,0.009999999776482582,0.009999999776482582,0.0,0.0,0.0,0.0,0.0,0,0,0,0,0,0,0,0,0,0.4237622320652008,0.20501093566417694,0.25,0.0,0.0,0,0.0,0.0,0.0
1784909517.7753081,approach,0.224937343358396,0.04969182242226482,0.4,0.21701857447624207,0.07205916941165924,0.4043520390987396,0.8109867572784424,-0.00559511873871088,0.06533583998680115,1.8247222900390625,0.29992443323135376,3.5102639198303223,610,0,0,0.0,0.3807142376899719,0.05401396006345749,2,0.0,0.05401396006345749,0.4237622022628784,0.20501095056533813,0.009999999776482582,0.009999999776482582,0.0,0.0,0.0,0.0,0.0,0,0,0,0,0,0,0,0,0,0.4237622320652008,0.20501093566417694,0.25,0.0,0.0,0,0.0,0.0,0.0
1784909517.7970629,approach,0.22556390977443608,0.04702282018339789,0.4,0.2162768542766571,0.07370119541883469,0.40341392159461975,0.6660347580909729,-0.00799223966896534,0.047289445996284485,1.8241841793060303,0.03802637383341789,3.5049853324890137,611,0,0,0.0,0.3807142376899719,0.05401396006345749,2,0.0,0.05401396006345749,0.4237622022628784,0.20501095056533813,0.009999999776482582,0.009999999776482582,0.0,0.0,0.0,0.0,0.0,0,0,0,0,0,0,0,0,0,0.4237622320652008,0.20501093566417694,0.25,0.0,0.0,0,0.0,0.0,0.0
1784909517.821114,approach,0.2261904761904762,0.044271323939467616,0.4,0.2162768542766571,0.07370119541883469,0.40341392159461975,0.6660347580909729,-0.00799223966896534,0.047289445996284485,1.8241841793060303,0.03802637383341789,3.5049853324890137,611,0,0,0.0,0.3807142376899719,0.05401396006345749,2,0.0,0.05401396006345749,0.4237622022628784,0.20501095056533813,0.009999999776482582,0.009999999776482582,0.0,0.0,0.0,0.0,0.0,0,0,0,0,0,0,0,0,0,0.4237622320652008,0.20501093566417694,0.25,0.0,0.0,0,0.0,0.0,0.0
1784909517.8442528,approach,0.22681704260651628,0.04144216074985045,0.4,0.21432049572467804,0.0749901607632637,0.4019278883934021,0.5117328763008118,-0.009037311188876629,0.03159983083605766,1.8321983814239502,-0.24114079773426056,3.5049853324890137,611,0,0,0.0,0.3807142376899719,0.05401396006345749,2,0.0,0.05401396006345749,0.4237622022628784,0.20501095056533813,0.009999999776482582,0.009999999776482582,0.0,0.0,0.0,0.0,0.0,0,0,0,0,0,0,0,0,0,0.4237622320652008,0.20501093566417694,0.25,0.0,0.0,0,0.0,0.0,0.0
1784909517.867321,approach,0.2274436090225564,0.03854029392813731,0.4,0.21432049572467804,0.0749901607632637,0.4019278883934021,0.5117328763008118,-0.009037311188876629,0.03159983083605766,1.8321983814239502,-0.24114079773426056,3.5049853324890137,611,0,0,0.0,0.3807142376899719,0.05401396006345749,2,0.0,0.05401396006345749,0.4237622022628784,0.20501095056533813,0.009999999776482582,0.009999999776482582,0.0,0.0,0.0,0.0,0.0,0,0,0,0,0,0,0,0,0,0.4237622320652008,0.20501093566417694,0.25,0.0,0.0,0,0.0,0.0,0.0
1784909517.8923671,approach,0.22807017543859648,0.0355708143347941,0.4,0.21470217406749725,0.07516831904649734,0.4009634852409363,0.3839530050754547,-0.0054974863305687904,0.012341494672000408,1.840468168258667,-0.5160558819770813,3.5049853324890137,612,0,0,0.0,0.3807142376899719,0.05390598624944687,2,0.0,0.05390598624944687,0.4237622022628784,0.20501095056533813,0.009999999776482582,0.009999999776482582,0.0,0.0,0.0,0.0,0.0,0,0,0,0,0,0,0,0,0,0.4237622320652008,0.20501093566417694,0.25,0.0,0.0,0,0.0,0.0,0.0
1784909517.913364,approach,0.2286967418546366,0.03253893144606411,0.4,0.21470217406749725,0.07516831904649734,0.4009634852409363,0.3839530050754547,-0.0054974863305687904,0.012341494672000408,1.840468168258667,-0.5160558819770813,3.5049853324890137,612,0,0,0.0,0.3807142376899719,0.05390598624944687,2,0.0,0.05390598624944687,0.4237622022628784,0.20501095056533813,0.009999999776482582,0.009999999776482582,0.0,0.0,0.0,0.0,0.0,0,0,0,0,0,0,0,0,0,0.4237622320652008,0.20501093566417694,0.25,0.0,0.0,0,0.0,0.0,0.0
1784909517.937473,approach,0.22932330827067668,0.029449964214774256,0.4,0.21255064010620117,0.07300843298435211,0.3996603786945343,0.28958654403686523,-0.004467230290174484,-0.00810651108622551,1.813788652420044,-0.6584629416465759,3.5049853324890137,612,0,0,0.0,0.3807142376899719,0.05390598624944687,2,0.0,0.05390598624944687,0.4237622022628784,0.20501095056533813,0.009999999776482582,0.009999999776482582,0.0,0.0,0.0,0.0,0.0,0,0,0,0,0,0,0,0,0,0.4237622320652008,0.20501093566417694,0.25,0.0,0.0,0,0.0,0.0,0.0
1784909517.9613461,approach,0.2299498746867168,0.026309331739086606,0.4,0.21255064010620117,0.07300843298435211,0.3996603786945343,0.28958654403686523,-0.004467230290174484,-0.00810651108622551,1.813788652420044,-0.6584629416465759,3.5049853324890137,612,0,0,0.0,0.3807142376899719,0.05390598624944687,2,0.0,0.05390598624944687,0.4237622022628784,0.20501095056533813,0.009999999776482582,0.009999999776482582,0.0,0.0,0.0,0.0,0.0,0,0,0,0,0,0,0,0,0,0.4237622320652008,0.20501093566417694,0.25,0.0,0.0,0,0.0,0.0,0.0
1784909517.9850209,approach,0.23057644110275688,0.02312254375555774,0.4,0.21362435817718506,0.06904150545597076,0.3993251323699951,0.22098493576049805,0.0039769732393324375,-0.0295739583671093,1.6590795516967773,-0.7833445072174072,3.499706745147705,613,0,0,0.0,0.3807142376899719,0.053852081298828125,2,0.0,0.053852081298828125,0.4237622022628784,0.20501095056533813,0.009999999776482582,0.009999999776482582,0.0,0.0,0.0,0.0,0.0,0,0,0,0,0,0,0,0,0,0.4237622320652008,0.20501093566417694,0.25,0.0,0.0,0,0.0,0.0,0.0
1784909518.008985,approach,0.231203007518797,0.019895190973188457,0.4,0.21362435817718506,0.06904150545597076,0.3993251323699951,0.22098493576049805,0.0039769732393324375,-0.0295739583671093,1.6590795516967773,-0.7833445072174072,3.499706745147705,613,0,0,0.0,0.3807142376899719,0.053852081298828125,2,0.0,0.053852081298828125,0.4237622022628784,0.20501095056533813,0.009999999776482582,0.009999999776482582,0.0,0.0,0.0,0.0,0.0,0,0,0,0,0,0,0,0,0,0.4237622320652008,0.20501093566417694,0.25,0.0,0.0,0,0.0,0.0,0.0
1784909518.033379,approach,0.23182957393483708,0.01663293526542075,0.4,0.2152204066514969,0.06579900532960892,0.3990108072757721,0.17378926277160645,0.017965275794267654,-0.04785719886422157,1.4078956842422485,-0.8982004523277283,3.499706745147705,613,0,0,0.0,0.3807142376899719,0.053852081298828125,2,0.0,0.053852081298828125,0.4237622022628784,0.20501095056533813,0.009999999776482582,0.009999999776482582,0.0,0.0,0.0,0.0,0.0,0,0,0,0,0,0,0,0,0,0.4237622320652008,0.20501093566417694,0.25,0.0,0.0,0,0.0,0.0,0.0
1784909518.053758,approach,0.2324561403508772,0.01334149973728825,0.4,0.2152204066514969,0.06579900532960892,0.3990108072757721,0.17378926277160645,0.017965275794267654,-0.04785719886422157,1.4078956842422485,-0.8982004523277283,3.499706745147705,613,0,0,0.0,0.3807142376899719,0.053852081298828125,2,0.0,0.053852081298828125,0.4237622022628784,0.20501095056533813,0.009999999776482582,0.009999999776482582,0.0,0.0,0.0,0.0,0.0,0,0,0,0,0,0,0,0,0,0.4237622320652008,0.20501093566417694,0.25,0.0,0.0,0,0.0,0.0,0.0
1784909518.076424,approach,0.23308270676691728,0.01002665868514419,0.4,0.2152204066514969,0.06579900532960892,0.3990108072757721,0.17378926277160645,0.017965275794267654,-0.04785719886422157,1.4078956842422485,-0.8982004523277283,3.499706745147705,613,0,0,0.0,0.3807142376899719,0.053852081298828125,2,0.0,0.053852081298828125,0.4237622022628784,0.20501095056533813,0.009999999776482582,0.009999999776482582,0.0,0.0,0.0,0.0,0.0,0,0,0,0,0,0,0,0,0,0.4237622320652008,0.20501093566417694,0.25,0.0,0.0,0,0.0,0.0,0.0
1784909518.101536,approach,0.2337092731829574,0.006694227466585298,0.4,0.21718162298202515,0.05933297425508499,0.3995261490345001,0.13084618747234344,0.023266170173883438,-0.06472837179899216,1.1481990814208984,-0.84043288230896,3.5102639198303223,614,0,0,0.0,0.3807142376899719,0.05379822850227356,2,0.0,0.05379822850227356,0.4237622022628784,0.20501095056533813,0.009999999776482582,0.009999999776482582,0.0,0.0,0.0,0.0,0.0,0,0,0,0,0,0,0,0,0,0.4237622320652008,0.20501093566417694,0.25,0.0,0.0,0,0.0,0.0,0.0
1784909518.122001,approach,0.23433583959899748,0.0033500522983359532,0.4,0.21718162298202515,0.05933297425508499,0.3995261490345001,0.13084618747234344,0.023266170173883438,-0.06472837179899216,1.1481990814208984,-0.84043288230896,3.5102639198303223,614,0,0,0.0,0.3807142376899719,0.05379822850227356,2,0.0,0.05379822850227356,0.4237622022628784,0.20501095056533813,0.009999999776482582,0.009999999776482582,0.0,0.0,0.0,0.0,0.0,0,0,0,0,0,0,0,0,0,0.4237622320652008,0.20501093566417694,0.25,0.0,0.0,0,0.0,0.0,0.0
1784909518.1422799,approach,0.2349624060150376,1.9109441911791416e-16,0.4,0.22074048221111298,0.05407247692346573,0.39961183071136475,0.07160510867834091,0.03765714168548584,-0.08090056478977203,0.9225469827651978,-0.75254887342453,3.5102639198303223,614,0,0,0.0,0.3807142376899719,0.05379822850227356,2,0.0,0.05379822850227356,0.4237622022628784,0.20501095056533813,0.009999999776482582,0.009999999776482582,0.0,0.0,0.0,0.0,0.0,0,0,0,0,0,0,0,0,0,0.4237622320652008,0.20501093566417694,0.25,0.0,0.0,0,0.0,0.0,0.0
1784909518.1664262,approach,0.23558897243107768,-0.003350052298335997,0.4,0.22074048221111298,0.05407247692346573,0.39961183071136475,0.07160510867834091,0.03765714168548584,-0.08090056478977203,0.9225469827651978,-0.75254887342453,3.5102639198303223,614,0,0,0.0,0.3807142376899719,0.05379822850227356,2,0.0,0.05379822850227356,0.4237622022628784,0.20501095056533813,0.009999999776482582,0.009999999776482582,0.0,0.0,0.0,0.0,0.0,0,0,0,0,0,0,0,0,0,0.4237622320652008,0.20501093566417694,0.25,0.0,0.0,0,0.0,0.0,0.0
1784909518.187969,approach,0.2362155388471178,-0.0066942274665852,0.4,0.22325097024440765,0.04795544967055321,0.4019696116447449,0.020161516964435577,0.041545331478118896,-0.08813647925853729,0.6640850305557251,-0.5850304365158081,3.5102639198303223,615,0,0,0.0,0.3807142376899719,0.05374443158507347,2,0.0,0.05374443158507347,0.4237622022628784,0.20501095056533813,0.009999999776482582,0.009999999776482582,0.0,0.0,0.0,0.0,0.0,0,0,0,0,0,0,0,0,0,0.4237622320652008,0.20501093566417694,0.25,0.0,0.0,0,0.0,0.0,0.0
1784909518.2120671,approach,0.23684210526315788,-0.010026658685144376,0.4,0.22325097024440765,0.04795544967055321,0.4019696116447449,0.020161516964435577,0.041545331478118896,-0.08813647925853729,0.6640850305557251,-0.5850304365158081,3.5102639198303223,615,0,0,0.0,0.3807142376899719,0.05374443158507347,2,0.0,0.05374443158507347,0.4237622022628784,0.20501095056533813,0.009999999776482582,0.009999999776482582,0.0,0.0,0.0,0.0,0.0,0,0,0,0,0,0,0,0,0,0.4237622320652008,0.20501093566417694,0.25,0.0,0.0,0,0.0,0.0,0.0
1784909518.232397,approach,0.237468671679198,-0.013341499737288152,0.4,0.22877202928066254,0.0444299578666687,0.4029518663883209,-0.023609710857272148,0.05000222101807594,-0.09275329858064651,0.5496777296066284,-0.3607320487499237,3.5102639198303223,615,0,0,0.0,0.3807142376899719,0.05374443158507347,2,0.0,0.05374443158507347,0.4237622022628784,0.20501095056533813,0.009999999776482582,0.009999999776482582,0.0,0.0,0.0,0.0,0.0,0,0,0,0,0,0,0,0,0,0.4237622320652008,0.20501093566417694,0.25,0.0,0.0,0,0.0,0.0,0.0
1784909518.254645,approach,0.23809523809523808,-0.016632935265420652,0.4,0.22877202928066254,0.0444299578666687,0.4029518663883209,-0.023609710857272148,0.05000222101807594,-0.09275329858064651,0.5496777296066284,-0.3607320487499237,3.5102639198303223,615,0,0,0.0,0.3807142376899719,0.05374443158507347,2,0.0,0.05374443158507347,0.4237622022628784,0.20501095056533813,0.009999999776482582,0.009999999776482582,0.0,0.0,0.0,0.0,0.0,0,0,0,0,0,0,0,0,0,0.4237622320652008,0.20501093566417694,0.25,0.0,0.0,0,0.0,0.0,0.0
1784909518.278402,approach,0.2387218045112782,-0.019895190973188363,0.4,0.22877202928066254,0.0444299578666687,0.4029518663883209,-0.023609710857272148,0.05000222101807594,-0.09275329858064651,0.5496777296066284,-0.3607320487499237,3.5102639198303223,615,0,0,0.0,0.3807142376899719,0.05374443158507347,2,0.0,0.05374443158507347,0.4237622022628784,0.20501095056533813,0.009999999776482582,0.009999999776482582,0.0,0.0,0.0,0.0,0.0,0,0,0,0,0,0,0,0,0,0.4237622320652008,0.20501093566417694,0.25,0.0,0.0,0,0.0,0.0,0.0
1784909518.302794,approach,0.23934837092731828,-0.023122543755557917,0.4,0.2302265763282776,0.03792070597410202,0.4050552546977997,-0.052799224853515625,0.05244770273566246,-0.09909452497959137,0.47032082080841064,-0.14187796413898468,3.5102639198303223,616,0,0,0.0,0.3807142376899719,0.05369068682193756,2,0.0,0.05369068682193756,0.4237622022628784,0.20501095056533813,0.009999999776482582,0.009999999776482582,0.0,0.0,0.0,0.0,0.0,0,0,0,0,0,0,0,0,0,0.4237622320652008,0.20501093566417694,0.25,0.0,0.0,0,0.0,0.0,0.0
1784909518.325758,approach,0.2399749373433584,-0.02630933173908665,0.4,0.2302265763282776,0.03792070597410202,0.4050552546977997,-0.052799224853515625,0.05244770273566246,-0.09909452497959137,0.47032082080841064,-0.14187796413898468,3.5102639198303223,616,0,0,0.0,0.3807142376899719,0.05369068682193756,2,0.0,0.05369068682193756,0.4237622022628784,0.20501095056533813,0.009999999776482582,0.009999999776482582,0.0,0.0,0.0,0.0,0.0,0,0,0,0,0,0,0,0,0,0.4237622320652008,0.20501093566417694,0.25,0.0,0.0,0,0.0,0.0,0.0
1784909518.349998,approach,0.24060150375939848,-0.02944996421477403,0.4,0.23532305657863617,0.033275485038757324,0.405923455953598,-0.10665770620107651,0.05910595878958702,-0.09931632876396179,0.35808122158050537,0.14564158022403717,3.5102639198303223,616,0,0,0.0,0.3807142376899719,0.05369068682193756,2,0.0,0.05369068682193756,0.4237622022628784,0.20501095056533813,0.009999999776482582,0.009999999776482582,0.0,0.0,0.0,0.0,0.0,0,0,0,0,0,0,0,0,0,0.4237622320652008,0.20501093566417694,0.25,0.0,0.0,0,0.0,0.0,0.0
1784909518.3741262,approach,0.2412280701754386,-0.032538931446064144,0.4,0.23532305657863617,0.033275485038757324,0.405923455953598,-0.10665770620107651,0.05910595878958702,-0.09931632876396179,0.35808122158050537,0.14564158022403717,3.5102639198303223,616,0,0,0.0,0.3807142376899719,0.05369068682193756,2,0.0,0.05369068682193756,0.4237622022628784,0.20501095056533813,0.009999999776482582,0.009999999776482582,0.0,0.0,0.0,0.0,0.0,0,0,0,0,0,0,0,0,0,0.4237622320652008,0.20501093566417694,0.25,0.0,0.0,0,0.0,0.0,0.0
1784909518.395961,approach,0.24185463659147868,-0.035570814334794136,0.4,0.23897528648376465,0.028455201536417007,0.4046245515346527,-0.20010682940483093,0.05664252117276192,-0.10424970835447311,0.32778483629226685,0.47032034397125244,3.5049853324890137,617,0,0,0.0,0.3807142376899719,0.05363699793815613,2,0.0,0.05363699793815613,0.4237622022628784,0.20501095056533813,0.009999999776482582,0.009999999776482582,0.0,0.0,0.0,0.0,0.0,0,0,0,0,0,0,0,0,0,0.4237622320652008,0.20501093566417694,0.25,0.0,0.0,0,0.0,0.0,0.0
1784909518.421058,approach,0.2424812030075188,-0.03854029392813723,0.4,0.23897528648376465,0.028455201536417007,0.4046245515346527,-0.20010682940483093,0.05664252117276192,-0.10424970835447311,0.32778483629226685,0.47032034397125244,3.5049853324890137,617,0,0,0.0,0.3807142376899719,0.05363699793815613,2,0.0,0.05363699793815613,0.4237622022628784,0.20501095056533813,0.009999999776482582,0.009999999776482582,0.0,0.0,0.0,0.0,0.0,0,0,0,0,0,0,0,0,0,0.4237622320652008,0.20501093566417694,0.25,0.0,0.0,0,0.0,0.0,0.0
1784909518.44239,approach,0.24310776942355888,-0.041442160749850486,0.4,0.24278919398784637,0.024258967489004135,0.4023122787475586,-0.30946362018585205,0.05177644267678261,-0.10406913608312607,0.3232842683792114,0.6687195301055908,3.5049853324890137,617,0,0,0.0,0.3807142376899719,0.05363699793815613,2,0.0,0.05363699793815613,0.4237622022628784,0.20501095056533813,0.009999999776482582,0.009999999776482582,0.0,0.0,0.0,0.0,0.0,0,0,0,0,0,0,0,0,0,0.4237622320652008,0.20501093566417694,0.25,0.0,0.0,0,0.0,0.0,0.0
1784909518.4635258,approach,0.243734335839599,-0.04427132393946742,0.4,0.24278919398784637,0.024258967489004135,0.4023122787475586,-0.30946362018585205,0.05177644267678261,-0.10406913608312607,0.3232842683792114,0.6687195301055908,3.5049853324890137,617,0,0,0.0,0.3807142376899719,0.05363699793815613,2,0.0,0.05363699793815613,0.4237622022628784,0.20501095056533813,0.009999999776482582,0.009999999776482582,0.0,0.0,0.0,0.0,0.0,0,0,0,0,0,0,0,0,0,0.4237622320652008,0.20501093566417694,0.25,0.0,0.0,0,0.0,0.0,0.0
1784909518.488628,approach,0.24436090225563908,-0.04702282018339781,0.4,0.2464296966791153,0.01916070096194744,0.4007531404495239,-0.3788924217224121,0.04983404651284218,-0.10692288726568222,0.27218589186668396,0.8524508476257324,3.499706745147705,618,0,0,0.0,0.3807142376899719,0.05363699793815613,2,0.0,0.05363699793815613,0.4237622022628784,0.20501095056533813,0.009999999776482582,0.009999999776482582,0.0,0.0,0.0,0.0,0.0,0,0,0,0,0,0,0,0,0,0.4237622320652008,0.20501093566417694,0.25,0.0,0.0,0,0.0,0.0,0.0
1784909518.511383,approach,0.2449874686716792,-0.04969182242226485,0.4,0.2464296966791153,0.01916070096194744,0.4007531404495239,-0.3788924217224121,0.04983404651284218,-0.10692288726568222,0.27218589186668396,0.8524508476257324,3.499706745147705,618,0,0,0.0,0.3807142376899719,0.05363699793815613,2,0.0,0.05363699793815613,0.4237622022628784,0.20501095056533813,0.009999999776482582,0.009999999776482582,0.0,0.0,0.0,0.0,0.0,0,0,0,0,0,0,0,0,0,0.4237622320652008,0.20501093566417694,0.25,0.0,0.0,0,0.0,0.0,0.0
1784909518.5319722,approach,0.24561403508771928,-0.0522736483192083,0.4,0.2507164478302002,0.015918128192424774,0.39980390667915344,-0.44617271423339844,0.04614420235157013,-0.10245209187269211,0.2224353700876236,1.0746581554412842,3.499706745147705,618,0,0,0.0,0.3807142376899719,0.05363699793815613,2,0.0,0.05363699793815613,0.4237622022628784,0.20501095056533813,0.009999999776482582,0.009999999776482582,0.0,0.0,0.0,0.0,0.0,0,0,0,0,0,0,0,0,0,0.4237622320652008,0.20501093566417694,0.25,0.0,0.0,0,0.0,0.0,0.0
1784909518.5567648,approach,0.2462406015037594,-0.054763768474295225,0.4,0.2507164478302002,0.015918128192424774,0.39980390667915344,-0.44617271423339844,0.04614420235157013,-0.10245209187269211,0.2224353700876236,1.0746581554412842,3.499706745147705,618,0,0,0.0,0.3807142376899719,0.05363699793815613,2,0.0,0.05363699793815613,0.4237622022628784,0.20501095056533813,0.009999999776482582,0.009999999776482582,0.0,0.0,0.0,0.0,0.0,0,0,0,0,0,0,0,0,0,0.4237622320652008,0.20501093566417694,0.25,0.0,0.0,0,0.0,0.0,0.0
1784909518.578031,approach,0.24686716791979949,-0.057157814370624255,0.4,0.2507164478302002,0.015918128192424774,0.39980390667915344,-0.44617271423339844,0.04614420235157013,-0.10245209187269211,0.2224353700876236,1.0746581554412842,3.499706745147705,618,0,0,0.0,0.3807142376899719,0.05363699793815613,2,0.0,0.05363699793815613,0.4237622022628784,0.20501095056533813,0.009999999776482582,0.009999999776482582,0.0,0.0,0.0,0.0,0.0,0,0,0,0,0,0,0,0,0,0.4237622320652008,0.20501093566417694,0.25,0.0,0.0,0,0.0,0.0,0.0
1784909518.600717,approach,0.2474937343358396,-0.05945158603819157,0.4,0.25362861156463623,0.011740968562662601,0.3982298672199249,-0.5207086801528931,0.037635527551174164,-0.10452629625797272,0.24849259853363037,1.1575798988342285,3.5102639198303223,618,0,0,0.0,0.3807142376899719,0.05358336120843887,2,0.0,0.05358336120843887,0.4237622022628784,0.20501095056533813,0.009999999776482582,0.009999999776482582,0.0,0.0,0.0,0.0,0.0,0,0,0,0,0,0,0,0,0,0.4237622320652008,0.20501093566417694,0.25,0.0,0.0,0,0.0,0.0,0.0
1784909518.6250272,approach,0.24812030075187969,-0.061641059422063216,0.4,0.25362861156463623,0.011740968562662601,0.3982298672199249,-0.5207086801528931,0.037635527551174164,-0.10452629625797272,0.24849259853363037,1.1575798988342285,3.5102639198303223,618,0,0,0.0,0.3807142376899719,0.05358336120843887,2,0.0,0.05358336120843887,0.4237622022628784,0.20501095056533813,0.009999999776482582,0.009999999776482582,0.0,0.0,0.0,0.0,0.0,0,0,0,0,0,0,0,0,0,0.4237622320652008,0.20501093566417694,0.25,0.0,0.0,0,0.0,0.0,0.0
1784909518.649718,approach,0.2487468671679198,-0.06372239344193564,0.4,0.2558734118938446,0.005168190225958824,0.398607075214386,-0.6165518760681152,0.032332196831703186,-0.10734124481678009,0.28942516446113586,1.1648839712142944,3.5102639198303223,618,0,0,0.0,0.3807142376899719,0.05358336120843887,2,0.0,0.05358336120843887,0.4237622022628784,0.20501095056533813,0.009999999776482582,0.009999999776482582,0.0,0.0,0.0,0.0,0.0,0,0,0,0,0,0,0,0,0,0.4237622320652008,0.20501093566417694,0.25,0.0,0.0,0,0.0,0.0,0.0
1784909518.67122,approach,0.24937343358395989,-0.06569193673069632,0.4,0.2558734118938446,0.005168190225958824,0.398607075214386,-0.6165518760681152,0.032332196831703186,-0.10734124481678009,0.28942516446113586,1.1648839712142944,3.5102639198303223,618,0,0,0.0,0.3807142376899719,0.05358336120843887,2,0.0,0.05358336120843887,0.4237622022628784,0.20501095056533813,0.009999999776482582,0.009999999776482582,0.0,0.0,0.0,0.0,0.0,0,0,0,0,0,0,0,0,0,0.4237622320652008,0.20501093566417694,0.25,0.0,0.0,0,0.0,0.0,0.0
1784909518.691759,approach,0.25,-0.06754623404016125,0.4,0.25802066922187805,0.0005879602394998074,0.3987928628921509,-0.6950934529304504,0.02059818245470524,-0.11026855558156967,0.3466292917728424,1.0925078392028809,3.5102639198303223,619,0,0,0.0,0.3807142376899719,0.053529780358076096,2,0.0,0.053529780358076096,0.4237622022628784,0.20501095056533813,0.009999999776482582,0.009999999776482582,0.0,0.0,0.0,0.0,0.0,0,0,0,0,0,0,0,0,0,0.4237622320652008,0.20501093566417694,0.25,0.0,0.0,0,0.0,0.0,0.0
1784909518.712824,approach,0.25,0.0,0.4,0.25802066922187805,0.0005879602394998074,0.3987928628921509,-0.6950934529304504,0.02059818245470524,-0.11026855558156967,0.3466292917728424,1.0925078392028809,3.5102639198303223,619,0,0,0.0,0.3807142376899719,0.053529780358076096,2,0.0,0.053529780358076096,0.4237622022628784,0.20501095056533813,0.009999999776482582,0.009999999776482582,0.0,0.0,0.0,0.0,0.0,0,0,0,0,0,0,0,0,0,0.4237622320652008,0.20501093566417694,0.25,0.0,0.0,0,0.0,0.0,0.0
1784909518.7349231,approach,0.25,0.0033500522983359706,0.4,0.2598019540309906,-0.005624677985906601,0.39857810735702515,-0.7561633586883545,0.013164734467864037,-0.11447769403457642,0.33602434396743774,1.0392825603485107,3.5102639198303223,619,0,0,0.0,0.3807142376899719,0.053529780358076096,2,0.0,0.053529780358076096,0.4237622022628784,0.20501095056533813,0.009999999776482582,0.009999999776482582,0.0,0.0,0.0,0.0,0.0,0,0,0,0,0,0,0,0,0,0.4237622320652008,0.20501093566417694,0.25,0.0,0.0,0,0.0,0.0,0.0
1784909518.755223,approach,0.25,0.00669422746658524,0.4,0.2598019540309906,-0.005624677985906601,0.39857810735702515,-0.7561633586883545,0.013164734467864037,-0.11447769403457642,0.33602434396743774,1.0392825603485107,3.5102639198303223,619,0,0,0.0,0.3807142376899719,0.053529780358076096,2,0.0,0.053529780358076096,0.4237622022628784,0.20501095056533813,0.009999999776482582,0.009999999776482582,0.0,0.0,0.0,0.0,0.0,0,0,0,0,0,0,0,0,0,0.4237622320652008,0.20501093566417694,0.25,0.0,0.0,0,0.0,0.0,0.0
1784909518.777372,approach,0.25,0.010026658685144338,0.4,0.2598019540309906,-0.005624677985906601,0.39857810735702515,-0.7561633586883545,0.013164734467864037,-0.11447769403457642,0.33602434396743774,1.0392825603485107,3.5102639198303223,619,0,0,0.0,0.3807142376899719,0.053529780358076096,2,0.0,0.053529780358076096,0.4237622022628784,0.20501095056533813,0.009999999776482582,0.009999999776482582,0.0,0.0,0.0,0.0,0.0,0,0,0,0,0,0,0,0,0,0.4237622320652008,0.20501093566417694,0.25,0.0,0.0,0,0.0,0.0,0.0
1784909518.802461,approach,0.25,0.013341499737288183,0.4,0.2604348659515381,-0.009274637326598167,0.3992931842803955,-0.7770925164222717,0.0048267110250890255,-0.11086533963680267,-0.3030145764350891,1.0508924722671509,3.5102639198303223,620,0,0,0.0,0.3807142376899719,0.053476251661777496,2,0.0,0.053476251661777496,0.4237622022628784,0.20501095056533813,0.009999999776482582,0.009999999776482582,0.0,0.0,0.0,0.0,0.0,0,0,0,0,0,0,0,0,0,0.4237622320652008,0.20501093566417694,0.25,0.0,0.0,0,0.0,0.0,0.0
1784909518.827568,approach,0.25,0.016632935265420746,0.4,0.26086679100990295,-0.012879077345132828,0.39950132369995117,-0.8125812411308289,0.0048267110250890255,-0.11086533963680267,-0.3030145764350891,1.0508924722671509,3.5102639198303223,620,0,0,0.0,0.3807142376899719,0.053476251661777496,2,0.0,0.053476251661777496,0.4237622022628784,0.20501095056533813,0.009999999776482582,0.009999999776482582,0.0,0.0,0.0,0.0,0.0,0,0,0,0,0,0,0,0,0,0.4237622320652008,0.20501093566417694,0.25,0.0,0.0,0,0.0,0.0,0.0
1784909518.852107,approach,0.25,0.01989519097318838,0.4,0.26086679100990295,-0.012879077345132828,0.39950132369995117,-0.8125812411308289,-0.0031446395441889763,-0.10088265687227249,-1.5517172813415527,0.9737964272499084,3.5102639198303223,620,0,0,0.0,0.3807142376899719,0.053476251661777496,2,0.0,0.053476251661777496,0.4237622022628784,0.20501095056533813,0.009999999776482582,0.009999999776482582,0.0,0.0,0.0,0.0,0.0,0,0,0,0,0,0,0,0,0,0.4237622320652008,0.20501093566417694,0.25,0.0,0.0,0,0.0,0.0,0.0
1784909518.874728,approach,0.25,0.02312254375555773,0.4,0.26086679100990295,-0.012879077345132828,0.39950132369995117,-0.8125812411308289,-0.0031446395441889763,-0.10088265687227249,-1.5517172813415527,0.9737964272499084,3.5102639198303223,620,0,0,0.0,0.3807142376899719,0.053476251661777496,2,0.0,0.053476251661777496,0.4237622022628784,0.20501095056533813,0.009999999776482582,0.009999999776482582,0.0,0.0,0.0,0.0,0.0,0,0,0,0,0,0,0,0,0,0.4237622320652008,0.20501093566417694,0.25,0.0,0.0,0,0.0,0.0,0.0
1784909518.899233,approach,0.25,0.026309331739086658,0.4,0.2609793245792389,-0.016458828002214432,0.39986804127693176,-0.8610149621963501,-0.009582645259797573,-0.08214396983385086,-2.420833110809326,0.7745339870452881,3.5102639198303223,621,2,2,0.1752932071685791,0.3807142376899719,0.053422775119543076,2,1.0,0.053422775119543076,0.4237622320652008,0.20501095056533813,0.009999999776482582,0.009999999776482582,0.0,0.0,0.0,0.0,0.0,0,0,0,0,0,2,1,0,24,0.4237622320652008,0.20501095056533813,0.25,0.053422775119543076,-0.22549211978912354,1,0.4237622320652008,0.20501095056533813,0.053422775119543076
1784909519.138367,admm_settle,0.2609793245792389,-0.016458828002214432,0.4,0.2581755220890045,-0.016062352806329727,0.3994781970977783,-0.9000075459480286,-0.02153284102678299,0.06427697092294693,-1.1144332885742188,0.9647352695465088,3.499706745147705,622,0,0,0.0,0.3807142376899719,0.05336935445666313,2,1.0,0.05336935445666313,0.4237622022628784,0.20501095056533813,0.009999999776482582,0.009999999776482582,0.0,0.0,0.0,0.0,0.0,0,0,0,0,0,2,1,1,24,0.4237622320652008,0.20501095056533813,0.25,0.053422775119543076,-0.22205519676208496,1,0.4237622320652008,0.20501095056533813,0.053422775119543076
1784909519.163239,admm_settle,0.2609793245792389,-0.016458828002214432,0.4,0.2581755220890045,-0.016062352806329727,0.3994781970977783,-0.9000075459480286,-0.02153284102678299,0.06427697092294693,-1.1144332885742188,0.9647352695465088,3.499706745147705,622,0,0,0.0,0.3807142376899719,0.05336935445666313,2,1.0,0.05336935445666313,0.4237622022628784,0.20501095056533813,0.009999999776482582,0.009999999776482582,0.0,0.0,0.0,0.0,0.0,0,0,0,0,0,2,1,1,24,0.4237622320652008,0.20501095056533813,0.25,0.053422775119543076,-0.2277834415435791,1,0.4237622320652008,0.20501095056533813,0.053422775119543076
1784909519.1877198,admm_settle,0.2609793245792389,-0.016458828002214432,0.4,0.2596346437931061,-0.006833983585238457,0.398561954498291,-0.8518072962760925,-0.03490028157830238,0.07045168429613113,1.8746963739395142,2.6411430835723877,3.499706745147705,623,0,0,0.0,0.3807142376899719,0.053315985947847366,2,1.0,0.053315985947847366,0.4237622022628784,0.20501095056533813,0.009999999776482582,0.009999999776482582,0.0,0.0,0.0,0.0,0.0,0,0,0,0,0,2,1,1,24,0.4237622320652008,0.20501095056533813,0.25,0.053422775119543076,-0.22835475206375122,1,0.4237622320652008,0.20501095056533813,0.053422775119543076
1784909519.209385,admm_settle,0.2609793245792389,-0.016458828002214432,0.4,0.2596346437931061,-0.006833983585238457,0.398561954498291,-0.8518072962760925,-0.03490028157830238,0.07045168429613113,1.8746963739395142,2.6411430835723877,3.499706745147705,623,0,0,0.0,0.3807142376899719,0.053315985947847366,2,1.0,0.053315985947847366,0.4237622022628784,0.20501095056533813,0.009999999776482582,0.009999999776482582,0.0,0.0,0.0,0.0,0.0,0,0,0,0,0,2,1,1,24,0.4237622320652008,0.20501095056533813,0.25,0.053422775119543076,-0.22835475206375122,1,0.4237622320652008,0.20501095056533813,0.053422775119543076
1784909519.229679,admm_settle,0.2609793245792389,-0.016458828002214432,0.4,0.2575543522834778,-0.004116214346140623,0.3995090126991272,-0.8862672448158264,-0.06582077592611313,0.03907493129372597,5.4449334144592285,4.29145622253418,3.499706745147705,623,0,0,0.0,0.3807142376899719,0.053315985947847366,2,1.0,0.053315985947847366,0.4237622022628784,0.20501095056533813,0.009999999776482582,0.009999999776482582,0.0,0.0,0.0,0.0,0.0,0,0,0,0,0,2,1,1,24,0.4237622320652008,0.20501095056533813,0.25,0.053422775119543076,-0.22835475206375122,1,0.4237622320652008,0.20501095056533813,0.053422775119543076
1784909519.25439,admm_settle,0.2609793245792389,-0.016458828002214432,0.4,0.2575543522834778,-0.004116214346140623,0.3995090126991272,-0.8862672448158264,-0.06582077592611313,0.03907493129372597,5.4449334144592285,4.29145622253418,3.499706745147705,623,0,0,0.0,0.3807142376899719,0.053315985947847366,2,1.0,0.053315985947847366,0.4237622022628784,0.20501095056533813,0.009999999776482582,0.009999999776482582,0.0,0.0,0.0,0.0,0.0,0,0,0,0,0,2,1,1,24,0.4237622320652008,0.20501095056533813,0.25,0.053422775119543076,-0.23089441657066345,1,0.4237622320652008,0.20501095056533813,0.053422775119543076
1784909519.275669,admm_settle,0.2609793245792389,-0.016458828002214432,0.4,0.2575543522834778,-0.004116214346140623,0.3995090126991272,-0.8862672448158264,-0.06582077592611313,0.03907493129372597,5.4449334144592285,4.29145622253418,3.499706745147705,623,0,0,0.0,0.3807142376899719,0.053315985947847366,2,1.0,0.053315985947847366,0.4237622022628784,0.20501095056533813,0.009999999776482582,0.009999999776482582,0.0,0.0,0.0,0.0,0.0,0,0,0,0,0,2,1,1,24,0.4237622320652008,0.20501095056533813,0.25,0.053422775119543076,-0.23089441657066345,1,0.4237622320652008,0.20501095056533813,0.053422775119543076
1784909519.300718,admm_settle,0.2609793245792389,-0.016458828002214432,0.4,0.2526188790798187,-0.0005539610283449292,0.40007245540618896,-0.9414200782775879,-0.10641717910766602,-0.00901529286056757,8.792186737060547,5.570866584777832,3.5049853324890137,624,0,0,0.0,0.3807142376899719,0.05326266959309578,2,1.0,0.05326266959309578,0.4237622022628784,0.20501095056533813,0.009999999776482582,0.009999999776482582,0.0,0.0,0.0,0.0,0.0,0,0,0,0,0,2,1,1,24,0.4237622320652008,0.20501095056533813,0.25,0.053422775119543076,-0.23355862498283386,1,0.4237622320652008,0.20501095056533813,0.053422775119543076
1784909519.32384,admm_settle,0.2609793245792389,-0.016458828002214432,0.4,0.2526188790798187,-0.0005539610283449292,0.40007245540618896,-0.9414200782775879,-0.10641717910766602,-0.00901529286056757,8.792186737060547,5.570866584777832,3.5049853324890137,624,0,0,0.0,0.3807142376899719,0.05326266959309578,2,1.0,0.05326266959309578,0.4237622022628784,0.20501095056533813,0.009999999776482582,0.009999999776482582,0.0,0.0,0.0,0.0,0.0,0,0,0,0,0,2,1,1,24,0.4237622320652008,0.20501095056533813,0.25,0.053422775119543076,-0.23355862498283386,1,0.4237622320652008,0.20501095056533813,0.053422775119543076
1784909519.3471,admm_settle,0.2609793245792389,-0.016458828002214432,0.4,0.2459452897310257,-0.0006150444969534874,0.4016420841217041,-0.9866713285446167,-0.1577354371547699,-0.08905762434005737,11.23298454284668,6.6298298835754395,3.5049853324890137,624,0,0,0.0,0.3807142376899719,0.05326266959309578,2,1.0,0.05326266959309578,0.4237622022628784,0.20501095056533813,0.009999999776482582,0.009999999776482582,0.0,0.0,0.0,0.0,0.0,0,0,0,0,0,2,1,1,24,0.4237622320652008,0.20501095056533813,0.25,0.053422775119543076,-0.22782349586486816,1,0.4237622320652008,0.20501095056533813,0.053422775119543076
1784909519.367218,admm_settle,0.2609793245792389,-0.016458828002214432,0.4,0.2459452897310257,-0.0006150444969534874,0.4016420841217041,-0.9866713285446167,-0.1577354371547699,-0.08905762434005737,11.23298454284668,6.6298298835754395,3.5049853324890137,624,0,0,0.0,0.3807142376899719,0.05326266959309578,2,1.0,0.05326266959309578,0.4237622022628784,0.20501095056533813,0.009999999776482582,0.009999999776482582,0.0,0.0,0.0,0.0,0.0,0,0,0,0,0,2,1,1,24,0.4237622320652008,0.20501095056533813,0.25,0.053422775119543076,-0.22782349586486816,1,0.4237622320652008,0.20501095056533813,0.053422775119543076
1784909519.39238,admm_settle,0.2609793245792389,-0.016458828002214432,0.4,0.23783263564109802,-0.008099018596112728,0.40436413884162903,-0.9868097901344299,-0.21494822204113007,-0.18756404519081116,12.599363327026367,7.17331600189209,3.5102639198303223,625,0,0,0.0,0.3807142376899719,0.05320940911769867,2,1.0,0.05320940911769867,0.4237622320652008,0.20501095056533813,0.009999999776482582,0.009999999776482582,0.0,0.0,0.0,0.0,0.0,0,0,0,0,0,2,1,1,24,0.4237622320652008,0.20501095056533813,0.25,0.053422775119543076,-0.22008252143859863,1,0.4237622320652008,0.20501095056533813,0.053422775119543076
1784909519.41522,admm_settle,0.2609793245792389,-0.016458828002214432,0.4,0.23783263564109802,-0.008099018596112728,0.40436413884162903,-0.9868097901344299,-0.21494822204113007,-0.18756404519081116,12.599363327026367,7.17331600189209,3.5102639198303223,625,0,0,0.0,0.3807142376899719,0.05320940911769867,2,1.0,0.05320940911769867,0.4237622320652008,0.20501095056533813,0.009999999776482582,0.009999999776482582,0.0,0.0,0.0,0.0,0.0,0,0,0,0,0,2,1,1,24,0.4237622320652008,0.20501095056533813,0.25,0.053422775119543076,-0.22008252143859863,1,0.4237622320652008,0.20501095056533813,0.053422775119543076
1784909519.4397252,admm_settle,0.2609793245792389,-0.016458828002214432,0.4,0.22602637112140656,-0.018579280003905296,0.404339462518692,-0.871150016784668,-0.2753172516822815,-0.2917540669441223,12.77658748626709,7.1692070960998535,3.5102639198303223,625,0,0,0.0,0.3807142376899719,0.05320940911769867,2,1.0,0.05320940911769867,0.4237622320652008,0.20501095056533813,0.009999999776482582,0.009999999776482582,0.0,0.0,0.0,0.0,0.0,0,0,0,0,0,2,1,1,24,0.4237622320652008,0.20501095056533813,0.25,0.053422775119543076,-0.22008252143859863,1,0.4237622320652008,0.20501095056533813,0.053422775119543076
1784909519.4623518,admm_settle,0.2609793245792389,-0.016458828002214432,0.4,0.22602637112140656,-0.018579280003905296,0.404339462518692,-0.871150016784668,-0.2753172516822815,-0.2917540669441223,12.77658748626709,7.1692070960998535,3.5102639198303223,625,0,0,0.0,0.3807142376899719,0.05320940911769867,2,1.0,0.05320940911769867,0.4237622320652008,0.20501095056533813,0.009999999776482582,0.009999999776482582,0.0,0.0,0.0,0.0,0.0,0,0,0,0,0,2,1,1,24,0.4237622320652008,0.20501095056533813,0.25,0.053422775119543076,-0.20087218284606934,1,0.4237622320652008,0.20501095056533813,0.053422775119543076
1784909519.487253,admm_settle,0.2609793245792389,-0.016458828002214432,0.4,0.21029244363307953,-0.040991730988025665,0.402574360370636,-0.6771723628044128,-0.33567577600479126,-0.40657839179039,11.767145156860352,6.497599124908447,3.4944281578063965,625,0,0,0.0,0.3807142376899719,0.05320940911769867,2,1.0,0.05320940911769867,0.4237622320652008,0.20501095056533813,0.009999999776482582,0.009999999776482582,0.0,0.0,0.0,0.0,0.0,0,0,0,0,0,2,1,1,24,0.4237622320652008,0.20501095056533813,0.25,0.053422775119543076,-0.18165817856788635,1,0.4237622320652008,0.20501095056533813,0.053422775119543076
1784909519.509943,admm_settle,0.2609793245792389,-0.016458828002214432,0.4,0.21029244363307953,-0.040991730988025665,0.402574360370636,-0.6771723628044128,-0.33567577600479126,-0.40657839179039,11.767145156860352,6.497599124908447,3.4944281578063965,625,0,0,0.0,0.3807142376899719,0.05320940911769867,2,1.0,0.05320940911769867,0.4237622320652008,0.20501095056533813,0.009999999776482582,0.009999999776482582,0.0,0.0,0.0,0.0,0.0,0,0,0,0,0,2,1,1,24,0.4237622320652008,0.20501095056533813,0.25,0.053422775119543076,-0.18165817856788635,1,0.4237622320652008,0.20501095056533813,0.053422775119543076
1784909519.535017,admm_settle,0.2609793245792389,-0.016458828002214432,0.4,0.1926741898059845,-0.0644904226064682,0.39984431862831116,-0.40864330530166626,-0.3839408755302429,-0.49580007791519165,9.57938289642334,5.279313087463379,3.4944281578063965,625,0,0,0.0,0.3807142376899719,0.05320940911769867,2,1.0,0.05320940911769867,0.4237622320652008,0.20501095056533813,0.009999999776482582,0.009999999776482582,0.0,0.0,0.0,0.0,0.0,0,0,0,0,0,2,1,1,24,0.4237622320652008,0.20501095056533813,0.25,0.053422775119543076,-0.18165817856788635,1,0.4237622320652008,0.20501095056533813,0.053422775119543076
1784909519.555537,admm_settle,0.2609793245792389,-0.016458828002214432,0.4,0.1926741898059845,-0.0644904226064682,0.39984431862831116,-0.40864330530166626,-0.3839408755302429,-0.49580007791519165,9.57938289642334,5.279313087463379,3.4944281578063965,625,0,0,0.0,0.3807142376899719,0.05320940911769867,2,1.0,0.05320940911769867,0.4237622320652008,0.20501095056533813,0.009999999776482582,0.009999999776482582,0.0,0.0,0.0,0.0,0.0,0,0,0,0,0,2,1,1,24,0.4237622320652008,0.20501095056533813,0.25,0.053422775119543076,-0.14891618490219116,1,0.4237622320652008,0.20501095056533813,0.053422775119543076
1784909519.575831,admm_settle,0.2609793245792389,-0.016458828002214432,0.4,0.1926741898059845,-0.0644904226064682,0.39984431862831116,-0.40864330530166626,-0.3839408755302429,-0.49580007791519165,9.57938289642334,5.279313087463379,3.4944281578063965,625,0,0,0.0,0.3807142376899719,0.05320940911769867,2,1.0,0.05320940911769867,0.4237622320652008,0.20501095056533813,0.009999999776482582,0.009999999776482582,0.0,0.0,0.0,0.0,0.0,0,0,0,0,0,2,1,1,24,0.4237622320652008,0.20501095056533813,0.25,0.053422775119543076,-0.14891618490219116,1,0.4237622320652008,0.20501095056533813,0.053422775119543076
1784909519.600682,admm_settle,0.2609793245792389,-0.016458828002214432,0.4,0.1754182130098343,-0.08748102933168411,0.39556390047073364,-0.12374512106180191,-0.4226556420326233,-0.5712708830833435,6.809769630432129,3.467904567718506,3.4944281578063965,627,3,0,0.0,0.3807142376899719,0.05315620079636574,2,1.0,0.05315620079636574,0.4237622022628784,0.20501095056533813,0.009999999776482582,0.009999999776482582,0.0,0.0,0.0,0.0,0.0,0,0,0,0,0,2,1,1,24,0.4237622320652008,0.20501095056533813,0.25,0.053422775119543076,-0.11742919683456421,1,0.4237622320652008,0.20501095056533813,0.053422775119543076
1784909519.622965,admm_settle,0.2609793245792389,-0.016458828002214432,0.4,0.1754182130098343,-0.08748102933168411,0.39556390047073364,-0.12374512106180191,-0.4226556420326233,-0.5712708830833435,6.809769630432129,3.467904567718506,3.4944281578063965,627,3,0,0.0,0.3807142376899719,0.05315620079636574,2,1.0,0.05315620079636574,0.4237622022628784,0.20501095056533813,0.009999999776482582,0.009999999776482582,0.0,0.0,0.0,0.0,0.0,0,0,0,0,0,2,1,1,24,0.4237622320652008,0.20501095056533813,0.25,0.053422775119543076,-0.11742919683456421,1,0.4237622320652008,0.20501095056533813,0.053422775119543076
1784909519.648097,admm_settle,0.2609793245792389,-0.016458828002214432,0.4,0.15706729888916016,-0.11477527767419815,0.3918677866458893,0.052965953946113586,-0.4414539337158203,-0.6211802959442139,3.6324386596679688,1.1241650581359863,3.4944281578063965,627,3,0,0.0,0.3807142376899719,0.05315620079636574,2,1.0,0.05315620079636574,0.4237622022628784,0.20501095056533813,0.009999999776482582,0.009999999776482582,0.0,0.0,0.0,0.0,0.0,0,0,0,0,0,2,1,1,24,0.4237622320652008,0.20501095056533813,0.25,0.053422775119543076,-0.08074572682380676,1,0.4237622320652008,0.20501095056533813,0.053422775119543076
1784909519.670919,admm_settle,0.2609793245792389,-0.016458828002214432,0.4,0.15706729888916016,-0.11477527767419815,0.3918677866458893,0.052965953946113586,-0.4414539337158203,-0.6211802959442139,3.6324386596679688,1.1241650581359863,3.4944281578063965,627,3,0,0.0,0.3807142376899719,0.05315620079636574,2,1.0,0.05315620079636574,0.4237622022628784,0.20501095056533813,0.009999999776482582,0.009999999776482582,0.0,0.0,0.0,0.0,0.0,0,0,0,0,0,2,1,1,24,0.4237622320652008,0.20501095056533813,0.25,0.053422775119543076,-0.08074572682380676,1,0.4237622320652008,0.20501095056533813,0.053422775119543076
1784909519.6930351,admm_settle,0.2609793245792389,-0.016458828002214432,0.4,0.13534532487392426,-0.14466816186904907,0.3896384835243225,0.11873374879360199,-0.4388423264026642,-0.6326280236244202,0.17664684355258942,-1.3118231296539307,3.489149570465088,628,0,0,0.0,0.3807142376899719,0.05304994061589241,2,1.0,0.05304994061589241,0.4237622320652008,0.20501093566417694,0.009999999776482582,0.009999999776482582,0.0,0.0,0.0,0.0,0.0,0,0,0,0,0,2,1,1,24,0.4237622320652008,0.20501095056533813,0.25,0.053422775119543076,-0.05603936314582825,1,0.4237622320652008,0.20501095056533813,0.053422775119543076
1784909519.7152681,admm_settle,0.2609793245792389,-0.016458828002214432,0.4,0.13534532487392426,-0.14466816186904907,0.3896384835243225,0.11873374879360199,-0.4388423264026642,-0.6326280236244202,0.17664684355258942,-1.3118231296539307,3.489149570465088,628,0,0,0.0,0.3807142376899719,0.05304994061589241,2,1.0,0.05304994061589241,0.4237622320652008,0.20501093566417694,0.009999999776482582,0.009999999776482582,0.0,0.0,0.0,0.0,0.0,0,0,0,0,0,2,1,1,24,0.4237622320652008,0.20501095056533813,0.25,0.053422775119543076,-0.05603936314582825,1,0.4237622320652008,0.20501095056533813,0.053422775119543076
1784909519.7372942,admm_settle,0.2609793245792389,-0.016458828002214432,0.4,0.11841332912445068,-0.17102433741092682,0.3896310031414032,0.04631366953253746,-0.4115883708000183,-0.6186466813087463,-3.22101092338562,-3.6935393810272217,3.489149570465088,628,0,0,0.0,0.3807142376899719,0.05304994061589241,2,1.0,0.05304994061589241,0.4237622320652008,0.20501093566417694,0.009999999776482582,0.009999999776482582,0.0,0.0,0.0,0.0,0.0,0,0,0,0,0,2,1,1,24,0.4237622320652008,0.20501095056533813,0.25,0.053422775119543076,-0.05603936314582825,1,0.4237622320652008,0.20501095056533813,0.053422775119543076
1784909519.759556,admm_settle,0.2609793245792389,-0.016458828002214432,0.4,0.11841332912445068,-0.17102433741092682,0.3896310031414032,0.04631366953253746,-0.4115883708000183,-0.6186466813087463,-3.22101092338562,-3.6935393810272217,3.489149570465088,628,0,0,0.0,0.3807142376899719,0.05304994061589241,2,1.0,0.05304994061589241,0.4237622320652008,0.20501093566417694,0.009999999776482582,0.009999999776482582,0.0,0.0,0.0,0.0,0.0,0,0,0,0,0,2,1,1,24,0.4237622320652008,0.20501095056533813,0.25,0.053422775119543076,-0.01205858588218689,1,0.4237622320652008,0.20501095056533813,0.053422775119543076
1784909519.7840178,admm_settle,0.2609793245792389,-0.016458828002214432,0.4,0.10287874191999435,-0.19797663390636444,0.3926728069782257,-0.08151613175868988,-0.35989153385162354,-0.5639251470565796,-6.3622307777404785,-5.634675025939941,3.499706745147705,628,0,0,0.0,0.3807142376899719,0.05304994061589241,2,1.0,0.05304994061589241,0.4237622320652008,0.20501093566417694,0.009999999776482582,0.009999999776482582,0.0,0.0,0.0,0.0,0.0,0,0,0,0,0,2,1,1,24,0.4237622320652008,0.20501095056533813,0.25,0.053422775119543076,-0.01205858588218689,1,0.4237622320652008,0.20501095056533813,0.053422775119543076
1784909519.8090189,admm_settle,0.2609793245792389,-0.016458828002214432,0.4,0.10287874191999435,-0.19797663390636444,0.3926728069782257,-0.08151613175868988,-0.35989153385162354,-0.5639251470565796,-6.3622307777404785,-5.634675025939941,3.499706745147705,629,0,0,0.0,0.3807142376899719,0.05299689248204231,2,1.0,0.05299689248204231,0.4237622022628784,0.20501095056533813,0.009999999776482582,0.009999999776482582,0.0,0.0,0.0,0.0,0.0,0,0,0,0,0,2,1,1,24,0.4237622320652008,0.20501095056533813,0.25,0.053422775119543076,0.012450098991394043,1,0.4237622320652008,0.20501095056533813,0.053422775119543076
1784909519.829689,admm_settle,0.2609793245792389,-0.016458828002214432,0.4,0.0897030308842659,-0.22889208793640137,0.39585545659065247,-0.17751382291316986,-0.2987217903137207,-0.508619487285614,-8.832613945007324,-6.977410316467285,3.499706745147705,629,0,0,0.0,0.3807142376899719,0.05299689248204231,2,1.0,0.05299689248204231,0.4237622022628784,0.20501095056533813,0.009999999776482582,0.009999999776482582,0.0,0.0,0.0,0.0,0.0,0,0,0,0,0,2,1,1,24,0.4237622320652008,0.20501095056533813,0.25,0.053422775119543076,0.012450098991394043,1,0.4237622320652008,0.20501095056533813,0.053422775119543076
1784909519.8508108,admm_settle,0.2609793245792389,-0.016458828002214432,0.4,0.0897030308842659,-0.22889208793640137,0.39585545659065247,-0.17751382291316986,-0.2987217903137207,-0.508619487285614,-8.832613945007324,-6.977410316467285,3.499706745147705,629,0,0,0.0,0.3807142376899719,0.05299689248204231,2,1.0,0.05299689248204231,0.4237622022628784,0.20501095056533813,0.009999999776482582,0.009999999776482582,0.0,0.0,0.0,0.0,0.0,0,0,0,0,0,2,1,1,24,0.4237622320652008,0.20501095056533813,0.25,0.053422775119543076,0.04382467269897461,1,0.4237622320652008,0.20501095056533813,0.053422775119543076
1784909519.875682,admm_settle,0.2609793245792389,-0.016458828002214432,0.4,0.0897030308842659,-0.22889208793640137,0.39585545659065247,-0.17751382291316986,-0.2987217903137207,-0.508619487285614,-8.832613945007324,-6.977410316467285,3.499706745147705,629,0,0,0.0,0.3807142376899719,0.05299689248204231,2,1.0,0.05299689248204231,0.4237622022628784,0.20501095056533813,0.009999999776482582,0.009999999776482582,0.0,0.0,0.0,0.0,0.0,0,0,0,0,0,2,1,1,24,0.4237622320652008,0.20501095056533813,0.25,0.053422775119543076,0.04382467269897461,1,0.4237622320652008,0.20501095056533813,0.053422775119543076
1784909519.898907,admm_settle,0.2609793245792389,-0.016458828002214432,0.4,0.08117421716451645,-0.24947233498096466,0.3989385962486267,-0.15758931636810303,-0.22657544910907745,-0.4200940430164337,-10.668655395507812,-7.655843257904053,3.5049853324890137,630,0,0,0.0,0.3807142376899719,0.05299689248204231,2,1.0,0.05299689248204231,0.4237622022628784,0.20501095056533813,0.009999999776482582,0.009999999776482582,0.0,0.0,0.0,0.0,0.0,0,0,0,0,0,2,1,1,24,0.4237622320652008,0.20501095056533813,0.25,0.053422775119543076,0.0633348822593689,1,0.4237622320652008,0.20501095056533813,0.053422775119543076
1784909519.9192178,admm_settle,0.2609793245792389,-0.016458828002214432,0.4,0.08117421716451645,-0.24947233498096466,0.3989385962486267,-0.15758931636810303,-0.22657544910907745,-0.4200940430164337,-10.668655395507812,-7.655843257904053,3.5049853324890137,630,0,0,0.0,0.3807142376899719,0.05299689248204231,2,1.0,0.05299689248204231,0.4237622022628784,0.20501095056533813,0.009999999776482582,0.009999999776482582,0.0,0.0,0.0,0.0,0.0,0,0,0,0,0,2,1,1,24,0.4237622320652008,0.20501095056533813,0.25,0.053422775119543076,0.0633348822593689,1,0.4237622320652008,0.20501095056533813,0.053422775119543076
1784909519.9423518,admm_settle,0.2609793245792389,-0.016458828002214432,0.4,0.076424241065979,-0.2647920250892639,0.40140101313591003,-0.10798884183168411,-0.15128439664840698,-0.32145169377326965,-11.615019798278809,-7.8936638832092285,3.5049853324890137,630,0,0,0.0,0.3807142376899719,0.05299689248204231,2,1.0,0.05299689248204231,0.4237622022628784,0.20501095056533813,0.009999999776482582,0.009999999776482582,0.0,0.0,0.0,0.0,0.0,0,0,0,0,0,2,1,1,24,0.4237622320652008,0.20501095056533813,0.25,0.053422775119543076,0.08545374870300293,1,0.4237622320652008,0.20501095056533813,0.053422775119543076
1784909519.9665558,admm_settle,0.2609793245792389,-0.016458828002214432,0.4,0.076424241065979,-0.2647920250892639,0.40140101313591003,-0.10798884183168411,-0.15128439664840698,-0.32145169377326965,-11.615019798278809,-7.8936638832092285,3.5049853324890137,630,0,0,0.0,0.3807142376899719,0.05299689248204231,2,1.0,0.05299689248204231,0.4237622022628784,0.20501095056533813,0.009999999776482582,0.009999999776482582,0.0,0.0,0.0,0.0,0.0,0,0,0,0,0,2,1,1,24,0.4237622320652008,0.20501095056533813,0.25,0.053422775119543076,0.08545374870300293,1,0.4237622320652008,0.20501095056533813,0.053422775119543076
1784909519.991617,admm_settle,0.2609793245792389,-0.016458828002214432,0.4,0.0725390836596489,-0.27843648195266724,0.4020223021507263,-0.01791425794363022,-0.08110388368368149,-0.21951815485954285,-11.681478500366211,-7.567004680633545,3.499706745147705,631,0,0,0.0,0.3807142376899719,0.05289095267653465,2,0.0,0.05289095267653465,0.4237622022628784,0.20501095056533813,0.009999999776482582,0.009999999776482582,0.0,0.0,0.0,0.0,0.0,0,0,0,0,0,2,1,1,24,0.4237622320652008,0.20501095056533813,0.25,0.053422775119543076,0.09518975019454956,1,0.4237622320652008,0.20501095056533813,0.053422775119543076
1784909520.016685,admm_settle,0.2609793245792389,-0.016458828002214432,0.4,0.0725390836596489,-0.27843648195266724,0.4020223021507263,-0.01791425794363022,-0.08110388368368149,-0.21951815485954285,-11.681478500366211,-7.567004680633545,3.499706745147705,631,0,0,0.0,0.3807142376899719,0.05289095267653465,2,0.0,0.05289095267653465,0.4237622022628784,0.20501095056533813,0.009999999776482582,0.009999999776482582,0.0,0.0,0.0,0.0,0.0,0,0,0,0,0,2,1,1,24,0.4237622320652008,0.20501095056533813,0.25,0.053422775119543076,0.09518975019454956,1,0.4237622320652008,0.20501095056533813,0.053422775119543076
1784909520.038316,admm_settle,0.2609793245792389,-0.016458828002214432,0.4,0.07163208723068237,-0.285275399684906,0.4019240438938141,0.08483624458312988,-0.012776153162121773,-0.11808502674102783,-11.162962913513184,-6.999838352203369,3.499706745147705,631,0,0,0.0,0.3807142376899719,0.05289095267653465,2,0.0,0.05289095267653465,0.4237622022628784,0.20501095056533813,0.009999999776482582,0.009999999776482582,0.0,0.0,0.0,0.0,0.0,0,0,0,0,0,2,1,1,24,0.4237622320652008,0.20501095056533813,0.25,0.053422775119543076,0.09518975019454956,1,0.4237622320652008,0.20501095056533813,0.053422775119543076
1784909520.063414,admm_settle,0.2609793245792389,-0.016458828002214432,0.4,0.07163208723068237,-0.285275399684906,0.4019240438938141,0.08483624458312988,-0.012776153162121773,-0.11808502674102783,-11.162962913513184,-6.999838352203369,3.499706745147705,631,0,0,0.0,0.3807142376899719,0.05289095267653465,2,0.0,0.05289095267653465,0.4237622022628784,0.20501095056533813,0.009999999776482582,0.009999999776482582,0.0,0.0,0.0,0.0,0.0,0,0,0,0,0,2,1,1,24,0.4237622320652008,0.20501095056533813,0.25,0.053422775119543076,0.10278910398483276,1,0.4237622320652008,0.20501095056533813,0.053422775119543076
1784909520.084487,admm_settle,0.2609793245792389,-0.016458828002214432,0.4,0.07546838372945786,-0.2861020863056183,0.40080198645591736,0.18603703379631042,0.04725167900323868,-0.01873437501490116,-10.203272819519043,-6.143213748931885,3.4944281578063965,631,0,0,0.0,0.3807142376899719,0.05289095267653465,2,0.0,0.05289095267653465,0.4237622022628784,0.20501095056533813,0.009999999776482582,0.009999999776482582,0.0,0.0,0.0,0.0,0.0,0,0,0,0,0,2,1,1,24,0.4237622320652008,0.20501095056533813,0.25,0.053422775119543076,0.1016797423362732,1,0.4237622320652008,0.20501095056533813,0.053422775119543076
1784909520.104762,admm_settle,0.2609793245792389,-0.016458828002214432,0.4,0.07546838372945786,-0.2861020863056183,0.40080198645591736,0.18603703379631042,0.04725167900323868,-0.01873437501490116,-10.203272819519043,-6.143213748931885,3.4944281578063965,632,0,0,0.0,0.3807142376899719,0.05283806100487709,2,0.0,0.05283806100487709,0.4237622022628784,0.20501095056533813,0.009999999776482582,0.009999999776482582,0.0,0.0,0.0,0.0,0.0,0,0,0,0,0,2,1,1,24,0.4237622320652008,0.20501095056533813,0.25,0.053422775119543076,0.1016797423362732,1,0.4237622320652008,0.20501095056533813,0.053422775119543076
1784909520.1260228,admm_settle,0.2609793245792389,-0.016458828002214432,0.4,0.07546838372945786,-0.2861020863056183,0.40080198645591736,0.18603703379631042,0.04725167900323868,-0.01873437501490116,-10.203272819519043,-6.143213748931885,3.4944281578063965,632,0,0,0.0,0.3807142376899719,0.05283806100487709,2,0.0,0.05283806100487709,0.4237622022628784,0.20501095056533813,0.009999999776482582,0.009999999776482582,0.0,0.0,0.0,0.0,0.0,0,0,0,0,0,2,1,1,24,0.4237622320652008,0.20501095056533813,0.25,0.053422775119543076,0.1016797423362732,1,0.4237622320652008,0.20501095056533813,0.053422775119543076
1784909520.1490612,admm_settle,0.2609793245792389,-0.016458828002214432,0.4,0.08519410341978073,-0.2826339304447174,0.40117573738098145,0.33792629837989807,0.10889145731925964,0.07007092982530594,-8.823080062866211,-5.113821506500244,3.4944281578063965,632,0,0,0.0,0.3807142376899719,0.05283806100487709,2,0.0,0.05283806100487709,0.4237622022628784,0.20501095056533813,0.009999999776482582,0.009999999776482582,0.0,0.0,0.0,0.0,0.0,0,0,0,0,0,2,1,1,24,0.4237622320652008,0.20501095056533813,0.25,0.053422775119543076,0.09401869773864746,1,0.4237622320652008,0.20501095056533813,0.053422775119543076
1784909520.169259,admm_settle,0.2609793245792389,-0.016458828002214432,0.4,0.08519410341978073,-0.2826339304447174,0.40117573738098145,0.33792629837989807,0.10889145731925964,0.07007092982530594,-8.823080062866211,-5.113821506500244,3.4944281578063965,632,0,0,0.0,0.3807142376899719,0.05283806100487709,2,0.0,0.05283806100487709,0.4237622022628784,0.20501095056533813,0.009999999776482582,0.009999999776482582,0.0,0.0,0.0,0.0,0.0,0,0,0,0,0,2,1,1,24,0.4237622320652008,0.20501095056533813,0.25,0.053422775119543076,0.09401869773864746,1,0.4237622320652008,0.20501095056533813,0.053422775119543076
1784909520.19411,admm_settle,0.2609793245792389,-0.016458828002214432,0.4,0.09325297176837921,-0.27700480818748474,0.3987460136413574,0.4578278660774231,0.1531466394662857,0.14454855024814606,-7.145419120788574,-3.7751755714416504,3.4944281578063965,633,1,0,0.0,0.3807142376899719,0.052785225212574005,2,0.0,0.052785225212574005,0.4237622022628784,0.20501095056533813,0.009999999776482582,0.009999999776482582,0.0,0.0,0.0,0.0,0.0,0,0,0,0,0,2,1,1,24,0.4237622320652008,0.20501095056533813,0.25,0.053422775119543076,0.08797651529312134,1,0.4237622320652008,0.20501095056533813,0.053422775119543076
1784909520.217348,admm_settle,0.2609793245792389,-0.016458828002214432,0.4,0.09325297176837921,-0.27700480818748474,0.3987460136413574,0.4578278660774231,0.1531466394662857,0.14454855024814606,-7.145419120788574,-3.7751755714416504,3.4944281578063965,633,1,0,0.0,0.3807142376899719,0.052785225212574005,2,0.0,0.052785225212574005,0.4237622022628784,0.20501095056533813,0.009999999776482582,0.009999999776482582,0.0,0.0,0.0,0.0,0.0,0,0,0,0,0,2,1,1,24,0.4237622320652008,0.20501095056533813,0.25,0.053422775119543076,0.08797651529312134,1,0.4237622320652008,0.20501095056533813,0.053422775119543076
1784909520.2423308,admm_settle,0.2609793245792389,-0.016458828002214432,0.4,0.10193109512329102,-0.26860445737838745,0.3967064619064331,0.48636898398399353,0.17767682671546936,0.2075943499803543,-5.422553539276123,-2.254268169403076,3.4944281578063965,633,1,0,0.0,0.3807142376899719,0.052785225212574005,2,0.0,0.052785225212574005,0.4237622022628784,0.20501095056533813,0.009999999776482582,0.009999999776482582,0.0,0.0,0.0,0.0,0.0,0,0,0,0,0,2,1,1,24,0.4237622320652008,0.20501095056533813,0.25,0.053422775119543076,0.0711328387260437,1,0.4237622320652008,0.20501095056533813,0.053422775119543076
1784909520.263561,admm_settle,0.2609793245792389,-0.016458828002214432,0.4,0.10193109512329102,-0.26860445737838745,0.3967064619064331,0.48636898398399353,0.17767682671546936,0.2075943499803543,-5.422553539276123,-2.254268169403076,3.4944281578063965,633,1,0,0.0,0.3807142376899719,0.052785225212574005,2,0.0,0.052785225212574005,0.4237622022628784,0.20501095056533813,0.009999999776482582,0.009999999776482582,0.0,0.0,0.0,0.0,0.0,0,0,0,0,0,2,1,1,24,0.4237622320652008,0.20501095056533813,0.25,0.053422775119543076,0.0711328387260437,1,0.4237622320652008,0.20501095056533813,0.053422775119543076
1784909520.288492,admm_run,0.2609793245792389,-0.016458828002214432,0.4,0.10932594537734985,-0.25530847907066345,0.39428073167800903,0.39244499802589417,0.19169047474861145,0.24695783853530884,-3.485811710357666,-0.8409957885742188,3.4944281578063965,635,0,0,0.0,0.3807142376899719,0.0527324415743351,2,0.0,0.0527324415743351,0.4237622022628784,0.20501095056533813,0.009999999776482582,0.009999999776482582,0.0,0.0,0.0,0.0,0.0,0,0,0,0,0,2,1,1,24,0.4237622320652008,0.20501095056533813,0.25,0.053422775119543076,0.06144285202026367,1,0.4237622320652008,0.20501095056533813,0.053422775119543076
1784909520.3087769,admm_run,0.2644643359528276,-0.0164258443789635,0.4,0.10932594537734985,-0.25530847907066345,0.39428073167800903,0.39244499802589417,0.19169047474861145,0.24695783853530884,-3.485811710357666,-0.8409957885742188,3.4944281578063965,635,0,0,0.0,0.3807142376899719,0.0527324415743351,2,0.0,0.0527324415743351,0.4237622022628784,0.20501095056533813,0.009999999776482582,0.009999999776482582,0.0,0.0,0.0,0.0,0.0,0,0,0,0,0,2,1,1,24,0.4237622320652008,0.20501095056533813,0.25,0.053422775119543076,0.06144285202026367,1,0.4237622320652008,0.20501095056533813,0.053422775119543076
1784909520.333079,admm_run,0.2679493473264163,-0.01639286075571257,0.4,0.1223161593079567,-0.24313227832317352,0.39288318157196045,0.33409902453422546,0.19439256191253662,0.2640734314918518,-1.508311152458191,0.4261288046836853,3.4944281578063965,635,0,0,0.0,0.3807142376899719,0.0527324415743351,2,0.0,0.0527324415743351,0.4237622022628784,0.20501095056533813,0.009999999776482582,0.009999999776482582,0.0,0.0,0.0,0.0,0.0,0,0,0,0,0,2,1,1,24,0.4237622320652008,0.20501095056533813,0.25,0.053422775119543076,0.06144285202026367,1,0.4237622320652008,0.20501095056533813,0.053422775119543076
1784909520.354157,admm_run,0.271434358700005,-0.01635987713246164,0.4,0.1223161593079567,-0.24313227832317352,0.39288318157196045,0.33409902453422546,0.19439256191253662,0.2640734314918518,-1.508311152458191,0.4261288046836853,3.4944281578063965,635,0,0,0.0,0.3807142376899719,0.0527324415743351,2,0.0,0.0527324415743351,0.4237622022628784,0.20501095056533813,0.009999999776482582,0.009999999776482582,0.0,0.0,0.0,0.0,0.0,0,0,0,0,0,2,1,1,24,0.4237622320652008,0.20501095056533813,0.25,0.053422775119543076,0.043784141540527344,1,0.4237622320652008,0.20501095056533813,0.053422775119543076
1784909520.375266,admm_run,0.2749193700735937,-0.01632689350921071,0.4,0.1223161593079567,-0.24313227832317352,0.39288318157196045,0.33409902453422546,0.19439256191253662,0.2640734314918518,-1.508311152458191,0.4261288046836853,3.4944281578063965,635,0,0,0.0,0.3807142376899719,0.0527324415743351,2,0.0,0.0527324415743351,0.4237622022628784,0.20501095056533813,0.009999999776482582,0.009999999776482582,0.0,0.0,0.0,0.0,0.0,0,0,0,0,0,2,1,1,24,0.4237622320652008,0.20501095056533813,0.25,0.053422775119543076,0.043784141540527344,1,0.4237622320652008,0.20501095056533813,0.053422775119543076
1784909520.400036,admm_run,0.2784043814471824,-0.016293909885959777,0.4,0.13127432763576508,-0.23188862204551697,0.39344140887260437,0.18067625164985657,0.19155871868133545,0.2705836296081543,0.34298011660575867,1.6363741159439087,3.499706745147705,636,0,0,0.0,0.3807142376899719,0.05262703076004982,2,0.0,0.05262703076004982,0.4237622022628784,0.20501095056533813,0.009999999776482582,0.009999999776482582,0.0,0.0,0.0,0.0,0.0,0,0,0,0,0,2,1,1,24,0.4237622320652008,0.20501095056533813,0.25,0.053422775119543076,0.02804666757583618,1,0.4237622320652008,0.20501095056533813,0.053422775119543076
1784909520.4211562,admm_run,0.2818893928207711,-0.016260926262708846,0.4,0.13127432763576508,-0.23188862204551697,0.39344140887260437,0.18067625164985657,0.19155871868133545,0.2705836296081543,0.34298011660575867,1.6363741159439087,3.499706745147705,636,0,0,0.0,0.3807142376899719,0.05262703076004982,2,0.0,0.05262703076004982,0.4237622022628784,0.20501095056533813,0.009999999776482582,0.009999999776482582,0.0,0.0,0.0,0.0,0.0,0,0,0,0,0,2,1,1,24,0.4237622320652008,0.20501095056533813,0.25,0.053422775119543076,0.02804666757583618,1,0.4237622320652008,0.20501095056533813,0.053422775119543076
1784909520.4461281,admm_run,0.2853744041943598,-0.016227942639457916,0.4,0.14244422316551208,-0.22153693437576294,0.395246297121048,0.07258035242557526,0.17683666944503784,0.2605372369289398,2.086230993270874,2.601233720779419,3.499706745147705,636,0,0,0.0,0.3807142376899719,0.05262703076004982,2,0.0,0.05262703076004982,0.4237622022628784,0.20501095056533813,0.009999999776482582,0.009999999776482582,0.0,0.0,0.0,0.0,0.0,0,0,0,0,0,2,1,1,24,0.4237622320652008,0.20501095056533813,0.25,0.053422775119543076,0.00903022289276123,1,0.4237622320652008,0.20501095056533813,0.053422775119543076
1784909520.470845,admm_run,0.2888594155679485,-0.016194959016206985,0.4,0.14244422316551208,-0.22153693437576294,0.395246297121048,0.07258035242557526,0.17683666944503784,0.2605372369289398,2.086230993270874,2.601233720779419,3.499706745147705,636,0,0,0.0,0.3807142376899719,0.05262703076004982,2,0.0,0.05262703076004982,0.4237622022628784,0.20501095056533813,0.009999999776482582,0.009999999776482582,0.0,0.0,0.0,0.0,0.0,0,0,0,0,0,2,1,1,24,0.4237622320652008,0.20501095056533813,0.25,0.053422775119543076,0.00903022289276123,1,0.4237622320652008,0.20501095056533813,0.053422775119543076
1784909520.492395,admm_run,0.29234442694153717,-0.016161975392956055,0.4,0.1499231904745102,-0.20776329934597015,0.39957213401794434,-0.061110299080610275,0.15071828663349152,0.23406553268432617,3.5654892921447754,3.408137083053589,3.5102639198303223,637,0,0,0.0,0.3807142376899719,0.05262703076004982,2,0.0,0.05262703076004982,0.4237622022628784,0.20501095056533813,0.009999999776482582,0.009999999776482582,0.0,0.0,0.0,0.0,0.0,0,0,0,0,0,2,1,1,24,0.4237622320652008,0.20501095056533813,0.25,0.053422775119543076,-0.0007674694061279297,1,0.4237622320652008,0.20501095056533813,0.053422775119543076
1784909520.5173829,admm_run,0.29582943831512587,-0.016128991769705125,0.4,0.1499231904745102,-0.20776329934597015,0.39957213401794434,-0.061110299080610275,0.15071828663349152,0.23406553268432617,3.5654892921447754,3.408137083053589,3.5102639198303223,637,0,0,0.0,0.3807142376899719,0.05262703076004982,2,0.0,0.05262703076004982,0.4237622022628784,0.20501095056533813,0.009999999776482582,0.009999999776482582,0.0,0.0,0.0,0.0,0.0,0,0,0,0,0,2,1,1,24,0.4237622320652008,0.20501095056533813,0.25,0.053422775119543076,-0.0007674694061279297,1,0.4237622320652008,0.20501095056533813,0.053422775119543076
1784909520.541824,admm_run,0.29931444968871457,-0.016096008146454194,0.4,0.15627795457839966,-0.19854579865932465,0.407734751701355,-0.11615168303251266,0.1172730028629303,0.19562560319900513,4.775143146514893,3.8855905532836914,3.5102639198303223,637,0,0,0.0,0.3807142376899719,0.05262703076004982,2,0.0,0.05262703076004982,0.4237622022628784,0.20501095056533813,0.009999999776482582,0.009999999776482582,0.0,0.0,0.0,0.0,0.0,0,0,0,0,0,2,1,1,24,0.4237622320652008,0.20501095056533813,0.25,0.053422775119543076,-0.015257835388183594,1,0.4237622320652008,0.20501095056533813,0.053422775119543076
1784909520.564322,admm_run,0.30279946106230327,-0.016063024523203264,0.4,0.15627795457839966,-0.19854579865932465,0.407734751701355,-0.11615168303251266,0.1172730028629303,0.19562560319900513,4.775143146514893,3.8855905532836914,3.5102639198303223,637,0,0,0.0,0.3807142376899719,0.05262703076004982,2,0.0,0.05262703076004982,0.4237622022628784,0.20501095056533813,0.009999999776482582,0.009999999776482582,0.0,0.0,0.0,0.0,0.0,0,0,0,0,0,2,1,1,24,0.4237622320652008,0.20501095056533813,0.25,0.053422775119543076,-0.015257835388183594,1,0.4237622320652008,0.20501095056533813,0.053422775119543076
1784909520.5873191,admm_run,0.30628447243589196,-0.016030040899952334,0.4,0.16159293055534363,-0.19202545285224915,0.410921186208725,-0.10882297903299332,0.08674217015504837,0.1482699066400528,5.725358963012695,4.005741596221924,3.515542507171631,638,0,0,0.0,0.3807142376899719,0.05257440358400345,2,0.0,0.05257440358400345,0.4237622022628784,0.20501095056533813,0.009999999776482582,0.009999999776482582,0.0,0.0,0.0,0.0,0.0,0,0,0,0,0,2,1,1,24,0.4237622320652008,0.20501095056533813,0.25,0.053422775119543076,-0.02250063419342041,1,0.4237622320652008,0.20501095056533813,0.053422775119543076
1784909520.609136,admm_run,0.30976948380948066,-0.0159970572767014,0.4,0.16159293055534363,-0.19202545285224915,0.410921186208725,-0.10882297903299332,0.08674217015504837,0.1482699066400528,5.725358963012695,4.005741596221924,3.515542507171631,638,0,0,0.0,0.3807142376899719,0.05257440358400345,2,0.0,0.05257440358400345,0.4237622022628784,0.20501095056533813,0.009999999776482582,0.009999999776482582,0.0,0.0,0.0,0.0,0.0,0,0,0,0,0,2,1,1,24,0.4237622320652008,0.20501095056533813,0.25,0.053422775119543076,-0.02250063419342041,1,0.4237622320652008,0.20501095056533813,0.053422775119543076
1784909520.6342132,admm_run,0.31325449518306936,-0.01596407365345047,0.4,0.16429457068443298,-0.1878180205821991,0.4130881726741791,-0.09496815502643585,0.052790503948926926,0.0942244902253151,6.2860236167907715,3.8030755519866943,3.515542507171631,638,0,0,0.0,0.3807142376899719,0.05257440358400345,2,0.0,0.05257440358400345,0.4237622022628784,0.20501095056533813,0.009999999776482582,0.009999999776482582,0.0,0.0,0.0,0.0,0.0,0,0,0,0,0,2,1,1,24,0.4237622320652008,0.20501095056533813,0.25,0.053422775119543076,-0.02250063419342041,1,0.4237622320652008,0.20501095056533813,0.053422775119543076
1784909520.658609,admm_run,0.31673950655665806,-0.01593109003019954,0.4,0.16429457068443298,-0.1878180205821991,0.4130881726741791,-0.09496815502643585,0.052790503948926926,0.0942244902253151,6.2860236167907715,3.8030755519866943,3.515542507171631,638,0,0,0.0,0.3807142376899719,0.05257440358400345,2,0.0,0.05257440358400345,0.4237622022628784,0.20501095056533813,0.009999999776482582,0.009999999776482582,0.0,0.0,0.0,0.0,0.0,0,0,0,0,0,2,1,1,24,0.4237622320652008,0.20501095056533813,0.25,0.053422775119543076,-0.02897593379020691,1,0.4237622320652008,0.20501095056533813,0.053422775119543076
1784909520.678925,admm_run,0.32022451793024675,-0.01589810640694861,0.4,0.1642378270626068,-0.1847977489233017,0.41263845562934875,-0.042486850172281265,0.052790503948926926,0.0942244902253151,6.2860236167907715,3.8030755519866943,3.515542507171631,638,0,0,0.0,0.3807142376899719,0.05257440358400345,2,0.0,0.05257440358400345,0.4237622022628784,0.20501095056533813,0.009999999776482582,0.009999999776482582,0.0,0.0,0.0,0.0,0.0,0,0,0,0,0,2,1,1,24,0.4237622320652008,0.20501095056533813,0.25,0.053422775119543076,-0.02897593379020691,1,0.4237622320652008,0.20501095056533813,0.053422775119543076
1784909520.702092,admm_run,0.32370952930383545,-0.01586512278369768,0.4,0.1642378270626068,-0.1847977489233017,0.41263845562934875,-0.042486850172281265,0.018487196415662766,0.04194621741771698,6.318865776062012,3.3309881687164307,3.5049853324890137,639,0,0,0.0,0.3807142376899719,0.05246930569410324,2,0.0,0.05246930569410324,0.4237622022628784,0.20501095056533813,0.009999999776482582,0.009999999776482582,0.0,0.0,0.0,0.0,0.0,0,0,0,0,0,2,1,1,24,0.4237622320652008,0.20501095056533813,0.25,0.053422775119543076,-0.031189829111099243,1,0.4237622320652008,0.20501095056533813,0.053422775119543076
1784909520.723548,admm_run,0.3271945406774242,-0.015832139160446748,0.4,0.1642378270626068,-0.1847977489233017,0.41263845562934875,-0.042486850172281265,0.018487196415662766,0.04194621741771698,6.318865776062012,3.3309881687164307,3.5049853324890137,639,0,0,0.0,0.3807142376899719,0.05246930569410324,2,0.0,0.05246930569410324,0.4237622022628784,0.20501095056533813,0.009999999776482582,0.009999999776482582,0.0,0.0,0.0,0.0,0.0,0,0,0,0,0,2,1,1,24,0.4237622320652008,0.20501095056533813,0.25,0.053422775119543076,-0.031189829111099243,1,0.4237622320652008,0.20501095056533813,0.053422775119543076
1784909520.7481558,admm_run,0.33067955205101285,-0.015799155537195818,0.4,0.16331961750984192,-0.1868748813867569,0.413742333650589,0.003801254788413644,-0.00881229992955923,-0.018150318413972855,6.0064287185668945,2.6194357872009277,3.5049853324890137,639,0,0,0.0,0.3807142376899719,0.05246930569410324,2,0.0,0.05246930569410324,0.4237622022628784,0.20501095056533813,0.009999999776482582,0.009999999776482582,0.0,0.0,0.0,0.0,0.0,0,0,0,0,0,2,1,1,24,0.4237622320652008,0.20501095056533813,0.25,0.053422775119543076,-0.029045850038528442,1,0.4237622320652008,0.20501095056533813,0.053422775119543076
1784909520.7724092,admm_run,0.3341645634246016,-0.015766171913944887,0.4,0.16331961750984192,-0.1868748813867569,0.413742333650589,0.003801254788413644,-0.00881229992955923,-0.018150318413972855,6.0064287185668945,2.6194357872009277,3.5049853324890137,639,0,0,0.0,0.3807142376899719,0.05246930569410324,2,0.0,0.05246930569410324,0.4237622022628784,0.20501095056533813,0.009999999776482582,0.009999999776482582,0.0,0.0,0.0,0.0,0.0,0,0,0,0,0,2,1,1,24,0.4237622320652008,0.20501095056533813,0.25,0.053422775119543076,-0.029045850038528442,1,0.4237622320652008,0.20501095056533813,0.053422775119543076
1784909520.797481,admm_run,0.3376495747981903,-0.015733188290693957,0.4,0.15854699909687042,-0.19352160394191742,0.41251683235168457,0.05409214273095131,-0.037320300936698914,-0.07538808137178421,5.350897312164307,1.7259669303894043,3.499706745147705,640,0,0,0.0,0.3807142376899719,0.05246930569410324,2,0.0,0.05246930569410324,0.4237622022628784,0.20501095056533813,0.009999999776482582,0.009999999776482582,0.0,0.0,0.0,0.0,0.0,0,0,0,0,0,2,1,1,24,0.4237622320652008,0.20501095056533813,0.25,0.053422775119543076,-0.022463083267211914,1,0.4237622320652008,0.20501095056533813,0.053422775119543076
1784909520.821119,admm_run,0.341134586171779,-0.015700204667443027,0.4,0.15854699909687042,-0.19352160394191742,0.41251683235168457,0.05409214273095131,-0.037320300936698914,-0.07538808137178421,5.350897312164307,1.7259669303894043,3.499706745147705,640,0,0,0.0,0.3807142376899719,0.05246930569410324,2,0.0,0.05246930569410324,0.4237622022628784,0.20501095056533813,0.009999999776482582,0.009999999776482582,0.0,0.0,0.0,0.0,0.0,0,0,0,0,0,2,1,1,24,0.4237622320652008,0.20501095056533813,0.25,0.053422775119543076,-0.022463083267211914,1,0.4237622320652008,0.20501095056533813,0.053422775119543076
1784909520.844637,admm_run,0.3446195975453677,-0.015667221044192093,0.4,0.15524031221866608,-0.2015007585287094,0.41119399666786194,0.08208438009023666,-0.048258885741233826,-0.1262689083814621,4.420336723327637,0.6158384084701538,3.499706745147705,640,0,0,0.0,0.3807142376899719,0.05246930569410324,2,0.0,0.05246930569410324,0.4237622022628784,0.20501095056533813,0.009999999776482582,0.009999999776482582,0.0,0.0,0.0,0.0,0.0,0,0,0,0,0,2,1,1,24,0.4237622320652008,0.20501095056533813,0.25,0.053422775119543076,-0.012991070747375488,1,0.4237622320652008,0.20501095056533813,0.053422775119543076
1784909520.868261,admm_run,0.3481046089189564,-0.015634237420941163,0.4,0.15524031221866608,-0.2015007585287094,0.41119399666786194,0.08208438009023666,-0.048258885741233826,-0.1262689083814621,4.420336723327637,0.6158384084701538,3.499706745147705,640,0,0,0.0,0.3807142376899719,0.05246930569410324,2,0.0,0.05246930569410324,0.4237622022628784,0.20501095056533813,0.009999999776482582,0.009999999776482582,0.0,0.0,0.0,0.0,0.0,0,0,0,0,0,2,1,1,24,0.4237622320652008,0.20501095056533813,0.25,0.053422775119543076,-0.012991070747375488,1,0.4237622320652008,0.20501095056533813,0.053422775119543076
1784909520.890302,admm_run,0.3515896202925451,-0.015601253797690232,0.4,0.15300117433071136,-0.20970851182937622,0.40892210602760315,0.0842006653547287,-0.05183344706892967,-0.16176186501979828,3.2006731033325195,-0.43845003843307495,3.499706745147705,640,0,0,0.0,0.3807142376899719,0.0524168387055397,2,0.0,0.0524168387055397,0.4237622022628784,0.20501093566417694,0.009999999776482582,0.009999999776482582,0.0,0.0,0.0,0.0,0.0,0,0,0,0,0,2,1,1,24,0.4237622320652008,0.20501095056533813,0.25,0.053422775119543076,-0.005272716283798218,1,0.4237622320652008,0.20501095056533813,0.053422775119543076
1784909520.915374,admm_run,0.3550746316661338,-0.015568270174439302,0.4,0.15300117433071136,-0.20970851182937622,0.40892210602760315,0.0842006653547287,-0.05183344706892967,-0.16176186501979828,3.2006731033325195,-0.43845003843307495,3.499706745147705,640,0,0,0.0,0.3807142376899719,0.0524168387055397,2,0.0,0.0524168387055397,0.4237622022628784,0.20501093566417694,0.009999999776482582,0.009999999776482582,0.0,0.0,0.0,0.0,0.0,0,0,0,0,0,2,1,1,24,0.4237622320652008,0.20501095056533813,0.25,0.053422775119543076,-0.005272716283798218,1,0.4237622320652008,0.20501095056533813,0.053422775119543076
1784909520.9395359,admm_run,0.3585596430397225,-0.015535286551188372,0.4,0.14948442578315735,-0.22294506430625916,0.40930482745170593,0.06097707152366638,-0.046850141137838364,-0.19445781409740448,1.830178141593933,-1.4070441722869873,3.499706745147705,640,0,0,0.0,0.3807142376899719,0.0524168387055397,2,0.0,0.0524168387055397,0.4237622022628784,0.20501093566417694,0.009999999776482582,0.009999999776482582,0.0,0.0,0.0,0.0,0.0,0,0,0,0,0,2,1,1,24,0.4237622320652008,0.20501095056533813,0.25,0.053422775119543076,0.006162583827972412,1,0.4237622320652008,0.20501095056533813,0.053422775119543076
1784909520.963231,admm_run,0.3620446544133112,-0.015502302927937441,0.4,0.14948442578315735,-0.22294506430625916,0.40930482745170593,0.06097707152366638,-0.046850141137838364,-0.19445781409740448,1.830178141593933,-1.4070441722869873,3.499706745147705,640,0,0,0.0,0.3807142376899719,0.0524168387055397,2,0.0,0.0524168387055397,0.4237622022628784,0.20501093566417694,0.009999999776482582,0.009999999776482582,0.0,0.0,0.0,0.0,0.0,0,0,0,0,0,2,1,1,24,0.4237622320652008,0.20501095056533813,0.25,0.053422775119543076,0.006162583827972412,1,0.4237622320652008,0.20501095056533813,0.053422775119543076
1784909520.987747,admm_run,0.3655296657868999,-0.015469319304686511,0.4,0.14895614981651306,-0.23173817992210388,0.40966376662254333,0.028381358832120895,-0.02904684841632843,-0.20858193933963776,0.3291223347187042,-2.2775585651397705,3.5049853324890137,641,4,3,0.17356377840042114,0.3807142376899719,0.052364423871040344,2,1.0,0.052364423871040344,0.4237622022628784,0.20501093566417694,0.009999999776482582,0.009999999776482582,0.0,0.0,0.0,0.0,0.0,0,0,0,0,0,2,1,1,24,0.4237622320652008,0.20501095056533813,0.25,0.053422775119543076,0.014142394065856934,1,0.4237622320652008,0.20501095056533813,0.053422775119543076
1784909521.008456,admm_run,0.3690146771604886,-0.015436335681435579,0.4,0.14895614981651306,-0.23173817992210388,0.40966376662254333,0.028381358832120895,-0.02904684841632843,-0.20858193933963776,0.3291223347187042,-2.2775585651397705,3.5049853324890137,641,4,3,0.17356377840042114,0.3807142376899719,0.052364423871040344,2,1.0,0.052364423871040344,0.4237622022628784,0.20501093566417694,0.009999999776482582,0.009999999776482582,0.0,0.0,0.0,0.0,0.0,0,0,0,0,0,2,1,1,24,0.4237622320652008,0.20501095056533813,0.25,0.053422775119543076,0.014142394065856934,1,0.4237622320652008,0.20501095056533813,0.053422775119543076
1784909521.028759,admm_run,0.3724996885340773,-0.015403352058184648,0.4,0.14658573269844055,-0.24619901180267334,0.4101390540599823,-0.009339315816760063,-0.02904684841632843,-0.20858193933963776,0.3291223347187042,-2.2775585651397705,3.5049853324890137,641,4,3,0.17356377840042114,0.3807142376899719,0.052364423871040344,2,1.0,0.052364423871040344,0.4237622022628784,0.20501093566417694,0.009999999776482582,0.009999999776482582,0.0,0.0,0.0,0.0,0.0,0,0,0,0,0,2,1,1,24,0.4237622320652008,0.20501095056533813,0.25,0.053422775119543076,0.014142394065856934,1,0.4237622320652008,0.20501095056533813,0.053422775119543076
1784909521.0499918,admm_run,0.375984699907666,-0.015370368434933718,0.4,0.14658573269844055,-0.24619901180267334,0.4101390540599823,-0.009339315816760063,-0.004067151341587305,-0.2091148942708969,-1.3918107748031616,-3.0859475135803223,3.5049853324890137,641,4,3,0.17356377840042114,0.3807142376899719,0.052364423871040344,2,1.0,0.052364423871040344,0.4237622022628784,0.20501093566417694,0.009999999776482582,0.009999999776482582,0.0,0.0,0.0,0.0,0.0,0,0,0,0,0,2,1,1,24,0.4237622320652008,0.20501095056533813,0.25,0.053422775119543076,0.030257582664489746,1,0.4237622320652008,0.20501095056533813,0.053422775119543076
1784909521.074888,admm_run,0.3794697112812547,-0.015337384811682788,0.4,0.14658573269844055,-0.24619901180267334,0.4101390540599823,-0.009339315816760063,-0.004067151341587305,-0.2091148942708969,-1.3918107748031616,-3.0859475135803223,3.5049853324890137,641,4,3,0.17356377840042114,0.3807142376899719,0.052364423871040344,2,1.0,0.052364423871040344,0.4237622022628784,0.20501093566417694,0.009999999776482582,0.009999999776482582,0.0,0.0,0.0,0.0,0.0,0,0,0,0,0,2,1,1,24,0.4237622320652008,0.20501095056533813,0.25,0.053422775119543076,0.030257582664489746,1,0.4237622320652008,0.20501095056533813,0.053422775119543076
1784909521.095233,admm_run,0.38295472265484337,-0.015304401188431856,0.4,0.1467515528202057,-0.25819846987724304,0.41097208857536316,-0.07577276229858398,0.01786365918815136,-0.19840605556964874,-2.4832451343536377,-3.4324417114257812,3.5049853324890137,642,0,0,0.0,0.3807142376899719,0.052312061190605164,2,1.0,0.052312061190605164,0.4237622022628784,0.20501095056533813,0.009999999776482582,0.009999999776482582,0.0,0.0,0.0,0.0,0.0,0,0,0,0,0,2,1,1,24,0.4237622320652008,0.20501095056533813,0.25,0.053422775119543076,0.038079023361206055,1,0.4237622320652008,0.20501095056533813,0.053422775119543076
1784909521.120308,admm_run,0.38643973402843207,-0.015271417565180925,0.4,0.1467515528202057,-0.25819846987724304,0.41097208857536316,-0.07577276229858398,0.01786365918815136,-0.19840605556964874,-2.4832451343536377,-3.4324417114257812,3.5049853324890137,642,0,0,0.0,0.3807142376899719,0.052312061190605164,2,1.0,0.052312061190605164,0.4237622022628784,0.20501095056533813,0.009999999776482582,0.009999999776482582,0.0,0.0,0.0,0.0,0.0,0,0,0,0,0,2,1,1,24,0.4237622320652008,0.20501095056533813,0.25,0.053422775119543076,0.038079023361206055,1,0.4237622320652008,0.20501095056533813,0.053422775119543076
1784909521.141423,admm_run,0.3899247454020208,-0.015238433941929995,0.4,0.1480121910572052,-0.2681300938129425,0.41198569536209106,-0.158908411860466,0.05482158809900284,-0.1659395694732666,-3.7300829887390137,-3.9853646755218506,3.5049853324890137,642,0,0,0.0,0.3807142376899719,0.052312061190605164,2,1.0,0.052312061190605164,0.4237622022628784,0.20501095056533813,0.009999999776482582,0.009999999776482582,0.0,0.0,0.0,0.0,0.0,0,0,0,0,0,2,1,1,24,0.4237622320652008,0.20501095056533813,0.25,0.053422775119543076,0.0465625524520874,1,0.4237622320652008,0.20501095056533813,0.053422775119543076
1784909521.164324,admm_run,0.3934097567756095,-0.015205450318679065,0.4,0.1480121910572052,-0.2681300938129425,0.41198569536209106,-0.158908411860466,0.05482158809900284,-0.1659395694732666,-3.7300829887390137,-3.9853646755218506,3.5049853324890137,642,0,0,0.0,0.3807142376899719,0.052312061190605164,2,1.0,0.052312061190605164,0.4237622022628784,0.20501095056533813,0.009999999776482582,0.009999999776482582,0.0,0.0,0.0,0.0,0.0,0,0,0,0,0,2,1,1,24,0.4237622320652008,0.20501095056533813,0.25,0.053422775119543076,0.0465625524520874,1,0.4237622320652008,0.20501095056533813,0.053422775119543076
1784909521.185745,admm_run,0.39689476814919816,-0.015172466695428134,0.4,0.15051977336406708,-0.27699804306030273,0.4123800992965698,-0.21889708936214447,0.08050019294023514,-0.1439831703901291,-4.289207458496094,-4.0886149406433105,3.5049853324890137,643,0,0,0.0,0.3807142376899719,0.05225975066423416,2,1.0,0.05225975066423416,0.4237622022628784,0.20501095056533813,0.009999999776482582,0.009999999776482582,0.0,0.0,0.0,0.0,0.0,0,0,0,0,0,2,1,1,24,0.4237622320652008,0.20501095056533813,0.25,0.053422775119543076,0.053169071674346924,1,0.4237622320652008,0.20501095056533813,0.053422775119543076
1784909521.206016,admm_run,0.40037977952278686,-0.015139483072177202,0.4,0.15051977336406708,-0.27699804306030273,0.4123800992965698,-0.21889708936214447,0.08050019294023514,-0.1439831703901291,-4.289207458496094,-4.0886149406433105,3.5049853324890137,643,0,0,0.0,0.3807142376899719,0.05225975066423416,2,1.0,0.05225975066423416,0.4237622022628784,0.20501095056533813,0.009999999776482582,0.009999999776482582,0.0,0.0,0.0,0.0,0.0,0,0,0,0,0,2,1,1,24,0.4237622320652008,0.20501095056533813,0.25,0.053422775119543076,0.053169071674346924,1,0.4237622320652008,0.20501095056533813,0.053422775119543076
1784909521.230929,admm_run,0.4038647908963756,-0.015106499448926272,0.4,0.1547192484140396,-0.28330376744270325,0.41330933570861816,-0.28309229016304016,0.08050019294023514,-0.1439831703901291,-4.289207458496094,-4.0886149406433105,3.5049853324890137,643,0,0,0.0,0.3807142376899719,0.05225975066423416,2,1.0,0.05225975066423416,0.4237622022628784,0.20501095056533813,0.009999999776482582,0.009999999776482582,0.0,0.0,0.0,0.0,0.0,0,0,0,0,0,2,1,1,24,0.4237622320652008,0.20501095056533813,0.25,0.053422775119543076,0.053169071674346924,1,0.4237622320652008,0.20501095056533813,0.053422775119543076
1784909521.255914,admm_run,0.4073498022699643,-0.015073515825675341,0.4,0.1547192484140396,-0.28330376744270325,0.41330933570861816,-0.28309229016304016,0.12071941047906876,-0.09822741150856018,-4.875115394592285,-3.9867141246795654,3.5049853324890137,643,0,0,0.0,0.3807142376899719,0.05225975066423416,2,1.0,0.05225975066423416,0.4237622022628784,0.20501095056533813,0.009999999776482582,0.009999999776482582,0.0,0.0,0.0,0.0,0.0,0,0,0,0,0,2,1,1,24,0.4237622320652008,0.20501095056533813,0.25,0.053422775119543076,0.05750495195388794,1,0.4237622320652008,0.20501095056533813,0.053422775119543076
1784909521.277144,admm_run,0.410834813643553,-0.015040532202424411,0.4,0.1547192484140396,-0.28330376744270325,0.41330933570861816,-0.28309229016304016,0.12071941047906876,-0.09822741150856018,-4.875115394592285,-3.9867141246795654,3.5049853324890137,643,0,0,0.0,0.3807142376899719,0.05225975066423416,2,1.0,0.05225975066423416,0.4237622022628784,0.20501095056533813,0.009999999776482582,0.009999999776482582,0.0,0.0,0.0,0.0,0.0,0,0,0,0,0,2,1,1,24,0.4237622320652008,0.20501095056533813,0.25,0.053422775119543076,0.05750495195388794,1,0.4237622320652008,0.20501095056533813,0.053422775119543076
1784909521.2973828,admm_run,0.4143198250171417,-0.015007548579173479,0.4,0.16037903726100922,-0.288276344537735,0.41392767429351807,-0.34403446316719055,0.15031810104846954,-0.06848623603582382,-4.98484468460083,-3.8248941898345947,3.5049853324890137,644,0,0,0.0,0.3807142376899719,0.05220749229192734,2,1.0,0.05220749229192734,0.4237622022628784,0.20501095056533813,0.009999999776482582,0.009999999776482582,0.0,0.0,0.0,0.0,0.0,0,0,0,0,0,2,1,1,24,0.4237622320652008,0.20501095056533813,0.25,0.053422775119543076,0.05842941999435425,1,0.4237622320652008,0.20501095056533813,0.053422775119543076
1784909521.321391,admm_run,0.4178048363907304,-0.014974564955922549,0.4,0.16037903726100922,-0.288276344537735,0.41392767429351807,-0.34403446316719055,0.15031810104846954,-0.06848623603582382,-4.98484468460083,-3.8248941898345947,3.5049853324890137,644,0,0,0.0,0.3807142376899719,0.05220749229192734,2,1.0,0.05220749229192734,0.4237622022628784,0.20501095056533813,0.009999999776482582,0.009999999776482582,0.0,0.0,0.0,0.0,0.0,0,0,0,0,0,2,1,1,24,0.4237622320652008,0.20501095056533813,0.25,0.053422775119543076,0.05842941999435425,1,0.4237622320652008,0.20501095056533813,0.053422775119543076
1784909521.3435562,admm_run,0.4212898477643191,-0.014941581332671618,0.4,0.17041414976119995,-0.2916783094406128,0.41285768151283264,-0.3826053738594055,0.18877746164798737,-0.018888138234615326,-4.6600117683410645,-3.4172921180725098,3.5049853324890137,644,0,0,0.0,0.3807142376899719,0.05220749229192734,2,1.0,0.05220749229192734,0.4237622022628784,0.20501095056533813,0.009999999776482582,0.009999999776482582,0.0,0.0,0.0,0.0,0.0,0,0,0,0,0,2,1,1,24,0.4237622320652008,0.20501095056533813,0.25,0.053422775119543076,0.057416677474975586,1,0.4237622320652008,0.20501095056533813,0.053422775119543076
1784909521.368632,admm_run,0.4247748591379078,-0.014908597709420688,0.4,0.17041414976119995,-0.2916783094406128,0.41285768151283264,-0.3826053738594055,0.18877746164798737,-0.018888138234615326,-4.6600117683410645,-3.4172921180725098,3.5049853324890137,644,0,0,0.0,0.3807142376899719,0.05220749229192734,2,1.0,0.05220749229192734,0.4237622022628784,0.20501095056533813,0.009999999776482582,0.009999999776482582,0.0,0.0,0.0,0.0,0.0,0,0,0,0,0,2,1,1,24,0.4237622320652008,0.20501095056533813,0.25,0.053422775119543076,0.057416677474975586,1,0.4237622320652008,0.20501095056533813,0.053422775119543076
1784909521.389621,admm_run,0.4282598705114965,-0.014875614086169758,0.4,0.18288104236125946,-0.29214704036712646,0.41177818179130554,-0.42494919896125793,0.2146294265985489,0.011392452754080296,-4.189515113830566,-3.087294340133667,3.499706745147705,646,0,0,0.0,0.3807142376899719,0.052103132009506226,2,1.0,0.052103132009506226,0.4237622022628784,0.20501095056533813,0.009999999776482582,0.009999999776482582,0.0,0.0,0.0,0.0,0.0,0,0,0,0,0,2,1,1,24,0.4237622320652008,0.20501095056533813,0.25,0.053422775119543076,0.05343639850616455,1,0.4237622320652008,0.20501095056533813,0.053422775119543076
1784909521.414397,admm_run,0.4317448818850852,-0.014842630462918826,0.4,0.18288104236125946,-0.29214704036712646,0.41177818179130554,-0.42494919896125793,0.2146294265985489,0.011392452754080296,-4.189515113830566,-3.087294340133667,3.499706745147705,646,0,0,0.0,0.3807142376899719,0.052103132009506226,2,1.0,0.052103132009506226,0.4237622022628784,0.20501095056533813,0.009999999776482582,0.009999999776482582,0.0,0.0,0.0,0.0,0.0,0,0,0,0,0,2,1,1,24,0.4237622320652008,0.20501095056533813,0.25,0.053422775119543076,0.05343639850616455,1,0.4237622320652008,0.20501095056533813,0.053422775119543076
1784909521.4394681,admm_run,0.4352298932586739,-0.014809646839667895,0.4,0.19228163361549377,-0.2892618775367737,0.4101368486881256,-0.4886474907398224,0.2146294265985489,0.011392452754080296,-4.189515113830566,-3.087294340133667,3.499706745147705,646,0,0,0.0,0.3807142376899719,0.052103132009506226,2,1.0,0.052103132009506226,0.4237622022628784,0.20501095056533813,0.009999999776482582,0.009999999776482582,0.0,0.0,0.0,0.0,0.0,0,0,0,0,0,2,1,1,24,0.4237622320652008,0.20501095056533813,0.25,0.053422775119543076,0.05343639850616455,1,0.4237622320652008,0.20501095056533813,0.053422775119543076
1784909521.461458,admm_run,0.4387149046322626,-0.014776663216416965,0.4,0.19228163361549377,-0.2892618775367737,0.4101368486881256,-0.4886474907398224,0.24022847414016724,0.05450012534856796,-3.2047369480133057,-2.349134683609009,3.499706745147705,646,0,0,0.0,0.3807142376899719,0.052103132009506226,2,1.0,0.052103132009506226,0.4237622022628784,0.20501095056533813,0.009999999776482582,0.009999999776482582,0.0,0.0,0.0,0.0,0.0,0,0,0,0,0,2,1,1,24,0.4237622320652008,0.20501095056533813,0.25,0.053422775119543076,0.046735942363739014,1,0.4237622320652008,0.20501095056533813,0.053422775119543076
1784909521.483407,admm_run,0.4421999160058513,-0.014743679593166035,0.4,0.20543459057807922,-0.28439703583717346,0.40720903873443604,-0.5360990166664124,0.2571723163127899,0.0775584951043129,-2.4495608806610107,-1.99004065990448,3.4944281578063965,646,0,0,0.0,0.3807142376899719,0.052103132009506226,2,1.0,0.052103132009506226,0.4237622022628784,0.20501095056533813,0.009999999776482582,0.009999999776482582,0.0,0.0,0.0,0.0,0.0,0,0,0,0,0,2,1,1,24,0.4237622320652008,0.20501095056533813,0.25,0.053422775119543076,0.03763014078140259,1,0.4237622320652008,0.20501095056533813,0.053422775119543076
1784909521.503872,admm_run,0.44568492737944,-0.014710695969915104,0.4,0.20543459057807922,-0.28439703583717346,0.40720903873443604,-0.5360990166664124,0.2571723163127899,0.0775584951043129,-2.4495608806610107,-1.99004065990448,3.4944281578063965,647,1,0,0.0,0.3807142376899719,0.05205103009939194,2,1.0,0.05205103009939194,0.4237622022628784,0.20501093566417694,0.009999999776482582,0.009999999776482582,0.0,0.0,0.0,0.0,0.0,0,0,0,0,0,2,1,1,24,0.4237622320652008,0.20501095056533813,0.25,0.053422775119543076,0.03763014078140259,1,0.4237622320652008,0.20501095056533813,0.053422775119543076
1784909521.527104,admm_run,0.4491699387530287,-0.014677712346664172,0.4,0.2174893617630005,-0.28218135237693787,0.4059600830078125,-0.5673917531967163,0.2571723163127899,0.0775584951043129,-2.4495608806610107,-1.99004065990448,3.4944281578063965,647,1,0,0.0,0.3807142376899719,0.05205103009939194,2,1.0,0.05205103009939194,0.4237622022628784,0.20501093566417694,0.009999999776482582,0.009999999776482582,0.0,0.0,0.0,0.0,0.0,0,0,0,0,0,2,1,1,24,0.4237622320652008,0.20501095056533813,0.25,0.053422775119543076,0.03763014078140259,1,0.4237622320652008,0.20501095056533813,0.053422775119543076
1784909521.5500422,admm_run,0.4526549501266174,-0.014644728723413242,0.4,0.2174893617630005,-0.28218135237693787,0.4059600830078125,-0.5673917531967163,0.27867910265922546,0.09564553946256638,-0.978301465511322,-1.453190565109253,3.4944281578063965,647,1,0,0.0,0.3807142376899719,0.05205103009939194,2,1.0,0.05205103009939194,0.4237622022628784,0.20501093566417694,0.009999999776482582,0.009999999776482582,0.0,0.0,0.0,0.0,0.0,0,0,0,0,0,2,1,1,24,0.4237622320652008,0.20501095056533813,0.25,0.053422775119543076,0.02665942907333374,1,0.4237622320652008,0.20501095056533813,0.053422775119543076
1784909521.575188,admm_run,0.4561399615002061,-0.014611745100162311,0.4,0.2174893617630005,-0.28218135237693787,0.4059600830078125,-0.5673917531967163,0.27867910265922546,0.09564553946256638,-0.978301465511322,-1.453190565109253,3.4944281578063965,647,1,0,0.0,0.3807142376899719,0.05205103009939194,2,1.0,0.05205103009939194,0.4237622022628784,0.20501093566417694,0.009999999776482582,0.009999999776482582,0.0,0.0,0.0,0.0,0.0,0,0,0,0,0,2,1,1,24,0.4237622320652008,0.20501095056533813,0.25,0.053422775119543076,0.02665942907333374,1,0.4237622320652008,0.20501095056533813,0.053422775119543076
1784909521.600152,admm_run,0.4596249728737948,-0.014578761476911381,0.4,0.2296776920557022,-0.2751358151435852,0.4035220444202423,-0.604576051235199,0.27884891629219055,0.10122629255056381,-0.01883314922451973,-1.0115525722503662,3.499706745147705,647,1,0,0.0,0.3807142376899719,0.05205103009939194,2,1.0,0.05205103009939194,0.4237622022628784,0.20501093566417694,0.009999999776482582,0.009999999776482582,0.0,0.0,0.0,0.0,0.0,0,0,0,0,0,2,1,1,24,0.4237622320652008,0.20501095056533813,0.25,0.053422775119543076,0.02192366123199463,1,0.4237622320652008,0.20501095056533813,0.053422775119543076
1784909521.624562,admm_run,0.4631099842473835,-0.014545777853660449,0.4,0.2296776920557022,-0.2751358151435852,0.4035220444202423,-0.604576051235199,0.27884891629219055,0.10122629255056381,-0.01883314922451973,-1.0115525722503662,3.499706745147705,647,1,0,0.0,0.3807142376899719,0.05205103009939194,2,1.0,0.05205103009939194,0.4237622022628784,0.20501093566417694,0.009999999776482582,0.009999999776482582,0.0,0.0,0.0,0.0,0.0,0,0,0,0,0,2,1,1,24,0.4237622320652008,0.20501095056533813,0.25,0.053422775119543076,0.02192366123199463,1,0.4237622320652008,0.20501095056533813,0.053422775119543076
1784909521.649089,admm_run,0.4665949956209722,-0.014512794230409519,0.4,0.24063469469547272,-0.2723904848098755,0.40309783816337585,-0.6054075956344604,0.27970147132873535,0.09233114868402481,1.3628402948379517,-0.6227597594261169,3.499706745147705,647,1,0,0.0,0.3807142376899719,0.05205103009939194,2,1.0,0.05205103009939194,0.4237622022628784,0.20501093566417694,0.009999999776482582,0.009999999776482582,0.0,0.0,0.0,0.0,0.0,0,0,0,0,0,2,1,1,24,0.4237622320652008,0.20501095056533813,0.25,0.053422775119543076,0.010709226131439209,1,0.4237622320652008,0.20501095056533813,0.053422775119543076
1784909521.670296,admm_run,0.4700800069945609,-0.014479810607158588,0.4,0.24063469469547272,-0.2723904848098755,0.40309783816337585,-0.6054075956344604,0.27970147132873535,0.09233114868402481,1.3628402948379517,-0.6227597594261169,3.499706745147705,647,1,0,0.0,0.3807142376899719,0.05205103009939194,2,1.0,0.05205103009939194,0.4237622022628784,0.20501093566417694,0.009999999776482582,0.009999999776482582,0.0,0.0,0.0,0.0,0.0,0,0,0,0,0,2,1,1,24,0.4237622320652008,0.20501095056533813,0.25,0.053422775119543076,0.010709226131439209,1,0.4237622320652008,0.20501095056533813,0.053422775119543076
1784909521.693232,admm_run,0.47356501836814957,-0.014446826983907658,0.4,0.25303950905799866,-0.2683210074901581,0.4045473039150238,-0.5856178998947144,0.28093409538269043,0.0780537873506546,2.207606554031372,-0.5868102312088013,3.499706745147705,648,0,0,0.0,0.3807142376899719,0.05199898034334183,2,1.0,0.05199898034334183,0.4237622022628784,0.20501095056533813,0.009999999776482582,0.009999999776482582,0.0,0.0,0.0,0.0,0.0,0,0,0,0,0,2,1,1,24,0.4237622320652008,0.20501095056533813,0.25,0.053422775119543076,0.004887104034423828,1,0.4237622320652008,0.20501095056533813,0.053422775119543076
1784909521.717386,admm_run,0.47705002974173827,-0.014413843360656726,0.4,0.25303950905799866,-0.2683210074901581,0.4045473039150238,-0.5856178998947144,0.28093409538269043,0.0780537873506546,2.207606554031372,-0.5868102312088013,3.499706745147705,648,0,0,0.0,0.3807142376899719,0.05199898034334183,2,1.0,0.05199898034334183,0.4237622022628784,0.20501095056533813,0.009999999776482582,0.009999999776482582,0.0,0.0,0.0,0.0,0.0,0,0,0,0,0,2,1,1,24,0.4237622320652008,0.20501095056533813,0.25,0.053422775119543076,0.004887104034423828,1,0.4237622320652008,0.20501095056533813,0.053422775119543076
1784909521.741407,admm_run,0.48053504111532697,-0.014380859737405795,0.4,0.2676103115081787,-0.26472875475883484,0.4053876996040344,-0.5748599767684937,0.28342604637145996,0.050485335290431976,3.2093281745910645,-0.45751962065696716,3.499706745147705,648,0,0,0.0,0.3807142376899719,0.05199898034334183,2,1.0,0.05199898034334183,0.4237622022628784,0.20501095056533813,0.009999999776482582,0.009999999776482582,0.0,0.0,0.0,0.0,0.0,0,0,0,0,0,2,1,1,24,0.4237622320652008,0.20501095056533813,0.25,0.053422775119543076,-0.0036645233631134033,1,0.4237622320652008,0.20501095056533813,0.053422775119543076
1784909521.764365,admm_run,0.48402005248891566,-0.014347876114154865,0.4,0.2676103115081787,-0.26472875475883484,0.4053876996040344,-0.5748599767684937,0.28342604637145996,0.050485335290431976,3.2093281745910645,-0.45751962065696716,3.499706745147705,648,0,0,0.0,0.3807142376899719,0.05199898034334183,2,1.0,0.05199898034334183,0.4237622022628784,0.20501095056533813,0.009999999776482582,0.009999999776482582,0.0,0.0,0.0,0.0,0.0,0,0,0,0,0,2,1,1,24,0.4237622320652008,0.20501095056533813,0.25,0.053422775119543076,-0.0036645233631134033,1,0.4237622320652008,0.20501095056533813,0.053422775119543076
1784909521.788466,admm_run,0.48750506386250436,-0.014314892490903935,0.4,0.27775612473487854,-0.26300472021102905,0.4048498272895813,-0.5583957433700562,0.28109440207481384,0.02749066799879074,3.637009382247925,-0.488109827041626,3.5049853324890137,649,0,0,0.0,0.3807142376899719,0.051946982741355896,2,1.0,0.051946982741355896,0.4237622022628784,0.20501095056533813,0.009999999776482582,0.009999999776482582,0.0,0.0,0.0,0.0,0.0,0,0,0,0,0,2,1,1,24,0.4237622320652008,0.20501095056533813,0.25,0.053422775119543076,-0.008604288101196289,1,0.4237622320652008,0.20501095056533813,0.053422775119543076
1784909521.813149,admm_run,0.49099007523609306,-0.014281908867653004,0.4,0.27775612473487854,-0.26300472021102905,0.4048498272895813,-0.5583957433700562,0.28109440207481384,0.02749066799879074,3.637009382247925,-0.488109827041626,3.5049853324890137,649,0,0,0.0,0.3807142376899719,0.051946982741355896,2,1.0,0.051946982741355896,0.42376217246055603,0.20501095056533813,0.009999999776482582,0.009999999776482582,0.0,0.0,0.0,0.0,0.0,0,0,0,0,0,2,1,1,24,0.4237622320652008,0.20501095056533813,0.25,0.053422775119543076,-0.008604288101196289,1,0.4237622320652008,0.20501095056533813,0.053422775119543076
1784909521.834769,admm_run,0.49447508660968176,-0.014248925244402074,0.4,0.2935001254081726,-0.2629404366016388,0.40596306324005127,-0.5546780824661255,0.28109440207481384,0.02749066799879074,3.637009382247925,-0.488109827041626,3.5049853324890137,649,0,0,0.0,0.3807142376899719,0.051946982741355896,2,1.0,0.051946982741355896,0.42376217246055603,0.20501095056533813,0.009999999776482582,0.009999999776482582,0.0,0.0,0.0,0.0,0.0,0,0,0,0,0,2,1,1,24,0.4237622320652008,0.20501095056533813,0.25,0.053422775119543076,-0.008604288101196289,1,0.4237622320652008,0.20501095056533813,0.053422775119543076
1784909521.8590028,admm_run,0.49796009798327046,-0.014215941621151142,0.4,0.2935001254081726,-0.2629404366016388,0.40596306324005127,-0.5546780824661255,0.2918594777584076,-0.012619594112038612,3.988219738006592,-0.6281846165657043,3.5049853324890137,649,0,0,0.0,0.3807142376899719,0.051946982741355896,2,1.0,0.051946982741355896,0.42376217246055603,0.20501095056533813,0.009999999776482582,0.009999999776482582,0.0,0.0,0.0,0.0,0.0,0,0,0,0,0,2,1,1,24,0.4237622320652008,0.20501095056533813,0.25,0.053422775119543076,-0.014311492443084717,1,0.4237622320652008,0.20501095056533813,0.053422775119543076
1784909521.883546,admm_run,0.5014451093568592,-0.014182957997900212,0.4,0.3070884346961975,-0.26339825987815857,0.4055720269680023,-0.5829146504402161,0.29468590021133423,-0.040866486728191376,3.991713047027588,-0.6358418464660645,3.499706745147705,649,0,0,0.0,0.3807142376899719,0.051946982741355896,2,1.0,0.051946982741355896,0.42376217246055603,0.20501095056533813,0.009999999776482582,0.009999999776482582,0.0,0.0,0.0,0.0,0.0,0,0,0,0,0,2,1,1,24,0.4237622320652008,0.20501095056533813,0.25,0.053422775119543076,-0.01690375804901123,1,0.4237622320652008,0.20501095056533813,0.053422775119543076
1784909521.907394,admm_run,0.5049301207304479,-0.014149974374649281,0.4,0.3070884346961975,-0.26339825987815857,0.4055720269680023,-0.5829146504402161,0.29468590021133423,-0.040866486728191376,3.991713047027588,-0.6358418464660645,3.499706745147705,650,0,0,0.0,0.3807142376899719,0.05189503729343414,2,0.0,0.05189503729343414,0.4237622022628784,0.20501095056533813,0.009999999776482582,0.009999999776482582,0.0,0.0,0.0,0.0,0.0,0,0,0,0,0,2,1,1,24,0.4237622320652008,0.20501095056533813,0.25,0.053422775119543076,-0.01690375804901123,1,0.4237622320652008,0.20501095056533813,0.053422775119543076
1784909521.929145,admm_run,0.5084151321040365,-0.01411699075139835,0.4,0.31921592354774475,-0.2668750584125519,0.40603816509246826,-0.6181519627571106,0.29468590021133423,-0.040866486728191376,3.991713047027588,-0.6358418464660645,3.499706745147705,650,0,0,0.0,0.3807142376899719,0.05189503729343414,2,0.0,0.05189503729343414,0.4237622022628784,0.20501095056533813,0.009999999776482582,0.009999999776482582,0.0,0.0,0.0,0.0,0.0,0,0,0,0,0,2,1,1,24,0.4237622320652008,0.20501095056533813,0.25,0.053422775119543076,-0.01690375804901123,1,0.4237622320652008,0.20501095056533813,0.053422775119543076
1784909521.951871,admm_run,0.5119001434776252,-0.014084007128147419,0.4,0.31921592354774475,-0.2668750584125519,0.40603816509246826,-0.6181519627571106,0.29197683930397034,-0.07663760334253311,3.597757577896118,-0.7928104400634766,3.499706745147705,650,0,0,0.0,0.3807142376899719,0.05189503729343414,2,0.0,0.05189503729343414,0.4237622022628784,0.20501095056533813,0.009999999776482582,0.009999999776482582,0.0,0.0,0.0,0.0,0.0,0,0,0,0,0,2,1,1,24,0.4237622320652008,0.20501095056533813,0.25,0.053422775119543076,-0.016671597957611084,1,0.4237622320652008,0.20501095056533813,0.053422775119543076
1784909521.972149,admm_run,0.5153851548512141,-0.014051023504896488,0.4,0.31921592354774475,-0.2668750584125519,0.40603816509246826,-0.6181519627571106,0.29197683930397034,-0.07663760334253311,3.597757577896118,-0.7928104400634766,3.499706745147705,650,0,0,0.0,0.3807142376899719,0.05189503729343414,2,0.0,0.05189503729343414,0.4237622022628784,0.20501095056533813,0.009999999776482582,0.009999999776482582,0.0,0.0,0.0,0.0,0.0,0,0,0,0,0,2,1,1,24,0.4237622320652008,0.20501095056533813,0.25,0.053422775119543076,-0.016671597957611084,1,0.4237622320652008,0.20501095056533813,0.053422775119543076
1784909521.9939158,admm_run,0.5188701662248028,-0.014018039881645558,0.4,0.3312445282936096,-0.27042874693870544,0.40547627210617065,-0.6679344177246094,0.29204708337783813,-0.1009427160024643,3.2337305545806885,-0.9134557843208313,3.499706745147705,651,0,0,0.0,0.3807142376899719,0.05189503729343414,2,0.0,0.05189503729343414,0.4237622022628784,0.20501095056533813,0.009999999776482582,0.009999999776482582,0.0,0.0,0.0,0.0,0.0,0,0,0,0,0,2,1,1,24,0.4237622320652008,0.20501095056533813,0.25,0.053422775119543076,-0.014994025230407715,1,0.4237622320652008,0.20501095056533813,0.053422775119543076
1784909522.0147169,admm_run,0.5223551775983915,-0.013985056258394628,0.4,0.3312445282936096,-0.27042874693870544,0.40547627210617065,-0.6679344177246094,0.29204708337783813,-0.1009427160024643,3.2337305545806885,-0.9134557843208313,3.499706745147705,651,0,0,0.0,0.3807142376899719,0.05189503729343414,2,0.0,0.05189503729343414,0.4237622022628784,0.20501095056533813,0.009999999776482582,0.009999999776482582,0.0,0.0,0.0,0.0,0.0,0,0,0,0,0,2,1,1,24,0.4237622320652008,0.20501095056533813,0.25,0.053422775119543076,-0.014994025230407715,1,0.4237622320652008,0.20501095056533813,0.053422775119543076
1784909522.036468,admm_run,0.5258401889719801,-0.013952072635143697,0.4,0.3312445282936096,-0.27042874693870544,0.40547627210617065,-0.6679344177246094,0.29204708337783813,-0.1009427160024643,3.2337305545806885,-0.9134557843208313,3.499706745147705,651,0,0,0.0,0.3807142376899719,0.05189503729343414,2,0.0,0.05189503729343414,0.4237622022628784,0.20501095056533813,0.009999999776482582,0.009999999776482582,0.0,0.0,0.0,0.0,0.0,0,0,0,0,0,2,1,1,24,0.4237622320652008,0.20501095056533813,0.25,0.053422775119543076,-0.014994025230407715,1,0.4237622320652008,0.20501095056533813,0.053422775119543076
1784909522.057081,admm_run,0.5293252003455687,-0.013919089011892767,0.4,0.3474408686161041,-0.2779073119163513,0.40534576773643494,-0.7384718656539917,0.2983993589878082,-0.13197238743305206,2.42433762550354,-1.1410279273986816,3.499706745147705,651,0,0,0.0,0.3807142376899719,0.05189503729343414,2,0.0,0.05189503729343414,0.4237622022628784,0.20501095056533813,0.009999999776482582,0.009999999776482582,0.0,0.0,0.0,0.0,0.0,0,0,0,0,0,2,1,1,24,0.4237622320652008,0.20501095056533813,0.25,0.053422775119543076,-0.010660290718078613,1,0.4237622320652008,0.20501095056533813,0.053422775119543076
1784909522.0804029,admm_run,0.5328102117191574,-0.013886105388641835,0.4,0.35810181498527527,-0.28523319959640503,0.40465793013572693,-0.7619189620018005,0.3031421899795532,-0.15064910054206848,1.6998001337051392,-1.2565373182296753,3.499706745147705,651,0,0,0.0,0.3807142376899719,0.05189503729343414,2,0.0,0.05189503729343414,0.4237622022628784,0.20501095056533813,0.009999999776482582,0.009999999776482582,0.0,0.0,0.0,0.0,0.0,0,0,0,0,0,2,1,1,24,0.4237622320652008,0.20501095056533813,0.25,0.053422775119543076,-0.010660290718078613,1,0.4237622320652008,0.20501095056533813,0.053422775119543076
1784909522.104904,admm_run,0.5362952230927461,-0.013853121765390905,0.4,0.35810181498527527,-0.28523319959640503,0.40465793013572693,-0.7619189620018005,0.3031421899795532,-0.15064910054206848,1.6998001337051392,-1.2565373182296753,3.4944281578063965,652,0,0,0.0,0.3807142376899719,0.05184314399957657,2,0.0,0.05184314399957657,0.4237622320652008,0.20501095056533813,0.009999999776482582,0.009999999776482582,0.0,0.0,0.0,0.0,0.0,0,0,0,0,0,2,1,1,24,0.4237622320652008,0.20501095056533813,0.25,0.053422775119543076,-0.007615089416503906,1,0.4237622320652008,0.20501095056533813,0.053422775119543076
1784909522.1256802,admm_run,0.5397802344663348,-0.013820138142139974,0.4,0.35810181498527527,-0.28523319959640503,0.40465793013572693,-0.7619189620018005,0.3031421899795532,-0.15064910054206848,1.6998001337051392,-1.2565373182296753,3.4944281578063965,652,0,0,0.0,0.3807142376899719,0.05184314399957657,2,0.0,0.05184314399957657,0.4237622320652008,0.20501095056533813,0.009999999776482582,0.009999999776482582,0.0,0.0,0.0,0.0,0.0,0,0,0,0,0,2,1,1,24,0.4237622320652008,0.20501095056533813,0.25,0.053422775119543076,-0.007615089416503906,1,0.4237622320652008,0.20501095056533813,0.053422775119543076
1784909522.1476622,admm_run,0.5432652458399235,-0.013787154518889042,0.4,0.3717102110385895,-0.29279032349586487,0.40277865529060364,-0.8030417561531067,0.30810779333114624,-0.16178208589553833,0.46061575412750244,-1.347883939743042,3.4944281578063965,652,0,0,0.0,0.3807142376899719,0.05184314399957657,2,0.0,0.05184314399957657,0.4237622320652008,0.20501095056533813,0.009999999776482582,0.009999999776482582,0.0,0.0,0.0,0.0,0.0,0,0,0,0,0,2,1,1,24,0.4237622320652008,0.20501095056533813,0.25,0.053422775119543076,0.000515282154083252,1,0.4237622320652008,0.20501095056533813,0.053422775119543076
1784909522.171544,admm_run,0.5467502572135123,-0.013754170895638112,0.4,0.3717102110385895,-0.29279032349586487,0.40277865529060364,-0.8030417561531067,0.30810779333114624,-0.16178208589553833,0.46061575412750244,-1.347883939743042,3.4944281578063965,652,0,0,0.0,0.3807142376899719,0.05184314399957657,2,0.0,0.05184314399957657,0.4237622320652008,0.20501095056533813,0.009999999776482582,0.009999999776482582,0.0,0.0,0.0,0.0,0.0,0,0,0,0,0,2,1,1,24,0.4237622320652008,0.20501095056533813,0.25,0.053422775119543076,0.000515282154083252,1,0.4237622320652008,0.20501095056533813,0.053422775119543076
1784909522.194766,admm_run,0.550235268587101,-0.013721187272387182,0.4,0.3842434287071228,-0.3012676239013672,0.40054094791412354,-0.8695926070213318,0.31442388892173767,-0.16411148011684418,-0.40855494141578674,-1.3041374683380127,3.489149570465088,653,0,0,0.0,0.5188837647438049,0.051739513874053955,2,1.0,0.051739513874053955,0.4237622022628784,0.20501095056533813,0.009999999776482582,0.009999999776482582,0.0,0.0,0.0,0.0,0.0,0,0,0,0,0,2,1,1,24,0.4237622320652008,0.20501095056533813,0.25,0.053422775119543076,0.004350900650024414,1,0.4237622320652008,0.20501095056533813,0.053422775119543076
1784909522.216785,admm_run,0.5537202799606897,-0.013688203649136251,0.4,0.3842434287071228,-0.3012676239013672,0.40054094791412354,-0.8695926070213318,0.31442388892173767,-0.16411148011684418,-0.40855494141578674,-1.3041374683380127,3.489149570465088,653,0,0,0.0,0.5188837647438049,0.051739513874053955,2,1.0,0.051739513874053955,0.4237622022628784,0.20501095056533813,0.009999999776482582,0.009999999776482582,0.0,0.0,0.0,0.0,0.0,0,0,0,0,0,2,1,1,24,0.4237622320652008,0.20501095056533813,0.25,0.053422775119543076,0.004350900650024414,1,0.4237622320652008,0.20501095056533813,0.053422775119543076
1784909522.2370749,admm_run,0.5572052913342784,-0.01365522002588532,0.4,0.3842434287071228,-0.3012676239013672,0.40054094791412354,-0.8695926070213318,0.31442388892173767,-0.16411148011684418,-0.40855494141578674,-1.3041374683380127,3.489149570465088,653,0,0,0.0,0.5188837647438049,0.051739513874053955,2,1.0,0.051739513874053955,0.4237622022628784,0.20501095056533813,0.009999999776482582,0.009999999776482582,0.0,0.0,0.0,0.0,0.0,0,0,0,0,0,2,1,1,24,0.4237622320652008,0.20501095056533813,0.25,0.053422775119543076,0.004350900650024414,1,0.4237622320652008,0.20501095056533813,0.053422775119543076
1784909522.261823,admm_run,0.5606903027078671,-0.013622236402634389,0.4,0.3977343738079071,-0.30812856554985046,0.4004634618759155,-0.9558281302452087,0.3264271318912506,-0.15367792546749115,-1.5322208404541016,-1.2937980890274048,3.489149570465088,653,0,0,0.0,0.5188837647438049,0.051739513874053955,2,1.0,0.051739513874053955,0.4237622022628784,0.20501095056533813,0.009999999776482582,0.009999999776482582,0.0,0.0,0.0,0.0,0.0,0,0,0,0,0,2,1,1,24,0.4237622320652008,0.20501095056533813,0.25,0.053422775119543076,0.013458788394927979,1,0.4237622320652008,0.20501095056533813,0.053422775119543076
1784909522.28409,admm_run,0.5641753140814558,-0.013589252779383458,0.4,0.4115643799304962,-0.3163398504257202,0.39868125319480896,-1.0577421188354492,0.3241809904575348,-0.13945013284683228,-2.2479681968688965,-1.1930885314941406,3.499706745147705,653,0,0,0.0,0.5188837647438049,0.051739513874053955,2,1.0,0.051739513874053955,0.4237622022628784,0.20501095056533813,0.009999999776482582,0.009999999776482582,0.0,0.0,0.0,0.0,0.0,0,0,0,0,0,2,1,1,24,0.4237622320652008,0.20501095056533813,0.25,0.053422775119543076,0.018374741077423096,1,0.4237622320652008,0.20501095056533813,0.053422775119543076
1784909522.308089,admm_run,0.5676603254550445,-0.013556269156132528,0.4,0.4115643799304962,-0.3163398504257202,0.39868125319480896,-1.0577421188354492,0.3241809904575348,-0.13945013284683228,-2.2479681968688965,-1.1930885314941406,3.499706745147705,655,0,0,0.0,0.5188837647438049,0.05168777331709862,2,1.0,0.05168777331709862,0.4237622022628784,0.20501095056533813,0.009999999776482582,0.009999999776482582,0.0,0.0,0.0,0.0,0.0,0,0,0,0,0,2,1,1,24,0.4237622320652008,0.20501095056533813,0.25,0.053422775119543076,0.018374741077423096,1,0.4237622320652008,0.20501095056533813,0.053422775119543076
1784909522.328466,admm_run,0.5711453368286332,-0.013523285532881598,0.4,0.4248350262641907,-0.31991899013519287,0.39932772517204285,-1.1568769216537476,0.3241809904575348,-0.13945013284683228,-2.2479681968688965,-1.1930885314941406,3.499706745147705,655,0,0,0.0,0.5188837647438049,0.05168777331709862,2,1.0,0.05168777331709862,0.4237622022628784,0.20501095056533813,0.009999999776482582,0.009999999776482582,0.0,0.0,0.0,0.0,0.0,0,0,0,0,0,2,1,1,24,0.4237622320652008,0.20501095056533813,0.25,0.053422775119543076,0.018374741077423096,1,0.4237622320652008,0.20501095056533813,0.053422775119543076
1784909522.350663,admm_run,0.5746303482022219,-0.013490301909630666,0.4,0.4248350262641907,-0.31991899013519287,0.39932772517204285,-1.1568769216537476,0.3383147418498993,-0.11265376955270767,-3.0000882148742676,-1.0396003723144531,3.499706745147705,655,0,0,0.0,0.5188837647438049,0.05168777331709862,2,1.0,0.05168777331709862,0.4237622022628784,0.20501095056533813,0.009999999776482582,0.009999999776482582,0.0,0.0,0.0,0.0,0.0,0,0,0,0,0,2,1,1,24,0.4237622320652008,0.20501095056533813,0.25,0.053422775119543076,0.02493107318878174,1,0.4237622320652008,0.20501095056533813,0.053422775119543076
1784909522.3747342,admm_run,0.5781153595758106,-0.013457318286379735,0.4,0.4248350262641907,-0.31991899013519287,0.39932772517204285,-1.1568769216537476,0.3383147418498993,-0.11265376955270767,-3.0000882148742676,-1.0396003723144531,3.499706745147705,655,0,0,0.0,0.5188837647438049,0.05168777331709862,2,1.0,0.05168777331709862,0.4237622022628784,0.20501095056533813,0.009999999776482582,0.009999999776482582,0.0,0.0,0.0,0.0,0.0,0,0,0,0,0,2,1,1,24,0.4237622320652008,0.20501095056533813,0.25,0.053422775119543076,0.02493107318878174,1,0.4237622320652008,0.20501095056533813,0.053422775119543076
1784909522.399742,admm_run,0.5816003709493993,-0.013424334663128805,0.4,0.441999614238739,-0.32289835810661316,0.3996068239212036,-1.299730896949768,0.3422356843948364,-0.0870344415307045,-3.4079067707061768,-0.842646062374115,3.499706745147705,656,0,0,0.0,0.5188837647438049,0.05158444866538048,2,1.0,0.05158444866538048,0.4237622022628784,0.20501093566417694,0.009999999776482582,0.009999999776482582,0.0,0.0,0.0,0.0,0.0,0,0,0,0,0,2,1,1,24,0.4237622320652008,0.20501095056533813,0.25,0.053422775119543076,0.02881723642349243,1,0.4237622320652008,0.20501095056533813,0.053422775119543076
1784909522.4248378,admm_run,0.585085382322988,-0.013391351039877875,0.4,0.441999614238739,-0.32289835810661316,0.3996068239212036,-1.299730896949768,0.3422356843948364,-0.0870344415307045,-3.4079067707061768,-0.842646062374115,3.499706745147705,656,0,0,0.0,0.5188837647438049,0.05158444866538048,2,1.0,0.05158444866538048,0.4237622022628784,0.20501093566417694,0.009999999776482582,0.009999999776482582,0.0,0.0,0.0,0.0,0.0,0,0,0,0,0,2,1,1,24,0.4237622320652008,0.20501095056533813,0.25,0.053422775119543076,0.02881723642349243,1,0.4237622320652008,0.20501095056533813,0.053422775119543076
1784909522.445738,admm_run,0.5885703936965767,-0.013358367416626944,0.4,0.4574524164199829,-0.32749322056770325,0.4009000062942505,-1.4645004272460938,0.3479696214199066,-0.05053078383207321,-3.533231496810913,-0.5837334394454956,3.499706745147705,656,0,0,0.0,0.5188837647438049,0.05158444866538048,2,1.0,0.05158444866538048,0.4237622022628784,0.20501093566417694,0.009999999776482582,0.009999999776482582,0.0,0.0,0.0,0.0,0.0,0,0,0,0,0,2,1,1,24,0.4237622320652008,0.20501095056533813,0.25,0.053422775119543076,0.0335688591003418,1,0.4237622320652008,0.20501095056533813,0.053422775119543076
1784909522.4670231,admm_run,0.5920554050701654,-0.013325383793376014,0.4,0.4574524164199829,-0.32749322056770325,0.4009000062942505,-1.4645004272460938,0.3479696214199066,-0.05053078383207321,-3.533231496810913,-0.5837334394454956,3.499706745147705,656,0,0,0.0,0.5188837647438049,0.05158444866538048,2,1.0,0.05158444866538048,0.4237622022628784,0.20501093566417694,0.009999999776482582,0.009999999776482582,0.0,0.0,0.0,0.0,0.0,0,0,0,0,0,2,1,1,24,0.4237622320652008,0.20501095056533813,0.25,0.053422775119543076,0.0335688591003418,1,0.4237622320652008,0.20501095056533813,0.053422775119543076
1784909522.4881659,admm_run,0.5955404164437541,-0.013292400170125082,0.4,0.4733715057373047,-0.32809537649154663,0.4018126130104065,-1.6454755067825317,0.34792864322662354,-0.025860590860247612,-3.5119473934173584,-0.3677411675453186,3.5049853324890137,657,0,0,0.0,0.5188837647438049,0.051532864570617676,2,1.0,0.051532864570617676,0.4237622022628784,0.20501095056533813,0.009999999776482582,0.009999999776482582,0.0,0.0,0.0,0.0,0.0,0,0,0,0,0,2,1,1,24,0.4237622320652008,0.20501095056533813,0.25,0.053422775119543076,0.03472745418548584,1,0.4237622320652008,0.20501095056533813,0.053422775119543076
1784909522.511488,admm_run,0.5990254278173428,-0.013259416546874151,0.4,0.4733715057373047,-0.32809537649154663,0.4018126130104065,-1.6454755067825317,0.34792864322662354,-0.025860590860247612,-3.5119473934173584,-0.3677411675453186,3.5049853324890137,657,0,0,0.0,0.5188837647438049,0.051532864570617676,2,1.0,0.051532864570617676,0.4237622022628784,0.20501095056533813,0.009999999776482582,0.009999999776482582,0.0,0.0,0.0,0.0,0.0,0,0,0,0,0,2,1,1,24,0.4237622320652008,0.20501095056533813,0.25,0.053422775119543076,0.03472745418548584,1,0.4237622320652008,0.20501095056533813,0.053422775119543076
1784909522.5365682,admm_run,0.6025104391909315,-0.013226432923623221,0.4,0.49034661054611206,-0.3267834186553955,0.4022776782512665,-1.828559160232544,0.34792864322662354,-0.025860590860247612,-3.5119473934173584,-0.3677411675453186,3.5049853324890137,657,0,0,0.0,0.5188837647438049,0.051532864570617676,2,1.0,0.051532864570617676,0.4237622022628784,0.20501095056533813,0.009999999776482582,0.009999999776482582,0.0,0.0,0.0,0.0,0.0,0,0,0,0,0,2,1,1,24,0.4237622320652008,0.20501095056533813,0.25,0.053422775119543076,0.03472745418548584,1,0.4237622320652008,0.20501095056533813,0.053422775119543076
1784909522.557388,admm_run,0.6059954505645202,-0.013193449300372289,0.4,0.49034661054611206,-0.3267834186553955,0.4022776782512665,-1.828559160232544,0.35124802589416504,0.01391738560050726,-3.243704080581665,0.03669384494423866,3.5049853324890137,657,0,0,0.0,0.5188837647438049,0.051532864570617676,2,1.0,0.051532864570617676,0.4237622022628784,0.20501095056533813,0.009999999776482582,0.009999999776482582,0.0,0.0,0.0,0.0,0.0,0,0,0,0,0,2,1,1,24,0.4237622320652008,0.20501095056533813,0.25,0.053422775119543076,0.03594660758972168,1,0.4237622320652008,0.20501095056533813,0.053422775119543076
1784909522.580461,admm_run,0.6094804619381089,-0.013160465677121359,0.4,0.5062880516052246,-0.32539987564086914,0.4034636914730072,-2.013700008392334,0.3466377556324005,0.03523160144686699,-2.9543185234069824,0.24748332798480988,3.5049853324890137,657,0,0,0.0,0.5188837647438049,0.051532864570617676,2,1.0,0.051532864570617676,0.4237622022628784,0.20501095056533813,0.009999999776482582,0.009999999776482582,0.0,0.0,0.0,0.0,0.0,0,0,0,0,0,2,1,1,24,0.4237622320652008,0.20501095056533813,0.25,0.053422775119543076,0.03594660758972168,1,0.4237622320652008,0.20501095056533813,0.053422775119543076
1784909522.6006458,admm_run,0.6129654733116976,-0.013127482053870428,0.4,0.5062880516052246,-0.32539987564086914,0.4034636914730072,-2.013700008392334,0.3466377556324005,0.03523160144686699,-2.9543185234069824,0.24748332798480988,3.5049853324890137,658,3,3,0.08372814208269119,0.6598184108734131,0.06776274740695953,2,1.0,0.05148133262991905,0.42376217246055603,0.20501095056533813,0.009999999776482582,0.009999999776482582,0.0,0.0,0.0,0.0,0.0,0,0,0,0,0,2,1,1,24,0.4237622320652008,0.20501095056533813,0.25,0.053422775119543076,0.03563690185546875,1,0.4237622320652008,0.20501095056533813,0.053422775119543076
1784909522.621124,admm_run,0.6164504846852863,-0.013094498430619498,0.4,0.5062880516052246,-0.32539987564086914,0.4034636914730072,-2.013700008392334,0.3466377556324005,0.03523160144686699,-2.9543185234069824,0.24748332798480988,3.5049853324890137,658,3,3,0.08372814208269119,0.6598184108734131,0.06776274740695953,2,1.0,0.05148133262991905,0.42376217246055603,0.20501095056533813,0.009999999776482582,0.009999999776482582,0.0,0.0,0.0,0.0,0.0,0,0,0,0,0,2,1,1,24,0.4237622320652008,0.20501095056533813,0.25,0.053422775119543076,0.03563690185546875,1,0.4237622320652008,0.20501095056533813,0.053422775119543076
1784909522.643242,admm_run,0.619935496058875,-0.013061514807368568,0.4,0.5222189426422119,-0.3231561481952667,0.40280336141586304,-2.1757333278656006,0.33952996134757996,0.0628095269203186,-2.449406623840332,0.39210453629493713,3.5049853324890137,658,3,3,0.08372814208269119,0.6598184108734131,0.06776274740695953,2,1.0,0.05148133262991905,0.42376217246055603,0.20501095056533813,0.009999999776482582,0.009999999776482582,0.0,0.0,0.0,0.0,0.0,0,0,0,0,0,2,1,1,24,0.4237622320652008,0.20501095056533813,0.25,0.053422775119543076,0.03726553916931152,1,0.4237622320652008,0.20501095056533813,0.053422775119543076
1784909522.668179,admm_run,0.6234205074324637,-0.013028531184117637,0.4,0.5222189426422119,-0.3231561481952667,0.40280336141586304,-2.1757333278656006,0.33952996134757996,0.0628095269203186,-2.449406623840332,0.39210453629493713,3.5049853324890137,658,3,3,0.08372814208269119,0.6598184108734131,0.06776274740695953,2,1.0,0.05148133262991905,0.42376217246055603,0.20501095056533813,0.009999999776482582,0.009999999776482582,0.0,0.0,0.0,0.0,0.0,0,0,0,0,0,2,1,1,24,0.4237622320652008,0.20501095056533813,0.25,0.053422775119543076,0.03726553916931152,1,0.4237622320652008,0.20501095056533813,0.053422775119543076
1784909522.691242,admm_run,0.6269055188060524,-0.012995547560866707,0.4,0.537299633026123,-0.318774938583374,0.4034317135810852,-2.3152241706848145,0.33493322134017944,0.08103334158658981,-2.0522727966308594,0.45953717827796936,3.499706745147705,659,1,0,0.0,0.6598184108734131,0.06769498437643051,2,1.0,0.05142985284328461,0.4237622320652008,0.20501093566417694,0.009999999776482582,0.009999999776482582,0.0,0.0,0.0,0.0,0.0,0,0,0,0,0,2,1,1,24,0.4237622320652008,0.20501095056533813,0.25,0.053422775119543076,0.03479135036468506,1,0.4237622320652008,0.20501095056533813,0.053422775119543076
1784909522.712273,admm_run,0.6303905301796411,-0.012962563937615775,0.4,0.537299633026123,-0.318774938583374,0.4034317135810852,-2.3152241706848145,0.33493322134017944,0.08103334158658981,-2.0522727966308594,0.45953717827796936,3.499706745147705,659,1,0,0.0,0.6598184108734131,0.06769498437643051,2,1.0,0.05142985284328461,0.4237622320652008,0.20501093566417694,0.009999999776482582,0.009999999776482582,0.0,0.0,0.0,0.0,0.0,0,0,0,0,0,2,1,1,24,0.4237622320652008,0.20501095056533813,0.25,0.053422775119543076,0.03479135036468506,1,0.4237622320652008,0.20501095056533813,0.053422775119543076
1784909522.7337012,admm_run,0.6338755415532298,-0.012929580314364844,0.4,0.552351176738739,-0.3126644790172577,0.40264391899108887,-2.4226620197296143,0.33493322134017944,0.08103334158658981,-2.0522727966308594,0.45953717827796936,3.499706745147705,659,1,0,0.0,0.6598184108734131,0.06769498437643051,2,1.0,0.05142985284328461,0.4237622320652008,0.20501093566417694,0.009999999776482582,0.009999999776482582,0.0,0.0,0.0,0.0,0.0,0,0,0,0,0,2,1,1,24,0.4237622320652008,0.20501095056533813,0.25,0.053422775119543076,0.03479135036468506,1,0.4237622320652008,0.20501095056533813,0.053422775119543076
1784909522.755011,admm_run,0.6373605529268185,-0.012896596691113914,0.4,0.552351176738739,-0.3126644790172577,0.40264391899108887,-2.4226620197296143,0.32926952838897705,0.1014241874217987,-1.5290579795837402,0.5068216323852539,3.499706745147705,659,1,0,0.0,0.6598184108734131,0.06769498437643051,2,1.0,0.05142985284328461,0.4237622320652008,0.20501093566417694,0.009999999776482582,0.009999999776482582,0.0,0.0,0.0,0.0,0.0,0,0,0,0,0,2,1,1,24,0.4237622320652008,0.20501095056533813,0.25,0.053422775119543076,0.03340691328048706,1,0.4237622320652008,0.20501095056533813,0.053422775119543076
1784909522.7789261,admm_run,0.6408455643004072,-0.012863613067862982,0.4,0.5681477785110474,-0.3077116906642914,0.4020130932331085,-2.488288640975952,0.32926952838897705,0.1014241874217987,-1.5290579795837402,0.5068216323852539,3.499706745147705,659,1,0,0.0,0.6598184108734131,0.06769498437643051,2,1.0,0.05142985284328461,0.4237622320652008,0.20501093566417694,0.009999999776482582,0.009999999776482582,0.0,0.0,0.0,0.0,0.0,0,0,0,0,0,2,1,1,24,0.4237622320652008,0.20501095056533813,0.25,0.053422775119543076,0.03340691328048706,1,0.4237622320652008,0.20501095056533813,0.053422775119543076
1784909522.8019378,admm_run,0.6443305756739959,-0.012830629444612052,0.4,0.5681477785110474,-0.3077116906642914,0.4020130932331085,-2.488288640975952,0.32298845052719116,0.1129390299320221,-1.2531498670578003,0.5516394376754761,3.4944281578063965,659,1,0,0.0,0.6598184108734131,0.06769498437643051,2,1.0,0.05142985284328461,0.4237622320652008,0.20501093566417694,0.009999999776482582,0.009999999776482582,0.0,0.0,0.0,0.0,0.0,0,0,0,0,0,2,1,1,24,0.4237622320652008,0.20501095056533813,0.25,0.053422775119543076,0.0329015851020813,1,0.4237622320652008,0.20501095056533813,0.053422775119543076
1784909522.822335,admm_run,0.6478155870475846,-0.012797645821361121,0.4,0.5681477785110474,-0.3077116906642914,0.4020130932331085,-2.488288640975952,0.32298845052719116,0.1129390299320221,-1.2531498670578003,0.5516394376754761,3.4944281578063965,659,1,0,0.0,0.6598184108734131,0.06769498437643051,2,1.0,0.05142985284328461,0.4237622320652008,0.20501093566417694,0.009999999776482582,0.009999999776482582,0.0,0.0,0.0,0.0,0.0,0,0,0,0,0,2,1,1,24,0.4237622320652008,0.20501095056533813,0.25,0.053422775119543076,0.0329015851020813,1,0.4237622320652008,0.20501095056533813,0.053422775119543076
1784909522.8426151,admm_run,0.6513005984211733,-0.012764662198110191,0.4,0.584862470626831,-0.29985907673835754,0.4029842019081116,-2.547699451446533,0.3122834265232086,0.12601087987422943,-0.9021272659301758,0.6251251101493835,3.4944281578063965,659,1,0,0.0,0.6598184108734131,0.06769498437643051,2,1.0,0.05142985284328461,0.4237622320652008,0.20501093566417694,0.009999999776482582,0.009999999776482582,0.0,0.0,0.0,0.0,0.0,0,0,0,0,0,2,1,1,24,0.4237622320652008,0.20501095056533813,0.25,0.053422775119543076,0.03093165159225464,1,0.4237622320652008,0.20501095056533813,0.053422775119543076
1784909522.8629482,admm_run,0.654785609794762,-0.01273167857485926,0.4,0.584862470626831,-0.29985907673835754,0.4029842019081116,-2.547699451446533,0.3122834265232086,0.12601087987422943,-0.9021272659301758,0.6251251101493835,3.4944281578063965,659,1,0,0.0,0.6598184108734131,0.06769498437643051,2,1.0,0.05142985284328461,0.4237622320652008,0.20501093566417694,0.009999999776482582,0.009999999776482582,0.0,0.0,0.0,0.0,0.0,0,0,0,0,0,2,1,1,24,0.4237622320652008,0.20501095056533813,0.25,0.053422775119543076,0.03093165159225464,1,0.4237622320652008,0.20501095056533813,0.053422775119543076
1784909522.887349,admm_run,0.6582706211683507,-0.012698694951608329,0.4,0.5951735377311707,-0.29577624797821045,0.40416017174720764,-2.589905023574829,0.3037733733654022,0.1296222060918808,-0.6993823051452637,0.5310433506965637,3.5049853324890137,660,0,0,0.0,0.6598184108734131,0.06762728840112686,2,1.0,0.05137842521071434,0.42376217246055603,0.20501095056533813,0.009999999776482582,0.009999999776482582,0.0,0.0,0.0,0.0,0.0,0,0,0,0,0,2,1,1,24,0.4237622320652008,0.20501095056533813,0.25,0.053422775119543076,0.028869450092315674,1,0.4237622320652008,0.20501095056533813,0.053422775119543076
1784909522.9098308,admm_run,0.6617556325419394,-0.012665711328357398,0.4,0.5951735377311707,-0.29577624797821045,0.40416017174720764,-2.589905023574829,0.3037733733654022,0.1296222060918808,-0.6993823051452637,0.5310433506965637,3.5049853324890137,660,0,0,0.0,0.6598184108734131,0.06762728840112686,2,1.0,0.05137842521071434,0.42376217246055603,0.20501095056533813,0.009999999776482582,0.009999999776482582,0.0,0.0,0.0,0.0,0.0,0,0,0,0,0,2,1,1,24,0.4237622320652008,0.20501095056533813,0.25,0.053422775119543076,0.028869450092315674,1,0.4237622320652008,0.20501095056533813,0.053422775119543076
1784909522.933076,admm_run,0.6652406439155281,-0.012632727705106468,0.4,0.5951735377311707,-0.29577624797821045,0.40416017174720764,-2.589905023574829,0.3037733733654022,0.1296222060918808,-0.6993823051452637,0.5310433506965637,3.5049853324890137,660,0,0,0.0,0.6598184108734131,0.06762728840112686,2,1.0,0.05137842521071434,0.42376217246055603,0.20501095056533813,0.009999999776482582,0.009999999776482582,0.0,0.0,0.0,0.0,0.0,0,0,0,0,0,2,1,1,24,0.4237622320652008,0.20501095056533813,0.25,0.053422775119543076,0.028869450092315674,1,0.4237622320652008,0.20501095056533813,0.053422775119543076
1784909522.9550788,admm_run,0.6687256552891168,-0.012599744081855536,0.4,0.613937258720398,-0.28674134612083435,0.4032060503959656,-2.648507833480835,0.30087026953697205,0.13803985714912415,-0.44826337695121765,0.37838199734687805,3.5049853324890137,660,0,0,0.0,0.6598184108734131,0.06762728840112686,2,1.0,0.05137842521071434,0.42376217246055603,0.20501095056533813,0.009999999776482582,0.009999999776482582,0.0,0.0,0.0,0.0,0.0,0,0,0,0,0,2,1,1,24,0.4237622320652008,0.20501095056533813,0.25,0.053422775119543076,0.027950406074523926,1,0.4237622320652008,0.20501095056533813,0.053422775119543076
1784909522.975262,admm_run,0.6722106666627055,-0.012566760458604605,0.4,0.613937258720398,-0.28674134612083435,0.4032060503959656,-2.648507833480835,0.30087026953697205,0.13803985714912415,-0.44826337695121765,0.37838199734687805,3.5049853324890137,660,0,0,0.0,0.6598184108734131,0.06762728840112686,2,1.0,0.05137842521071434,0.42376217246055603,0.20501095056533813,0.009999999776482582,0.009999999776482582,0.0,0.0,0.0,0.0,0.0,0,0,0,0,0,2,1,1,24,0.4237622320652008,0.20501095056533813,0.25,0.053422775119543076,0.027950406074523926,1,0.4237622320652008,0.20501095056533813,0.053422775119543076
1784909522.9997308,admm_run,0.6756956780362942,-0.012533776835353675,0.4,0.6242811679840088,-0.2809951603412628,0.40345504879951477,-2.713195562362671,0.29434770345687866,0.1449240744113922,-0.3947027623653412,0.3986932337284088,3.499706745147705,661,2,0,0.0,0.6598184108734131,0.06755965948104858,2,1.0,0.051327046006917953,0.4237622022628784,0.20501095056533813,0.009999999776482582,0.009999999776482582,0.0,0.0,0.0,0.0,0.0,0,0,0,0,0,2,1,1,24,0.4237622320652008,0.20501095056533813,0.25,0.053422775119543076,0.025994539260864258,1,0.4237622320652008,0.20501095056533813,0.053422775119543076
1784909523.023529,admm_run,0.6791806894098829,-0.012500793212102745,0.4,0.6242811679840088,-0.2809951603412628,0.40345504879951477,-2.713195562362671,0.29434770345687866,0.1449240744113922,-0.3947027623653412,0.3986932337284088,3.499706745147705,661,2,0,0.0,0.6598184108734131,0.06755965948104858,2,1.0,0.051327046006917953,0.4237622022628784,0.20501095056533813,0.009999999776482582,0.009999999776482582,0.0,0.0,0.0,0.0,0.0,0,0,0,0,0,2,1,1,24,0.4237622320652008,0.20501095056533813,0.25,0.053422775119543076,0.025994539260864258,1,0.4237622320652008,0.20501095056533813,0.053422775119543076
1784909523.047769,admm_run,0.6826657007834716,-0.012467809588851814,0.4,0.638783872127533,-0.2732643783092499,0.40354636311531067,-2.898329019546509,0.2848820090293884,0.14282125234603882,-0.18040718138217926,0.2854976952075958,3.499706745147705,661,2,0,0.0,0.6598184108734131,0.06755965948104858,2,1.0,0.051327046006917953,0.4237622022628784,0.20501095056533813,0.009999999776482582,0.009999999776482582,0.0,0.0,0.0,0.0,0.0,0,0,0,0,0,2,1,1,24,0.4237622320652008,0.20501095056533813,0.25,0.053422775119543076,0.02417135238647461,1,0.4237622320652008,0.20501095056533813,0.053422775119543076
1784909523.0705721,admm_run,0.6861507121570602,-0.012434825965600884,0.4,0.638783872127533,-0.2732643783092499,0.40354636311531067,-2.898329019546509,0.2848820090293884,0.14282125234603882,-0.18040718138217926,0.2854976952075958,3.499706745147705,661,2,0,0.0,0.6598184108734131,0.06755965948104858,2,1.0,0.051327046006917953,0.4237622022628784,0.20501095056533813,0.009999999776482582,0.009999999776482582,0.0,0.0,0.0,0.0,0.0,0,0,0,0,0,2,1,1,24,0.4237622320652008,0.20501095056533813,0.25,0.053422775119543076,0.02417135238647461,1,0.4237622320652008,0.20501095056533813,0.053422775119543076
1784909523.091855,admm_run,0.689635723530649,-0.012401842342349954,0.4,0.6521814465522766,-0.2663651406764984,0.40193983912467957,-3.0375542640686035,0.28306469321250916,0.1426067352294922,-0.010916074737906456,0.2350178360939026,3.499706745147705,662,2,0,0.0,0.6598184108734131,0.06749209761619568,2,1.0,0.06749209761619568,0.6422154903411865,-0.24994543194770813,0.009999999776482582,0.009999999776482582,0.0,0.0,0.0,0.0,0.0,0,0,0,0,0,2,1,1,24,0.4237622320652008,0.20501095056533813,0.25,0.053422775119543076,0.024318158626556396,1,0.4237622320652008,0.20501095056533813,0.053422775119543076
1784909523.112164,admm_run,0.6931207349042376,-0.012368858719099022,0.4,0.6521814465522766,-0.2663651406764984,0.40193983912467957,-3.0375542640686035,0.28306469321250916,0.1426067352294922,-0.010916074737906456,0.2350178360939026,3.499706745147705,662,2,0,0.0,0.6598184108734131,0.06749209761619568,2,1.0,0.06749209761619568,0.6422154903411865,-0.24994543194770813,0.009999999776482582,0.009999999776482582,0.0,0.0,0.0,0.0,0.0,0,0,0,0,0,2,1,1,24,0.4237622320652008,0.20501095056533813,0.25,0.053422775119543076,0.024318158626556396,1,0.4237622320652008,0.20501095056533813,0.053422775119543076
1784909523.134043,admm_run,0.6966057462778263,-0.012335875095848091,0.4,0.6521814465522766,-0.2663651406764984,0.40193983912467957,-3.0375542640686035,0.28306469321250916,0.1426067352294922,-0.010916074737906456,0.2350178360939026,3.499706745147705,662,2,0,0.0,0.6598184108734131,0.06749209761619568,2,1.0,0.06749209761619568,0.6422154903411865,-0.24994543194770813,0.009999999776482582,0.009999999776482582,0.0,0.0,0.0,0.0,0.0,0,0,0,0,0,2,1,1,24,0.4237622320652008,0.20501095056533813,0.25,0.053422775119543076,0.024318158626556396,1,0.4237622320652008,0.20501095056533813,0.053422775119543076
1784909523.1546419,admm_run,0.700090757651415,-0.012302891472597161,0.4,0.6639937162399292,-0.2585562467575073,0.40201783180236816,-3.2833313941955566,0.2738185524940491,0.14426982402801514,0.08666644990444183,0.3117416501045227,3.499706745147705,662,2,0,0.0,0.6598184108734131,0.06749209761619568,2,1.0,0.06749209761619568,0.6422154903411865,-0.24994543194770813,0.009999999776482582,0.009999999776482582,0.0,0.0,0.0,0.0,0.0,0,0,0,0,0,2,1,1,24,0.4237622320652008,0.20501095056533813,0.25,0.053422775119543076,0.02348989248275757,1,0.4237622320652008,0.20501095056533813,0.053422775119543076
1784909523.17855,admm_run,0.7035757690250037,-0.012269907849346229,0.4,0.6763693690299988,-0.25409090518951416,0.4018246829509735,-3.4677250385284424,0.27194860577583313,0.137852743268013,0.11422117054462433,0.37746483087539673,3.499706745147705,662,2,0,0.0,0.6598184108734131,0.06749209761619568,2,1.0,0.06749209761619568,0.6422154903411865,-0.24994543194770813,0.009999999776482582,0.009999999776482582,0.0,0.0,0.0,0.0,0.0,0,0,0,0,0,2,1,1,24,0.4237622320652008,0.20501095056533813,0.25,0.053422775119543076,0.02348989248275757,1,0.4237622320652008,0.20501095056533813,0.053422775119543076
1784909523.202328,admm_run,0.7070607803985924,-0.012236924226095298,0.4,0.6763693690299988,-0.25409090518951416,0.4018246829509735,-3.4677250385284424,0.27194860577583313,0.137852743268013,0.11422117054462433,0.37746483087539673,3.4944281578063965,663,5,3,0.08795487135648727,0.8061578869819641,0.07541469484567642,3,1.0,0.06742460280656815,0.6422154903411865,-0.24994544684886932,0.009999999776482582,0.009999999776482582,0.0,0.0,0.0,0.0,0.0,0,0,0,0,0,2,1,1,24,0.4237622320652008,0.20501095056533813,0.25,0.053422775119543076,0.024660587310791016,1,0.4237622320652008,0.20501095056533813,0.053422775119543076
1784909523.225139,admm_run,0.7105457917721811,-0.012203940602844368,0.4,0.6763693690299988,-0.25409090518951416,0.4018246829509735,-3.4677250385284424,0.27194860577583313,0.137852743268013,0.11422117054462433,0.37746483087539673,3.4944281578063965,663,5,3,0.08795487135648727,0.8061578869819641,0.07541469484567642,3,1.0,0.06742460280656815,0.6422154903411865,-0.24994544684886932,0.009999999776482582,0.009999999776482582,0.0,0.0,0.0,0.0,0.0,0,0,0,0,0,2,1,1,24,0.4237622320652008,0.20501095056533813,0.25,0.053422775119543076,0.024660587310791016,1,0.4237622320652008,0.20501095056533813,0.053422775119543076
1784909523.2469811,admm_run,0.7140308031457698,-0.012170956979593438,0.4,0.6900646090507507,-0.2476477175951004,0.4025111496448517,-3.8351962566375732,0.2662704288959503,0.13510097563266754,0.039644837379455566,0.5196717381477356,3.4944281578063965,663,5,3,0.08795487135648727,0.8061578869819641,0.07541469484567642,3,1.0,0.06742460280656815,0.6422154903411865,-0.24994544684886932,0.009999999776482582,0.009999999776482582,0.0,0.0,0.0,0.0,0.0,0,0,0,0,0,2,1,1,24,0.4237622320652008,0.20501095056533813,0.25,0.053422775119543076,0.025801002979278564,1,0.4237622320652008,0.20501095056533813,0.053422775119543076
1784909523.271847,admm_run,0.7175158145193585,-0.012137973356342507,0.4,0.6900646090507507,-0.2476477175951004,0.4025111496448517,-3.8351962566375732,0.2662704288959503,0.13510097563266754,0.039644837379455566,0.5196717381477356,3.4944281578063965,663,5,3,0.08795487135648727,0.8061578869819641,0.07541469484567642,3,1.0,0.06742460280656815,0.6422154903411865,-0.24994544684886932,0.009999999776482582,0.009999999776482582,0.0,0.0,0.0,0.0,0.0,0,0,0,0,0,2,1,1,24,0.4237622320652008,0.20501095056533813,0.25,0.053422775119543076,0.025801002979278564,1,0.4237622320652008,0.20501095056533813,0.053422775119543076
1784909523.295109,admm_run,0.7210008258929472,-0.012104989733091577,0.4,0.7005696296691895,-0.24336954951286316,0.4038529098033905,-4.109091758728027,0.259771466255188,0.1342342048883438,-0.037613898515701294,0.6295263767242432,3.499706745147705,664,5,3,0.08795487135648727,0.8061578869819641,0.07541469484567642,3,1.0,0.06742460280656815,0.6422154903411865,-0.24994544684886932,0.009999999776482582,0.009999999776482582,0.0,0.0,0.0,0.0,0.0,0,0,0,0,0,2,1,1,24,0.4237622320652008,0.20501095056533813,0.25,0.053422775119543076,0.02607882022857666,1,0.4237622320652008,0.20501095056533813,0.053422775119543076
1784909523.3183382,admm_run,0.7244858372665359,-0.012072006109840647,0.4,0.7005696296691895,-0.24336954951286316,0.4038529098033905,-4.109091758728027,0.259771466255188,0.1342342048883438,-0.037613898515701294,0.6295263767242432,3.499706745147705,664,5,3,0.08795487135648727,0.8061578869819641,0.07541469484567642,3,1.0,0.06742460280656815,0.6422154903411865,-0.24994544684886932,0.009999999776482582,0.009999999776482582,0.0,0.0,0.0,0.0,0.0,0,0,0,0,0,2,1,1,24,0.4237622320652008,0.20501095056533813,0.25,0.053422775119543076,0.02607882022857666,1,0.4237622320652008,0.20501095056533813,0.053422775119543076
1784909523.341866,admm_run,0.7279708486401246,-0.012039022486589715,0.4,0.7151007056236267,-0.23496726155281067,0.4059017598628998,-4.567632675170898,0.25206393003463745,0.1357705295085907,-0.08405257761478424,0.7198647856712341,3.499706745147705,664,5,3,0.08795487135648727,0.8061578869819641,0.07541469484567642,3,1.0,0.06742460280656815,0.6422154903411865,-0.24994544684886932,0.009999999776482582,0.009999999776482582,0.0,0.0,0.0,0.0,0.0,0,0,0,0,0,2,1,1,24,0.4237622320652008,0.20501095056533813,0.25,0.053422775119543076,0.027245283126831055,1,0.4237622320652008,0.20501095056533813,0.053422775119543076
1784909523.364168,admm_run,0.7314558600137133,-0.012006038863338784,0.4,0.7151007056236267,-0.23496726155281067,0.4059017598628998,-4.567632675170898,0.25206393003463745,0.1357705295085907,-0.08405257761478424,0.7198647856712341,3.499706745147705,664,5,3,0.08795487135648727,0.8061578869819641,0.07541469484567642,3,1.0,0.06742460280656815,0.6422154903411865,-0.24994544684886932,0.009999999776482582,0.009999999776482582,0.0,0.0,0.0,0.0,0.0,0,0,0,0,0,2,1,1,24,0.4237622320652008,0.20501095056533813,0.25,0.053422775119543076,0.027245283126831055,1,0.4237622320652008,0.20501095056533813,0.053422775119543076
1784909523.3851368,admm_run,0.734940871387302,-0.011973055240087852,0.4,0.7241703271865845,-0.23060940206050873,0.40584659576416016,-4.880878448486328,0.24716126918792725,0.13322891294956207,-0.07389955967664719,0.7915908694267273,3.5049853324890137,664,5,3,0.08795487135648727,0.8061578869819641,0.10138863325119019,4,1.0,0.06735718250274658,0.6422154903411865,-0.24994544684886932,0.009999999776482582,0.009999999776482582,0.0,0.0,0.0,0.0,0.0,0,0,0,0,0,2,1,1,24,0.4237622320652008,0.20501095056533813,0.25,0.053422775119543076,0.0288199782371521,1,0.4237622320652008,0.20501095056533813,0.053422775119543076
1784909523.408075,admm_run,0.7384258827608907,-0.011940071616836922,0.4,0.7241703271865845,-0.23060940206050873,0.40584659576416016,-4.880878448486328,0.24716126918792725,0.13322891294956207,-0.07389955967664719,0.7915908694267273,3.5049853324890137,664,5,4,0.05107177421450615,0.8308584094047546,0.10138863325119019,4,1.0,0.06735718250274658,0.6422154903411865,-0.24994544684886932,0.009999999776482582,0.009999999776482582,0.0,0.0,0.0,0.0,0.0,0,0,0,0,0,2,1,1,24,0.4237622320652008,0.20501095056533813,0.25,0.053422775119543076,0.0288199782371521,1,0.4237622320652008,0.20501095056533813,0.053422775119543076
1784909523.433146,admm_run,0.7419108941344794,-0.011907087993585991,0.4,0.7241703271865845,-0.23060940206050873,0.40584659576416016,-4.880878448486328,0.24716126918792725,0.13322891294956207,-0.07389955967664719,0.7915908694267273,3.5049853324890137,664,5,4,0.05107177421450615,0.8308584094047546,0.10138863325119019,4,1.0,0.06735718250274658,0.6422154903411865,-0.24994544684886932,0.009999999776482582,0.009999999776482582,0.0,0.0,0.0,0.0,0.0,0,0,0,0,0,2,1,1,24,0.4237622320652008,0.20501095056533813,0.25,0.053422775119543076,0.0288199782371521,1,0.4237622320652008,0.20501095056533813,0.053422775119543076
1784909523.4545898,admm_run,0.7453959055080681,-0.011874104370335061,0.4,0.7388657331466675,-0.2230178713798523,0.40558430552482605,-5.342746257781982,0.23728320002555847,0.1351989358663559,-0.13516172766685486,0.8436263799667358,3.5049853324890137,664,5,4,0.05107177421450615,0.8308584094047546,0.10138863325119019,4,1.0,0.06735718250274658,0.6422154903411865,-0.24994544684886932,0.009999999776482582,0.009999999776482582,0.0,0.0,0.0,0.0,0.0,0,0,0,0,0,2,1,1,24,0.4237622320652008,0.20501095056533813,0.25,0.053422775119543076,0.03134143352508545,1,0.4237622320652008,0.20501095056533813,0.053422775119543076
1784909523.4747531,admm_run,0.7488809168816568,-0.01184112074708413,0.4,0.7388657331466675,-0.2230178713798523,0.40558430552482605,-5.342746257781982,0.23728320002555847,0.1351989358663559,-0.13516172766685486,0.8436263799667358,3.5049853324890137,664,5,4,0.05107177421450615,0.8308584094047546,0.10138863325119019,4,1.0,0.06735718250274658,0.6422154903411865,-0.24994544684886932,0.009999999776482582,0.009999999776482582,0.0,0.0,0.0,0.0,0.0,0,0,0,0,0,2,1,1,24,0.4237622320652008,0.20501095056533813,0.25,0.053422775119543076,0.03134143352508545,1,0.4237622320652008,0.20501095056533813,0.053422775119543076
1784909523.49983,admm_run,0.7523659282552455,-0.0118081371238332,0.4,0.7476863265037537,-0.2188977301120758,0.4055575728416443,-5.660826206207275,0.2305121123790741,0.13238631188869476,-0.11205040663480759,0.9789378643035889,3.499706745147705,665,3,2,0.16881532967090607,0.8308584094047546,0.10128724575042725,4,1.0,0.06728982925415039,0.6422154903411865,-0.24994544684886932,0.009999999776482582,0.009999999776482582,0.0,0.0,0.0,0.0,0.0,0,0,0,0,0,2,1,1,24,0.4237622320652008,0.20501095056533813,0.25,0.053422775119543076,0.03363192081451416,1,0.4237622320652008,0.20501095056533813,0.053422775119543076
1784909523.521157,admm_run,0.7558509396288342,-0.011775153500582268,0.4,0.7476863265037537,-0.2188977301120758,0.4055575728416443,-5.660826206207275,0.2305121123790741,0.13238631188869476,-0.11205040663480759,0.9789378643035889,3.499706745147705,665,3,2,0.16881532967090607,0.8308584094047546,0.10128724575042725,4,1.0,0.06728982925415039,0.6422154903411865,-0.24994544684886932,0.009999999776482582,0.009999999776482582,0.0,0.0,0.0,0.0,0.0,0,0,0,0,0,2,1,1,24,0.4237622320652008,0.20501095056533813,0.25,0.053422775119543076,0.03363192081451416,1,0.4237622320652008,0.20501095056533813,0.053422775119543076
1784909523.5432372,admm_run,0.7593359510024229,-0.011742169877331338,0.4,0.7595721483230591,-0.21212318539619446,0.4039245843887329,-6.108076572418213,0.21645718812942505,0.13147419691085815,-0.050974290817976,1.1967942714691162,3.499706745147705,665,3,2,0.16881532967090607,0.8308584094047546,0.10128724575042725,4,1.0,0.06728982925415039,0.6422154903411865,-0.24994544684886932,0.009999999776482582,0.009999999776482582,0.0,0.0,0.0,0.0,0.0,0,0,0,0,0,2,1,1,24,0.4237622320652008,0.20501095056533813,0.25,0.053422775119543076,0.034855782985687256,1,0.4237622320652008,0.20501095056533813,0.053422775119543076
1784909523.564113,admm_run,0.7628209623760116,-0.011709186254080406,0.4,0.7595721483230591,-0.21212318539619446,0.4039245843887329,-6.108076572418213,0.21645718812942505,0.13147419691085815,-0.050974290817976,1.1967942714691162,3.499706745147705,665,3,2,0.16881532967090607,0.8308584094047546,0.10128724575042725,4,1.0,0.06728982925415039,0.6422154903411865,-0.24994544684886932,0.009999999776482582,0.009999999776482582,0.0,0.0,0.0,0.0,0.0,0,0,0,0,0,2,1,1,24,0.4237622320652008,0.20501095056533813,0.25,0.053422775119543076,0.034855782985687256,1,0.4237622320652008,0.20501095056533813,0.053422775119543076
1784909523.587734,admm_run,0.7663059737496004,-0.011676202630829476,0.4,0.7677342891693115,-0.20685482025146484,0.4035060405731201,-6.36698055267334,0.2042076736688614,0.13474591076374054,0.029396379366517067,1.333728313446045,3.4944281578063965,666,3,0,0.0,0.8308584094047546,0.10118596255779266,4,1.0,0.06722254306077957,0.6422154903411865,-0.24994544684886932,0.009999999776482582,0.009999999776482582,0.0,0.0,0.0,0.0,0.0,0,0,0,0,0,2,1,1,24,0.4237622320652008,0.20501095056533813,0.25,0.053422775119543076,0.037734925746917725,1,0.4237622320652008,0.20501095056533813,0.053422775119543076
1784909523.609001,admm_run,0.7697909851231891,-0.011643219007578545,0.4,0.7677342891693115,-0.20685482025146484,0.4035060405731201,-6.36698055267334,0.2042076736688614,0.13474591076374054,0.029396379366517067,1.333728313446045,3.4944281578063965,666,3,0,0.0,0.8308584094047546,0.10118596255779266,4,1.0,0.06722254306077957,0.6422154903411865,-0.24994544684886932,0.009999999776482582,0.009999999776482582,0.0,0.0,0.0,0.0,0.0,0,0,0,0,0,2,1,1,24,0.4237622320652008,0.20501095056533813,0.25,0.053422775119543076,0.037734925746917725,1,0.4237622320652008,0.20501095056533813,0.053422775119543076
1784909523.6340868,admm_run,0.7732759964967778,-0.011610235384327615,0.4,0.7677342891693115,-0.20685482025146484,0.4035060405731201,-6.36698055267334,0.2042076736688614,0.13474591076374054,0.029396379366517067,1.333728313446045,3.4944281578063965,666,3,0,0.0,0.8308584094047546,0.10118596255779266,4,1.0,0.06722254306077957,0.6422154903411865,-0.24994544684886932,0.009999999776482582,0.009999999776482582,0.0,0.0,0.0,0.0,0.0,0,0,0,0,0,2,1,1,24,0.4237622320652008,0.20501095056533813,0.25,0.053422775119543076,0.037734925746917725,1,0.4237622320652008,0.20501095056533813,0.053422775119543076
1784909523.6577501,admm_run,0.7767610078703665,-0.011577251761076685,0.4,0.7775522470474243,-0.19977009296417236,0.4036109447479248,-6.694982528686523,0.18803617358207703,0.13345018029212952,0.09371964633464813,1.3794869184494019,3.4944281578063965,666,3,0,0.0,0.8308584094047546,0.10118596255779266,4,1.0,0.06722254306077957,0.6422154903411865,-0.24994544684886932,0.009999999776482582,0.009999999776482582,0.0,0.0,0.0,0.0,0.0,0,0,0,0,0,2,1,1,24,0.4237622320652008,0.20501095056533813,0.25,0.053422775119543076,0.03927332162857056,1,0.4237622320652008,0.20501095056533813,0.053422775119543076
1784909523.6782532,admm_run,0.7802460192439552,-0.011544268137825754,0.4,0.7775522470474243,-0.19977009296417236,0.4036109447479248,-6.694982528686523,0.18803617358207703,0.13345018029212952,0.09371964633464813,1.3794869184494019,3.4944281578063965,666,3,0,0.0,0.8308584094047546,0.10118596255779266,4,1.0,0.06722254306077957,0.6422154903411865,-0.24994544684886932,0.009999999776482582,0.009999999776482582,0.0,0.0,0.0,0.0,0.0,0,0,0,0,0,2,1,1,24,0.4237622320652008,0.20501095056533813,0.25,0.053422775119543076,0.03927332162857056,1,0.4237622320652008,0.20501095056533813,0.053422775119543076
1784909523.70209,admm_run,0.7837310306175439,-0.011511284514574824,0.4,0.7877920866012573,-0.19743816554546356,0.40425267815589905,-6.861418724060059,0.18488210439682007,0.12754227221012115,0.10448136180639267,1.3274149894714355,3.4944281578063965,668,0,0,0.0,0.8308584094047546,0.10108477622270584,4,1.0,0.06715532392263412,0.6422154903411865,-0.24994544684886932,0.009999999776482582,0.009999999776482582,0.0,0.0,0.0,0.0,0.0,0,0,0,0,0,2,1,1,24,0.4237622320652008,0.20501095056533813,0.25,0.053422775119543076,0.041668593883514404,1,0.4237622320652008,0.20501095056533813,0.053422775119543076
1784909523.7241879,admm_run,0.7872160419911326,-0.011478300891323892,0.4,0.7877920866012573,-0.19743816554546356,0.40425267815589905,-6.861418724060059,0.18488210439682007,0.12754227221012115,0.10448136180639267,1.3274149894714355,3.4944281578063965,668,0,0,0.0,0.8308584094047546,0.10108477622270584,4,1.0,0.06715532392263412,0.6422154903411865,-0.24994544684886932,0.009999999776482582,0.009999999776482582,0.0,0.0,0.0,0.0,0.0,0,0,0,0,0,2,1,1,24,0.4237622320652008,0.20501095056533813,0.25,0.053422775119543076,0.041668593883514404,1,0.4237622320652008,0.20501095056533813,0.053422775119543076
1784909523.7492669,admm_run,0.7907010533647213,-0.011445317268072961,0.4,0.7989591360092163,-0.18752051889896393,0.4050617814064026,-6.9704461097717285,0.17216621339321136,0.1331082135438919,-0.07856995612382889,1.2470523118972778,3.4944281578063965,668,0,0,0.0,0.8308584094047546,0.10108477622270584,4,1.0,0.06715532392263412,0.6422154903411865,-0.24994544684886932,0.009999999776482582,0.009999999776482582,0.0,0.0,0.0,0.0,0.0,0,0,0,0,0,2,1,1,24,0.4237622320652008,0.20501095056533813,0.25,0.053422775119543076,0.04221075773239136,1,0.4237622320652008,0.20501095056533813,0.053422775119543076
1784909523.770339,admm_run,0.7941860647383099,-0.011412333644822031,0.4,0.7989591360092163,-0.18752051889896393,0.4050617814064026,-6.9704461097717285,0.17216621339321136,0.1331082135438919,-0.07856995612382889,1.2470523118972778,3.4944281578063965,668,0,0,0.0,0.8308584094047546,0.10108477622270584,4,1.0,0.06715532392263412,0.6422154903411865,-0.24994544684886932,0.009999999776482582,0.009999999776482582,0.0,0.0,0.0,0.0,0.0,0,0,0,0,0,2,1,1,24,0.4237622320652008,0.20501095056533813,0.25,0.053422775119543076,0.04221075773239136,1,0.4237622320652008,0.20501095056533813,0.053422775119543076
1784909523.794336,admm_run,0.7976710761118986,-0.0113793500215711,0.4,0.8092070817947388,-0.18196938931941986,0.4050300419330597,-7.043259143829346,0.17227265238761902,0.1356135904788971,-0.21912157535552979,1.0096908807754517,3.499706745147705,668,0,0,0.0,0.8308584094047546,0.10098369419574738,4,1.0,0.06708817183971405,0.6422154903411865,-0.24994544684886932,0.009999999776482582,0.009999999776482582,0.0,0.0,0.0,0.0,0.0,0,0,0,0,0,2,1,1,24,0.4237622320652008,0.20501095056533813,0.25,0.053422775119543076,0.04459470510482788,1,0.4237622320652008,0.20501095056533813,0.053422775119543076
1784909523.817664,admm_run,0.8011560874854873,-0.011346366398320169,0.4,0.8092070817947388,-0.18196938931941986,0.4050300419330597,-7.043259143829346,0.17227265238761902,0.1356135904788971,-0.21912157535552979,1.0096908807754517,3.499706745147705,668,0,0,0.0,0.8308584094047546,0.10098369419574738,4,1.0,0.06708817183971405,0.6422154903411865,-0.24994544684886932,0.009999999776482582,0.009999999776482582,0.0,0.0,0.0,0.0,0.0,0,0,0,0,0,2,1,1,24,0.4237622320652008,0.20501095056533813,0.25,0.053422775119543076,0.04459470510482788,1,0.4237622320652008,0.20501095056533813,0.053422775119543076
1784909523.841408,admm_run,0.804641098859076,-0.011313382775069238,0.4,0.8173291087150574,-0.175276517868042,0.4049457311630249,-7.085845947265625,0.15887854993343353,0.135842427611351,-0.25296550989151,0.8897426724433899,3.499706745147705,668,0,0,0.0,0.8308584094047546,0.10098369419574738,4,1.0,0.06708817183971405,0.6422154903411865,-0.24994544684886932,0.009999999776482582,0.009999999776482582,0.0,0.0,0.0,0.0,0.0,0,0,0,0,0,2,1,1,24,0.4237622320652008,0.20501095056533813,0.25,0.053422775119543076,0.04651832580566406,1,0.4237622320652008,0.20501095056533813,0.053422775119543076
1784909523.864404,admm_run,0.8081261102326647,-0.011280399151818308,0.4,0.8173291087150574,-0.175276517868042,0.4049457311630249,-7.085845947265625,0.15887854993343353,0.135842427611351,-0.25296550989151,0.8897426724433899,3.499706745147705,668,0,0,0.0,0.8308584094047546,0.10098369419574738,4,1.0,0.06708817183971405,0.6422154903411865,-0.24994544684886932,0.009999999776482582,0.009999999776482582,0.0,0.0,0.0,0.0,0.0,0,0,0,0,0,2,1,1,24,0.4237622320652008,0.20501095056533813,0.25,0.053422775119543076,0.04651832580566406,1,0.4237622320652008,0.20501095056533813,0.053422775119543076
1784909523.8847868,admm_run,0.8116111216062534,-0.011247415528567378,0.4,0.8242365717887878,-0.17069454491138458,0.4058528542518616,-7.1377434730529785,0.15573528409004211,0.13695025444030762,-0.29559001326560974,0.8176786303520203,3.499706745147705,669,0,0,0.0,0.8308584094047546,0.10088270902633667,4,1.0,0.06702108681201935,0.6422154903411865,-0.24994544684886932,0.009999999776482582,0.009999999776482582,0.0,0.0,0.0,0.0,0.0,0,0,0,0,0,2,1,1,24,0.4237622320652008,0.20501095056533813,0.25,0.053422775119543076,0.05071401596069336,1,0.4237622320652008,0.20501095056533813,0.053422775119543076
1784909523.905123,admm_run,0.8150961329798421,-0.011214431905316447,0.4,0.8242365717887878,-0.17069454491138458,0.4058528542518616,-7.1377434730529785,0.15573528409004211,0.13695025444030762,-0.29559001326560974,0.8176786303520203,3.499706745147705,669,0,0,0.0,0.8308584094047546,0.10088270902633667,4,1.0,0.06702108681201935,0.6422154903411865,-0.24994544684886932,0.009999999776482582,0.009999999776482582,0.0,0.0,0.0,0.0,0.0,0,0,0,0,0,2,1,1,24,0.4237622320652008,0.20501095056533813,0.25,0.053422775119543076,0.05071401596069336,1,0.4237622320652008,0.20501095056533813,0.053422775119543076
1784909523.928125,admm_run,0.8185811443534308,-0.011181448282065517,0.4,0.8242365717887878,-0.17069454491138458,0.4058528542518616,-7.1377434730529785,0.15573528409004211,0.13695025444030762,-0.29559001326560974,0.8176786303520203,3.499706745147705,669,0,0,0.0,0.8308584094047546,0.10088270902633667,4,1.0,0.06702108681201935,0.6422154903411865,-0.24994544684886932,0.009999999776482582,0.009999999776482582,0.0,0.0,0.0,0.0,0.0,0,0,0,0,0,2,1,1,24,0.4237622320652008,0.20501095056533813,0.25,0.053422775119543076,0.05071401596069336,1,0.4237622320652008,0.20501095056533813,0.053422775119543076
1784909523.9512541,admm_run,0.8220661557270195,-0.011148464658814587,0.4,0.8338726162910461,-0.1633254438638687,0.40716812014579773,-7.2193474769592285,0.14910100400447845,0.13787774741649628,-0.08449553698301315,0.8212653398513794,3.499706745147705,669,0,0,0.0,0.8308584094047546,0.10088270902633667,4,1.0,0.06702108681201935,0.6422154903411865,-0.24994544684886932,0.009999999776482582,0.009999999776482582,0.0,0.0,0.0,0.0,0.0,0,0,0,0,0,2,1,1,24,0.4237622320652008,0.20501095056533813,0.25,0.053422775119543076,0.05043452978134155,1,0.4237622320652008,0.20501095056533813,0.053422775119543076
1784909523.97398,admm_run,0.8255511671006082,-0.011115481035563654,0.4,0.8338726162910461,-0.1633254438638687,0.40716812014579773,-7.2193474769592285,0.14910100400447845,0.13787774741649628,-0.08449553698301315,0.8212653398513794,3.499706745147705,669,0,0,0.0,0.8308584094047546,0.10088270902633667,4,1.0,0.06702108681201935,0.6422154903411865,-0.24994544684886932,0.009999999776482582,0.009999999776482582,0.0,0.0,0.0,0.0,0.0,0,0,0,0,0,2,1,1,24,0.4237622320652008,0.20501095056533813,0.25,0.053422775119543076,0.05043452978134155,1,0.4237622320652008,0.20501095056533813,0.053422775119543076
1784909523.9946911,admm_run,0.829036178474197,-0.011082497412312724,0.4,0.8393158316612244,-0.15776517987251282,0.4068725109100342,-7.273971080780029,0.14172998070716858,0.13928872346878052,-0.02361874282360077,0.8329503536224365,3.4944281578063965,670,4,4,0.047264836728572845,0.9459078907966614,0.11669205129146576,4,1.0,0.06695406883955002,0.6422154903411865,-0.24994544684886932,0.009999999776482582,0.009999999776482582,0.0,0.0,0.0,0.0,0.0,0,0,0,0,0,2,1,1,24,0.4237622320652008,0.20501095056533813,0.25,0.053422775119543076,0.05025571584701538,1,0.4237622320652008,0.20501095056533813,0.053422775119543076
1784909524.014932,admm_run,0.8325211898477857,-0.011049513789061792,0.4,0.8393158316612244,-0.15776517987251282,0.4068725109100342,-7.273971080780029,0.14172998070716858,0.13928872346878052,-0.02361874282360077,0.8329503536224365,3.4944281578063965,670,4,4,0.047264836728572845,0.9459078907966614,0.11669205129146576,4,1.0,0.06695406883955002,0.6422154903411865,-0.24994544684886932,0.009999999776482582,0.009999999776482582,0.0,0.0,0.0,0.0,0.0,0,0,0,0,0,2,1,1,24,0.4237622320652008,0.20501095056533813,0.25,0.053422775119543076,0.05025571584701538,1,0.4237622320652008,0.20501095056533813,0.053422775119543076
1784909524.035242,admm_run,0.8360062012213744,-0.011016530165810862,0.4,0.8393158316612244,-0.15776517987251282,0.4068725109100342,-7.273971080780029,0.14172998070716858,0.13928872346878052,-0.02361874282360077,0.8329503536224365,3.4944281578063965,670,4,4,0.047264836728572845,0.9459078907966614,0.11669205129146576,4,1.0,0.06695406883955002,0.6422154903411865,-0.24994544684886932,0.009999999776482582,0.009999999776482582,0.0,0.0,0.0,0.0,0.0,0,0,0,0,0,2,1,1,24,0.4237622320652008,0.20501095056533813,0.25,0.053422775119543076,0.05025571584701538,1,0.4237622320652008,0.20501095056533813,0.053422775119543076
1784909524.06033,admm_run,0.8394912125949631,-0.010983546542559931,0.4,0.8494328260421753,-0.14853759109973907,0.4064016044139862,-7.367273807525635,0.13513821363449097,0.1419324427843094,0.15661585330963135,1.2462931871414185,3.4944281578063965,670,4,4,0.047264836728572845,0.9459078907966614,0.11669205129146576,4,1.0,0.06695406883955002,0.6422154903411865,-0.24994544684886932,0.009999999776482582,0.009999999776482582,0.0,0.0,0.0,0.0,0.0,0,0,0,0,0,2,1,1,24,0.4237622320652008,0.20501095056533813,0.25,0.053422775119543076,0.051558613777160645,1,0.4237622320652008,0.20501095056533813,0.053422775119543076
1784909524.0841868,admm_run,0.8429762239685518,-0.010950562919309001,0.4,0.8545570373535156,-0.1449774205684662,0.4068116247653961,-7.372908592224121,0.12613597512245178,0.13726018369197845,0.38426926732063293,1.298629641532898,3.499706745147705,670,4,4,0.047264836728572845,0.9459078907966614,0.11669205129146576,4,1.0,0.06695406883955002,0.6422154903411865,-0.24994544684886932,0.009999999776482582,0.009999999776482582,0.0,0.0,0.0,0.0,0.0,0,0,0,0,0,2,1,1,24,0.4237622320652008,0.20501095056533813,0.25,0.053422775119543076,0.05420321226119995,1,0.4237622320652008,0.20501095056533813,0.053422775119543076
1784909524.104477,admm_run,0.8464612353421405,-0.01091757929605807,0.4,0.8545570373535156,-0.1449774205684662,0.4068116247653961,-7.372908592224121,0.12613597512245178,0.13726018369197845,0.38426926732063293,1.298629641532898,3.499706745147705,672,0,0,0.0,0.9459078907966614,0.11657536029815674,4,1.0,0.06688711792230606,0.6422154903411865,-0.24994541704654694,0.009999999776482582,0.009999999776482582,0.0,0.0,0.0,0.0,0.0,0,0,0,0,0,2,1,1,24,0.4237622320652008,0.20501095056533813,0.25,0.053422775119543076,0.05420321226119995,1,0.4237622320652008,0.20501095056533813,0.053422775119543076
1784909524.1291971,admm_run,0.8499462467157292,-0.01088459567280714,0.4,0.8545570373535156,-0.1449774205684662,0.4068116247653961,-7.372908592224121,0.12613597512245178,0.13726018369197845,0.38426926732063293,1.298629641532898,3.499706745147705,672,0,0,0.0,0.9459078907966614,0.11657536029815674,4,1.0,0.06688711792230606,0.6422154903411865,-0.24994541704654694,0.009999999776482582,0.009999999776482582,0.0,0.0,0.0,0.0,0.0,0,0,0,0,0,2,1,1,24,0.4237622320652008,0.20501095056533813,0.25,0.053422775119543076,0.05420321226119995,1,0.4237622320652008,0.20501095056533813,0.053422775119543076
1784909524.153907,admm_run,0.8534312580893179,-0.010851612049556208,0.4,0.8625298142433167,-0.13727228343486786,0.4068223237991333,-7.340445518493652,0.11422919481992722,0.1335153728723526,0.35749322175979614,1.2462472915649414,3.499706745147705,672,0,0,0.0,0.9459078907966614,0.11657536029815674,4,1.0,0.06688711792230606,0.6422154903411865,-0.24994541704654694,0.009999999776482582,0.009999999776482582,0.0,0.0,0.0,0.0,0.0,0,0,0,0,0,2,1,1,24,0.4237622320652008,0.20501095056533813,0.25,0.053422775119543076,0.05517011880874634,1,0.4237622320652008,0.20501095056533813,0.053422775119543076
1784909524.175591,admm_run,0.8569162694629066,-0.010818628426305278,0.4,0.8625298142433167,-0.13727228343486786,0.4068223237991333,-7.340445518493652,0.11422919481992722,0.1335153728723526,0.35749322175979614,1.2462472915649414,3.499706745147705,672,0,0,0.0,0.9459078907966614,0.11657536029815674,4,1.0,0.06688711792230606,0.6422154903411865,-0.24994541704654694,0.009999999776482582,0.009999999776482582,0.0,0.0,0.0,0.0,0.0,0,0,0,0,0,2,1,1,24,0.4237622320652008,0.20501095056533813,0.25,0.053422775119543076,0.05517011880874634,1,0.4237622320652008,0.20501095056533813,0.053422775119543076
1784909524.200474,admm_run,0.8604012808364953,-0.010785644803054346,0.4,0.8674601316452026,-0.1352681815624237,0.4077410101890564,-7.307950019836426,0.10849617421627045,0.1270246058702469,0.3369447588920593,1.0747910737991333,3.4944281578063965,673,0,0,0.0,0.9459078907966614,0.11634232848882675,4,1.0,0.06675341725349426,0.6422154903411865,-0.24994541704654694,0.009999999776482582,0.009999999776482582,0.0,0.0,0.0,0.0,0.0,0,0,0,0,0,2,1,1,24,0.4237622320652008,0.20501095056533813,0.25,0.053422775119543076,0.06038886308670044,1,0.4237622320652008,0.20501095056533813,0.053422775119543076
1784909524.2234612,admm_run,0.863886292210084,-0.010752661179803415,0.4,0.8674601316452026,-0.1352681815624237,0.4077410101890564,-7.307950019836426,0.10849617421627045,0.1270246058702469,0.3369447588920593,1.0747910737991333,3.4944281578063965,673,0,0,0.0,0.9459078907966614,0.11634232848882675,4,1.0,0.06675341725349426,0.6422154903411865,-0.24994541704654694,0.009999999776482582,0.009999999776482582,0.0,0.0,0.0,0.0,0.0,0,0,0,0,0,2,1,1,24,0.4237622320652008,0.20501095056533813,0.25,0.053422775119543076,0.06038886308670044,1,0.4237622320652008,0.20501095056533813,0.053422775119543076
1784909524.2450821,admm_run,0.8673713035836726,-0.010719677556552485,0.4,0.8757458329200745,-0.1255587488412857,0.40674111247062683,-7.295960903167725,0.10359353572130203,0.1296730935573578,-0.013264094479382038,0.4156493544578552,3.4944281578063965,673,0,0,0.0,0.9459078907966614,0.11634232848882675,4,1.0,0.06675341725349426,0.6422154903411865,-0.24994541704654694,0.009999999776482582,0.009999999776482582,0.0,0.0,0.0,0.0,0.0,0,0,0,0,0,2,1,1,24,0.4237622320652008,0.20501095056533813,0.25,0.053422775119543076,0.059448421001434326,1,0.4237622320652008,0.20501095056533813,0.053422775119543076
1784909524.267373,admm_run,0.8708563149572613,-0.010686693933301555,0.4,0.8757458329200745,-0.1255587488412857,0.40674111247062683,-7.295960903167725,0.10359353572130203,0.1296730935573578,-0.013264094479382038,0.4156493544578552,3.4944281578063965,673,0,0,0.0,0.9459078907966614,0.11634232848882675,4,1.0,0.06675341725349426,0.6422154903411865,-0.24994541704654694,0.009999999776482582,0.009999999776482582,0.0,0.0,0.0,0.0,0.0,0,0,0,0,0,2,1,1,24,0.4237622320652008,0.20501095056533813,0.25,0.053422775119543076,0.059448421001434326,1,0.4237622320652008,0.20501095056533813,0.053422775119543076
1784909524.292314,admm_run,0.87434132633085,-0.010653710310050624,0.4,0.8814231157302856,-0.12225846946239471,0.40544068813323975,-7.376363277435303,0.10397899150848389,0.12584486603736877,0.16557057201862335,0.5615299344062805,3.489149570465088,674,0,0,0.0,0.9459078907966614,0.11622598767280579,4,1.0,0.06668666750192642,0.6422154903411865,-0.24994541704654694,0.009999999776482582,0.009999999776482582,0.0,0.0,0.0,0.0,0.0,0,0,0,0,0,2,1,1,24,0.4237622320652008,0.20501095056533813,0.25,0.053422775119543076,0.062242984771728516,1,0.4237622320652008,0.20501095056533813,0.053422775119543076
1784909524.314931,admm_run,0.8778263377044387,-0.010620726686799694,0.4,0.8814231157302856,-0.12225846946239471,0.40544068813323975,-7.376363277435303,0.10397899150848389,0.12584486603736877,0.16557057201862335,0.5615299344062805,3.489149570465088,674,0,0,0.0,0.9459078907966614,0.11622598767280579,4,1.0,0.06668666750192642,0.6422154903411865,-0.24994541704654694,0.009999999776482582,0.009999999776482582,0.0,0.0,0.0,0.0,0.0,0,0,0,0,0,2,1,1,24,0.4237622320652008,0.20501095056533813,0.25,0.053422775119543076,0.062242984771728516,1,0.4237622320652008,0.20501095056533813,0.053422775119543076
1784909524.336871,admm_run,0.8813113490780274,-0.010587743063548764,0.4,0.8898397088050842,-0.11367421597242355,0.4037703275680542,-7.526953220367432,0.10209427773952484,0.12650436162948608,0.31666406989097595,0.6772677302360535,3.489149570465088,674,0,0,0.0,0.9459078907966614,0.11622598767280579,4,1.0,0.06668666750192642,0.6422154903411865,-0.24994541704654694,0.009999999776482582,0.009999999776482582,0.0,0.0,0.0,0.0,0.0,0,0,0,0,0,2,1,1,24,0.4237622320652008,0.20501095056533813,0.25,0.053422775119543076,0.062242984771728516,1,0.4237622320652008,0.20501095056533813,0.053422775119543076
1784909524.361086,admm_run,0.8847963604516161,-0.010554759440297832,0.4,0.8898397088050842,-0.11367421597242355,0.4037703275680542,-7.526953220367432,0.10209427773952484,0.12650436162948608,0.31666406989097595,0.6772677302360535,3.489149570465088,674,0,0,0.0,0.9459078907966614,0.11622598767280579,4,1.0,0.06668666750192642,0.6422154903411865,-0.24994541704654694,0.009999999776482582,0.009999999776482582,0.0,0.0,0.0,0.0,0.0,0,0,0,0,0,2,1,1,24,0.4237622320652008,0.20501095056533813,0.25,0.053422775119543076,0.06354749202728271,1,0.4237622320652008,0.20501095056533813,0.053422775119543076
1784909524.382593,admm_run,0.8882813718252048,-0.010521775817046901,0.4,0.8977417945861816,-0.10879240185022354,0.40411341190338135,-7.731787204742432,0.10476210713386536,0.12461959570646286,0.43421950936317444,0.9259757399559021,3.4838709831237793,674,0,0,0.0,0.9459078907966614,0.11622598767280579,4,1.0,0.06668666750192642,0.6422154903411865,-0.24994541704654694,0.009999999776482582,0.009999999776482582,0.0,0.0,0.0,0.0,0.0,0,0,0,0,0,2,1,1,24,0.4237622320652008,0.20501095056533813,0.25,0.053422775119543076,0.06700170040130615,1,0.4237622320652008,0.20501095056533813,0.053422775119543076
1784909524.404479,admm_run,0.8917663831987934,-0.01048879219379597,0.4,0.8977417945861816,-0.10879240185022354,0.40411341190338135,-7.731787204742432,0.10476210713386536,0.12461959570646286,0.43421950936317444,0.9259757399559021,3.4838709831237793,675,0,0,0.0,0.9459078907966614,0.11610976606607437,4,1.0,0.06661998480558395,0.6422154903411865,-0.24994541704654694,0.009999999776482582,0.009999999776482582,0.0,0.0,0.0,0.0,0.0,0,0,0,0,0,2,1,1,24,0.4237622320652008,0.20501095056533813,0.25,0.053422775119543076,0.06700170040130615,1,0.4237622320652008,0.20501095056533813,0.053422775119543076
1784909524.425895,admm_run,0.8952513945723822,-0.01045580857054504,0.4,0.8977417945861816,-0.10879240185022354,0.40411341190338135,-7.731787204742432,0.10476210713386536,0.12461959570646286,0.43421950936317444,0.9259757399559021,3.4838709831237793,675,0,0,0.0,0.9459078907966614,0.11610976606607437,4,1.0,0.06661998480558395,0.6422154903411865,-0.24994541704654694,0.009999999776482582,0.009999999776482582,0.0,0.0,0.0,0.0,0.0,0,0,0,0,0,2,1,1,24,0.4237622320652008,0.20501095056533813,0.25,0.053422775119543076,0.06700170040130615,1,0.4237622320652008,0.20501095056533813,0.053422775119543076
1784909524.447883,admm_run,0.8987364059459709,-0.010422824947294108,0.4,0.9018637537956238,-0.10603536665439606,0.4024270176887512,-4.561983585357666,0.08418318629264832,0.11200250685214996,0.8046025037765503,2.3212902545928955,3.4838709831237793,675,0,0,0.0,0.9459078907966614,0.11610976606607437,4,1.0,0.06661998480558395,0.6422154903411865,-0.24994541704654694,0.009999999776482582,0.009999999776482582,0.0,0.0,0.0,0.0,0.0,0,0,0,0,0,2,1,1,24,0.4237622320652008,0.20501095056533813,0.25,0.053422775119543076,0.07042759656906128,1,0.4237622320652008,0.20501095056533813,0.053422775119543076
1784909524.469322,admm_run,0.9022214173195596,-0.010389841324043178,0.4,0.9018637537956238,-0.10603536665439606,0.4024270176887512,-4.561983585357666,0.08418318629264832,0.11200250685214996,0.8046025037765503,2.3212902545928955,3.4838709831237793,675,0,0,0.0,0.9459078907966614,0.11610976606607437,4,1.0,0.06661998480558395,0.6422154903411865,-0.24994541704654694,0.009999999776482582,0.009999999776482582,0.0,0.0,0.0,0.0,0.0,0,0,0,0,0,2,1,1,24,0.4237622320652008,0.20501095056533813,0.25,0.053422775119543076,0.07042759656906128,1,0.4237622320652008,0.20501095056533813,0.053422775119543076
1784909524.4912598,admm_run,0.9057064286931483,-0.010356857700792248,0.4,0.9004178047180176,-0.10404428839683533,0.40218856930732727,-3.6849658489227295,0.05773478373885155,0.10082308948040009,0.5255129933357239,1.8852027654647827,3.4944281578063965,676,0,0,0.0,0.9459078907966614,0.11599365621805191,4,1.0,0.06655336916446686,0.6422154903411865,-0.24994541704654694,0.009999999776482582,0.009999999776482582,0.0,0.0,0.0,0.0,0.0,0,0,0,0,0,2,1,1,24,0.4237622320652008,0.20501095056533813,0.25,0.053422775119543076,0.07021552324295044,1,0.4237622320652008,0.20501095056533813,0.053422775119543076
1784909524.51137,admm_run,0.909191440066737,-0.010323874077541317,0.4,0.9004178047180176,-0.10404428839683533,0.40218856930732727,-3.6849658489227295,0.05773478373885155,0.10082308948040009,0.5255129933357239,1.8852027654647827,3.4944281578063965,676,0,0,0.0,0.9459078907966614,0.11599365621805191,4,1.0,0.06655336916446686,0.6422154903411865,-0.24994543194770813,0.009999999776482582,0.009999999776482582,0.0,0.0,0.0,0.0,0.0,0,0,0,0,0,2,1,1,24,0.4237622320652008,0.20501095056533813,0.25,0.053422775119543076,0.07021552324295044,1,0.4237622320652008,0.20501095056533813,0.053422775119543076
1784909524.534368,admm_run,0.9126764514403257,-0.010290890454290387,0.4,0.9004178047180176,-0.10404428839683533,0.40218856930732727,-3.6849658489227295,0.05773478373885155,0.10082308948040009,0.5255129933357239,1.8852027654647827,3.4944281578063965,676,0,0,0.0,0.9459078907966614,0.11599365621805191,4,1.0,0.06655336916446686,0.6422154903411865,-0.24994543194770813,0.009999999776482582,0.009999999776482582,0.0,0.0,0.0,0.0,0.0,0,0,0,0,0,2,1,1,24,0.4237622320652008,0.20501095056533813,0.25,0.053422775119543076,0.07021552324295044,1,0.4237622320652008,0.20501095056533813,0.053422775119543076
1784909524.5589929,admm_run,0.9161614628139144,-0.010257906831039457,0.4,0.8987622857093811,-0.1024017184972763,0.40381309390068054,-3.165795087814331,0.03282277658581734,0.0924997553229332,-0.09809380769729614,1.1759246587753296,3.4944281578063965,676,0,0,0.0,0.9459078907966614,0.11599365621805191,4,1.0,0.06655336916446686,0.6422154903411865,-0.24994543194770813,0.009999999776482582,0.009999999776482582,0.0,0.0,0.0,0.0,0.0,0,0,0,0,0,2,1,1,24,0.4237622320652008,0.20501095056533813,0.25,0.053422775119543076,0.0658184289932251,1,0.4237622320652008,0.20501095056533813,0.053422775119543076
1784909524.5840871,admm_run,0.9196464741875031,-0.010224923207788525,0.4,0.8967371582984924,-0.10177649557590485,0.4039040505886078,-3.1514127254486084,0.017414851114153862,0.08626966178417206,-0.25045475363731384,0.658594012260437,3.499706745147705,677,0,0,0.0,0.9459078907966614,0.115877665579319,4,1.0,0.06648681312799454,0.6422154903411865,-0.24994543194770813,0.009999999776482582,0.009999999776482582,0.0,0.0,0.0,0.0,0.0,0,0,0,0,0,2,1,1,24,0.4237622320652008,0.20501095056533813,0.25,0.053422775119543076,0.06447219848632812,1,0.4237622320652008,0.20501095056533813,0.053422775119543076
1784909524.605407,admm_run,0.9231314855610918,-0.010191939584537594,0.4,0.8967371582984924,-0.10177649557590485,0.4039040505886078,-3.1514127254486084,0.017414851114153862,0.08626966178417206,-0.25045475363731384,0.658594012260437,3.499706745147705,677,0,0,0.0,0.9459078907966614,0.115877665579319,4,1.0,0.06648681312799454,0.6422154903411865,-0.24994543194770813,0.009999999776482582,0.009999999776482582,0.0,0.0,0.0,0.0,0.0,0,0,0,0,0,2,1,1,24,0.4237622320652008,0.20501095056533813,0.25,0.053422775119543076,0.06447219848632812,1,0.4237622320652008,0.20501095056533813,0.053422775119543076
1784909524.627699,admm_run,0.9266164969346805,-0.010158955961286662,0.4,0.8967371582984924,-0.10177649557590485,0.4039040505886078,-3.1514127254486084,0.017414851114153862,0.08626966178417206,-0.25045475363731384,0.658594012260437,3.499706745147705,677,0,0,0.0,0.9459078907966614,0.115877665579319,4,1.0,0.06648681312799454,0.6422154903411865,-0.24994543194770813,0.009999999776482582,0.009999999776482582,0.0,0.0,0.0,0.0,0.0,0,0,0,0,0,2,1,1,24,0.4237622320652008,0.20501095056533813,0.25,0.053422775119543076,0.06447219848632812,1,0.4237622320652008,0.20501095056533813,0.053422775119543076
1784909524.6516101,admm_run,0.9301015083082692,-0.010125972338035732,0.4,0.8961604237556458,-0.09735744446516037,0.404674232006073,-3.3757331371307373,0.012645808048546314,0.08969682455062866,-0.5161354541778564,0.11128489673137665,3.499706745147705,677,0,0,0.0,0.9459078907966614,0.115877665579319,4,1.0,0.06648681312799454,0.6422154903411865,-0.24994543194770813,0.009999999776482582,0.009999999776482582,0.0,0.0,0.0,0.0,0.0,0,0,0,0,0,2,1,1,24,0.4237622320652008,0.20501095056533813,0.25,0.053422775119543076,0.061273932456970215,1,0.4237622320652008,0.20501095056533813,0.053422775119543076
1784909524.6721652,admm_run,0.9335865196818579,-0.010092988714784801,0.4,0.8961604237556458,-0.09735744446516037,0.404674232006073,-3.3757331371307373,0.012645808048546314,0.08969682455062866,-0.5161354541778564,0.11128489673137665,3.499706745147705,677,0,0,0.0,0.9459078907966614,0.115877665579319,4,1.0,0.06648681312799454,0.6422154903411865,-0.24994543194770813,0.009999999776482582,0.009999999776482582,0.0,0.0,0.0,0.0,0.0,0,0,0,0,0,2,1,1,24,0.4237622320652008,0.20501095056533813,0.25,0.053422775119543076,0.061273932456970215,1,0.4237622320652008,0.20501095056533813,0.053422775119543076
1784909524.692477,admm_run,0.9370715310554466,-0.010060005091533871,0.4,0.8962334990501404,-0.09419894218444824,0.40534961223602295,-3.627892255783081,0.012080308049917221,0.09221328794956207,-0.48608800768852234,-0.18192888796329498,3.499706745147705,679,2,2,0.08044958859682083,1.006558895111084,0.15359555184841156,4,1.0,0.06642032414674759,0.6422154903411865,-0.24994543194770813,0.009999999776482582,0.009999999776482582,0.0,0.0,0.0,0.0,0.0,0,0,0,0,0,2,1,1,24,0.4237622320652008,0.20501095056533813,0.25,0.053422775119543076,0.05964958667755127,1,0.4237622320652008,0.20501095056533813,0.053422775119543076
1784909524.7137039,admm_run,0.9405565424290353,-0.01002702146828294,0.4,0.8962334990501404,-0.09419894218444824,0.40534961223602295,-3.627892255783081,0.012080308049917221,0.09221328794956207,-0.48608800768852234,-0.18192888796329498,3.499706745147705,679,2,2,0.08044958859682083,1.006558895111084,0.15359555184841156,4,1.0,0.06642032414674759,0.6422154903411865,-0.24994543194770813,0.009999999776482582,0.009999999776482582,0.0,0.0,0.0,0.0,0.0,0,0,0,0,0,2,1,1,24,0.4237622320652008,0.20501095056533813,0.25,0.053422775119543076,0.05964958667755127,1,0.4237622320652008,0.20501095056533813,0.053422775119543076
1784909524.736786,admm_run,0.944041553802624,-0.00999403784503201,0.4,0.8972108364105225,-0.09118225425481796,0.40429291129112244,-3.2572991847991943,0.015639476478099823,0.09157928824424744,-0.4740031063556671,-0.21152670681476593,3.499706745147705,679,2,2,0.08044958859682083,1.006558895111084,0.15359555184841156,4,1.0,0.06642032414674759,0.6422154903411865,-0.24994543194770813,0.009999999776482582,0.009999999776482582,0.0,0.0,0.0,0.0,0.0,0,0,0,0,0,2,1,1,24,0.4237622320652008,0.20501095056533813,0.25,0.053422775119543076,0.05881977081298828,1,0.4237622320652008,0.20501095056533813,0.053422775119543076
1784909524.7619042,admm_run,0.9475265651762127,-0.00996105422178108,0.4,0.8972108364105225,-0.09118225425481796,0.40429291129112244,-3.2572991847991943,0.015639476478099823,0.09157928824424744,-0.4740031063556671,-0.21152670681476593,3.499706745147705,679,2,2,0.08044958859682083,1.006558895111084,0.15359555184841156,4,1.0,0.06642032414674759,0.6422154903411865,-0.24994543194770813,0.009999999776482582,0.009999999776482582,0.0,0.0,0.0,0.0,0.0,0,0,0,0,0,2,1,1,24,0.4237622320652008,0.20501095056533813,0.25,0.053422775119543076,0.05881977081298828,1,0.4237622320652008,0.20501095056533813,0.053422775119543076
1784909524.7847521,admm_run,0.9510115765498014,-0.009928070598530148,0.4,0.8989457488059998,-0.08862961828708649,0.4046458601951599,-2.8200881481170654,0.02013714611530304,0.09350443631410599,-0.4551486670970917,-0.46907180547714233,3.489149570465088,680,1,0,0.0,1.006558895111084,0.15344196557998657,4,1.0,0.06635390222072601,0.6422154903411865,-0.24994543194770813,0.009999999776482582,0.009999999776482582,0.0,0.0,0.0,0.0,0.0,0,0,0,0,0,2,1,1,24,0.4237622320652008,0.20501095056533813,0.25,0.053422775119543076,0.058907508850097656,1,0.4237622320652008,0.20501095056533813,0.053422775119543076
1784909524.805098,admm_run,0.9544965879233901,-0.009895086975279218,0.4,0.8989457488059998,-0.08862961828708649,0.4046458601951599,-2.8200881481170654,0.02013714611530304,0.09350443631410599,-0.4551486670970917,-0.46907180547714233,3.489149570465088,680,1,0,0.0,1.006558895111084,0.15344196557998657,4,1.0,0.06635390222072601,0.6422154903411865,-0.24994543194770813,0.009999999776482582,0.009999999776482582,0.0,0.0,0.0,0.0,0.0,0,0,0,0,0,2,1,1,24,0.4237622320652008,0.20501095056533813,0.25,0.053422775119543076,0.058907508850097656,1,0.4237622320652008,0.20501095056533813,0.053422775119543076
1784909524.827307,admm_run,0.9579815992969788,-0.009862103352028286,0.4,0.8989457488059998,-0.08862961828708649,0.4046458601951599,-2.8200881481170654,0.02013714611530304,0.09350443631410599,-0.4551486670970917,-0.46907180547714233,3.489149570465088,680,1,0,0.0,1.006558895111084,0.15344196557998657,4,1.0,0.06635390222072601,0.6422154903411865,-0.24994543194770813,0.009999999776482582,0.009999999776482582,0.0,0.0,0.0,0.0,0.0,0,0,0,0,0,2,1,1,24,0.4237622320652008,0.20501095056533813,0.25,0.053422775119543076,0.058907508850097656,1,0.4237622320652008,0.20501095056533813,0.053422775119543076
1784909524.850461,admm_run,0.9614666106705675,-0.009829119728777355,0.4,0.8998851776123047,-0.08520298451185226,0.4051033854484558,-2.1941542625427246,0.02636781521141529,0.09159701317548752,-0.30661922693252563,-1.0251559019088745,3.489149570465088,680,1,0,0.0,1.006558895111084,0.15344196557998657,4,1.0,0.06635390222072601,0.6422154903411865,-0.24994543194770813,0.009999999776482582,0.009999999776482582,0.0,0.0,0.0,0.0,0.0,0,0,0,0,0,2,1,1,24,0.4237622320652008,0.20501095056533813,0.25,0.053422775119543076,0.05785781145095825,1,0.4237622320652008,0.20501095056533813,0.053422775119543076
1784909524.8755488,admm_run,0.9649516220441562,-0.009796136105526425,0.4,0.9006739258766174,-0.08288419246673584,0.40554845333099365,-1.6715692281723022,0.02636781521141529,0.09159701317548752,-0.30661922693252563,-1.0251559019088745,3.489149570465088,680,1,0,0.0,1.006558895111084,0.15344196557998657,4,1.0,0.06635390222072601,0.6422154903411865,-0.24994543194770813,0.009999999776482582,0.009999999776482582,0.0,0.0,0.0,0.0,0.0,0,0,0,0,0,2,1,1,24,0.4237622320652008,0.20501095056533813,0.25,0.053422775119543076,0.05785781145095825,1,0.4237622320652008,0.20501095056533813,0.053422775119543076
1784909524.900625,admm_run,0.968436633417745,-0.009763152482275494,0.4,0.9006739258766174,-0.08288419246673584,0.40554845333099365,-1.6715692281723022,0.03278365358710289,0.09007924795150757,-0.15896108746528625,-1.2074408531188965,3.499706745147705,681,0,0,0.0,1.006558895111084,0.1531352400779724,4,1.0,0.06622125953435898,0.6422154903411865,-0.24994543194770813,0.009999999776482582,0.009999999776482582,0.0,0.0,0.0,0.0,0.0,0,0,0,0,0,2,1,1,24,0.4237622320652008,0.20501095056533813,0.25,0.053422775119543076,0.0571630597114563,1,0.4237622320652008,0.20501095056533813,0.053422775119543076
1784909524.923412,admm_run,0.9719216447913337,-0.009730168859024564,0.4,0.9006739258766174,-0.08288419246673584,0.40554845333099365,-1.6715692281723022,0.03278365358710289,0.09007924795150757,-0.15896108746528625,-1.2074408531188965,3.499706745147705,681,0,0,0.0,1.006558895111084,0.1531352400779724,4,1.0,0.06622125953435898,0.6422154903411865,-0.24994543194770813,0.009999999776482582,0.009999999776482582,0.0,0.0,0.0,0.0,0.0,0,0,0,0,0,2,1,1,24,0.4237622320652008,0.20501095056533813,0.25,0.053422775119543076,0.0571630597114563,1,0.4237622320652008,0.20501095056533813,0.053422775119543076
1784909524.9444742,admm_run,0.9754066561649224,-0.009697185235773634,0.4,0.9013868570327759,-0.07744621485471725,0.40435558557510376,-0.8652474284172058,0.04305797815322876,0.09159550815820694,-0.22836607694625854,-1.3802690505981445,3.499706745147705,681,0,0,0.0,1.006558895111084,0.1531352400779724,4,1.0,0.06622125953435898,0.6422154903411865,-0.24994543194770813,0.009999999776482582,0.009999999776482582,0.0,0.0,0.0,0.0,0.0,0,0,0,0,0,2,1,1,24,0.4237622320652008,0.20501095056533813,0.25,0.053422775119543076,0.05500394105911255,1,0.4237622320652008,0.20501095056533813,0.053422775119543076
1784909524.967919,admm_run,0.9788916675385111,-0.009664201612522702,0.4,0.9013868570327759,-0.07744621485471725,0.40435558557510376,-0.8652474284172058,0.04305797815322876,0.09159550815820694,-0.22836607694625854,-1.3802690505981445,3.499706745147705,681,0,0,0.0,1.006558895111084,0.1531352400779724,4,1.0,0.06622125953435898,0.6422154903411865,-0.24994543194770813,0.009999999776482582,0.009999999776482582,0.0,0.0,0.0,0.0,0.0,0,0,0,0,0,2,1,1,24,0.4237622320652008,0.20501095056533813,0.25,0.053422775119543076,0.05500394105911255,1,0.4237622320652008,0.20501095056533813,0.053422775119543076
1784909524.988696,admm_run,0.9823766789120998,-0.009631217989271771,0.4,0.9019841551780701,-0.07481511682271957,0.4048418402671814,-0.3188556730747223,0.05009596422314644,0.09082450717687607,-0.21545074880123138,-1.4931741952896118,3.499706745147705,682,0,0,0.0,1.006558895111084,0.15298210084438324,4,1.0,0.06615503877401352,0.6422154903411865,-0.24994543194770813,0.009999999776482582,0.009999999776482582,0.0,0.0,0.0,0.0,0.0,0,0,0,0,0,2,1,1,24,0.4237622320652008,0.20501095056533813,0.25,0.053422775119543076,0.05469989776611328,1,0.4237622320652008,0.20501095056533813,0.053422775119543076
1784909525.008971,admm_run,0.9858616902856884,-0.009598234366020841,0.4,0.9019841551780701,-0.07481511682271957,0.4048418402671814,-0.3188556730747223,0.05009596422314644,0.09082450717687607,-0.21545074880123138,-1.4931741952896118,3.499706745147705,682,0,0,0.0,1.006558895111084,0.15298210084438324,4,1.0,0.06615503877401352,0.6422154903411865,-0.24994543194770813,0.009999999776482582,0.009999999776482582,0.0,0.0,0.0,0.0,0.0,0,0,0,0,0,2,1,1,24,0.4237622320652008,0.20501095056533813,0.25,0.053422775119543076,0.05469989776611328,1,0.4237622320652008,0.20501095056533813,0.053422775119543076
1784909525.03318,admm_run,0.9893467016592771,-0.00956525074276991,0.4,0.9019841551780701,-0.07481511682271957,0.4048418402671814,-0.3188556730747223,0.05009596422314644,0.09082450717687607,-0.21545074880123138,-1.4931741952896118,3.499706745147705,682,0,0,0.0,1.006558895111084,0.15298210084438324,4,1.0,0.06615503877401352,0.6422154903411865,-0.24994543194770813,0.009999999776482582,0.009999999776482582,0.0,0.0,0.0,0.0,0.0,0,0,0,0,0,2,1,1,24,0.4237622320652008,0.20501095056533813,0.25,0.053422775119543076,0.05469989776611328,1,0.4237622320652008,0.20501095056533813,0.053422775119543076
1784909525.054466,admm_run,0.9928317130328658,-0.00953226711951898,0.4,0.9021811485290527,-0.06996075809001923,0.40491247177124023,0.7481303811073303,0.0593172088265419,0.09142281860113144,-0.1217276006937027,-1.4382529258728027,3.499706745147705,682,0,0,0.0,1.006558895111084,0.15298210084438324,4,1.0,0.06615503877401352,0.6422154903411865,-0.24994543194770813,0.009999999776482582,0.009999999776482582,0.0,0.0,0.0,0.0,0.0,0,0,0,0,0,2,1,1,24,0.4237622320652008,0.20501095056533813,0.25,0.053422775119543076,0.051762402057647705,1,0.4237622320652008,0.20501095056533813,0.053422775119543076
1784909525.074806,admm_run,0.9963167244064545,-0.009499283496268048,0.4,0.9021811485290527,-0.06996075809001923,0.40491247177124023,0.7481303811073303,0.0593172088265419,0.09142281860113144,-0.1217276006937027,-1.4382529258728027,3.499706745147705,682,0,0,0.0,1.006558895111084,0.15298210084438324,4,1.0,0.06615503877401352,0.6422154903411865,-0.24994543194770813,0.009999999776482582,0.009999999776482582,0.0,0.0,0.0,0.0,0.0,0,0,0,0,0,2,1,1,24,0.4237622320652008,0.20501095056533813,0.25,0.053422775119543076,0.051762402057647705,1,0.4237622320652008,0.20501095056533813,0.053422775119543076
1784909525.095016,admm_run,0.9998017357800432,-0.009466299873017118,0.4,0.902195930480957,-0.0663159042596817,0.4041970372200012,1.1078466176986694,0.06419210880994797,0.0921686440706253,-2.0429419237188995e-05,-1.4190893173217773,3.499706745147705,683,3,3,0.10101719200611115,1.0119431018829346,0.2103327363729477,4,1.0,0.06608888506889343,0.6422154903411865,-0.24994543194770813,0.009999999776482582,0.009999999776482582,0.0,0.0,0.0,0.0,0.0,0,0,0,0,0,2,1,1,24,0.4237622320652008,0.20501095056533813,0.25,0.053422775119543076,0.05070465803146362,1,0.4237622320652008,0.20501095056533813,0.053422775119543076
1784909525.117999,admm_run,1.003286747153632,-0.009433316249766188,0.4,0.902195930480957,-0.0663159042596817,0.4041970372200012,1.1078466176986694,0.06419210880994797,0.0921686440706253,-2.0429419237188995e-05,-1.4190893173217773,3.499706745147705,683,3,3,0.10101719200611115,1.0119431018829346,0.2103327363729477,4,1.0,0.06608888506889343,0.6422154903411865,-0.24994543194770813,0.009999999776482582,0.009999999776482582,0.0,0.0,0.0,0.0,0.0,0,0,0,0,0,2,1,1,24,0.4237622320652008,0.20501095056533813,0.25,0.053422775119543076,0.05070465803146362,1,0.4237622320652008,0.20501095056533813,0.053422775119543076
1784909525.142928,admm_run,1.0067717585272207,-0.009400332626515257,0.4,0.9022007584571838,-0.06393366307020187,0.40406641364097595,1.1805590391159058,0.07158444076776505,0.08589932322502136,0.05659395083785057,-1.602146863937378,3.499706745147705,683,3,3,0.10101719200611115,1.0119431018829346,0.2103327363729477,4,1.0,0.06608888506889343,0.6422154903411865,-0.24994543194770813,0.009999999776482582,0.009999999776482582,0.0,0.0,0.0,0.0,0.0,0,0,0,0,0,2,1,1,24,0.4237622320652008,0.20501095056533813,0.25,0.053422775119543076,0.04865849018096924,1,0.4237622320652008,0.20501095056533813,0.053422775119543076
1784909525.166394,admm_run,1.0102567699008094,-0.009367349003264327,0.4,0.9022007584571838,-0.06393366307020187,0.40406641364097595,1.1805590391159058,0.07158444076776505,0.08589932322502136,0.05659395083785057,-1.602146863937378,3.499706745147705,683,3,3,0.10101719200611115,1.0119431018829346,0.2103327363729477,4,1.0,0.06608888506889343,0.6422154903411865,-0.24994543194770813,0.009999999776482582,0.009999999776482582,0.0,0.0,0.0,0.0,0.0,0,0,0,0,0,2,1,1,24,0.4237622320652008,0.20501095056533813,0.25,0.053422775119543076,0.04865849018096924,1,0.4237622320652008,0.20501095056533813,0.053422775119543076
1784909525.189104,admm_run,1.013741781274398,-0.009334365380013396,0.4,0.903205394744873,-0.0638415589928627,0.40487173199653625,1.1747081279754639,0.07665924727916718,0.0802568644285202,0.029987363144755363,-1.757839322090149,3.499706745147705,684,3,3,0.10101719200611115,1.0119431018829346,0.21012240648269653,4,1.0,0.06602279841899872,0.6422154903411865,-0.24994543194770813,0.009999999776482582,0.009999999776482582,0.0,0.0,0.0,0.0,0.0,0,0,0,0,0,2,1,1,24,0.4237622320652008,0.20501095056533813,0.25,0.053422775119543076,0.04812675714492798,1,0.4237622320652008,0.20501095056533813,0.053422775119543076
1784909525.209398,admm_run,1.0172267926479868,-0.009301381756762464,0.4,0.903205394744873,-0.0638415589928627,0.40487173199653625,1.1747081279754639,0.07665924727916718,0.0802568644285202,0.029987363144755363,-1.757839322090149,3.499706745147705,684,0,0,0.0,1.0119431018829346,0.21012240648269653,4,1.0,0.06602279841899872,0.6422154903411865,-0.24994543194770813,0.009999999776482582,0.009999999776482582,0.0,0.0,0.0,0.0,0.0,0,0,0,0,0,2,1,1,24,0.4237622320652008,0.20501095056533813,0.25,0.053422775119543076,0.04812675714492798,1,0.4237622320652008,0.20501095056533813,0.053422775119543076
1784909525.233084,admm_run,1.0207118040215755,-0.009268398133511534,0.4,0.903205394744873,-0.0638415589928627,0.40487173199653625,1.1747081279754639,0.07665924727916718,0.0802568644285202,0.029987363144755363,-1.757839322090149,3.499706745147705,684,0,0,0.0,1.0119431018829346,0.21012240648269653,4,1.0,0.06602279841899872,0.6422154903411865,-0.24994543194770813,0.009999999776482582,0.009999999776482582,0.0,0.0,0.0,0.0,0.0,0,0,0,0,0,2,1,1,24,0.4237622320652008,0.20501095056533813,0.25,0.053422775119543076,0.04812675714492798,1,0.4237622320652008,0.20501095056533813,0.053422775119543076
1784909525.2564769,admm_run,1.0241968153951642,-0.009235414510260602,0.4,0.9044815897941589,-0.060504499822854996,0.4062586724758148,1.1901168823242188,0.0898849293589592,0.07687486708164215,-0.07930536568164825,-1.7892653942108154,3.499706745147705,684,0,0,0.0,1.0119431018829346,0.21012240648269653,4,1.0,0.06602279841899872,0.6422154903411865,-0.24994543194770813,0.009999999776482582,0.009999999776482582,0.0,0.0,0.0,0.0,0.0,0,0,0,0,0,2,1,1,24,0.4237622320652008,0.20501095056533813,0.25,0.053422775119543076,0.04875648021697998,1,0.4237622320652008,0.20501095056533813,0.053422775119543076
1784909525.280341,admm_run,1.0276818267687529,-0.009202430887009672,0.4,0.905410885810852,-0.05895217880606651,0.4062923491001129,1.2038559913635254,0.09057043492794037,0.07238547503948212,0.02438596449792385,-1.7604693174362183,3.4944281578063965,684,0,0,0.0,1.0119431018829346,0.21012240648269653,4,1.0,0.06602279841899872,0.6422154903411865,-0.24994543194770813,0.009999999776482582,0.009999999776482582,0.0,0.0,0.0,0.0,0.0,0,0,0,0,0,2,1,1,24,0.4237622320652008,0.20501095056533813,0.25,0.053422775119543076,0.04875648021697998,1,0.4237622320652008,0.20501095056533813,0.053422775119543076
1784909525.3043442,admm_run,1.0311668381423416,-0.009169447263758741,0.4,0.905410885810852,-0.05895217880606651,0.4062923491001129,1.2038559913635254,0.09057043492794037,0.07238547503948212,0.02438596449792385,-1.7604693174362183,3.4944281578063965,685,0,0,0.0,1.0119431018829346,0.2099122852087021,4,1.0,0.06595677882432938,0.6422154903411865,-0.24994544684886932,0.009999999776482582,0.009999999776482582,0.0,0.0,0.0,0.0,0.0,0,0,0,0,0,2,1,1,24,0.4237622320652008,0.20501095056533813,0.25,0.053422775119543076,0.048762500286102295,1,0.4237622320652008,0.20501095056533813,0.053422775119543076
1784909525.326886,admm_run,1.0346518495159303,-0.009136463640507811,0.4,0.905410885810852,-0.05895217880606651,0.4062923491001129,1.2038559913635254,0.09057043492794037,0.07238547503948212,0.02438596449792385,-1.7604693174362183,3.4944281578063965,685,0,0,0.0,1.0119431018829346,0.2099122852087021,4,1.0,0.06595677882432938,0.6422154903411865,-0.24994544684886932,0.009999999776482582,0.009999999776482582,0.0,0.0,0.0,0.0,0.0,0,0,0,0,0,2,1,1,24,0.4237622320652008,0.20501095056533813,0.25,0.053422775119543076,0.048762500286102295,1,0.4237622320652008,0.20501095056533813,0.053422775119543076
1784909525.3516421,admm_run,1.038136860889519,-0.00910348001725688,0.4,0.9071889519691467,-0.055657658725976944,0.404266893863678,1.2225341796875,0.10616084933280945,0.07235662639141083,0.028172768652439117,-1.537765622138977,3.4944281578063965,685,0,0,0.0,1.0119431018829346,0.2099122852087021,4,1.0,0.06595677882432938,0.6422154903411865,-0.24994544684886932,0.009999999776482582,0.009999999776482582,0.0,0.0,0.0,0.0,0.0,0,0,0,0,0,2,1,1,24,0.4237622320652008,0.20501095056533813,0.25,0.053422775119543076,0.049524009227752686,1,0.4237622320652008,0.20501095056533813,0.053422775119543076
1784909525.371857,admm_run,1.0416218722631077,-0.00907049639400595,0.4,0.9071889519691467,-0.055657658725976944,0.404266893863678,1.2225341796875,0.10616084933280945,0.07235662639141083,0.028172768652439117,-1.537765622138977,3.4944281578063965,685,0,0,0.0,1.0119431018829346,0.2099122852087021,4,1.0,0.06595677882432938,0.6422154903411865,-0.24994544684886932,0.009999999776482582,0.009999999776482582,0.0,0.0,0.0,0.0,0.0,0,0,0,0,0,2,1,1,24,0.4237622320652008,0.20501095056533813,0.25,0.053422775119543076,0.049524009227752686,1,0.4237622320652008,0.20501095056533813,0.053422775119543076
1784909525.392368,admm_run,1.0451068836366963,-0.009037512770755018,0.4,0.908627986907959,-0.05622395873069763,0.4028555750846863,1.2430793046951294,0.10653301328420639,0.06452951580286026,0.17769762873649597,-1.3560608625411987,3.4944281578063965,686,0,0,0.0,1.0119431018829346,0.20970237255096436,4,1.0,0.0658908262848854,0.6422154903411865,-0.24994544684886932,0.009999999776482582,0.009999999776482582,0.0,0.0,0.0,0.0,0.0,0,0,0,0,0,2,1,1,24,0.4237622320652008,0.20501095056533813,0.25,0.053422775119543076,0.05197995901107788,1,0.4237622320652008,0.20501095056533813,0.053422775119543076
1784909525.417092,admm_run,1.048591895010285,-0.009004529147504088,0.4,0.908627986907959,-0.05622395873069763,0.4028555750846863,1.2430793046951294,0.10653301328420639,0.06452951580286026,0.17769762873649597,-1.3560608625411987,3.4944281578063965,686,0,0,0.0,1.0119431018829346,0.20970237255096436,4,1.0,0.0658908262848854,0.6422154903411865,-0.24994544684886932,0.009999999776482582,0.009999999776482582,0.0,0.0,0.0,0.0,0.0,0,0,0,0,0,2,1,1,24,0.4237622320652008,0.20501095056533813,0.25,0.053422775119543076,0.05197995901107788,1,0.4237622320652008,0.20501095056533813,0.053422775119543076
1784909525.4417229,admm_run,1.0520769063838737,-0.008971545524253157,0.4,0.9084811210632324,-0.05487096309661865,0.40327417850494385,1.2693476676940918,0.11185140907764435,0.05821487307548523,0.26611530780792236,-1.2489306926727295,3.4944281578063965,686,0,0,0.0,1.0119431018829346,0.20970237255096436,4,1.0,0.0658908262848854,0.6422154903411865,-0.24994544684886932,0.009999999776482582,0.009999999776482582,0.0,0.0,0.0,0.0,0.0,0,0,0,0,0,2,1,1,24,0.4237622320652008,0.20501095056533813,0.25,0.053422775119543076,0.049299418926239014,1,0.4237622320652008,0.20501095056533813,0.053422775119543076
1784909525.463279,admm_run,1.0555619177574624,-0.008938561901002225,0.4,0.9084811210632324,-0.05487096309661865,0.40327417850494385,1.2693476676940918,0.11185140907764435,0.05821487307548523,0.26611530780792236,-1.2489306926727295,3.4944281578063965,686,0,0,0.0,1.0119431018829346,0.20970237255096436,4,1.0,0.0658908262848854,0.6422154903411865,-0.24994544684886932,0.009999999776482582,0.009999999776482582,0.0,0.0,0.0,0.0,0.0,0,0,0,0,0,2,1,1,24,0.4237622320652008,0.20501095056533813,0.25,0.053422775119543076,0.049299418926239014,1,0.4237622320652008,0.20501095056533813,0.053422775119543076
1784909525.487809,admm_run,1.0590469291310511,-0.008905578277751295,0.4,0.9131520986557007,-0.052562013268470764,0.4035705626010895,1.26340913772583,0.12090941518545151,0.05695321410894394,0.13521604239940643,-1.3720952272415161,3.499706745147705,687,0,0,0.0,1.0119431018829346,0.20949266850948334,4,1.0,0.06582493335008621,0.6422154903411865,-0.24994544684886932,0.009999999776482582,0.009999999776482582,0.0,0.0,0.0,0.0,0.0,0,0,0,0,0,2,1,1,24,0.4237622320652008,0.20501095056533813,0.25,0.053422775119543076,0.051471829414367676,1,0.4237622320652008,0.20501095056533813,0.053422775119543076
1784909525.50848,admm_run,1.0625319405046398,-0.008872594654500365,0.4,0.9131520986557007,-0.052562013268470764,0.4035705626010895,1.26340913772583,0.12090941518545151,0.05695321410894394,0.13521604239940643,-1.3720952272415161,3.499706745147705,687,0,0,0.0,1.0119431018829346,0.20949266850948334,4,1.0,0.06582493335008621,0.6422154903411865,-0.24994544684886932,0.009999999776482582,0.009999999776482582,0.0,0.0,0.0,0.0,0.0,0,0,0,0,0,2,1,1,24,0.4237622320652008,0.20501095056533813,0.25,0.053422775119543076,0.051471829414367676,1,0.4237622320652008,0.20501095056533813,0.053422775119543076
1784909525.5287879,admm_run,1.0660169518782285,-0.008839611031249434,0.4,0.9131520986557007,-0.052562013268470764,0.4035705626010895,1.26340913772583,0.12090941518545151,0.05695321410894394,0.13521604239940643,-1.3720952272415161,3.499706745147705,687,0,0,0.0,1.0119431018829346,0.20949266850948334,4,1.0,0.06582493335008621,0.6422154903411865,-0.24994544684886932,0.009999999776482582,0.009999999776482582,0.0,0.0,0.0,0.0,0.0,0,0,0,0,0,2,1,1,24,0.4237622320652008,0.20501095056533813,0.25,0.053422775119543076,0.051471829414367676,1,0.4237622320652008,0.20501095056533813,0.053422775119543076
1784909525.553866,admm_run,1.0695019632518172,-0.008806627407998504,0.4,0.9058111310005188,-0.05250351503491402,0.4035875201225281,1.2494251728057861,0.11188235133886337,0.05033180117607117,0.13478495180606842,-1.5665227174758911,3.499706745147705,687,0,0,0.0,1.0119431018829346,0.20949266850948334,4,1.0,0.06582493335008621,0.6422154903411865,-0.24994544684886932,0.009999999776482582,0.009999999776482582,0.0,0.0,0.0,0.0,0.0,0,0,0,0,0,2,1,1,24,0.4237622320652008,0.20501095056533813,0.25,0.053422775119543076,0.04965329170227051,1,0.4237622320652008,0.20501095056533813,0.053422775119543076
1784909525.577008,admm_run,1.072986974625406,-0.008773643784747574,0.4,0.9070391058921814,-0.05067034438252449,0.40498045086860657,1.2561284303665161,0.11188235133886337,0.05033180117607117,0.13478495180606842,-1.5665227174758911,3.499706745147705,687,0,0,0.0,1.0119431018829346,0.20949266850948334,4,1.0,0.06582493335008621,0.6422154903411865,-0.24994544684886932,0.009999999776482582,0.009999999776482582,0.0,0.0,0.0,0.0,0.0,0,0,0,0,0,2,1,1,24,0.4237622320652008,0.20501095056533813,0.25,0.053422775119543076,0.04965329170227051,1,0.4237622320652008,0.20501095056533813,0.053422775119543076
1784909525.599094,admm_run,1.0764719859989946,-0.008740660161496642,0.4,0.9070391058921814,-0.05067034438252449,0.40498045086860657,1.2561284303665161,0.11057157069444656,0.047753434628248215,-0.020418407395482063,-1.8488012552261353,3.499706745147705,688,1,0,0.0,1.0119431018829346,0.20928317308425903,4,1.0,0.06575910747051239,0.6422154903411865,-0.24994544684886932,0.009999999776482582,0.009999999776482582,0.0,0.0,0.0,0.0,0.0,0,0,0,0,0,2,1,1,24,0.4237622320652008,0.20501095056533813,0.25,0.053422775119543076,0.04521811008453369,1,0.4237622320652008,0.20501095056533813,0.053422775119543076
1784909525.620171,admm_run,1.0799569973725833,-0.008707676538245711,0.4,0.9070391058921814,-0.05067034438252449,0.40498045086860657,1.2561284303665161,0.11057157069444656,0.047753434628248215,-0.020418407395482063,-1.8488012552261353,3.499706745147705,688,1,0,0.0,1.0119431018829346,0.20928317308425903,4,1.0,0.06575910747051239,0.6422154903411865,-0.24994544684886932,0.009999999776482582,0.009999999776482582,0.0,0.0,0.0,0.0,0.0,0,0,0,0,0,2,1,1,24,0.4237622320652008,0.20501095056533813,0.25,0.053422775119543076,0.04521811008453369,1,0.4237622320652008,0.20501095056533813,0.053422775119543076
1784909525.644751,admm_run,1.083442008746172,-0.00867469291499478,0.4,0.901151180267334,-0.05423962324857712,0.4053386449813843,1.282711386680603,0.11307661235332489,0.03795427456498146,-0.018219713121652603,-2.17362642288208,3.499706745147705,688,1,0,0.0,1.0119431018829346,0.20928317308425903,4,1.0,0.06575910747051239,0.6422154903411865,-0.24994544684886932,0.009999999776482582,0.009999999776482582,0.0,0.0,0.0,0.0,0.0,0,0,0,0,0,2,1,1,24,0.4237622320652008,0.20501095056533813,0.25,0.053422775119543076,0.04502522945404053,1,0.4237622320652008,0.20501095056533813,0.053422775119543076
1784909525.666322,admm_run,1.0869270201197607,-0.00864170929174385,0.4,0.901151180267334,-0.05423962324857712,0.4053386449813843,1.282711386680603,0.11307661235332489,0.03795427456498146,-0.018219713121652603,-2.17362642288208,3.499706745147705,688,1,0,0.0,1.0119431018829346,0.20928317308425903,4,1.0,0.06575910747051239,0.6422154903411865,-0.24994544684886932,0.009999999776482582,0.009999999776482582,0.0,0.0,0.0,0.0,0.0,0,0,0,0,0,2,1,1,24,0.4237622320652008,0.20501095056533813,0.25,0.053422775119543076,0.04502522945404053,1,0.4237622320652008,0.20501095056533813,0.053422775119543076
1784909525.690324,admm_run,1.0904120314933494,-0.00860872566849292,0.4,0.8986825942993164,-0.05301912873983383,0.4060649573802948,1.2859933376312256,0.11612966656684875,0.03752540424466133,0.024081431329250336,-2.388018846511841,3.499706745147705,689,1,0,0.0,1.0119431018829346,0.20907388627529144,4,1.0,0.06569334864616394,0.6422154903411865,-0.24994544684886932,0.009999999776482582,0.009999999776482582,0.0,0.0,0.0,0.0,0.0,0,0,0,0,0,2,1,1,24,0.4237622320652008,0.20501095056533813,0.25,0.053422775119543076,0.038824260234832764,1,0.4237622320652008,0.20501095056533813,0.053422775119543076
1784909525.7123032,admm_run,1.0938970428669381,-0.008575742045241988,0.4,0.8986825942993164,-0.05301912873983383,0.4060649573802948,1.2859933376312256,0.11612966656684875,0.03752540424466133,0.024081431329250336,-2.388018846511841,3.499706745147705,689,1,0,0.0,1.0119431018829346,0.20907388627529144,4,1.0,0.06569334864616394,0.6422154903411865,-0.24994541704654694,0.009999999776482582,0.009999999776482582,0.0,0.0,0.0,0.0,0.0,0,0,0,0,0,2,1,1,24,0.4237622320652008,0.20501095056533813,0.25,0.053422775119543076,0.038824260234832764,1,0.4237622320652008,0.20501095056533813,0.053422775119543076
1784909525.737804,admm_run,1.0973820542405268,-0.008542758421991058,0.4,0.9024323225021362,-0.050983596593141556,0.4068802297115326,1.297179937362671,0.13471780717372894,0.037766821682453156,-0.05997030436992645,-2.5643320083618164,3.499706745147705,689,1,0,0.0,1.0119431018829346,0.20907388627529144,4,1.0,0.06569334864616394,0.6422154903411865,-0.24994541704654694,0.009999999776482582,0.009999999776482582,0.0,0.0,0.0,0.0,0.0,0,0,0,0,0,2,1,1,24,0.4237622320652008,0.20501095056533813,0.25,0.053422775119543076,0.038824260234832764,1,0.4237622320652008,0.20501095056533813,0.053422775119543076
1784909525.7614121,admm_run,1.1008670656141155,-0.008509774798740127,0.4,0.9024323225021362,-0.050983596593141556,0.4068802297115326,1.297179937362671,0.13471780717372894,0.037766821682453156,-0.05997030436992645,-2.5643320083618164,3.499706745147705,689,1,0,0.0,1.0119431018829346,0.20907388627529144,4,1.0,0.06569334864616394,0.6422154903411865,-0.24994541704654694,0.009999999776482582,0.009999999776482582,0.0,0.0,0.0,0.0,0.0,0,0,0,0,0,2,1,1,24,0.4237622320652008,0.20501095056533813,0.25,0.053422775119543076,0.04088163375854492,1,0.4237622320652008,0.20501095056533813,0.053422775119543076
1784909525.7863722,admm_run,1.1043520769877042,-0.008476791175489197,0.4,0.8988752365112305,-0.04957245662808418,0.4077138602733612,1.302901268005371,0.13657620549201965,0.038342878222465515,-0.1104033961892128,-2.5689754486083984,3.499706745147705,690,1,0,0.0,1.0119431018829346,0.20886480808258057,4,1.0,0.06562765687704086,0.6422154903411865,-0.24994541704654694,0.009999999776482582,0.009999999776482582,0.0,0.0,0.0,0.0,0.0,0,0,0,0,0,2,1,1,24,0.4237622320652008,0.20501095056533813,0.25,0.053422775119543076,0.0396273136138916,1,0.4237622320652008,0.20501095056533813,0.053422775119543076
1784909525.808527,admm_run,1.107837088361293,-0.008443807552238267,0.4,0.8988752365112305,-0.04957245662808418,0.4077138602733612,1.302901268005371,0.13657620549201965,0.038342878222465515,-0.1104033961892128,-2.5689754486083984,3.499706745147705,690,0,0,0.0,1.0119431018829346,0.20886480808258057,4,1.0,0.06562765687704086,0.6422154903411865,-0.24994541704654694,0.009999999776482582,0.009999999776482582,0.0,0.0,0.0,0.0,0.0,0,0,0,0,0,2,1,1,24,0.4237622320652008,0.20501095056533813,0.25,0.053422775119543076,0.0396273136138916,1,0.4237622320652008,0.20501095056533813,0.053422775119543076
1784909525.8336,admm_run,1.1113220997348816,-0.008410823928987335,0.4,0.8988752365112305,-0.04957245662808418,0.4077138602733612,1.302901268005371,0.13657620549201965,0.038342878222465515,-0.1104033961892128,-2.5689754486083984,3.499706745147705,690,0,0,0.0,1.0119431018829346,0.20886480808258057,4,1.0,0.06562765687704086,0.6422154903411865,-0.24994541704654694,0.009999999776482582,0.009999999776482582,0.0,0.0,0.0,0.0,0.0,0,0,0,0,0,2,1,1,24,0.4237622320652008,0.20501095056533813,0.25,0.053422775119543076,0.0396273136138916,1,0.4237622320652008,0.20501095056533813,0.053422775119543076
1784909525.855571,admm_run,1.1148071111084703,-0.008377840305736404,0.4,0.8989185094833374,-0.0496479757130146,0.4075881242752075,1.3240598440170288,0.14842763543128967,0.03620333969593048,-0.2128128558397293,-2.6389498710632324,3.499706745147705,690,0,0,0.0,1.0119431018829346,0.20886480808258057,4,1.0,0.06562765687704086,0.6422154903411865,-0.24994541704654694,0.009999999776482582,0.009999999776482582,0.0,0.0,0.0,0.0,0.0,0,0,0,0,0,2,1,1,24,0.4237622320652008,0.20501095056533813,0.25,0.053422775119543076,0.03689950704574585,1,0.4237622320652008,0.20501095056533813,0.053422775119543076
1784909525.880657,admm_run,1.118292122482059,-0.008344856682485474,0.4,0.9004935026168823,-0.04870252683758736,0.4074147641658783,1.3634531497955322,0.15113498270511627,0.03568616136908531,-0.2046927809715271,-2.769894599914551,3.4944281578063965,690,0,0,0.0,1.0119431018829346,0.20886480808258057,4,1.0,0.06562765687704086,0.6422154903411865,-0.24994541704654694,0.009999999776482582,0.009999999776482582,0.0,0.0,0.0,0.0,0.0,0,0,0,0,0,2,1,1,24,0.4237622320652008,0.20501095056533813,0.25,0.053422775119543076,0.03689950704574585,1,0.4237622320652008,0.20501095056533813,0.053422775119543076
1784909525.901933,admm_run,1.1217771338556477,-0.008311873059234543,0.4,0.9004935026168823,-0.04870252683758736,0.4074147641658783,1.3634531497955322,0.15113498270511627,0.03568616136908531,-0.2046927809715271,-2.769894599914551,3.4944281578063965,691,0,0,0.0,1.0119431018829346,0.2086559534072876,4,1.0,0.06556203216314316,0.6422154903411865,-0.24994541704654694,0.009999999776482582,0.009999999776482582,0.0,0.0,0.0,0.0,0.0,0,0,0,0,0,2,1,1,24,0.4237622320652008,0.20501095056533813,0.25,0.053422775119543076,0.037663161754608154,1,0.4237622320652008,0.20501095056533813,0.053422775119543076
1784909525.924791,admm_run,1.1252621452292364,-0.008278889435983611,0.4,0.9004935026168823,-0.04870252683758736,0.4074147641658783,1.3634531497955322,0.15113498270511627,0.03568616136908531,-0.2046927809715271,-2.769894599914551,3.4944281578063965,691,0,0,0.0,1.0119431018829346,0.2086559534072876,4,1.0,0.06556203216314316,0.6422154903411865,-0.24994541704654694,0.009999999776482582,0.009999999776482582,0.0,0.0,0.0,0.0,0.0,0,0,0,0,0,2,1,1,24,0.4237622320652008,0.20501095056533813,0.25,0.053422775119543076,0.037663161754608154,1,0.4237622320652008,0.20501095056533813,0.053422775119543076
1784909525.946163,admm_run,1.128747156602825,-0.008245905812732681,0.4,0.8918460607528687,-0.046232156455516815,0.4070877432823181,1.3250908851623535,0.15710274875164032,0.040221091359853745,-0.2618785500526428,-2.8209586143493652,3.4944281578063965,691,0,0,0.0,1.0119431018829346,0.2086559534072876,4,1.0,0.06556203216314316,0.6422154903411865,-0.24994541704654694,0.009999999776482582,0.009999999776482582,0.0,0.0,0.0,0.0,0.0,0,0,0,0,0,2,1,1,24,0.4237622320652008,0.20501095056533813,0.25,0.053422775119543076,0.03318595886230469,1,0.4237622320652008,0.20501095056533813,0.053422775119543076
1784909525.968677,land,0.8918460607528687,-0.046232156455516815,0.4070877432823181,0.8918460607528687,-0.046232156455516815,0.4070877432823181,1.3250908851623535,0.15710274875164032,0.040221091359853745,-0.2618785500526428,-2.8209586143493652,3.4944281578063965,691,0,0,0.0,1.0119431018829346,0.2086559534072876,4,1.0,0.06556203216314316,0.6422154903411865,-0.24994541704654694,0.009999999776482582,0.009999999776482582,0.0,0.0,0.0,0.0,0.0,0,0,0,0,0,2,1,1,24,0.4237622320652008,0.20501095056533813,0.25,0.053422775119543076,0.03318595886230469,1,0.4237622320652008,0.20501095056533813,0.053422775119543076
1784909525.989197,land,0.8918460607528687,-0.046232156455516815,0.4034807963804765,0.8949779868125916,-0.04246711730957031,0.4055769443511963,1.3384169340133667,0.17051425576210022,0.04577868804335594,-0.1362847536802292,-2.8287503719329834,3.499706745147705,692,0,0,0.0,1.0119431018829346,0.20844730734825134,4,0.0,0.06549647450447083,0.6422154903411865,-0.24994541704654694,0.009999999776482582,0.009999999776482582,0.0,0.0,0.0,0.0,0.0,0,0,0,0,0,2,1,1,24,0.4237622320652008,0.20501095056533813,0.25,0.053422775119543076,0.033721923828125,1,0.4237622320652008,0.20501095056533813,0.053422775119543076
1784909526.0118349,land,0.8918460607528687,-0.046232156455516815,0.3998738494786349,0.8949779868125916,-0.04246711730957031,0.4055769443511963,1.3384169340133667,0.17051425576210022,0.04577868804335594,-0.1362847536802292,-2.8287503719329834,3.499706745147705,692,0,0,0.0,1.0119431018829346,0.20844730734825134,4,0.0,0.06549647450447083,0.6422154903411865,-0.24994543194770813,0.009999999776482582,0.009999999776482582,0.0,0.0,0.0,0.0,0.0,0,0,0,0,0,2,1,1,24,0.4237622320652008,0.20501095056533813,0.25,0.053422775119543076,0.033721923828125,1,0.4237622320652008,0.20501095056533813,0.053422775119543076
1784909526.036587,land,0.8918460607528687,-0.046232156455516815,0.3962669025767933,0.8951732516288757,-0.04120109602808952,0.40434253215789795,1.389333963394165,0.18079999089241028,0.04514838755130768,0.010269823484122753,-2.956991195678711,3.499706745147705,692,0,0,0.0,1.0119431018829346,0.20844730734825134,4,0.0,0.06549647450447083,0.6422154903411865,-0.24994543194770813,0.009999999776482582,0.009999999776482582,0.0,0.0,0.0,0.0,0.0,0,0,0,0,0,2,1,1,24,0.4237622320652008,0.20501095056533813,0.25,0.053422775119543076,0.030465245246887207,1,0.4237622320652008,0.20501095056533813,0.053422775119543076
1784909526.061648,land,0.8918460607528687,-0.046232156455516815,0.3926599556749517,0.8951732516288757,-0.04120109602808952,0.40434253215789795,1.389333963394165,0.18079999089241028,0.04514838755130768,0.010269823484122753,-2.956991195678711,3.499706745147705,692,0,0,0.0,1.0119431018829346,0.20844730734825134,4,0.0,0.06549647450447083,0.6422154903411865,-0.24994543194770813,0.009999999776482582,0.009999999776482582,0.0,0.0,0.0,0.0,0.0,0,0,0,0,0,2,1,1,24,0.4237622320652008,0.20501095056533813,0.25,0.053422775119543076,0.030465245246887207,1,0.4237622320652008,0.20501095056533813,0.053422775119543076
1784909526.0834088,land,0.8918460607528687,-0.046232156455516815,0.3890530087731101,0.8804827928543091,-0.03858688846230507,0.4038718342781067,1.3613166809082031,0.16203518211841583,0.04474413022398949,0.34327325224876404,-1.031907320022583,3.489149570465088,693,0,0,0.0,1.0119431018829346,0.2082388699054718,4,1.0,0.06543097645044327,0.6422154903411865,-0.24994543194770813,0.009999999776482582,0.009999999776482582,0.0,0.0,0.0,0.0,0.0,0,0,0,0,0,2,1,1,24,0.4237622320652008,0.20501095056533813,0.25,0.053422775119543076,0.021897733211517334,1,0.4237622320652008,0.20501095056533813,0.053422775119543076
1784909526.104987,land,0.8918460607528687,-0.046232156455516815,0.3854460618712685,0.8804827928543091,-0.03858688846230507,0.4038718342781067,1.3613166809082031,0.16203518211841583,0.04474413022398949,0.34327325224876404,-1.031907320022583,3.489149570465088,693,2,2,0.06271816790103912,1.0119431018829346,0.2082388699054718,4,1.0,0.06543097645044327,0.6422154903411865,-0.24994543194770813,0.009999999776482582,0.009999999776482582,0.0,0.0,0.0,0.0,0.0,0,0,0,0,0,2,1,1,24,0.4237622320652008,0.20501095056533813,0.25,0.053422775119543076,0.021897733211517334,1,0.4237622320652008,0.20501095056533813,0.053422775119543076
1784909526.126174,land,0.8918460607528687,-0.046232156455516815,0.3818391149694269,0.8804827928543091,-0.03858688846230507,0.4038718342781067,1.3613166809082031,0.16203518211841583,0.04474413022398949,0.34327325224876404,-1.031907320022583,3.489149570465088,693,2,2,0.06271816790103912,1.0119431018829346,0.2082388699054718,4,1.0,0.06543097645044327,0.6422154903411865,-0.24994543194770813,0.009999999776482582,0.009999999776482582,0.0,0.0,0.0,0.0,0.0,0,0,0,0,0,2,1,1,24,0.4237622320652008,0.20501095056533813,0.25,0.053422775119543076,0.021897733211517334,1,0.4237622320652008,0.20501095056533813,0.053422775119543076
1784909526.1481621,land,0.8918460607528687,-0.046232156455516815,0.3782321680675853,0.878598153591156,-0.03948528319597244,0.4031619727611542,1.376061201095581,0.1485094428062439,0.035788968205451965,0.6872674822807312,0.6195268034934998,3.489149570465088,693,2,2,0.06271816790103912,1.0119431018829346,0.2082388699054718,4,1.0,0.06543097645044327,0.6422154903411865,-0.24994543194770813,0.009999999776482582,0.009999999776482582,0.0,0.0,0.0,0.0,0.0,0,0,0,0,0,2,1,1,24,0.4237622320652008,0.20501095056533813,0.25,0.053422775119543076,0.014807045459747314,1,0.4237622320652008,0.20501095056533813,0.053422775119543076
1784909526.173227,land,0.8918460607528687,-0.046232156455516815,0.37462522116574376,0.878598153591156,-0.03948528319597244,0.4031619727611542,1.376061201095581,0.1485094428062439,0.035788968205451965,0.6872674822807312,0.6195268034934998,3.489149570465088,693,2,2,0.06271816790103912,1.0119431018829346,0.2082388699054718,4,1.0,0.06543097645044327,0.6422154903411865,-0.24994543194770813,0.009999999776482582,0.009999999776482582,0.0,0.0,0.0,0.0,0.0,0,0,0,0,0,2,1,1,24,0.4237622320652008,0.20501095056533813,0.25,0.053422775119543076,0.014807045459747314,1,0.4237622320652008,0.20501095056533813,0.053422775119543076
1784909526.1942,land,0.8918460607528687,-0.046232156455516815,0.37101827426390216,0.8741310834884644,-0.03943946212530136,0.4022199809551239,1.3521584272384644,0.12304338812828064,0.0246695838868618,0.9440054297447205,1.4472007751464844,3.5049853324890137,694,2,2,0.06271816790103912,1.0119431018829346,0.20803064107894897,4,1.0,0.06536554545164108,0.6422154903411865,-0.24994543194770813,0.009999999776482582,0.009999999776482582,0.0,0.0,0.0,0.0,0.0,0,0,0,0,0,2,1,1,24,0.4237622320652008,0.20501095056533813,0.25,0.053422775119543076,0.012540459632873535,1,0.4237622320652008,0.20501095056533813,0.053422775119543076
1784909526.2148569,land,0.8918460607528687,-0.046232156455516815,0.36741132736206056,0.8741310834884644,-0.03943946212530136,0.4022199809551239,1.3521584272384644,0.12304338812828064,0.0246695838868618,0.9440054297447205,1.4472007751464844,3.5049853324890137,694,1,0,0.0,1.0119431018829346,0.20803064107894897,4,1.0,0.06536554545164108,0.6422154903411865,-0.24994543194770813,0.009999999776482582,0.009999999776482582,0.0,0.0,0.0,0.0,0.0,0,0,0,0,0,2,1,1,24,0.4237622320652008,0.20501095056533813,0.25,0.053422775119543076,0.012540459632873535,1,0.4237622320652008,0.20501095056533813,0.053422775119543076
1784909526.2350578,land,0.8918460607528687,-0.046232156455516815,0.36380438046021896,0.8793514966964722,-0.039210446178913116,0.399518758058548,1.3821618556976318,0.10732362419366837,0.016258062794804573,0.9203975796699524,1.7257434129714966,3.5049853324890137,694,1,0,0.0,1.0119431018829346,0.20803064107894897,4,1.0,0.06536554545164108,0.6422154903411865,-0.24994543194770813,0.009999999776482582,0.009999999776482582,0.0,0.0,0.0,0.0,0.0,0,0,0,0,0,2,1,1,24,0.4237622320652008,0.20501095056533813,0.25,0.053422775119543076,0.01604217290878296,1,0.4237622320652008,0.20501095056533813,0.053422775119543076
1784909526.257101,land,0.8918460607528687,-0.046232156455516815,0.36019743355837736,0.8793514966964722,-0.039210446178913116,0.399518758058548,1.3821618556976318,0.10732362419366837,0.016258062794804573,0.9203975796699524,1.7257434129714966,3.5049853324890137,694,1,0,0.0,1.0119431018829346,0.20803064107894897,4,1.0,0.06536554545164108,0.6422154903411865,-0.24994543194770813,0.009999999776482582,0.009999999776482582,0.0,0.0,0.0,0.0,0.0,0,0,0,0,0,2,1,1,24,0.4237622320652008,0.20501095056533813,0.25,0.053422775119543076,0.01604217290878296,1,0.4237622320652008,0.20501095056533813,0.053422775119543076
1784909526.27925,land,0.8918460607528687,-0.046232156455516815,0.35659048665653575,0.8824693560600281,-0.03990825265645981,0.3972635567188263,1.3109556436538696,0.08967551589012146,0.006618065759539604,0.7804337739944458,1.6939884424209595,3.5049853324890137,694,1,0,0.0,1.0119431018829346,0.20803064107894897,4,1.0,0.06536554545164108,0.6422154903411865,-0.24994543194770813,0.009999999776482582,0.009999999776482582,0.0,0.0,0.0,0.0,0.0,0,0,0,0,0,2,1,1,24,0.4237622320652008,0.20501095056533813,0.25,0.053422775119543076,0.01604217290878296,1,0.4237622320652008,0.20501095056533813,0.053422775119543076
1784909526.303385,land,0.8918460607528687,-0.046232156455516815,0.35298353975469415,0.8824693560600281,-0.03990825265645981,0.3972635567188263,1.3109556436538696,0.08967551589012146,0.006618065759539604,0.7804337739944458,1.6939884424209595,3.5049853324890137,695,3,3,0.05162838101387024,1.0119431018829346,0.25797685980796814,4,1.0,0.06530018150806427,0.6422154903411865,-0.24994543194770813,0.009999999776482582,0.009999999776482582,0.0,0.0,0.0,0.0,0.0,0,0,0,0,0,2,1,1,24,0.4237622320652008,0.20501095056533813,0.25,0.053422775119543076,0.018440723419189453,1,0.4237622320652008,0.20501095056533813,0.053422775119543076
1784909526.32728,land,0.8918460607528687,-0.046232156455516815,0.34937659285285255,0.8824693560600281,-0.03990825265645981,0.3972635567188263,1.3109556436538696,0.08967551589012146,0.006618065759539604,0.7804337739944458,1.6939884424209595,3.5049853324890137,695,3,3,0.05162838101387024,1.0119431018829346,0.25797685980796814,4,1.0,0.06530018150806427,0.6422154903411865,-0.24994543194770813,0.009999999776482582,0.009999999776482582,0.0,0.0,0.0,0.0,0.0,0,0,0,0,0,2,1,1,24,0.4237622320652008,0.20501095056533813,0.25,0.053422775119543076,0.018440723419189453,1,0.4237622320652008,0.20501095056533813,0.053422775119543076
1784909526.348493,land,0.8918460607528687,-0.046232156455516815,0.34576964595101095,0.884558379650116,-0.04230819642543793,0.39429008960723877,1.3729274272918701,0.0725594237446785,-0.00447484478354454,0.705132007598877,1.7494778633117676,3.5049853324890137,695,3,3,0.05162838101387024,1.0119431018829346,0.25797685980796814,4,1.0,0.06530018150806427,0.6422154903411865,-0.24994543194770813,0.009999999776482582,0.009999999776482582,0.0,0.0,0.0,0.0,0.0,0,0,0,0,0,2,1,1,24,0.4237622320652008,0.20501095056533813,0.25,0.053422775119543076,0.02230250835418701,1,0.4237622320652008,0.20501095056533813,0.053422775119543076
1784909526.373586,land,0.8918460607528687,-0.046232156455516815,0.34216269904916935,0.884558379650116,-0.04230819642543793,0.39429008960723877,1.3729274272918701,0.0725594237446785,-0.00447484478354454,0.705132007598877,1.7494778633117676,3.5049853324890137,695,3,3,0.05162838101387024,1.0119431018829346,0.25797685980796814,4,1.0,0.06530018150806427,0.6422154903411865,-0.24994543194770813,0.009999999776482582,0.009999999776482582,0.0,0.0,0.0,0.0,0.0,0,0,0,0,0,2,1,1,24,0.4237622320652008,0.20501095056533813,0.25,0.053422775119543076,0.02230250835418701,1,0.4237622320652008,0.20501095056533813,0.053422775119543076
1784909526.398657,land,0.8918460607528687,-0.046232156455516815,0.3385557521473278,0.885600745677948,-0.044195204973220825,0.3929328918457031,1.3091782331466675,0.04965385049581528,-0.013241425156593323,0.4118000268936157,1.5623246431350708,3.499706745147705,696,0,0,0.0,1.0119431018829346,0.25771889090538025,4,1.0,0.06523488461971283,0.6422154903411865,-0.24994543194770813,0.009999999776482582,0.009999999776482582,0.0,0.0,0.0,0.0,0.0,0,0,0,0,0,2,1,1,24,0.4237622320652008,0.20501095056533813,0.25,0.053422775119543076,0.023541688919067383,1,0.4237622320652008,0.20501095056533813,0.053422775119543076
1784909526.4206522,land,0.8918460607528687,-0.046232156455516815,0.3349488052454862,0.885600745677948,-0.044195204973220825,0.3929328918457031,1.3091782331466675,0.04965385049581528,-0.013241425156593323,0.4118000268936157,1.5623246431350708,3.499706745147705,696,0,0,0.0,1.0119431018829346,0.25771889090538025,4,1.0,0.06523488461971283,0.6422154903411865,-0.24994543194770813,0.009999999776482582,0.009999999776482582,0.0,0.0,0.0,0.0,0.0,0,0,0,0,0,2,1,1,24,0.4237622320652008,0.20501095056533813,0.25,0.053422775119543076,0.023541688919067383,1,0.4237622320652008,0.20501095056533813,0.053422775119543076
1784909526.4417229,land,0.8918460607528687,-0.046232156455516815,0.3313418583436446,0.8780502676963806,-0.04463869333267212,0.38965433835983276,1.2156230211257935,0.025059517472982407,-0.014623064547777176,-0.027994463220238686,1.3529603481292725,3.499706745147705,696,0,0,0.0,1.0119431018829346,0.25771889090538025,4,1.0,0.06523488461971283,0.6422154903411865,-0.24994543194770813,0.009999999776482582,0.009999999776482582,0.0,0.0,0.0,0.0,0.0,0,0,0,0,0,2,1,1,24,0.4237622320652008,0.20501095056533813,0.25,0.053422775119543076,0.020224332809448242,1,0.4237622320652008,0.20501095056533813,0.053422775119543076
1784909526.465903,land,0.8918460607528687,-0.046232156455516815,0.327734911441803,0.8780502676963806,-0.04463869333267212,0.38965433835983276,1.2156230211257935,0.025059517472982407,-0.014623064547777176,-0.027994463220238686,1.3529603481292725,3.499706745147705,696,0,0,0.0,1.0119431018829346,0.25771889090538025,4,1.0,0.06523488461971283,0.6422154903411865,-0.24994543194770813,0.009999999776482582,0.009999999776482582,0.0,0.0,0.0,0.0,0.0,0,0,0,0,0,2,1,1,24,0.4237622320652008,0.20501095056533813,0.25,0.053422775119543076,0.020224332809448242,1,0.4237622320652008,0.20501095056533813,0.053422775119543076
1784909526.4860191,land,0.8918460607528687,-0.046232156455516815,0.3241279645399614,0.881782054901123,-0.044540368020534515,0.38697099685668945,1.282005786895752,0.01975795440375805,-0.01115607749670744,-0.13395965099334717,0.8077057600021362,3.5049853324890137,696,0,0,0.0,1.0119431018829346,0.25771889090538025,4,1.0,0.06523488461971283,0.6422154903411865,-0.24994543194770813,0.009999999776482582,0.009999999776482582,0.0,0.0,0.0,0.0,0.0,0,0,0,0,0,2,1,1,24,0.4237622320652008,0.20501095056533813,0.25,0.053422775119543076,0.021464943885803223,1,0.4237622320652008,0.20501095056533813,0.053422775119543076
1784909526.5090282,land,0.8918460607528687,-0.046232156455516815,0.3205210176381198,0.881782054901123,-0.044540368020534515,0.38697099685668945,1.282005786895752,0.01975795440375805,-0.01115607749670744,-0.13395965099334717,0.8077057600021362,3.5049853324890137,697,0,0,0.0,1.0119431018829346,0.25746119022369385,4,1.0,0.06516964733600616,0.6422154903411865,-0.24994543194770813,0.009999999776482582,0.009999999776482582,0.0,0.0,0.0,0.0,0.0,0,0,0,0,0,2,1,1,24,0.4237622320652008,0.20501095056533813,0.25,0.053422775119543076,0.021464943885803223,1,0.4237622320652008,0.20501095056533813,0.053422775119543076
1784909526.53411,land,0.8918460607528687,-0.046232156455516815,0.3169140707362782,0.881782054901123,-0.044540368020534515,0.38697099685668945,1.282005786895752,0.01975795440375805,-0.01115607749670744,-0.13395965099334717,0.8077057600021362,3.5049853324890137,697,0,0,0.0,1.0119431018829346,0.25746119022369385,4,1.0,0.06516964733600616,0.6422154903411865,-0.24994543194770813,0.009999999776482582,0.009999999776482582,0.0,0.0,0.0,0.0,0.0,0,0,0,0,0,2,1,1,24,0.4237622320652008,0.20501095056533813,0.25,0.053422775119543076,0.021464943885803223,1,0.4237622320652008,0.20501095056533813,0.053422775119543076
1784909526.5589418,land,0.8918460607528687,-0.046232156455516815,0.3133071238344366,0.8802562952041626,-0.0454714298248291,0.382083535194397,1.2119545936584473,0.010087350383400917,-0.011012162081897259,-0.3790365159511566,0.6351433992385864,3.5049853324890137,697,0,0,0.0,1.0119431018829346,0.25746119022369385,4,1.0,0.06516964733600616,0.6422154903411865,-0.24994543194770813,0.009999999776482582,0.009999999776482582,0.0,0.0,0.0,0.0,0.0,0,0,0,0,0,2,1,1,24,0.4237622320652008,0.20501095056533813,0.25,0.053422775119543076,0.021629810333251953,1,0.4237622320652008,0.20501095056533813,0.053422775119543076
1784909526.582898,land,0.8918460607528687,-0.046232156455516815,0.309700176932595,0.8800275325775146,-0.04515321925282478,0.3766711354255676,1.162907600402832,0.007496905978769064,-0.011443579569458961,-0.46389004588127136,0.3677637279033661,3.5049853324890137,697,0,0,0.0,1.0119431018829346,0.25746119022369385,4,1.0,0.06516964733600616,0.6422154903411865,-0.24994543194770813,0.009999999776482582,0.009999999776482582,0.0,0.0,0.0,0.0,0.0,0,0,0,0,0,2,1,1,24,0.4237622320652008,0.20501095056533813,0.25,0.053422775119543076,0.020955383777618408,1,0.4237622320652008,0.20501095056533813,0.053422775119543076
1784909526.603266,land,0.8918460607528687,-0.046232156455516815,0.3060932300307534,0.8800275325775146,-0.04515321925282478,0.3766711354255676,1.162907600402832,0.007496905978769064,-0.011443579569458961,-0.46389004588127136,0.3677637279033661,3.5049853324890137,698,0,0,0.0,1.0119431018829346,0.25720372796058655,4,1.0,0.06510447710752487,0.6422154903411865,-0.24994544684886932,0.009999999776482582,0.009999999776482582,0.0,0.0,0.0,0.0,0.0,0,0,0,0,0,2,1,1,24,0.4237622320652008,0.20501095056533813,0.25,0.053422775119543076,0.020955383777618408,1,0.4237622320652008,0.20501095056533813,0.053422775119543076
1784909526.628355,land,0.8918460607528687,-0.046232156455516815,0.3024862831289118,0.8800275325775146,-0.04515321925282478,0.3766711354255676,1.162907600402832,0.007496905978769064,-0.011443579569458961,-0.46389004588127136,0.3677637279033661,3.5049853324890137,698,0,0,0.0,1.0119431018829346,0.25720372796058655,4,1.0,0.06510447710752487,0.6422154903411865,-0.24994544684886932,0.009999999776482582,0.009999999776482582,0.0,0.0,0.0,0.0,0.0,0,0,0,0,0,2,1,1,24,0.4237622320652008,0.20501095056533813,0.25,0.053422775119543076,0.020955383777618408,1,0.4237622320652008,0.20501095056533813,0.053422775119543076
1784909526.648482,land,0.8918460607528687,-0.046232156455516815,0.2988793362270702,0.8816496133804321,-0.04821573942899704,0.37087205052375793,1.146546483039856,0.004611316602677107,-0.006594636011868715,-0.5656007528305054,0.11706709116697311,3.5049853324890137,698,0,0,0.0,1.0119431018829346,0.25720372796058655,4,1.0,0.06510447710752487,0.6422154903411865,-0.24994544684886932,0.009999999776482582,0.009999999776482582,0.0,0.0,0.0,0.0,0.0,0,0,0,0,0,2,1,1,24,0.4237622320652008,0.20501095056533813,0.25,0.053422775119543076,0.023090362548828125,1,0.4237622320652008,0.20501095056533813,0.053422775119543076
1784909526.6719942,land,0.8918460607528687,-0.046232156455516815,0.2952723893252286,0.8816496133804321,-0.04821573942899704,0.37087205052375793,1.146546483039856,0.004611316602677107,-0.006594636011868715,-0.5656007528305054,0.11706709116697311,3.5049853324890137,698,0,0,0.0,1.0119431018829346,0.25720372796058655,4,1.0,0.06510447710752487,0.6422154903411865,-0.24994544684886932,0.009999999776482582,0.009999999776482582,0.0,0.0,0.0,0.0,0.0,0,0,0,0,0,2,1,1,24,0.4237622320652008,0.20501095056533813,0.25,0.053422775119543076,0.023090362548828125,1,0.4237622320652008,0.20501095056533813,0.053422775119543076
1784909526.6946251,land,0.8918460607528687,-0.046232156455516815,0.291665442423387,0.8789695501327515,-0.04760041832923889,0.36389416456222534,1.0823140144348145,-0.0005443395930342376,-0.001338972127996385,-0.6452553868293762,0.02157605066895485,3.5049853324890137,699,0,0,0.0,1.0119431018829346,0.25694653391838074,4,1.0,0.06503937393426895,0.6422154903411865,-0.24994544684886932,0.009999999776482582,0.009999999776482582,0.0,0.0,0.0,0.0,0.0,0,0,0,0,0,2,1,1,24,0.4237622320652008,0.20501095056533813,0.25,0.053422775119543076,0.0205765962600708,1,0.4237622320652008,0.20501095056533813,0.053422775119543076
1784909526.719483,land,0.8918460607528687,-0.046232156455516815,0.2880584955215454,0.8789695501327515,-0.04760041832923889,0.36389416456222534,1.0823140144348145,-0.0005443395930342376,-0.001338972127996385,-0.6452553868293762,0.02157605066895485,3.5049853324890137,699,0,0,0.0,1.0119431018829346,0.25694653391838074,4,1.0,0.06503937393426895,0.6422154903411865,-0.24994544684886932,0.009999999776482582,0.009999999776482582,0.0,0.0,0.0,0.0,0.0,0,0,0,0,0,2,1,1,24,0.4237622320652008,0.20501095056533813,0.25,0.053422775119543076,0.0205765962600708,1,0.4237622320652008,0.20501095056533813,0.053422775119543076
1784909526.7403798,land,0.8918460607528687,-0.046232156455516815,0.2844515486197038,0.8809120655059814,-0.043955616652965546,0.3550150394439697,1.0473219156265259,0.00369424931704998,0.009932706132531166,-0.644851565361023,-0.2815462648868561,3.5049853324890137,699,0,0,0.0,1.0119431018829346,0.25694653391838074,4,1.0,0.06503937393426895,0.6422154903411865,-0.24994544684886932,0.009999999776482582,0.009999999776482582,0.0,0.0,0.0,0.0,0.0,0,0,0,0,0,2,1,1,24,0.4237622320652008,0.20501095056533813,0.25,0.053422775119543076,0.01833134889602661,1,0.4237622320652008,0.20501095056533813,0.053422775119543076
1784909526.761632,land,0.8918460607528687,-0.046232156455516815,0.2808446017178622,0.8809120655059814,-0.043955616652965546,0.3550150394439697,1.0473219156265259,0.00369424931704998,0.009932706132531166,-0.644851565361023,-0.2815462648868561,3.5049853324890137,699,0,0,0.0,1.0119431018829346,0.25694653391838074,4,1.0,0.06503937393426895,0.6422154903411865,-0.24994544684886932,0.009999999776482582,0.009999999776482582,0.0,0.0,0.0,0.0,0.0,0,0,0,0,0,2,1,1,24,0.4237622320652008,0.20501095056533813,0.25,0.053422775119543076,0.01833134889602661,1,0.4237622320652008,0.20501095056533813,0.053422775119543076
1784909526.784249,land,0.8918460607528687,-0.046232156455516815,0.2772376548160206,0.8782269358634949,-0.04479590058326721,0.3466641306877136,1.012830138206482,-0.0004198168171569705,0.012103314511477947,-0.6084064245223999,-0.3789888322353363,3.4944281578063965,699,0,0,0.0,1.0119431018829346,0.25694653391838074,4,1.0,0.06503937393426895,0.6422154903411865,-0.24994544684886932,0.009999999776482582,0.009999999776482582,0.0,0.0,0.0,0.0,0.0,0,0,0,0,0,2,1,1,24,0.4237622320652008,0.20501095056533813,0.25,0.053422775119543076,0.016979694366455078,1,0.4237622320652008,0.20501095056533813,0.053422775119543076
1784909526.808179,land,0.8918460607528687,-0.046232156455516815,0.273630707914179,0.8782269358634949,-0.04479590058326721,0.3466641306877136,1.012830138206482,-0.0004198168171569705,0.012103314511477947,-0.6084064245223999,-0.3789888322353363,3.4944281578063965,700,0,0,0.0,1.0119431018829346,0.25668957829475403,4,1.0,0.0649743378162384,0.6422154903411865,-0.24994544684886932,0.009999999776482582,0.009999999776482582,0.0,0.0,0.0,0.0,0.0,0,0,0,0,0,2,1,1,24,0.4237622320652008,0.20501095056533813,0.25,0.053422775119543076,0.016979694366455078,1,0.4237622320652008,0.20501095056533813,0.053422775119543076
1784909526.830338,land,0.8918460607528687,-0.046232156455516815,0.27002376101233744,0.8782269358634949,-0.04479590058326721,0.3466641306877136,1.012830138206482,-0.0004198168171569705,0.012103314511477947,-0.6084064245223999,-0.3789888322353363,3.4944281578063965,700,0,0,0.0,1.0119431018829346,0.25668957829475403,4,1.0,0.0649743378162384,0.6422154903411865,-0.24994544684886932,0.009999999776482582,0.009999999776482582,0.0,0.0,0.0,0.0,0.0,0,0,0,0,0,2,1,1,24,0.4237622320652008,0.20501095056533813,0.25,0.053422775119543076,0.016979694366455078,1,0.4237622320652008,0.20501095056533813,0.053422775119543076
1784909526.850776,land,0.8918460607528687,-0.046232156455516815,0.26641681411049584,0.8808548450469971,-0.04168662801384926,0.33821600675582886,1.010827898979187,0.008852052502334118,0.021760258823633194,-0.3924308717250824,-0.45836010575294495,3.4944281578063965,700,0,0,0.0,1.0119431018829346,0.25668957829475403,4,1.0,0.0649743378162384,0.6422154903411865,-0.24994544684886932,0.009999999776482582,0.009999999776482582,0.0,0.0,0.0,0.0,0.0,0,0,0,0,0,2,1,1,24,0.4237622320652008,0.20501095056533813,0.25,0.053422775119543076,0.01944279670715332,1,0.4237622320652008,0.20501095056533813,0.053422775119543076
1784909526.874634,land,0.8918460607528687,-0.046232156455516815,0.26280986720865424,0.8808548450469971,-0.04168662801384926,0.33821600675582886,1.010827898979187,0.008852052502334118,0.021760258823633194,-0.3924308717250824,-0.45836010575294495,3.4944281578063965,700,0,0,0.0,1.0119431018829346,0.25668957829475403,4,1.0,0.0649743378162384,0.6422154903411865,-0.24994544684886932,0.009999999776482582,0.009999999776482582,0.0,0.0,0.0,0.0,0.0,0,0,0,0,0,2,1,1,24,0.4237622320652008,0.20501095056533813,0.25,0.053422775119543076,0.01944279670715332,1,0.4237622320652008,0.20501095056533813,0.053422775119543076
1784909526.898283,land,0.8918460607528687,-0.046232156455516815,0.25920292030681263,0.8727113604545593,-0.03497215360403061,0.33096832036972046,0.9721288084983826,0.004546596202999353,0.042181916534900665,-0.23471786081790924,-0.3093332052230835,3.4944281578063965,702,0,0,0.0,1.0119431018829346,0.2564328908920288,4,1.0,0.06490936130285263,0.6422154903411865,-0.24994541704654694,0.009999999776482582,0.009999999776482582,0.0,0.0,0.0,0.0,0.0,0,0,0,0,0,2,1,1,24,0.4237622320652008,0.20501095056533813,0.25,0.053422775119543076,0.010966300964355469,1,0.4237622320652008,0.20501095056533813,0.053422775119543076
1784909526.922085,land,0.8918460607528687,-0.046232156455516815,0.25559597340497103,0.8727113604545593,-0.03497215360403061,0.33096832036972046,0.9721288084983826,0.004546596202999353,0.042181916534900665,-0.23471786081790924,-0.3093332052230835,3.4944281578063965,702,0,0,0.0,1.0119431018829346,0.2564328908920288,4,1.0,0.06490936130285263,0.6422154903411865,-0.24994541704654694,0.009999999776482582,0.009999999776482582,0.0,0.0,0.0,0.0,0.0,0,0,0,0,0,2,1,1,24,0.4237622320652008,0.20501095056533813,0.25,0.053422775119543076,0.010966300964355469,1,0.4237622320652008,0.20501095056533813,0.053422775119543076
1784909526.945716,land,0.8918460607528687,-0.046232156455516815,0.25198902650312943,0.878258466720581,-0.024193324148654938,0.3199354410171509,1.013633370399475,0.009487980976700783,0.048148054629564285,0.32165151834487915,-0.39326944947242737,3.4944281578063965,702,0,0,0.0,1.0119431018829346,0.2564328908920288,4,1.0,0.06490936130285263,0.6422154903411865,-0.24994541704654694,0.009999999776482582,0.009999999776482582,0.0,0.0,0.0,0.0,0.0,0,0,0,0,0,2,1,1,24,0.4237622320652008,0.20501095056533813,0.25,0.053422775119543076,0.01096421480178833,1,0.4237622320652008,0.20501095056533813,0.053422775119543076
1784909526.966028,land,0.8918460607528687,-0.046232156455516815,0.24838207960128786,0.878258466720581,-0.024193324148654938,0.3199354410171509,1.013633370399475,0.009487980976700783,0.048148054629564285,0.32165151834487915,-0.39326944947242737,3.4944281578063965,702,0,0,0.0,1.0119431018829346,0.2564328908920288,4,1.0,0.06490936130285263,0.6422154903411865,-0.24994541704654694,0.009999999776482582,0.009999999776482582,0.0,0.0,0.0,0.0,0.0,0,0,0,0,0,2,1,1,24,0.4237622320652008,0.20501095056533813,0.25,0.053422775119543076,0.01096421480178833,1,0.4237622320652008,0.20501095056533813,0.053422775119543076
1784909526.988169,land,0.8918460607528687,-0.046232156455516815,0.24477513269944626,0.8778706789016724,-0.01973707042634487,0.3136427104473114,1.043321132659912,0.01112604234367609,0.04932424798607826,0.6972252726554871,-0.509804904460907,3.4944281578063965,702,0,0,0.0,1.0119431018829346,0.2564328908920288,4,1.0,0.06490936130285263,0.6422154903411865,-0.24994541704654694,0.009999999776482582,0.009999999776482582,0.0,0.0,0.0,0.0,0.0,0,0,0,0,0,2,1,1,24,0.4237622320652008,0.20501095056533813,0.25,0.053422775119543076,0.008748888969421387,1,0.4237622320652008,0.20501095056533813,0.053422775119543076
1784909527.009419,land,0.8918460607528687,-0.046232156455516815,0.24116818579760466,0.8778706789016724,-0.01973707042634487,0.3136427104473114,1.043321132659912,0.01112604234367609,0.04932424798607826,0.6972252726554871,-0.509804904460907,3.4944281578063965,703,0,0,0.0,1.0119431018829346,0.25592029094696045,4,1.0,0.0647796094417572,0.6422154903411865,-0.24994543194770813,0.009999999776482582,0.009999999776482582,0.0,0.0,0.0,0.0,0.0,0,0,0,0,0,2,1,1,24,0.4237622320652008,0.20501095056533813,0.25,0.053422775119543076,0.008748888969421387,1,0.4237622320652008,0.20501095056533813,0.053422775119543076
1784909527.033833,land,0.8918460607528687,-0.046232156455516815,0.23756123889576305,0.8766223788261414,-0.013997348956763744,0.3049052655696869,1.0638515949249268,0.01112604234367609,0.04932424798607826,0.6972252726554871,-0.509804904460907,3.4944281578063965,703,0,0,0.0,1.0119431018829346,0.25592029094696045,4,1.0,0.0647796094417572,0.6422154903411865,-0.24994543194770813,0.009999999776482582,0.009999999776482582,0.0,0.0,0.0,0.0,0.0,0,0,0,0,0,2,1,1,24,0.4237622320652008,0.20501095056533813,0.25,0.053422775119543076,0.008748888969421387,1,0.4237622320652008,0.20501095056533813,0.053422775119543076
1784909527.054234,land,0.8918460607528687,-0.046232156455516815,0.23395429199392145,0.8766223788261414,-0.013997348956763744,0.3049052655696869,1.0638515949249268,0.012950774282217026,0.0453089214861393,1.1374269723892212,-0.44154685735702515,3.4944281578063965,703,0,0,0.0,1.0119431018829346,0.25592029094696045,4,1.0,0.0647796094417572,0.6422154903411865,-0.24994543194770813,0.009999999776482582,0.009999999776482582,0.0,0.0,0.0,0.0,0.0,0,0,0,0,0,2,1,1,24,0.4237622320652008,0.20501095056533813,0.25,0.053422775119543076,0.004677832126617432,1,0.4237622320652008,0.20501095056533813,0.053422775119543076
1784909527.079324,land,0.8918460607528687,-0.046232156455516815,0.23034734509207985,0.8799375891685486,-0.011795928701758385,0.29955682158470154,1.0646543502807617,0.02063155546784401,0.03780793771147728,1.4179279804229736,-0.290925532579422,3.499706745147705,703,0,0,0.0,1.0119431018829346,0.25592029094696045,4,1.0,0.0647796094417572,0.6422154903411865,-0.24994543194770813,0.009999999776482582,0.009999999776482582,0.0,0.0,0.0,0.0,0.0,0,0,0,0,0,2,1,1,24,0.4237622320652008,0.20501095056533813,0.25,0.053422775119543076,0.004677832126617432,1,0.4237622320652008,0.20501095056533813,0.053422775119543076
1784909527.100783,land,0.8918460607528687,-0.046232156455516815,0.22674039819023825,0.8799375891685486,-0.011795928701758385,0.29955682158470154,1.0646543502807617,0.02063155546784401,0.03780793771147728,1.4179279804229736,-0.290925532579422,3.499706745147705,704,0,0,0.0,1.0119431018829346,0.2556643784046173,4,0.0,0.06471483409404755,0.6422154903411865,-0.24994543194770813,0.009999999776482582,0.009999999776482582,0.0,0.0,0.0,0.0,0.0,0,0,0,0,0,2,1,1,24,0.4237622320652008,0.20501095056533813,0.25,0.053422775119543076,0.005828559398651123,1,0.4237622320652008,0.20501095056533813,0.053422775119543076
1784909527.1220381,land,0.8918460607528687,-0.046232156455516815,0.22313345128839665,0.8799375891685486,-0.011795928701758385,0.29955682158470154,1.0646543502807617,0.02063155546784401,0.03780793771147728,1.4179279804229736,-0.290925532579422,3.499706745147705,704,0,0,0.0,1.0119431018829346,0.2556643784046173,4,0.0,0.06471483409404755,0.6422154903411865,-0.24994543194770813,0.009999999776482582,0.009999999776482582,0.0,0.0,0.0,0.0,0.0,0,0,0,0,0,2,1,1,24,0.4237622320652008,0.20501095056533813,0.25,0.053422775119543076,0.005828559398651123,1,0.4237622320652008,0.20501095056533813,0.053422775119543076
1784909527.143766,land,0.8918460607528687,-0.046232156455516815,0.21952650438655505,0.880704939365387,-0.00879904255270958,0.291704386472702,1.0443392992019653,0.022720562294125557,0.027570942416787148,1.593723177909851,-0.31753650307655334,3.499706745147705,704,0,0,0.0,1.0119431018829346,0.2556643784046173,4,0.0,0.06471483409404755,0.6422154903411865,-0.24994543194770813,0.009999999776482582,0.009999999776482582,0.0,0.0,0.0,0.0,0.0,0,0,0,0,0,2,1,1,24,0.4237622320652008,0.20501095056533813,0.25,0.053422775119543076,0.0044106245040893555,1,0.4237622320652008,0.20501095056533813,0.053422775119543076
1784909527.164486,land,0.8918460607528687,-0.046232156455516815,0.21591955748471345,0.880704939365387,-0.00879904255270958,0.291704386472702,1.0443392992019653,0.022720562294125557,0.027570942416787148,1.593723177909851,-0.31753650307655334,3.499706745147705,704,0,0,0.0,1.0119431018829346,0.2556643784046173,4,0.0,0.06471483409404755,0.6422154903411865,-0.24994543194770813,0.009999999776482582,0.009999999776482582,0.0,0.0,0.0,0.0,0.0,0,0,0,0,0,2,1,1,24,0.4237622320652008,0.20501095056533813,0.25,0.053422775119543076,0.0044106245040893555,1,0.4237622320652008,0.20501095056533813,0.053422775119543076
1784909527.188502,land,0.8918460607528687,-0.046232156455516815,0.21231261058287187,0.8828515410423279,-0.007140516769140959,0.28419697284698486,1.0518513917922974,0.02752896212041378,0.014857836998999119,1.7183550596237183,-0.25767338275909424,3.499706745147705,704,0,0,0.0,1.0119431018829346,0.2556643784046173,4,0.0,0.06471483409404755,0.6422154903411865,-0.24994543194770813,0.009999999776482582,0.009999999776482582,0.0,0.0,0.0,0.0,0.0,0,0,0,0,0,2,1,1,24,0.4237622320652008,0.20501095056533813,0.25,0.053422775119543076,0.0044106245040893555,1,0.4237622320652008,0.20501095056533813,0.053422775119543076
1784909527.208797,land,0.8918460607528687,-0.046232156455516815,0.20870566368103025,0.8828515410423279,-0.007140516769140959,0.28419697284698486,1.0518513917922974,0.02752896212041378,0.014857836998999119,1.7183550596237183,-0.25767338275909424,3.499706745147705,706,0,0,0.0,1.0119431018829346,0.25540870428085327,4,0.0,0.06465011835098267,0.6422154903411865,-0.24994543194770813,0.009999999776482582,0.009999999776482582,0.0,0.0,0.0,0.0,0.0,0,0,0,0,0,2,1,1,24,0.4237622320652008,0.20501095056533813,0.25,0.053422775119543076,0.005738317966461182,1,0.4237622320652008,0.20501095056533813,0.053422775119543076
1784909527.2309818,land,0.8918460607528687,-0.046232156455516815,0.20509871677918867,0.885598361492157,-0.00619950657710433,0.27725499868392944,0.9886028170585632,0.02752896212041378,0.014857836998999119,1.7183550596237183,-0.25767338275909424,3.499706745147705,706,0,0,0.0,1.0119431018829346,0.25540870428085327,4,0.0,0.06465011835098267,0.6422154903411865,-0.24994543194770813,0.009999999776482582,0.009999999776482582,0.0,0.0,0.0,0.0,0.0,0,0,0,0,0,2,1,1,24,0.4237622320652008,0.20501095056533813,0.25,0.053422775119543076,0.005738317966461182,1,0.4237622320652008,0.20501095056533813,0.053422775119543076
1784909527.2560709,land,0.8918460607528687,-0.046232156455516815,0.20149176987734704,0.885598361492157,-0.00619950657710433,0.27725499868392944,0.9886028170585632,0.031601544469594955,0.0018978960579261184,1.5467826128005981,-0.1172206848859787,3.499706745147705,706,0,0,0.0,1.0119431018829346,0.25540870428085327,4,0.0,0.06465011835098267,0.6422154903411865,-0.24994543194770813,0.009999999776482582,0.009999999776482582,0.0,0.0,0.0,0.0,0.0,0,0,0,0,0,2,1,1,24,0.4237622320652008,0.20501095056533813,0.25,0.053422775119543076,0.007568001747131348,1,0.4237622320652008,0.20501095056533813,0.053422775119543076
1784909527.281148,land,0.8918460607528687,-0.046232156455516815,0.19788482297550547,0.8862814903259277,-0.008642095141112804,0.26999086141586304,0.927189290523529,0.030565820634365082,-0.01257795374840498,1.407201886177063,0.16198515892028809,3.5049853324890137,706,0,0,0.0,1.0119431018829346,0.25540870428085327,4,0.0,0.06465011835098267,0.6422154903411865,-0.24994543194770813,0.009999999776482582,0.009999999776482582,0.0,0.0,0.0,0.0,0.0,0,0,0,0,0,2,1,1,24,0.4237622320652008,0.20501095056533813,0.25,0.053422775119543076,0.007568001747131348,1,0.4237622320652008,0.20501095056533813,0.053422775119543076
1784909527.302024,land,0.8918460607528687,-0.046232156455516815,0.1942778760736639,0.8862814903259277,-0.008642095141112804,0.26999086141586304,0.927189290523529,0.030565820634365082,-0.01257795374840498,1.407201886177063,0.16198515892028809,3.5049853324890137,707,0,0,0.0,1.0119431018829346,0.25489816069602966,4,0.0,0.06452088803052902,0.6422154903411865,-0.24994543194770813,0.009999999776482582,0.009999999776482582,0.0,0.0,0.0,0.0,0.0,0,0,0,0,0,2,1,1,24,0.4237622320652008,0.20501095056533813,0.25,0.053422775119543076,0.009051620960235596,1,0.4237622320652008,0.20501095056533813,0.053422775119543076
1784909527.324934,land,0.8918460607528687,-0.046232156455516815,0.19067092917182227,0.8862814903259277,-0.008642095141112804,0.26999086141586304,0.927189290523529,0.030565820634365082,-0.01257795374840498,1.407201886177063,0.16198515892028809,3.5049853324890137,707,0,0,0.0,1.0119431018829346,0.25489816069602966,4,0.0,0.06452088803052902,0.6422154903411865,-0.24994543194770813,0.009999999776482582,0.009999999776482582,0.0,0.0,0.0,0.0,0.0,0,0,0,0,0,2,1,1,24,0.4237622320652008,0.20501095056533813,0.25,0.053422775119543076,0.009051620960235596,1,0.4237622320652008,0.20501095056533813,0.053422775119543076
1784909527.34918,land,0.8918460607528687,-0.046232156455516815,0.1870639822699807,0.8963606357574463,-0.012970823794603348,0.26363641023635864,0.8399263620376587,0.04593927785754204,-0.03218504413962364,1.1335698366165161,0.21264396607875824,3.5049853324890137,707,0,0,0.0,1.0119431018829346,0.25489816069602966,4,0.0,0.06452088803052902,0.6422154903411865,-0.24994543194770813,0.009999999776482582,0.009999999776482582,0.0,0.0,0.0,0.0,0.0,0,0,0,0,0,2,1,1,24,0.4237622320652008,0.20501095056533813,0.25,0.053422775119543076,0.019890427589416504,1,0.4237622320652008,0.20501095056533813,0.053422775119543076
1784909527.370328,land,0.8918460607528687,-0.046232156455516815,0.18345703536813907,0.8963606357574463,-0.012970823794603348,0.26363641023635864,0.8399263620376587,0.04593927785754204,-0.03218504413962364,1.1335698366165161,0.21264396607875824,3.5049853324890137,707,0,0,0.0,1.0119431018829346,0.25489816069602966,4,0.0,0.06452088803052902,0.6422154903411865,-0.24994543194770813,0.009999999776482582,0.009999999776482582,0.0,0.0,0.0,0.0,0.0,0,0,0,0,0,2,1,1,24,0.4237622320652008,0.20501095056533813,0.25,0.053422775119543076,0.019890427589416504,1,0.4237622320652008,0.20501095056533813,0.053422775119543076
1784909527.39064,land,0.8918460607528687,-0.046232156455516815,0.1798500884662975,0.8973399996757507,-0.01285112276673317,0.25361794233322144,0.7586554884910583,0.039133451879024506,-0.03315840661525726,0.7037761211395264,0.3856508731842041,3.499706745147705,707,0,0,0.0,1.0119431018829346,0.25489816069602966,4,0.0,0.06452088803052902,0.6422154903411865,-0.24994543194770813,0.009999999776482582,0.009999999776482582,0.0,0.0,0.0,0.0,0.0,0,0,0,0,0,2,1,1,24,0.4237622320652008,0.20501095056533813,0.25,0.053422775119543076,0.019890427589416504,1,0.4237622320652008,0.20501095056533813,0.053422775119543076
1784909527.411283,land,0.8918460607528687,-0.046232156455516815,0.17624314156445586,0.8973399996757507,-0.01285112276673317,0.25361794233322144,0.7586554884910583,0.039133451879024506,-0.03315840661525726,0.7037761211395264,0.3856508731842041,3.499706745147705,708,0,0,0.0,1.0119431018829346,0.2546432614326477,4,0.0,0.06445636600255966,0.6422154903411865,-0.24994544684886932,0.009999999776482582,0.009999999776482582,0.0,0.0,0.0,0.0,0.0,0,0,0,0,0,2,1,1,24,0.4237622320652008,0.20501095056533813,0.25,0.053422775119543076,0.019556522369384766,1,0.4237622320652008,0.20501095056533813,0.053422775119543076
1784909527.433105,land,0.8918460607528687,-0.046232156455516815,0.1726361946626143,0.8963215351104736,-0.011631055735051632,0.24447312951087952,0.7013771533966064,0.031342145055532455,-0.035186078399419785,0.3421507179737091,0.6002390384674072,3.499706745147705,708,0,0,0.0,1.0119431018829346,0.2546432614326477,4,0.0,0.06445636600255966,0.6422154903411865,-0.24994544684886932,0.009999999776482582,0.009999999776482582,0.0,0.0,0.0,0.0,0.0,0,0,0,0,0,2,1,1,24,0.4237622320652008,0.20501095056533813,0.25,0.053422775119543076,0.019556522369384766,1,0.4237622320652008,0.20501095056533813,0.053422775119543076
1784909527.455295,land,0.8918460607528687,-0.046232156455516815,0.16902924776077272,0.8963215351104736,-0.011631055735051632,0.24447312951087952,0.7013771533966064,0.031342145055532455,-0.035186078399419785,0.3421507179737091,0.6002390384674072,3.499706745147705,708,0,0,0.0,1.0119431018829346,0.2546432614326477,4,0.0,0.06445636600255966,0.6422154903411865,-0.24994544684886932,0.009999999776482582,0.009999999776482582,0.0,0.0,0.0,0.0,0.0,0,0,0,0,0,2,1,1,24,0.4237622320652008,0.20501095056533813,0.25,0.053422775119543076,0.019417285919189453,1,0.4237622320652008,0.20501095056533813,0.053422775119543076
1784909527.476675,land,0.8918460607528687,-0.046232156455516815,0.1654223008589311,0.8973497152328491,-0.03090047463774681,0.23833666741847992,0.5968095660209656,0.031342145055532455,-0.035186078399419785,0.3421507179737091,0.6002390384674072,3.499706745147705,708,0,0,0.0,1.0119431018829346,0.2546432614326477,4,0.0,0.06445636600255966,0.6422154903411865,-0.24994544684886932,0.009999999776482582,0.009999999776482582,0.0,0.0,0.0,0.0,0.0,0,0,0,0,0,2,1,1,24,0.4237622320652008,0.20501095056533813,0.25,0.053422775119543076,0.019417285919189453,1,0.4237622320652008,0.20501095056533813,0.053422775119543076
1784909527.498749,land,0.8918460607528687,-0.046232156455516815,0.1618153539570895,0.8973497152328491,-0.03090047463774681,0.23833666741847992,0.5968095660209656,0.02540106326341629,-0.07647871971130371,0.3150523900985718,0.4130198359489441,3.499706745147705,710,0,0,0.0,1.0119431018829346,0.25413423776626587,4,0.0,0.06432752311229706,0.6422154903411865,-0.24994541704654694,0.009999999776482582,0.009999999776482582,0.0,0.0,0.0,0.0,0.0,0,0,0,0,0,2,1,1,24,0.4237622320652008,0.20501095056533813,0.25,0.053422775119543076,0.028870582580566406,1,0.4237622320652008,0.20501095056533813,0.053422775119543076
1784909527.521609,land,0.8918460607528687,-0.046232156455516815,0.15820840705524788,0.8973497152328491,-0.03090047463774681,0.23833666741847992,0.5968095660209656,0.02540106326341629,-0.07647871971130371,0.3150523900985718,0.4130198359489441,3.499706745147705,710,0,0,0.0,1.0119431018829346,0.25413423776626587,4,0.0,0.06432752311229706,0.6422154903411865,-0.24994541704654694,0.009999999776482582,0.009999999776482582,0.0,0.0,0.0,0.0,0.0,0,0,0,0,0,2,1,1,24,0.4237622320652008,0.20501095056533813,0.25,0.053422775119543076,0.028870582580566406,1,0.4237622320652008,0.20501095056533813,0.053422775119543076
1784909527.5466938,land,0.8918460607528687,-0.046232156455516815,0.1546014601534063,0.8976911902427673,-0.028386056423187256,0.22738805413246155,0.5474837422370911,0.020655091851949692,-0.06326564401388168,-0.26814886927604675,0.47081297636032104,3.499706745147705,710,0,0,0.0,1.0119431018829346,0.25413423776626587,4,0.0,0.06432752311229706,0.6422154903411865,-0.24994541704654694,0.009999999776482582,0.009999999776482582,0.0,0.0,0.0,0.0,0.0,0,0,0,0,0,2,1,1,24,0.4237622320652008,0.20501095056533813,0.25,0.053422775119543076,0.028432786464691162,1,0.4237622320652008,0.20501095056533813,0.053422775119543076
1784909527.5678809,land,0.8918460607528687,-0.046232156455516815,0.1509945132515647,0.8976911902427673,-0.028386056423187256,0.22738805413246155,0.5474837422370911,0.020655091851949692,-0.06326564401388168,-0.26814886927604675,0.47081297636032104,3.499706745147705,710,0,0,0.0,1.0119431018829346,0.25413423776626587,4,0.0,0.06432752311229706,0.6422154903411865,-0.24994541704654694,0.009999999776482582,0.009999999776482582,0.0,0.0,0.0,0.0,0.0,0,0,0,0,0,2,1,1,24,0.4237622320652008,0.20501095056533813,0.25,0.053422775119543076,0.028432786464691162,1,0.4237622320652008,0.20501095056533813,0.053422775119543076
1784909527.591873,land,0.8918460607528687,-0.046232156455516815,0.1473875663497231,0.900242805480957,-0.03038439154624939,0.21881060302257538,0.4764059782028198,0.022159472107887268,-0.05751071125268936,-0.5920958518981934,0.3545057475566864,3.4944281578063965,710,0,0,0.0,1.0119431018829346,0.25413423776626587,4,0.0,0.06432752311229706,0.6422154903411865,-0.24994541704654694,0.009999999776482582,0.009999999776482582,0.0,0.0,0.0,0.0,0.0,0,0,0,0,0,2,1,1,24,0.4237622320652008,0.20501095056533813,0.25,0.053422775119543076,0.028432786464691162,1,0.4237622320652008,0.20501095056533813,0.053422775119543076
1784909527.6141682,land,0.8918460607528687,-0.046232156455516815,0.1437806194478815,0.900242805480957,-0.03038439154624939,0.21881060302257538,0.4764059782028198,0.022159472107887268,-0.05751071125268936,-0.5920958518981934,0.3545057475566864,3.4944281578063965,712,0,0,0.0,1.0119431018829346,0.253880113363266,4,0.0,0.06426319479942322,0.6422154903411865,-0.24994541704654694,0.009999999776482582,0.009999999776482582,0.0,0.0,0.0,0.0,0.0,0,0,0,0,0,2,1,1,24,0.4237622320652008,0.20501095056533813,0.25,0.053422775119543076,0.03208428621292114,1,0.4237622320652008,0.20501095056533813,0.053422775119543076
1784909527.638943,land,0.8918460607528687,-0.046232156455516815,0.1401736725460399,0.9033006429672241,-0.03370986878871918,0.20484977960586548,0.4162142276763916,0.02323506399989128,-0.05250151455402374,-0.750900149345398,0.2142324000597,3.4944281578063965,712,0,0,0.0,1.0119431018829346,0.253880113363266,4,0.0,0.06426319479942322,0.6422154903411865,-0.24994541704654694,0.009999999776482582,0.009999999776482582,0.0,0.0,0.0,0.0,0.0,0,0,0,0,0,2,1,1,24,0.4237622320652008,0.20501095056533813,0.25,0.053422775119543076,0.03522402048110962,1,0.4237622320652008,0.20501095056533813,0.053422775119543076
1784909527.659219,land,0.8918460607528687,-0.046232156455516815,0.1365667256441983,0.9033006429672241,-0.03370986878871918,0.20484977960586548,0.4162142276763916,0.02323506399989128,-0.05250151455402374,-0.750900149345398,0.2142324000597,3.4944281578063965,712,0,0,0.0,1.0119431018829346,0.253880113363266,4,0.0,0.06426319479942322,0.6422154903411865,-0.24994541704654694,0.009999999776482582,0.009999999776482582,0.0,0.0,0.0,0.0,0.0,0,0,0,0,0,2,1,1,24,0.4237622320652008,0.20501095056533813,0.25,0.053422775119543076,0.03522402048110962,1,0.4237622320652008,0.20501095056533813,0.053422775119543076
1784909527.684175,land,0.8918460607528687,-0.046232156455516815,0.13295977874235676,0.9052125811576843,-0.03388569504022598,0.19618548452854156,0.3608895540237427,0.022410308942198753,-0.032087113708257675,-0.7744641304016113,0.3005804717540741,3.489149570465088,712,0,0,0.0,1.0119431018829346,0.253880113363266,4,0.0,0.06426319479942322,0.6422154903411865,-0.24994541704654694,0.009999999776482582,0.009999999776482582,0.0,0.0,0.0,0.0,0.0,0,0,0,0,0,2,1,1,24,0.4237622320652008,0.20501095056533813,0.25,0.053422775119543076,0.03522402048110962,1,0.4237622320652008,0.20501095056533813,0.053422775119543076
1784909527.7044659,land,0.8918460607528687,-0.046232156455516815,0.1293528318405151,0.9052125811576843,-0.03388569504022598,0.19618548452854156,0.3608895540237427,0.022410308942198753,-0.032087113708257675,-0.7744641304016113,0.3005804717540741,3.489149570465088,713,0,0,0.0,1.0119431018829346,0.2533726096153259,4,0.0,0.06413473188877106,0.6422154903411865,-0.24994543194770813,0.009999999776482582,0.009999999776482582,0.0,0.0,0.0,0.0,0.0,0,0,0,0,0,2,1,1,24,0.4237622320652008,0.20501095056533813,0.25,0.053422775119543076,0.03589344024658203,1,0.4237622320652008,0.20501095056533813,0.053422775119543076
1784909527.7294059,land,0.8918460607528687,-0.046232156455516815,0.12574588493867356,0.9052125811576843,-0.03388569504022598,0.19618548452854156,0.3608895540237427,0.022410308942198753,-0.032087113708257675,-0.7744641304016113,0.3005804717540741,3.489149570465088,713,0,0,0.0,1.0119431018829346,0.2533726096153259,4,0.0,0.06413473188877106,0.6422154903411865,-0.24994543194770813,0.009999999776482582,0.009999999776482582,0.0,0.0,0.0,0.0,0.0,0,0,0,0,0,2,1,1,24,0.4237622320652008,0.20501095056533813,0.25,0.053422775119543076,0.03589344024658203,1,0.4237622320652008,0.20501095056533813,0.053422775119543076
1784909527.752058,land,0.8918460607528687,-0.046232156455516815,0.1221389380368319,0.9042242765426636,-0.03316515311598778,0.18574665486812592,0.3371867835521698,0.016108525916934013,-0.027622831985354424,-0.5188065767288208,0.16694368422031403,3.489149570465088,713,0,0,0.0,1.0119431018829346,0.2533726096153259,4,0.0,0.06413473188877106,0.6422154903411865,-0.24994543194770813,0.009999999776482582,0.009999999776482582,0.0,0.0,0.0,0.0,0.0,0,0,0,0,0,2,1,1,24,0.4237622320652008,0.20501095056533813,0.25,0.053422775119543076,0.03183579444885254,1,0.4237622320652008,0.20501095056533813,0.053422775119543076
1784909527.774642,land,0.8918460607528687,-0.046232156455516815,0.11853199113499036,0.9042242765426636,-0.03316515311598778,0.18574665486812592,0.3371867835521698,0.016108525916934013,-0.027622831985354424,-0.5188065767288208,0.16694368422031403,3.489149570465088,713,0,0,0.0,1.0119431018829346,0.2533726096153259,4,0.0,0.06413473188877106,0.6422154903411865,-0.24994543194770813,0.009999999776482582,0.009999999776482582,0.0,0.0,0.0,0.0,0.0,0,0,0,0,0,2,1,1,24,0.4237622320652008,0.20501095056533813,0.25,0.053422775119543076,0.03183579444885254,1,0.4237622320652008,0.20501095056533813,0.053422775119543076
1784909527.797812,land,0.8918460607528687,-0.046232156455516815,0.1149250442331487,0.8968397378921509,-0.013338950462639332,0.18260996043682098,0.3348350524902344,-0.008862328715622425,0.040737587958574295,-0.695197582244873,0.22187629342079163,3.4944281578063965,715,0,0,0.0,1.0119431018829346,0.25286611914634705,4,0.0,0.06400652974843979,0.6422154903411865,-0.24994543194770813,0.009999999776482582,0.009999999776482582,0.0,0.0,0.0,0.0,0.0,0,0,0,0,0,2,1,1,24,0.4237622320652008,0.20501095056533813,0.25,0.053422775119543076,0.02078956365585327,1,0.4237622320652008,0.20501095056533813,0.053422775119543076
1784909527.822879,land,0.8918460607528687,-0.046232156455516815,0.11131809733130715,0.8968397378921509,-0.013338950462639332,0.18260996043682098,0.3348350524902344,-0.008862328715622425,0.040737587958574295,-0.695197582244873,0.22187629342079163,3.4944281578063965,715,0,0,0.0,1.0119431018829346,0.25286611914634705,4,0.0,0.06400652974843979,0.6422154903411865,-0.24994543194770813,0.009999999776482582,0.009999999776482582,0.0,0.0,0.0,0.0,0.0,0,0,0,0,0,2,1,1,24,0.4237622320652008,0.20501095056533813,0.25,0.053422775119543076,0.02078956365585327,1,0.4237622320652008,0.20501095056533813,0.053422775119543076
1784909527.845443,land,0.8918460607528687,-0.046232156455516815,0.10771115042946555,0.8969835042953491,-0.011231892742216587,0.17134711146354675,0.28421100974082947,-0.008767601102590561,0.04294626787304878,0.046339333057403564,0.03173857182264328,3.4944281578063965,715,0,0,0.0,1.0119431018829346,0.25286611914634705,4,0.0,0.06400652974843979,0.6422154903411865,-0.24994543194770813,0.009999999776482582,0.009999999776482582,0.0,0.0,0.0,0.0,0.0,0,0,0,0,0,2,1,1,24,0.4237622320652008,0.20501095056533813,0.25,0.053422775119543076,0.020179331302642822,1,0.4237622320652008,0.20501095056533813,0.053422775119543076
1784909527.870519,land,0.8918460607528687,-0.046232156455516815,0.10410420352762395,0.8969835042953491,-0.011231892742216587,0.17134711146354675,0.28421100974082947,-0.008767601102590561,0.04294626787304878,0.046339333057403564,0.03173857182264328,3.4944281578063965,715,0,0,0.0,1.0119431018829346,0.25286611914634705,4,0.0,0.06400652974843979,0.6422154903411865,-0.24994543194770813,0.009999999776482582,0.009999999776482582,0.0,0.0,0.0,0.0,0.0,0,0,0,0,0,2,1,1,24,0.4237622320652008,0.20501095056533813,0.25,0.053422775119543076,0.020179331302642822,1,0.4237622320652008,0.20501095056533813,0.053422775119543076
1784909527.893717,land,0.8918460607528687,-0.046232156455516815,0.10049725662578235,0.8965384364128113,-0.009754572995007038,0.16724517941474915,0.3036445379257202,-0.006935431621968746,0.037168052047491074,1.0157700777053833,-0.15919554233551025,3.499706745147705,716,0,0,0.0,1.0119431018829346,0.25261324644088745,4,0.0,0.06394252181053162,0.6422154903411865,-0.24994543194770813,0.009999999776482582,0.009999999776482582,0.0,0.0,0.0,0.0,0.0,0,0,0,0,0,2,1,1,24,0.4237622320652008,0.20501095056533813,0.25,0.053422775119543076,0.019219934940338135,1,0.4237622320652008,0.20501095056533813,0.053422775119543076
1784909527.9140322,land,0.8918460607528687,-0.046232156455516815,0.09689030972394075,0.8965384364128113,-0.009754572995007038,0.16724517941474915,0.3036445379257202,-0.006935431621968746,0.037168052047491074,1.0157700777053833,-0.15919554233551025,3.499706745147705,716,0,0,0.0,1.0119431018829346,0.25261324644088745,4,0.0,0.06394252181053162,0.6422154903411865,-0.24994544684886932,0.009999999776482582,0.009999999776482582,0.0,0.0,0.0,0.0,0.0,0,0,0,0,0,2,1,1,24,0.4237622320652008,0.20501095056533813,0.25,0.053422775119543076,0.019219934940338135,1,0.4237622320652008,0.20501095056533813,0.053422775119543076
1784909527.939117,land,0.8918460607528687,-0.046232156455516815,0.09328336282209915,0.896600604057312,-0.006506406702101231,0.15837563574314117,0.28740397095680237,-0.0038633851800113916,0.03164927661418915,1.4519052505493164,-0.2415747046470642,3.499706745147705,716,0,0,0.0,1.0119431018829346,0.25261324644088745,4,0.0,0.06394252181053162,0.6422154903411865,-0.24994544684886932,0.009999999776482582,0.009999999776482582,0.0,0.0,0.0,0.0,0.0,0,0,0,0,0,2,1,1,24,0.4237622320652008,0.20501095056533813,0.25,0.053422775119543076,0.018298447132110596,1,0.4237622320652008,0.20501095056533813,0.053422775119543076
1784909527.962821,land,0.8918460607528687,-0.046232156455516815,0.0896764159202576,0.896600604057312,-0.006506406702101231,0.15837563574314117,0.28740397095680237,-0.0038633851800113916,0.03164927661418915,1.4519052505493164,-0.2415747046470642,3.499706745147705,716,0,0,0.0,1.0119431018829346,0.25261324644088745,4,0.0,0.06394252181053162,0.6422154903411865,-0.24994544684886932,0.009999999776482582,0.009999999776482582,0.0,0.0,0.0,0.0,0.0,0,0,0,0,0,2,1,1,24,0.4237622320652008,0.20501095056533813,0.25,0.053422775119543076,0.018298447132110596,1,0.4237622320652008,0.20501095056533813,0.053422775119543076
1784909527.9868999,land,0.8918460607528687,-0.046232156455516815,0.08606946901841594,0.8985298275947571,-0.006389901973307133,0.1512279361486435,0.1746659129858017,0.009380439296364784,0.014391805045306683,1.661672592163086,-0.4802006781101227,3.499706745147705,716,0,0,0.0,1.0119431018829346,0.25261324644088745,4,0.0,0.06394252181053162,0.6422154903411865,-0.24994544684886932,0.009999999776482582,0.009999999776482582,0.0,0.0,0.0,0.0,0.0,0,0,0,0,0,2,1,1,24,0.4237622320652008,0.20501095056533813,0.25,0.053422775119543076,0.018298447132110596,1,0.4237622320652008,0.20501095056533813,0.053422775119543076
1784909528.00881,land,0.8918460607528687,-0.046232156455516815,0.0824625221165744,0.8985298275947571,-0.006389901973307133,0.1512279361486435,0.1746659129858017,0.009380439296364784,0.014391805045306683,1.661672592163086,-0.4802006781101227,3.499706745147705,718,0,0,0.0,1.0119431018829346,0.25210827589035034,4,0.0,0.06381469964981079,0.6422154903411865,-0.24994541704654694,0.009999999776482582,0.009999999776482582,0.0,0.0,0.0,0.0,0.0,0,0,0,0,0,2,1,1,24,0.4237622320652008,0.20501095056533813,0.25,0.053422775119543076,0.019734978675842285,1,0.4237622320652008,0.20501095056533813,0.053422775119543076
1784909528.029443,land,0.8918460607528687,-0.046232156455516815,0.07885557521473274,0.8985298275947571,-0.006389901973307133,0.1512279361486435,0.1746659129858017,0.009380439296364784,0.014391805045306683,1.661672592163086,-0.4802006781101227,3.499706745147705,718,0,0,0.0,1.0119431018829346,0.25210827589035034,4,0.0,0.06381469964981079,0.6422154903411865,-0.24994541704654694,0.009999999776482582,0.009999999776482582,0.0,0.0,0.0,0.0,0.0,0,0,0,0,0,2,1,1,24,0.4237622320652008,0.20501095056533813,0.25,0.053422775119543076,0.019734978675842285,1,0.4237622320652008,0.20501095056533813,0.053422775119543076
1784909528.052499,land,0.8918460607528687,-0.046232156455516815,0.0752486283128912,0.9017724990844727,-0.011812692508101463,0.13999199867248535,0.09666091203689575,0.029940767213702202,-0.032466135919094086,1.7477281093597412,-0.33028164505958557,3.499706745147705,718,0,0,0.0,1.0119431018829346,0.25210827589035034,4,0.0,0.06381469964981079,0.6422154903411865,-0.24994541704654694,0.009999999776482582,0.009999999776482582,0.0,0.0,0.0,0.0,0.0,0,0,0,0,0,2,1,1,24,0.4237622320652008,0.20501095056533813,0.25,0.053422775119543076,0.024489104747772217,1,0.4237622320652008,0.20501095056533813,0.053422775119543076
1784909528.07297,land,0.8918460607528687,-0.046232156455516815,0.07164168141104954,0.9017724990844727,-0.011812692508101463,0.13999199867248535,0.09666091203689575,0.029940767213702202,-0.032466135919094086,1.7477281093597412,-0.33028164505958557,3.499706745147705,718,0,0,0.0,1.0119431018829346,0.25210827589035034,4,0.0,0.06381469964981079,0.6422154903411865,-0.24994541704654694,0.009999999776482582,0.009999999776482582,0.0,0.0,0.0,0.0,0.0,0,0,0,0,0,2,1,1,24,0.4237622320652008,0.20501095056533813,0.25,0.053422775119543076,0.024489104747772217,1,0.4237622320652008,0.20501095056533813,0.053422775119543076
1784909528.097631,land,0.8918460607528687,-0.046232156455516815,0.068034734509208,0.9028518795967102,-0.012162821367383003,0.13282032310962677,-0.05444614961743355,0.02991717867553234,-0.0392313078045845,1.3517955541610718,-0.31400105357170105,3.4944281578063965,719,0,0,0.0,1.0119431018829346,0.2518561780452728,4,0.0,0.06375088542699814,0.6422154903411865,-0.24994541704654694,0.009999999776482582,0.009999999776482582,0.0,0.0,0.0,0.0,0.0,0,0,0,0,0,2,1,1,24,0.4237622320652008,0.20501095056533813,0.25,0.053422775119543076,0.026308178901672363,1,0.4237622320652008,0.20501095056533813,0.053422775119543076
1784909528.122784,land,0.8918460607528687,-0.046232156455516815,0.0644277876073664,0.9028518795967102,-0.012162821367383003,0.13282032310962677,-0.05444614961743355,0.02991717867553234,-0.0392313078045845,1.3517955541610718,-0.31400105357170105,3.4944281578063965,719,0,0,0.0,1.0119431018829346,0.2518561780452728,4,0.0,0.06375088542699814,0.6422154903411865,-0.24994541704654694,0.009999999776482582,0.009999999776482582,0.0,0.0,0.0,0.0,0.0,0,0,0,0,0,2,1,1,24,0.4237622320652008,0.20501095056533813,0.25,0.053422775119543076,0.026308178901672363,1,0.4237622320652008,0.20501095056533813,0.053422775119543076
1784909528.146633,land,0.8918460607528687,-0.046232156455516815,0.06082084070552479,0.9041662216186523,-0.014896603301167488,0.12226561456918716,-0.23573577404022217,0.027627507224678993,-0.04885765165090561,0.7747393846511841,0.047163862735033035,3.4944281578063965,719,0,0,0.0,1.0119431018829346,0.2518561780452728,4,0.0,0.06375088542699814,0.6422154903411865,-0.24994541704654694,0.009999999776482582,0.009999999776482582,0.0,0.0,0.0,0.0,0.0,0,0,0,0,0,2,1,1,24,0.4237622320652008,0.20501095056533813,0.25,0.053422775119543076,0.028133749961853027,1,0.4237622320652008,0.20501095056533813,0.053422775119543076
1784909528.1716962,land,0.8918460607528687,-0.046232156455516815,0.05721389380368319,0.9041662216186523,-0.014896603301167488,0.12226561456918716,-0.23573577404022217,0.027627507224678993,-0.04885765165090561,0.7747393846511841,0.047163862735033035,3.4944281578063965,719,0,0,0.0,1.0119431018829346,0.2518561780452728,4,0.0,0.06375088542699814,0.6422154903411865,-0.24994541704654694,0.009999999776482582,0.009999999776482582,0.0,0.0,0.0,0.0,0.0,0,0,0,0,0,2,1,1,24,0.4237622320652008,0.20501095056533813,0.25,0.053422775119543076,0.028133749961853027,1,0.4237622320652008,0.20501095056533813,0.053422775119543076
1784909528.1967602,land,0.8918460607528687,-0.046232156455516815,0.05360694690184159,0.9049267768859863,-0.017029594630002975,0.11230184882879257,-0.4597463607788086,0.017950892448425293,-0.0517299585044384,0.24594487249851227,0.2854230999946594,3.489149570465088,720,0,0,0.0,1.0119431018829346,0.2516043186187744,4,0.0,0.06368713825941086,0.6422154903411865,-0.24994543194770813,0.009999999776482582,0.009999999776482582,0.0,0.0,0.0,0.0,0.0,0,0,0,0,0,2,1,1,24,0.4237622320652008,0.20501095056533813,0.25,0.053422775119543076,0.030018091201782227,1,0.4237622320652008,0.20501095056533813,0.053422775119543076
1784909528.217872,land,0.8918460607528687,-0.046232156455516815,0.04999999999999999,0.9049267768859863,-0.017029594630002975,0.11230184882879257,-0.4597463607788086,0.017950892448425293,-0.0517299585044384,0.24594487249851227,0.2854230999946594,3.489149570465088,720,0,0,0.0,1.0119431018829346,0.2516043186187744,4,0.0,0.06368713825941086,0.6422154903411865,-0.24994543194770813,0.009999999776482582,0.009999999776482582,0.0,0.0,0.0,0.0,0.0,0,0,0,0,0,2,1,1,24,0.4237622320652008,0.20501095056533813,0.25,0.053422775119543076,0.030018091201782227,1,0.4237622320652008,0.20501095056533813,0.053422775119543076
