cmd_x,cmd_y,cmd_yaw_deg,cmd_z,host_time,mpcDiag.outVio,mpcDiag.outX,mpcDiag.outY,mpcDiag.outZ,mpcDiag.safe,mpcDiag.yawCmd,obs.duaRes,obs.iter,obs.mpcUs,obs.priRes,obs.rho,phase,pm.vbat,stateEstimate.vx,stateEstimate.vy,stateEstimate.x,stateEstimate.y,stateEstimate.yaw,stateEstimate.z,testPlane.applied,testPlane.ax,testPlane.ay,testPlane.az,testPlane.b,testPlane.nCstr,testPlane.valid,testPlane.worstK,testPlaneVio.output,testPlaneVio.plan,testPlaneVio.state
0.0,0.0,0.0,0.05,1785362569.767083,0.0,0.0,0.0,0.0,0,0.0,0.0,0,0,0.0,0.0,takeoff,4.1331377029418945,-0.004594034049659967,0.0066823349334299564,-0.00018701551016420126,0.0009452386293560266,0.0192622859030962,0.011854234151542187,0,0.0,0.0,0.0,0.0,0,0,0,0.0,0.0,0.0
0.0,0.0,0.0,0.05454545454545455,1785362569.788363,0.0,0.0,0.0,0.0,0,0.0,0.0,0,0,0.0,0.0,takeoff,4.1331377029418945,-0.0010953564196825027,-0.0035854496527463198,0.000606248271651566,-0.0008597841951996088,0.020312989130616188,0.011653612367808819,0,0.0,0.0,0.0,0.0,0,0,0,0.0,0.0,0.0
0.0,0.0,0.0,0.0590909090909091,1785362569.8126678,0.0,0.0,0.0,0.0,0,0.0,0.0,0,0,0.0,0.0,takeoff,4.1331377029418945,-0.0010953564196825027,-0.0035854496527463198,0.000606248271651566,-0.0008597841951996088,0.020312989130616188,0.011653612367808819,0,0.0,0.0,0.0,0.0,0,0,0,0.0,0.0,0.0
0.0,0.0,0.0,0.06363636363636364,1785362569.8344152,0.0,0.0,0.0,0.0,0,0.0,0.0,0,0,0.0,0.0,takeoff,4.1331377029418945,-0.007489629089832306,0.003990106750279665,-0.00025107385590672493,0.0006731288158334792,0.02682577818632126,0.011105885729193687,0,0.0,0.0,0.0,0.0,0,0,0,0.0,0.0,0.0
0.0,0.0,0.0,0.06818181818181819,1785362569.858366,0.0,0.0,0.0,0.0,0,0.0,0.0,0,0,0.0,0.0,takeoff,4.1331377029418945,-0.007489629089832306,0.003990106750279665,-0.00025107385590672493,0.0006731288158334792,0.02682577818632126,0.011105885729193687,0,0.0,0.0,0.0,0.0,0,0,0,0.0,0.0,0.0
0.0,0.0,0.0,0.07272727272727272,1785362569.881361,0.0,0.0,0.0,0.0,0,0.0,0.0,0,0,0.0,0.0,takeoff,4.1331377029418945,-0.011413289234042168,0.002869798569008708,-0.000637412944342941,0.0006651778821833432,0.035563550889492035,0.011719854548573494,0,0.0,0.0,0.0,0.0,0,0,0,0.0,0.0,0.0
0.0,0.0,0.0,0.07727272727272727,1785362569.90537,0.0,0.0,0.0,0.0,0,0.0,0.0,0,0,0.0,0.0,takeoff,3.943108558654785,-0.011413289234042168,0.002869798569008708,-0.000637412944342941,0.0006651778821833432,0.035563550889492035,0.011719854548573494,0,0.0,0.0,0.0,0.0,0,0,0,0.0,0.0,0.0
0.0,0.0,0.0,0.08181818181818182,1785362569.929319,0.0,0.0,0.0,0.0,0,0.0,0.0,0,0,0.0,0.0,takeoff,3.943108558654785,-0.011413289234042168,0.002869798569008708,-0.000637412944342941,0.0006651778821833432,0.035563550889492035,0.011719854548573494,0,0.0,0.0,0.0,0.0,0,0,0,0.0,0.0,0.0
0.0,0.0,0.0,0.08636363636363636,1785362569.951581,0.0,0.0,0.0,0.0,0,0.0,0.0,0,0,0.0,0.0,takeoff,3.943108558654785,-0.02694002166390419,0.0035852028522640467,-0.0034864582121372223,0.0009172178106382489,0.10667920857667923,0.0133546506986022,0,0.0,0.0,0.0,0.0,0,0,0,0.0,0.0,0.0
0.0,0.0,0.0,0.09090909090909091,1785362569.9760902,0.0,0.0,0.0,0.0,0,0.0,0.0,0,0,0.0,0.0,takeoff,3.943108558654785,-0.02694002166390419,0.0035852028522640467,-0.0034864582121372223,0.0009172178106382489,0.10667920857667923,0.0133546506986022,0,0.0,0.0,0.0,0.0,0,0,0,0.0,0.0,0.0
0.0,0.0,0.0,0.09545454545454546,1785362569.996346,0.0,0.0,0.0,0.0,0,0.0,0.0,0,0,0.0,0.0,takeoff,3.943108558654785,-0.03138319402933121,-0.002991053741425276,-0.004968876484781504,-0.00027892112848348916,0.23218770325183868,0.013574707321822643,0,0.0,0.0,0.0,0.0,0,0,0,0.0,0.0,0.0
0.0,0.0,0.0,0.1,1785362570.019296,0.0,0.0,0.0,0.0,0,0.0,0.0,0,0,0.0,0.0,takeoff,3.943108558654785,-0.03138319402933121,-0.002991053741425276,-0.004968876484781504,-0.00027892112848348916,0.23218770325183868,0.013574707321822643,0,0.0,0.0,0.0,0.0,0,0,0,0.0,0.0,0.0
0.0,0.0,0.0,0.10454545454545455,1785362570.0414,0.0,0.0,0.0,0.0,0,0.0,0.0,0,0,0.0,0.0,takeoff,3.943108558654785,-0.044831741601228714,-0.0059598213993012905,-0.00846194475889206,-0.000675060844514519,0.31456440687179565,0.01325871329754591,0,0.0,0.0,0.0,0.0,0,0,0,0.0,0.0,0.0
0.0,0.0,0.0,0.1090909090909091,1785362570.065862,0.0,0.0,0.0,0.0,0,0.0,0.0,0,0,0.0,0.0,takeoff,3.943108558654785,-0.044831741601228714,-0.0059598213993012905,-0.00846194475889206,-0.000675060844514519,0.31456440687179565,0.01325871329754591,0,0.0,0.0,0.0,0.0,0,0,0,0.0,0.0,0.0
0.0,0.0,0.0,0.11363636363636363,1785362570.089803,0.0,0.0,0.0,0.0,0,0.0,0.0,0,0,0.0,0.0,takeoff,3.943108558654785,-0.027395015582442284,0.01764434389770031,-0.006295149214565754,0.004226493649184704,0.4329361021518707,0.013987510465085506,0,0.0,0.0,0.0,0.0,0,0,0,0.0,0.0,0.0
0.0,0.0,0.0,0.1181818181818182,1785362570.114808,0.0,0.0,0.0,0.0,0,0.0,0.0,0,0,0.0,0.0,takeoff,3.943108558654785,-0.027395015582442284,0.01764434389770031,-0.006295149214565754,0.004226493649184704,0.4329361021518707,0.013987510465085506,0,0.0,0.0,0.0,0.0,0,0,0,0.0,0.0,0.0
0.0,0.0,0.0,0.12272727272727274,1785362570.1364312,0.0,0.0,0.0,0.0,0,0.0,0.0,0,0,0.0,0.0,takeoff,3.943108558654785,-0.03140135109424591,9.47260923567228e-05,-0.008651021867990494,0.0019500568741932511,0.5685803294181824,0.013103291392326355,0,0.0,0.0,0.0,0.0,0,0,0,0.0,0.0,0.0
0.0,0.0,0.0,0.12727272727272726,1785362570.15745,0.0,0.0,0.0,0.0,0,0.0,0.0,0,0,0.0,0.0,takeoff,3.943108558654785,-0.03140135109424591,9.47260923567228e-05,-0.008651021867990494,0.0019500568741932511,0.5685803294181824,0.013103291392326355,0,0.0,0.0,0.0,0.0,0,0,0,0.0,0.0,0.0
0.0,0.0,0.0,0.13181818181818183,1785362570.179095,0.0,0.0,0.0,0.0,0,0.0,0.0,0,0,0.0,0.0,takeoff,3.943108558654785,-0.03140135109424591,9.47260923567228e-05,-0.008651021867990494,0.0019500568741932511,0.5685803294181824,0.013103291392326355,0,0.0,0.0,0.0,0.0,0,0,0,0.0,0.0,0.0
0.0,0.0,0.0,0.13636363636363635,1785362570.201162,0.0,0.0,0.0,0.0,0,0.0,0.0,0,0,0.0,0.0,takeoff,3.921994209289551,-0.010280661284923553,-0.07290723919868469,-0.00667294766753912,-0.013210962526500225,0.6853618621826172,0.008794747292995453,0,0.0,0.0,0.0,0.0,0,0,0,0.0,0.0,0.0
0.0,0.0,0.0,0.14090909090909093,1785362570.221385,0.0,0.0,0.0,0.0,0,0.0,0.0,0,0,0.0,0.0,takeoff,3.921994209289551,-0.010280661284923553,-0.07290723919868469,-0.00667294766753912,-0.013210962526500225,0.6853618621826172,0.008794747292995453,0,0.0,0.0,0.0,0.0,0,0,0,0.0,0.0,0.0
0.0,0.0,0.0,0.14545454545454545,1785362570.243482,0.0,0.0,0.0,0.0,0,0.0,0.0,0,0,0.0,0.0,takeoff,3.921994209289551,0.02090628072619438,-0.11882942914962769,-0.0012635071761906147,-0.02614661306142807,0.6675276160240173,0.0035083992406725883,0,0.0,0.0,0.0,0.0,0,0,0,0.0,0.0,0.0
0.0,0.0,0.0,0.15,1785362570.264472,0.0,0.0,0.0,0.0,0,0.0,0.0,0,0,0.0,0.0,takeoff,3.921994209289551,0.02090628072619438,-0.11882942914962769,-0.0012635071761906147,-0.02614661306142807,0.6675276160240173,0.0035083992406725883,0,0.0,0.0,0.0,0.0,0,0,0,0.0,0.0,0.0
0.0,0.0,0.0,0.15454545454545454,1785362570.287376,0.0,0.0,0.0,0.0,0,0.0,0.0,0,0,0.0,0.0,takeoff,3.9114370346069336,0.04223580285906792,-0.13055361807346344,0.0041576712392270565,-0.03522256389260292,0.6714004874229431,0.0033952335361391306,0,0.0,0.0,0.0,0.0,0,0,0,0.0,0.0,0.0
0.0,0.0,0.0,0.15909090909090912,1785362570.309265,0.0,0.0,0.0,0.0,0,0.0,0.0,0,0,0.0,0.0,takeoff,3.9114370346069336,0.04223580285906792,-0.13055361807346344,0.0041576712392270565,-0.03522256389260292,0.6714004874229431,0.0033952335361391306,0,0.0,0.0,0.0,0.0,0,0,0,0.0,0.0,0.0
0.0,0.0,0.0,0.16363636363636364,1785362570.333455,0.0,0.0,0.0,0.0,0,0.0,0.0,0,0,0.0,0.0,takeoff,3.9114370346069336,0.019153259694576263,-0.10445579141378403,0.0015303927939385176,-0.0393458791077137,0.6337592601776123,0.007101316936314106,0,0.0,0.0,0.0,0.0,0,0,0,0.0,0.0,0.0
0.0,0.0,0.0,0.1681818181818182,1785362570.358537,0.0,0.0,0.0,0.0,0,0.0,0.0,0,0,0.0,0.0,takeoff,3.9114370346069336,0.019153259694576263,-0.10445579141378403,0.0015303927939385176,-0.0393458791077137,0.6337592601776123,0.007101316936314106,0,0.0,0.0,0.0,0.0,0,0,0,0.0,0.0,0.0
0.0,0.0,0.0,0.17272727272727273,1785362570.382758,0.0,0.0,0.0,0.0,0,0.0,0.0,0,0,0.0,0.0,takeoff,3.9114370346069336,0.045855309814214706,-0.022703034803271294,0.009117512963712215,-0.03264839947223663,0.6286210417747498,0.015160013921558857,0,0.0,0.0,0.0,0.0,0,0,0,0.0,0.0,0.0
0.0,0.0,0.0,0.17727272727272725,1785362570.4043908,0.0,0.0,0.0,0.0,0,0.0,0.0,0,0,0.0,0.0,takeoff,3.916715621948242,0.045855309814214706,-0.022703034803271294,0.009117512963712215,-0.03264839947223663,0.6286210417747498,0.015160013921558857,0,0.0,0.0,0.0,0.0,0,0,0,0.0,0.0,0.0
0.0,0.0,0.0,0.18181818181818182,1785362570.426452,0.0,0.0,0.0,0.0,0,0.0,0.0,0,0,0.0,0.0,takeoff,3.916715621948242,0.045855309814214706,-0.022703034803271294,0.009117512963712215,-0.03264839947223663,0.6286210417747498,0.015160013921558857,0,0.0,0.0,0.0,0.0,0,0,0,0.0,0.0,0.0
0.0,0.0,0.0,0.1863636363636364,1785362570.448502,0.0,0.0,0.0,0.0,0,0.0,0.0,0,0,0.0,0.0,takeoff,3.916715621948242,0.06063896417617798,0.04007124528288841,0.01571056619286537,-0.026549682021141052,0.6612306833267212,0.0271155908703804,0,0.0,0.0,0.0,0.0,0,0,0,0.0,0.0,0.0
0.0,0.0,0.0,0.19090909090909092,1785362570.471837,0.0,0.0,0.0,0.0,0,0.0,0.0,0,0,0.0,0.0,takeoff,3.916715621948242,0.06063896417617798,0.04007124528288841,0.01571056619286537,-0.026549682021141052,0.6612306833267212,0.0271155908703804,0,0.0,0.0,0.0,0.0,0,0,0,0.0,0.0,0.0
0.0,0.0,0.0,0.1954545454545455,1785362570.495913,0.0,0.0,0.0,0.0,0,0.0,0.0,0,0,0.0,0.0,takeoff,3.9272727966308594,0.0474201999604702,0.09371523559093475,0.01729399897158146,-0.018349679186940193,0.6439879536628723,0.040209341794252396,0,0.0,0.0,0.0,0.0,0,0,0,0.0,0.0,0.0
0.0,0.0,0.0,0.2,1785362570.518389,0.0,0.0,0.0,0.0,0,0.0,0.0,0,0,0.0,0.0,takeoff,3.9272727966308594,0.0474201999604702,0.09371523559093475,0.01729399897158146,-0.018349679186940193,0.6439879536628723,0.040209341794252396,0,0.0,0.0,0.0,0.0,0,0,0,0.0,0.0,0.0
0.0,0.0,0.0,0.20454545454545453,1785362570.542372,0.0,0.0,0.0,0.0,0,0.0,0.0,0,0,0.0,0.0,takeoff,3.9272727966308594,0.02632668986916542,0.12212813645601273,0.01812293939292431,-0.011182131245732307,0.612163782119751,0.0626688003540039,0,0.0,0.0,0.0,0.0,0,0,0,0.0,0.0,0.0
0.0,0.0,0.0,0.2090909090909091,1785362570.567465,0.0,0.0,0.0,0.0,0,0.0,0.0,0,0,0.0,0.0,takeoff,3.9272727966308594,0.02632668986916542,0.12212813645601273,0.01812293939292431,-0.011182131245732307,0.612163782119751,0.0626688003540039,0,0.0,0.0,0.0,0.0,0,0,0,0.0,0.0,0.0
0.0,0.0,0.0,0.21363636363636362,1785362570.592371,0.0,0.0,0.0,0.0,0,0.0,0.0,0,0,0.0,0.0,takeoff,3.9378299713134766,-0.0013802185421809554,0.1303851306438446,0.016953473910689354,-0.004529820755124092,0.5676091313362122,0.07712177187204361,0,0.0,0.0,0.0,0.0,0,0,0,0.0,0.0,0.0
0.0,0.0,0.0,0.2181818181818182,1785362570.617431,0.0,0.0,0.0,0.0,0,0.0,0.0,0,0,0.0,0.0,takeoff,3.9378299713134766,-0.0013802185421809554,0.1303851306438446,0.016953473910689354,-0.004529820755124092,0.5676091313362122,0.07712177187204361,0,0.0,0.0,0.0,0.0,0,0,0,0.0,0.0,0.0
0.0,0.0,0.0,0.22272727272727272,1785362570.6392372,0.0,0.0,0.0,0.0,0,0.0,0.0,0,0,0.0,0.0,takeoff,3.9378299713134766,-0.01861582137644291,0.12453998625278473,0.015428583137691021,0.0001648651232244447,0.5320315957069397,0.08658286184072495,0,0.0,0.0,0.0,0.0,0,0,0,0.0,0.0,0.0
0.0,0.0,0.0,0.2272727272727273,1785362570.662394,0.0,0.0,0.0,0.0,0,0.0,0.0,0,0,0.0,0.0,takeoff,3.9378299713134766,-0.01861582137644291,0.12453998625278473,0.015428583137691021,0.0001648651232244447,0.5320315957069397,0.08658286184072495,0,0.0,0.0,0.0,0.0,0,0,0,0.0,0.0,0.0
0.0,0.0,0.0,0.2318181818181818,1785362570.686382,0.0,0.0,0.0,0.0,0,0.0,0.0,0,0,0.0,0.0,takeoff,3.9378299713134766,-0.034015681594610214,0.10804124176502228,0.01319381408393383,0.00530735170468688,0.5193288922309875,0.09488803893327713,0,0.0,0.0,0.0,0.0,0,0,0,0.0,0.0,0.0
0.0,0.0,0.0,0.2363636363636364,1785362570.710909,0.0,0.0,0.0,0.0,0,0.0,0.0,0,0,0.0,0.0,takeoff,3.916715621948242,-0.034015681594610214,0.10804124176502228,0.01319381408393383,0.00530735170468688,0.5193288922309875,0.09488803893327713,0,0.0,0.0,0.0,0.0,0,0,0,0.0,0.0,0.0
0.0,0.0,0.0,0.2409090909090909,1785362570.7334778,0.0,0.0,0.0,0.0,0,0.0,0.0,0,0,0.0,0.0,takeoff,3.916715621948242,-0.04356169328093529,0.08447742462158203,0.010827827267348766,0.00900003220885992,0.5385826230049133,0.09840372204780579,0,0.0,0.0,0.0,0.0,0,0,0,0.0,0.0,0.0
0.0,0.0,0.0,0.24545454545454548,1785362570.758434,0.0,0.0,0.0,0.0,0,0.0,0.0,0,0,0.0,0.0,takeoff,3.916715621948242,-0.04356169328093529,0.08447742462158203,0.010827827267348766,0.00900003220885992,0.5385826230049133,0.09840372204780579,0,0.0,0.0,0.0,0.0,0,0,0,0.0,0.0,0.0
0.0,0.0,0.0,0.25,1785362570.783373,0.0,0.0,0.0,0.0,0,0.0,0.0,0,0,0.0,0.0,takeoff,3.916715621948242,-0.04704170301556587,0.0510268434882164,0.008580831810832024,0.010481229051947594,0.5849165320396423,0.10310976952314377,0,0.0,0.0,0.0,0.0,0,0,0,0.0,0.0,0.0
0.0,0.0,0.0,0.2545454545454545,1785362570.805423,0.0,0.0,0.0,0.0,0,0.0,0.0,0,0,0.0,0.0,takeoff,3.8850440979003906,-0.04704170301556587,0.0510268434882164,0.008580831810832024,0.010481229051947594,0.5849165320396423,0.10310976952314377,0,0.0,0.0,0.0,0.0,0,0,0,0.0,0.0,0.0
0.0,0.0,0.0,0.2590909090909091,1785362570.828374,0.0,0.0,0.0,0.0,0,0.0,0.0,0,0,0.0,0.0,takeoff,3.8850440979003906,-0.04704170301556587,0.0510268434882164,0.008580831810832024,0.010481229051947594,0.5849165320396423,0.10310976952314377,0,0.0,0.0,0.0,0.0,0,0,0,0.0,0.0,0.0
0.0,0.0,0.0,0.26363636363636367,1785362570.851412,0.0,0.0,0.0,0.0,0,0.0,0.0,0,0,0.0,0.0,takeoff,3.8850440979003906,-0.04446562007069588,0.01569645293056965,0.0070001520216465,0.009759346023201942,0.6132312417030334,0.10044766962528229,0,0.0,0.0,0.0,0.0,0,0,0,0.0,0.0,0.0
0.0,0.0,0.0,0.2681818181818182,1785362570.872364,0.0,0.0,0.0,0.0,0,0.0,0.0,0,0,0.0,0.0,takeoff,3.8850440979003906,-0.04446562007069588,0.01569645293056965,0.0070001520216465,0.009759346023201942,0.6132312417030334,0.10044766962528229,0,0.0,0.0,0.0,0.0,0,0,0,0.0,0.0,0.0
0.0,0.0,0.0,0.27272727272727276,1785362570.893475,0.0,0.0,0.0,0.0,0,0.0,0.0,0,0,0.0,0.0,takeoff,3.8639297485351562,-0.04023389890789986,-0.009699253365397453,0.005299451760947704,0.009033441543579102,0.6347633004188538,0.09861869364976883,0,0.0,0.0,0.0,0.0,0,0,0,0.0,0.0,0.0
0.0,0.0,0.0,0.2772727272727273,1785362570.918549,0.0,0.0,0.0,0.0,0,0.0,0.0,0,0,0.0,0.0,takeoff,3.8639297485351562,-0.04023389890789986,-0.009699253365397453,0.005299451760947704,0.009033441543579102,0.6347633004188538,0.09861869364976883,0,0.0,0.0,0.0,0.0,0,0,0,0.0,0.0,0.0
0.0,0.0,0.0,0.2818181818181818,1785362570.939374,0.0,0.0,0.0,0.0,0,0.0,0.0,0,0,0.0,0.0,takeoff,3.8639297485351562,-0.03420862555503845,-0.03340607136487961,0.003649936756119132,0.006783323362469673,0.6623461246490479,0.09958459436893463,0,0.0,0.0,0.0,0.0,0,0,0,0.0,0.0,0.0
0.0,0.0,0.0,0.2863636363636364,1785362570.9613671,0.0,0.0,0.0,0.0,0,0.0,0.0,0,0,0.0,0.0,takeoff,3.8639297485351562,-0.03420862555503845,-0.03340607136487961,0.003649936756119132,0.006783323362469673,0.6623461246490479,0.09958459436893463,0,0.0,0.0,0.0,0.0,0,0,0,0.0,0.0,0.0
0.0,0.0,0.0,0.2909090909090909,1785362570.9844291,0.0,0.0,0.0,0.0,0,0.0,0.0,0,0,0.0,0.0,takeoff,3.8639297485351562,-0.02556196041405201,-0.047710441052913666,0.002738477662205696,0.004153739660978317,0.6886268258094788,0.10453592985868454,0,0.0,0.0,0.0,0.0,0,0,0,0.0,0.0,0.0
0.0,0.0,0.0,0.29545454545454547,1785362571.0089118,0.0,0.0,0.0,0.0,0,0.0,0.0,0,0,0.0,0.0,takeoff,3.869208335876465,-0.02556196041405201,-0.047710441052913666,0.002738477662205696,0.004153739660978317,0.6886268258094788,0.10453592985868454,0,0.0,0.0,0.0,0.0,0,0,0,0.0,0.0,0.0
0.0,0.0,0.0,0.3,1785362571.033986,0.0,0.0,0.0,0.0,0,0.0,0.0,0,0,0.0,0.0,takeoff,3.869208335876465,-0.02556196041405201,-0.047710441052913666,0.002738477662205696,0.004153739660978317,0.6886268258094788,0.10453592985868454,0,0.0,0.0,0.0,0.0,0,0,0,0.0,0.0,0.0
0.0,0.0,0.0,0.3045454545454545,1785362571.061895,0.0,0.0,0.0,0.0,0,0.0,0.0,0,0,0.0,0.0,takeoff,3.869208335876465,-0.02556196041405201,-0.047710441052913666,0.002738477662205696,0.004153739660978317,0.6886268258094788,0.10453592985868454,0,0.0,0.0,0.0,0.0,0,0,0,0.0,0.0,0.0
0.0,0.0,0.0,0.3090909090909091,1785362571.086613,0.0,0.0,0.0,0.0,0,0.0,0.0,0,0,0.0,0.0,takeoff,3.869208335876465,-0.01830245740711689,-0.05496865510940552,-7.326382183237001e-05,-0.0015931709203869104,0.7324826121330261,0.12312106788158417,0,0.0,0.0,0.0,0.0,0,0,0,0.0,0.0,0.0
0.0,0.0,0.0,0.31363636363636366,1785362571.109063,0.0,0.0,0.0,0.0,0,0.0,0.0,0,0,0.0,0.0,takeoff,3.8850440979003906,-0.01830245740711689,-0.05496865510940552,-7.326382183237001e-05,-0.0015931709203869104,0.7324826121330261,0.12312106788158417,0,0.0,0.0,0.0,0.0,0,0,0,0.0,0.0,0.0
0.0,0.0,0.0,0.3181818181818182,1785362571.133416,0.0,0.0,0.0,0.0,0,0.0,0.0,0,0,0.0,0.0,takeoff,3.8850440979003906,-0.012393148615956306,-0.047803845256567,-0.00046417955309152603,-0.0036820382811129093,0.7752140760421753,0.13427816331386566,0,0.0,0.0,0.0,0.0,0,0,0,0.0,0.0,0.0
0.0,0.0,0.0,0.32272727272727275,1785362571.158488,0.0,0.0,0.0,0.0,0,0.0,0.0,0,0,0.0,0.0,takeoff,3.8850440979003906,-0.012393148615956306,-0.047803845256567,-0.00046417955309152603,-0.0036820382811129093,0.7752140760421753,0.13427816331386566,0,0.0,0.0,0.0,0.0,0,0,0,0.0,0.0,0.0
0.0,0.0,0.0,0.32727272727272727,1785362571.1808262,0.0,0.0,0.0,0.0,0,0.0,0.0,0,0,0.0,0.0,takeoff,3.8850440979003906,-0.012751997448503971,-0.026736054569482803,-0.0017228032229468226,-0.0031324864830821753,0.8038366436958313,0.14711803197860718,0,0.0,0.0,0.0,0.0,0,0,0,0.0,0.0,0.0
0.0,0.0,0.0,0.33181818181818185,1785362571.204674,0.0,0.0,0.0,0.0,0,0.0,0.0,0,0,0.0,0.0,takeoff,3.8850440979003906,-0.012751997448503971,-0.026736054569482803,-0.0017228032229468226,-0.0031324864830821753,0.8038366436958313,0.14711803197860718,0,0.0,0.0,0.0,0.0,0,0,0,0.0,0.0,0.0
0.0,0.0,0.0,0.33636363636363636,1785362571.225503,0.0,0.0,0.0,0.0,0,0.0,0.0,0,0,0.0,0.0,takeoff,3.8850440979003906,-0.012751997448503971,-0.026736054569482803,-0.0017228032229468226,-0.0031324864830821753,0.8038366436958313,0.14711803197860718,0,0.0,0.0,0.0,0.0,0,0,0,0.0,0.0,0.0
0.0,0.0,0.0,0.34090909090909094,1785362571.250092,0.0,0.0,0.0,0.0,0,0.0,0.0,0,0,0.0,0.0,takeoff,3.8850440979003906,0.0044622900895774364,-0.03491244465112686,0.0010956426849588752,-0.008426857180893421,0.8526748418807983,0.16136124730110168,0,0.0,0.0,0.0,0.0,0,0,0,0.0,0.0,0.0
0.0,0.0,0.0,0.34545454545454546,1785362571.275258,0.0,0.0,0.0,0.0,0,0.0,0.0,0,0,0.0,0.0,takeoff,3.8850440979003906,0.0044622900895774364,-0.03491244465112686,0.0010956426849588752,-0.008426857180893421,0.8526748418807983,0.16136124730110168,0,0.0,0.0,0.0,0.0,0,0,0,0.0,0.0,0.0
0.0,0.0,0.0,0.35,1785362571.29637,0.0,0.0,0.0,0.0,0,0.0,0.0,0,0,0.0,0.0,takeoff,3.8850440979003906,0.009056051261723042,-0.03144506737589836,0.0018817039672285318,-0.011231165379285812,0.8745399117469788,0.17399367690086365,0,0.0,0.0,0.0,0.0,0,0,0,0.0,0.0,0.0
0.0,0.0,0.0,0.35454545454545455,1785362571.3204858,0.0,0.0,0.0,0.0,0,0.0,0.0,0,0,0.0,0.0,takeoff,3.8850440979003906,0.009056051261723042,-0.03144506737589836,0.0018817039672285318,-0.011231165379285812,0.8745399117469788,0.17399367690086365,0,0.0,0.0,0.0,0.0,0,0,0,0.0,0.0,0.0
0.0,0.0,0.0,0.35909090909090907,1785362571.341363,0.0,0.0,0.0,0.0,0,0.0,0.0,0,0,0.0,0.0,takeoff,3.8850440979003906,0.005868934094905853,-0.021810492500662804,0.0014028782024979591,-0.012736394070088863,0.8854537606239319,0.1885608583688736,0,0.0,0.0,0.0,0.0,0,0,0,0.0,0.0,0.0
0.0,0.0,0.0,0.36363636363636365,1785362571.362303,0.0,0.0,0.0,0.0,0,0.0,0.0,0,0,0.0,0.0,takeoff,3.8850440979003906,0.005868934094905853,-0.021810492500662804,0.0014028782024979591,-0.012736394070088863,0.8854537606239319,0.1885608583688736,0,0.0,0.0,0.0,0.0,0,0,0,0.0,0.0,0.0
0.0,0.0,0.0,0.36818181818181817,1785362571.384532,0.0,0.0,0.0,0.0,0,0.0,0.0,0,0,0.0,0.0,takeoff,3.8850440979003906,0.005737377796322107,-0.019318215548992157,0.0016893260180950165,-0.015701115131378174,0.8788631558418274,0.20057500898838043,0,0.0,0.0,0.0,0.0,0,0,0,0.0,0.0,0.0
0.0,0.0,0.0,0.3727272727272727,1785362571.40837,0.0,0.0,0.0,0.0,0,0.0,0.0,0,0,0.0,0.0,takeoff,3.879765510559082,0.005737377796322107,-0.019318215548992157,0.0016893260180950165,-0.015701115131378174,0.8788631558418274,0.20057500898838043,0,0.0,0.0,0.0,0.0,0,0,0,0.0,0.0,0.0
0.0,0.0,0.0,0.37727272727272726,1785362571.432854,0.0,0.0,0.0,0.0,0,0.0,0.0,0,0,0.0,0.0,takeoff,3.879765510559082,-0.0014781947247684002,-0.01206827349960804,0.00035052691237069666,-0.017277363687753677,0.8531922101974487,0.210710346698761,0,0.0,0.0,0.0,0.0,0,0,0,0.0,0.0,0.0
0.0,0.0,0.0,0.3818181818181818,1785362571.454377,0.0,0.0,0.0,0.0,0,0.0,0.0,0,0,0.0,0.0,takeoff,3.879765510559082,-0.0014781947247684002,-0.01206827349960804,0.00035052691237069666,-0.017277363687753677,0.8531922101974487,0.210710346698761,0,0.0,0.0,0.0,0.0,0,0,0,0.0,0.0,0.0
0.0,0.0,0.0,0.38636363636363635,1785362571.475521,0.0,0.0,0.0,0.0,0,0.0,0.0,0,0,0.0,0.0,takeoff,3.879765510559082,-0.0014781947247684002,-0.01206827349960804,0.00035052691237069666,-0.017277363687753677,0.8531922101974487,0.210710346698761,0,0.0,0.0,0.0,0.0,0,0,0,0.0,0.0,0.0
0.0,0.0,0.0,0.39090909090909093,1785362571.500132,0.0,0.0,0.0,0.0,0,0.0,0.0,0,0,0.0,0.0,takeoff,3.869208335876465,0.006307544186711311,-0.007820784114301205,0.0027176851872354746,-0.019358057528734207,0.8353318572044373,0.2211146354675293,0,0.0,0.0,0.0,0.0,0,0,0,0.0,0.0,0.0
0.0,0.0,0.0,0.39545454545454545,1785362571.5253499,0.0,0.0,0.0,0.0,0,0.0,0.0,0,0,0.0,0.0,takeoff,3.869208335876465,0.006307544186711311,-0.007820784114301205,0.0027176851872354746,-0.019358057528734207,0.8353318572044373,0.2211146354675293,0,0.0,0.0,0.0,0.0,0,0,0,0.0,0.0,0.0
0.0,0.0,0.0,0.4,1785362571.546346,0.0,0.0,0.0,0.0,0,0.0,0.0,0,0,0.0,0.0,takeoff,3.869208335876465,0.01033176388591528,0.00308002857491374,0.004257737658917904,-0.01945975236594677,0.8139342069625854,0.23459738492965698,0,0.0,0.0,0.0,0.0,0,0,0,0.0,0.0,0.0
0.0,0.0,0.0,0.40454545454545454,1785362571.5683682,0.0,0.0,0.0,0.0,0,0.0,0.0,0,0,0.0,0.0,takeoff,3.869208335876465,0.01033176388591528,0.00308002857491374,0.004257737658917904,-0.01945975236594677,0.8139342069625854,0.23459738492965698,0,0.0,0.0,0.0,0.0,0,0,0,0.0,0.0,0.0
0.0,0.0,0.0,0.4090909090909091,1785362571.5923898,0.0,0.0,0.0,0.0,0,0.0,0.0,0,0,0.0,0.0,takeoff,3.879765510559082,-0.01565082184970379,0.008179089054465294,-0.0023178155533969402,-0.020768044516444206,0.8103991150856018,0.249076247215271,0,0.0,0.0,0.0,0.0,0,0,0,0.0,0.0,0.0
0.0,0.0,0.0,0.41363636363636364,1785362571.617159,0.0,0.0,0.0,0.0,0,0.0,0.0,0,0,0.0,0.0,takeoff,3.879765510559082,-0.01565082184970379,0.008179089054465294,-0.0023178155533969402,-0.020768044516444206,0.8103991150856018,0.249076247215271,0,0.0,0.0,0.0,0.0,0,0,0,0.0,0.0,0.0
0.0,0.0,0.0,0.4181818181818182,1785362571.6403022,0.0,0.0,0.0,0.0,0,0.0,0.0,0,0,0.0,0.0,takeoff,3.879765510559082,-0.01724645495414734,0.0208843182772398,-0.0027820055838674307,-0.01923896186053753,0.8568249940872192,0.2618611752986908,0,0.0,0.0,0.0,0.0,0,0,0,0.0,0.0,0.0
0.0,0.0,0.0,0.42272727272727273,1785362571.662611,0.0,0.0,0.0,0.0,0,0.0,0.0,0,0,0.0,0.0,takeoff,3.879765510559082,-0.01724645495414734,0.0208843182772398,-0.0027820055838674307,-0.01923896186053753,0.8568249940872192,0.2618611752986908,0,0.0,0.0,0.0,0.0,0,0,0,0.0,0.0,0.0
0.0,0.0,0.0,0.42727272727272725,1785362571.684596,0.0,0.0,0.0,0.0,0,0.0,0.0,0,0,0.0,0.0,takeoff,3.879765510559082,-0.02018856815993786,0.027856411412358284,-0.004366419743746519,-0.018524829298257828,0.8702760934829712,0.27717551589012146,0,0.0,0.0,0.0,0.0,0,0,0,0.0,0.0,0.0
0.0,0.0,0.0,0.4318181818181818,1785362571.709671,0.0,0.0,0.0,0.0,0,0.0,0.0,0,0,0.0,0.0,takeoff,3.879765510559082,-0.02018856815993786,0.027856411412358284,-0.004366419743746519,-0.018524829298257828,0.8702760934829712,0.27717551589012146,0,0.0,0.0,0.0,0.0,0,0,0,0.0,0.0,0.0
0.0,0.0,0.0,0.43636363636363634,1785362571.733737,0.0,0.0,0.0,0.0,0,0.0,0.0,0,0,0.0,0.0,takeoff,3.879765510559082,-0.03298744931817055,0.019115149974822998,-0.010069173760712147,-0.02228596620261669,0.9117910265922546,0.29216572642326355,0,0.0,0.0,0.0,0.0,0,0,0,0.0,0.0,0.0
0.0,0.0,0.0,0.4409090909090909,1785362571.75742,0.0,0.0,0.0,0.0,0,0.0,0.0,0,0,0.0,0.0,takeoff,3.879765510559082,-0.03298744931817055,0.019115149974822998,-0.010069173760712147,-0.02228596620261669,0.9117910265922546,0.29216572642326355,0,0.0,0.0,0.0,0.0,0,0,0,0.0,0.0,0.0
0.0,0.0,0.0,0.44545454545454544,1785362571.779401,0.0,0.0,0.0,0.0,0,0.0,0.0,0,0,0.0,0.0,takeoff,3.879765510559082,-0.03298744931817055,0.019115149974822998,-0.010069173760712147,-0.02228596620261669,0.9117910265922546,0.29216572642326355,0,0.0,0.0,0.0,0.0,0,0,0,0.0,0.0,0.0
0.0,0.0,0.0,0.44999999999999996,1785362571.80046,0.0,0.0,0.0,0.0,0,0.0,0.0,0,0,0.0,0.0,takeoff,3.879765510559082,-0.027228428050875664,0.027972307056188583,-0.010800769552588463,-0.020245997235178947,0.934320867061615,0.3061407208442688,0,0.0,0.0,0.0,0.0,0,0,0,0.0,0.0,0.0
0.0,0.0,0.0,0.45454545454545453,1785362571.8254158,0.0,0.0,0.0,0.0,0,0.0,0.0,0,0,0.0,0.0,takeoff,3.879765510559082,-0.027228428050875664,0.027972307056188583,-0.010800769552588463,-0.020245997235178947,0.934320867061615,0.3061407208442688,0,0.0,0.0,0.0,0.0,0,0,0,0.0,0.0,0.0
0.0,0.0,0.0,0.45909090909090905,1785362571.849376,0.0,0.0,0.0,0.0,0,0.0,0.0,0,0,0.0,0.0,takeoff,3.879765510559082,-0.03451457619667053,0.02877863310277462,-0.016881417483091354,-0.02058899588882923,0.937099039554596,0.31927546858787537,0,0.0,0.0,0.0,0.0,0,0,0,0.0,0.0,0.0
0.0,0.0,0.0,0.4636363636363636,1785362571.871416,0.0,0.0,0.0,0.0,0,0.0,0.0,0,0,0.0,0.0,takeoff,3.879765510559082,-0.03451457619667053,0.02877863310277462,-0.016881417483091354,-0.02058899588882923,0.937099039554596,0.31927546858787537,0,0.0,0.0,0.0,0.0,0,0,0,0.0,0.0,0.0
0.0,0.0,0.0,0.4681818181818182,1785362571.8943732,0.0,0.0,0.0,0.0,0,0.0,0.0,0,0,0.0,0.0,takeoff,3.8744869232177734,-0.019115174189209938,0.03625829890370369,-0.015368865802884102,-0.018139207735657692,0.9385566115379333,0.3341476619243622,0,0.0,0.0,0.0,0.0,0,0,0,0.0,0.0,0.0
0.0,0.0,0.0,0.4727272727272728,1785362571.919426,0.0,0.0,0.0,0.0,0,0.0,0.0,0,0,0.0,0.0,takeoff,3.8744869232177734,-0.019115174189209938,0.03625829890370369,-0.015368865802884102,-0.018139207735657692,0.9385566115379333,0.3341476619243622,0,0.0,0.0,0.0,0.0,0,0,0,0.0,0.0,0.0
0.0,0.0,0.0,0.4772727272727273,1785362571.940384,0.0,0.0,0.0,0.0,0,0.0,0.0,0,0,0.0,0.0,takeoff,3.8744869232177734,-0.010890338569879532,0.04795032739639282,-0.016667241230607033,-0.013359665870666504,0.9155436754226685,0.34816601872444153,0,0.0,0.0,0.0,0.0,0,0,0,0.0,0.0,0.0
0.0,0.0,0.0,0.4818181818181818,1785362571.963391,0.0,0.0,0.0,0.0,0,0.0,0.0,0,0,0.0,0.0,takeoff,3.8744869232177734,-0.010890338569879532,0.04795032739639282,-0.016667241230607033,-0.013359665870666504,0.9155436754226685,0.34816601872444153,0,0.0,0.0,0.0,0.0,0,0,0,0.0,0.0,0.0
0.0,0.0,0.0,0.4863636363636364,1785362571.984535,0.0,0.0,0.0,0.0,0,0.0,0.0,0,0,0.0,0.0,takeoff,3.8744869232177734,0.005332554690539837,0.05052486062049866,-0.014220339246094227,-0.011003486812114716,0.8782384991645813,0.36215922236442566,0,0.0,0.0,0.0,0.0,0,0,0,0.0,0.0,0.0
0.0,0.0,0.0,0.4909090909090909,1785362572.008456,0.0,0.0,0.0,0.0,0,0.0,0.0,0,0,0.0,0.0,takeoff,3.879765510559082,0.005332554690539837,0.05052486062049866,-0.014220339246094227,-0.011003486812114716,0.8782384991645813,0.36215922236442566,0,0.0,0.0,0.0,0.0,0,0,0,0.0,0.0,0.0
0.0,0.0,0.0,0.4954545454545455,1785362572.0299149,0.0,0.0,0.0,0.0,0,0.0,0.0,0,0,0.0,0.0,takeoff,3.879765510559082,0.005332554690539837,0.05052486062049866,-0.014220339246094227,-0.011003486812114716,0.8782384991645813,0.36215922236442566,0,0.0,0.0,0.0,0.0,0,0,0,0.0,0.0,0.0
0.0,0.0,0.0,0.5,1785362572.0507252,0.0,0.0,0.0,0.0,0,0.0,0.0,0,0,0.0,0.0,takeoff,3.879765510559082,0.012863009236752987,0.0524912104010582,-0.014156034216284752,-0.00774498051032424,0.8299965262413025,0.37689340114593506,0,0.0,0.0,0.0,0.0,0,0,0,0.0,0.0,0.0
0.0,0.0,0.0,0.5,1785362572.073926,0.0,0.0,0.0,0.0,0,0.0,0.0,0,0,0.0,0.0,settle,3.879765510559082,0.012863009236752987,0.0524912104010582,-0.014156034216284752,-0.00774498051032424,0.8299965262413025,0.37689340114593506,0,0.0,0.0,0.0,0.0,0,0,0,0.0,0.0,0.0
0.0,0.0,0.0,0.5,1785362572.098646,0.0,0.0,0.0,0.0,0,0.0,0.0,0,0,0.0,0.0,settle,3.8744869232177734,0.021924631670117378,0.055555760860443115,-0.012358036823570728,-0.0027376955840736628,0.7888818383216858,0.390706330537796,0,0.0,0.0,0.0,0.0,0,0,0,0.0,0.0,0.0
0.0,0.0,0.0,0.5,1785362572.119475,0.0,0.0,0.0,0.0,0,0.0,0.0,0,0,0.0,0.0,settle,3.8744869232177734,0.021924631670117378,0.055555760860443115,-0.012358036823570728,-0.0027376955840736628,0.7888818383216858,0.390706330537796,0,0.0,0.0,0.0,0.0,0,0,0,0.0,0.0,0.0
0.0,0.0,0.0,0.5,1785362572.139562,0.0,0.0,0.0,0.0,0,0.0,0.0,0,0,0.0,0.0,settle,3.8744869232177734,0.027135416865348816,0.04826604202389717,-0.010712835006415844,-0.0013768073404207826,0.7350375056266785,0.4037734568119049,0,0.0,0.0,0.0,0.0,0,0,0,0.0,0.0,0.0
0.0,0.0,0.0,0.5,1785362572.16083,0.0,0.0,0.0,0.0,0,0.0,0.0,0,0,0.0,0.0,settle,3.8744869232177734,0.027135416865348816,0.04826604202389717,-0.010712835006415844,-0.0013768073404207826,0.7350375056266785,0.4037734568119049,0,0.0,0.0,0.0,0.0,0,0,0,0.0,0.0,0.0
0.0,0.0,0.0,0.5,1785362572.182417,0.0,0.0,0.0,0.0,0,0.0,0.0,0,0,0.0,0.0,settle,3.8744869232177734,0.0384213887155056,0.04135552793741226,-0.005360673181712627,0.0007624999270774424,0.7111527323722839,0.4147467017173767,0,0.0,0.0,0.0,0.0,0,0,0,0.0,0.0,0.0
0.0,0.0,0.0,0.5,1785362572.2032151,0.0,0.0,0.0,0.0,0,0.0,0.0,0,0,0.0,0.0,settle,3.8850440979003906,0.0384213887155056,0.04135552793741226,-0.005360673181712627,0.0007624999270774424,0.7111527323722839,0.4147467017173767,0,0.0,0.0,0.0,0.0,0,0,0,0.0,0.0,0.0
0.0,0.0,0.0,0.5,1785362572.224093,0.0,0.0,0.0,0.0,0,0.0,0.0,0,0,0.0,0.0,settle,3.8850440979003906,0.0384213887155056,0.04135552793741226,-0.005360673181712627,0.0007624999270774424,0.7111527323722839,0.4147467017173767,0,0.0,0.0,0.0,0.0,0,0,0,0.0,0.0,0.0
0.0,0.0,0.0,0.5,1785362572.247453,0.0,0.0,0.0,0.0,0,0.0,0.0,0,0,0.0,0.0,settle,3.8850440979003906,0.040932152420282364,0.033965133130550385,-0.0024879914708435535,0.002936636796221137,0.710111677646637,0.42805930972099304,0,0.0,0.0,0.0,0.0,0,0,0,0.0,0.0,0.0
0.0,0.0,0.0,0.5,1785362572.268429,0.0,0.0,0.0,0.0,0,0.0,0.0,0,0,0.0,0.0,settle,3.8850440979003906,0.040932152420282364,0.033965133130550385,-0.0024879914708435535,0.002936636796221137,0.710111677646637,0.42805930972099304,0,0.0,0.0,0.0,0.0,0,0,0,0.0,0.0,0.0
0.0,0.0,0.0,0.5,1785362572.2903318,0.0,0.0,0.0,0.0,0,0.0,0.0,0,0,0.0,0.0,settle,3.8850440979003906,0.042963556945323944,0.026122942566871643,0.001229065703228116,0.00494807492941618,0.7148524522781372,0.4412083625793457,0,0.0,0.0,0.0,0.0,0,0,0,0.0,0.0,0.0
0.0,0.0,0.0,0.5,1785362572.313364,0.0,0.0,0.0,0.0,0,0.0,0.0,0,0,0.0,0.0,settle,3.8850440979003906,0.042963556945323944,0.026122942566871643,0.001229065703228116,0.00494807492941618,0.7148524522781372,0.4412083625793457,0,0.0,0.0,0.0,0.0,0,0,0,0.0,0.0,0.0
0.0,0.0,0.0,0.5,1785362572.337046,0.0,0.0,0.0,0.0,0,0.0,0.0,0,0,0.0,0.0,settle,3.8850440979003906,0.04009507969021797,0.02083769254386425,0.003815945703536272,0.007879288867115974,0.7078384757041931,0.4525983929634094,0,0.0,0.0,0.0,0.0,0,0,0,0.0,0.0,0.0
0.0,0.0,0.0,0.5,1785362572.359363,0.0,0.0,0.0,0.0,0,0.0,0.0,0,0,0.0,0.0,settle,3.8850440979003906,0.04009507969021797,0.02083769254386425,0.003815945703536272,0.007879288867115974,0.7078384757041931,0.4525983929634094,0,0.0,0.0,0.0,0.0,0,0,0,0.0,0.0,0.0
0.0,0.0,0.0,0.5,1785362572.3803751,0.0,0.0,0.0,0.0,0,0.0,0.0,0,0,0.0,0.0,settle,3.8850440979003906,0.04009507969021797,0.02083769254386425,0.003815945703536272,0.007879288867115974,0.7078384757041931,0.4525983929634094,0,0.0,0.0,0.0,0.0,0,0,0,0.0,0.0,0.0
0.0,0.0,0.0,0.5,1785362572.40237,0.0,0.0,0.0,0.0,0,0.0,0.0,0,0,0.0,0.0,settle,3.890322685241699,0.035602450370788574,0.010237438604235649,0.006543747149407864,0.007748816628009081,0.7172923684120178,0.4638778567314148,0,0.0,0.0,0.0,0.0,0,0,0,0.0,0.0,0.0
0.0,0.0,0.0,0.5,1785362572.423368,0.0,0.0,0.0,0.0,0,0.0,0.0,0,0,0.0,0.0,settle,3.890322685241699,0.035602450370788574,0.010237438604235649,0.006543747149407864,0.007748816628009081,0.7172923684120178,0.4638778567314148,0,0.0,0.0,0.0,0.0,0,0,0,0.0,0.0,0.0
0.0,0.0,0.0,0.5,1785362572.444639,0.0,0.0,0.0,0.0,0,0.0,0.0,0,0,0.0,0.0,settle,3.890322685241699,0.02678326889872551,0.0005719282780773938,0.00759120611473918,0.007014787290245295,0.6939385533332825,0.47176995873451233,0,0.0,0.0,0.0,0.0,0,0,0,0.0,0.0,0.0
0.0,0.0,0.0,0.5,1785362572.468075,0.0,0.0,0.0,0.0,0,0.0,0.0,0,0,0.0,0.0,settle,3.890322685241699,0.02678326889872551,0.0005719282780773938,0.00759120611473918,0.007014787290245295,0.6939385533332825,0.47176995873451233,0,0.0,0.0,0.0,0.0,0,0,0,0.0,0.0,0.0
0.0,0.0,0.0,0.5,1785362572.4884999,0.0,0.0,0.0,0.0,0,0.0,0.0,0,0,0.0,0.0,settle,3.879765510559082,0.023289209231734276,-0.005718377884477377,0.011289462447166443,0.006766459438949823,0.6561226844787598,0.4802904725074768,0,0.0,0.0,0.0,0.0,0,0,0,0.0,0.0,0.0
0.0,0.0,0.0,0.5,1785362572.5094342,0.0,0.0,0.0,0.0,0,0.0,0.0,0,0,0.0,0.0,settle,3.879765510559082,0.023289209231734276,-0.005718377884477377,0.011289462447166443,0.006766459438949823,0.6561226844787598,0.4802904725074768,0,0.0,0.0,0.0,0.0,0,0,0,0.0,0.0,0.0
0.0,0.0,0.0,0.5,1785362572.534552,0.0,0.0,0.0,0.0,0,0.0,0.0,0,0,0.0,0.0,settle,3.879765510559082,0.007055871654301882,-0.012421244755387306,0.00814325362443924,0.004899995867162943,0.6169427633285522,0.48798537254333496,0,0.0,0.0,0.0,0.0,0,0,0,0.0,0.0,0.0
0.0,0.0,0.0,0.5,1785362572.55845,0.0,0.0,0.0,0.0,0,0.0,0.0,0,0,0.0,0.0,settle,3.879765510559082,0.007055871654301882,-0.012421244755387306,0.00814325362443924,0.004899995867162943,0.6169427633285522,0.48798537254333496,0,0.0,0.0,0.0,0.0,0,0,0,0.0,0.0,0.0
0.0,0.0,0.0,0.5,1785362572.5815082,0.0,0.0,0.0,0.0,0,0.0,0.0,0,0,0.0,0.0,settle,3.879765510559082,-0.0007640707190148532,-0.01648591086268425,0.008358186110854149,0.0030919471755623817,0.5578415989875793,0.493890643119812,0,0.0,0.0,0.0,0.0,0,0,0,0.0,0.0,0.0
0.0,0.0,0.0,0.5,1785362572.603456,0.0,0.0,0.0,0.0,0,0.0,0.0,0,0,0.0,0.0,settle,3.879765510559082,-0.0007640707190148532,-0.01648591086268425,0.008358186110854149,0.0030919471755623817,0.5578415989875793,0.493890643119812,0,0.0,0.0,0.0,0.0,0,0,0,0.0,0.0,0.0
0.0,0.0,0.0,0.5,1785362572.6255062,0.0,0.0,0.0,0.0,0,0.0,0.0,0,0,0.0,0.0,settle,3.879765510559082,-0.0007640707190148532,-0.01648591086268425,0.008358186110854149,0.0030919471755623817,0.5578415989875793,0.493890643119812,0,0.0,0.0,0.0,0.0,0,0,0,0.0,0.0,0.0
0.0,0.0,0.0,0.5,1785362572.65059,0.0,0.0,0.0,0.0,0,0.0,0.0,0,0,0.0,0.0,settle,3.879765510559082,0.0028237944934517145,-0.023690003901720047,0.014047845266759396,-0.00155012053437531,0.5060459971427917,0.5000820159912109,0,0.0,0.0,0.0,0.0,0,0,0,0.0,0.0,0.0
0.0,0.0,0.0,0.5,1785362572.675471,0.0,0.0,0.0,0.0,0,0.0,0.0,0,0,0.0,0.0,settle,3.879765510559082,0.0028237944934517145,-0.023690003901720047,0.014047845266759396,-0.00155012053437531,0.5060459971427917,0.5000820159912109,0,0.0,0.0,0.0,0.0,0,0,0,0.0,0.0,0.0
0.0,0.0,0.0,0.5,1785362572.698443,0.0,0.0,0.0,0.0,0,0.0,0.0,0,0,0.0,0.0,settle,3.879765510559082,-0.0034734434448182583,-0.02528338134288788,0.01340108085423708,-0.00454325694590807,0.46760231256484985,0.5049477815628052,0,0.0,0.0,0.0,0.0,0,0,0,0.0,0.0,0.0
0.0,0.0,0.0,0.5,1785362572.721387,0.0,0.0,0.0,0.0,0,0.0,0.0,0,0,0.0,0.0,settle,3.879765510559082,-0.0034734434448182583,-0.02528338134288788,0.01340108085423708,-0.00454325694590807,0.46760231256484985,0.5049477815628052,0,0.0,0.0,0.0,0.0,0,0,0,0.0,0.0,0.0
0.0,0.0,0.0,0.5,1785362572.746434,0.0,0.0,0.0,0.0,0,0.0,0.0,0,0,0.0,0.0,settle,3.879765510559082,-0.012454884126782417,-0.025195689871907234,0.010431538335978985,-0.0077852364629507065,0.4557981789112091,0.5102899670600891,0,0.0,0.0,0.0,0.0,0,0,0,0.0,0.0,0.0
0.0,0.0,0.0,0.5,1785362572.766888,0.0,0.0,0.0,0.0,0,0.0,0.0,0,0,0.0,0.0,settle,3.879765510559082,-0.012454884126782417,-0.025195689871907234,0.010431538335978985,-0.0077852364629507065,0.4557981789112091,0.5102899670600891,0,0.0,0.0,0.0,0.0,0,0,0,0.0,0.0,0.0
0.0,0.0,0.0,0.5,1785362572.7884128,0.0,0.0,0.0,0.0,0,0.0,0.0,0,0,0.0,0.0,settle,3.8744869232177734,-0.01828349381685257,-0.024357082322239876,0.008480170741677284,-0.011666135862469673,0.43232718110084534,0.5149120092391968,0,0.0,0.0,0.0,0.0,0,0,0,0.0,0.0,0.0
0.0,0.0,0.0,0.5,1785362572.8133729,0.0,0.0,0.0,0.0,0,0.0,0.0,0,0,0.0,0.0,settle,3.8744869232177734,-0.01828349381685257,-0.024357082322239876,0.008480170741677284,-0.011666135862469673,0.43232718110084534,0.5149120092391968,0,0.0,0.0,0.0,0.0,0,0,0,0.0,0.0,0.0
0.0,0.0,0.0,0.5,1785362572.834421,0.0,0.0,0.0,0.0,0,0.0,0.0,0,0,0.0,0.0,settle,3.8744869232177734,-0.021247031167149544,-0.018841689452528954,0.007335507310926914,-0.013769388198852539,0.3779109716415405,0.5178089737892151,0,0.0,0.0,0.0,0.0,0,0,0,0.0,0.0,0.0
0.0,0.0,0.0,0.5,1785362572.8594959,0.0,0.0,0.0,0.0,0,0.0,0.0,0,0,0.0,0.0,settle,3.8744869232177734,-0.021247031167149544,-0.018841689452528954,0.007335507310926914,-0.013769388198852539,0.3779109716415405,0.5178089737892151,0,0.0,0.0,0.0,0.0,0,0,0,0.0,0.0,0.0
0.0,0.0,0.0,0.5,1785362572.8815842,0.0,0.0,0.0,0.0,0,0.0,0.0,0,0,0.0,0.0,settle,3.8744869232177734,-0.024362152442336082,-0.011707860045135021,0.0046843234449625015,-0.015139496885240078,0.3005450963973999,0.5201542377471924,0,0.0,0.0,0.0,0.0,0,0,0,0.0,0.0,0.0
0.0,0.0,0.0,0.5,1785362572.9063628,0.0,0.0,0.0,0.0,0,0.0,0.0,0,0,0.0,0.0,settle,3.869208335876465,-0.024362152442336082,-0.011707860045135021,0.0046843234449625015,-0.015139496885240078,0.3005450963973999,0.5201542377471924,0,0.0,0.0,0.0,0.0,0,0,0,0.0,0.0,0.0
0.0,0.0,0.0,0.5,1785362572.930422,0.0,0.0,0.0,0.0,0,0.0,0.0,0,0,0.0,0.0,settle,3.869208335876465,-0.026353178545832634,-0.0009109770762734115,0.001882733777165413,-0.014644918031990528,0.19105422496795654,0.5234434604644775,0,0.0,0.0,0.0,0.0,0,0,0,0.0,0.0,0.0
0.0,0.0,0.0,0.5,1785362572.954397,0.0,0.0,0.0,0.0,0,0.0,0.0,0,0,0.0,0.0,settle,3.869208335876465,-0.026353178545832634,-0.0009109770762734115,0.001882733777165413,-0.014644918031990528,0.19105422496795654,0.5234434604644775,0,0.0,0.0,0.0,0.0,0,0,0,0.0,0.0,0.0
0.0,0.0,0.0,0.5,1785362572.979286,0.0,0.0,0.0,0.0,0,0.0,0.0,0,0,0.0,0.0,settle,3.869208335876465,-0.026353178545832634,-0.0009109770762734115,0.001882733777165413,-0.014644918031990528,0.19105422496795654,0.5234434604644775,0,0.0,0.0,0.0,0.0,0,0,0,0.0,0.0,0.0
0.0,0.0,0.0,0.5,1785362572.999372,0.0,0.0,0.0,0.0,0,0.0,0.0,0,0,0.0,0.0,settle,3.869208335876465,-0.024173185229301453,0.011860796250402927,0.0006270835874602199,-0.01238656509667635,0.0592658631503582,0.5252893567085266,0,0.0,0.0,0.0,0.0,0,0,0,0.0,0.0,0.0
0.0,0.0,0.0,0.5,1785362573.020375,0.0,0.0,0.0,0.0,0,0.0,0.0,0,0,0.0,0.0,settle,3.869208335876465,-0.024173185229301453,0.011860796250402927,0.0006270835874602199,-0.01238656509667635,0.0592658631503582,0.5252893567085266,0,0.0,0.0,0.0,0.0,0,0,0,0.0,0.0,0.0
0.0,0.0,0.0,0.5,1785362573.041415,0.0,0.0,0.0,0.0,0,0.0,0.0,0,0,0.0,0.0,settle,3.869208335876465,-0.024543650448322296,0.020796088501811028,-0.003606132697314024,-0.011660025455057621,-0.059446461498737335,0.5267022848129272,0,0.0,0.0,0.0,0.0,0,0,0,0.0,0.0,0.0
0.0,0.0,0.0,0.5,1785362573.06288,0.0,0.0,0.0,0.0,0,0.0,0.0,0,0,0.0,0.0,settle,3.869208335876465,-0.024543650448322296,0.020796088501811028,-0.003606132697314024,-0.011660025455057621,-0.059446461498737335,0.5267022848129272,0,0.0,0.0,0.0,0.0,0,0,0,0.0,0.0,0.0
0.0,0.0,0.0,0.5,1785362573.08336,0.0,0.0,0.0,0.0,0,0.0,0.0,0,0,0.0,0.0,settle,3.869208335876465,-0.018120137974619865,0.03233708441257477,-0.004418752621859312,-0.008251042105257511,-0.13363011181354523,0.5281311869621277,0,0.0,0.0,0.0,0.0,0,0,0,0.0,0.0,0.0
0.0,0.0,0.0,0.5,1785362573.105381,0.0,0.0,0.0,0.0,0,0.0,0.0,0,0,0.0,0.0,settle,3.8639297485351562,-0.018120137974619865,0.03233708441257477,-0.004418752621859312,-0.008251042105257511,-0.13363011181354523,0.5281311869621277,0,0.0,0.0,0.0,0.0,0,0,0,0.0,0.0,0.0
0.0,0.0,0.0,0.5,1785362573.129312,0.0,0.0,0.0,0.0,0,0.0,0.0,0,0,0.0,0.0,settle,3.8639297485351562,-0.018120137974619865,0.03233708441257477,-0.004418752621859312,-0.008251042105257511,-0.13363011181354523,0.5281311869621277,0,0.0,0.0,0.0,0.0,0,0,0,0.0,0.0,0.0
0.0,0.0,0.0,0.5,1785362573.151171,0.0,0.0,0.0,0.0,0,0.0,0.0,0,0,0.0,0.0,settle,3.8639297485351562,-0.00960192084312439,0.04127095639705658,-0.00474476208910346,-0.005029062274843454,-0.11697274446487427,0.5310655832290649,0,0.0,0.0,0.0,0.0,0,0,0,0.0,0.0,0.0
0.0,0.0,0.0,0.5,1785362573.173016,0.0,0.0,0.0,0.0,0,0.0,0.0,0,0,0.0,0.0,settle,3.8639297485351562,-0.00960192084312439,0.04127095639705658,-0.00474476208910346,-0.005029062274843454,-0.11697274446487427,0.5310655832290649,0,0.0,0.0,0.0,0.0,0,0,0,0.0,0.0,0.0
0.0,0.0,0.0,0.5,1785362573.510786,-0.014715909957885742,0.018005672842264175,0.022835638374090195,0.5115892887115479,1,0.0,34.04006576538086,5,10012,0.0,250.0,plane_test,3.932551383972168,0.04511218145489693,0.024370761588215828,0.013538756407797337,0.02226494997739792,0.6076244115829468,0.537999153137207,1,0.2588190734386444,-0.9659258723258972,0.0,-0.002681412035599351,24,1,0,-0.014715909957885742,-0.009909111075103283,-0.015139453113079071
0.0020057306590257878,0.0,0.0,0.5,1785362573.5327208,-0.014715909957885742,0.018005672842264175,0.022835638374090195,0.5115892887115479,1,0.0,34.04006576538086,5,10012,0.0,250.0,plane_test,3.932551383972168,0.041533634066581726,0.013365920633077621,0.015874667093157768,0.02168428897857666,0.7815243601799011,0.5295755863189697,1,0.2588190734386444,-0.9659258723258972,0.0,-0.002681412035599351,24,1,0,-0.014715909957885742,-0.009909111075103283,-0.015139453113079071
0.0040114613180515755,0.0,0.0,0.5,1785362573.553945,-0.013741275295615196,0.021121954545378685,0.02266162633895874,0.502437174320221,1,0.0,31.654014587402344,5,10858,0.0,250.0,plane_test,3.932551383972168,0.041533634066581726,0.013365920633077621,0.015874667093157768,0.02168428897857666,0.7815243601799011,0.5295755863189697,1,0.2588190734386444,-0.9659258723258972,0.0,-0.002681412035599351,24,1,0,-0.014314312487840652,-0.009402325376868248,-0.015563705936074257
0.006017191977077363,0.0,0.0,0.5,1785362573.5789702,-0.013741275295615196,0.021121954545378685,0.02266162633895874,0.502437174320221,1,0.0,31.654014587402344,5,10858,0.0,250.0,plane_test,3.932551383972168,0.041533634066581726,0.013365920633077621,0.015874667093157768,0.02168428897857666,0.7815243601799011,0.5295755863189697,1,0.2588190734386444,-0.9659258723258972,0.0,-0.002681412035599351,24,1,0,-0.014314312487840652,-0.009402325376868248,-0.015563705936074257
0.008022922636103151,0.0,0.0,0.5,1785362573.600959,-0.011278362013399601,0.025926150381565094,0.021399112418293953,0.49759232997894287,1,0.0,29.849956512451172,5,9614,0.0,250.0,plane_test,3.8850440979003906,0.04295102134346962,0.004355824552476406,0.02291557565331459,0.021702684462070465,0.9464540481567383,0.5169199705123901,1,0.2588190734386444,-0.9659258723258972,0.0,-0.002681412035599351,24,1,0,-0.011278362013399601,-0.006893313489854336,-0.01386120356619358
0.01002865329512894,0.0,0.0,0.5,1785362573.625379,-0.011278362013399601,0.025926150381565094,0.021399112418293953,0.49759232997894287,1,0.0,29.849956512451172,5,9614,0.0,250.0,plane_test,3.8850440979003906,0.04295102134346962,0.004355824552476406,0.02291557565331459,0.021702684462070465,0.9464540481567383,0.5169199705123901,1,0.2588190734386444,-0.9659258723258972,0.0,-0.002681412035599351,24,1,0,-0.011278362013399601,-0.006893313489854336,-0.01386120356619358
0.012034383954154727,0.0,0.0,0.5,1785362573.650431,-0.006560932844877243,0.02587633579969406,0.01650192216038704,0.4941348731517792,1,0.0,19.256153106689453,5,10552,0.0,250.0,plane_test,3.8850440979003906,0.03338833898305893,-0.006345946341753006,0.023282021284103394,0.019566256552934647,1.1448367834091187,0.501650869846344,1,0.2588190734386444,-0.9659258723258972,0.0,-0.002681412035599351,24,1,0,-0.007908874191343784,-0.004582366906106472,-0.011345760896801949
0.014040114613180516,0.0,0.0,0.5,1785362573.671366,-0.006560932844877243,0.02587633579969406,0.01650192216038704,0.4941348731517792,1,0.0,19.256153106689453,5,10552,0.0,250.0,plane_test,3.8850440979003906,0.03338833898305893,-0.006345946341753006,0.023282021284103394,0.019566256552934647,1.1448367834091187,0.501650869846344,1,0.2588190734386444,-0.9659258723258972,0.0,-0.002681412035599351,24,1,0,-0.007908874191343784,-0.004582366906106472,-0.011345760896801949
0.016045845272206302,0.0,0.0,0.5,1785362573.695921,-0.005604979582130909,0.02688322775065899,0.01578204333782196,0.493194043636322,1,0.0,16.857818603515625,5,9619,0.0016524558886885643,250.0,plane_test,3.8586511611938477,0.03380019962787628,-0.010481801815330982,0.030850322917103767,0.02035403437912464,1.223509669303894,0.48370352387428284,1,0.2588190734386444,-0.9659258723258972,0.0,-0.002681412035599351,24,1,0,-0.005604979582130909,-0.0015415598172694445,-0.009611735120415688
0.01805157593123209,0.0,0.0,0.5,1785362573.7184992,-0.005604979582130909,0.02688322775065899,0.01578204333782196,0.493194043636322,1,0.0,16.857818603515625,5,9619,0.0016524558886885643,250.0,plane_test,3.8586511611938477,0.03380019962787628,-0.010481801815330982,0.030850322917103767,0.02035403437912464,1.223509669303894,0.48370352387428284,1,0.2588190734386444,-0.9659258723258972,0.0,-0.002681412035599351,24,1,0,-0.005604979582130909,-0.0015415598172694445,-0.009611735120415688
0.02005730659025788,0.0,0.0,0.5,1785362573.741751,-0.002126951003447175,0.05196009576320648,0.01890064962208271,0.494920939207077,1,0.0,45.010902404785156,5,10507,0.001207658089697361,250.0,plane_test,3.8586511611938477,0.04818696528673172,-0.010681218467652798,0.04820888116955757,0.022232839837670326,1.2378705739974976,0.4658852517604828,1,0.2588190734386444,-0.9659258723258972,0.0,-0.002681412035599351,24,1,0,-0.0062322719022631645,-0.0008777964394539595,-0.01016561035066843
0.022063037249283667,0.0,0.0,0.5,1785362573.765561,-0.002126951003447175,0.05196009576320648,0.01890064962208271,0.494920939207077,1,0.0,45.010902404785156,5,10507,0.001207658089697361,250.0,plane_test,3.8586511611938477,0.04818696528673172,-0.010681218467652798,0.04820888116955757,0.022232839837670326,1.2378705739974976,0.4658852517604828,1,0.2588190734386444,-0.9659258723258972,0.0,-0.002681412035599351,24,1,0,-0.0062322719022631645,-0.0008777964394539595,-0.01016561035066843
0.024068767908309453,0.0,0.0,0.5,1785362573.7906282,-0.0018051888328045607,0.049867868423461914,0.018006926402449608,0.496733695268631,1,0.0,38.985904693603516,5,10408,0.03953754901885986,250.0,plane_test,3.8375368118286133,0.034810710698366165,-0.015961678698658943,0.045079439878463745,0.01938099041581154,1.2297871112823486,0.45121854543685913,1,0.2588190734386444,-0.9659258723258972,0.0,-0.002681412035599351,24,1,0,-0.0018051888328045607,0.0015669732820242643,-0.005994967184960842
0.026074498567335243,0.0,0.0,0.5,1785362573.811376,-0.0018051888328045607,0.049867868423461914,0.018006926402449608,0.496733695268631,1,0.0,38.985904693603516,5,10408,0.03953754901885986,250.0,plane_test,3.8375368118286133,0.034810710698366165,-0.015961678698658943,0.045079439878463745,0.01938099041581154,1.2297871112823486,0.45121854543685913,1,0.2588190734386444,-0.9659258723258972,0.0,-0.002681412035599351,24,1,0,-0.0018051888328045607,0.0015669732820242643,-0.005994967184960842
0.028080229226361032,0.0,0.0,0.5,1785362573.831716,-0.0018051888328045607,0.049867868423461914,0.018006926402449608,0.496733695268631,1,0.0,38.985904693603516,5,10408,0.03953754901885986,250.0,plane_test,3.8375368118286133,0.03123912774026394,-0.01831945590674877,0.04884869232773781,0.01710241660475731,1.1940560340881348,0.4388796389102936,1,0.2588190734386444,-0.9659258723258972,0.0,-0.002681412035599351,24,1,0,-0.0018051888328045607,0.0015669732820242643,-0.005994967184960842
0.030085959885386815,0.0,0.0,0.5,1785362573.856799,0.003263284917920828,0.03950292989611626,0.009982380084693432,0.5017763376235962,1,0.0,29.2217960357666,5,9102,0.06937634944915771,250.0,plane_test,3.8375368118286133,0.03123912774026394,-0.01831945590674877,0.04884869232773781,0.01710241660475731,1.1940560340881348,0.4388796389102936,1,0.2588190734386444,-0.9659258723258972,0.0,-0.002681412035599351,24,1,0,0.002106873318552971,0.003415676997974515,-0.002063213149085641
0.032091690544412604,0.0,0.0,0.5,1785362573.877377,0.003263284917920828,0.03950292989611626,0.009982380084693432,0.5017763376235962,1,0.0,29.2217960357666,5,9102,0.06937634944915771,250.0,plane_test,3.8375368118286133,0.03123912774026394,-0.01831945590674877,0.04884869232773781,0.01710241660475731,1.1940560340881348,0.4388796389102936,1,0.2588190734386444,-0.9659258723258972,0.0,-0.002681412035599351,24,1,0,0.002106873318552971,0.003415676997974515,-0.002063213149085641
0.034097421203438394,0.0,0.0,0.5,1785362573.900223,-0.0004880630876868963,0.03949466720223427,0.01386384665966034,0.5019521117210388,1,0.0,32.248348236083984,5,9720,0.085651695728302,250.0,plane_test,3.842815399169922,0.011106930673122406,-0.012921676971018314,0.03918551281094551,0.01906420849263668,1.1549028158187866,0.42535337805747986,1,0.2588190734386444,-0.9659258723258972,0.0,-0.002681412035599351,24,1,0,-0.0004880630876868963,0.0010916845640167594,-0.003265348030254245
0.03610315186246418,0.0,0.0,0.5,1785362573.9250822,-0.0004880630876868963,0.03949466720223427,0.01386384665966034,0.5019521117210388,1,0.0,32.248348236083984,5,9720,0.085651695728302,250.0,plane_test,3.842815399169922,0.011106930673122406,-0.012921676971018314,0.03918551281094551,0.01906420849263668,1.1549028158187866,0.42535337805747986,1,0.2588190734386444,-0.9659258723258972,0.0,-0.002681412035599351,24,1,0,-0.0004880630876868963,0.0010916845640167594,-0.003265348030254245
0.03810888252148997,0.0,0.0,0.5,1785362573.9500859,-0.004384458996355534,0.038763828575611115,0.01770186424255371,0.5024789571762085,1,0.0,35.97816848754883,5,10750,0.11107498407363892,250.0,plane_test,3.842815399169922,0.0059487964026629925,-0.01656271517276764,0.03901582211256027,0.014347502030432224,1.1301816701889038,0.4135989546775818,1,0.2588190734386444,-0.9659258723258972,0.0,-0.002681412035599351,24,1,0,-0.004192031919956207,0.0006749520543962717,-0.00627654604613781
0.04011461318051576,0.0,0.0,0.5,1785362573.971411,-0.004384458996355534,0.038763828575611115,0.01770186424255371,0.5024789571762085,1,0.0,35.97816848754883,5,10750,0.11107498407363892,250.0,plane_test,3.842815399169922,0.0059487964026629925,-0.01656271517276764,0.03901582211256027,0.014347502030432224,1.1301816701889038,0.4135989546775818,1,0.2588190734386444,-0.9659258723258972,0.0,-0.002681412035599351,24,1,0,-0.004192031919956207,0.0006749520543962717,-0.00627654604613781
0.042120343839541545,0.0,0.0,0.5,1785362573.996435,-0.007286641746759415,0.04103236645460129,0.02131427824497223,0.5056143999099731,1,0.0,37.44409942626953,5,10555,0.11778277158737183,250.0,plane_test,3.842815399169922,0.03271976113319397,-0.01055962685495615,0.060464002192020416,0.016325080767273903,1.07661771774292,0.4071575701236725,1,0.2588190734386444,-0.9659258723258972,0.0,-0.002681412035599351,24,1,0,-0.007286641746759415,0.001954848412424326,-0.008618627674877644
0.044126074498567334,0.0,0.0,0.5,1785362574.02079,-0.007286641746759415,0.04103236645460129,0.02131427824497223,0.5056143999099731,1,0.0,37.44409942626953,5,10555,0.11778277158737183,250.0,plane_test,3.842815399169922,0.03271976113319397,-0.01055962685495615,0.060464002192020416,0.016325080767273903,1.07661771774292,0.4071575701236725,1,0.2588190734386444,-0.9659258723258972,0.0,-0.002681412035599351,24,1,0,-0.007286641746759415,0.001954848412424326,-0.008618627674877644
0.04613180515759312,0.0,0.0,0.5,1785362574.042885,-0.017383476719260216,0.025091055780649185,0.02749582752585411,0.5077009797096252,1,0.0,39.33283615112305,5,10568,0.1282026171684265,250.0,plane_test,3.842815399169922,-0.02038152888417244,0.007530947681516409,0.024616610258817673,0.027060072869062424,1.0133333206176758,0.4008658826351166,1,0.2588190734386444,-0.9659258723258972,0.0,-0.002681412035599351,24,1,0,-0.01775120012462139,-0.0014179160352796316,-0.017582394182682037
0.04813753581661891,0.0,0.0,0.5,1785362574.066491,-0.017383476719260216,0.025091055780649185,0.02749582752585411,0.5077009797096252,1,0.0,39.33283615112305,5,10568,0.1282026171684265,250.0,plane_test,3.842815399169922,-0.02038152888417244,0.007530947681516409,0.024616610258817673,0.027060072869062424,1.0133333206176758,0.4008658826351166,1,0.2588190734386444,-0.9659258723258972,0.0,-0.002681412035599351,24,1,0,-0.01775120012462139,-0.0014179160352796316,-0.017582394182682037
0.050143266475644696,0.0,0.0,0.5,1785362574.087898,-0.012901394627988338,0.02370903640985489,0.02248532511293888,0.5090043544769287,1,0.0,40.64412307739258,5,8901,0.1385541558265686,250.0,plane_test,3.8480939865112305,-0.020116904750466347,0.003083814401179552,0.024083297699689865,0.023322902619838715,0.9374904632568359,0.39780405163764954,1,0.2588190734386444,-0.9659258723258972,0.0,-0.002681412035599351,24,1,0,-0.012901394627988338,0.0011276950826868415,-0.013659438118338585
0.052148997134670486,0.0,0.0,0.5,1785362574.1090329,-0.012901394627988338,0.02370903640985489,0.02248532511293888,0.5090043544769287,1,0.0,40.64412307739258,5,8901,0.1385541558265686,250.0,plane_test,3.8480939865112305,-0.020116904750466347,0.003083814401179552,0.024083297699689865,0.023322902619838715,0.9374904632568359,0.39780405163764954,1,0.2588190734386444,-0.9659258723258972,0.0,-0.002681412035599351,24,1,0,-0.012901394627988338,0.0011276950826868415,-0.013659438118338585
0.05415472779369627,0.0,0.0,0.5,1785362574.1294389,-0.012901394627988338,0.02370903640985489,0.02248532511293888,0.5090043544769287,1,0.0,40.64412307739258,5,8901,0.1385541558265686,250.0,plane_test,3.8480939865112305,-0.020116904750466347,0.003083814401179552,0.024083297699689865,0.023322902619838715,0.9374904632568359,0.39780405163764954,1,0.2588190734386444,-0.9659258723258972,0.0,-0.002681412035599351,24,1,0,-0.012901394627988338,0.0011276950826868415,-0.013659438118338585
0.056160458452722065,0.0,0.0,0.5,1785362574.154565,-0.012902084738016129,0.01877281442284584,0.02116338163614273,0.5126944184303284,1,0.0,41.14335632324219,5,14021,0.13004142045974731,250.0,plane_test,3.8480939865112305,-0.022973686456680298,-0.0013335405383259058,0.019795313477516174,0.01980496570467949,0.8593339323997498,0.39398908615112305,1,0.2588190734386444,-0.9659258723258972,0.0,-0.002681412035599351,24,1,0,-0.012902084738016129,0.0016215069917961955,-0.013661138713359833
0.05816618911174785,0.0,0.0,0.5,1785362574.1792252,-0.012902084738016129,0.01877281442284584,0.02116338163614273,0.5126944184303284,1,0.0,41.14335632324219,5,14021,0.13004142045974731,250.0,plane_test,3.8480939865112305,-0.022973686456680298,-0.0013335405383259058,0.019795313477516174,0.01980496570467949,0.8593339323997498,0.39398908615112305,1,0.2588190734386444,-0.9659258723258972,0.0,-0.002681412035599351,24,1,0,-0.012902084738016129,0.0016215069917961955,-0.013661138713359833
0.06017191977077363,0.0,0.0,0.5,1785362574.202719,-0.011360719799995422,0.012811764143407345,0.017970386892557144,0.5139014720916748,1,0.0,47.612850189208984,5,10605,0.1381663680076599,250.0,plane_test,3.8375368118286133,-0.029614176601171494,-0.003686097450554371,0.012198793701827526,0.018095310777425766,0.7745741009712219,0.3921528458595276,1,0.2588190734386444,-0.9659258723258972,0.0,-0.002681412035599351,24,1,0,-0.011360719799995422,0.00279633654281497,-0.012654423713684082
0.062177650429799426,0.0,0.0,0.5,1785362574.22509,-0.011360719799995422,0.012811764143407345,0.017970386892557144,0.5139014720916748,1,0.0,47.612850189208984,5,10605,0.1381663680076599,250.0,plane_test,3.8375368118286133,-0.029614176601171494,-0.003686097450554371,0.012198793701827526,0.018095310777425766,0.7745741009712219,0.3921528458595276,1,0.2588190734386444,-0.9659258723258972,0.0,-0.002681412035599351,24,1,0,-0.011360719799995422,0.00279633654281497,-0.012654423713684082
0.06418338108882521,0.0,0.0,0.5,1785362574.2493892,-0.010063892230391502,0.008668433874845505,0.01551760919392109,0.4991246461868286,1,-18.773645401000977,131.50054931640625,5,10546,0.2548981308937073,250.0,plane_test,3.8375368118286133,-0.030279312282800674,-0.004572961013764143,0.007505991030484438,0.017490599304437637,0.6667300462722778,0.3917582035064697,1,0.2588190734386444,-0.9659258723258972,0.0,-0.002681412035599351,24,1,24,-0.010063892230391502,0.0032707280479371548,-0.012006168253719807
0.066189111747851,0.0,0.0,0.5,1785362574.2744792,-0.010063892230391502,0.008668433874845505,0.01551760919392109,0.4991246461868286,1,-18.773645401000977,131.50054931640625,5,10546,0.2548981308937073,250.0,plane_test,3.8375368118286133,-0.030279312282800674,-0.004572961013764143,0.007505991030484438,0.017490599304437637,0.6667300462722778,0.3917582035064697,1,0.2588190734386444,-0.9659258723258972,0.0,-0.002681412035599351,24,1,24,-0.010063892230391502,0.0032707280479371548,-0.012006168253719807
0.06819484240687679,0.0,0.0,0.5,1785362574.2995682,-0.007554135285317898,0.00729045644402504,0.01255008950829506,0.5019599199295044,1,-14.76384449005127,167.93536376953125,5,13713,0.5945823788642883,250.0,plane_test,3.8375368118286133,-0.025506921112537384,-0.008712022565305233,0.005364920012652874,0.015193670988082886,-1.6064471006393433,0.39404547214508057,1,0.2588190734386444,-0.9659258723258972,0.0,-0.002681412035599351,24,1,0,-0.007554135285317898,0.0062146917916834354,-0.010628588497638702
0.07020057306590256,0.0,0.0,0.5,1785362574.31966,-0.007554135285317898,0.00729045644402504,0.01255008950829506,0.5019599199295044,1,-14.76384449005127,167.93536376953125,5,13713,0.5945823788642883,250.0,plane_test,3.8375368118286133,-0.025506921112537384,-0.008712022565305233,0.005364920012652874,0.015193670988082886,-1.6064471006393433,0.39404547214508057,1,0.2588190734386444,-0.9659258723258972,0.0,-0.002681412035599351,24,1,0,-0.007554135285317898,0.0062146917916834354,-0.010628588497638702
0.07220630372492837,0.0,0.0,0.5,1785362574.342381,-0.004546471871435642,0.009638710878789425,0.010065540671348572,0.5052271485328674,1,-12.27025032043457,123.12266540527344,5,9602,0.48712247610092163,250.0,plane_test,3.8375368118286133,-0.016481854021549225,-0.013317537494003773,0.006475732661783695,0.013255852274596691,-3.818686008453369,0.3986542224884033,1,0.2588190734386444,-0.9659258723258972,0.0,-0.002681412035599351,24,1,24,-0.004546471871435642,0.006999960169196129,-0.008528771810233593
0.07421203438395414,0.0,0.0,0.5,1785362574.363374,-0.004546471871435642,0.009638710878789425,0.010065540671348572,0.5052271485328674,1,-12.27025032043457,123.12266540527344,5,9602,0.48712247610092163,250.0,plane_test,3.8375368118286133,-0.016481854021549225,-0.013317537494003773,0.006475732661783695,0.013255852274596691,-3.818686008453369,0.3986542224884033,1,0.2588190734386444,-0.9659258723258972,0.0,-0.002681412035599351,24,1,24,-0.004546471871435642,0.006999960169196129,-0.008528771810233593
0.07621776504297995,0.0,0.0,0.5,1785362574.384495,-0.004546471871435642,0.009638710878789425,0.010065540671348572,0.5052271485328674,1,-12.27025032043457,123.12266540527344,5,10732,0.48712247610092163,250.0,plane_test,3.8375368118286133,-0.011825022287666798,-0.016131848096847534,0.005605543963611126,0.012067602947354317,-5.402994155883789,0.3990473449230194,1,0.2588190734386444,-0.9659258723258972,0.0,-0.002681412035599351,24,1,0,-0.003983743488788605,0.00737992487847805,-0.008156988769769669
0.07822349570200572,0.0,0.0,0.5,1785362574.40847,-0.003983743488788605,0.009729198180139065,0.009507207199931145,0.5086520910263062,1,-10.963600158691406,95.2964096069336,5,10732,0.40264493227005005,250.0,plane_test,3.853372573852539,-0.011825022287666798,-0.016131848096847534,0.005605543963611126,0.012067602947354317,-5.402994155883789,0.3990473449230194,1,0.2588190734386444,-0.9659258723258972,0.0,-0.002681412035599351,24,1,0,-0.003983743488788605,0.00737992487847805,-0.008156988769769669
0.08022922636103152,0.0,0.0,0.5,1785362574.4324741,-0.003983743488788605,0.009729198180139065,0.009507207199931145,0.5086520910263062,1,-10.963600158691406,95.2964096069336,5,10732,0.40264493227005005,250.0,plane_test,3.853372573852539,0.011696011759340763,-0.0696779415011406,0.01744336076080799,-0.02189565822482109,-6.606277942657471,0.4009897708892822,1,0.2588190734386444,-0.9659258723258972,0.0,-0.002681412035599351,24,1,0,-0.003983743488788605,0.00737992487847805,-0.008156988769769669
0.0822349570200573,0.0,0.0,0.5,1785362574.453387,-0.0036470110062509775,0.00541068846359849,0.00800145510584116,0.5129738450050354,1,-8.688977241516113,75.20323181152344,5,14920,0.3404082655906677,250.0,plane_test,3.853372573852539,0.011696011759340763,-0.0696779415011406,0.01744336076080799,-0.02189565822482109,-6.606277942657471,0.4009897708892822,1,0.2588190734386444,-0.9659258723258972,0.0,-0.002681412035599351,24,1,0,-0.0036470110062509775,0.0075660645961761475,-0.007873193360865116
0.08424068767908309,0.0,0.0,0.5,1785362574.478385,-0.0036470110062509775,0.00541068846359849,0.00800145510584116,0.5129738450050354,1,-8.688977241516113,75.20323181152344,5,14920,0.3404082655906677,250.0,plane_test,3.853372573852539,0.011696011759340763,-0.0696779415011406,0.01744336076080799,-0.02189565822482109,-6.606277942657471,0.4009897708892822,1,0.2588190734386444,-0.9659258723258972,0.0,-0.002681412035599351,24,1,0,-0.0036470110062509775,0.0075660645961761475,-0.007873193360865116
0.08624641833810888,0.0,0.0,0.5,1785362574.502391,0.032283373177051544,0.012141184881329536,0.006029349286109209,0.5040368437767029,0,17.691919326782227,195.11326599121094,5,11903,0.49780935049057007,250.0,plane_test,3.7530791759490967,0.008926574140787125,-0.06548896431922913,0.014167488552629948,-0.022183170542120934,-6.124861240386963,0.40294069051742554,1,0.2588190734386444,-0.9659258723258972,0.0,-0.002681412035599351,24,1,0,-1.2246891856193542e-07,0.033458173274993896,0.02724737673997879
0.08825214899713467,0.0,0.0,0.5,1785362574.525262,0.032283373177051544,0.012141184881329536,0.006029349286109209,0.5040368437767029,0,17.691919326782227,195.11326599121094,5,11903,0.49780935049057007,250.0,plane_test,3.7530791759490967,0.008926574140787125,-0.06548896431922913,0.014167488552629948,-0.022183170542120934,-6.124861240386963,0.40294069051742554,1,0.2588190734386444,-0.9659258723258972,0.0,-0.002681412035599351,24,1,0,-1.2246891856193542e-07,0.033458173274993896,0.02724737673997879
0.09025787965616044,0.0,0.0,0.5,1785362574.54725,0.030193746089935303,0.008459869772195816,0.0050429399125278,0.4962654709815979,0,18.826379776000977,227.07388305664062,5,15752,0.7909272313117981,250.0,plane_test,3.7530791759490967,0.011647528037428856,-0.05368111655116081,0.01644827425479889,-0.023215847089886665,-2.8381614685058594,0.4057350754737854,1,0.2588190734386444,-0.9659258723258972,0.0,-0.002681412035599351,24,1,0,-1.1851079761981964e-07,0.03376786410808563,0.029498551040887833
0.09226361031518623,0.0,0.0,0.5,1785362574.567513,0.030193746089935303,0.008459869772195816,0.0050429399125278,0.4962654709815979,0,18.826379776000977,227.07388305664062,5,15752,0.7909272313117981,250.0,plane_test,3.7530791759490967,0.011647528037428856,-0.05368111655116081,0.01644827425479889,-0.023215847089886665,-2.8381614685058594,0.4057350754737854,1,0.2588190734386444,-0.9659258723258972,0.0,-0.002681412035599351,24,1,0,-1.1851079761981964e-07,0.03376786410808563,0.029498551040887833
0.09426934097421204,0.0,0.0,0.5,1785362574.592305,0.02333798259496689,0.007382379379123449,0.004754243418574333,0.4963533282279968,0,17.131263732910156,206.81011962890625,5,9969,0.7803519368171692,250.0,plane_test,3.853372573852539,-0.015056286007165909,-0.03626306354999542,0.0026350526604801416,-0.024076253175735474,0.448153018951416,0.41095131635665894,1,0.2588190734386444,-0.9659258723258972,0.0,-0.002681412035599351,24,1,0,-1.341104507446289e-07,0.030914990231394768,0.029102832078933716
0.09627507163323781,0.0,0.0,0.5,1785362574.615396,0.02333798259496689,0.007382379379123449,0.004754243418574333,0.4963533282279968,0,17.131263732910156,206.81011962890625,5,9969,0.7803519368171692,250.0,plane_test,3.853372573852539,-0.015056286007165909,-0.03626306354999542,0.0026350526604801416,-0.024076253175735474,0.448153018951416,0.41095131635665894,1,0.2588190734386444,-0.9659258723258972,0.0,-0.002681412035599351,24,1,0,-1.341104507446289e-07,0.030914990231394768,0.029102832078933716
0.0982808022922636,0.0,0.0,0.5,1785362574.638325,0.026074478402733803,-0.0034484234638512135,0.0018521385500207543,0.4965140223503113,0,19.292633056640625,201.8583526611328,5,14950,0.7694084048271179,250.0,plane_test,3.853372573852539,-0.02379775047302246,-0.033881232142448425,-0.0018633793806657195,-0.03373466804623604,3.367466449737549,0.4150775969028473,1,0.2588190734386444,-0.9659258723258972,0.0,-0.002681412035599351,24,1,0,-1.3434328138828278e-07,0.03565949574112892,0.03430773317813873
0.10028653295128939,0.0,0.0,0.5,1785362574.661758,0.026074478402733803,-0.0034484234638512135,0.0018521385500207543,0.4965140223503113,0,19.292633056640625,201.8583526611328,5,14950,0.7694084048271179,250.0,plane_test,3.853372573852539,-0.02379775047302246,-0.033881232142448425,-0.0018633793806657195,-0.03373466804623604,3.367466449737549,0.4150775969028473,1,0.2588190734386444,-0.9659258723258972,0.0,-0.002681412035599351,24,1,0,-1.3434328138828278e-07,0.03565949574112892,0.03430773317813873
0.1022922636103152,0.0,0.0,0.5,1785362574.684524,0.026074478402733803,-0.0034484234638512135,0.0018521385500207543,0.4965140223503113,0,19.292633056640625,227.89996337890625,5,10967,0.7311285138130188,250.0,plane_test,3.853372573852539,-0.020137105137109756,-0.020458068698644638,-0.000611774914432317,-0.03721163794398308,6.253662586212158,0.4179016351699829,1,0.2588190734386444,-0.9659258723258972,0.0,-0.002681412035599351,24,1,0,-1.4225952327251434e-07,0.037705302238464355,0.03727070614695549
0.10429799426934097,0.0,0.0,0.5,1785362574.705374,0.02404944598674774,-0.00819406472146511,0.0005805558757856488,0.4969956576824188,0,19.949722290039062,227.89996337890625,5,10967,0.7311285138130188,250.0,plane_test,3.842815399169922,-0.020137105137109756,-0.020458068698644638,-0.000611774914432317,-0.03721163794398308,6.253662586212158,0.4179016351699829,1,0.2588190734386444,-0.9659258723258972,0.0,-0.002681412035599351,24,1,0,-1.4225952327251434e-07,0.037705302238464355,0.03727070614695549
0.10630372492836676,0.0,0.0,0.5,1785362574.7292202,0.02404944598674774,-0.00819406472146511,0.0005805558757856488,0.4969956576824188,0,19.949722290039062,227.89996337890625,5,10967,0.7311285138130188,250.0,plane_test,3.842815399169922,-0.020137105137109756,-0.020458068698644638,-0.000611774914432317,-0.03721163794398308,6.253662586212158,0.4179016351699829,1,0.2588190734386444,-0.9659258723258972,0.0,-0.002681412035599351,24,1,0,-1.4225952327251434e-07,0.037705302238464355,0.03727070614695549
0.10830945558739254,0.0,0.0,0.5,1785362574.750722,0.015081572346389294,-0.022526398301124573,-0.0032595444936305285,0.5019251108169556,0,16.804126739501953,234.6616973876953,5,10412,0.6722822785377502,250.0,plane_test,3.842815399169922,-0.044888101518154144,0.0013622113037854433,-0.01648273505270481,-0.03631517291069031,9.116952896118164,0.42356157302856445,1,0.2588190734386444,-0.9659258723258972,0.0,-0.002681412035599351,24,1,1,-3.711320459842682e-07,0.033368464559316635,0.03363337740302086
0.11031518624641833,0.0,0.0,0.5,1785362574.775088,0.015081572346389294,-0.022526398301124573,-0.0032595444936305285,0.5019251108169556,0,16.804126739501953,234.6616973876953,5,10412,0.6722822785377502,250.0,plane_test,3.842815399169922,-0.044888101518154144,0.0013622113037854433,-0.01648273505270481,-0.03631517291069031,9.116952896118164,0.42356157302856445,1,0.2588190734386444,-0.9659258723258972,0.0,-0.002681412035599351,24,1,1,-3.711320459842682e-07,0.033368464559316635,0.03363337740302086
0.11232091690544413,0.0,0.0,0.5,1785362574.795381,0.011775089427828789,-0.024437647312879562,-0.0037716340739279985,0.5055972933769226,0,15.813018798828125,235.27557373046875,5,15854,0.5623616576194763,250.0,plane_test,3.853372573852539,-0.04409915208816528,0.022745799273252487,-0.01906600594520569,-0.034923430532217026,11.375399589538574,0.4270269572734833,1,0.2588190734386444,-0.9659258723258972,0.0,-0.002681412035599351,24,1,0,-3.9814040064811707e-07,0.032016873359680176,0.032598186284303665
0.1143266475644699,0.0,0.0,0.5,1785362574.819374,0.011775089427828789,-0.024437647312879562,-0.0037716340739279985,0.5055972933769226,0,15.813018798828125,235.27557373046875,5,15854,0.5623616576194763,250.0,plane_test,3.853372573852539,-0.04409915208816528,0.022745799273252487,-0.01906600594520569,-0.034923430532217026,11.375399589538574,0.4270269572734833,1,0.2588190734386444,-0.9659258723258972,0.0,-0.002681412035599351,24,1,0,-3.9814040064811707e-07,0.032016873359680176,0.032598186284303665
0.1163323782234957,0.0,0.0,0.5,1785362574.841857,0.0016539464704692364,-0.01942853257060051,-0.004142149351537228,0.5139656066894531,1,12.266060829162598,212.9296112060547,5,10459,0.4272739291191101,250.0,plane_test,3.853372573852539,-0.03619268536567688,0.042917847633361816,-0.01903006248176098,-0.03208506852388382,13.097309112548828,0.4294743239879608,1,0.2588190734386444,-0.9659258723258972,0.0,-0.002681412035599351,24,1,1,0.0016539464704692364,0.02414625883102417,0.02530827932059765
0.11833810888252148,0.0,0.0,0.5,1785362574.863384,0.0016539464704692364,-0.01942853257060051,-0.004142149351537228,0.5139656066894531,1,12.266060829162598,212.9296112060547,5,10459,0.4272739291191101,250.0,plane_test,3.853372573852539,-0.03619268536567688,0.042917847633361816,-0.01903006248176098,-0.03208506852388382,13.097309112548828,0.4294743239879608,1,0.2588190734386444,-0.9659258723258972,0.0,-0.002681412035599351,24,1,1,0.0016539464704692364,0.02414625883102417,0.02530827932059765
0.12034383954154726,0.0,0.0,0.5,1785362574.884392,0.0016539464704692364,-0.01942853257060051,-0.004142149351537228,0.5139656066894531,1,12.266060829162598,152.78643798828125,5,12934,0.19494503736495972,250.0,plane_test,3.853372573852539,-0.029749594628810883,0.09931664913892746,-0.019897235557436943,-0.005864257924258709,14.117330551147461,0.4310987591743469,1,0.2588190734386444,-0.9659258723258972,0.0,-0.002681412035599351,24,1,0,-0.02194497361779213,0.00283634290099144,0.0048678843304514885
0.12234957020057306,0.0,0.0,0.5,1785362574.908422,-0.02194497361779213,-0.017998145893216133,0.020672520622611046,0.519872784614563,1,3.216390609741211,152.78643798828125,5,12934,0.19494503736495972,250.0,plane_test,3.8375368118286133,-0.029749594628810883,0.09931664913892746,-0.019897235557436943,-0.005864257924258709,14.117330551147461,0.4310987591743469,1,0.2588190734386444,-0.9659258723258972,0.0,-0.002681412035599351,24,1,0,-0.02194497361779213,0.00283634290099144,0.0048678843304514885
0.12435530085959885,0.0,0.0,0.5,1785362574.931401,-0.02194497361779213,-0.017998145893216133,0.020672520622611046,0.519872784614563,1,3.216390609741211,152.78643798828125,5,12934,0.19494503736495972,250.0,plane_test,3.8375368118286133,-0.020319020375609398,0.1068841740489006,-0.01930023357272148,-0.0023286473006010056,13.874499320983887,0.43465185165405273,1,0.2588190734386444,-0.9659258723258972,0.0,-0.002681412035599351,24,1,0,-0.02194497361779213,0.00283634290099144,0.0048678843304514885
0.12636103151862463,0.0,0.0,0.5,1785362574.9544032,-0.020030030980706215,-0.013460109941661358,0.01990598812699318,0.5231091380119324,1,1.9085437059402466,119.50382232666016,5,15846,0.30685585737228394,250.0,plane_test,3.8375368118286133,-0.020319020375609398,0.1068841740489006,-0.01930023357272148,-0.0023286473006010056,13.874499320983887,0.43465185165405273,1,0.2588190734386444,-0.9659258723258972,0.0,-0.002681412035599351,24,1,0,-0.022070391103625298,-0.0001631139311939478,0.0019928060937672853
0.12836676217765042,0.0,0.0,0.5,1785362574.979254,-0.020030030980706215,-0.013460109941661358,0.01990598812699318,0.5231091380119324,1,1.9085437059402466,119.50382232666016,5,15846,0.30685585737228394,250.0,plane_test,3.8375368118286133,-0.020319020375609398,0.1068841740489006,-0.01930023357272148,-0.0023286473006010056,13.874499320983887,0.43465185165405273,1,0.2588190734386444,-0.9659258723258972,0.0,-0.002681412035599351,24,1,0,-0.022070391103625298,-0.0001631139311939478,0.0019928060937672853
0.1303724928366762,0.0,0.0,0.5,1785362575.0013492,-0.021289072930812836,-0.011574621312320232,0.02171465940773487,0.5167914032936096,1,0.16250479221343994,140.0418243408203,5,10496,0.40708106756210327,250.0,plane_test,3.8480939865112305,-0.009963857010006905,0.11178696900606155,-0.018018070608377457,0.00440187007188797,12.645732879638672,0.4378769099712372,1,0.2588190734386444,-0.9659258723258972,0.0,-0.002681412035599351,24,1,0,-0.021289072930812836,-0.004037393257021904,-0.0019045628141611814
0.132378223495702,0.0,0.0,0.5,1785362575.0224152,-0.021289072930812836,-0.011574621312320232,0.02171465940773487,0.5167914032936096,1,0.16250479221343994,140.0418243408203,5,10496,0.40708106756210327,250.0,plane_test,3.8480939865112305,-0.009963857010006905,0.11178696900606155,-0.018018070608377457,0.00440187007188797,12.645732879638672,0.4378769099712372,1,0.2588190734386444,-0.9659258723258972,0.0,-0.002681412035599351,24,1,0,-0.021289072930812836,-0.004037393257021904,-0.0019045628141611814
0.13438395415472779,0.0,0.0,0.5,1785362575.0472388,-0.02578582428395748,-0.008051256649196148,0.027314120903611183,0.5119825601577759,1,-2.7150721549987793,160.70925903320312,5,15397,0.5016822218894958,250.0,plane_test,3.8480939865112305,0.0019208015874028206,0.1090664491057396,-0.015151437371969223,0.009628644213080406,11.031722068786621,0.4421040415763855,1,0.2588190734386444,-0.9659258723258972,0.0,-0.002681412035599351,24,1,0,-0.02578582428395748,-0.01073099859058857,-0.008551894687116146
0.13638968481375358,0.0,0.0,0.5,1785362575.071608,-0.02578582428395748,-0.008051256649196148,0.027314120903611183,0.5119825601577759,1,-2.7150721549987793,160.70925903320312,5,15397,0.5016822218894958,250.0,plane_test,3.8480939865112305,0.0019208015874028206,0.1090664491057396,-0.015151437371969223,0.009628644213080406,11.031722068786621,0.4421040415763855,1,0.2588190734386444,-0.9659258723258972,0.0,-0.002681412035599351,24,1,0,-0.02578582428395748,-0.01073099859058857,-0.008551894687116146
0.13839541547277937,0.0,0.0,0.5,1785362575.095389,-0.026723096147179604,-0.0037451316602528095,0.029438279569149017,0.509111762046814,1,-4.917622089385986,175.41879272460938,5,9968,0.5729489922523499,250.0,plane_test,3.8480939865112305,0.007812750525772572,0.10265416651964188,-0.014960840344429016,0.014713006094098091,9.099626541137695,0.444816529750824,1,0.2588190734386444,-0.9659258723258972,0.0,-0.002681412035599351,24,1,0,-0.026723096147179604,-0.007103590294718742,-0.01381717436015606
0.14040114613180513,0.0,0.0,0.5,1785362575.118631,-0.026723096147179604,-0.0037451316602528095,0.029438279569149017,0.509111762046814,1,-4.917622089385986,175.41879272460938,5,9968,0.5729489922523499,250.0,plane_test,3.8480939865112305,0.007812750525772572,0.10265416651964188,-0.014960840344429016,0.014713006094098091,9.099626541137695,0.444816529750824,1,0.2588190734386444,-0.9659258723258972,0.0,-0.002681412035599351,24,1,0,-0.026723096147179604,-0.007103590294718742,-0.01381717436015606
0.14240687679083094,0.0,0.0,0.5,1785362575.142456,-0.027730165049433708,0.0016442561754956841,0.031924955546855927,0.5069928169250488,1,-7.1682233810424805,179.40220642089844,5,10517,0.6030568480491638,250.0,plane_test,3.8480939865112305,0.015872662886977196,0.0911758616566658,-0.013440766371786594,0.018370000645518303,6.920242786407471,0.44957423210144043,1,0.2588190734386444,-0.9659258723258972,0.0,-0.002681412035599351,24,1,0,-0.028848648071289062,-0.004641459323465824,-0.018368100747466087
0.14441260744985673,0.0,0.0,0.5,1785362575.167576,-0.027730165049433708,0.0016442561754956841,0.031924955546855927,0.5069928169250488,1,-7.1682233810424805,179.40220642089844,5,10517,0.6030568480491638,250.0,plane_test,3.8480939865112305,0.015872662886977196,0.0911758616566658,-0.013440766371786594,0.018370000645518303,6.920242786407471,0.44957423210144043,1,0.2588190734386444,-0.9659258723258972,0.0,-0.002681412035599351,24,1,0,-0.028848648071289062,-0.004641459323465824,-0.018368100747466087
0.14641833810888252,0.0,0.0,0.5,1785362575.1893919,-0.031362712383270264,0.0006402880535461009,0.035416632890701294,0.5069521069526672,1,-8.821258544921875,181.15969848632812,5,15839,0.6387372612953186,250.0,plane_test,3.842815399169922,0.0210230965167284,0.08759256452322006,-0.012936488725244999,0.02642734907567501,4.566617488861084,0.4543044865131378,1,0.2588190734386444,-0.9659258723258972,0.0,-0.002681412035599351,24,1,0,-0.031362712383270264,-0.001788742607459426,-0.024362783879041672
0.14842406876790828,0.0,0.0,0.5,1785362575.214375,-0.031362712383270264,0.0006402880535461009,0.035416632890701294,0.5069521069526672,1,-8.821258544921875,181.15969848632812,5,15839,0.6387372612953186,250.0,plane_test,3.842815399169922,0.0210230965167284,0.08759256452322006,-0.012936488725244999,0.02642734907567501,4.566617488861084,0.4543044865131378,1,0.2588190734386444,-0.9659258723258972,0.0,-0.002681412035599351,24,1,0,-0.031362712383270264,-0.001788742607459426,-0.024362783879041672
0.15042979942693407,0.0,0.0,0.5,1785362575.236407,-0.031137727200984955,0.00482717901468277,0.03630558401346207,0.5077210664749146,1,-10.182759284973145,178.3965301513672,5,9517,0.6410608887672424,250.0,plane_test,3.842815399169922,0.027145326137542725,0.07411977648735046,-0.010811902582645416,0.0290414709597826,2.1776013374328613,0.45796456933021545,1,0.2588190734386444,-0.9659258723258972,0.0,-0.002681412035599351,24,1,24,-0.031137727200984955,0.0012994039570912719,-0.02751162089407444
0.1524355300859599,0.0,0.0,0.5,1785362575.260149,-0.031137727200984955,0.00482717901468277,0.03630558401346207,0.5077210664749146,1,-10.182759284973145,178.3965301513672,5,9517,0.6410608887672424,250.0,plane_test,3.842815399169922,0.027145326137542725,0.07411977648735046,-0.010811902582645416,0.0290414709597826,2.1776013374328613,0.45796456933021545,1,0.2588190734386444,-0.9659258723258972,0.0,-0.002681412035599351,24,1,24,-0.031137727200984955,0.0012994039570912719,-0.02751162089407444
0.15444126074498565,0.0,0.0,0.5,1785362575.284425,-0.031137727200984955,0.00482717901468277,0.03630558401346207,0.5077210664749146,1,-10.182759284973145,178.3965301513672,5,10556,0.6410608887672424,250.0,plane_test,3.842815399169922,0.045965444296598434,0.05743333324790001,-0.001375806052237749,0.02981441468000412,-0.24634383618831635,0.46051332354545593,1,0.2588190734386444,-0.9659258723258972,0.0,-0.002681412035599351,24,1,0,-0.028888389468193054,0.003233351046219468,-0.02773859351873398
0.15644699140401144,0.0,0.0,0.5,1785362575.305706,-0.028888389468193054,0.008246401324868202,0.03489308059215546,0.5078832507133484,1,-10.407364845275879,166.71669006347656,5,10556,0.6085774302482605,250.0,plane_test,3.8375368118286133,0.045965444296598434,0.05743333324790001,-0.001375806052237749,0.02981441468000412,-0.24634383618831635,0.46051332354545593,1,0.2588190734386444,-0.9659258723258972,0.0,-0.002681412035599351,24,1,0,-0.028888389468193054,0.003233351046219468,-0.02773859351873398
0.15845272206303723,0.0,0.0,0.5,1785362575.329234,-0.028888389468193054,0.008246401324868202,0.03489308059215546,0.5078832507133484,1,-10.407364845275879,166.71669006347656,5,10556,0.6085774302482605,250.0,plane_test,3.8375368118286133,0.045965444296598434,0.05743333324790001,-0.001375806052237749,0.02981441468000412,-0.24634383618831635,0.46051332354545593,1,0.2588190734386444,-0.9659258723258972,0.0,-0.002681412035599351,24,1,0,-0.028888389468193054,0.003233351046219468,-0.02773859351873398
0.16045845272206305,0.0,0.0,0.5,1785362575.352434,-0.025904634967446327,0.020284444093704224,0.03502965345978737,0.5096901655197144,1,-11.58010482788086,159.14479064941406,5,15282,0.5945735573768616,250.0,plane_test,3.8375368118286133,0.04940224066376686,0.04330139607191086,0.0016229457687586546,0.031047610566020012,-2.4981555938720703,0.46449506282806396,1,0.2588190734386444,-0.9659258723258972,0.0,-0.002681412035599351,24,1,0,-0.026591014117002487,0.0053841667249798775,-0.027526870369911194
0.1624641833810888,0.0,0.0,0.5,1785362575.3756301,-0.025904634967446327,0.020284444093704224,0.03502965345978737,0.5096901655197144,1,-11.58010482788086,159.14479064941406,5,15282,0.5945735573768616,250.0,plane_test,3.8375368118286133,0.04940224066376686,0.04330139607191086,0.0016229457687586546,0.031047610566020012,-2.4981555938720703,0.46449506282806396,1,0.2588190734386444,-0.9659258723258972,0.0,-0.002681412035599351,24,1,0,-0.026591014117002487,0.0053841667249798775,-0.027526870369911194
0.1644699140401146,0.0,0.0,0.5,1785362575.400476,-0.024361297488212585,0.019502442330121994,0.03322233632206917,0.5107609629631042,1,-11.237710952758789,141.36788940429688,5,10434,0.5468626618385315,250.0,plane_test,3.8480939865112305,0.05234372243285179,0.030329043045639992,0.005942988209426403,0.03159395232796669,-4.616056442260742,0.46814700961112976,1,0.2588190734386444,-0.9659258723258972,0.0,-0.002681412035599351,24,1,0,-0.024361297488212585,0.008155249990522861,-0.027543367817997932
0.1664756446991404,0.0,0.0,0.5,1785362575.4253922,-0.024361297488212585,0.019502442330121994,0.03322233632206917,0.5107609629631042,1,-11.237710952758789,141.36788940429688,5,10434,0.5468626618385315,250.0,plane_test,3.8480939865112305,0.05234372243285179,0.030329043045639992,0.005942988209426403,0.03159395232796669,-4.616056442260742,0.46814700961112976,1,0.2588190734386444,-0.9659258723258972,0.0,-0.002681412035599351,24,1,0,-0.024361297488212585,0.008155249990522861,-0.027543367817997932
0.16848137535816618,0.0,0.0,0.5,1785362575.4504662,-0.014663266018033028,0.03278264403343201,0.02674061432480812,0.5143846869468689,1,-10.473278045654297,122.9396743774414,5,12776,0.4828665852546692,250.0,plane_test,3.8480939865112305,0.06102535501122475,0.012300979346036911,0.013703487813472748,0.028440404683351517,-6.413125991821289,0.46947184205055237,1,0.2588190734386444,-0.9659258723258972,0.0,-0.002681412035599351,24,1,0,-0.015055635944008827,0.012475967407226562,-0.021068226546049118
0.17048710601719197,0.0,0.0,0.5,1785362575.4750981,-0.014663266018033028,0.03278264403343201,0.02674061432480812,0.5143846869468689,1,-10.473278045654297,122.9396743774414,5,12776,0.4828665852546692,250.0,plane_test,3.8480939865112305,0.06102535501122475,0.012300979346036911,0.013703487813472748,0.028440404683351517,-6.413125991821289,0.46947184205055237,1,0.2588190734386444,-0.9659258723258972,0.0,-0.002681412035599351,24,1,0,-0.015055635944008827,0.012475967407226562,-0.021068226546049118
0.17249283667621776,0.0,0.0,0.5,1785362575.500077,-0.012663563713431358,0.03505013883113861,0.025277944281697273,0.5151447057723999,1,-10.138360023498535,122.81913757324219,5,11667,0.4085234999656677,250.0,plane_test,3.8375368118286133,0.058755192905664444,5.3099109209142625e-05,0.016580983996391296,0.026324616745114326,-7.774256706237793,0.47060656547546387,1,0.2588190734386444,-0.9659258723258972,0.0,-0.002681412035599351,24,1,0,-0.012663563713431358,0.015005840919911861,-0.019817547872662544
0.17449856733524355,0.0,0.0,0.5,1785362575.5214741,-0.012663563713431358,0.03505013883113861,0.025277944281697273,0.5151447057723999,1,-10.138360023498535,122.81913757324219,5,11667,0.4085234999656677,250.0,plane_test,3.8375368118286133,0.058755192905664444,5.3099109209142625e-05,0.016580983996391296,0.026324616745114326,-7.774256706237793,0.47060656547546387,1,0.2588190734386444,-0.9659258723258972,0.0,-0.002681412035599351,24,1,0,-0.012663563713431358,0.015005840919911861,-0.019817547872662544
0.17650429799426934,0.0,0.0,0.5,1785362575.5432918,-0.008045460097491741,0.03620128333568573,0.02080537937581539,0.5194685459136963,1,-8.827756881713867,128.37933349609375,5,10751,0.30181342363357544,250.0,plane_test,3.8375368118286133,0.05170338228344917,-0.009827465750277042,0.017400627955794334,0.02356491982936859,-8.839468002319336,0.4736928641796112,1,0.2588190734386444,-0.9659258723258972,0.0,-0.002681412035599351,24,1,0,-0.010107883252203465,0.016702882945537567,-0.01781269535422325
0.1785100286532951,0.0,0.0,0.5,1785362575.566751,-0.008045460097491741,0.03620128333568573,0.02080537937581539,0.5194685459136963,1,-8.827756881713867,128.37933349609375,5,10751,0.30181342363357544,250.0,plane_test,3.8375368118286133,0.05170338228344917,-0.009827465750277042,0.017400627955794334,0.02356491982936859,-8.839468002319336,0.4736928641796112,1,0.2588190734386444,-0.9659258723258972,0.0,-0.002681412035599351,24,1,0,-0.010107883252203465,0.016702882945537567,-0.01781269535422325
0.1805157593123209,0.0,0.0,0.5,1785362575.591817,-0.0038430553395301104,0.03871386870741844,0.017127975821495056,0.5217782855033875,1,-7.625718116760254,127.1094970703125,5,14943,0.18099302053451538,250.0,plane_test,3.8375368118286133,0.06172182783484459,-0.018984459340572357,0.025964932516217232,0.019728541374206543,-9.545578002929688,0.47556185722351074,1,0.2588190734386444,-0.9659258723258972,0.0,-0.002681412035599351,24,1,0,-0.0038430553395301104,0.019199445843696594,-0.012422165833413601
0.18252148997134668,0.0,0.0,0.5,1785362575.612383,-0.0038430553395301104,0.03871386870741844,0.017127975821495056,0.5217782855033875,1,-7.625718116760254,127.1094970703125,5,14943,0.18099302053451538,250.0,plane_test,3.8375368118286133,0.06172182783484459,-0.018984459340572357,0.025964932516217232,0.019728541374206543,-9.545578002929688,0.47556185722351074,1,0.2588190734386444,-0.9659258723258972,0.0,-0.002681412035599351,24,1,0,-0.0038430553395301104,0.019199445843696594,-0.012422165833413601
0.18452722063037247,0.0,0.0,0.5,1785362575.633447,-0.0038430553395301104,0.03871386870741844,0.017127975821495056,0.5217782855033875,1,-7.625718116760254,117.17559051513672,5,9797,0.017261872068047523,250.0,plane_test,3.8375368118286133,0.05892425775527954,-0.020490827038884163,0.028174882754683495,0.018401311710476875,-9.837286949157715,0.4796047508716583,1,0.2588190734386444,-0.9659258723258972,0.0,-0.002681412035599351,24,1,24,0.0001571071334183216,0.01787077821791172,-0.008151042275130749
0.18653295128939829,0.0,0.0,0.5,1785362575.657521,0.0001571071334183216,0.047143418341875076,0.015245393849909306,0.5250347256660461,1,-6.847697734832764,117.17559051513672,5,9797,0.017261872068047523,250.0,plane_test,3.8375368118286133,0.05892425775527954,-0.020490827038884163,0.028174882754683495,0.018401311710476875,-9.837286949157715,0.4796047508716583,1,0.2588190734386444,-0.9659258723258972,0.0,-0.002681412035599351,24,1,24,0.0001571071334183216,0.01787077821791172,-0.008151042275130749
0.18853868194842408,0.0,0.0,0.5,1785362575.6813881,0.0001571071334183216,0.047143418341875076,0.015245393849909306,0.5250347256660461,1,-6.847697734832764,117.17559051513672,5,9797,0.017261872068047523,250.0,plane_test,3.8375368118286133,0.060141872614622116,-0.02542058378458023,0.032407619059085846,0.01460311934351921,-9.826448440551758,0.4807687997817993,1,0.2588190734386444,-0.9659258723258972,0.0,-0.002681412035599351,24,1,24,0.0001571071334183216,0.01787077821791172,-0.008151042275130749
0.19054441260744986,0.0,0.0,0.5,1785362575.70524,0.0021708672866225243,0.050631750375032425,0.014095292426645756,0.5249645113945007,1,-6.248291492462158,114.36356353759766,5,14324,0.015610864385962486,250.0,plane_test,3.842815399169922,0.060141872614622116,-0.02542058378458023,0.032407619059085846,0.01460311934351921,-9.826448440551758,0.4807687997817993,1,0.2588190734386444,-0.9659258723258972,0.0,-0.002681412035599351,24,1,0,0.0021708672866225243,0.01616150327026844,-0.005442904308438301
0.19255014326647563,0.0,0.0,0.5,1785362575.729395,0.0021708672866225243,0.050631750375032425,0.014095292426645756,0.5249645113945007,1,-6.248291492462158,114.36356353759766,5,14324,0.015610864385962486,250.0,plane_test,3.842815399169922,0.060141872614622116,-0.02542058378458023,0.032407619059085846,0.01460311934351921,-9.826448440551758,0.4807687997817993,1,0.2588190734386444,-0.9659258723258972,0.0,-0.002681412035599351,24,1,0,0.0021708672866225243,0.01616150327026844,-0.005442904308438301
0.19455587392550142,0.0,0.0,0.5,1785362575.754376,0.005070787854492664,0.05528401583433151,0.012339644134044647,0.5249550342559814,1,-5.030071258544922,107.10674285888672,5,10239,0.09603530168533325,250.0,plane_test,3.842815399169922,0.06114392727613449,-0.022903870791196823,0.03688981756567955,0.013350787572562695,-9.572035789489746,0.48371797800064087,1,0.2588190734386444,-0.9659258723258972,0.0,-0.002681412035599351,24,1,24,0.005070787854492664,0.013064727187156677,-0.001043318072333932
0.1965616045845272,0.0,0.0,0.5,1785362575.778381,0.005070787854492664,0.05528401583433151,0.012339644134044647,0.5249550342559814,1,-5.030071258544922,107.10674285888672,5,10239,0.09603530168533325,250.0,plane_test,3.842815399169922,0.06114392727613449,-0.022903870791196823,0.03688981756567955,0.013350787572562695,-9.572035789489746,0.48371797800064087,1,0.2588190734386444,-0.9659258723258972,0.0,-0.002681412035599351,24,1,24,0.005070787854492664,0.013064727187156677,-0.001043318072333932
0.198567335243553,0.0,0.0,0.5,1785362575.799388,0.004590645432472229,0.056165993213653564,0.013073049485683441,0.5246105194091797,1,-4.778878688812256,102.07754516601562,5,10729,0.1641489863395691,250.0,plane_test,3.8375368118286133,0.05793796479701996,-0.017354246228933334,0.03965902701020241,0.012956800870597363,-9.101219177246094,0.4853685200214386,1,0.2588190734386444,-0.9659258723258972,0.0,-0.002681412035599351,24,1,0,0.004590645432472229,0.009666979312896729,3.915978595614433e-05
0.20057306590257878,0.0,0.0,0.5,1785362575.8223941,0.004590645432472229,0.056165993213653564,0.013073049485683441,0.5246105194091797,1,-4.778878688812256,102.07754516601562,5,10729,0.1641489863395691,250.0,plane_test,3.8375368118286133,0.05793796479701996,-0.017354246228933334,0.03965902701020241,0.012956800870597363,-9.101219177246094,0.4853685200214386,1,0.2588190734386444,-0.9659258723258972,0.0,-0.002681412035599351,24,1,0,0.004590645432472229,0.009666979312896729,3.915978595614433e-05
0.20257879656160455,0.0,0.0,0.5,1785362575.8443892,0.004465390928089619,0.05814386531710625,0.013732691295444965,0.5235440135002136,1,-4.243818759918213,105.49950408935547,5,14859,0.19734472036361694,250.0,plane_test,3.8375368118286133,0.05226403474807739,-0.013157464563846588,0.04146970808506012,0.011559191159904003,-8.581507682800293,0.4882849454879761,1,0.2588190734386444,-0.9659258723258972,0.0,-0.002681412035599351,24,1,0,0.0038504046387970448,0.00724304374307394,0.0008206136990338564
0.2045845272206304,0.0,0.0,0.5,1785362575.867027,0.004465390928089619,0.05814386531710625,0.013732691295444965,0.5235440135002136,1,-4.243818759918213,105.49950408935547,5,14859,0.19734472036361694,250.0,plane_test,3.8375368118286133,0.05226403474807739,-0.013157464563846588,0.04146970808506012,0.011559191159904003,-8.581507682800293,0.4882849454879761,1,0.2588190734386444,-0.9659258723258972,0.0,-0.002681412035599351,24,1,0,0.0038504046387970448,0.00724304374307394,0.0008206136990338564
0.20659025787965615,0.0,0.0,0.5,1785362575.891764,0.004152223933488131,0.05972404032945633,0.014480313286185265,0.522635281085968,1,-4.015665531158447,106.16236877441406,5,9828,0.21404308080673218,250.0,plane_test,3.842815399169922,0.049780070781707764,-0.007952364161610603,0.04486111178994179,0.010745189152657986,-8.014800071716309,0.48981985449790955,1,0.2588190734386444,-0.9659258723258972,0.0,-0.002681412035599351,24,1,0,0.004152223933488131,0.0044829146936535835,0.002991011133417487
0.20859598853868194,0.0,0.0,0.5,1785362575.915313,0.004152223933488131,0.05972404032945633,0.014480313286185265,0.522635281085968,1,-4.015665531158447,106.16236877441406,5,9828,0.21404308080673218,250.0,plane_test,3.842815399169922,0.049780070781707764,-0.007952364161610603,0.04486111178994179,0.010745189152657986,-8.014800071716309,0.48981985449790955,1,0.2588190734386444,-0.9659258723258972,0.0,-0.002681412035599351,24,1,0,0.004152223933488131,0.0044829146936535835,0.002991011133417487
0.21060171919770773,0.0,0.0,0.5,1785362575.940512,-0.00022329669445753098,0.057302914559841156,0.018361445516347885,0.5225839614868164,1,-4.604217529296875,114.74984741210938,5,13264,0.19406062364578247,250.0,plane_test,3.842815399169922,0.036962661892175674,0.0024010029155761003,0.042468905448913574,0.013266205787658691,-7.392209053039551,0.4928780496120453,1,0.2588190734386444,-0.9659258723258972,0.0,-0.002681412035599351,24,1,0,0.001251552370376885,0.0022170923184603453,0.0016370749799534678
0.21260744985673352,0.0,0.0,0.5,1785362575.96333,-0.00022329669445753098,0.057302914559841156,0.018361445516347885,0.5225839614868164,1,-4.604217529296875,114.74984741210938,5,13264,0.19406062364578247,250.0,plane_test,3.842815399169922,0.036962661892175674,0.0024010029155761003,0.042468905448913574,0.013266205787658691,-7.392209053039551,0.4928780496120453,1,0.2588190734386444,-0.9659258723258972,0.0,-0.002681412035599351,24,1,0,0.001251552370376885,0.0022170923184603453,0.0016370749799534678
0.2146131805157593,0.0,0.0,0.5,1785362575.984947,-0.00022329669445753098,0.057302914559841156,0.018361445516347885,0.5225839614868164,1,-4.604217529296875,114.74984741210938,5,10450,0.19406062364578247,250.0,plane_test,3.842815399169922,0.028630048036575317,0.007894674316048622,0.04147600382566452,0.013993298634886742,-6.873846530914307,0.4954710900783539,1,0.2588190734386444,-0.9659258723258972,0.0,-0.002681412035599351,24,1,0,-0.0008358664344996214,0.0007818021113052964,0.0007284478051587939
0.21661891117478507,0.0,0.0,0.5,1785362576.0063848,-0.0008358664344996214,0.05686880275607109,0.018879305571317673,0.5227108001708984,1,-4.502960681915283,120.0157241821289,5,10450,0.15832823514938354,250.0,plane_test,3.842815399169922,0.028630048036575317,0.007894674316048622,0.04147600382566452,0.013993298634886742,-6.873846530914307,0.4954710900783539,1,0.2588190734386444,-0.9659258723258972,0.0,-0.002681412035599351,24,1,0,-0.0008358664344996214,0.0007818021113052964,0.0007284478051587939
0.21862464183381086,0.0,0.0,0.5,1785362576.0293918,-0.0008358664344996214,0.05686880275607109,0.018879305571317673,0.5227108001708984,1,-4.502960681915283,120.0157241821289,5,10450,0.15832823514938354,250.0,plane_test,3.842815399169922,0.028630048036575317,0.007894674316048622,0.04147600382566452,0.013993298634886742,-6.873846530914307,0.4954710900783539,1,0.2588190734386444,-0.9659258723258972,0.0,-0.002681412035599351,24,1,0,-0.0008358664344996214,0.0007818021113052964,0.0007284478051587939
0.22063037249283665,0.0,0.0,0.5,1785362576.052039,-0.0036965690087527037,0.0557003952562809,0.02152784913778305,0.5228030681610107,1,-4.968958377838135,129.2532501220703,5,13728,0.1127360463142395,250.0,plane_test,3.842815399169922,0.024171387776732445,0.017612047493457794,0.04145137220621109,0.017913050949573517,-6.4227776527404785,0.49870526790618896,1,0.2588190734386444,-0.9659258723258972,0.0,-0.002681412035599351,24,1,24,-0.0036965690087527037,-0.00124869286082685,-0.0013740111608058214
0.22263610315186244,0.0,0.0,0.5,1785362576.075933,-0.0036965690087527037,0.0557003952562809,0.02152784913778305,0.5228030681610107,1,-4.968958377838135,129.2532501220703,5,13728,0.1127360463142395,250.0,plane_test,3.842815399169922,0.024171387776732445,0.017612047493457794,0.04145137220621109,0.017913050949573517,-6.4227776527404785,0.49870526790618896,1,0.2588190734386444,-0.9659258723258972,0.0,-0.002681412035599351,24,1,24,-0.0036965690087527037,-0.00124869286082685,-0.0013740111608058214
0.22464183381088826,0.0,0.0,0.5,1785362576.100074,-0.009978006593883038,0.05710983648896217,0.028408529236912727,0.5230618715286255,1,-6.783716678619385,138.60568237304688,5,9664,0.009671192616224289,250.0,plane_test,3.842815399169922,0.02291620709002018,0.029043210670351982,0.04268146678805351,0.02369610406458378,-6.088494300842285,0.5007016062736511,1,0.2588190734386444,-0.9659258723258972,0.0,-0.002681412035599351,24,1,0,-0.009978006593883038,-0.0010732556693255901,-0.0068590715527534485
0.22664756446991405,0.0,0.0,0.5,1785362576.120437,-0.009978006593883038,0.05710983648896217,0.028408529236912727,0.5230618715286255,1,-6.783716678619385,138.60568237304688,5,9664,0.009671192616224289,250.0,plane_test,3.842815399169922,0.02291620709002018,0.029043210670351982,0.04268146678805351,0.02369610406458378,-6.088494300842285,0.5007016062736511,1,0.2588190734386444,-0.9659258723258972,0.0,-0.002681412035599351,24,1,0,-0.009978006593883038,-0.0010732556693255901,-0.0068590715527534485
0.2286532951289398,0.0,0.0,0.5,1785362576.1414888,-0.011597608216106892,0.05442465841770172,0.029365772381424904,0.5229833722114563,1,-7.255458354949951,162.821044921875,5,10839,0.011202426627278328,250.0,plane_test,3.842815399169922,0.014933094382286072,0.027573274448513985,0.040085308253765106,0.0238310806453228,-6.068064212799072,0.503090500831604,1,0.2588190734386444,-0.9659258723258972,0.0,-0.002681412035599351,24,1,0,-0.012203789316117764,0.0016675255028530955,-0.009612699039280415
0.2306590257879656,0.0,0.0,0.5,1785362576.1615958,-0.011597608216106892,0.05442465841770172,0.029365772381424904,0.5229833722114563,1,-7.255458354949951,162.821044921875,5,10839,0.011202426627278328,250.0,plane_test,3.842815399169922,0.014933094382286072,0.027573274448513985,0.040085308253765106,0.0238310806453228,-6.068064212799072,0.503090500831604,1,0.2588190734386444,-0.9659258723258972,0.0,-0.002681412035599351,24,1,0,-0.012203789316117764,0.0016675255028530955,-0.009612699039280415
0.2326647564469914,0.0,0.0,0.5,1785362576.186313,-0.022399045526981354,0.057325974106788635,0.0413256473839283,0.5227093696594238,1,-10.593603134155273,168.98309326171875,5,14362,0.01567845419049263,250.0,plane_test,3.842815399169922,0.01682152785360813,0.04431607574224472,0.04260749742388725,0.03618502616882324,-6.217620372772217,0.5057697892189026,1,0.2588190734386444,-0.9659258723258972,0.0,-0.002681412035599351,24,1,0,-0.022399045526981354,0.004100551828742027,-0.020154673606157303
0.23467048710601718,0.0,0.0,0.5,1785362576.208503,-0.022399045526981354,0.057325974106788635,0.0413256473839283,0.5227093696594238,1,-10.593603134155273,168.98309326171875,5,14362,0.01567845419049263,250.0,plane_test,3.8375368118286133,0.01682152785360813,0.04431607574224472,0.04260749742388725,0.03618502616882324,-6.217620372772217,0.5057697892189026,1,0.2588190734386444,-0.9659258723258972,0.0,-0.002681412035599351,24,1,0,-0.022399045526981354,0.004100551828742027,-0.020154673606157303
0.23667621776504297,0.0,0.0,0.5,1785362576.233591,-0.022399045526981354,0.057325974106788635,0.0413256473839283,0.5227093696594238,1,-10.593603134155273,168.98309326171875,5,14362,0.01567845419049263,250.0,plane_test,3.8375368118286133,0.011471625417470932,0.040699463337659836,0.040690578520298004,0.038477808237075806,-6.715459823608398,0.5071372985839844,1,0.2588190734386444,-0.9659258723258972,0.0,-0.002681412035599351,24,1,24,-0.022399045526981354,0.004100551828742027,-0.020154673606157303
0.23868194842406873,0.0,0.0,0.5,1785362576.2586749,-0.023491615429520607,0.05614965409040451,0.042141564190387726,0.5222980380058289,1,-11.095943450927734,185.84051513671875,5,9660,0.10296839475631714,250.0,plane_test,3.8375368118286133,0.011471625417470932,0.040699463337659836,0.040690578520298004,0.038477808237075806,-6.715459823608398,0.5071372985839844,1,0.2588190734386444,-0.9659258723258972,0.0,-0.002681412035599351,24,1,24,-0.023491615429520607,0.01031360775232315,-0.023585591465234756
0.24068767908309452,0.0,0.0,0.5,1785362576.283432,-0.023491615429520607,0.05614965409040451,0.042141564190387726,0.5222980380058289,1,-11.095943450927734,185.84051513671875,5,10493,0.10296839475631714,250.0,plane_test,3.8375368118286133,0.013426576741039753,0.037150800228118896,0.04260769113898277,0.04219983145594597,-7.379634857177734,0.5096756815910339,1,0.2588190734386444,-0.9659258723258972,0.0,-0.002681412035599351,24,1,0,-0.02498919516801834,0.0118641322478652,-0.026287687942385674
0.2426934097421203,0.0,0.0,0.5,1785362576.308428,-0.02498919516801834,0.05931612476706505,0.04454042762517929,0.5221651196479797,1,-12.118653297424316,179.13919067382812,5,10493,0.17832452058792114,250.0,plane_test,3.8375368118286133,0.013426576741039753,0.037150800228118896,0.04260769113898277,0.04219983145594597,-7.379634857177734,0.5096756815910339,1,0.2588190734386444,-0.9659258723258972,0.0,-0.002681412035599351,24,1,0,-0.02498919516801834,0.0118641322478652,-0.026287687942385674
0.24469914040114613,0.0,0.0,0.5,1785362576.3316338,-0.02498919516801834,0.05931612476706505,0.04454042762517929,0.5221651196479797,1,-12.118653297424316,179.13919067382812,5,10493,0.17832452058792114,250.0,plane_test,3.8375368118286133,0.011880245991051197,0.03175019845366478,0.0420391783118248,0.045278631150722504,-8.185643196105957,0.5111304521560669,1,0.2588190734386444,-0.9659258723258972,0.0,-0.002681412035599351,24,1,0,-0.02498919516801834,0.0118641322478652,-0.026287687942385674
0.24670487106017192,0.0,0.0,0.5,1785362576.354819,-0.026743505150079727,0.058218833059072495,0.04606260359287262,0.5206390619277954,1,-12.5108060836792,188.51177978515625,5,15122,0.2443109154701233,250.0,plane_test,3.8375368118286133,0.011880245991051197,0.03175019845366478,0.0420391783118248,0.045278631150722504,-8.185643196105957,0.5111304521560669,1,0.2588190734386444,-0.9659258723258972,0.0,-0.002681412035599351,24,1,0,-0.024757813662290573,0.014175906777381897,-0.02752065844833851
0.2487106017191977,0.0,0.0,0.5,1785362576.376373,-0.026743505150079727,0.058218833059072495,0.04606260359287262,0.5206390619277954,1,-12.5108060836792,188.51177978515625,5,15122,0.2443109154701233,250.0,plane_test,3.8375368118286133,0.011880245991051197,0.03175019845366478,0.0420391783118248,0.045278631150722504,-8.185643196105957,0.5111304521560669,1,0.2588190734386444,-0.9659258723258972,0.0,-0.002681412035599351,24,1,0,-0.024757813662290573,0.014175906777381897,-0.02752065844833851
0.2507163323782235,0.0,0.0,0.5,1785362576.399668,-0.02803020179271698,0.057825442403554916,0.04728928208351135,0.5202374458312988,1,-12.99556827545166,191.39706420898438,5,9659,0.2429245114326477,250.0,plane_test,3.8375368118286133,0.011998221278190613,0.02705368585884571,0.041993942111730576,0.04868827015161514,-8.98160171508789,0.5136654376983643,1,0.2588190734386444,-0.9659258723258972,0.0,-0.002681412035599351,24,1,0,-0.02803020179271698,0.014781267382204533,-0.03201477602124214
0.25272206303724926,0.0,0.0,0.5,1785362576.422396,-0.02803020179271698,0.057825442403554916,0.04728928208351135,0.5202374458312988,1,-12.99556827545166,191.39706420898438,5,9659,0.2429245114326477,250.0,plane_test,3.8375368118286133,0.011998221278190613,0.02705368585884571,0.041993942111730576,0.04868827015161514,-8.98160171508789,0.5136654376983643,1,0.2588190734386444,-0.9659258723258972,0.0,-0.002681412035599351,24,1,0,-0.02803020179271698,0.014781267382204533,-0.03201477602124214
0.2547277936962751,0.0,0.0,0.5,1785362576.443012,-0.030533798038959503,0.05826321989297867,0.04999849572777748,0.5197275876998901,1,-13.662534713745117,196.8682861328125,5,10376,0.2609279751777649,250.0,plane_test,3.8375368118286133,0.011579430662095547,0.021633094176650047,0.04117516428232193,0.0514761321246624,-9.850927352905273,0.5145146250724792,1,0.2588190734386444,-0.9659258723258972,0.0,-0.002681412035599351,24,1,24,-0.030533798038959503,0.015609681606292725,-0.03596579656004906
0.25673352435530084,0.0,0.0,0.5,1785362576.46508,-0.030533798038959503,0.05826321989297867,0.04999849572777748,0.5197275876998901,1,-13.662534713745117,196.8682861328125,5,10376,0.2609279751777649,250.0,plane_test,3.8375368118286133,0.011579430662095547,0.021633094176650047,0.04117516428232193,0.0514761321246624,-9.850927352905273,0.5145146250724792,1,0.2588190734386444,-0.9659258723258972,0.0,-0.002681412035599351,24,1,24,-0.030533798038959503,0.015609681606292725,-0.03596579656004906
0.2587392550143266,0.0,0.0,0.5,1785362576.489385,-0.03148385509848595,0.057189151644706726,0.05069427192211151,0.5190222263336182,1,-13.745953559875488,200.7474365234375,5,14059,0.24536293745040894,250.0,plane_test,3.8375368118286133,0.01145042385905981,0.014859848655760288,0.03982586786150932,0.05315999686717987,-10.709066390991211,0.5161078572273254,1,0.2588190734386444,-0.9659258723258972,0.0,-0.002681412035599351,24,1,0,-0.03148385509848595,0.015711603686213493,-0.03794633597135544
0.2607449856733524,0.0,0.0,0.5,1785362576.510515,-0.03148385509848595,0.057189151644706726,0.05069427192211151,0.5190222263336182,1,-13.745953559875488,200.7474365234375,5,14059,0.24536293745040894,250.0,plane_test,3.8375368118286133,0.01145042385905981,0.014859848655760288,0.03982586786150932,0.05315999686717987,-10.709066390991211,0.5161078572273254,1,0.2588190734386444,-0.9659258723258972,0.0,-0.002681412035599351,24,1,0,-0.03148385509848595,0.015711603686213493,-0.03794633597135544
0.26275071633237823,0.0,0.0,0.5,1785362576.5334132,-0.03148385509848595,0.057189151644706726,0.05069427192211151,0.5190222263336182,1,-13.745953559875488,200.7474365234375,5,9606,0.24536293745040894,250.0,plane_test,3.8375368118286133,0.015442347154021263,0.006844178307801485,0.04049903154373169,0.053693708032369614,-11.528365135192871,0.5174726843833923,1,0.2588190734386444,-0.9659258723258972,0.0,-0.002681412035599351,24,1,24,-0.03041325882077217,0.017325913533568382,-0.038615237921476364
0.264756446991404,0.0,0.0,0.5,1785362576.558491,-0.03041325882077217,0.05900559574365616,0.050072625279426575,0.5191872119903564,1,-13.642413139343262,201.42190551757812,5,9606,0.21317917108535767,250.0,plane_test,3.8375368118286133,0.015442347154021263,0.006844178307801485,0.04049903154373169,0.053693708032369614,-11.528365135192871,0.5174726843833923,1,0.2588190734386444,-0.9659258723258972,0.0,-0.002681412035599351,24,1,24,-0.03041325882077217,0.017325913533568382,-0.038615237921476364
0.2667621776504298,0.0,0.0,0.5,1785362576.582339,-0.03041325882077217,0.05900559574365616,0.050072625279426575,0.5191872119903564,1,-13.642413139343262,201.42190551757812,5,14225,0.21317917108535767,250.0,plane_test,3.8375368118286133,0.01867724396288395,-0.003045231569558382,0.0407077856361866,0.0522579625248909,-12.220651626586914,0.517727792263031,1,0.2588190734386444,-0.9659258723258972,0.0,-0.002681412035599351,24,1,0,-0.029562365263700485,0.017781810835003853,-0.038737405091524124
0.26876790830945557,0.0,0.0,0.5,1785362576.6054132,-0.029562365263700485,0.06022670120000839,0.04951890930533409,0.5190112590789795,1,-13.630346298217773,199.74844360351562,5,14225,0.15770941972732544,250.0,plane_test,3.8322582244873047,0.01867724396288395,-0.003045231569558382,0.0407077856361866,0.0522579625248909,-12.220651626586914,0.517727792263031,1,0.2588190734386444,-0.9659258723258972,0.0,-0.002681412035599351,24,1,0,-0.029562365263700485,0.017781810835003853,-0.038737405091524124
0.27077363896848133,0.0,0.0,0.5,1785362576.628393,-0.029562365263700485,0.06022670120000839,0.04951890930533409,0.5190112590789795,1,-13.630346298217773,199.74844360351562,5,14225,0.15770941972732544,250.0,plane_test,3.8322582244873047,0.01867724396288395,-0.003045231569558382,0.0407077856361866,0.0522579625248909,-12.220651626586914,0.517727792263031,1,0.2588190734386444,-0.9659258723258972,0.0,-0.002681412035599351,24,1,0,-0.029562365263700485,0.017781810835003853,-0.038737405091524124
0.27277936962750715,0.0,0.0,0.5,1785362576.6513898,-0.02290385775268078,0.06048831716179848,0.04269561544060707,0.5192126035690308,1,-12.066083908081055,208.5301971435547,5,11399,0.05121666193008423,250.0,plane_test,3.8322582244873047,0.02692088857293129,-0.017244519665837288,0.04407038912177086,0.047057703137397766,-12.798635482788086,0.5177475214004517,1,0.2588190734386444,-0.9659258723258972,0.0,-0.002681412035599351,24,1,24,-0.02290385775268078,0.02195175178349018,-0.034106552600860596
0.2747851002865329,0.0,0.0,0.5,1785362576.6750798,-0.02290385775268078,0.06048831716179848,0.04269561544060707,0.5192126035690308,1,-12.066083908081055,208.5301971435547,5,11399,0.05121666193008423,250.0,plane_test,3.8322582244873047,0.02692088857293129,-0.017244519665837288,0.04407038912177086,0.047057703137397766,-12.798635482788086,0.5177475214004517,1,0.2588190734386444,-0.9659258723258972,0.0,-0.002681412035599351,24,1,24,-0.02290385775268078,0.02195175178349018,-0.034106552600860596
0.27679083094555873,0.0,0.0,0.5,1785362576.700091,-0.016966350376605988,0.06703633815050125,0.038303192704916,0.5196158289909363,1,-11.27647590637207,205.1932830810547,5,15012,0.024395372718572617,250.0,plane_test,3.8322582244873047,0.03560880944132805,-0.021291038021445274,0.04808983951807022,0.046445269137620926,-13.122116088867188,0.5179533362388611,1,0.2588190734386444,-0.9659258723258972,0.0,-0.002681412035599351,24,1,0,-0.016966350376605988,0.02525593340396881,-0.029403720051050186
0.2787965616045845,0.0,0.0,0.5,1785362576.721707,-0.016966350376605988,0.06703633815050125,0.038303192704916,0.5196158289909363,1,-11.27647590637207,205.1932830810547,5,15012,0.024395372718572617,250.0,plane_test,3.8322582244873047,0.03560880944132805,-0.021291038021445274,0.04808983951807022,0.046445269137620926,-13.122116088867188,0.5179533362388611,1,0.2588190734386444,-0.9659258723258972,0.0,-0.002681412035599351,24,1,0,-0.016966350376605988,0.02525593340396881,-0.029403720051050186
0.28080229226361025,0.0,0.0,0.5,1785362576.743548,-0.011920033022761345,0.07233588397502899,0.03449887037277222,0.5196523666381836,1,-10.454571723937988,197.9530029296875,5,9972,0.02665097825229168,250.0,plane_test,3.8322582244873047,0.04044823721051216,-0.030141262337565422,0.0503263846039772,0.041347600519657135,-13.254478454589844,0.519244372844696,1,0.2588190734386444,-0.9659258723258972,0.0,-0.002681412035599351,24,1,24,-0.011920033022761345,0.027591099962592125,-0.025002967566251755
0.2828080229226361,0.0,0.0,0.5,1785362576.764396,-0.011920033022761345,0.07233588397502899,0.03449887037277222,0.5196523666381836,1,-10.454571723937988,197.9530029296875,5,9972,0.02665097825229168,250.0,plane_test,3.8322582244873047,0.04044823721051216,-0.030141262337565422,0.0503263846039772,0.041347600519657135,-13.254478454589844,0.519244372844696,1,0.2588190734386444,-0.9659258723258972,0.0,-0.002681412035599351,24,1,24,-0.011920033022761345,0.027591099962592125,-0.025002967566251755
0.2848137535816619,0.0,0.0,0.5,1785362576.788459,-0.004693113267421722,0.07422363758087158,0.02752283401787281,0.5199427604675293,1,-8.748956680297852,197.163818359375,5,14427,0.02877333201467991,250.0,plane_test,3.8322582244873047,0.04331196844577789,-0.04290401190519333,0.051854368299245834,0.032098859548568726,-13.219265937805176,0.5206476449966431,1,0.2588190734386444,-0.9659258723258972,0.0,-0.002681412035599351,24,1,0,-0.004693113267421722,0.0297883078455925,-0.018270399421453476
0.28681948424068765,0.0,0.0,0.5,1785362576.812525,-0.004693113267421722,0.07422363758087158,0.02752283401787281,0.5199427604675293,1,-8.748956680297852,197.163818359375,5,14427,0.02877333201467991,250.0,plane_test,3.8322582244873047,0.04331196844577789,-0.04290401190519333,0.051854368299245834,0.032098859548568726,-13.219265937805176,0.5206476449966431,1,0.2588190734386444,-0.9659258723258972,0.0,-0.002681412035599351,24,1,0,-0.004693113267421722,0.0297883078455925,-0.018270399421453476
0.28882521489971347,0.0,0.0,0.5,1785362576.833427,-0.004693113267421722,0.07422363758087158,0.02752283401787281,0.5199427604675293,1,-8.748956680297852,191.1958770751953,5,11484,0.025458820164203644,250.0,plane_test,3.8322582244873047,0.04340771585702896,-0.0442248098552227,0.05203304439783096,0.028523968532681465,-12.829890251159668,0.5229101777076721,1,0.2588190734386444,-0.9659258723258972,0.0,-0.002681412035599351,24,1,24,-0.00018215272575616837,0.02635687217116356,-0.012605352327227592
0.29083094555873923,0.0,0.0,0.5,1785362576.856401,-0.00018215272575616837,0.07554734498262405,0.02320743165910244,0.5207236409187317,1,-7.320162773132324,191.1958770751953,5,11484,0.025458820164203644,250.0,plane_test,3.8322582244873047,0.04340771585702896,-0.0442248098552227,0.05203304439783096,0.028523968532681465,-12.829890251159668,0.5229101777076721,1,0.2588190734386444,-0.9659258723258972,0.0,-0.002681412035599351,24,1,24,-0.00018215272575616837,0.02635687217116356,-0.012605352327227592
0.29283667621776505,0.0,0.0,0.5,1785362576.881493,-0.00018215272575616837,0.07554734498262405,0.02320743165910244,0.5207236409187317,1,-7.320162773132324,191.1958770751953,5,11484,0.025458820164203644,250.0,plane_test,3.8322582244873047,0.050034649670124054,-0.04514278098940849,0.0570652037858963,0.02353537641465664,-12.161320686340332,0.5241295695304871,1,0.2588190734386444,-0.9659258723258972,0.0,-0.002681412035599351,24,1,24,-0.00018215272575616837,0.02635687217116356,-0.012605352327227592
0.2948424068767908,0.0,0.0,0.5,1785362576.906116,0.0030776415951550007,0.07854136824607849,0.020634889602661133,0.52021723985672,1,-6.365488052368164,180.6331329345703,5,9969,0.1418096423149109,250.0,plane_test,3.8375368118286133,0.050034649670124054,-0.04514278098940849,0.0570652037858963,0.02353537641465664,-12.161320686340332,0.5241295695304871,1,0.2588190734386444,-0.9659258723258972,0.0,-0.002681412035599351,24,1,0,0.0030776415951550007,0.023915614932775497,-0.008194653317332268
0.29684813753581657,0.0,0.0,0.5,1785362576.930235,0.0030776415951550007,0.07854136824607849,0.020634889602661133,0.52021723985672,1,-6.365488052368164,180.6331329345703,5,9969,0.1418096423149109,250.0,plane_test,3.8375368118286133,0.050034649670124054,-0.04514278098940849,0.0570652037858963,0.02353537641465664,-12.161320686340332,0.5241295695304871,1,0.2588190734386444,-0.9659258723258972,0.0,-0.002681412035599351,24,1,0,0.0030776415951550007,0.023915614932775497,-0.008194653317332268
0.2988538681948424,0.0,0.0,0.5,1785362576.951207,0.004588477313518524,0.08352643251419067,0.02040650136768818,0.5194091796875,1,-5.635171890258789,164.22384643554688,5,12656,0.24016529321670532,250.0,plane_test,3.8375368118286133,0.054065629839897156,-0.03974439203739166,0.06129775196313858,0.021486960351467133,-11.305767059326172,0.526089608669281,1,0.2588190734386444,-0.9659258723258972,0.0,-0.002681412035599351,24,1,24,0.004588477313518524,0.01788705587387085,-0.0041291601955890656
0.30085959885386815,0.0,0.0,0.5,1785362576.9762938,0.004588477313518524,0.08352643251419067,0.02040650136768818,0.5194091796875,1,-5.635171890258789,164.22384643554688,5,12656,0.24016529321670532,250.0,plane_test,3.8375368118286133,0.054065629839897156,-0.03974439203739166,0.06129775196313858,0.021486960351467133,-11.305767059326172,0.526089608669281,1,0.2588190734386444,-0.9659258723258972,0.0,-0.002681412035599351,24,1,24,0.004588477313518524,0.01788705587387085,-0.0041291601955890656
0.30286532951289397,0.0,0.0,0.5,1785362576.998511,0.007458847016096115,0.08894128352403641,0.01888578198850155,0.519018292427063,1,-4.880322456359863,154.0159454345703,5,14593,0.2547752261161804,250.0,plane_test,3.8322582244873047,0.05608324334025383,-0.034925881773233414,0.06499698013067245,0.018511071801185608,-10.388885498046875,0.5281235575675964,1,0.2588190734386444,-0.9659258723258972,0.0,-0.002681412035599351,24,1,0,0.007458847016096115,0.01475589256733656,0.00029918551445007324
0.3048710601719198,0.0,0.0,0.5,1785362577.0214112,0.007458847016096115,0.08894128352403641,0.01888578198850155,0.519018292427063,1,-4.880322456359863,154.0159454345703,5,14593,0.2547752261161804,250.0,plane_test,3.8322582244873047,0.05608324334025383,-0.034925881773233414,0.06499698013067245,0.018511071801185608,-10.388885498046875,0.5281235575675964,1,0.2588190734386444,-0.9659258723258972,0.0,-0.002681412035599351,24,1,0,0.007458847016096115,0.01475589256733656,0.00029918551445007324
0.30687679083094554,0.0,0.0,0.5,1785362577.04245,0.00892632920295,0.09272180497646332,0.018379520624876022,0.5178421139717102,1,-4.050950050354004,149.78306579589844,5,9835,0.2755362391471863,250.0,plane_test,3.8322582244873047,0.059585150331258774,-0.028613189235329628,0.07066865265369415,0.015916306525468826,-9.418069839477539,0.5275344848632812,1,0.2588190734386444,-0.9659258723258972,0.0,-0.002681412035599351,24,1,9,0.00892632920295,0.008976715616881847,0.0046969084069132805
0.3088825214899713,0.0,0.0,0.5,1785362577.0671842,0.00892632920295,0.09272180497646332,0.018379520624876022,0.5178421139717102,1,-4.050950050354004,149.78306579589844,5,9835,0.2755362391471863,250.0,plane_test,3.8322582244873047,0.059585150331258774,-0.028613189235329628,0.07066865265369415,0.015916306525468826,-9.418069839477539,0.5275344848632812,1,0.2588190734386444,-0.9659258723258972,0.0,-0.002681412035599351,24,1,9,0.00892632920295,0.008976715616881847,0.0046969084069132805
0.3108882521489971,0.0,0.0,0.5,1785362577.091739,0.010259117931127548,0.09126949310302734,0.027231626212596893,0.5174911022186279,0,-3.3429949283599854,149.25389099121094,5,9798,0.28954559564590454,250.0,plane_test,3.8322582244873047,0.0577368326485157,-0.023864896968007088,0.07328030467033386,0.012745087966322899,-8.412779808044434,0.5277355909347534,1,0.2588190734386444,-0.9659258723258972,0.0,-0.002681412035599351,24,1,0,-3.5157427191734314e-08,0.010977279394865036,0.007788319140672684
0.3128939828080229,0.0,0.0,0.5,1785362577.1163788,0.010259117931127548,0.09126949310302734,0.027231626212596893,0.5174911022186279,0,-3.3429949283599854,149.25389099121094,5,9798,0.28954559564590454,250.0,plane_test,3.8322582244873047,0.0577368326485157,-0.023864896968007088,0.07328030467033386,0.012745087966322899,-8.412779808044434,0.5277355909347534,1,0.2588190734386444,-0.9659258723258972,0.0,-0.002681412035599351,24,1,0,-3.5157427191734314e-08,0.010977279394865036,0.007788319140672684
0.3148997134670487,0.0,0.0,0.5,1785362577.1403048,0.013936796225607395,0.10244632512331009,0.030226459726691246,0.5170371532440186,0,-2.6170151233673096,143.44174194335938,5,15778,0.2769574522972107,250.0,plane_test,3.8322582244873047,0.06735514849424362,-0.018785443156957626,0.08419936895370483,0.01003276277333498,-7.412991046905518,0.5289310216903687,1,0.2588190734386444,-0.9659258723258972,0.0,-0.002681412035599351,24,1,0,-7.82310962677002e-08,0.011982736177742481,0.009709320962429047
0.31690544412607446,0.0,0.0,0.5,1785362577.162582,0.013936796225607395,0.10244632512331009,0.030226459726691246,0.5170371532440186,0,-2.6170151233673096,143.44174194335938,5,15778,0.2769574522972107,250.0,plane_test,3.8322582244873047,0.06735514849424362,-0.018785443156957626,0.08419936895370483,0.01003276277333498,-7.412991046905518,0.5289310216903687,1,0.2588190734386444,-0.9659258723258972,0.0,-0.002681412035599351,24,1,0,-7.82310962677002e-08,0.011982736177742481,0.009709320962429047
0.3189111747851002,0.0,0.0,0.5,1785362577.1845171,0.013936796225607395,0.10244632512331009,0.030226459726691246,0.5170371532440186,0,-2.6170151233673096,157.9857177734375,5,10966,0.266659677028656,250.0,plane_test,3.8322582244873047,0.06669202446937561,-0.010423076339066029,0.0893540158867836,0.009087164886295795,-6.440841197967529,0.5297769904136658,1,0.2588190734386444,-0.9659258723258972,0.0,-0.002681412035599351,24,1,0,-9.709037840366364e-08,0.016969667747616768,0.015416771173477173
0.3209169054441261,0.0,0.0,0.5,1785362577.206878,0.012963918037712574,0.10479806363582611,0.03085665963590145,0.5174315571784973,0,-2.4355921745300293,157.9857177734375,5,10966,0.266659677028656,250.0,plane_test,3.8322582244873047,0.06669202446937561,-0.010423076339066029,0.0893540158867836,0.009087164886295795,-6.440841197967529,0.5297769904136658,1,0.2588190734386444,-0.9659258723258972,0.0,-0.002681412035599351,24,1,0,-9.709037840366364e-08,0.016969667747616768,0.015416771173477173
0.32292263610315186,0.0,0.0,0.5,1785362577.2273889,0.012963918037712574,0.10479806363582611,0.03085665963590145,0.5174315571784973,0,-2.4355921745300293,157.9857177734375,5,10966,0.266659677028656,250.0,plane_test,3.8322582244873047,0.06669202446937561,-0.010423076339066029,0.0893540158867836,0.009087164886295795,-6.440841197967529,0.5297769904136658,1,0.2588190734386444,-0.9659258723258972,0.0,-0.002681412035599351,24,1,0,-9.709037840366364e-08,0.016969667747616768,0.015416771173477173
0.3249283667621776,0.0,0.0,0.5,1785362577.251093,0.012963918037712574,0.10479806363582611,0.03085665963590145,0.5174315571784973,0,-2.4355921745300293,157.9857177734375,5,10740,0.266659677028656,250.0,plane_test,3.8322582244873047,0.06353446841239929,-0.006163174286484718,0.09405676275491714,0.005452894140034914,-5.537276744842529,0.5303992033004761,1,0.2588190734386444,-0.9659258723258972,0.0,-0.002681412035599351,24,1,3,-1.816079020500183e-07,0.0203560721129179,0.019489658996462822
0.32693409742120344,0.0,0.0,0.5,1785362577.27139,0.013941795565187931,0.11119265854358673,0.03257017582654953,0.5177099704742432,0,-1.892251968383789,181.88217163085938,5,10740,0.23335283994674683,250.0,plane_test,3.8322582244873047,0.06353446841239929,-0.006163174286484718,0.09405676275491714,0.005452894140034914,-5.537276744842529,0.5303992033004761,1,0.2588190734386444,-0.9659258723258972,0.0,-0.002681412035599351,24,1,3,-1.816079020500183e-07,0.0203560721129179,0.019489658996462822
0.3289398280802292,0.0,0.0,0.5,1785362577.2944,0.011407656595110893,0.11177794635295868,0.032726891338825226,0.5177765488624573,0,-1.9937421083450317,192.02828979492188,5,11847,0.20457583665847778,250.0,plane_test,3.826979637145996,0.05300837755203247,0.0049293371848762035,0.09477293491363525,0.00623162230476737,-4.6766743659973145,0.5307952761650085,1,0.2588190734386444,-0.9659258723258972,0.0,-0.002681412035599351,24,1,0,-7.520429790019989e-08,0.019731080159544945,0.019403696060180664
0.330945558739255,0.0,0.0,0.5,1785362577.315427,0.011407656595110893,0.11177794635295868,0.032726891338825226,0.5177765488624573,0,-1.9937421083450317,192.02828979492188,5,11847,0.20457583665847778,250.0,plane_test,3.826979637145996,0.05300837755203247,0.0049293371848762035,0.09477293491363525,0.00623162230476737,-4.6766743659973145,0.5307952761650085,1,0.2588190734386444,-0.9659258723258972,0.0,-0.002681412035599351,24,1,0,-7.520429790019989e-08,0.019731080159544945,0.019403696060180664
0.3329512893982808,0.0,0.0,0.5,1785362577.3402681,0.008499122224748135,0.1144016906619072,0.02463090606033802,0.5179243683815002,1,-1.9788448810577393,205.3715057373047,5,9890,0.15817731618881226,250.0,plane_test,3.826979637145996,0.04391946643590927,0.0224861241877079,0.09619412571191788,0.011567347683012486,-3.930426597595215,0.5314691662788391,1,0.2588190734386444,-0.9659258723258972,0.0,-0.002681412035599351,24,1,1,0.008499122224748135,0.019574075937271118,0.019641684368252754
0.33495702005730654,0.0,0.0,0.5,1785362577.36237,0.008499122224748135,0.1144016906619072,0.02463090606033802,0.5179243683815002,1,-1.9788448810577393,205.3715057373047,5,9890,0.15817731618881226,250.0,plane_test,3.826979637145996,0.04391946643590927,0.0224861241877079,0.09619412571191788,0.011567347683012486,-3.930426597595215,0.5314691662788391,1,0.2588190734386444,-0.9659258723258972,0.0,-0.002681412035599351,24,1,1,0.008499122224748135,0.019574075937271118,0.019641684368252754
0.33696275071633236,0.0,0.0,0.5,1785362577.384684,0.008499122224748135,0.1144016906619072,0.02463090606033802,0.5179243683815002,1,-1.9788448810577393,205.3715057373047,5,9890,0.15817731618881226,250.0,plane_test,3.826979637145996,0.03677957132458687,0.03294976428151131,0.09816940128803253,0.01351320743560791,-3.300930976867676,0.5337943434715271,1,0.2588190734386444,-0.9659258723258972,0.0,-0.002681412035599351,24,1,0,0.008499122224748135,0.019574075937271118,0.019641684368252754
0.3389684813753581,0.0,0.0,0.5,1785362577.408778,0.0032386446837335825,0.11525260657072067,0.030304955318570137,0.5183655023574829,1,-2.928605794906616,202.3291778564453,5,14424,0.0851169228553772,250.0,plane_test,3.826979637145996,0.03677957132458687,0.03294976428151131,0.09816940128803253,0.01351320743560791,-3.300930976867676,0.5337943434715271,1,0.2588190734386444,-0.9659258723258972,0.0,-0.002681412035599351,24,1,0,0.0032386446837335825,0.015789225697517395,0.016137946397066116
0.34097421203438394,0.0,0.0,0.5,1785362577.433429,0.0032386446837335825,0.11525260657072067,0.030304955318570137,0.5183655023574829,1,-2.928605794906616,202.3291778564453,5,10798,0.0851169228553772,250.0,plane_test,3.826979637145996,0.028539596125483513,0.03964247554540634,0.09835657477378845,0.015591202303767204,-2.905970573425293,0.5332798957824707,1,0.2588190734386444,-0.9659258723258972,0.0,-0.002681412035599351,24,1,1,0.0006695643533021212,0.013858113437891006,0.014430000446736813
0.34297994269340976,0.0,0.0,0.5,1785362577.456973,0.0006695643533021212,0.11583523452281952,0.0331207774579525,0.519038200378418,1,-3.3700497150421143,207.33470153808594,5,10798,0.025993380695581436,250.0,plane_test,3.826979637145996,0.028539596125483513,0.03964247554540634,0.09835657477378845,0.015591202303767204,-2.905970573425293,0.5332798957824707,1,0.2588190734386444,-0.9659258723258972,0.0,-0.002681412035599351,24,1,1,0.0006695643533021212,0.013858113437891006,0.014430000446736813
0.3449856733524355,0.0,0.0,0.5,1785362577.477482,0.0006695643533021212,0.11583523452281952,0.0331207774579525,0.519038200378418,1,-3.3700497150421143,207.33470153808594,5,10798,0.025993380695581436,250.0,plane_test,3.826979637145996,0.028539596125483513,0.03964247554540634,0.09835657477378845,0.015591202303767204,-2.905970573425293,0.5332798957824707,1,0.2588190734386444,-0.9659258723258972,0.0,-0.002681412035599351,24,1,1,0.0006695643533021212,0.013858113437891006,0.014430000446736813
0.3469914040114613,0.0,0.0,0.5,1785362577.499441,-0.002775549190118909,0.11575029045343399,0.03666466102004051,0.5181400179862976,1,-4.138848304748535,197.8318634033203,5,14280,0.02601490542292595,250.0,plane_test,3.826979637145996,0.022555969655513763,0.0453556627035141,0.09942130744457245,0.0188631359487772,-2.6702914237976074,0.5343583822250366,1,0.2588190734386444,-0.9659258723258972,0.0,-0.002681412035599351,24,1,0,-0.002775549190118909,0.010567747056484222,0.011291410773992538
0.3489971346704871,0.0,0.0,0.5,1785362577.521394,-0.002775549190118909,0.11575029045343399,0.03666466102004051,0.5181400179862976,1,-4.138848304748535,197.8318634033203,5,14280,0.02601490542292595,250.0,plane_test,3.826979637145996,0.022555969655513763,0.0453556627035141,0.09942130744457245,0.0188631359487772,-2.6702914237976074,0.5343583822250366,1,0.2588190734386444,-0.9659258723258972,0.0,-0.002681412035599351,24,1,0,-0.002775549190118909,0.010567747056484222,0.011291410773992538
0.35100286532951286,0.0,0.0,0.5,1785362577.5417569,-0.009336484596133232,0.11623898148536682,0.04358798265457153,0.5180068016052246,1,-5.709421634674072,184.86717224121094,5,9988,0.024166233837604523,250.0,plane_test,3.826979637145996,0.01718083582818508,0.053429361432790756,0.09970758110284805,0.02562698908150196,-2.639104127883911,0.5342279672622681,1,0.2588190734386444,-0.9659258723258972,0.0,-0.002681412035599351,24,1,1,-0.009336484596133232,0.0035135101061314344,0.0044572614133358
0.3530085959885387,0.0,0.0,0.5,1785362577.5648372,-0.009336484596133232,0.11623898148536682,0.04358798265457153,0.5180068016052246,1,-5.709421634674072,184.86717224121094,5,9988,0.024166233837604523,250.0,plane_test,3.826979637145996,0.01718083582818508,0.053429361432790756,0.09970758110284805,0.02562698908150196,-2.639104127883911,0.5342279672622681,1,0.2588190734386444,-0.9659258723258972,0.0,-0.002681412035599351,24,1,1,-0.009336484596133232,0.0035135101061314344,0.0044572614133358
0.35501432664756444,0.0,0.0,0.5,1785362577.587005,-0.009336484596133232,0.11623898148536682,0.04358798265457153,0.5180068016052246,1,-5.709421634674072,190.9425506591797,5,12579,0.021861139684915543,250.0,plane_test,3.826979637145996,0.015039504505693913,0.055934153497219086,0.10108920931816101,0.03093593195080757,-2.832284688949585,0.535463273525238,1,0.2588190734386444,-0.9659258723258972,0.0,-0.002681412035599351,24,1,0,-0.012635637074708939,-0.0009121391922235489,0.0001143955159932375
0.3570200573065902,0.0,0.0,0.5,1785362577.608495,-0.012635637074708939,0.11893835663795471,0.047726813703775406,0.5185225605964661,1,-6.81954288482666,190.9425506591797,5,12579,0.021861139684915543,250.0,plane_test,3.8322582244873047,0.015039504505693913,0.055934153497219086,0.10108920931816101,0.03093593195080757,-2.832284688949585,0.535463273525238,1,0.2588190734386444,-0.9659258723258972,0.0,-0.002681412035599351,24,1,0,-0.012635637074708939,-0.0009121391922235489,0.0001143955159932375
0.359025787965616,0.0,0.0,0.5,1785362577.633579,-0.012635637074708939,0.11893835663795471,0.047726813703775406,0.5185225605964661,1,-6.81954288482666,190.9425506591797,5,11364,0.021861139684915543,250.0,plane_test,3.8322582244873047,0.007920310832560062,0.04816702753305435,0.09769205003976822,0.031042028218507767,-3.2225515842437744,0.5363901853561401,1,0.2588190734386444,-0.9659258723258972,0.0,-0.002681412035599351,24,1,1,-0.011019734665751457,-0.002022165572270751,-0.0011135442182421684
0.3610315186246418,0.0,0.0,0.5,1785362577.6584132,-0.011019734665751457,0.11417146772146225,0.04477662593126297,0.5186182856559753,1,-6.548394203186035,212.9151153564453,5,11364,0.015781205147504807,250.0,plane_test,3.8322582244873047,0.007920310832560062,0.04816702753305435,0.09769205003976822,0.031042028218507767,-3.2225515842437744,0.5363901853561401,1,0.2588190734386444,-0.9659258723258972,0.0,-0.002681412035599351,24,1,1,-0.011019734665751457,-0.002022165572270751,-0.0011135442182421684
0.3630372492836676,0.0,0.0,0.5,1785362577.683488,-0.011019734665751457,0.11417146772146225,0.04477662593126297,0.5186182856559753,1,-6.548394203186035,212.9151153564453,5,11364,0.015781205147504807,250.0,plane_test,3.8322582244873047,0.005334669258445501,0.040277570486068726,0.09587418287992477,0.03153877332806587,-3.6292800903320312,0.5372636914253235,1,0.2588190734386444,-0.9659258723258972,0.0,-0.002681412035599351,24,1,0,-0.011019734665751457,-0.002022165572270751,-0.0011135442182421684
0.36504297994269336,0.0,0.0,0.5,1785362577.7086852,-0.010272377170622349,0.11448460072278976,0.04408680647611618,0.5184710025787354,1,-6.689703941345215,216.04832458496094,5,10320,0.013343986123800278,250.0,plane_test,3.8322582244873047,0.005334669258445501,0.040277570486068726,0.09587418287992477,0.03153877332806587,-3.6292800903320312,0.5372636914253235,1,0.2588190734386444,-0.9659258723258972,0.0,-0.002681412035599351,24,1,0,-0.010272377170622349,-0.002817647298797965,-0.002014421159401536
0.3670487106017191,0.0,0.0,0.5,1785362577.73139,-0.010272377170622349,0.11448460072278976,0.04408680647611618,0.5184710025787354,1,-6.689703941345215,216.04832458496094,5,10320,0.013343986123800278,250.0,plane_test,3.8322582244873047,0.005498104728758335,0.034838948398828506,0.09455420821905136,0.033196039497852325,-4.007143974304199,0.5373587608337402,1,0.2588190734386444,-0.9659258723258972,0.0,-0.002681412035599351,24,1,0,-0.010272377170622349,-0.002817647298797965,-0.002014421159401536
0.36905444126074494,0.0,0.0,0.5,1785362577.756466,-0.010383235290646553,0.11308939754962921,0.04382773116230965,0.5181857347488403,1,-6.843818664550781,225.32579040527344,5,15475,0.011271357536315918,250.0,plane_test,3.8322582244873047,0.005498104728758335,0.034838948398828506,0.09455420821905136,0.033196039497852325,-4.007143974304199,0.5373587608337402,1,0.2588190734386444,-0.9659258723258972,0.0,-0.002681412035599351,24,1,0,-0.010345930233597755,-0.004235847853124142,-0.0035244652535766363
0.3710601719197708,0.0,0.0,0.5,1785362577.781439,-0.010383235290646553,0.11308939754962921,0.04382773116230965,0.5181857347488403,1,-6.843818664550781,225.32579040527344,5,15475,0.011271357536315918,250.0,plane_test,3.8322582244873047,0.010460728779435158,0.02681923657655716,0.0959547683596611,0.03224661201238632,-4.395772933959961,0.5369885563850403,1,0.2588190734386444,-0.9659258723258972,0.0,-0.002681412035599351,24,1,0,-0.010345930233597755,-0.004235847853124142,-0.0035244652535766363
0.37306590257879657,0.0,0.0,0.5,1785362577.8023932,-0.010320724919438362,0.11447745561599731,0.044134944677352905,0.5176607370376587,1,-7.078797817230225,225.64190673828125,5,15454,0.010531805455684662,250.0,plane_test,3.8322582244873047,0.010460728779435158,0.02681923657655716,0.0959547683596611,0.03224661201238632,-4.395772933959961,0.5369885563850403,1,0.2588190734386444,-0.9659258723258972,0.0,-0.002681412035599351,24,1,0,-0.010320724919438362,-0.004217326641082764,-0.005325621925294399
0.37507163323782233,0.0,0.0,0.5,1785362577.825571,-0.010320724919438362,0.11447745561599731,0.044134944677352905,0.5176607370376587,1,-7.078797817230225,225.64190673828125,5,15454,0.010531805455684662,250.0,plane_test,3.8322582244873047,0.010460728779435158,0.02681923657655716,0.0959547683596611,0.03224661201238632,-4.395772933959961,0.5369885563850403,1,0.2588190734386444,-0.9659258723258972,0.0,-0.002681412035599351,24,1,0,-0.010320724919438362,-0.004217326641082764,-0.005325621925294399
0.37707736389684815,0.0,0.0,0.5,1785362577.848404,-0.007464298978447914,0.11707954108715057,0.04187498241662979,0.517220139503479,1,-6.802491188049316,226.68429565429688,5,9464,0.007408231496810913,250.0,plane_test,3.8322582244873047,0.014914310537278652,0.02284378372132778,0.09658750146627426,0.03348539397120476,-4.748329162597656,0.5369845032691956,1,0.2588190734386444,-0.9659258723258972,0.0,-0.002681412035599351,24,1,24,-0.007464298978447914,-0.00045121368020772934,-0.004281004890799522
0.3790830945558739,0.0,0.0,0.5,1785362577.872399,-0.007464298978447914,0.11707954108715057,0.04187498241662979,0.517220139503479,1,-6.802491188049316,226.68429565429688,5,9464,0.007408231496810913,250.0,plane_test,3.8322582244873047,0.014914310537278652,0.02284378372132778,0.09658750146627426,0.03348539397120476,-4.748329162597656,0.5369845032691956,1,0.2588190734386444,-0.9659258723258972,0.0,-0.002681412035599351,24,1,24,-0.007464298978447914,-0.00045121368020772934,-0.004281004890799522
0.38108882521489973,0.0,0.0,0.5,1785362577.895906,-0.0043726637959480286,0.11843378096818924,0.039037153124809265,0.5172433257102966,1,-6.3187971115112305,226.60723876953125,5,10336,0.004464350640773773,250.0,plane_test,3.826979637145996,0.019837163388729095,0.015085181221365929,0.09737993776798248,0.0315198190510273,-5.047906875610352,0.5374276041984558,1,0.2588190734386444,-0.9659258723258972,0.0,-0.002681412035599351,24,1,0,-0.0043726637959480286,0.0010479912161827087,-0.002234318060800433
0.3830945558739255,0.0,0.0,0.5,1785362577.917759,-0.0043726637959480286,0.11843378096818924,0.039037153124809265,0.5172433257102966,1,-6.3187971115112305,226.60723876953125,5,10336,0.004464350640773773,250.0,plane_test,3.826979637145996,0.019837163388729095,0.015085181221365929,0.09737993776798248,0.0315198190510273,-5.047906875610352,0.5374276041984558,1,0.2588190734386444,-0.9659258723258972,0.0,-0.002681412035599351,24,1,0,-0.0043726637959480286,0.0010479912161827087,-0.002234318060800433
0.38510028653295125,0.0,0.0,0.5,1785362577.9383922,3.7392834201455116e-05,0.11961443722248077,0.03478788211941719,0.5181870460510254,1,-5.562180042266846,224.2440643310547,5,14972,0.0021342411637306213,250.0,plane_test,3.826979637145996,0.022865787148475647,0.0027004361618310213,0.0966690182685852,0.025489339604973793,-5.263081073760986,0.5391567945480347,1,0.2588190734386444,-0.9659258723258972,0.0,-0.002681412035599351,24,1,0,3.7392834201455116e-05,0.0022093073930591345,0.0010770377703011036
0.38710601719197707,0.0,0.0,0.5,1785362577.9617841,3.7392834201455116e-05,0.11961443722248077,0.03478788211941719,0.5181870460510254,1,-5.562180042266846,224.2440643310547,5,14972,0.0021342411637306213,250.0,plane_test,3.826979637145996,0.022865787148475647,0.0027004361618310213,0.0966690182685852,0.025489339604973793,-5.263081073760986,0.5391567945480347,1,0.2588190734386444,-0.9659258723258972,0.0,-0.002681412035599351,24,1,0,3.7392834201455116e-05,0.0022093073930591345,0.0010770377703011036
0.38911174785100283,0.0,0.0,0.5,1785362577.9823968,3.7392834201455116e-05,0.11961443722248077,0.03478788211941719,0.5181870460510254,1,-5.562180042266846,224.2440643310547,5,10652,0.0021342411637306213,250.0,plane_test,3.826979637145996,0.029302747920155525,-0.007307756692171097,0.09870725125074387,0.01996110938489437,-5.362628936767578,0.5399813652038574,1,0.2588190734386444,-0.9659258723258972,0.0,-0.002681412035599351,24,1,0,0.004006118979305029,0.005295142065733671,0.004803485237061977
0.39111747851002865,0.0,0.0,0.5,1785362578.0033898,0.004006118979305029,0.11946313083171844,0.030638614669442177,0.5180826187133789,1,-4.684382915496826,224.24998474121094,5,10652,0.005114823579788208,250.0,plane_test,3.8322582244873047,0.029302747920155525,-0.007307756692171097,0.09870725125074387,0.01996110938489437,-5.362628936767578,0.5399813652038574,1,0.2588190734386444,-0.9659258723258972,0.0,-0.002681412035599351,24,1,0,0.004006118979305029,0.005295142065733671,0.004803485237061977
0.3931232091690544,0.0,0.0,0.5,1785362578.0243871,0.004006118979305029,0.11946313083171844,0.030638614669442177,0.5180826187133789,1,-4.684382915496826,224.24998474121094,5,10652,0.005114823579788208,250.0,plane_test,3.8322582244873047,0.029302747920155525,-0.007307756692171097,0.09870725125074387,0.01996110938489437,-5.362628936767578,0.5399813652038574,1,0.2588190734386444,-0.9659258723258972,0.0,-0.002681412035599351,24,1,0,0.004006118979305029,0.005295142065733671,0.004803485237061977
0.3951289398280802,0.0,0.0,0.5,1785362578.0459158,0.01502987090498209,0.127759650349617,0.037009283900260925,0.5174028873443604,0,-2.9678092002868652,199.2205047607422,5,12938,0.017093021422624588,250.0,plane_test,3.8322582244873047,0.04563567414879799,-0.01271951012313366,0.10830896347761154,0.01562732830643654,-5.2336106300354,0.5398231744766235,1,0.2588190734386444,-0.9659258723258972,0.0,-0.002681412035599351,24,1,5,-1.7834827303886414e-07,0.017695868387818336,0.016088588163256645
0.397134670487106,0.0,0.0,0.5,1785362578.070435,0.01502987090498209,0.127759650349617,0.037009283900260925,0.5174028873443604,0,-2.9678092002868652,199.2205047607422,5,12938,0.017093021422624588,250.0,plane_test,3.8322582244873047,0.04563567414879799,-0.01271951012313366,0.10830896347761154,0.01562732830643654,-5.2336106300354,0.5398231744766235,1,0.2588190734386444,-0.9659258723258972,0.0,-0.002681412035599351,24,1,5,-1.7834827303886414e-07,0.017695868387818336,0.016088588163256645
0.39914040114613175,0.0,0.0,0.5,1785362578.095519,0.015524485148489475,0.13259802758693695,0.03830564022064209,0.5175697803497314,0,-2.771735429763794,211.1526641845703,5,13083,0.019012680277228355,250.0,plane_test,3.826979637145996,0.05169060453772545,-0.017272481694817543,0.11245790868997574,0.00985735934227705,-4.926808834075928,0.5404239296913147,1,0.2588190734386444,-0.9659258723258972,0.0,-0.002681412035599351,24,1,0,-9.96515154838562e-08,0.019683243706822395,0.018239861354231834
0.40114613180515757,0.0,0.0,0.5,1785362578.120401,0.015524485148489475,0.13259802758693695,0.03830564022064209,0.5175697803497314,0,-2.771735429763794,211.1526641845703,5,13083,0.019012680277228355,250.0,plane_test,3.826979637145996,0.05169060453772545,-0.017272481694817543,0.11245790868997574,0.00985735934227705,-4.926808834075928,0.5404239296913147,1,0.2588190734386444,-0.9659258723258972,0.0,-0.002681412035599351,24,1,0,-9.96515154838562e-08,0.019683243706822395,0.018239861354231834
0.40315186246418333,0.0,0.0,0.5,1785362578.141897,0.018568262457847595,0.13847298920154572,0.039879899471998215,0.5166462659835815,0,-1.859837532043457,253.07249450683594,5,11229,0.024802517145872116,250.0,plane_test,3.826979637145996,0.058497339487075806,-0.018380707129836082,0.11927103251218796,0.004166752099990845,-4.525545120239258,0.540935218334198,1,0.2588190734386444,-0.9659258723258972,0.0,-0.002681412035599351,24,1,3,-1.62515789270401e-07,0.025677036494016647,0.024454893544316292
0.4051575931232091,0.0,0.0,0.5,1785362578.166775,0.018568262457847595,0.13847298920154572,0.039879899471998215,0.5166462659835815,0,-1.859837532043457,253.07249450683594,5,11229,0.024802517145872116,250.0,plane_test,3.826979637145996,0.058497339487075806,-0.018380707129836082,0.11927103251218796,0.004166752099990845,-4.525545120239258,0.540935218334198,1,0.2588190734386444,-0.9659258723258972,0.0,-0.002681412035599351,24,1,3,-1.62515789270401e-07,0.025677036494016647,0.024454893544316292
0.4071633237822349,0.0,0.0,0.5,1785362578.191097,0.022348811849951744,0.13952985405921936,0.040163107216358185,0.5169490575790405,0,-0.6720701456069946,287.26959228515625,5,10904,0.03079214133322239,250.0,plane_test,3.826979637145996,0.061490461230278015,-0.01155543327331543,0.12477964907884598,0.001497719087637961,-3.9602577686309814,0.5396719574928284,1,0.2588190734386444,-0.9659258723258972,0.0,-0.002681412035599351,24,1,0,-1.8510036170482635e-07,0.03187787905335426,0.03074406273663044
0.4091690544412608,0.0,0.0,0.5,1785362578.216171,0.022348811849951744,0.13952985405921936,0.040163107216358185,0.5169490575790405,0,-0.6720701456069946,287.26959228515625,5,10904,0.03079214133322239,250.0,plane_test,3.826979637145996,0.061490461230278015,-0.01155543327331543,0.12477964907884598,0.001497719087637961,-3.9602577686309814,0.5396719574928284,1,0.2588190734386444,-0.9659258723258972,0.0,-0.002681412035599351,24,1,0,-1.8510036170482635e-07,0.03187787905335426,0.03074406273663044
0.41117478510028654,0.0,0.0,0.5,1785362578.2401211,0.021482283249497414,0.1378285437822342,0.03970750793814659,0.5165095925331116,0,0.15300177037715912,318.5225524902344,5,15502,0.09649401903152466,250.0,plane_test,3.826979637145996,0.05194976180791855,-0.005502614658325911,0.12188803404569626,-0.0019532814621925354,-3.413248062133789,0.5396265983581543,1,0.2588190734386444,-0.9659258723258972,0.0,-0.002681412035599351,24,1,0,-2.598389983177185e-07,0.034731801599264145,0.034026965498924255
0.4131805157593123,0.0,0.0,0.5,1785362578.260512,0.021482283249497414,0.1378285437822342,0.03970750793814659,0.5165095925331116,0,0.15300177037715912,318.5225524902344,5,15502,0.09649401903152466,250.0,plane_test,3.826979637145996,0.05194976180791855,-0.005502614658325911,0.12188803404569626,-0.0019532814621925354,-3.413248062133789,0.5396265983581543,1,0.2588190734386444,-0.9659258723258972,0.0,-0.002681412035599351,24,1,0,-2.598389983177185e-07,0.034731801599264145,0.034026965498924255
0.4151862464183381,0.0,0.0,0.5,1785362578.281387,0.021482283249497414,0.1378285437822342,0.03970750793814659,0.5165095925331116,0,0.15300177037715912,318.5225524902344,5,15502,0.09649401903152466,250.0,plane_test,3.826979637145996,0.05170143395662308,0.0039027682505548,0.12685933709144592,-0.005861381534487009,-2.710789680480957,0.5388206243515015,1,0.2588190734386444,-0.9659258723258972,0.0,-0.002681412035599351,24,1,0,-2.598389983177185e-07,0.034731801599264145,0.034026965498924255
0.4171919770773639,0.0,0.0,0.5,1785362578.30197,0.020452268421649933,0.13917586207389832,0.04006857052445412,0.5161572098731995,0,0.47130197286605835,334.4977722167969,5,10633,0.12214118242263794,250.0,plane_test,3.8217010498046875,0.05170143395662308,0.0039027682505548,0.12685933709144592,-0.005861381534487009,-2.710789680480957,0.5388206243515015,1,0.2588190734386444,-0.9659258723258972,0.0,-0.002681412035599351,24,1,0,-4.905741661787033e-07,0.036820024251937866,0.03669319301843643
0.4191977077363897,0.0,0.0,0.5,1785362578.326401,0.020452268421649933,0.13917586207389832,0.04006857052445412,0.5161572098731995,0,0.47130197286605835,334.4977722167969,5,10633,0.12214118242263794,250.0,plane_test,3.8217010498046875,0.05170143395662308,0.0039027682505548,0.12685933709144592,-0.005861381534487009,-2.710789680480957,0.5388206243515015,1,0.2588190734386444,-0.9659258723258972,0.0,-0.002681412035599351,24,1,0,-4.905741661787033e-07,0.036820024251937866,0.03669319301843643
0.42120343839541546,0.0,0.0,0.5,1785362578.3484,0.021409930661320686,0.14704912900924683,0.042178161442279816,0.5164623260498047,0,1.0726062059402466,358.2120361328125,5,9830,0.1511579155921936,250.0,plane_test,3.8217010498046875,0.05027221143245697,0.02375795505940914,0.13183102011680603,-0.004953960422426462,-1.8180453777313232,0.5387414693832397,1,0.2588190734386444,-0.9659258723258972,0.0,-0.002681412035599351,24,1,1,-4.4656917452812195e-07,0.04158003628253937,0.04171690717339516
0.4232091690544412,0.0,0.0,0.5,1785362578.3694,0.021409930661320686,0.14704912900924683,0.042178161442279816,0.5164623260498047,0,1.0726062059402466,358.2120361328125,5,9830,0.1511579155921936,250.0,plane_test,3.8217010498046875,0.05027221143245697,0.02375795505940914,0.13183102011680603,-0.004953960422426462,-1.8180453777313232,0.5387414693832397,1,0.2588190734386444,-0.9659258723258972,0.0,-0.002681412035599351,24,1,1,-4.4656917452812195e-07,0.04158003628253937,0.04171690717339516
0.42521489971346704,0.0,0.0,0.5,1785362578.392745,0.023328885436058044,0.1548839509487152,0.04427751898765564,0.5166519284248352,0,1.554591417312622,377.8773498535156,5,14244,0.14704829454421997,250.0,plane_test,3.8217010498046875,0.055916283279657364,0.034627754241228104,0.1410965621471405,-0.007547878194600344,-1.0900129079818726,0.538811206817627,1,0.2588190734386444,-0.9659258723258972,0.0,-0.002681412035599351,24,1,0,-4.698522388935089e-07,0.04575202614068985,0.04602954909205437
0.4272206303724928,0.0,0.0,0.5,1785362578.417405,0.023328885436058044,0.1548839509487152,0.04427751898765564,0.5166519284248352,0,1.554591417312622,377.8773498535156,5,14244,0.14704829454421997,250.0,plane_test,3.8217010498046875,0.055916283279657364,0.034627754241228104,0.1410965621471405,-0.007547878194600344,-1.0900129079818726,0.538811206817627,1,0.2588190734386444,-0.9659258723258972,0.0,-0.002681412035599351,24,1,0,-4.698522388935089e-07,0.04575202614068985,0.04602954909205437
0.4292263610315186,0.0,0.0,0.5,1785362578.442475,0.0185097623616457,0.15465261042118073,0.04421544447541237,0.5170488357543945,0,1.3807415962219238,397.51171875,5,10928,0.12453800439834595,250.0,plane_test,3.8217010498046875,0.050095003098249435,0.050908248871564865,0.14278250932693481,-0.005296907387673855,-0.35864368081092834,0.539722204208374,1,0.2588190734386444,-0.9659258723258972,0.0,-0.002681412035599351,24,1,1,-3.8277357816696167e-07,0.044653426855802536,0.04532184079289436
0.4312320916905444,0.0,0.0,0.5,1785362578.4667678,0.0185097623616457,0.15465261042118073,0.04421544447541237,0.5170488357543945,0,1.3807415962219238,397.51171875,5,10928,0.12453800439834595,250.0,plane_test,3.8217010498046875,0.050095003098249435,0.050908248871564865,0.14278250932693481,-0.005296907387673855,-0.35864368081092834,0.539722204208374,1,0.2588190734386444,-0.9659258723258972,0.0,-0.002681412035599351,24,1,1,-3.8277357816696167e-07,0.044653426855802536,0.04532184079289436
0.43323782234957015,0.0,0.0,0.5,1785362578.48996,0.014836485497653484,0.1613571047782898,0.04601195082068443,0.5172032713890076,0,0.7745171785354614,403.13555908203125,5,10307,0.07142668962478638,250.0,plane_test,3.8217010498046875,0.04790092632174492,0.0669487789273262,0.1472296416759491,-0.001668840879574418,0.26679161190986633,0.5396806597709656,1,0.2588190734386444,-0.9659258723258972,0.0,-0.002681412035599351,24,1,0,-4.2421743273735046e-07,0.04293579235672951,0.04386330395936966
0.43524355300859596,0.0,0.0,0.5,1785362578.512408,0.014836485497653484,0.1613571047782898,0.04601195082068443,0.5172032713890076,0,0.7745171785354614,403.13555908203125,5,10307,0.07142668962478638,250.0,plane_test,3.8217010498046875,0.04790092632174492,0.0669487789273262,0.1472296416759491,-0.001668840879574418,0.26679161190986633,0.5396806597709656,1,0.2588190734386444,-0.9659258723258972,0.0,-0.002681412035599351,24,1,0,-4.2421743273735046e-07,0.04293579235672951,0.04386330395936966
0.4372492836676217,0.0,0.0,0.5,1785362578.537206,0.0052445754408836365,0.1668720543384552,0.042059652507305145,0.5172982215881348,1,-0.7888797521591187,396.1617126464844,5,15896,0.06111258268356323,250.0,plane_test,3.8217010498046875,0.03586507961153984,0.08474880456924438,0.14532721042633057,0.005217260215431452,0.7032656669616699,0.5396546125411987,1,0.2588190734386444,-0.9659258723258972,0.0,-0.002681412035599351,24,1,0,-9.802170097827911e-08,0.039893988519907,0.04108836129307747
0.4392550143266475,0.0,0.0,0.5,1785362578.559093,0.0052445754408836365,0.1668720543384552,0.042059652507305145,0.5172982215881348,1,-0.7888797521591187,396.1617126464844,5,15896,0.06111258268356323,250.0,plane_test,3.8217010498046875,0.03586507961153984,0.08474880456924438,0.14532721042633057,0.005217260215431452,0.7032656669616699,0.5396546125411987,1,0.2588190734386444,-0.9659258723258972,0.0,-0.002681412035599351,24,1,0,-9.802170097827911e-08,0.039893988519907,0.04108836129307747
0.4412607449856733,0.0,0.0,0.5,1785362578.580561,0.0052445754408836365,0.1668720543384552,0.042059652507305145,0.5172982215881348,1,-0.7888797521591187,396.1617126464844,5,15896,0.06111258268356323,250.0,plane_test,3.8217010498046875,0.03710327669978142,0.09789568930864334,0.15243671834468842,0.011644954793155193,0.8681366443634033,0.54146808385849,1,0.2588190734386444,-0.9659258723258972,0.0,-0.002681412035599351,24,1,0,-9.802170097827911e-08,0.039893988519907,0.04108836129307747
0.44326647564469907,0.0,0.0,0.5,1785362578.6024718,0.0016277205431833863,0.16941241919994354,0.04648478701710701,0.5176190733909607,1,-1.6093660593032837,380.4637451171875,5,10830,0.059021614491939545,250.0,plane_test,3.826979637145996,0.03710327669978142,0.09789568930864334,0.15243671834468842,0.011644954793155193,0.8681366443634033,0.54146808385849,1,0.2588190734386444,-0.9659258723258972,0.0,-0.002681412035599351,24,1,0,0.0016277205431833863,0.03210052475333214,0.03370906040072441
0.4452722063037249,0.0,0.0,0.5,1785362578.627145,0.0016277205431833863,0.16941241919994354,0.04648478701710701,0.5176190733909607,1,-1.6093660593032837,380.4637451171875,5,10830,0.059021614491939545,250.0,plane_test,3.826979637145996,0.03710327669978142,0.09789568930864334,0.15243671834468842,0.011644954793155193,0.8681366443634033,0.54146808385849,1,0.2588190734386444,-0.9659258723258972,0.0,-0.002681412035599351,24,1,0,0.0016277205431833863,0.03210052475333214,0.03370906040072441
0.4472779369627507,0.0,0.0,0.5,1785362578.6513972,-0.005223277024924755,0.1694987714290619,0.05360059812664986,0.5183897018432617,1,-3.099714517593384,355.74462890625,5,10614,0.055757664144039154,250.0,plane_test,3.826979637145996,0.026528991758823395,0.10397067666053772,0.15066689252853394,0.01672953926026821,0.7294325828552246,0.5427921414375305,1,0.2588190734386444,-0.9659258723258972,0.0,-0.002681412035599351,24,1,1,-0.005223277024924755,0.024445882067084312,0.02633172832429409
0.4492836676217765,0.0,0.0,0.5,1785362578.672566,-0.005223277024924755,0.1694987714290619,0.05360059812664986,0.5183897018432617,1,-3.099714517593384,355.74462890625,5,10614,0.055757664144039154,250.0,plane_test,3.826979637145996,0.026528991758823395,0.10397067666053772,0.15066689252853394,0.01672953926026821,0.7294325828552246,0.5427921414375305,1,0.2588190734386444,-0.9659258723258972,0.0,-0.002681412035599351,24,1,1,-0.005223277024924755,0.024445882067084312,0.02633172832429409
0.4512893982808023,0.0,0.0,0.5,1785362578.697102,-0.0077446624636650085,0.16982263326644897,0.056297704577445984,0.5176293253898621,1,-3.8845555782318115,336.07061767578125,5,15580,0.051268599927425385,250.0,plane_test,3.826979637145996,0.023431656882166862,0.10683958232402802,0.15289410948753357,0.022634543478488922,0.3519238233566284,0.5426206588745117,1,0.2588190734386444,-0.9659258723258972,0.0,-0.002681412035599351,24,1,0,-0.0077446624636650085,0.020499631762504578,0.022457774728536606
0.4532951289398281,0.0,0.0,0.5,1785362578.717844,-0.0077446624636650085,0.16982263326644897,0.056297704577445984,0.5176293253898621,1,-3.8845555782318115,336.07061767578125,5,15580,0.051268599927425385,250.0,plane_test,3.826979637145996,0.023431656882166862,0.10683958232402802,0.15289410948753357,0.022634543478488922,0.3519238233566284,0.5426206588745117,1,0.2588190734386444,-0.9659258723258972,0.0,-0.002681412035599351,24,1,0,-0.0077446624636650085,0.020499631762504578,0.022457774728536606
0.45530085959885386,0.0,0.0,0.5,1785362578.7414348,-0.008318893611431122,0.1720842570066452,0.05749819427728653,0.5176701545715332,1,-4.618653774261475,310.3827209472656,5,10466,0.10349661111831665,250.0,plane_test,3.826979637145996,0.022547071799635887,0.10203780233860016,0.15514101088047028,0.025549348443746567,-0.206105574965477,0.5435822010040283,1,0.2588190734386444,-0.9659258723258972,0.0,-0.002681412035599351,24,1,1,-0.008318893611431122,0.01701224409043789,0.018912112340331078
0.4573065902578796,0.0,0.0,0.5,1785362578.762399,-0.008318893611431122,0.1720842570066452,0.05749819427728653,0.5176701545715332,1,-4.618653774261475,310.3827209472656,5,10466,0.10349661111831665,250.0,plane_test,3.826979637145996,0.022547071799635887,0.10203780233860016,0.15514101088047028,0.025549348443746567,-0.206105574965477,0.5435822010040283,1,0.2588190734386444,-0.9659258723258972,0.0,-0.002681412035599351,24,1,1,-0.008318893611431122,0.01701224409043789,0.018912112340331078
0.45931232091690544,0.0,0.0,0.5,1785362578.785385,-0.008318893611431122,0.1720842570066452,0.05749819427728653,0.5176701545715332,1,-4.618653774261475,298.5602722167969,5,10482,0.15916460752487183,250.0,plane_test,3.826979637145996,0.01873527094721794,0.09565690159797668,0.15422748029232025,0.02866198681294918,-0.8761446475982666,0.5439971685409546,1,0.2588190734386444,-0.9659258723258972,0.0,-0.002681412035599351,24,1,0,-0.007410495541989803,0.01590717025101185,0.017691045999526978
0.4613180515759312,0.0,0.0,0.5,1785362578.806389,-0.007410495541989803,0.17479372024536133,0.05728375166654587,0.5175982117652893,1,-4.937107086181641,298.5602722167969,5,10482,0.15916460752487183,250.0,plane_test,3.826979637145996,0.01873527094721794,0.09565690159797668,0.15422748029232025,0.02866198681294918,-0.8761446475982666,0.5439971685409546,1,0.2588190734386444,-0.9659258723258972,0.0,-0.002681412035599351,24,1,0,-0.007410495541989803,0.01590717025101185,0.017691045999526978
0.463323782234957,0.0,0.0,0.5,1785362578.831434,-0.007410495541989803,0.17479372024536133,0.05728375166654587,0.5175982117652893,1,-4.937107086181641,298.5602722167969,5,10482,0.15916460752487183,250.0,plane_test,3.826979637145996,0.01998051628470421,0.08954957127571106,0.15550516545772552,0.03263155743479729,-1.5705699920654297,0.544842004776001,1,0.2588190734386444,-0.9659258723258972,0.0,-0.002681412035599351,24,1,1,-0.007410495541989803,0.01590717025101185,0.017691045999526978
0.4653295128939828,0.0,0.0,0.5,1785362578.856399,-0.009357918053865433,0.17520885169506073,0.05941110476851463,0.5174356698989868,1,-5.75924015045166,273.38262939453125,5,14179,0.19599968194961548,250.0,plane_test,3.826979637145996,0.01998051628470421,0.08954957127571106,0.15550516545772552,0.03263155743479729,-1.5705699920654297,0.544842004776001,1,0.2588190734386444,-0.9659258723258972,0.0,-0.002681412035599351,24,1,1,-0.009357918053865433,0.011131610721349716,0.012794445268809795
0.46733524355300854,0.0,0.0,0.5,1785362578.878412,-0.009357918053865433,0.17520885169506073,0.05941110476851463,0.5174356698989868,1,-5.75924015045166,273.38262939453125,5,14179,0.19599968194961548,250.0,plane_test,3.826979637145996,0.01998051628470421,0.08954957127571106,0.15550516545772552,0.03263155743479729,-1.5705699920654297,0.544842004776001,1,0.2588190734386444,-0.9659258723258972,0.0,-0.002681412035599351,24,1,1,-0.009357918053865433,0.011131610721349716,0.012794445268809795
0.46934097421203436,0.0,0.0,0.5,1785362578.900523,-0.011278795078396797,0.174809068441391,0.0612926185131073,0.5177260637283325,1,-6.392491817474365,257.6171569824219,5,10396,0.21119123697280884,250.0,plane_test,3.826979637145996,0.019336994737386703,0.08391176164150238,0.15426722168922424,0.03739573806524277,-2.3067541122436523,0.5437047481536865,1,0.2588190734386444,-0.9659258723258972,0.0,-0.002681412035599351,24,1,0,-0.011278795078396797,0.007371884770691395,0.00894962903112173
0.4713467048710601,0.0,0.0,0.5,1785362578.9214458,-0.011278795078396797,0.174809068441391,0.0612926185131073,0.5177260637283325,1,-6.392491817474365,257.6171569824219,5,10396,0.21119123697280884,250.0,plane_test,3.826979637145996,0.019336994737386703,0.08391176164150238,0.15426722168922424,0.03739573806524277,-2.3067541122436523,0.5437047481536865,1,0.2588190734386444,-0.9659258723258972,0.0,-0.002681412035599351,24,1,0,-0.011278795078396797,0.007371884770691395,0.00894962903112173
0.47335243553008594,0.0,0.0,0.5,1785362578.9423978,-0.013477854430675507,0.17773358523845673,0.06435287743806839,0.517228901386261,1,-7.343041896820068,233.21621704101562,5,9932,0.2190571427345276,250.0,plane_test,3.826979637145996,0.02376709319651127,0.07814311236143112,0.15558114647865295,0.04208144173026085,-3.07206654548645,0.5440274477005005,1,0.2588190734386444,-0.9659258723258972,0.0,-0.002681412035599351,24,1,1,-0.013477854430675507,0.0022977571934461594,0.0037177116610109806
0.4753581661891117,0.0,0.0,0.5,1785362578.963431,-0.013477854430675507,0.17773358523845673,0.06435287743806839,0.517228901386261,1,-7.343041896820068,233.21621704101562,5,9932,0.2190571427345276,250.0,plane_test,3.826979637145996,0.02376709319651127,0.07814311236143112,0.15558114647865295,0.04208144173026085,-3.07206654548645,0.5440274477005005,1,0.2588190734386444,-0.9659258723258972,0.0,-0.002681412035599351,24,1,1,-0.013477854430675507,0.0022977571934461594,0.0037177116610109806
0.47736389684813746,0.0,0.0,0.5,1785362578.9844182,-0.013477854430675507,0.17773358523845673,0.06435287743806839,0.517228901386261,1,-7.343041896820068,216.8575897216797,5,14271,0.22738760709762573,250.0,plane_test,3.826979637145996,0.0276039931923151,0.06737323105335236,0.1564994603395462,0.04308781772851944,-3.8735034465789795,0.5443360805511475,1,0.2588190734386444,-0.9659258723258972,0.0,-0.002681412035599351,24,1,0,-0.014181248843669891,-0.0003536003641784191,0.0009458515560254455
0.4793696275071633,0.0,0.0,0.5,1785362579.0084102,-0.014181248843669891,0.1796792447566986,0.06560242176055908,0.5173470973968506,1,-7.82782506942749,216.8575897216797,5,14271,0.22738760709762573,250.0,plane_test,3.826979637145996,0.0276039931923151,0.06737323105335236,0.1564994603395462,0.04308781772851944,-3.8735034465789795,0.5443360805511475,1,0.2588190734386444,-0.9659258723258972,0.0,-0.002681412035599351,24,1,0,-0.014181248843669891,-0.0003536003641784191,0.0009458515560254455
0.48137535816618904,0.0,0.0,0.5,1785362579.030394,-0.014181248843669891,0.1796792447566986,0.06560242176055908,0.5173470973968506,1,-7.82782506942749,216.8575897216797,5,14271,0.22738760709762573,250.0,plane_test,3.826979637145996,0.0276039931923151,0.06737323105335236,0.1564994603395462,0.04308781772851944,-3.8735034465789795,0.5443360805511475,1,0.2588190734386444,-0.9659258723258972,0.0,-0.002681412035599351,24,1,0,-0.014181248843669891,-0.0003536003641784191,0.0009458515560254455
0.48338108882521486,0.0,0.0,0.5,1785362579.052427,-0.008973652496933937,0.1839415729045868,0.06135321035981178,0.5170724391937256,1,-7.5277533531188965,213.21392822265625,5,10619,0.18798691034317017,250.0,plane_test,3.826979637145996,0.04730432853102684,0.06015549972653389,0.16786108911037445,0.045496921986341476,-4.6467814445495605,0.5436938405036926,1,0.2588190734386444,-0.9659258723258972,0.0,-0.002681412035599351,24,1,1,-0.008973652496933937,0.0019337530247867107,0.0028887877706438303
0.4853868194842406,0.0,0.0,0.5,1785362579.078489,-0.008973652496933937,0.1839415729045868,0.06135321035981178,0.5170724391937256,1,-7.5277533531188965,213.21392822265625,5,10619,0.18798691034317017,250.0,plane_test,3.826979637145996,0.04730432853102684,0.06015549972653389,0.16786108911037445,0.045496921986341476,-4.6467814445495605,0.5436938405036926,1,0.2588190734386444,-0.9659258723258972,0.0,-0.002681412035599351,24,1,1,-0.008973652496933937,0.0019337530247867107,0.0028887877706438303
0.4873925501432665,0.0,0.0,0.5,1785362579.1010938,-0.0068260058760643005,0.1844085305929184,0.05925492197275162,0.5173300504684448,1,-7.390617847442627,215.30079650878906,5,10479,0.15465933084487915,250.0,plane_test,3.8217010498046875,0.03610069677233696,0.04889931157231331,0.1596723198890686,0.044327348470687866,-5.321406364440918,0.5441007018089294,1,0.2588190734386444,-0.9659258723258972,0.0,-0.002681412035599351,24,1,0,-0.0068260058760643005,0.0026208555791527033,0.003397144377231598
0.48939828080229225,0.0,0.0,0.5,1785362579.121421,-0.0068260058760643005,0.1844085305929184,0.05925492197275162,0.5173300504684448,1,-7.390617847442627,215.30079650878906,5,10479,0.15465933084487915,250.0,plane_test,3.8217010498046875,0.03610069677233696,0.04889931157231331,0.1596723198890686,0.044327348470687866,-5.321406364440918,0.5441007018089294,1,0.2588190734386444,-0.9659258723258972,0.0,-0.002681412035599351,24,1,0,-0.0068260058760643005,0.0026208555791527033,0.003397144377231598
0.49140401146131807,0.0,0.0,0.5,1785362579.144189,-0.003233453957363963,0.19718457758426666,0.05895897001028061,0.5163969397544861,1,-7.657440662384033,215.8726043701172,5,14174,0.09442371129989624,250.0,plane_test,3.8217010498046875,0.053851693868637085,0.03971131518483162,0.17047135531902313,0.04258207604289055,-5.796280384063721,0.5430541634559631,1,0.2588190734386444,-0.9659258723258972,0.0,-0.002681412035599351,24,1,1,-0.003233453957363963,0.004635386168956757,0.005151804536581039
0.49340974212034383,0.0,0.0,0.5,1785362579.16583,-0.003233453957363963,0.19718457758426666,0.05895897001028061,0.5163969397544861,1,-7.657440662384033,215.8726043701172,5,14174,0.09442371129989624,250.0,plane_test,3.8217010498046875,0.053851693868637085,0.03971131518483162,0.17047135531902313,0.04258207604289055,-5.796280384063721,0.5430541634559631,1,0.2588190734386444,-0.9659258723258972,0.0,-0.002681412035599351,24,1,1,-0.003233453957363963,0.004635386168956757,0.005151804536581039
0.4954154727793696,0.0,0.0,0.5,1785362579.188454,-0.001510390779003501,0.19767212867736816,0.05730576440691948,0.5165106654167175,1,-7.366628170013428,229.29132080078125,5,9608,0.0358160138130188,250.0,plane_test,3.826979637145996,0.053835783153772354,0.032555073499679565,0.17074069380760193,0.04229980334639549,-6.294453144073486,0.5427299737930298,1,0.2588190734386444,-0.9659258723258972,0.0,-0.002681412035599351,24,1,0,-0.001510390779003501,0.006028059870004654,0.006399210542440414
0.4974212034383954,0.0,0.0,0.5,1785362579.212012,-0.001510390779003501,0.19767212867736816,0.05730576440691948,0.5165106654167175,1,-7.366628170013428,229.29132080078125,5,9608,0.0358160138130188,250.0,plane_test,3.826979637145996,0.053835783153772354,0.032555073499679565,0.17074069380760193,0.04229980334639549,-6.294453144073486,0.5427299737930298,1,0.2588190734386444,-0.9659258723258972,0.0,-0.002681412035599351,24,1,0,-0.001510390779003501,0.006028059870004654,0.006399210542440414
0.49942693409742117,0.0,0.0,0.5,1785362579.232491,-0.001510390779003501,0.19767212867736816,0.05730576440691948,0.5165106654167175,1,-7.366628170013428,229.29132080078125,5,13824,0.0358160138130188,250.0,plane_test,3.826979637145996,0.060020726174116135,0.026819417253136635,0.1752934604883194,0.04154924303293228,-6.6272969245910645,0.5429844856262207,1,0.2588190734386444,-0.9659258723258972,0.0,-0.002681412035599351,24,1,1,0.0003275966737419367,0.007756249979138374,0.007970200851559639
0.501432664756447,0.0,0.0,0.5,1785362579.25342,0.0003275966737419367,0.2033071219921112,0.05691283196210861,0.5166594386100769,1,-7.330296993255615,245.17044067382812,5,13824,0.00858372449874878,250.0,plane_test,3.826979637145996,0.060020726174116135,0.026819417253136635,0.1752934604883194,0.04154924303293228,-6.6272969245910645,0.5429844856262207,1,0.2588190734386444,-0.9659258723258972,0.0,-0.002681412035599351,24,1,1,0.0003275966737419367,0.007756249979138374,0.007970200851559639
0.5034383954154728,0.0,0.0,0.5,1785362579.276118,0.0003275966737419367,0.2033071219921112,0.05691283196210861,0.5166594386100769,1,-7.330296993255615,245.17044067382812,5,13824,0.00858372449874878,250.0,plane_test,3.826979637145996,0.060020726174116135,0.026819417253136635,0.1752934604883194,0.04154924303293228,-6.6272969245910645,0.5429844856262207,1,0.2588190734386444,-0.9659258723258972,0.0,-0.002681412035599351,24,1,1,0.0003275966737419367,0.007756249979138374,0.007970200851559639
0.5054441260744985,0.0,0.0,0.5,1785362579.29846,0.008576854132115841,0.2145480066537857,0.05138455703854561,0.5164699554443359,1,-6.507714748382568,273.6612854003906,5,15485,0.015270218253135681,250.0,plane_test,3.8217010498046875,0.07309049367904663,0.014833797700703144,0.185114786028862,0.03571784868836403,-6.862601280212402,0.5437053442001343,1,0.2588190734386444,-0.9659258723258972,0.0,-0.002681412035599351,24,1,0,0.008576854132115841,0.01580749824643135,0.01571650430560112
0.5074498567335243,0.0,0.0,0.5,1785362579.323411,0.008576854132115841,0.2145480066537857,0.05138455703854561,0.5164699554443359,1,-6.507714748382568,273.6612854003906,5,15485,0.015270218253135681,250.0,plane_test,3.8217010498046875,0.07309049367904663,0.014833797700703144,0.185114786028862,0.03571784868836403,-6.862601280212402,0.5437053442001343,1,0.2588190734386444,-0.9659258723258972,0.0,-0.002681412035599351,24,1,0,0.008576854132115841,0.01580749824643135,0.01571650430560112
0.5094555873925501,0.0,0.0,0.5,1785362579.3464,0.014766627922654152,0.21746589243412018,0.061046402901411057,0.5161508917808533,0,-5.5109124183654785,311.3745422363281,5,11733,0.022601734846830368,250.0,plane_test,3.8217010498046875,0.0793253555893898,0.006137051619589329,0.19210270047187805,0.03036785125732422,-6.937234878540039,0.5427958369255066,1,0.2588190734386444,-0.9659258723258972,0.0,-0.002681412035599351,24,1,2,-5.685724318027496e-07,0.023398082703351974,0.022920558229088783
0.5114613180515759,0.0,0.0,0.5,1785362579.371451,0.014766627922654152,0.21746589243412018,0.061046402901411057,0.5161508917808533,0,-5.5109124183654785,311.3745422363281,5,11733,0.022601734846830368,250.0,plane_test,3.8217010498046875,0.0793253555893898,0.006137051619589329,0.19210270047187805,0.03036785125732422,-6.937234878540039,0.5427958369255066,1,0.2588190734386444,-0.9659258723258972,0.0,-0.002681412035599351,24,1,2,-5.685724318027496e-07,0.023398082703351974,0.022920558229088783
0.5134670487106017,0.0,0.0,0.5,1785362579.395898,0.010990376584231853,0.22125592827796936,0.06206147372722626,0.516232967376709,0,-5.933434009552002,326.43017578125,5,14547,0.02094496786594391,250.0,plane_test,3.8217010498046875,0.07800684869289398,0.008824308402836323,0.19579243659973145,0.03052683174610138,-6.885138034820557,0.542524516582489,1,0.2588190734386444,-0.9659258723258972,0.0,-0.002681412035599351,24,1,0,-1.1641532182693481e-07,0.021682145074009895,0.021455490961670876
0.5154727793696274,0.0,0.0,0.5,1785362579.4193978,0.010990376584231853,0.22125592827796936,0.06206147372722626,0.516232967376709,0,-5.933434009552002,326.43017578125,5,14547,0.02094496786594391,250.0,plane_test,3.8217010498046875,0.07800684869289398,0.008824308402836323,0.19579243659973145,0.03052683174610138,-6.885138034820557,0.542524516582489,1,0.2588190734386444,-0.9659258723258972,0.0,-0.002681412035599351,24,1,0,-1.1641532182693481e-07,0.021682145074009895,0.021455490961670876
0.5174785100286532,0.0,0.0,0.5,1785362579.4414139,0.013175972737371922,0.22752167284488678,0.0637408122420311,0.5161877274513245,0,-5.500134468078613,354.34088134765625,5,11838,0.025587275624275208,250.0,plane_test,3.8217010498046875,0.0806487575173378,0.01067521795630455,0.20277419686317444,0.028590623289346695,-6.781382083892822,0.5423141121864319,1,0.2588190734386444,-0.9659258723258972,0.0,-0.002681412035599351,24,1,2,-5.403999239206314e-07,0.026179971173405647,0.02601493149995804
0.5194842406876791,0.0,0.0,0.5,1785362579.462464,0.013175972737371922,0.22752167284488678,0.0637408122420311,0.5161877274513245,0,-5.500134468078613,354.34088134765625,5,11838,0.025587275624275208,250.0,plane_test,3.8217010498046875,0.0806487575173378,0.01067521795630455,0.20277419686317444,0.028590623289346695,-6.781382083892822,0.5423141121864319,1,0.2588190734386444,-0.9659258723258972,0.0,-0.002681412035599351,24,1,2,-5.403999239206314e-07,0.026179971173405647,0.02601493149995804
0.5214899713467048,0.0,0.0,0.5,1785362579.484235,0.013175972737371922,0.22752167284488678,0.0637408122420311,0.5161877274513245,0,-5.500134468078613,354.34088134765625,5,14289,0.025587275624275208,250.0,plane_test,3.8217010498046875,0.08554886281490326,0.015398398041725159,0.21187444031238556,0.027621468529105186,-6.654578685760498,0.5400382876396179,1,0.2588190734386444,-0.9659258723258972,0.0,-0.002681412035599351,24,1,0,-7.224734872579575e-07,0.029251325875520706,0.02913072146475315
0.5234957020057306,0.0,0.0,0.5,1785362579.50528,0.014556525275111198,0.23354363441467285,0.06535457819700241,0.5157750248908997,0,-5.274890899658203,374.6778869628906,5,14289,0.02974890172481537,250.0,plane_test,3.816422462463379,0.08554886281490326,0.015398398041725159,0.21187444031238556,0.027621468529105186,-6.654578685760498,0.5400382876396179,1,0.2588190734386444,-0.9659258723258972,0.0,-0.002681412035599351,24,1,0,-7.224734872579575e-07,0.029251325875520706,0.02913072146475315
0.5255014326647565,0.0,0.0,0.5,1785362579.5292318,0.014556525275111198,0.23354363441467285,0.06535457819700241,0.5157750248908997,0,-5.274890899658203,374.6778869628906,5,14289,0.02974890172481537,250.0,plane_test,3.816422462463379,0.08554886281490326,0.015398398041725159,0.21187444031238556,0.027621468529105186,-6.654578685760498,0.5400382876396179,1,0.2588190734386444,-0.9659258723258972,0.0,-0.002681412035599351,24,1,0,-7.224734872579575e-07,0.029251325875520706,0.02913072146475315
0.5275071633237822,0.0,0.0,0.5,1785362579.5511098,0.01348244957625866,0.23716633021831512,0.06632496416568756,0.5156762599945068,0,-5.054315567016602,398.5055847167969,5,10720,0.036262594163417816,250.0,plane_test,3.816422462463379,0.07873758673667908,0.023462604731321335,0.21441689133644104,0.027765829116106033,-6.4982008934021,0.5398566722869873,1,0.2588190734386444,-0.9659258723258972,0.0,-0.002681412035599351,24,1,1,-4.200264811515808e-07,0.031328875571489334,0.03138213977217674
0.529512893982808,0.0,0.0,0.5,1785362579.573395,0.01348244957625866,0.23716633021831512,0.06632496416568756,0.5156762599945068,0,-5.054315567016602,398.5055847167969,5,10720,0.036262594163417816,250.0,plane_test,3.816422462463379,0.07873758673667908,0.023462604731321335,0.21441689133644104,0.027765829116106033,-6.4982008934021,0.5398566722869873,1,0.2588190734386444,-0.9659258723258972,0.0,-0.002681412035599351,24,1,1,-4.200264811515808e-07,0.031328875571489334,0.03138213977217674
0.5315186246418337,0.0,0.0,0.5,1785362579.5984519,0.013677057810127735,0.24211382865905762,0.06765075027942657,0.5161996483802795,0,-4.975042343139648,409.77569580078125,5,10175,0.03932294249534607,250.0,plane_test,3.816422462463379,0.07670692354440689,0.030978620052337646,0.22015805542469025,0.026934277266263962,-6.313570499420166,0.5382437705993652,1,0.2588190734386444,-0.9659258723258972,0.0,-0.002681412035599351,24,1,0,-5.187466740608215e-07,0.033355556428432465,0.0335250198841095
0.5335243553008596,0.0,0.0,0.5,1785362579.623518,0.013677057810127735,0.24211382865905762,0.06765075027942657,0.5161996483802795,0,-4.975042343139648,409.77569580078125,5,10175,0.03932294249534607,250.0,plane_test,3.816422462463379,0.07670692354440689,0.030978620052337646,0.22015805542469025,0.026934277266263962,-6.313570499420166,0.5382437705993652,1,0.2588190734386444,-0.9659258723258972,0.0,-0.002681412035599351,24,1,0,-5.187466740608215e-07,0.033355556428432465,0.0335250198841095
0.5355300859598854,0.0,0.0,0.5,1785362579.644459,0.010674681514501572,0.2468414008617401,0.06891754269599915,0.5167005062103271,0,-5.196039199829102,421.62847900390625,5,14193,0.044178351759910583,250.0,plane_test,3.816422462463379,0.07264278829097748,0.04103706404566765,0.22516436874866486,0.027662860229611397,-6.139590263366699,0.5388928651809692,1,0.2588190734386444,-0.9659258723258972,0.0,-0.002681412035599351,24,1,1,-5.641486495733261e-07,0.033191002905368805,0.03364209830760956
0.5375358166189111,0.0,0.0,0.5,1785362579.6677692,0.010674681514501572,0.2468414008617401,0.06891754269599915,0.5167005062103271,0,-5.196039199829102,421.62847900390625,5,14193,0.044178351759910583,250.0,plane_test,3.816422462463379,0.07264278829097748,0.04103706404566765,0.22516436874866486,0.027662860229611397,-6.139590263366699,0.5388928651809692,1,0.2588190734386444,-0.9659258723258972,0.0,-0.002681412035599351,24,1,1,-5.641486495733261e-07,0.033191002905368805,0.03364209830760956
0.5395415472779369,0.0,0.0,0.5,1785362579.692826,0.008995038457214832,0.2561495900154114,0.06209873408079147,0.5168808102607727,1,-5.458964824676514,423.7323303222656,5,9864,0.04628019034862518,250.0,plane_test,3.816422462463379,0.07019135355949402,0.05180179700255394,0.23128624260425568,0.029267124831676483,-5.986513614654541,0.5387325882911682,1,0.2588190734386444,-0.9659258723258972,0.0,-0.002681412035599351,24,1,0,0.00820393580943346,0.03235447779297829,0.03300962969660759
0.5415472779369627,0.0,0.0,0.5,1785362579.717761,0.008995038457214832,0.2561495900154114,0.06209873408079147,0.5168808102607727,1,-5.458964824676514,423.7323303222656,5,9864,0.04628019034862518,250.0,plane_test,3.816422462463379,0.07019135355949402,0.05180179700255394,0.23128624260425568,0.029267124831676483,-5.986513614654541,0.5387325882911682,1,0.2588190734386444,-0.9659258723258972,0.0,-0.002681412035599351,24,1,0,0.00820393580943346,0.03235447779297829,0.03300962969660759
0.5435530085959885,0.0,0.0,0.5,1785362579.742412,0.005709879100322723,0.2563876807689667,0.06556357443332672,0.5175322890281677,1,-5.896948337554932,425.44622802734375,5,10509,0.04812587797641754,250.0,plane_test,3.816422462463379,0.06240969896316528,0.06231117993593216,0.23423199355602264,0.03187892213463783,-5.915772438049316,0.5397527813911438,1,0.2588190734386444,-0.9659258723258972,0.0,-0.002681412035599351,24,1,1,0.005709879100322723,0.03136622905731201,0.03227636218070984
0.5455587392550143,0.0,0.0,0.5,1785362579.7674959,0.005709879100322723,0.2563876807689667,0.06556357443332672,0.5175322890281677,1,-5.896948337554932,425.44622802734375,5,10509,0.04812587797641754,250.0,plane_test,3.816422462463379,0.06240969896316528,0.06231117993593216,0.23423199355602264,0.03187892213463783,-5.915772438049316,0.5397527813911438,1,0.2588190734386444,-0.9659258723258972,0.0,-0.002681412035599351,24,1,1,0.005709879100322723,0.03136622905731201,0.03227636218070984
0.5475644699140401,0.0,0.0,0.5,1785362579.78904,0.0031661514658480883,0.2579359710216522,0.06861189752817154,0.5173459649085999,1,-6.314458847045898,426.6387023925781,5,13984,0.049428217113018036,250.0,plane_test,3.8217010498046875,0.05525828152894974,0.07034166157245636,0.23698601126670837,0.03505169600248337,-5.9067158699035645,0.5396663546562195,1,0.2588190734386444,-0.9659258723258972,0.0,-0.002681412035599351,24,1,0,0.0031661514658480883,0.029403721913695335,0.03047449141740799
0.5495702005730658,0.0,0.0,0.5,1785362579.8141189,0.0031661514658480883,0.2579359710216522,0.06861189752817154,0.5173459649085999,1,-6.314458847045898,426.6387023925781,5,13984,0.049428217113018036,250.0,plane_test,3.8217010498046875,0.05525828152894974,0.07034166157245636,0.23698601126670837,0.03505169600248337,-5.9067158699035645,0.5396663546562195,1,0.2588190734386444,-0.9659258723258972,0.0,-0.002681412035599351,24,1,0,0.0031661514658480883,0.029403721913695335,0.03047449141740799
0.5515759312320916,0.0,0.0,0.5,1785362579.8378172,-0.0023946131113916636,0.2613489031791687,0.07528331875801086,0.5174753665924072,1,-7.470373153686523,416.08868408203125,5,10718,0.050198979675769806,250.0,plane_test,3.8217010498046875,0.05090867727994919,0.07781219482421875,0.24042953550815582,0.03998212888836861,-5.969202995300293,0.5398825407028198,1,0.2588190734386444,-0.9659258723258972,0.0,-0.002681412035599351,24,1,1,-0.0023946131113916636,0.02408459782600403,0.02538236416876316
0.5535816618911175,0.0,0.0,0.5,1785362579.8584,-0.0023946131113916636,0.2613489031791687,0.07528331875801086,0.5174753665924072,1,-7.470373153686523,416.08868408203125,5,10718,0.050198979675769806,250.0,plane_test,3.8217010498046875,0.05090867727994919,0.07781219482421875,0.24042953550815582,0.03998212888836861,-5.969202995300293,0.5398825407028198,1,0.2588190734386444,-0.9659258723258972,0.0,-0.002681412035599351,24,1,1,-0.0023946131113916636,0.02408459782600403,0.02538236416876316
0.5555873925501432,0.0,0.0,0.5,1785362579.8804,-0.0023946131113916636,0.2613489031791687,0.07528331875801086,0.5174753665924072,1,-7.470373153686523,416.08868408203125,5,10718,0.050198979675769806,250.0,plane_test,3.8217010498046875,0.04412293806672096,0.08419512212276459,0.2413892149925232,0.04633888974785805,-6.239438533782959,0.5383782982826233,1,0.2588190734386444,-0.9659258723258972,0.0,-0.002681412035599351,24,1,1,-0.0023946131113916636,0.02408459782600403,0.02538236416876316
0.557593123209169,0.0,0.0,0.5,1785362579.9014971,-0.006605030037462711,0.2637959420681,0.08029794692993164,0.5162478685379028,1,-8.442800521850586,410.6427001953125,5,10342,0.049056582152843475,250.0,plane_test,3.8217010498046875,0.04412293806672096,0.08419512212276459,0.2413892149925232,0.04633888974785805,-6.239438533782959,0.5383782982826233,1,0.2588190734386444,-0.9659258723258972,0.0,-0.002681412035599351,24,1,0,-0.0042191799730062485,0.02158820442855358,0.02294342778623104
0.5595988538681947,0.0,0.0,0.5,1785362579.925466,-0.006605030037462711,0.2637959420681,0.08029794692993164,0.5162478685379028,1,-8.442800521850586,410.6427001953125,5,10342,0.049056582152843475,250.0,plane_test,3.8217010498046875,0.04412293806672096,0.08419512212276459,0.2413892149925232,0.04633888974785805,-6.239438533782959,0.5383782982826233,1,0.2588190734386444,-0.9659258723258972,0.0,-0.002681412035599351,24,1,0,-0.0042191799730062485,0.02158820442855358,0.02294342778623104
0.5616045845272205,0.0,0.0,0.5,1785362579.950537,-0.007612026296555996,0.26628246903419495,0.08200673013925552,0.5169766545295715,1,-8.913942337036133,391.7251892089844,5,13967,0.04512755572795868,250.0,plane_test,3.8217010498046875,0.04194830358028412,0.08342636376619339,0.2439381182193756,0.050061311572790146,-6.640339374542236,0.5388157963752747,1,0.2588190734386444,-0.9659258723258972,0.0,-0.002681412035599351,24,1,1,-0.007612026296555996,0.016732418909668922,0.018134944140911102
0.5636103151862464,0.0,0.0,0.5,1785362579.9756339,-0.007612026296555996,0.26628246903419495,0.08200673013925552,0.5169766545295715,1,-8.913942337036133,391.7251892089844,5,13967,0.04512755572795868,250.0,plane_test,3.8217010498046875,0.04194830358028412,0.08342636376619339,0.2439381182193756,0.050061311572790146,-6.640339374542236,0.5388157963752747,1,0.2588190734386444,-0.9659258723258972,0.0,-0.002681412035599351,24,1,1,-0.007612026296555996,0.016732418909668922,0.018134944140911102
0.5656160458452723,0.0,0.0,0.5,1785362580.00099,-0.010008865967392921,0.2689720392227173,0.08520878851413727,0.517262876033783,1,-9.765652656555176,379.7986145019531,5,11195,0.04219682514667511,250.0,plane_test,3.816422462463379,0.04050228372216225,0.0820150151848793,0.24606679379940033,0.05430805683135986,-7.1072516441345215,0.5392376780509949,1,0.2588190734386444,-0.9659258723258972,0.0,-0.002681412035599351,24,1,0,-0.009049450978636742,0.01413028035312891,0.0155117092654109
0.567621776504298,0.0,0.0,0.5,1785362580.0213811,-0.010008865967392921,0.2689720392227173,0.08520878851413727,0.517262876033783,1,-9.765652656555176,379.7986145019531,5,11195,0.04219682514667511,250.0,plane_test,3.816422462463379,0.04050228372216225,0.0820150151848793,0.24606679379940033,0.05430805683135986,-7.1072516441345215,0.5392376780509949,1,0.2588190734386444,-0.9659258723258972,0.0,-0.002681412035599351,24,1,0,-0.009049450978636742,0.01413028035312891,0.0155117092654109
0.5696275071633238,0.0,0.0,0.5,1785362580.04645,-0.011699446476995945,0.27099040150642395,0.08749981969594955,0.5167780518531799,1,-10.396011352539062,356.5065002441406,5,9886,0.051457226276397705,250.0,plane_test,3.816422462463379,0.04150397703051567,0.07992283999919891,0.24964162707328796,0.05862829089164734,-7.616335868835449,0.5383132100105286,1,0.2588190734386444,-0.9659258723258972,0.0,-0.002681412035599351,24,1,1,-0.011699446476995945,0.009593861177563667,0.010943084955215454
0.5716332378223495,0.0,0.0,0.5,1785362580.071541,-0.011699446476995945,0.27099040150642395,0.08749981969594955,0.5167780518531799,1,-10.396011352539062,356.5065002441406,5,9886,0.051457226276397705,250.0,plane_test,3.816422462463379,0.04150397703051567,0.07992283999919891,0.24964162707328796,0.05862829089164734,-7.616335868835449,0.5383132100105286,1,0.2588190734386444,-0.9659258723258972,0.0,-0.002681412035599351,24,1,1,-0.011699446476995945,0.009593861177563667,0.010943084955215454
0.5736389684813753,0.0,0.0,0.5,1785362580.0958989,-0.010193973779678345,0.27583563327789307,0.08723951876163483,0.5173393487930298,1,-10.59994125366211,344.186767578125,5,13467,0.07272404432296753,250.0,plane_test,3.816422462463379,0.044244904071092606,0.07363974303007126,0.2541995048522949,0.060919325798749924,-8.227531433105469,0.538504958152771,1,0.2588190734386444,-0.9659258723258972,0.0,-0.002681412035599351,24,1,0,-0.010193973779678345,0.0092534888535738,0.010483156889677048
0.5756446991404012,0.0,0.0,0.5,1785362580.118381,-0.010193973779678345,0.27583563327789307,0.08723951876163483,0.5173393487930298,1,-10.59994125366211,344.186767578125,5,13467,0.07272404432296753,250.0,plane_test,3.816422462463379,0.044244904071092606,0.07363974303007126,0.2541995048522949,0.060919325798749924,-8.227531433105469,0.538504958152771,1,0.2588190734386444,-0.9659258723258972,0.0,-0.002681412035599351,24,1,0,-0.010193973779678345,0.0092534888535738,0.010483156889677048
0.5776504297994269,0.0,0.0,0.5,1785362580.14238,-0.010763569734990597,0.27954623103141785,0.08882346004247665,0.5169078707695007,1,-11.187259674072266,331.1360168457031,5,10687,0.06975418329238892,250.0,plane_test,3.816422462463379,0.042831242084503174,0.06971001625061035,0.256014347076416,0.06493030488491058,-8.800392150878906,0.5372340679168701,1,0.2588190734386444,-0.9659258723258972,0.0,-0.002681412035599351,24,1,1,-0.010763569734990597,0.006806612946093082,0.007936730980873108
0.5796561604584527,0.0,0.0,0.5,1785362580.1644008,-0.010763569734990597,0.27954623103141785,0.08882346004247665,0.5169078707695007,1,-11.187259674072266,331.1360168457031,5,10687,0.06975418329238892,250.0,plane_test,3.816422462463379,0.042831242084503174,0.06971001625061035,0.256014347076416,0.06493030488491058,-8.800392150878906,0.5372340679168701,1,0.2588190734386444,-0.9659258723258972,0.0,-0.002681412035599351,24,1,1,-0.010763569734990597,0.006806612946093082,0.007936730980873108
0.5816618911174785,0.0,0.0,0.5,1785362580.186943,-0.010709785856306553,0.2844781279563904,0.09008927643299103,0.5167480707168579,1,-11.688106536865234,326.9786071777344,5,9663,0.06471997499465942,250.0,plane_test,3.8111438751220703,0.04538576304912567,0.06225685030221939,0.2599639594554901,0.0668640211224556,-9.387619018554688,0.5387331247329712,1,0.2588190734386444,-0.9659258723258972,0.0,-0.002681412035599351,24,1,0,-0.009219000115990639,0.006824232637882233,0.0078071653842926025
0.5836676217765042,0.0,0.0,0.5,1785362580.208416,-0.010709785856306553,0.2844781279563904,0.09008927643299103,0.5167480707168579,1,-11.688106536865234,326.9786071777344,5,9663,0.06471997499465942,250.0,plane_test,3.8111438751220703,0.04538576304912567,0.06225685030221939,0.2599639594554901,0.0668640211224556,-9.387619018554688,0.5387331247329712,1,0.2588190734386444,-0.9659258723258972,0.0,-0.002681412035599351,24,1,0,-0.009219000115990639,0.006824232637882233,0.0078071653842926025
0.5856733524355301,0.0,0.0,0.5,1785362580.232151,-0.010709785856306553,0.2844781279563904,0.09008927643299103,0.5167480707168579,1,-11.688106536865234,326.9786071777344,5,9663,0.06471997499465942,250.0,plane_test,3.8111438751220703,0.04633259028196335,0.05632186308503151,0.2631142735481262,0.06916230916976929,-9.966280937194824,0.539296567440033,1,0.2588190734386444,-0.9659258723258972,0.0,-0.002681412035599351,24,1,1,-0.009219000115990639,0.006824232637882233,0.0078071653842926025
0.5876790830945559,0.0,0.0,0.5,1785362580.257199,-0.009202813729643822,0.28795483708381653,0.08946072310209274,0.5176048874855042,1,-11.861367225646973,316.46142578125,5,15081,0.07383745908737183,250.0,plane_test,3.8111438751220703,0.04633259028196335,0.05632186308503151,0.2631142735481262,0.06916230916976929,-9.966280937194824,0.539296567440033,1,0.2588190734386444,-0.9659258723258972,0.0,-0.002681412035599351,24,1,1,-0.009202813729643822,0.005158872343599796,0.005990543402731419
0.5896848137535816,0.0,0.0,0.5,1785362580.2803142,-0.009202813729643822,0.28795483708381653,0.08946072310209274,0.5176048874855042,1,-11.861367225646973,316.46142578125,5,15081,0.07383745908737183,250.0,plane_test,3.8111438751220703,0.04633259028196335,0.05632186308503151,0.2631142735481262,0.06916230916976929,-9.966280937194824,0.539296567440033,1,0.2588190734386444,-0.9659258723258972,0.0,-0.002681412035599351,24,1,1,-0.009202813729643822,0.005158872343599796,0.005990543402731419
0.5916905444126074,0.0,0.0,0.5,1785362580.3019588,-0.008754164911806583,0.2954810559749603,0.09101289510726929,0.5173236727714539,1,-12.383305549621582,308.8182067871094,5,14656,0.06857103109359741,250.0,plane_test,3.816422462463379,0.05283648520708084,0.04987078160047531,0.26996123790740967,0.07037647813558578,-10.522895812988281,0.5388636589050293,1,0.2588190734386444,-0.9659258723258972,0.0,-0.002681412035599351,24,1,0,-0.009743591770529747,0.0037794853560626507,0.004541944712400436
0.5936962750716331,0.0,0.0,0.5,1785362580.326893,-0.008754164911806583,0.2954810559749603,0.09101289510726929,0.5173236727714539,1,-12.383305549621582,308.8182067871094,5,14656,0.06857103109359741,250.0,plane_test,3.816422462463379,0.05283648520708084,0.04987078160047531,0.26996123790740967,0.07037647813558578,-10.522895812988281,0.5388636589050293,1,0.2588190734386444,-0.9659258723258972,0.0,-0.002681412035599351,24,1,0,-0.009743591770529747,0.0037794853560626507,0.004541944712400436
0.595702005730659,0.0,0.0,0.5,1785362580.3510919,-0.0019828693475574255,0.3010559678077698,0.08549652993679047,0.5173576474189758,1,-11.711642265319824,325.0682067871094,5,9950,0.032852113246917725,250.0,plane_test,3.816422462463379,0.05694597586989403,0.03596885874867439,0.27566176652908325,0.06648542732000351,-11.104297637939453,0.5392522215843201,1,0.2588190734386444,-0.9659258723258972,0.0,-0.002681412035599351,24,1,1,-0.0019828693475574255,0.00980132631957531,0.010222146287560463
0.5977077363896848,0.0,0.0,0.5,1785362580.375181,-0.0019828693475574255,0.3010559678077698,0.08549652993679047,0.5173576474189758,1,-11.711642265319824,325.0682067871094,5,9950,0.032852113246917725,250.0,plane_test,3.816422462463379,0.05694597586989403,0.03596885874867439,0.27566176652908325,0.06648542732000351,-11.104297637939453,0.5392522215843201,1,0.2588190734386444,-0.9659258723258972,0.0,-0.002681412035599351,24,1,1,-0.0019828693475574255,0.00980132631957531,0.010222146287560463
0.5997134670487105,0.0,0.0,0.5,1785362580.395902,-0.001317876623943448,0.306006520986557,0.08613457530736923,0.5164659023284912,1,-11.93454360961914,331.3057861328125,5,12717,0.016662761569023132,250.0,plane_test,3.816422462463379,0.06110924854874611,0.028603043407201767,0.2816173732280731,0.06533733010292053,-11.612138748168945,0.5380191206932068,1,0.2588190734386444,-0.9659258723258972,0.0,-0.002681412035599351,24,1,0,-0.001317876623943448,0.010423553176224232,0.01075354591012001
0.6017191977077363,0.0,0.0,0.5,1785362580.4178402,-0.001317876623943448,0.306006520986557,0.08613457530736923,0.5164659023284912,1,-11.93454360961914,331.3057861328125,5,12717,0.016662761569023132,250.0,plane_test,3.816422462463379,0.06110924854874611,0.028603043407201767,0.2816173732280731,0.06533733010292053,-11.612138748168945,0.5380191206932068,1,0.2588190734386444,-0.9659258723258972,0.0,-0.002681412035599351,24,1,0,-0.001317876623943448,0.010423553176224232,0.01075354591012001
0.6037249283667622,0.0,0.0,0.5,1785362580.442913,0.0017022948013618588,0.3069886565208435,0.08327102661132812,0.516118049621582,1,-11.299072265625,351.70501708984375,5,10855,0.01783096045255661,250.0,plane_test,3.816422462463379,0.05969139188528061,0.020761173218488693,0.2843315303325653,0.062462445348501205,-12.095556259155273,0.5370011925697327,1,0.2588190734386444,-0.9659258723258972,0.0,-0.002681412035599351,24,1,1,0.0017022948013618588,0.013657061383128166,0.013831144198775291
0.6057306590257879,0.0,0.0,0.5,1785362580.46674,0.0017022948013618588,0.3069886565208435,0.08327102661132812,0.516118049621582,1,-11.299072265625,351.70501708984375,5,10855,0.01783096045255661,250.0,plane_test,3.816422462463379,0.05969139188528061,0.020761173218488693,0.2843315303325653,0.062462445348501205,-12.095556259155273,0.5370011925697327,1,0.2588190734386444,-0.9659258723258972,0.0,-0.002681412035599351,24,1,1,0.0017022948013618588,0.013657061383128166,0.013831144198775291
0.6077363896848137,0.0,0.0,0.5,1785362580.4892569,0.0037980005145072937,0.3110014796257019,0.08217662572860718,0.515900194644928,1,-10.875819206237793,363.23858642578125,5,10551,0.019060157239437103,250.0,plane_test,3.8111438751220703,0.05602012947201729,0.019902722910046577,0.2855628430843353,0.061815500259399414,-12.47580623626709,0.5351929664611816,1,0.2588190734386444,-0.9659258723258972,0.0,-0.002681412035599351,24,1,0,0.0036732868757098913,0.016247568652033806,0.016348091885447502
0.6097421203438396,0.0,0.0,0.5,1785362580.512634,0.0037980005145072937,0.3110014796257019,0.08217662572860718,0.515900194644928,1,-10.875819206237793,363.23858642578125,5,10551,0.019060157239437103,250.0,plane_test,3.8111438751220703,0.05602012947201729,0.019902722910046577,0.2855628430843353,0.061815500259399414,-12.47580623626709,0.5351929664611816,1,0.2588190734386444,-0.9659258723258972,0.0,-0.002681412035599351,24,1,0,0.0036732868757098913,0.016247568652033806,0.016348091885447502
0.6117478510028653,0.0,0.0,0.5,1785362580.5362618,0.004935441538691521,0.3152126967906952,0.08212745189666748,0.5159803032875061,1,-10.780951499938965,379.1510925292969,5,14365,0.02237240970134735,250.0,plane_test,3.8111438751220703,0.06067880615592003,0.02101972885429859,0.2915288209915161,0.060978781431913376,-12.743085861206055,0.5357105731964111,1,0.2588190734386444,-0.9659258723258972,0.0,-0.002681412035599351,24,1,1,0.004935441538691521,0.018817352131009102,0.01891130767762661
0.6137535816618911,0.0,0.0,0.5,1785362580.5585668,0.004935441538691521,0.3152126967906952,0.08212745189666748,0.5159803032875061,1,-10.780951499938965,379.1510925292969,5,14365,0.02237240970134735,250.0,plane_test,3.8111438751220703,0.06067880615592003,0.02101972885429859,0.2915288209915161,0.060978781431913376,-12.743085861206055,0.5357105731964111,1,0.2588190734386444,-0.9659258723258972,0.0,-0.002681412035599351,24,1,1,0.004935441538691521,0.018817352131009102,0.01891130767762661
0.6157593123209169,0.0,0.0,0.5,1785362580.580248,0.004935441538691521,0.3152126967906952,0.08212745189666748,0.5159803032875061,1,-10.780951499938965,379.1510925292969,5,14365,0.02237240970134735,250.0,plane_test,3.8111438751220703,0.06014993414282799,0.020639628171920776,0.2941710948944092,0.05846085399389267,-12.91412353515625,0.5359862446784973,1,0.2588190734386444,-0.9659258723258972,0.0,-0.002681412035599351,24,1,1,0.004935441538691521,0.018817352131009102,0.01891130767762661
0.6177650429799426,0.0,0.0,0.5,1785362580.605325,0.0066028619185090065,0.31882885098457336,0.08137015253305435,0.5171284675598145,1,-10.31633472442627,389.7762451171875,5,14574,0.024630941450595856,250.0,plane_test,3.8111438751220703,0.06014993414282799,0.020639628171920776,0.2941710948944092,0.05846085399389267,-12.91412353515625,0.5359862446784973,1,0.2588190734386444,-0.9659258723258972,0.0,-0.002681412035599351,24,1,0,0.005397862289100885,0.020310502499341965,0.020428964868187904
0.6197707736389685,0.0,0.0,0.5,1785362580.629233,0.0066028619185090065,0.31882885098457336,0.08137015253305435,0.5171284675598145,1,-10.31633472442627,389.7762451171875,5,14574,0.024630941450595856,250.0,plane_test,3.8111438751220703,0.06014993414282799,0.020639628171920776,0.2941710948944092,0.05846085399389267,-12.91412353515625,0.5359862446784973,1,0.2588190734386444,-0.9659258723258972,0.0,-0.002681412035599351,24,1,0,0.005397862289100885,0.020310502499341965,0.020428964868187904
0.6217765042979942,0.0,0.0,0.5,1785362580.6533911,0.005635081324726343,0.3227519989013672,0.08342327922582626,0.5163588523864746,1,-10.39954662322998,406.1180114746094,5,10452,0.028434939682483673,250.0,plane_test,3.8111438751220703,0.06170654296875,0.027042798697948456,0.2981436550617218,0.059264909476041794,-12.961308479309082,0.5345373749732971,1,0.2588190734386444,-0.9659258723258972,0.0,-0.002681412035599351,24,1,1,0.005635081324726343,0.022351844236254692,0.02254178747534752
0.62378223495702,0.0,0.0,0.5,1785362580.675075,0.005635081324726343,0.3227519989013672,0.08342327922582626,0.5163588523864746,1,-10.39954662322998,406.1180114746094,5,10452,0.028434939682483673,250.0,plane_test,3.8111438751220703,0.06170654296875,0.027042798697948456,0.2981436550617218,0.059264909476041794,-12.961308479309082,0.5345373749732971,1,0.2588190734386444,-0.9659258723258972,0.0,-0.002681412035599351,24,1,1,0.005635081324726343,0.022351844236254692,0.02254178747534752
0.6257879656160458,0.0,0.0,0.5,1785362580.700106,0.005782051011919975,0.32791295647621155,0.08465400338172913,0.5173910856246948,1,-10.485179901123047,412.68377685546875,5,9513,0.030686967074871063,250.0,plane_test,3.816422462463379,0.0629807710647583,0.03550209105014801,0.3022867441177368,0.060854580253362656,-12.894766807556152,0.535651683807373,1,0.2588190734386444,-0.9659258723258972,0.0,-0.002681412035599351,24,1,0,0.005782051011919975,0.023604927584528923,0.023863686248660088
0.6277936962750715,0.0,0.0,0.5,1785362580.721401,0.005782051011919975,0.32791295647621155,0.08465400338172913,0.5173910856246948,1,-10.485179901123047,412.68377685546875,5,9513,0.030686967074871063,250.0,plane_test,3.816422462463379,0.0629807710647583,0.03550209105014801,0.3022867441177368,0.060854580253362656,-12.894766807556152,0.535651683807373,1,0.2588190734386444,-0.9659258723258972,0.0,-0.002681412035599351,24,1,0,0.005782051011919975,0.023604927584528923,0.023863686248660088
0.6297994269340974,0.0,0.0,0.5,1785362580.745631,0.0072656795382499695,0.33340874314308167,0.08459062874317169,0.5170260071754456,1,-10.217409133911133,431.7684020996094,5,11932,0.03364002704620361,250.0,plane_test,3.816422462463379,0.06692834943532944,0.034104809165000916,0.308420330286026,0.057276658713817596,-12.81081485748291,0.5352559685707092,1,0.2588190734386444,-0.9659258723258972,0.0,-0.002681412035599351,24,1,1,0.0072656795382499695,0.02637956291437149,0.026698417961597443
0.6318051575931232,0.0,0.0,0.5,1785362580.766401,0.0072656795382499695,0.33340874314308167,0.08459062874317169,0.5170260071754456,1,-10.217409133911133,431.7684020996094,5,11932,0.03364002704620361,250.0,plane_test,3.816422462463379,0.06692834943532944,0.034104809165000916,0.308420330286026,0.057276658713817596,-12.81081485748291,0.5352559685707092,1,0.2588190734386444,-0.9659258723258972,0.0,-0.002681412035599351,24,1,1,0.0072656795382499695,0.02637956291437149,0.026698417961597443
0.6338108882521489,0.0,0.0,0.5,1785362580.7893682,0.006312687881290913,0.33532196283340454,0.08608987927436829,0.5172171592712402,1,-10.21230411529541,442.3233337402344,5,10076,0.036538124084472656,250.0,plane_test,3.816422462463379,0.06571009010076523,0.03862409293651581,0.3121391832828522,0.05755411460995674,-12.665565490722656,0.5354098677635193,1,0.2588190734386444,-0.9659258723258972,0.0,-0.002681412035599351,24,1,0,0.006312687881290913,0.026647672057151794,0.02704988606274128
0.6358166189111747,0.0,0.0,0.5,1785362580.811069,0.006312687881290913,0.33532196283340454,0.08608987927436829,0.5172171592712402,1,-10.21230411529541,442.3233337402344,5,10076,0.036538124084472656,250.0,plane_test,3.816422462463379,0.06571009010076523,0.03862409293651581,0.3121391832828522,0.05755411460995674,-12.665565490722656,0.5354098677635193,1,0.2588190734386444,-0.9659258723258972,0.0,-0.002681412035599351,24,1,0,0.006312687881290913,0.026647672057151794,0.02704988606274128
0.6378223495702005,0.0,0.0,0.5,1785362580.831421,0.006312687881290913,0.33532196283340454,0.08608987927436829,0.5172171592712402,1,-10.21230411529541,442.3233337402344,5,10076,0.036538124084472656,250.0,plane_test,3.816422462463379,0.06461433321237564,0.05057856813073158,0.3160319924354553,0.06305135041475296,-12.476350784301758,0.5352515578269958,1,0.2588190734386444,-0.9659258723258972,0.0,-0.002681412035599351,24,1,1,0.006312687881290913,0.026647672057151794,0.02704988606274128
0.6398280802292263,0.0,0.0,0.5,1785362580.85243,0.0016369090881198645,0.33928894996643066,0.0919935554265976,0.5169979929924011,1,-10.928751945495605,446.66021728515625,5,11895,0.041034623980522156,250.0,plane_test,3.816422462463379,0.06461433321237564,0.05057856813073158,0.3160319924354553,0.06305135041475296,-12.476350784301758,0.5352515578269958,1,0.2588190734386444,-0.9659258723258972,0.0,-0.002681412035599351,24,1,1,0.0016369090881198645,0.023667342960834503,0.02428864687681198
0.6418338108882522,0.0,0.0,0.5,1785362580.877555,0.0016369090881198645,0.33928894996643066,0.0919935554265976,0.5169979929924011,1,-10.928751945495605,446.66021728515625,5,11895,0.041034623980522156,250.0,plane_test,3.816422462463379,0.06461433321237564,0.05057856813073158,0.3160319924354553,0.06305135041475296,-12.476350784301758,0.5352515578269958,1,0.2588190734386444,-0.9659258723258972,0.0,-0.002681412035599351,24,1,1,0.0016369090881198645,0.023667342960834503,0.02428864687681198
0.643839541547278,0.0,0.0,0.5,1785362580.900095,-0.001922284485772252,0.3406027555465698,0.0960303395986557,0.5168047547340393,1,-11.417724609375,442.7251892089844,5,11597,0.04220984876155853,250.0,plane_test,3.8111438751220703,0.0611175000667572,0.05609963461756706,0.31887683272361755,0.06566165387630463,-12.36299991607666,0.5356773138046265,1,0.2588190734386444,-0.9659258723258972,0.0,-0.002681412035599351,24,1,0,-0.001922284485772252,0.02077404409646988,0.021548589691519737
0.6458452722063037,0.0,0.0,0.5,1785362580.9235,-0.001922284485772252,0.3406027555465698,0.0960303395986557,0.5168047547340393,1,-11.417724609375,442.7251892089844,5,11597,0.04220984876155853,250.0,plane_test,3.8111438751220703,0.0611175000667572,0.05609963461756706,0.31887683272361755,0.06566165387630463,-12.36299991607666,0.5356773138046265,1,0.2588190734386444,-0.9659258723258972,0.0,-0.002681412035599351,24,1,0,-0.001922284485772252,0.02077404409646988,0.021548589691519737
0.6478510028653295,0.0,0.0,0.5,1785362580.945399,-0.0042725820094347,0.34543633460998535,0.09975869953632355,0.5168846845626831,1,-11.951791763305664,436.80450439453125,5,12228,0.04164987802505493,250.0,plane_test,3.8111438751220703,0.056047096848487854,0.0629434660077095,0.3210836350917816,0.06978193670511246,-12.326993942260742,0.5335200428962708,1,0.2588190734386444,-0.9659258723258972,0.0,-0.002681412035599351,24,1,1,-0.0042725820094347,0.018741177394986153,0.01964038610458374
0.6498567335243552,0.0,0.0,0.5,1785362580.966743,-0.0042725820094347,0.34543633460998535,0.09975869953632355,0.5168846845626831,1,-11.951791763305664,436.80450439453125,5,12228,0.04164987802505493,250.0,plane_test,3.8111438751220703,0.056047096848487854,0.0629434660077095,0.3210836350917816,0.06978193670511246,-12.326993942260742,0.5335200428962708,1,0.2588190734386444,-0.9659258723258972,0.0,-0.002681412035599351,24,1,1,-0.0042725820094347,0.018741177394986153,0.01964038610458374
0.6518624641833811,0.0,0.0,0.5,1785362580.9874089,-0.0036939980927854776,0.34776824712753296,0.09978453814983368,0.5170164704322815,1,-12.014979362487793,439.6976623535156,5,10973,0.04047165811061859,250.0,plane_test,3.8111438751220703,0.05233883485198021,0.0608966164290905,0.3243468999862671,0.0695701614022255,-12.312760353088379,0.5343520045280457,1,0.2588190734386444,-0.9659258723258972,0.0,-0.002681412035599351,24,1,0,-0.0009053023532032967,0.021489176899194717,0.022319892421364784
0.6538681948424069,0.0,0.0,0.5,1785362581.009405,-0.0036939980927854776,0.34776824712753296,0.09978453814983368,0.5170164704322815,1,-12.014979362487793,439.6976623535156,5,10973,0.04047165811061859,250.0,plane_test,3.8111438751220703,0.05233883485198021,0.0608966164290905,0.3243468999862671,0.0695701614022255,-12.312760353088379,0.5343520045280457,1,0.2588190734386444,-0.9659258723258972,0.0,-0.002681412035599351,24,1,0,-0.0009053023532032967,0.021489176899194717,0.022319892421364784
0.6558739255014326,0.0,0.0,0.5,1785362581.033408,-0.0036939980927854776,0.34776824712753296,0.09978453814983368,0.5170164704322815,1,-12.014979362487793,439.77166748046875,5,10734,0.03853270411491394,250.0,plane_test,3.8111438751220703,0.050880078226327896,0.05867569521069527,0.328452467918396,0.07025517523288727,-12.314117431640625,0.534339427947998,1,0.2588190734386444,-0.9659258723258972,0.0,-0.002681412035599351,24,1,1,-0.002226096810773015,0.019821126013994217,0.020691080018877983
0.6578796561604584,0.0,0.0,0.5,1785362581.05843,-0.002226096810773015,0.35144102573394775,0.099248968064785,0.5171248316764832,1,-12.02109146118164,439.77166748046875,5,10734,0.03853270411491394,250.0,plane_test,3.8111438751220703,0.050880078226327896,0.05867569521069527,0.328452467918396,0.07025517523288727,-12.314117431640625,0.534339427947998,1,0.2588190734386444,-0.9659258723258972,0.0,-0.002681412035599351,24,1,1,-0.002226096810773015,0.019821126013994217,0.020691080018877983
0.6598853868194842,0.0,0.0,0.5,1785362581.083437,-0.002226096810773015,0.35144102573394775,0.099248968064785,0.5171248316764832,1,-12.02109146118164,439.77166748046875,5,14199,0.03853270411491394,250.0,plane_test,3.8111438751220703,0.05290762335062027,0.05742034316062927,0.33452796936035156,0.07163547724485397,-12.357901573181152,0.534965991973877,1,0.2588190734386444,-0.9659258723258972,0.0,-0.002681412035599351,24,1,0,-0.002974829403683543,0.018918637186288834,0.019797002896666527
0.66189111747851,0.0,0.0,0.5,1785362581.104411,-0.002974829403683543,0.3561668395996094,0.10129039734601974,0.5175558924674988,1,-12.405332565307617,436.98486328125,5,14199,0.03777654469013214,250.0,plane_test,3.8111438751220703,0.05290762335062027,0.05742034316062927,0.33452796936035156,0.07163547724485397,-12.357901573181152,0.534965991973877,1,0.2588190734386444,-0.9659258723258972,0.0,-0.002681412035599351,24,1,0,-0.002974829403683543,0.018918637186288834,0.019797002896666527
0.6638968481375358,0.0,0.0,0.5,1785362581.129398,-0.002974829403683543,0.3561668395996094,0.10129039734601974,0.5175558924674988,1,-12.405332565307617,436.98486328125,5,14199,0.03777654469013214,250.0,plane_test,3.8111438751220703,0.05290762335062027,0.05742034316062927,0.33452796936035156,0.07163547724485397,-12.357901573181152,0.534965991973877,1,0.2588190734386444,-0.9659258723258972,0.0,-0.002681412035599351,24,1,0,-0.002974829403683543,0.018918637186288834,0.019797002896666527
0.6659025787965616,0.0,0.0,0.5,1785362581.151087,-0.002740599447861314,0.3585144579410553,0.10167694091796875,0.5177149772644043,1,-12.448248863220215,442.4400634765625,5,9830,0.037369757890701294,250.0,plane_test,3.8111438751220703,0.04706988111138344,0.05613775551319122,0.33584800362586975,0.07330580055713654,-12.424738883972168,0.5355339646339417,1,0.2588190734386444,-0.9659258723258972,0.0,-0.002681412035599351,24,1,1,-0.002740599447861314,0.01878843829035759,0.019632454961538315
0.6679083094555873,0.0,0.0,0.5,1785362581.172287,-0.002740599447861314,0.3585144579410553,0.10167694091796875,0.5177149772644043,1,-12.448248863220215,442.4400634765625,5,9830,0.037369757890701294,250.0,plane_test,3.8111438751220703,0.04706988111138344,0.05613775551319122,0.33584800362586975,0.07330580055713654,-12.424738883972168,0.5355339646339417,1,0.2588190734386444,-0.9659258723258972,0.0,-0.002681412035599351,24,1,1,-0.002740599447861314,0.01878843829035759,0.019632454961538315
0.6699140401146131,0.0,0.0,0.5,1785362581.194457,-0.00985033717006445,0.3606198728084564,0.10960163176059723,0.5172069668769836,1,-13.661046981811523,432.1551513671875,5,9866,0.03752700984477997,250.0,plane_test,3.8111438751220703,0.04286147281527519,0.06394190341234207,0.337825745344162,0.08047188073396683,-12.525503158569336,0.533877432346344,1,0.2588190734386444,-0.9659258723258972,0.0,-0.002681412035599351,24,1,0,-0.00675886869430542,0.014908844605088234,0.015847159549593925
0.671919770773639,0.0,0.0,0.5,1785362581.215411,-0.00985033717006445,0.3606198728084564,0.10960163176059723,0.5172069668769836,1,-13.661046981811523,432.1551513671875,5,9866,0.03752700984477997,250.0,plane_test,3.8111438751220703,0.04286147281527519,0.06394190341234207,0.337825745344162,0.08047188073396683,-12.525503158569336,0.533877432346344,1,0.2588190734386444,-0.9659258723258972,0.0,-0.002681412035599351,24,1,0,-0.00675886869430542,0.014908844605088234,0.015847159549593925
0.6739255014326647,0.0,0.0,0.5,1785362581.238504,-0.011456964537501335,0.3636520802974701,0.11207740753889084,0.5170645117759705,1,-14.117484092712402,407.4385070800781,5,14459,0.034433215856552124,250.0,plane_test,3.8111438751220703,0.04166574031114578,0.06608067452907562,0.3412328362464905,0.08437790721654892,-12.74539852142334,0.5337712168693542,1,0.2588190734386444,-0.9659258723258972,0.0,-0.002681412035599351,24,1,1,-0.011456964537501335,0.009585157036781311,0.010644202120602131
0.6759312320916905,0.0,0.0,0.5,1785362581.262335,-0.011456964537501335,0.3636520802974701,0.11207740753889084,0.5170645117759705,1,-14.117484092712402,407.4385070800781,5,14459,0.034433215856552124,250.0,plane_test,3.8111438751220703,0.04166574031114578,0.06608067452907562,0.3412328362464905,0.08437790721654892,-12.74539852142334,0.5337712168693542,1,0.2588190734386444,-0.9659258723258972,0.0,-0.002681412035599351,24,1,1,-0.011456964537501335,0.009585157036781311,0.010644202120602131
0.6779369627507162,0.0,0.0,0.5,1785362581.283419,-0.011456964537501335,0.3636520802974701,0.11207740753889084,0.5170645117759705,1,-14.117484092712402,386.5121765136719,5,10269,0.0308341383934021,250.0,plane_test,3.8111438751220703,0.03894742205739021,0.06662189215421677,0.34314751625061035,0.08794283866882324,-13.033906936645508,0.5333146452903748,1,0.2588190734386444,-0.9659258723258972,0.0,-0.002681412035599351,24,1,0,-0.013071803376078606,0.007079755887389183,0.008168896660208702
0.679942693409742,0.0,0.0,0.5,1785362581.307093,-0.013648021966218948,0.36643946170806885,0.11509263515472412,0.5170739889144897,1,-14.678991317749023,386.5121765136719,5,10269,0.0308341383934021,250.0,plane_test,3.816422462463379,0.03894742205739021,0.06662189215421677,0.34314751625061035,0.08794283866882324,-13.033906936645508,0.5333146452903748,1,0.2588190734386444,-0.9659258723258972,0.0,-0.002681412035599351,24,1,0,-0.013071803376078606,0.007079755887389183,0.008168896660208702
0.6819484240687679,0.0,0.0,0.5,1785362581.331488,-0.013648021966218948,0.36643946170806885,0.11509263515472412,0.5170739889144897,1,-14.678991317749023,386.5121765136719,5,9875,0.0308341383934021,250.0,plane_test,3.816422462463379,0.037445131689310074,0.06838449835777283,0.3449963629245758,0.0926276445388794,-13.383021354675293,0.5334888696670532,1,0.2588190734386444,-0.9659258723258972,0.0,-0.002681412035599351,24,1,1,-0.016257934272289276,0.002494737273082137,0.003629445331171155
0.6839541547277936,0.0,0.0,0.5,1785362581.355556,-0.016257934272289276,0.3680763244628906,0.11823321133852005,0.5174015164375305,1,-15.295157432556152,367.4125061035156,5,9875,0.029392674565315247,250.0,plane_test,3.816422462463379,0.037445131689310074,0.06838449835777283,0.3449963629245758,0.0926276445388794,-13.383021354675293,0.5334888696670532,1,0.2588190734386444,-0.9659258723258972,0.0,-0.002681412035599351,24,1,1,-0.016257934272289276,0.002494737273082137,0.003629445331171155
0.6859598853868195,0.0,0.0,0.5,1785362581.3774872,-0.016257934272289276,0.3680763244628906,0.11823321133852005,0.5174015164375305,1,-15.295157432556152,367.4125061035156,5,9875,0.029392674565315247,250.0,plane_test,3.816422462463379,0.037445131689310074,0.06838449835777283,0.3449963629245758,0.0926276445388794,-13.383021354675293,0.5334888696670532,1,0.2588190734386444,-0.9659258723258972,0.0,-0.002681412035599351,24,1,1,-0.016257934272289276,0.002494737273082137,0.003629445331171155
0.6879656160458453,0.0,0.0,0.5,1785362581.399431,-0.01732080616056919,0.3699067234992981,0.11982402950525284,0.5165097117424011,1,-15.619138717651367,348.16973876953125,5,14764,0.026961125433444977,250.0,plane_test,3.8058650493621826,0.03846147656440735,0.06678969413042068,0.3481709659099579,0.09530606865882874,-13.790376663208008,0.5314433574676514,1,0.2588190734386444,-0.9659258723258972,0.0,-0.002681412035599351,24,1,0,-0.01732080616056919,0.000250641955062747,0.0013828759547322989
0.689971346704871,0.0,0.0,0.5,1785362581.423766,-0.01732080616056919,0.3699067234992981,0.11982402950525284,0.5165097117424011,1,-15.619138717651367,348.16973876953125,5,14764,0.026961125433444977,250.0,plane_test,3.8058650493621826,0.03846147656440735,0.06678969413042068,0.3481709659099579,0.09530606865882874,-13.790376663208008,0.5314433574676514,1,0.2588190734386444,-0.9659258723258972,0.0,-0.002681412035599351,24,1,0,-0.01732080616056919,0.000250641955062747,0.0013828759547322989
0.6919770773638968,0.0,0.0,0.5,1785362581.4484081,-0.016283025965094566,0.3765052258968353,0.12051770836114883,0.5174392461776733,1,-15.981096267700195,324.9661865234375,5,9735,0.02271193265914917,250.0,plane_test,3.8058650493621826,0.041098203510046005,0.0652102380990982,0.3520065248012543,0.0977553054690361,-14.226991653442383,0.532172679901123,1,0.2588190734386444,-0.9659258723258972,0.0,-0.002681412035599351,24,1,1,-0.016283025965094566,-0.0006426840554922819,0.00041091954335570335
0.6939828080229226,0.0,0.0,0.5,1785362581.470436,-0.016283025965094566,0.3765052258968353,0.12051770836114883,0.5174392461776733,1,-15.981096267700195,324.9661865234375,5,9735,0.02271193265914917,250.0,plane_test,3.8058650493621826,0.041098203510046005,0.0652102380990982,0.3520065248012543,0.0977553054690361,-14.226991653442383,0.532172679901123,1,0.2588190734386444,-0.9659258723258972,0.0,-0.002681412035599351,24,1,1,-0.016283025965094566,-0.0006426840554922819,0.00041091954335570335
0.6959885386819484,0.0,0.0,0.5,1785362581.4924018,-0.014185432344675064,0.3807119131088257,0.11947329342365265,0.5177008509635925,1,-16.057706832885742,309.08245849609375,5,10559,0.01879975199699402,250.0,plane_test,3.8111438751220703,0.04342934489250183,0.05995874106884003,0.35510876774787903,0.09769109636545181,-14.649806022644043,0.5333342552185059,1,0.2588190734386444,-0.9659258723258972,0.0,-0.002681412035599351,24,1,0,-0.015301872044801712,-0.0007842204067856073,0.0002038960810750723
0.6979942693409742,0.0,0.0,0.5,1785362581.5172212,-0.014185432344675064,0.3807119131088257,0.11947329342365265,0.5177008509635925,1,-16.057706832885742,309.08245849609375,5,10559,0.01879975199699402,250.0,plane_test,3.8111438751220703,0.04342934489250183,0.05995874106884003,0.35510876774787903,0.09769109636545181,-14.649806022644043,0.5333342552185059,1,0.2588190734386444,-0.9659258723258972,0.0,-0.002681412035599351,24,1,0,-0.015301872044801712,-0.0007842204067856073,0.0002038960810750723
0.7,0.0,0.0,0.5,1785362581.541464,-0.011529597453773022,0.38416820764541626,0.11764988303184509,0.5177791118621826,1,-15.876028060913086,301.4746398925781,5,13862,0.015453137457370758,250.0,plane_test,3.8111438751220703,0.046320900321006775,0.05561882629990578,0.35840025544166565,0.09737377613782883,-15.017423629760742,0.5329011082649231,1,0.2588190734386444,-0.9659258723258972,0.0,-0.002681412035599351,24,1,1,-0.011529597453773022,0.001371400081552565,0.0022088359110057354
0.3626662790775299,0.08890531957149506,0.0,0.529904305934906,1785362581.698435,-0.011545506305992603,0.3873174488544464,0.11851019412279129,0.5172298550605774,1,-16.009910583496094,291.61865234375,5,9588,0.014718130230903625,250.0,land,3.879765510559082,0.07166296988725662,0.03194866701960564,0.3626662790775299,0.08890531957149506,-12.466695785522461,0.529904305934906,1,0.2588190734386444,-0.9659258723258972,0.0,-0.002681412035599351,24,1,1,-0.011545506305992603,0.0008698124438524246,0.0016902241623029113
0.3626662790775299,0.08890531957149506,0.0,0.5250567876931392,1785362581.723524,-0.011545506305992603,0.3873174488544464,0.11851019412279129,0.5172298550605774,1,-16.009910583496094,291.61865234375,5,9588,0.014718130230903625,250.0,land,3.879765510559082,0.07166296988725662,0.03194866701960564,0.3626662790775299,0.08890531957149506,-12.466695785522461,0.529904305934906,1,0.2588190734386444,-0.9659258723258972,0.0,-0.002681412035599351,24,1,1,-0.011545506305992603,0.0008698124438524246,0.0016902241623029113
0.3626662790775299,0.08890531957149506,0.0,0.5202092694513726,1785362581.747343,-0.011545506305992603,0.3873174488544464,0.11851019412279129,0.5172298550605774,1,-16.009910583496094,291.61865234375,5,9588,0.014718130230903625,250.0,land,3.879765510559082,0.12499818205833435,0.014746367000043392,0.3648650348186493,0.08949556946754456,-10.541740417480469,0.5225666165351868,1,0.2588190734386444,-0.9659258723258972,0.0,-0.002681412035599351,24,1,1,-0.011545506305992603,0.0008698124438524246,0.0016902241623029113
0.3626662790775299,0.08890531957149506,0.0,0.5153617512096058,1785362581.769755,-0.011545506305992603,0.3873174488544464,0.11851019412279129,0.5172298550605774,1,-16.009910583496094,291.61865234375,5,9588,0.014718130230903625,250.0,land,3.879765510559082,0.12499818205833435,0.014746367000043392,0.3648650348186493,0.08949556946754456,-10.541740417480469,0.5225666165351868,1,0.2588190734386444,-0.9659258723258972,0.0,-0.002681412035599351,24,1,1,-0.011545506305992603,0.0008698124438524246,0.0016902241623029113
0.3626662790775299,0.08890531957149506,0.0,0.510514232967839,1785362581.791444,-0.011545506305992603,0.3873174488544464,0.11851019412279129,0.5172298550605774,1,-16.009910583496094,291.61865234375,5,9588,0.014718130230903625,250.0,land,3.7953078746795654,0.20056381821632385,-0.00950329378247261,0.3723095953464508,0.09000001102685928,-8.908632278442383,0.5084624886512756,1,0.2588190734386444,-0.9659258723258972,0.0,-0.002681412035599351,24,1,1,-0.011545506305992603,0.0008698124438524246,0.0016902241623029113
0.3626662790775299,0.08890531957149506,0.0,0.5056667147260724,1785362581.815454,-0.011545506305992603,0.3873174488544464,0.11851019412279129,0.5172298550605774,1,-16.009910583496094,291.61865234375,5,9588,0.014718130230903625,250.0,land,3.7953078746795654,0.20056381821632385,-0.00950329378247261,0.3723095953464508,0.09000001102685928,-8.908632278442383,0.5084624886512756,1,0.2588190734386444,-0.9659258723258972,0.0,-0.002681412035599351,24,1,1,-0.011545506305992603,0.0008698124438524246,0.0016902241623029113
0.3626662790775299,0.08890531957149506,0.0,0.5008191964843056,1785362581.840576,-0.011545506305992603,0.3873174488544464,0.11851019412279129,0.5172298550605774,1,-16.009910583496094,291.61865234375,5,9588,0.014718130230903625,250.0,land,3.7953078746795654,0.267108291387558,-0.035718731582164764,0.39446964859962463,0.08498911559581757,-7.508697986602783,0.4897029995918274,1,0.2588190734386444,-0.9659258723258972,0.0,-0.002681412035599351,24,1,1,-0.011545506305992603,0.0008698124438524246,0.0016902241623029113
0.3626662790775299,0.08890531957149506,0.0,0.4959716782425389,1785362581.861546,-0.011545506305992603,0.3873174488544464,0.11851019412279129,0.5172298550605774,1,-16.009910583496094,291.61865234375,5,9588,0.014718130230903625,250.0,land,3.7953078746795654,0.267108291387558,-0.035718731582164764,0.39446964859962463,0.08498911559581757,-7.508697986602783,0.4897029995918274,1,0.2588190734386444,-0.9659258723258972,0.0,-0.002681412035599351,24,1,1,-0.011545506305992603,0.0008698124438524246,0.0016902241623029113
0.3626662790775299,0.08890531957149506,0.0,0.4911241600007722,1785362581.884424,-0.011545506305992603,0.3873174488544464,0.11851019412279129,0.5172298550605774,1,-16.009910583496094,291.61865234375,5,9588,0.014718130230903625,250.0,land,3.7953078746795654,0.27561578154563904,-0.047304268926382065,0.4020906686782837,0.08380039036273956,-6.223330974578857,0.4686471223831177,1,0.2588190734386444,-0.9659258723258972,0.0,-0.002681412035599351,24,1,1,-0.011545506305992603,0.0008698124438524246,0.0016902241623029113
0.3626662790775299,0.08890531957149506,0.0,0.4862766417590055,1785362581.9094038,-0.011545506305992603,0.3873174488544464,0.11851019412279129,0.5172298550605774,1,-16.009910583496094,291.61865234375,5,9588,0.014718130230903625,250.0,land,3.7847506999969482,0.27561578154563904,-0.047304268926382065,0.4020906686782837,0.08380039036273956,-6.223330974578857,0.4686471223831177,1,0.2588190734386444,-0.9659258723258972,0.0,-0.002681412035599351,24,1,1,-0.011545506305992603,0.0008698124438524246,0.0016902241623029113
0.3626662790775299,0.08890531957149506,0.0,0.4814291235172387,1785362581.932412,-0.011545506305992603,0.3873174488544464,0.11851019412279129,0.5172298550605774,1,-16.009910583496094,291.61865234375,5,9588,0.014718130230903625,250.0,land,3.7847506999969482,0.27227622270584106,-0.05611077696084976,0.42227664589881897,0.07965036481618881,-5.08692741394043,0.44922882318496704,1,0.2588190734386444,-0.9659258723258972,0.0,-0.002681412035599351,24,1,1,-0.011545506305992603,0.0008698124438524246,0.0016902241623029113
0.3626662790775299,0.08890531957149506,0.0,0.476581605275472,1785362581.9534452,-0.011545506305992603,0.3873174488544464,0.11851019412279129,0.5172298550605774,1,-16.009910583496094,291.61865234375,5,9588,0.014718130230903625,250.0,land,3.7847506999969482,0.27227622270584106,-0.05611077696084976,0.42227664589881897,0.07965036481618881,-5.08692741394043,0.44922882318496704,1,0.2588190734386444,-0.9659258723258972,0.0,-0.002681412035599351,24,1,1,-0.011545506305992603,0.0008698124438524246,0.0016902241623029113
0.3626662790775299,0.08890531957149506,0.0,0.4717340870337053,1785362581.976095,-0.011545506305992603,0.3873174488544464,0.11851019412279129,0.5172298550605774,1,-16.009910583496094,291.61865234375,5,9588,0.014718130230903625,250.0,land,3.7847506999969482,0.27227622270584106,-0.05611077696084976,0.42227664589881897,0.07965036481618881,-5.08692741394043,0.44922882318496704,1,0.2588190734386444,-0.9659258723258972,0.0,-0.002681412035599351,24,1,1,-0.011545506305992603,0.0008698124438524246,0.0016902241623029113
0.3626662790775299,0.08890531957149506,0.0,0.46688656879193857,1785362581.9990551,-0.011545506305992603,0.3873174488544464,0.11851019412279129,0.5172298550605774,1,-16.009910583496094,291.61865234375,5,9588,0.014718130230903625,250.0,land,3.7847506999969482,0.2503495216369629,-0.056663770228624344,0.44497013092041016,0.07653364539146423,-4.105967044830322,0.43290212750434875,1,0.2588190734386444,-0.9659258723258972,0.0,-0.002681412035599351,24,1,1,-0.011545506305992603,0.0008698124438524246,0.0016902241623029113
0.3626662790775299,0.08890531957149506,0.0,0.4620390505501718,1785362582.022431,-0.011545506305992603,0.3873174488544464,0.11851019412279129,0.5172298550605774,1,-16.009910583496094,291.61865234375,5,9588,0.014718130230903625,250.0,land,3.7847506999969482,0.2503495216369629,-0.056663770228624344,0.44497013092041016,0.07653364539146423,-4.105967044830322,0.43290212750434875,1,0.2588190734386444,-0.9659258723258972,0.0,-0.002681412035599351,24,1,1,-0.011545506305992603,0.0008698124438524246,0.0016902241623029113
0.3626662790775299,0.08890531957149506,0.0,0.4571915323084051,1785362582.0434382,-0.011545506305992603,0.3873174488544464,0.11851019412279129,0.5172298550605774,1,-16.009910583496094,291.61865234375,5,9588,0.014718130230903625,250.0,land,3.7847506999969482,0.19423788785934448,-0.04997056722640991,0.455873042345047,0.07465725392103195,-3.285203695297241,0.4168141782283783,1,0.2588190734386444,-0.9659258723258972,0.0,-0.002681412035599351,24,1,1,-0.011545506305992603,0.0008698124438524246,0.0016902241623029113
0.3626662790775299,0.08890531957149506,0.0,0.4523440140666384,1785362582.0676548,-0.011545506305992603,0.3873174488544464,0.11851019412279129,0.5172298550605774,1,-16.009910583496094,291.61865234375,5,9588,0.014718130230903625,250.0,land,3.7847506999969482,0.19423788785934448,-0.04997056722640991,0.455873042345047,0.07465725392103195,-3.285203695297241,0.4168141782283783,1,0.2588190734386444,-0.9659258723258972,0.0,-0.002681412035599351,24,1,1,-0.011545506305992603,0.0008698124438524246,0.0016902241623029113
0.3626662790775299,0.08890531957149506,0.0,0.4474964958248716,1785362582.091514,-0.011545506305992603,0.3873174488544464,0.11851019412279129,0.5172298550605774,1,-16.009910583496094,291.61865234375,5,9588,0.014718130230903625,250.0,land,3.7953078746795654,0.12548017501831055,-0.04245802015066147,0.46486809849739075,0.07146815955638885,-2.5873119831085205,0.40325990319252014,1,0.2588190734386444,-0.9659258723258972,0.0,-0.002681412035599351,24,1,1,-0.011545506305992603,0.0008698124438524246,0.0016902241623029113
0.3626662790775299,0.08890531957149506,0.0,0.4426489775831049,1785362582.112247,-0.011545506305992603,0.3873174488544464,0.11851019412279129,0.5172298550605774,1,-16.009910583496094,291.61865234375,5,9588,0.014718130230903625,250.0,land,3.7953078746795654,0.12548017501831055,-0.04245802015066147,0.46486809849739075,0.07146815955638885,-2.5873119831085205,0.40325990319252014,1,0.2588190734386444,-0.9659258723258972,0.0,-0.002681412035599351,24,1,1,-0.011545506305992603,0.0008698124438524246,0.0016902241623029113
0.3626662790775299,0.08890531957149506,0.0,0.4378014593413382,1785362582.135424,-0.011545506305992603,0.3873174488544464,0.11851019412279129,0.5172298550605774,1,-16.009910583496094,291.61865234375,5,9588,0.014718130230903625,250.0,land,3.7953078746795654,0.05658867210149765,-0.029798520728945732,0.47068095207214355,0.06950970739126205,-2.013519048690796,0.3942815661430359,1,0.2588190734386444,-0.9659258723258972,0.0,-0.002681412035599351,24,1,1,-0.011545506305992603,0.0008698124438524246,0.0016902241623029113
0.3626662790775299,0.08890531957149506,0.0,0.43295394109957147,1785362582.158572,-0.011545506305992603,0.3873174488544464,0.11851019412279129,0.5172298550605774,1,-16.009910583496094,291.61865234375,5,9588,0.014718130230903625,250.0,land,3.7953078746795654,0.05658867210149765,-0.029798520728945732,0.47068095207214355,0.06950970739126205,-2.013519048690796,0.3942815661430359,1,0.2588190734386444,-0.9659258723258972,0.0,-0.002681412035599351,24,1,1,-0.011545506305992603,0.0008698124438524246,0.0016902241623029113
0.3626662790775299,0.08890531957149506,0.0,0.42810642285780476,1785362582.179412,-0.011545506305992603,0.3873174488544464,0.11851019412279129,0.5172298550605774,1,-16.009910583496094,291.61865234375,5,9588,0.014718130230903625,250.0,land,3.7953078746795654,-0.02427784539759159,-0.0175528172403574,0.4659045934677124,0.06718293577432632,-1.5669819116592407,0.3825087547302246,1,0.2588190734386444,-0.9659258723258972,0.0,-0.002681412035599351,24,1,1,-0.011545506305992603,0.0008698124438524246,0.0016902241623029113
0.3626662790775299,0.08890531957149506,0.0,0.423258904616038,1785362582.2014441,-0.011545506305992603,0.3873174488544464,0.11851019412279129,0.5172298550605774,1,-16.009910583496094,291.61865234375,5,9588,0.014718130230903625,250.0,land,3.8058650493621826,-0.02427784539759159,-0.0175528172403574,0.4659045934677124,0.06718293577432632,-1.5669819116592407,0.3825087547302246,1,0.2588190734386444,-0.9659258723258972,0.0,-0.002681412035599351,24,1,1,-0.011545506305992603,0.0008698124438524246,0.0016902241623029113
0.3626662790775299,0.08890531957149506,0.0,0.4184113863742713,1785362582.222305,-0.011545506305992603,0.3873174488544464,0.11851019412279129,0.5172298550605774,1,-16.009910583496094,291.61865234375,5,9588,0.014718130230903625,250.0,land,3.8058650493621826,-0.02427784539759159,-0.0175528172403574,0.4659045934677124,0.06718293577432632,-1.5669819116592407,0.3825087547302246,1,0.2588190734386444,-0.9659258723258972,0.0,-0.002681412035599351,24,1,1,-0.011545506305992603,0.0008698124438524246,0.0016902241623029113
0.3626662790775299,0.08890531957149506,0.0,0.41356386813250456,1785362582.2444532,-0.011545506305992603,0.3873174488544464,0.11851019412279129,0.5172298550605774,1,-16.009910583496094,291.61865234375,5,9588,0.014718130230903625,250.0,land,3.8058650493621826,-0.10463584214448929,-0.0162773746997118,0.45451241731643677,0.058529000729322433,-1.2530877590179443,0.37136465311050415,1,0.2588190734386444,-0.9659258723258972,0.0,-0.002681412035599351,24,1,1,-0.011545506305992603,0.0008698124438524246,0.0016902241623029113
0.3626662790775299,0.08890531957149506,0.0,0.4087163498907378,1785362582.2685492,-0.011545506305992603,0.3873174488544464,0.11851019412279129,0.5172298550605774,1,-16.009910583496094,291.61865234375,5,9588,0.014718130230903625,250.0,land,3.8058650493621826,-0.10463584214448929,-0.0162773746997118,0.45451241731643677,0.058529000729322433,-1.2530877590179443,0.37136465311050415,1,0.2588190734386444,-0.9659258723258972,0.0,-0.002681412035599351,24,1,1,-0.011545506305992603,0.0008698124438524246,0.0016902241623029113
0.3626662790775299,0.08890531957149506,0.0,0.4038688316489711,1785362582.291413,-0.011545506305992603,0.3873174488544464,0.11851019412279129,0.5172298550605774,1,-16.009910583496094,291.61865234375,5,9588,0.014718130230903625,250.0,land,3.8058650493621826,-0.1650157868862152,-0.002456838730722666,0.44516199827194214,0.057504117488861084,-0.9945923686027527,0.36277905106544495,1,0.2588190734386444,-0.9659258723258972,0.0,-0.002681412035599351,24,1,1,-0.011545506305992603,0.0008698124438524246,0.0016902241623029113
0.3626662790775299,0.08890531957149506,0.0,0.39902131340720437,1785362582.316472,-0.011545506305992603,0.3873174488544464,0.11851019412279129,0.5172298550605774,1,-16.009910583496094,291.61865234375,5,9588,0.014718130230903625,250.0,land,3.8058650493621826,-0.1650157868862152,-0.002456838730722666,0.44516199827194214,0.057504117488861084,-0.9945923686027527,0.36277905106544495,1,0.2588190734386444,-0.9659258723258972,0.0,-0.002681412035599351,24,1,1,-0.011545506305992603,0.0008698124438524246,0.0016902241623029113
0.3626662790775299,0.08890531957149506,0.0,0.3941737951654376,1785362582.339116,-0.011545506305992603,0.3873174488544464,0.11851019412279129,0.5172298550605774,1,-16.009910583496094,291.61865234375,5,9588,0.014718130230903625,250.0,land,3.8058650493621826,-0.21346887946128845,0.015019808895885944,0.432998389005661,0.05841970816254616,-0.7818774580955505,0.35403692722320557,1,0.2588190734386444,-0.9659258723258972,0.0,-0.002681412035599351,24,1,1,-0.011545506305992603,0.0008698124438524246,0.0016902241623029113
0.3626662790775299,0.08890531957149506,0.0,0.38932627692367094,1785362582.360408,-0.011545506305992603,0.3873174488544464,0.11851019412279129,0.5172298550605774,1,-16.009910583496094,291.61865234375,5,9588,0.014718130230903625,250.0,land,3.8058650493621826,-0.21346887946128845,0.015019808895885944,0.432998389005661,0.05841970816254616,-0.7818774580955505,0.35403692722320557,1,0.2588190734386444,-0.9659258723258972,0.0,-0.002681412035599351,24,1,1,-0.011545506305992603,0.0008698124438524246,0.0016902241623029113
0.3626662790775299,0.08890531957149506,0.0,0.3844787586819042,1785362582.381451,-0.011545506305992603,0.3873174488544464,0.11851019412279129,0.5172298550605774,1,-16.009910583496094,291.61865234375,5,9588,0.014718130230903625,250.0,land,3.8058650493621826,-0.2466285079717636,0.03675011545419693,0.4193611145019531,0.06306789815425873,-0.5771269202232361,0.3463476300239563,1,0.2588190734386444,-0.9659258723258972,0.0,-0.002681412035599351,24,1,1,-0.011545506305992603,0.0008698124438524246,0.0016902241623029113
0.3626662790775299,0.08890531957149506,0.0,0.3796312404401374,1785362582.405405,-0.011545506305992603,0.3873174488544464,0.11851019412279129,0.5172298550605774,1,-16.009910583496094,291.61865234375,5,9588,0.014718130230903625,250.0,land,3.8111438751220703,-0.2466285079717636,0.03675011545419693,0.4193611145019531,0.06306789815425873,-0.5771269202232361,0.3463476300239563,1,0.2588190734386444,-0.9659258723258972,0.0,-0.002681412035599351,24,1,1,-0.011545506305992603,0.0008698124438524246,0.0016902241623029113
0.3626662790775299,0.08890531957149506,0.0,0.37478372219837075,1785362582.4304798,-0.011545506305992603,0.3873174488544464,0.11851019412279129,0.5172298550605774,1,-16.009910583496094,291.61865234375,5,9588,0.014718130230903625,250.0,land,3.8111438751220703,-0.25981852412223816,0.04674049839377403,0.4081316292285919,0.06373536586761475,-0.39468473196029663,0.3378603756427765,1,0.2588190734386444,-0.9659258723258972,0.0,-0.002681412035599351,24,1,1,-0.011545506305992603,0.0008698124438524246,0.0016902241623029113
0.3626662790775299,0.08890531957149506,0.0,0.369936203956604,1785362582.453716,-0.011545506305992603,0.3873174488544464,0.11851019412279129,0.5172298550605774,1,-16.009910583496094,291.61865234375,5,9588,0.014718130230903625,250.0,land,3.8111438751220703,-0.25981852412223816,0.04674049839377403,0.4081316292285919,0.06373536586761475,-0.39468473196029663,0.3378603756427765,1,0.2588190734386444,-0.9659258723258972,0.0,-0.002681412035599351,24,1,1,-0.011545506305992603,0.0008698124438524246,0.0016902241623029113
0.3626662790775299,0.08890531957149506,0.0,0.36508868571483727,1785362582.476085,-0.011545506305992603,0.3873174488544464,0.11851019412279129,0.5172298550605774,1,-16.009910583496094,291.61865234375,5,9588,0.014718130230903625,250.0,land,3.8111438751220703,-0.25981852412223816,0.04674049839377403,0.4081316292285919,0.06373536586761475,-0.39468473196029663,0.3378603756427765,1,0.2588190734386444,-0.9659258723258972,0.0,-0.002681412035599351,24,1,1,-0.011545506305992603,0.0008698124438524246,0.0016902241623029113
0.3626662790775299,0.08890531957149506,0.0,0.36024116747307056,1785362582.496418,-0.011545506305992603,0.3873174488544464,0.11851019412279129,0.5172298550605774,1,-16.009910583496094,291.61865234375,5,9588,0.014718130230903625,250.0,land,3.8111438751220703,-0.2555638551712036,0.05166313424706459,0.39867573976516724,0.0642666295170784,-0.2168428748846054,0.3291463851928711,1,0.2588190734386444,-0.9659258723258972,0.0,-0.002681412035599351,24,1,1,-0.011545506305992603,0.0008698124438524246,0.0016902241623029113
0.3626662790775299,0.08890531957149506,0.0,0.3553936492313038,1785362582.521419,-0.011545506305992603,0.3873174488544464,0.11851019412279129,0.5172298550605774,1,-16.009910583496094,291.61865234375,5,9588,0.014718130230903625,250.0,land,3.8111438751220703,-0.2555638551712036,0.05166313424706459,0.39867573976516724,0.0642666295170784,-0.2168428748846054,0.3291463851928711,1,0.2588190734386444,-0.9659258723258972,0.0,-0.002681412035599351,24,1,1,-0.011545506305992603,0.0008698124438524246,0.0016902241623029113
0.3626662790775299,0.08890531957149506,0.0,0.3505461309895371,1785362582.5424042,-0.011545506305992603,0.3873174488544464,0.11851019412279129,0.5172298550605774,1,-16.009910583496094,291.61865234375,5,9588,0.014718130230903625,250.0,land,3.8111438751220703,-0.24566484987735748,0.060339659452438354,0.38644957542419434,0.06852465867996216,-0.038949452340602875,0.3209821879863739,1,0.2588190734386444,-0.9659258723258972,0.0,-0.002681412035599351,24,1,1,-0.011545506305992603,0.0008698124438524246,0.0016902241623029113
0.3626662790775299,0.08890531957149506,0.0,0.34569861274777036,1785362582.567421,-0.011545506305992603,0.3873174488544464,0.11851019412279129,0.5172298550605774,1,-16.009910583496094,291.61865234375,5,9588,0.014718130230903625,250.0,land,3.8111438751220703,-0.24566484987735748,0.060339659452438354,0.38644957542419434,0.06852465867996216,-0.038949452340602875,0.3209821879863739,1,0.2588190734386444,-0.9659258723258972,0.0,-0.002681412035599351,24,1,1,-0.011545506305992603,0.0008698124438524246,0.0016902241623029113
0.3626662790775299,0.08890531957149506,0.0,0.34085109450600365,1785362582.5922592,-0.011545506305992603,0.3873174488544464,0.11851019412279129,0.5172298550605774,1,-16.009910583496094,291.61865234375,5,9588,0.014718130230903625,250.0,land,3.8111438751220703,-0.2206605225801468,0.06366420537233353,0.3771792948246002,0.07231689989566803,0.08572951704263687,0.31366968154907227,1,0.2588190734386444,-0.9659258723258972,0.0,-0.002681412035599351,24,1,1,-0.011545506305992603,0.0008698124438524246,0.0016902241623029113
0.3626662790775299,0.08890531957149506,0.0,0.33600357626423694,1785362582.6125472,-0.011545506305992603,0.3873174488544464,0.11851019412279129,0.5172298550605774,1,-16.009910583496094,291.61865234375,5,9588,0.014718130230903625,250.0,land,3.8111438751220703,-0.2206605225801468,0.06366420537233353,0.3771792948246002,0.07231689989566803,0.08572951704263687,0.31366968154907227,1,0.2588190734386444,-0.9659258723258972,0.0,-0.002681412035599351,24,1,1,-0.011545506305992603,0.0008698124438524246,0.0016902241623029113
0.3626662790775299,0.08890531957149506,0.0,0.33115605802247017,1785362582.6376479,-0.011545506305992603,0.3873174488544464,0.11851019412279129,0.5172298550605774,1,-16.009910583496094,291.61865234375,5,9588,0.014718130230903625,250.0,land,3.8111438751220703,-0.18572787940502167,0.05921119078993797,0.37036800384521484,0.07405901700258255,0.1120399460196495,0.3076731562614441,1,0.2588190734386444,-0.9659258723258972,0.0,-0.002681412035599351,24,1,1,-0.011545506305992603,0.0008698124438524246,0.0016902241623029113
0.3626662790775299,0.08890531957149506,0.0,0.32630853978070345,1785362582.6614468,-0.011545506305992603,0.3873174488544464,0.11851019412279129,0.5172298550605774,1,-16.009910583496094,291.61865234375,5,9588,0.014718130230903625,250.0,land,3.8111438751220703,-0.18572787940502167,0.05921119078993797,0.37036800384521484,0.07405901700258255,0.1120399460196495,0.3076731562614441,1,0.2588190734386444,-0.9659258723258972,0.0,-0.002681412035599351,24,1,1,-0.011545506305992603,0.0008698124438524246,0.0016902241623029113
0.3626662790775299,0.08890531957149506,0.0,0.32146102153893674,1785362582.683413,-0.011545506305992603,0.3873174488544464,0.11851019412279129,0.5172298550605774,1,-16.009910583496094,291.61865234375,5,9588,0.014718130230903625,250.0,land,3.8111438751220703,-0.1449861079454422,0.05494856461882591,0.3657374978065491,0.07663417607545853,0.09499837458133698,0.30175963044166565,1,0.2588190734386444,-0.9659258723258972,0.0,-0.002681412035599351,24,1,1,-0.011545506305992603,0.0008698124438524246,0.0016902241623029113
0.3626662790775299,0.08890531957149506,0.0,0.31661350329717,1785362582.7062669,-0.011545506305992603,0.3873174488544464,0.11851019412279129,0.5172298550605774,1,-16.009910583496094,291.61865234375,5,9588,0.014718130230903625,250.0,land,3.8111438751220703,-0.1449861079454422,0.05494856461882591,0.3657374978065491,0.07663417607545853,0.09499837458133698,0.30175963044166565,1,0.2588190734386444,-0.9659258723258972,0.0,-0.002681412035599351,24,1,1,-0.011545506305992603,0.0008698124438524246,0.0016902241623029113
0.3626662790775299,0.08890531957149506,0.0,0.3117659850554033,1785362582.729256,-0.011545506305992603,0.3873174488544464,0.11851019412279129,0.5172298550605774,1,-16.009910583496094,291.61865234375,5,9588,0.014718130230903625,250.0,land,3.8111438751220703,-0.1105937734246254,0.05252411216497421,0.3599499464035034,0.08018599450588226,0.02794901840388775,0.29529955983161926,1,0.2588190734386444,-0.9659258723258972,0.0,-0.002681412035599351,24,1,1,-0.011545506305992603,0.0008698124438524246,0.0016902241623029113
0.3626662790775299,0.08890531957149506,0.0,0.30691846681363655,1785362582.75018,-0.011545506305992603,0.3873174488544464,0.11851019412279129,0.5172298550605774,1,-16.009910583496094,291.61865234375,5,9588,0.014718130230903625,250.0,land,3.8111438751220703,-0.1105937734246254,0.05252411216497421,0.3599499464035034,0.08018599450588226,0.02794901840388775,0.29529955983161926,1,0.2588190734386444,-0.9659258723258972,0.0,-0.002681412035599351,24,1,1,-0.011545506305992603,0.0008698124438524246,0.0016902241623029113
0.3626662790775299,0.08890531957149506,0.0,0.3020709485718698,1785362582.771636,-0.011545506305992603,0.3873174488544464,0.11851019412279129,0.5172298550605774,1,-16.009910583496094,291.61865234375,5,9588,0.014718130230903625,250.0,land,3.8111438751220703,-0.1105937734246254,0.05252411216497421,0.3599499464035034,0.08018599450588226,0.02794901840388775,0.29529955983161926,1,0.2588190734386444,-0.9659258723258972,0.0,-0.002681412035599351,24,1,1,-0.011545506305992603,0.0008698124438524246,0.0016902241623029113
0.3626662790775299,0.08890531957149506,0.0,0.2972234303301031,1785362582.791889,-0.011545506305992603,0.3873174488544464,0.11851019412279129,0.5172298550605774,1,-16.009910583496094,291.61865234375,5,9588,0.014718130230903625,250.0,land,3.8111438751220703,-0.077283576130867,0.046339087188243866,0.3558419346809387,0.08272352814674377,-0.0571991428732872,0.28889206051826477,1,0.2588190734386444,-0.9659258723258972,0.0,-0.002681412035599351,24,1,1,-0.011545506305992603,0.0008698124438524246,0.0016902241623029113
0.3626662790775299,0.08890531957149506,0.0,0.29237591208833635,1785362582.812407,-0.011545506305992603,0.3873174488544464,0.11851019412279129,0.5172298550605774,1,-16.009910583496094,291.61865234375,5,9588,0.014718130230903625,250.0,land,3.8111438751220703,-0.077283576130867,0.046339087188243866,0.3558419346809387,0.08272352814674377,-0.0571991428732872,0.28889206051826477,1,0.2588190734386444,-0.9659258723258972,0.0,-0.002681412035599351,24,1,1,-0.011545506305992603,0.0008698124438524246,0.0016902241623029113
0.3626662790775299,0.08890531957149506,0.0,0.2875283938465696,1785362582.83638,-0.011545506305992603,0.3873174488544464,0.11851019412279129,0.5172298550605774,1,-16.009910583496094,291.61865234375,5,9588,0.014718130230903625,250.0,land,3.8111438751220703,-0.04714512452483177,0.04236656054854393,0.35311686992645264,0.0858023539185524,-0.1652485430240631,0.2823789715766907,1,0.2588190734386444,-0.9659258723258972,0.0,-0.002681412035599351,24,1,1,-0.011545506305992603,0.0008698124438524246,0.0016902241623029113
0.3626662790775299,0.08890531957149506,0.0,0.28268087560480293,1785362582.8594098,-0.011545506305992603,0.3873174488544464,0.11851019412279129,0.5172298550605774,1,-16.009910583496094,291.61865234375,5,9588,0.014718130230903625,250.0,land,3.8111438751220703,-0.04714512452483177,0.04236656054854393,0.35311686992645264,0.0858023539185524,-0.1652485430240631,0.2823789715766907,1,0.2588190734386444,-0.9659258723258972,0.0,-0.002681412035599351,24,1,1,-0.011545506305992603,0.0008698124438524246,0.0016902241623029113
0.3626662790775299,0.08890531957149506,0.0,0.27783335736303616,1785362582.880405,-0.011545506305992603,0.3873174488544464,0.11851019412279129,0.5172298550605774,1,-16.009910583496094,291.61865234375,5,9588,0.014718130230903625,250.0,land,3.8111438751220703,-0.009395251050591469,0.03536054491996765,0.3548649847507477,0.08797667920589447,-0.2529272735118866,0.2748730182647705,1,0.2588190734386444,-0.9659258723258972,0.0,-0.002681412035599351,24,1,1,-0.011545506305992603,0.0008698124438524246,0.0016902241623029113
0.3626662790775299,0.08890531957149506,0.0,0.27298583912126945,1785362582.901403,-0.011545506305992603,0.3873174488544464,0.11851019412279129,0.5172298550605774,1,-16.009910583496094,291.61865234375,5,9588,0.014718130230903625,250.0,land,3.8111438751220703,-0.009395251050591469,0.03536054491996765,0.3548649847507477,0.08797667920589447,-0.2529272735118866,0.2748730182647705,1,0.2588190734386444,-0.9659258723258972,0.0,-0.002681412035599351,24,1,1,-0.011545506305992603,0.0008698124438524246,0.0016902241623029113
0.3626662790775299,0.08890531957149506,0.0,0.26813832087950273,1785362582.922441,-0.011545506305992603,0.3873174488544464,0.11851019412279129,0.5172298550605774,1,-16.009910583496094,291.61865234375,5,9588,0.014718130230903625,250.0,land,3.8111438751220703,-0.009395251050591469,0.03536054491996765,0.3548649847507477,0.08797667920589447,-0.2529272735118866,0.2748730182647705,1,0.2588190734386444,-0.9659258723258972,0.0,-0.002681412035599351,24,1,1,-0.011545506305992603,0.0008698124438524246,0.0016902241623029113
0.3626662790775299,0.08890531957149506,0.0,0.26329080263773597,1785362582.9475,-0.011545506305992603,0.3873174488544464,0.11851019412279129,0.5172298550605774,1,-16.009910583496094,291.61865234375,5,9588,0.014718130230903625,250.0,land,3.8111438751220703,0.018004784360527992,0.0306097362190485,0.3564043641090393,0.09044487029314041,-0.29033759236335754,0.26795172691345215,1,0.2588190734386444,-0.9659258723258972,0.0,-0.002681412035599351,24,1,1,-0.011545506305992603,0.0008698124438524246,0.0016902241623029113
0.3626662790775299,0.08890531957149506,0.0,0.25844328439596925,1785362582.968461,-0.011545506305992603,0.3873174488544464,0.11851019412279129,0.5172298550605774,1,-16.009910583496094,291.61865234375,5,9588,0.014718130230903625,250.0,land,3.8111438751220703,0.018004784360527992,0.0306097362190485,0.3564043641090393,0.09044487029314041,-0.29033759236335754,0.26795172691345215,1,0.2588190734386444,-0.9659258723258972,0.0,-0.002681412035599351,24,1,1,-0.011545506305992603,0.0008698124438524246,0.0016902241623029113
0.3626662790775299,0.08890531957149506,0.0,0.25359576615420254,1785362582.9933581,-0.011545506305992603,0.3873174488544464,0.11851019412279129,0.5172298550605774,1,-16.009910583496094,291.61865234375,5,9588,0.014718130230903625,250.0,land,3.8111438751220703,0.04145672917366028,0.016722265630960464,0.35979166626930237,0.09030409157276154,-0.2791973650455475,0.2617097496986389,1,0.2588190734386444,-0.9659258723258972,0.0,-0.002681412035599351,24,1,1,-0.011545506305992603,0.0008698124438524246,0.0016902241623029113
0.3626662790775299,0.08890531957149506,0.0,0.24874824791243583,1785362583.014417,-0.011545506305992603,0.3873174488544464,0.11851019412279129,0.5172298550605774,1,-16.009910583496094,291.61865234375,5,9588,0.014718130230903625,250.0,land,3.8111438751220703,0.04145672917366028,0.016722265630960464,0.35979166626930237,0.09030409157276154,-0.2791973650455475,0.2617097496986389,1,0.2588190734386444,-0.9659258723258972,0.0,-0.002681412035599351,24,1,1,-0.011545506305992603,0.0008698124438524246,0.0016902241623029113
0.3626662790775299,0.08890531957149506,0.0,0.24390072967066911,1785362583.0384262,-0.011545506305992603,0.3873174488544464,0.11851019412279129,0.5172298550605774,1,-16.009910583496094,291.61865234375,5,9588,0.014718130230903625,250.0,land,3.8111438751220703,0.054998867213726044,0.003783042309805751,0.36296993494033813,0.08971312642097473,-0.24757470190525055,0.2538422644138336,1,0.2588190734386444,-0.9659258723258972,0.0,-0.002681412035599351,24,1,1,-0.011545506305992603,0.0008698124438524246,0.0016902241623029113
0.3626662790775299,0.08890531957149506,0.0,0.23905321142890235,1785362583.059448,-0.011545506305992603,0.3873174488544464,0.11851019412279129,0.5172298550605774,1,-16.009910583496094,291.61865234375,5,9588,0.014718130230903625,250.0,land,3.8111438751220703,0.054998867213726044,0.003783042309805751,0.36296993494033813,0.08971312642097473,-0.24757470190525055,0.2538422644138336,1,0.2588190734386444,-0.9659258723258972,0.0,-0.002681412035599351,24,1,1,-0.011545506305992603,0.0008698124438524246,0.0016902241623029113
0.3626662790775299,0.08890531957149506,0.0,0.23420569318713563,1785362583.084406,-0.011545506305992603,0.3873174488544464,0.11851019412279129,0.5172298550605774,1,-16.009910583496094,291.61865234375,5,9588,0.014718130230903625,250.0,land,3.8111438751220703,0.061990391463041306,-0.004581396002322435,0.3670538067817688,0.08934148401021957,-0.23291829228401184,0.24717533588409424,1,0.2588190734386444,-0.9659258723258972,0.0,-0.002681412035599351,24,1,1,-0.011545506305992603,0.0008698124438524246,0.0016902241623029113
0.3626662790775299,0.08890531957149506,0.0,0.22935817494536886,1785362583.1083992,-0.011545506305992603,0.3873174488544464,0.11851019412279129,0.5172298550605774,1,-16.009910583496094,291.61865234375,5,9588,0.014718130230903625,250.0,land,3.8111438751220703,0.061990391463041306,-0.004581396002322435,0.3670538067817688,0.08934148401021957,-0.23291829228401184,0.24717533588409424,1,0.2588190734386444,-0.9659258723258972,0.0,-0.002681412035599351,24,1,1,-0.011545506305992603,0.0008698124438524246,0.0016902241623029113
0.3626662790775299,0.08890531957149506,0.0,0.2245106567036022,1785362583.133489,-0.011545506305992603,0.3873174488544464,0.11851019412279129,0.5172298550605774,1,-16.009910583496094,291.61865234375,5,9588,0.014718130230903625,250.0,land,3.8111438751220703,0.07514706254005432,-0.016351811587810516,0.37382060289382935,0.08763261139392853,-0.2092302143573761,0.23879311978816986,1,0.2588190734386444,-0.9659258723258972,0.0,-0.002681412035599351,24,1,1,-0.011545506305992603,0.0008698124438524246,0.0016902241623029113
0.3626662790775299,0.08890531957149506,0.0,0.21966313846183544,1785362583.154586,-0.011545506305992603,0.3873174488544464,0.11851019412279129,0.5172298550605774,1,-16.009910583496094,291.61865234375,5,9588,0.014718130230903625,250.0,land,3.8111438751220703,0.07514706254005432,-0.016351811587810516,0.37382060289382935,0.08763261139392853,-0.2092302143573761,0.23879311978816986,1,0.2588190734386444,-0.9659258723258972,0.0,-0.002681412035599351,24,1,1,-0.011545506305992603,0.0008698124438524246,0.0016902241623029113
0.3626662790775299,0.08890531957149506,0.0,0.21481562022006873,1785362583.177153,-0.011545506305992603,0.3873174488544464,0.11851019412279129,0.5172298550605774,1,-16.009910583496094,291.61865234375,5,9588,0.014718130230903625,250.0,land,3.8111438751220703,0.07514706254005432,-0.016351811587810516,0.37382060289382935,0.08763261139392853,-0.2092302143573761,0.23879311978816986,1,0.2588190734386444,-0.9659258723258972,0.0,-0.002681412035599351,24,1,1,-0.011545506305992603,0.0008698124438524246,0.0016902241623029113
0.3626662790775299,0.08890531957149506,0.0,0.209968101978302,1785362583.201081,-0.011545506305992603,0.3873174488544464,0.11851019412279129,0.5172298550605774,1,-16.009910583496094,291.61865234375,5,9588,0.014718130230903625,250.0,land,3.8058650493621826,0.06784415245056152,-0.020424598827958107,0.3774372935295105,0.08661395311355591,-0.2090163230895996,0.23168863356113434,1,0.2588190734386444,-0.9659258723258972,0.0,-0.002681412035599351,24,1,1,-0.011545506305992603,0.0008698124438524246,0.0016902241623029113
0.3626662790775299,0.08890531957149506,0.0,0.20512058373653524,1785362583.2251048,-0.011545506305992603,0.3873174488544464,0.11851019412279129,0.5172298550605774,1,-16.009910583496094,291.61865234375,5,9588,0.014718130230903625,250.0,land,3.8058650493621826,0.06784415245056152,-0.020424598827958107,0.3774372935295105,0.08661395311355591,-0.2090163230895996,0.23168863356113434,1,0.2588190734386444,-0.9659258723258972,0.0,-0.002681412035599351,24,1,1,-0.011545506305992603,0.0008698124438524246,0.0016902241623029113
0.3626662790775299,0.08890531957149506,0.0,0.20027306549476853,1785362583.2484322,-0.011545506305992603,0.3873174488544464,0.11851019412279129,0.5172298550605774,1,-16.009910583496094,291.61865234375,5,9588,0.014718130230903625,250.0,land,3.8058650493621826,0.057150546461343765,-0.019871899858117104,0.38072824478149414,0.08593304455280304,-0.2139584869146347,0.22360162436962128,1,0.2588190734386444,-0.9659258723258972,0.0,-0.002681412035599351,24,1,1,-0.011545506305992603,0.0008698124438524246,0.0016902241623029113
0.3626662790775299,0.08890531957149506,0.0,0.19542554725300176,1785362583.273493,-0.011545506305992603,0.3873174488544464,0.11851019412279129,0.5172298550605774,1,-16.009910583496094,291.61865234375,5,9588,0.014718130230903625,250.0,land,3.8058650493621826,0.057150546461343765,-0.019871899858117104,0.38072824478149414,0.08593304455280304,-0.2139584869146347,0.22360162436962128,1,0.2588190734386444,-0.9659258723258972,0.0,-0.002681412035599351,24,1,1,-0.011545506305992603,0.0008698124438524246,0.0016902241623029113
0.3626662790775299,0.08890531957149506,0.0,0.1905780290112351,1785362583.298464,-0.011545506305992603,0.3873174488544464,0.11851019412279129,0.5172298550605774,1,-16.009910583496094,291.61865234375,5,9588,0.014718130230903625,250.0,land,3.8058650493621826,0.04377344623208046,-0.021479003131389618,0.3834822177886963,0.08448762446641922,-0.2010582834482193,0.21275967359542847,1,0.2588190734386444,-0.9659258723258972,0.0,-0.002681412035599351,24,1,1,-0.011545506305992603,0.0008698124438524246,0.0016902241623029113
0.3626662790775299,0.08890531957149506,0.0,0.1857305107694684,1785362583.32196,-0.011545506305992603,0.3873174488544464,0.11851019412279129,0.5172298550605774,1,-16.009910583496094,291.61865234375,5,9588,0.014718130230903625,250.0,land,3.8058650493621826,0.04377344623208046,-0.021479003131389618,0.3834822177886963,0.08448762446641922,-0.2010582834482193,0.21275967359542847,1,0.2588190734386444,-0.9659258723258972,0.0,-0.002681412035599351,24,1,1,-0.011545506305992603,0.0008698124438524246,0.0016902241623029113
0.3626662790775299,0.08890531957149506,0.0,0.18088299252770162,1785362583.3454678,-0.011545506305992603,0.3873174488544464,0.11851019412279129,0.5172298550605774,1,-16.009910583496094,291.61865234375,5,9588,0.014718130230903625,250.0,land,3.8058650493621826,0.02725578099489212,-0.016149433329701424,0.38537633419036865,0.08391325920820236,-0.18625423312187195,0.20406663417816162,1,0.2588190734386444,-0.9659258723258972,0.0,-0.002681412035599351,24,1,1,-0.011545506305992603,0.0008698124438524246,0.0016902241623029113
0.3626662790775299,0.08890531957149506,0.0,0.1760354742859349,1785362583.3705442,-0.011545506305992603,0.3873174488544464,0.11851019412279129,0.5172298550605774,1,-16.009910583496094,291.61865234375,5,9588,0.014718130230903625,250.0,land,3.8058650493621826,0.02725578099489212,-0.016149433329701424,0.38537633419036865,0.08391325920820236,-0.18625423312187195,0.20406663417816162,1,0.2588190734386444,-0.9659258723258972,0.0,-0.002681412035599351,24,1,1,-0.011545506305992603,0.0008698124438524246,0.0016902241623029113
0.3626662790775299,0.08890531957149506,0.0,0.17118795604416814,1785362583.392417,-0.011545506305992603,0.3873174488544464,0.11851019412279129,0.5172298550605774,1,-16.009910583496094,291.61865234375,5,9588,0.014718130230903625,250.0,land,3.800586462020874,0.0038652876392006874,-0.011020063422620296,0.38525429368019104,0.0832734927535057,-0.15068753063678741,0.19416791200637817,1,0.2588190734386444,-0.9659258723258972,0.0,-0.002681412035599351,24,1,1,-0.011545506305992603,0.0008698124438524246,0.0016902241623029113
0.3626662790775299,0.08890531957149506,0.0,0.16634043780240143,1785362583.417238,-0.011545506305992603,0.3873174488544464,0.11851019412279129,0.5172298550605774,1,-16.009910583496094,291.61865234375,5,9588,0.014718130230903625,250.0,land,3.800586462020874,0.0038652876392006874,-0.011020063422620296,0.38525429368019104,0.0832734927535057,-0.15068753063678741,0.19416791200637817,1,0.2588190734386444,-0.9659258723258972,0.0,-0.002681412035599351,24,1,1,-0.011545506305992603,0.0008698124438524246,0.0016902241623029113
0.3626662790775299,0.08890531957149506,0.0,0.16149291956063472,1785362583.441487,-0.011545506305992603,0.3873174488544464,0.11851019412279129,0.5172298550605774,1,-16.009910583496094,291.61865234375,5,9588,0.014718130230903625,250.0,land,3.800586462020874,-0.026390541344881058,0.01276793796569109,0.3833119571208954,0.08521361649036407,-0.13447347283363342,0.18521073460578918,1,0.2588190734386444,-0.9659258723258972,0.0,-0.002681412035599351,24,1,1,-0.011545506305992603,0.0008698124438524246,0.0016902241623029113
0.3626662790775299,0.08890531957149506,0.0,0.156645401318868,1785362583.464414,-0.011545506305992603,0.3873174488544464,0.11851019412279129,0.5172298550605774,1,-16.009910583496094,291.61865234375,5,9588,0.014718130230903625,250.0,land,3.800586462020874,-0.026390541344881058,0.01276793796569109,0.3833119571208954,0.08521361649036407,-0.13447347283363342,0.18521073460578918,1,0.2588190734386444,-0.9659258723258972,0.0,-0.002681412035599351,24,1,1,-0.011545506305992603,0.0008698124438524246,0.0016902241623029113
0.3626662790775299,0.08890531957149506,0.0,0.1517978830771013,1785362583.486408,-0.011545506305992603,0.3873174488544464,0.11851019412279129,0.5172298550605774,1,-16.009910583496094,291.61865234375,5,9588,0.014718130230903625,250.0,land,3.800586462020874,-0.0466463603079319,0.016957273706793785,0.38076266646385193,0.08538445830345154,-0.1844245195388794,0.18054760992527008,1,0.2588190734386444,-0.9659258723258972,0.0,-0.002681412035599351,24,1,1,-0.011545506305992603,0.0008698124438524246,0.0016902241623029113
0.3626662790775299,0.08890531957149506,0.0,0.14695036483533452,1785362583.51145,-0.011545506305992603,0.3873174488544464,0.11851019412279129,0.5172298550605774,1,-16.009910583496094,291.61865234375,5,9588,0.014718130230903625,250.0,land,3.8058650493621826,-0.0466463603079319,0.016957273706793785,0.38076266646385193,0.08538445830345154,-0.1844245195388794,0.18054760992527008,1,0.2588190734386444,-0.9659258723258972,0.0,-0.002681412035599351,24,1,1,-0.011545506305992603,0.0008698124438524246,0.0016902241623029113
0.3626662790775299,0.08890531957149506,0.0,0.1421028465935678,1785362583.533549,-0.011545506305992603,0.3873174488544464,0.11851019412279129,0.5172298550605774,1,-16.009910583496094,291.61865234375,5,9588,0.014718130230903625,250.0,land,3.8058650493621826,-0.05750604346394539,0.015925562009215355,0.3780008852481842,0.08563059568405151,-0.24117235839366913,0.1763702630996704,1,0.2588190734386444,-0.9659258723258972,0.0,-0.002681412035599351,24,1,1,-0.011545506305992603,0.0008698124438524246,0.0016902241623029113
0.3626662790775299,0.08890531957149506,0.0,0.13725532835180104,1785362583.5537732,-0.011545506305992603,0.3873174488544464,0.11851019412279129,0.5172298550605774,1,-16.009910583496094,291.61865234375,5,9588,0.014718130230903625,250.0,land,3.8058650493621826,-0.05750604346394539,0.015925562009215355,0.3780008852481842,0.08563059568405151,-0.24117235839366913,0.1763702630996704,1,0.2588190734386444,-0.9659258723258972,0.0,-0.002681412035599351,24,1,1,-0.011545506305992603,0.0008698124438524246,0.0016902241623029113
0.3626662790775299,0.08890531957149506,0.0,0.13240781011003433,1785362583.576121,-0.011545506305992603,0.3873174488544464,0.11851019412279129,0.5172298550605774,1,-16.009910583496094,291.61865234375,5,9588,0.014718130230903625,250.0,land,3.8058650493621826,-0.05750604346394539,0.015925562009215355,0.3780008852481842,0.08563059568405151,-0.24117235839366913,0.1763702630996704,1,0.2588190734386444,-0.9659258723258972,0.0,-0.002681412035599351,24,1,1,-0.011545506305992603,0.0008698124438524246,0.0016902241623029113
0.3626662790775299,0.08890531957149506,0.0,0.12756029186826767,1785362583.600087,-0.011545506305992603,0.3873174488544464,0.11851019412279129,0.5172298550605774,1,-16.009910583496094,291.61865234375,5,9588,0.014718130230903625,250.0,land,3.8217010498046875,-0.05660087242722511,0.017104286700487137,0.37566259503364563,0.08640022575855255,-0.2760660946369171,0.16947323083877563,1,0.2588190734386444,-0.9659258723258972,0.0,-0.002681412035599351,24,1,1,-0.011545506305992603,0.0008698124438524246,0.0016902241623029113
0.3626662790775299,0.08890531957149506,0.0,0.1227127736265009,1785362583.621412,-0.011545506305992603,0.3873174488544464,0.11851019412279129,0.5172298550605774,1,-16.009910583496094,291.61865234375,5,9588,0.014718130230903625,250.0,land,3.8217010498046875,-0.05660087242722511,0.017104286700487137,0.37566259503364563,0.08640022575855255,-0.2760660946369171,0.16947323083877563,1,0.2588190734386444,-0.9659258723258972,0.0,-0.002681412035599351,24,1,1,-0.011545506305992603,0.0008698124438524246,0.0016902241623029113
0.3626662790775299,0.08890531957149506,0.0,0.11786525538473419,1785362583.645399,-0.011545506305992603,0.3873174488544464,0.11851019412279129,0.5172298550605774,1,-16.009910583496094,291.61865234375,5,9588,0.014718130230903625,250.0,land,3.8217010498046875,-0.05155878886580467,0.020524224266409874,0.37332093715667725,0.08753357827663422,-0.2666965425014496,0.16124601662158966,1,0.2588190734386444,-0.9659258723258972,0.0,-0.002681412035599351,24,1,1,-0.011545506305992603,0.0008698124438524246,0.0016902241623029113
0.3626662790775299,0.08890531957149506,0.0,0.11301773714296742,1785362583.668587,-0.011545506305992603,0.3873174488544464,0.11851019412279129,0.5172298550605774,1,-16.009910583496094,291.61865234375,5,9588,0.014718130230903625,250.0,land,3.8217010498046875,-0.05155878886580467,0.020524224266409874,0.37332093715667725,0.08753357827663422,-0.2666965425014496,0.16124601662158966,1,0.2588190734386444,-0.9659258723258972,0.0,-0.002681412035599351,24,1,1,-0.011545506305992603,0.0008698124438524246,0.0016902241623029113
0.3626662790775299,0.08890531957149506,0.0,0.10817021890120071,1785362583.693859,-0.011545506305992603,0.3873174488544464,0.11851019412279129,0.5172298550605774,1,-16.009910583496094,291.61865234375,5,9588,0.014718130230903625,250.0,land,3.8058650493621826,-0.0551188699901104,0.019840575754642487,0.3704223036766052,0.08842609822750092,-0.2276695817708969,0.15181571245193481,1,0.2588190734386444,-0.9659258723258972,0.0,-0.002681412035599351,24,1,1,-0.011545506305992603,0.0008698124438524246,0.0016902241623029113
0.3626662790775299,0.08890531957149506,0.0,0.103322700659434,1785362583.7178109,-0.011545506305992603,0.3873174488544464,0.11851019412279129,0.5172298550605774,1,-16.009910583496094,291.61865234375,5,9588,0.014718130230903625,250.0,land,3.8058650493621826,-0.0551188699901104,0.019840575754642487,0.3704223036766052,0.08842609822750092,-0.2276695817708969,0.15181571245193481,1,0.2588190734386444,-0.9659258723258972,0.0,-0.002681412035599351,24,1,1,-0.011545506305992603,0.0008698124438524246,0.0016902241623029113
0.3626662790775299,0.08890531957149506,0.0,0.09847518241766723,1785362583.741407,-0.011545506305992603,0.3873174488544464,0.11851019412279129,0.5172298550605774,1,-16.009910583496094,291.61865234375,5,9588,0.014718130230903625,250.0,land,3.8058650493621826,-0.04553702473640442,0.015823768451809883,0.36814644932746887,0.08921273797750473,-0.21158960461616516,0.1417132019996643,1,0.2588190734386444,-0.9659258723258972,0.0,-0.002681412035599351,24,1,1,-0.011545506305992603,0.0008698124438524246,0.0016902241623029113
0.3626662790775299,0.08890531957149506,0.0,0.09362766417590057,1785362583.762401,-0.011545506305992603,0.3873174488544464,0.11851019412279129,0.5172298550605774,1,-16.009910583496094,291.61865234375,5,9588,0.014718130230903625,250.0,land,3.8058650493621826,-0.04553702473640442,0.015823768451809883,0.36814644932746887,0.08921273797750473,-0.21158960461616516,0.1417132019996643,1,0.2588190734386444,-0.9659258723258972,0.0,-0.002681412035599351,24,1,1,-0.011545506305992603,0.0008698124438524246,0.0016902241623029113
0.3626662790775299,0.08890531957149506,0.0,0.0887801459341338,1785362583.784417,-0.011545506305992603,0.3873174488544464,0.11851019412279129,0.5172298550605774,1,-16.009910583496094,291.61865234375,5,9588,0.014718130230903625,250.0,land,3.8058650493621826,-0.04659475386142731,0.0152631476521492,0.3656390309333801,0.08992957323789597,-0.19267748296260834,0.13013264536857605,1,0.2588190734386444,-0.9659258723258972,0.0,-0.002681412035599351,24,1,1,-0.011545506305992603,0.0008698124438524246,0.0016902241623029113
0.3626662790775299,0.08890531957149506,0.0,0.08393262769236709,1785362583.8084009,-0.011545506305992603,0.3873174488544464,0.11851019412279129,0.5172298550605774,1,-16.009910583496094,291.61865234375,5,9588,0.014718130230903625,250.0,land,3.800586462020874,-0.04659475386142731,0.0152631476521492,0.3656390309333801,0.08992957323789597,-0.19267748296260834,0.13013264536857605,1,0.2588190734386444,-0.9659258723258972,0.0,-0.002681412035599351,24,1,1,-0.011545506305992603,0.0008698124438524246,0.0016902241623029113
0.3626662790775299,0.08890531957149506,0.0,0.07908510945060032,1785362583.830404,-0.011545506305992603,0.3873174488544464,0.11851019412279129,0.5172298550605774,1,-16.009910583496094,291.61865234375,5,9588,0.014718130230903625,250.0,land,3.800586462020874,-0.04269230365753174,0.007476938422769308,0.363319993019104,0.09045805037021637,-0.15703044831752777,0.1182761862874031,1,0.2588190734386444,-0.9659258723258972,0.0,-0.002681412035599351,24,1,1,-0.011545506305992603,0.0008698124438524246,0.0016902241623029113
0.3626662790775299,0.08890531957149506,0.0,0.07423759120883361,1785362583.851008,-0.011545506305992603,0.3873174488544464,0.11851019412279129,0.5172298550605774,1,-16.009910583496094,291.61865234375,5,9588,0.014718130230903625,250.0,land,3.800586462020874,-0.04269230365753174,0.007476938422769308,0.363319993019104,0.09045805037021637,-0.15703044831752777,0.1182761862874031,1,0.2588190734386444,-0.9659258723258972,0.0,-0.002681412035599351,24,1,1,-0.011545506305992603,0.0008698124438524246,0.0016902241623029113
0.3626662790775299,0.08890531957149506,0.0,0.0693900729670669,1785362583.873409,-0.011545506305992603,0.3873174488544464,0.11851019412279129,0.5172298550605774,1,-16.009910583496094,291.61865234375,5,9588,0.014718130230903625,250.0,land,3.800586462020874,-0.04269230365753174,0.007476938422769308,0.363319993019104,0.09045805037021637,-0.15703044831752777,0.1182761862874031,1,0.2588190734386444,-0.9659258723258972,0.0,-0.002681412035599351,24,1,1,-0.011545506305992603,0.0008698124438524246,0.0016902241623029113
0.3626662790775299,0.08890531957149506,0.0,0.06454255472530018,1785362583.8944068,-0.011545506305992603,0.3873174488544464,0.11851019412279129,0.5172298550605774,1,-16.009910583496094,291.61865234375,5,9588,0.014718130230903625,250.0,land,3.7953078746795654,-0.027668422088027,0.004780618008226156,0.36147210001945496,0.09084267169237137,-0.10674772411584854,0.11032242327928543,1,0.2588190734386444,-0.9659258723258972,0.0,-0.002681412035599351,24,1,1,-0.011545506305992603,0.0008698124438524246,0.0016902241623029113
0.3626662790775299,0.08890531957149506,0.0,0.05969503648353347,1785362583.915413,-0.011545506305992603,0.3873174488544464,0.11851019412279129,0.5172298550605774,1,-16.009910583496094,291.61865234375,5,9588,0.014718130230903625,250.0,land,3.7953078746795654,-0.027668422088027,0.004780618008226156,0.36147210001945496,0.09084267169237137,-0.10674772411584854,0.11032242327928543,1,0.2588190734386444,-0.9659258723258972,0.0,-0.002681412035599351,24,1,1,-0.011545506305992603,0.0008698124438524246,0.0016902241623029113
0.3626662790775299,0.08890531957149506,0.0,0.0548475182417667,1785362583.940644,-0.011545506305992603,0.3873174488544464,0.11851019412279129,0.5172298550605774,1,-16.009910583496094,291.61865234375,5,9588,0.014718130230903625,250.0,land,3.7953078746795654,-0.029826268553733826,0.020094454288482666,0.3601914048194885,0.0912197157740593,-0.07308460772037506,0.10051137208938599,1,0.2588190734386444,-0.9659258723258972,0.0,-0.002681412035599351,24,1,1,-0.011545506305992603,0.0008698124438524246,0.0016902241623029113
0.3626662790775299,0.08890531957149506,0.0,0.04999999999999999,1785362583.965431,-0.011545506305992603,0.3873174488544464,0.11851019412279129,0.5172298550605774,1,-16.009910583496094,291.61865234375,5,9588,0.014718130230903625,250.0,land,3.7953078746795654,-0.029826268553733826,0.020094454288482666,0.3601914048194885,0.0912197157740593,-0.07308460772037506,0.10051137208938599,1,0.2588190734386444,-0.9659258723258972,0.0,-0.002681412035599351,24,1,1,-0.011545506305992603,0.0008698124438524246,0.0016902241623029113
