cmd_x,cmd_y,cmd_yaw_deg,cmd_z,gate8.stackFree,host_time,mpcDiag.outVio,mpcDiag.outX,mpcDiag.outY,mpcDiag.outZ,mpcDiag.safe,mpcDiag.yawCmd,obs.iter,obs.mpcUs,percept.ageMs,percept.applied,percept.clearCnt,percept.corridor,percept.ctrDanger,percept.fakeAct,percept.hold,percept.holdAge,percept.maxDanger,percept.minTtc,percept.mode,percept.nCstr,percept.persist,percept.sample,percept.side,percept.valid,perceptGridA.r0,perceptGridA.r1,perceptGridA.r2,perceptGridA.r3,perceptGridA.r4,perceptGridB.r5,perceptGridB.r6,perceptGridB.r7,perceptGridB.r8,perceptGridB.r9,perceptMap.crcErr,perceptMap.invalid,perceptMap.rxOk,perceptMass.cells,perceptMass.centerQ,perceptMass.cluster,perceptMass.detected,perceptMass.maxQ,perceptPath.hit,perceptPath.knot,perceptPath.q,perceptPath.safeL,perceptPath.safeR,perceptPath.u,perceptPath.v,perceptPlane.avoidX,perceptPlane.avoidY,perceptPlane.avoidZ,perceptPlane.ax,perceptPlane.ay,perceptPlane.az,perceptPlane.b,perceptPlane.lineU,perceptPlane.refOff,perceptPlane.safeU,perceptVio.plan,perceptVio.state,phase,pm.vbat,stateEstimate.vx,stateEstimate.vy,stateEstimate.x,stateEstimate.y,stateEstimate.yaw,stateEstimate.z
0.0,0.0,0.0,0.05,0,1785417112.019406,0.0,0.0,0.0,0.0,0,0.0,0,0,0,0,0,0,0.0,0,0,0,0.0,0.0,0,0,0,0,0,0,0,0,0,0,0,0,0,0,0,0,0,0,0,0,0,0,0,0,0,0,0,255,255,0.0,0.0,0.0,0.0,0.0,0.0,0.0,0.0,0.0,0.0,0.0,0.0,0.0,0.0,takeoff,3.7266862392425537,0.24322280287742615,-0.2243548482656479,0.3264050781726837,-0.30400481820106506,-0.003799653146415949,0.016991833224892616
0.0,0.0,0.0,0.05454545454545455,0,1785417112.039881,0.0,0.0,0.0,0.0,0,0.0,0,0,0,0,0,0,0.0,0,0,0,0.0,0.0,0,0,0,0,0,0,0,0,0,0,0,0,0,0,0,0,0,0,0,0,0,0,0,0,0,0,0,255,255,0.0,0.0,0.0,0.0,0.0,0.0,0.0,0.0,0.0,0.0,0.0,0.0,0.0,0.0,takeoff,3.7266862392425537,0.24322280287742615,-0.2243548482656479,0.3264050781726837,-0.30400481820106506,-0.003799653146415949,0.016991833224892616
0.0,0.0,0.0,0.0590909090909091,0,1785417112.0645912,0.0,0.0,0.0,0.0,0,0.0,0,0,0,0,0,0,0.0,0,0,0,0.0,0.0,0,0,0,0,0,0,0,0,0,0,0,0,0,0,0,0,0,0,0,0,0,0,0,0,0,0,0,255,255,0.0,0.0,0.0,0.0,0.0,0.0,0.0,0.0,0.0,0.0,0.0,0.0,0.0,0.0,takeoff,3.7161290645599365,0.24871322512626648,-0.23010478913784027,0.3415524661540985,-0.31823575496673584,0.000995829002931714,0.01485839020460844
0.0,0.0,0.0,0.06363636363636364,0,1785417112.0895832,0.0,0.0,0.0,0.0,0,0.0,0,0,0,0,0,0,0.0,0,0,0,0.0,0.0,0,0,0,0,0,0,0,0,0,0,0,0,0,0,0,0,0,0,0,0,0,0,0,0,0,0,0,255,255,0.0,0.0,0.0,0.0,0.0,0.0,0.0,0.0,0.0,0.0,0.0,0.0,0.0,0.0,takeoff,3.7161290645599365,0.24871322512626648,-0.23010478913784027,0.3415524661540985,-0.31823575496673584,0.000995829002931714,0.01485839020460844
0.0,0.0,0.0,0.06818181818181819,0,1785417112.110749,0.0,0.0,0.0,0.0,0,0.0,0,0,0,0,0,0,0.0,0,0,0,0.0,0.0,0,0,0,0,0,0,0,0,0,0,0,0,0,0,0,0,0,0,0,0,0,0,0,0,0,0,0,255,255,0.0,0.0,0.0,0.0,0.0,0.0,0.0,0.0,0.0,0.0,0.0,0.0,0.0,0.0,takeoff,3.7161290645599365,0.2441292703151703,-0.22581659257411957,0.347459614276886,-0.3231058418750763,0.008861374109983444,0.018134593963623047
0.0,0.0,0.0,0.07272727272727272,0,1785417112.131304,0.0,0.0,0.0,0.0,0,0.0,0,0,0,0,0,0,0.0,0,0,0,0.0,0.0,0,0,0,0,0,0,0,0,0,0,0,0,0,0,0,0,0,0,0,0,0,0,0,0,0,0,0,255,255,0.0,0.0,0.0,0.0,0.0,0.0,0.0,0.0,0.0,0.0,0.0,0.0,0.0,0.0,takeoff,3.7161290645599365,0.2441292703151703,-0.22581659257411957,0.347459614276886,-0.3231058418750763,0.008861374109983444,0.018134593963623047
0.0,0.0,0.0,0.07727272727272727,0,1785417112.1542,0.0,0.0,0.0,0.0,0,0.0,0,0,0,0,0,0,0.0,0,0,0,0.0,0.0,0,0,0,0,0,0,0,0,0,0,0,0,0,0,0,0,0,0,0,0,0,0,0,0,0,0,0,255,255,0.0,0.0,0.0,0.0,0.0,0.0,0.0,0.0,0.0,0.0,0.0,0.0,0.0,0.0,takeoff,3.526099681854248,0.24489599466323853,-0.2262650430202484,0.36181017756462097,-0.3366353511810303,0.01195810828357935,0.017039740458130836
0.0,0.0,0.0,0.08181818181818182,0,1785417112.178834,0.0,0.0,0.0,0.0,0,0.0,0,0,0,0,0,0,0.0,0,0,0,0.0,0.0,0,0,0,0,0,0,0,0,0,0,0,0,0,0,0,0,0,0,0,0,0,0,0,0,0,0,0,255,255,0.0,0.0,0.0,0.0,0.0,0.0,0.0,0.0,0.0,0.0,0.0,0.0,0.0,0.0,takeoff,3.526099681854248,0.24489599466323853,-0.2262650430202484,0.36181017756462097,-0.3366353511810303,0.01195810828357935,0.017039740458130836
0.0,0.0,0.0,0.08636363636363636,0,1785417112.2002912,0.0,0.0,0.0,0.0,0,0.0,0,0,0,0,0,0,0.0,0,0,0,0.0,0.0,0,0,0,0,0,0,0,0,0,0,0,0,0,0,0,0,0,0,0,0,0,0,0,0,0,0,0,255,255,0.0,0.0,0.0,0.0,0.0,0.0,0.0,0.0,0.0,0.0,0.0,0.0,0.0,0.0,takeoff,3.526099681854248,0.24489599466323853,-0.2262650430202484,0.36181017756462097,-0.3366353511810303,0.01195810828357935,0.017039740458130836
0.0,0.0,0.0,0.09090909090909091,0,1785417112.2232058,0.0,0.0,0.0,0.0,0,0.0,0,0,0,0,0,0,0.0,0,0,0,0.0,0.0,0,0,0,0,0,0,0,0,0,0,0,0,0,0,0,0,0,0,0,0,0,0,0,0,0,0,0,255,255,0.0,0.0,0.0,0.0,0.0,0.0,0.0,0.0,0.0,0.0,0.0,0.0,0.0,0.0,takeoff,3.526099681854248,-0.17617765069007874,0.06799827516078949,-0.18532902002334595,0.037651561200618744,0.18691635131835938,0.0227050743997097
0.0,0.0,0.0,0.09545454545454546,0,1785417112.247067,0.0,0.0,0.0,0.0,0,0.0,0,0,0,0,0,0,0.0,0,0,0,0.0,0.0,0,0,0,0,0,0,0,0,0,0,0,0,0,0,0,0,0,0,0,0,0,0,0,0,0,0,0,255,255,0.0,0.0,0.0,0.0,0.0,0.0,0.0,0.0,0.0,0.0,0.0,0.0,0.0,0.0,takeoff,3.526099681854248,-0.17617765069007874,0.06799827516078949,-0.18532902002334595,0.037651561200618744,0.18691635131835938,0.0227050743997097
0.0,0.0,0.0,0.1,0,1785417112.271302,0.0,0.0,0.0,0.0,0,0.0,0,0,0,0,0,0,0.0,0,0,0,0.0,0.0,0,0,0,0,0,0,0,0,0,0,0,0,0,0,0,0,0,0,0,0,0,0,0,0,0,0,0,255,255,0.0,0.0,0.0,0.0,0.0,0.0,0.0,0.0,0.0,0.0,0.0,0.0,0.0,0.0,takeoff,3.489149570465088,-0.13023945689201355,0.11072520911693573,-0.05914048105478287,0.017094150185585022,-0.22606296837329865,0.01863974891602993
0.0,0.0,0.0,0.10454545454545455,0,1785417112.296362,0.0,0.0,0.0,0.0,0,0.0,0,0,0,0,0,0,0.0,0,0,0,0.0,0.0,0,0,0,0,0,0,0,0,0,0,0,0,0,0,0,0,0,0,0,0,0,0,0,0,0,0,0,255,255,0.0,0.0,0.0,0.0,0.0,0.0,0.0,0.0,0.0,0.0,0.0,0.0,0.0,0.0,takeoff,3.489149570465088,-0.13023945689201355,0.11072520911693573,-0.05914048105478287,0.017094150185585022,-0.22606296837329865,0.01863974891602993
0.0,0.0,0.0,0.1090909090909091,0,1785417112.321431,0.0,0.0,0.0,0.0,0,0.0,0,0,0,0,0,0,0.0,0,0,0,0.0,0.0,0,0,0,0,0,0,0,0,0,0,0,0,0,0,0,0,0,0,0,0,0,0,0,0,0,0,0,255,255,0.0,0.0,0.0,0.0,0.0,0.0,0.0,0.0,0.0,0.0,0.0,0.0,0.0,0.0,takeoff,3.489149570465088,-0.15467730164527893,0.21564623713493347,-0.031832508742809296,0.07270922511816025,-1.0037174224853516,0.00734643405303359
0.0,0.0,0.0,0.11363636363636363,0,1785417112.3452249,0.0,0.0,0.0,0.0,0,0.0,0,0,0,0,0,0,0.0,0,0,0,0.0,0.0,0,0,0,0,0,0,0,0,0,0,0,0,0,0,0,0,0,0,0,0,0,0,0,0,0,0,0,255,255,0.0,0.0,0.0,0.0,0.0,0.0,0.0,0.0,0.0,0.0,0.0,0.0,0.0,0.0,takeoff,3.489149570465088,-0.15467730164527893,0.21564623713493347,-0.031832508742809296,0.07270922511816025,-1.0037174224853516,0.00734643405303359
0.0,0.0,0.0,0.1181818181818182,0,1785417112.370373,0.0,0.0,0.0,0.0,0,0.0,0,0,0,0,0,0,0.0,0,0,0,0.0,0.0,0,0,0,0,0,0,0,0,0,0,0,0,0,0,0,0,0,0,0,0,0,0,0,0,0,0,0,255,255,0.0,0.0,0.0,0.0,0.0,0.0,0.0,0.0,0.0,0.0,0.0,0.0,0.0,0.0,takeoff,3.5102639198303223,-0.17112630605697632,0.1990627497434616,-0.03347383067011833,0.010770643129944801,-1.4554760456085205,0.001997163286432624
0.0,0.0,0.0,0.12272727272727274,0,1785417112.394102,0.0,0.0,0.0,0.0,0,0.0,0,0,0,0,0,0,0.0,0,0,0,0.0,0.0,0,0,0,0,0,0,0,0,0,0,0,0,0,0,0,0,0,0,0,0,0,0,0,0,0,0,0,255,255,0.0,0.0,0.0,0.0,0.0,0.0,0.0,0.0,0.0,0.0,0.0,0.0,0.0,0.0,takeoff,3.5102639198303223,-0.17112630605697632,0.1990627497434616,-0.03347383067011833,0.010770643129944801,-1.4554760456085205,0.001997163286432624
0.0,0.0,0.0,0.12727272727272726,0,1785417112.415474,0.0,0.0,0.0,0.0,0,0.0,0,0,0,0,0,0,0.0,0,0,0,0.0,0.0,0,0,0,0,0,0,0,0,0,0,0,0,0,0,0,0,0,0,0,0,0,0,0,0,0,0,0,255,255,0.0,0.0,0.0,0.0,0.0,0.0,0.0,0.0,0.0,0.0,0.0,0.0,0.0,0.0,takeoff,3.5102639198303223,-0.15502066910266876,0.2118193656206131,-0.028578130528330803,0.027687793597579002,-1.297330617904663,-0.0027159566525369883
0.0,0.0,0.0,0.13181818181818183,0,1785417112.440298,0.0,0.0,0.0,0.0,0,0.0,0,0,0,0,0,0,0.0,0,0,0,0.0,0.0,0,0,0,0,0,0,0,0,0,0,0,0,0,0,0,0,0,0,0,0,0,0,0,0,0,0,0,255,255,0.0,0.0,0.0,0.0,0.0,0.0,0.0,0.0,0.0,0.0,0.0,0.0,0.0,0.0,takeoff,3.5102639198303223,-0.15502066910266876,0.2118193656206131,-0.028578130528330803,0.027687793597579002,-1.297330617904663,-0.0027159566525369883
0.0,0.0,0.0,0.13636363636363635,0,1785417112.465278,0.0,0.0,0.0,0.0,0,0.0,0,0,0,0,0,0,0.0,0,0,0,0.0,0.0,0,0,0,0,0,0,0,0,0,0,0,0,0,0,0,0,0,0,0,0,0,0,0,0,0,0,0,255,255,0.0,0.0,0.0,0.0,0.0,0.0,0.0,0.0,0.0,0.0,0.0,0.0,0.0,0.0,takeoff,3.5208210945129395,-0.11232636123895645,0.18305090069770813,-0.04095158725976944,0.04548606649041176,-1.0307725667953491,-0.003961261361837387
0.0,0.0,0.0,0.14090909090909093,0,1785417112.487424,0.0,0.0,0.0,0.0,0,0.0,0,0,0,0,0,0,0.0,0,0,0,0.0,0.0,0,0,0,0,0,0,0,0,0,0,0,0,0,0,0,0,0,0,0,0,0,0,0,0,0,0,0,255,255,0.0,0.0,0.0,0.0,0.0,0.0,0.0,0.0,0.0,0.0,0.0,0.0,0.0,0.0,takeoff,3.5208210945129395,-0.11232636123895645,0.18305090069770813,-0.04095158725976944,0.04548606649041176,-1.0307725667953491,-0.003961261361837387
0.0,0.0,0.0,0.14545454545454545,0,1785417112.508607,0.0,0.0,0.0,0.0,0,0.0,0,0,0,0,0,0,0.0,0,0,0,0.0,0.0,0,0,0,0,0,0,0,0,0,0,0,0,0,0,0,0,0,0,0,0,0,0,0,0,0,0,0,255,255,0.0,0.0,0.0,0.0,0.0,0.0,0.0,0.0,0.0,0.0,0.0,0.0,0.0,0.0,takeoff,3.5208210945129395,-0.0974341407418251,0.15491102635860443,-0.05425291135907173,0.06653464585542679,-0.7308623790740967,-0.003381422720849514
0.0,0.0,0.0,0.15,0,1785417112.53152,0.0,0.0,0.0,0.0,0,0.0,0,0,0,0,0,0,0.0,0,0,0,0.0,0.0,0,0,0,0,0,0,0,0,0,0,0,0,0,0,0,0,0,0,0,0,0,0,0,0,0,0,0,255,255,0.0,0.0,0.0,0.0,0.0,0.0,0.0,0.0,0.0,0.0,0.0,0.0,0.0,0.0,takeoff,3.5208210945129395,-0.0974341407418251,0.15491102635860443,-0.05425291135907173,0.06653464585542679,-0.7308623790740967,-0.003381422720849514
0.0,0.0,0.0,0.15454545454545454,0,1785417112.554731,0.0,0.0,0.0,0.0,0,0.0,0,0,0,0,0,0,0.0,0,0,0,0.0,0.0,0,0,0,0,0,0,0,0,0,0,0,0,0,0,0,0,0,0,0,0,0,0,0,0,0,0,0,255,255,0.0,0.0,0.0,0.0,0.0,0.0,0.0,0.0,0.0,0.0,0.0,0.0,0.0,0.0,takeoff,3.541935443878174,-0.06510717421770096,0.04192135110497475,-0.06934002041816711,0.12223336100578308,-0.5386170744895935,-0.0010316274128854275
0.0,0.0,0.0,0.15909090909090912,0,1785417112.575953,0.0,0.0,0.0,0.0,0,0.0,0,0,0,0,0,0,0.0,0,0,0,0.0,0.0,0,0,0,0,0,0,0,0,0,0,0,0,0,0,0,0,0,0,0,0,0,0,0,0,0,0,0,255,255,0.0,0.0,0.0,0.0,0.0,0.0,0.0,0.0,0.0,0.0,0.0,0.0,0.0,0.0,takeoff,3.541935443878174,-0.06510717421770096,0.04192135110497475,-0.06934002041816711,0.12223336100578308,-0.5386170744895935,-0.0010316274128854275
0.0,0.0,0.0,0.16363636363636364,0,1785417112.5971782,0.0,0.0,0.0,0.0,0,0.0,0,0,0,0,0,0,0.0,0,0,0,0.0,0.0,0,0,0,0,0,0,0,0,0,0,0,0,0,0,0,0,0,0,0,0,0,0,0,0,0,0,0,255,255,0.0,0.0,0.0,0.0,0.0,0.0,0.0,0.0,0.0,0.0,0.0,0.0,0.0,0.0,takeoff,3.541935443878174,-0.06510717421770096,0.04192135110497475,-0.06934002041816711,0.12223336100578308,-0.5386170744895935,-0.0010316274128854275
0.0,0.0,0.0,0.1681818181818182,0,1785417112.6191921,0.0,0.0,0.0,0.0,0,0.0,0,0,0,0,0,0,0.0,0,0,0,0.0,0.0,0,0,0,0,0,0,0,0,0,0,0,0,0,0,0,0,0,0,0,0,0,0,0,0,0,0,0,255,255,0.0,0.0,0.0,0.0,0.0,0.0,0.0,0.0,0.0,0.0,0.0,0.0,0.0,0.0,takeoff,3.541935443878174,0.006715798284858465,-0.04511541128158569,-0.10656359046697617,0.1572483330965042,-0.3509693741798401,-0.00017578300321474671
0.0,0.0,0.0,0.17272727272727273,0,1785417112.6405492,0.0,0.0,0.0,0.0,0,0.0,0,0,0,0,0,0,0.0,0,0,0,0.0,0.0,0,0,0,0,0,0,0,0,0,0,0,0,0,0,0,0,0,0,0,0,0,0,0,0,0,0,0,255,255,0.0,0.0,0.0,0.0,0.0,0.0,0.0,0.0,0.0,0.0,0.0,0.0,0.0,0.0,takeoff,3.541935443878174,0.006715798284858465,-0.04511541128158569,-0.10656359046697617,0.1572483330965042,-0.3509693741798401,-0.00017578300321474671
0.0,0.0,0.0,0.17727272727272725,0,1785417112.6656132,0.0,0.0,0.0,0.0,0,0.0,0,0,0,0,0,0,0.0,0,0,0,0.0,0.0,0,0,0,0,0,0,0,0,0,0,0,0,0,0,0,0,0,0,0,0,0,0,0,0,0,0,0,255,255,0.0,0.0,0.0,0.0,0.0,0.0,0.0,0.0,0.0,0.0,0.0,0.0,0.0,0.0,takeoff,3.526099681854248,0.05844869092106819,-0.07115468382835388,-0.12896987795829773,0.1444626897573471,-0.20298174023628235,0.0005205792258493602
0.0,0.0,0.0,0.18181818181818182,0,1785417112.688619,0.0,0.0,0.0,0.0,0,0.0,0,0,0,0,0,0,0.0,0,0,0,0.0,0.0,0,0,0,0,0,0,0,0,0,0,0,0,0,0,0,0,0,0,0,0,0,0,0,0,0,0,0,255,255,0.0,0.0,0.0,0.0,0.0,0.0,0.0,0.0,0.0,0.0,0.0,0.0,0.0,0.0,takeoff,3.526099681854248,0.05844869092106819,-0.07115468382835388,-0.12896987795829773,0.1444626897573471,-0.20298174023628235,0.0005205792258493602
0.0,0.0,0.0,0.1863636363636364,0,1785417112.7119548,0.0,0.0,0.0,0.0,0,0.0,0,0,0,0,0,0,0.0,0,0,0,0.0,0.0,0,0,0,0,0,0,0,0,0,0,0,0,0,0,0,0,0,0,0,0,0,0,0,0,0,0,0,255,255,0.0,0.0,0.0,0.0,0.0,0.0,0.0,0.0,0.0,0.0,0.0,0.0,0.0,0.0,takeoff,3.526099681854248,0.08886773884296417,-0.08855918049812317,-0.12642785906791687,0.12210778146982193,-0.1501777023077011,0.0018134735291823745
0.0,0.0,0.0,0.19090909090909092,0,1785417112.7370272,0.0,0.0,0.0,0.0,0,0.0,0,0,0,0,0,0,0.0,0,0,0,0.0,0.0,0,0,0,0,0,0,0,0,0,0,0,0,0,0,0,0,0,0,0,0,0,0,0,0,0,0,0,255,255,0.0,0.0,0.0,0.0,0.0,0.0,0.0,0.0,0.0,0.0,0.0,0.0,0.0,0.0,takeoff,3.526099681854248,0.08886773884296417,-0.08855918049812317,-0.12642785906791687,0.12210778146982193,-0.1501777023077011,0.0018134735291823745
0.0,0.0,0.0,0.1954545454545455,0,1785417112.761014,0.0,0.0,0.0,0.0,0,0.0,0,0,0,0,0,0,0.0,0,0,0,0.0,0.0,0,0,0,0,0,0,0,0,0,0,0,0,0,0,0,0,0,0,0,0,0,0,0,0,0,0,0,255,255,0.0,0.0,0.0,0.0,0.0,0.0,0.0,0.0,0.0,0.0,0.0,0.0,0.0,0.0,takeoff,3.5102639198303223,0.09781356900930405,-0.0974108874797821,-0.10653284192085266,0.09694141894578934,-0.11370548605918884,0.0033951355144381523
0.0,0.0,0.0,0.2,0,1785417112.781822,0.0,0.0,0.0,0.0,0,0.0,0,0,0,0,0,0,0.0,0,0,0,0.0,0.0,0,0,0,0,0,0,0,0,0,0,0,0,0,0,0,0,0,0,0,0,0,0,0,0,0,0,0,255,255,0.0,0.0,0.0,0.0,0.0,0.0,0.0,0.0,0.0,0.0,0.0,0.0,0.0,0.0,takeoff,3.5102639198303223,0.09781356900930405,-0.0974108874797821,-0.10653284192085266,0.09694141894578934,-0.11370548605918884,0.0033951355144381523
0.0,0.0,0.0,0.20454545454545453,0,1785417112.806546,0.0,0.0,0.0,0.0,0,0.0,0,0,0,0,0,0,0.0,0,0,0,0.0,0.0,0,0,0,0,0,0,0,0,0,0,0,0,0,0,0,0,0,0,0,0,0,0,0,0,0,0,0,255,255,0.0,0.0,0.0,0.0,0.0,0.0,0.0,0.0,0.0,0.0,0.0,0.0,0.0,0.0,takeoff,3.5102639198303223,0.11370909214019775,-0.10236172378063202,-0.09335091710090637,0.07305490225553513,-0.1266365498304367,0.005502806045114994
0.0,0.0,0.0,0.2090909090909091,0,1785417112.831519,0.0,0.0,0.0,0.0,0,0.0,0,0,0,0,0,0,0.0,0,0,0,0.0,0.0,0,0,0,0,0,0,0,0,0,0,0,0,0,0,0,0,0,0,0,0,0,0,0,0,0,0,0,255,255,0.0,0.0,0.0,0.0,0.0,0.0,0.0,0.0,0.0,0.0,0.0,0.0,0.0,0.0,takeoff,3.5102639198303223,0.11370909214019775,-0.10236172378063202,-0.09335091710090637,0.07305490225553513,-0.1266365498304367,0.005502806045114994
0.0,0.0,0.0,0.21363636363636362,0,1785417112.8519292,0.0,0.0,0.0,0.0,0,0.0,0,0,0,0,0,0,0.0,0,0,0,0.0,0.0,0,0,0,0,0,0,0,0,0,0,0,0,0,0,0,0,0,0,0,0,0,0,0,0,0,0,0,255,255,0.0,0.0,0.0,0.0,0.0,0.0,0.0,0.0,0.0,0.0,0.0,0.0,0.0,0.0,takeoff,3.5102639198303223,0.11370909214019775,-0.10236172378063202,-0.09335091710090637,0.07305490225553513,-0.1266365498304367,0.005502806045114994
0.0,0.0,0.0,0.2181818181818182,0,1785417112.873205,0.0,0.0,0.0,0.0,0,0.0,0,0,0,0,0,0,0.0,0,0,0,0.0,0.0,0,0,0,0,0,0,0,0,0,0,0,0,0,0,0,0,0,0,0,0,0,0,0,0,0,0,0,255,255,0.0,0.0,0.0,0.0,0.0,0.0,0.0,0.0,0.0,0.0,0.0,0.0,0.0,0.0,takeoff,3.5102639198303223,0.11240129172801971,-0.08118146657943726,-0.069008007645607,0.034418992698192596,-0.1434343308210373,0.010850894264876842
0.0,0.0,0.0,0.22272727272727272,0,1785417112.90032,0.0,0.0,0.0,0.0,0,0.0,0,0,0,0,0,0,0.0,0,0,0,0.0,0.0,0,0,0,0,0,0,0,0,0,0,0,0,0,0,0,0,0,0,0,0,0,0,0,0,0,0,0,255,255,0.0,0.0,0.0,0.0,0.0,0.0,0.0,0.0,0.0,0.0,0.0,0.0,0.0,0.0,takeoff,3.5102639198303223,0.11240129172801971,-0.08118146657943726,-0.069008007645607,0.034418992698192596,-0.1434343308210373,0.010850894264876842
0.0,0.0,0.0,0.2272727272727273,0,1785417112.923939,0.0,0.0,0.0,0.0,0,0.0,0,0,0,0,0,0,0.0,0,0,0,0.0,0.0,0,0,0,0,0,0,0,0,0,0,0,0,0,0,0,0,0,0,0,0,0,0,0,0,0,0,0,255,255,0.0,0.0,0.0,0.0,0.0,0.0,0.0,0.0,0.0,0.0,0.0,0.0,0.0,0.0,takeoff,3.5102639198303223,0.10066559910774231,-0.06208707019686699,-0.04122626408934593,0.008354990743100643,-0.14882302284240723,0.018665576353669167
0.0,0.0,0.0,0.2318181818181818,0,1785417112.949003,0.0,0.0,0.0,0.0,0,0.0,0,0,0,0,0,0,0.0,0,0,0,0.0,0.0,0,0,0,0,0,0,0,0,0,0,0,0,0,0,0,0,0,0,0,0,0,0,0,0,0,0,0,255,255,0.0,0.0,0.0,0.0,0.0,0.0,0.0,0.0,0.0,0.0,0.0,0.0,0.0,0.0,takeoff,3.5102639198303223,0.10066559910774231,-0.06208707019686699,-0.04122626408934593,0.008354990743100643,-0.14882302284240723,0.018665576353669167
0.0,0.0,0.0,0.2363636363636364,0,1785417112.97407,0.0,0.0,0.0,0.0,0,0.0,0,0,0,0,0,0,0.0,0,0,0,0.0,0.0,0,0,0,0,0,0,0,0,0,0,0,0,0,0,0,0,0,0,0,0,0,0,0,0,0,0,0,255,255,0.0,0.0,0.0,0.0,0.0,0.0,0.0,0.0,0.0,0.0,0.0,0.0,0.0,0.0,takeoff,3.515542507171631,0.05640249326825142,-0.054144486784935,0.0034374443348497152,-0.002085722517222166,-0.07278190553188324,0.029855839908123016
0.0,0.0,0.0,0.2409090909090909,0,1785417112.9968781,0.0,0.0,0.0,0.0,0,0.0,0,0,0,0,0,0,0.0,0,0,0,0.0,0.0,0,0,0,0,0,0,0,0,0,0,0,0,0,0,0,0,0,0,0,0,0,0,0,0,0,0,0,255,255,0.0,0.0,0.0,0.0,0.0,0.0,0.0,0.0,0.0,0.0,0.0,0.0,0.0,0.0,takeoff,3.515542507171631,0.05640249326825142,-0.054144486784935,0.0034374443348497152,-0.002085722517222166,-0.07278190553188324,0.029855839908123016
0.0,0.0,0.0,0.24545454545454548,0,1785417113.02208,0.0,0.0,0.0,0.0,0,0.0,0,0,0,0,0,0,0.0,0,0,0,0.0,0.0,0,0,0,0,0,0,0,0,0,0,0,0,0,0,0,0,0,0,0,0,0,0,0,0,0,0,0,255,255,0.0,0.0,0.0,0.0,0.0,0.0,0.0,0.0,0.0,0.0,0.0,0.0,0.0,0.0,takeoff,3.515542507171631,-0.0004245814052410424,-0.05318579450249672,0.04458722099661827,-0.0006221894291229546,-0.015626829117536545,0.042851563543081284
0.0,0.0,0.0,0.25,0,1785417113.046103,0.0,0.0,0.0,0.0,0,0.0,0,0,0,0,0,0,0.0,0,0,0,0.0,0.0,0,0,0,0,0,0,0,0,0,0,0,0,0,0,0,0,0,0,0,0,0,0,0,0,0,0,0,255,255,0.0,0.0,0.0,0.0,0.0,0.0,0.0,0.0,0.0,0.0,0.0,0.0,0.0,0.0,takeoff,3.515542507171631,-0.0004245814052410424,-0.05318579450249672,0.04458722099661827,-0.0006221894291229546,-0.015626829117536545,0.042851563543081284
0.0,0.0,0.0,0.2545454545454545,0,1785417113.0670028,0.0,0.0,0.0,0.0,0,0.0,0,0,0,0,0,0,0.0,0,0,0,0.0,0.0,0,0,0,0,0,0,0,0,0,0,0,0,0,0,0,0,0,0,0,0,0,0,0,0,0,0,0,255,255,0.0,0.0,0.0,0.0,0.0,0.0,0.0,0.0,0.0,0.0,0.0,0.0,0.0,0.0,takeoff,3.515542507171631,-0.03782051429152489,-0.046294599771499634,0.05983603373169899,-0.0002562852459959686,-0.01100493036210537,0.05365616828203201
0.0,0.0,0.0,0.2590909090909091,0,1785417113.0908768,0.0,0.0,0.0,0.0,0,0.0,0,0,0,0,0,0,0.0,0,0,0,0.0,0.0,0,0,0,0,0,0,0,0,0,0,0,0,0,0,0,0,0,0,0,0,0,0,0,0,0,0,0,255,255,0.0,0.0,0.0,0.0,0.0,0.0,0.0,0.0,0.0,0.0,0.0,0.0,0.0,0.0,takeoff,3.515542507171631,-0.03782051429152489,-0.046294599771499634,0.05983603373169899,-0.0002562852459959686,-0.01100493036210537,0.05365616828203201
0.0,0.0,0.0,0.26363636363636367,0,1785417113.115536,0.0,0.0,0.0,0.0,0,0.0,0,0,0,0,0,0,0.0,0,0,0,0.0,0.0,0,0,0,0,0,0,0,0,0,0,0,0,0,0,0,0,0,0,0,0,0,0,0,0,0,0,0,255,255,0.0,0.0,0.0,0.0,0.0,0.0,0.0,0.0,0.0,0.0,0.0,0.0,0.0,0.0,takeoff,3.515542507171631,-0.06144830957055092,-0.021510090678930283,0.058593206107616425,-0.01005703303962946,-0.005403525661677122,0.06438997387886047
0.0,0.0,0.0,0.2681818181818182,0,1785417113.1398752,0.0,0.0,0.0,0.0,0,0.0,0,0,0,0,0,0,0.0,0,0,0,0.0,0.0,0,0,0,0,0,0,0,0,0,0,0,0,0,0,0,0,0,0,0,0,0,0,0,0,0,0,0,255,255,0.0,0.0,0.0,0.0,0.0,0.0,0.0,0.0,0.0,0.0,0.0,0.0,0.0,0.0,takeoff,3.515542507171631,-0.06144830957055092,-0.021510090678930283,0.058593206107616425,-0.01005703303962946,-0.005403525661677122,0.06438997387886047
0.0,0.0,0.0,0.27272727272727276,0,1785417113.164851,0.0,0.0,0.0,0.0,0,0.0,0,0,0,0,0,0,0.0,0,0,0,0.0,0.0,0,0,0,0,0,0,0,0,0,0,0,0,0,0,0,0,0,0,0,0,0,0,0,0,0,0,0,255,255,0.0,0.0,0.0,0.0,0.0,0.0,0.0,0.0,0.0,0.0,0.0,0.0,0.0,0.0,takeoff,3.5049853324890137,-0.10100001096725464,0.028140103444457054,0.06370440125465393,-0.030816931277513504,0.02379957027733326,0.07413236051797867
0.0,0.0,0.0,0.2772727272727273,0,1785417113.187922,0.0,0.0,0.0,0.0,0,0.0,0,0,0,0,0,0,0.0,0,0,0,0.0,0.0,0,0,0,0,0,0,0,0,0,0,0,0,0,0,0,0,0,0,0,0,0,0,0,0,0,0,0,255,255,0.0,0.0,0.0,0.0,0.0,0.0,0.0,0.0,0.0,0.0,0.0,0.0,0.0,0.0,takeoff,3.5049853324890137,-0.10100001096725464,0.028140103444457054,0.06370440125465393,-0.030816931277513504,0.02379957027733326,0.07413236051797867
0.0,0.0,0.0,0.2818181818181818,0,1785417113.2129889,0.0,0.0,0.0,0.0,0,0.0,0,0,0,0,0,0,0.0,0,0,0,0.0,0.0,0,0,0,0,0,0,0,0,0,0,0,0,0,0,0,0,0,0,0,0,0,0,0,0,0,0,0,255,255,0.0,0.0,0.0,0.0,0.0,0.0,0.0,0.0,0.0,0.0,0.0,0.0,0.0,0.0,takeoff,3.5049853324890137,-0.12095659971237183,0.04321184381842613,0.057220328599214554,-0.028663882985711098,-0.030076930299401283,0.0801006406545639
0.0,0.0,0.0,0.2863636363636364,0,1785417113.234095,0.0,0.0,0.0,0.0,0,0.0,0,0,0,0,0,0,0.0,0,0,0,0.0,0.0,0,0,0,0,0,0,0,0,0,0,0,0,0,0,0,0,0,0,0,0,0,0,0,0,0,0,0,255,255,0.0,0.0,0.0,0.0,0.0,0.0,0.0,0.0,0.0,0.0,0.0,0.0,0.0,0.0,takeoff,3.5049853324890137,-0.12095659971237183,0.04321184381842613,0.057220328599214554,-0.028663882985711098,-0.030076930299401283,0.0801006406545639
0.0,0.0,0.0,0.2909090909090909,0,1785417113.259169,0.0,0.0,0.0,0.0,0,0.0,0,0,0,0,0,0,0.0,0,0,0,0.0,0.0,0,0,0,0,0,0,0,0,0,0,0,0,0,0,0,0,0,0,0,0,0,0,0,0,0,0,0,255,255,0.0,0.0,0.0,0.0,0.0,0.0,0.0,0.0,0.0,0.0,0.0,0.0,0.0,0.0,takeoff,3.4838709831237793,-0.1082131564617157,0.04343276470899582,0.03738996759057045,-0.020571758970618248,-0.07845153659582138,0.08195074647665024
0.0,0.0,0.0,0.29545454545454547,0,1785417113.280305,0.0,0.0,0.0,0.0,0,0.0,0,0,0,0,0,0,0.0,0,0,0,0.0,0.0,0,0,0,0,0,0,0,0,0,0,0,0,0,0,0,0,0,0,0,0,0,0,0,0,0,0,0,255,255,0.0,0.0,0.0,0.0,0.0,0.0,0.0,0.0,0.0,0.0,0.0,0.0,0.0,0.0,takeoff,3.4838709831237793,-0.1082131564617157,0.04343276470899582,0.03738996759057045,-0.020571758970618248,-0.07845153659582138,0.08195074647665024
0.0,0.0,0.0,0.3,0,1785417113.3041122,0.0,0.0,0.0,0.0,0,0.0,0,0,0,0,0,0,0.0,0,0,0,0.0,0.0,0,0,0,0,0,0,0,0,0,0,0,0,0,0,0,0,0,0,0,0,0,0,0,0,0,0,0,255,255,0.0,0.0,0.0,0.0,0.0,0.0,0.0,0.0,0.0,0.0,0.0,0.0,0.0,0.0,takeoff,3.4838709831237793,-0.11933799833059311,0.06219581887125969,0.0312674380838871,-0.02210209146142006,-0.14327940344810486,0.08718275278806686
0.0,0.0,0.0,0.3045454545454545,0,1785417113.3280609,0.0,0.0,0.0,0.0,0,0.0,0,0,0,0,0,0,0.0,0,0,0,0.0,0.0,0,0,0,0,0,0,0,0,0,0,0,0,0,0,0,0,0,0,0,0,0,0,0,0,0,0,0,255,255,0.0,0.0,0.0,0.0,0.0,0.0,0.0,0.0,0.0,0.0,0.0,0.0,0.0,0.0,takeoff,3.4838709831237793,-0.11933799833059311,0.06219581887125969,0.0312674380838871,-0.02210209146142006,-0.14327940344810486,0.08718275278806686
0.0,0.0,0.0,0.3090909090909091,0,1785417113.349539,0.0,0.0,0.0,0.0,0,0.0,0,0,0,0,0,0,0.0,0,0,0,0.0,0.0,0,0,0,0,0,0,0,0,0,0,0,0,0,0,0,0,0,0,0,0,0,0,0,0,0,0,0,255,255,0.0,0.0,0.0,0.0,0.0,0.0,0.0,0.0,0.0,0.0,0.0,0.0,0.0,0.0,takeoff,3.4838709831237793,-0.11933799833059311,0.06219581887125969,0.0312674380838871,-0.02210209146142006,-0.14327940344810486,0.08718275278806686
0.0,0.0,0.0,0.31363636363636366,0,1785417113.369761,0.0,0.0,0.0,0.0,0,0.0,0,0,0,0,0,0,0.0,0,0,0,0.0,0.0,0,0,0,0,0,0,0,0,0,0,0,0,0,0,0,0,0,0,0,0,0,0,0,0,0,0,0,255,255,0.0,0.0,0.0,0.0,0.0,0.0,0.0,0.0,0.0,0.0,0.0,0.0,0.0,0.0,takeoff,3.473313808441162,-0.05948267877101898,0.06760136038064957,0.0001851883134804666,-0.018092798069119453,-0.15344884991645813,0.09314613044261932
0.0,0.0,0.0,0.3181818181818182,0,1785417113.3919082,0.0,0.0,0.0,0.0,0,0.0,0,0,0,0,0,0,0.0,0,0,0,0.0,0.0,0,0,0,0,0,0,0,0,0,0,0,0,0,0,0,0,0,0,0,0,0,0,0,0,0,0,0,255,255,0.0,0.0,0.0,0.0,0.0,0.0,0.0,0.0,0.0,0.0,0.0,0.0,0.0,0.0,takeoff,3.473313808441162,-0.05948267877101898,0.06760136038064957,0.0001851883134804666,-0.018092798069119453,-0.15344884991645813,0.09314613044261932
0.0,0.0,0.0,0.32272727272727275,0,1785417113.413183,0.0,0.0,0.0,0.0,0,0.0,0,0,0,0,0,0,0.0,0,0,0,0.0,0.0,0,0,0,0,0,0,0,0,0,0,0,0,0,0,0,0,0,0,0,0,0,0,0,0,0,0,0,255,255,0.0,0.0,0.0,0.0,0.0,0.0,0.0,0.0,0.0,0.0,0.0,0.0,0.0,0.0,takeoff,3.473313808441162,-0.05536571145057678,0.0670524463057518,-0.002507657976821065,-0.013240030966699123,-0.27706730365753174,0.10047905147075653
0.0,0.0,0.0,0.32727272727272727,0,1785417113.438259,0.0,0.0,0.0,0.0,0,0.0,0,0,0,0,0,0,0.0,0,0,0,0.0,0.0,0,0,0,0,0,0,0,0,0,0,0,0,0,0,0,0,0,0,0,0,0,0,0,0,0,0,0,255,255,0.0,0.0,0.0,0.0,0.0,0.0,0.0,0.0,0.0,0.0,0.0,0.0,0.0,0.0,takeoff,3.473313808441162,-0.05536571145057678,0.0670524463057518,-0.002507657976821065,-0.013240030966699123,-0.27706730365753174,0.10047905147075653
0.0,0.0,0.0,0.33181818181818185,0,1785417113.459612,0.0,0.0,0.0,0.0,0,0.0,0,0,0,0,0,0,0.0,0,0,0,0.0,0.0,0,0,0,0,0,0,0,0,0,0,0,0,0,0,0,0,0,0,0,0,0,0,0,0,0,0,0,255,255,0.0,0.0,0.0,0.0,0.0,0.0,0.0,0.0,0.0,0.0,0.0,0.0,0.0,0.0,takeoff,3.473313808441162,-0.05863004922866821,0.06309881806373596,-0.001998437801375985,-0.008979957550764084,-0.38456013798713684,0.10789491981267929
0.0,0.0,0.0,0.33636363636363636,0,1785417113.484643,0.0,0.0,0.0,0.0,0,0.0,0,0,0,0,0,0,0.0,0,0,0,0.0,0.0,0,0,0,0,0,0,0,0,0,0,0,0,0,0,0,0,0,0,0,0,0,0,0,0,0,0,0,255,255,0.0,0.0,0.0,0.0,0.0,0.0,0.0,0.0,0.0,0.0,0.0,0.0,0.0,0.0,takeoff,3.473313808441162,-0.05863004922866821,0.06309881806373596,-0.001998437801375985,-0.008979957550764084,-0.38456013798713684,0.10789491981267929
0.0,0.0,0.0,0.34090909090909094,0,1785417113.505445,0.0,0.0,0.0,0.0,0,0.0,0,0,0,0,0,0,0.0,0,0,0,0.0,0.0,0,0,0,0,0,0,0,0,0,0,0,0,0,0,0,0,0,0,0,0,0,0,0,0,0,0,0,255,255,0.0,0.0,0.0,0.0,0.0,0.0,0.0,0.0,0.0,0.0,0.0,0.0,0.0,0.0,takeoff,3.473313808441162,-0.05085763335227966,0.05294329673051834,-0.0045708841644227505,-0.0039326511323452,-0.45334285497665405,0.11914065480232239
0.0,0.0,0.0,0.34545454545454546,0,1785417113.529622,0.0,0.0,0.0,0.0,0,0.0,0,0,0,0,0,0,0.0,0,0,0,0.0,0.0,0,0,0,0,0,0,0,0,0,0,0,0,0,0,0,0,0,0,0,0,0,0,0,0,0,0,0,255,255,0.0,0.0,0.0,0.0,0.0,0.0,0.0,0.0,0.0,0.0,0.0,0.0,0.0,0.0,takeoff,3.473313808441162,-0.05085763335227966,0.05294329673051834,-0.0045708841644227505,-0.0039326511323452,-0.45334285497665405,0.11914065480232239
0.0,0.0,0.0,0.35,0,1785417113.554691,0.0,0.0,0.0,0.0,0,0.0,0,0,0,0,0,0,0.0,0,0,0,0.0,0.0,0,0,0,0,0,0,0,0,0,0,0,0,0,0,0,0,0,0,0,0,0,0,0,0,0,0,0,255,255,0.0,0.0,0.0,0.0,0.0,0.0,0.0,0.0,0.0,0.0,0.0,0.0,0.0,0.0,takeoff,3.4785923957824707,-0.0235146377235651,0.047756094485521317,-0.009929323568940163,-0.0010960500221699476,-0.501895010471344,0.13402827084064484
0.0,0.0,0.0,0.35454545454545455,0,1785417113.57785,0.0,0.0,0.0,0.0,0,0.0,0,0,0,0,0,0,0.0,0,0,0,0.0,0.0,0,0,0,0,0,0,0,0,0,0,0,0,0,0,0,0,0,0,0,0,0,0,0,0,0,0,0,255,255,0.0,0.0,0.0,0.0,0.0,0.0,0.0,0.0,0.0,0.0,0.0,0.0,0.0,0.0,takeoff,3.4785923957824707,-0.0235146377235651,0.047756094485521317,-0.009929323568940163,-0.0010960500221699476,-0.501895010471344,0.13402827084064484
0.0,0.0,0.0,0.35909090909090907,0,1785417113.602915,0.0,0.0,0.0,0.0,0,0.0,0,0,0,0,0,0,0.0,0,0,0,0.0,0.0,0,0,0,0,0,0,0,0,0,0,0,0,0,0,0,0,0,0,0,0,0,0,0,0,0,0,0,255,255,0.0,0.0,0.0,0.0,0.0,0.0,0.0,0.0,0.0,0.0,0.0,0.0,0.0,0.0,takeoff,3.4785923957824707,-0.004697278141975403,0.031186295673251152,-0.012356419116258621,0.002732710912823677,-0.5110405683517456,0.14538824558258057
0.0,0.0,0.0,0.36363636363636365,0,1785417113.627955,0.0,0.0,0.0,0.0,0,0.0,0,0,0,0,0,0,0.0,0,0,0,0.0,0.0,0,0,0,0,0,0,0,0,0,0,0,0,0,0,0,0,0,0,0,0,0,0,0,0,0,0,0,255,255,0.0,0.0,0.0,0.0,0.0,0.0,0.0,0.0,0.0,0.0,0.0,0.0,0.0,0.0,takeoff,3.4785923957824707,-0.004697278141975403,0.031186295673251152,-0.012356419116258621,0.002732710912823677,-0.5110405683517456,0.14538824558258057
0.0,0.0,0.0,0.36818181818181817,0,1785417113.651687,0.0,0.0,0.0,0.0,0,0.0,0,0,0,0,0,0,0.0,0,0,0,0.0,0.0,0,0,0,0,0,0,0,0,0,0,0,0,0,0,0,0,0,0,0,0,0,0,0,0,0,0,0,255,255,0.0,0.0,0.0,0.0,0.0,0.0,0.0,0.0,0.0,0.0,0.0,0.0,0.0,0.0,takeoff,3.4785923957824707,-0.004697278141975403,0.031186295673251152,-0.012356419116258621,0.002732710912823677,-0.5110405683517456,0.14538824558258057
0.0,0.0,0.0,0.3727272727272727,0,1785417113.675602,0.0,0.0,0.0,0.0,0,0.0,0,0,0,0,0,0,0.0,0,0,0,0.0,0.0,0,0,0,0,0,0,0,0,0,0,0,0,0,0,0,0,0,0,0,0,0,0,0,0,0,0,0,255,255,0.0,0.0,0.0,0.0,0.0,0.0,0.0,0.0,0.0,0.0,0.0,0.0,0.0,0.0,takeoff,3.4838709831237793,-0.0030018077231943607,0.016547778621315956,-0.011375278234481812,0.004960121586918831,-0.5084265470504761,0.15481160581111908
0.0,0.0,0.0,0.37727272727272726,0,1785417113.699988,0.0,0.0,0.0,0.0,0,0.0,0,0,0,0,0,0,0.0,0,0,0,0.0,0.0,0,0,0,0,0,0,0,0,0,0,0,0,0,0,0,0,0,0,0,0,0,0,0,0,0,0,0,255,255,0.0,0.0,0.0,0.0,0.0,0.0,0.0,0.0,0.0,0.0,0.0,0.0,0.0,0.0,takeoff,3.4838709831237793,-0.0030018077231943607,0.016547778621315956,-0.011375278234481812,0.004960121586918831,-0.5084265470504761,0.15481160581111908
0.0,0.0,0.0,0.3818181818181818,0,1785417113.724043,0.0,0.0,0.0,0.0,0,0.0,0,0,0,0,0,0,0.0,0,0,0,0.0,0.0,0,0,0,0,0,0,0,0,0,0,0,0,0,0,0,0,0,0,0,0,0,0,0,0,0,0,0,255,255,0.0,0.0,0.0,0.0,0.0,0.0,0.0,0.0,0.0,0.0,0.0,0.0,0.0,0.0,takeoff,3.4838709831237793,0.0061776903457939625,0.006671985145658255,-0.011384181678295135,0.005930876825004816,-0.48779425024986267,0.166462704539299
0.0,0.0,0.0,0.38636363636363635,0,1785417113.7483609,0.0,0.0,0.0,0.0,0,0.0,0,0,0,0,0,0,0.0,0,0,0,0.0,0.0,0,0,0,0,0,0,0,0,0,0,0,0,0,0,0,0,0,0,0,0,0,0,0,0,0,0,0,255,255,0.0,0.0,0.0,0.0,0.0,0.0,0.0,0.0,0.0,0.0,0.0,0.0,0.0,0.0,takeoff,3.4838709831237793,0.0061776903457939625,0.006671985145658255,-0.011384181678295135,0.005930876825004816,-0.48779425024986267,0.166462704539299
0.0,0.0,0.0,0.39090909090909093,0,1785417113.773438,0.0,0.0,0.0,0.0,0,0.0,0,0,0,0,0,0,0.0,0,0,0,0.0,0.0,0,0,0,0,0,0,0,0,0,0,0,0,0,0,0,0,0,0,0,0,0,0,0,0,0,0,0,255,255,0.0,0.0,0.0,0.0,0.0,0.0,0.0,0.0,0.0,0.0,0.0,0.0,0.0,0.0,takeoff,3.473313808441162,0.012074638158082962,0.007107952609658241,-0.010908486321568489,0.005842693615704775,-0.4131987690925598,0.17838698625564575
0.0,0.0,0.0,0.39545454545454545,0,1785417113.798499,0.0,0.0,0.0,0.0,0,0.0,0,0,0,0,0,0,0.0,0,0,0,0.0,0.0,0,0,0,0,0,0,0,0,0,0,0,0,0,0,0,0,0,0,0,0,0,0,0,0,0,0,0,255,255,0.0,0.0,0.0,0.0,0.0,0.0,0.0,0.0,0.0,0.0,0.0,0.0,0.0,0.0,takeoff,3.473313808441162,0.012074638158082962,0.007107952609658241,-0.010908486321568489,0.005842693615704775,-0.4131987690925598,0.17838698625564575
0.0,0.0,0.0,0.4,0,1785417113.821137,0.0,0.0,0.0,0.0,0,0.0,0,0,0,0,0,0,0.0,0,0,0,0.0,0.0,0,0,0,0,0,0,0,0,0,0,0,0,0,0,0,0,0,0,0,0,0,0,0,0,0,0,0,255,255,0.0,0.0,0.0,0.0,0.0,0.0,0.0,0.0,0.0,0.0,0.0,0.0,0.0,0.0,takeoff,3.473313808441162,0.012338737957179546,-0.000823650392703712,-0.010148723609745502,0.006133824586868286,-0.3381709158420563,0.191461980342865
0.0,0.0,0.0,0.40454545454545454,0,1785417113.8442812,0.0,0.0,0.0,0.0,0,0.0,0,0,0,0,0,0,0.0,0,0,0,0.0,0.0,0,0,0,0,0,0,0,0,0,0,0,0,0,0,0,0,0,0,0,0,0,0,0,0,0,0,0,255,255,0.0,0.0,0.0,0.0,0.0,0.0,0.0,0.0,0.0,0.0,0.0,0.0,0.0,0.0,takeoff,3.473313808441162,0.012338737957179546,-0.000823650392703712,-0.010148723609745502,0.006133824586868286,-0.3381709158420563,0.191461980342865
0.0,0.0,0.0,0.4090909090909091,0,1785417113.864898,0.0,0.0,0.0,0.0,0,0.0,0,0,0,0,0,0,0.0,0,0,0,0.0,0.0,0,0,0,0,0,0,0,0,0,0,0,0,0,0,0,0,0,0,0,0,0,0,0,0,0,0,0,255,255,0.0,0.0,0.0,0.0,0.0,0.0,0.0,0.0,0.0,0.0,0.0,0.0,0.0,0.0,takeoff,3.4785923957824707,0.013011761009693146,-0.015696357935667038,-0.009452296420931816,0.00578407384455204,-0.20198069512844086,0.20687304437160492
0.0,0.0,0.0,0.41363636363636364,0,1785417113.890099,0.0,0.0,0.0,0.0,0,0.0,0,0,0,0,0,0,0.0,0,0,0,0.0,0.0,0,0,0,0,0,0,0,0,0,0,0,0,0,0,0,0,0,0,0,0,0,0,0,0,0,0,0,255,255,0.0,0.0,0.0,0.0,0.0,0.0,0.0,0.0,0.0,0.0,0.0,0.0,0.0,0.0,takeoff,3.4785923957824707,0.013011761009693146,-0.015696357935667038,-0.009452296420931816,0.00578407384455204,-0.20198069512844086,0.20687304437160492
0.0,0.0,0.0,0.4181818181818182,0,1785417113.914361,0.0,0.0,0.0,0.0,0,0.0,0,0,0,0,0,0,0.0,0,0,0,0.0,0.0,0,0,0,0,0,0,0,0,0,0,0,0,0,0,0,0,0,0,0,0,0,0,0,0,0,0,0,255,255,0.0,0.0,0.0,0.0,0.0,0.0,0.0,0.0,0.0,0.0,0.0,0.0,0.0,0.0,takeoff,3.4785923957824707,0.010186728090047836,-0.016641827300190926,-0.008956262841820717,0.004959904123097658,-0.04027905315160751,0.22293365001678467
0.0,0.0,0.0,0.42272727272727273,0,1785417113.9373791,0.0,0.0,0.0,0.0,0,0.0,0,0,0,0,0,0,0.0,0,0,0,0.0,0.0,0,0,0,0,0,0,0,0,0,0,0,0,0,0,0,0,0,0,0,0,0,0,0,0,0,0,0,255,255,0.0,0.0,0.0,0.0,0.0,0.0,0.0,0.0,0.0,0.0,0.0,0.0,0.0,0.0,takeoff,3.4785923957824707,0.010186728090047836,-0.016641827300190926,-0.008956262841820717,0.004959904123097658,-0.04027905315160751,0.22293365001678467
0.0,0.0,0.0,0.42727272727272725,0,1785417113.961569,0.0,0.0,0.0,0.0,0,0.0,0,0,0,0,0,0,0.0,0,0,0,0.0,0.0,0,0,0,0,0,0,0,0,0,0,0,0,0,0,0,0,0,0,0,0,0,0,0,0,0,0,0,255,255,0.0,0.0,0.0,0.0,0.0,0.0,0.0,0.0,0.0,0.0,0.0,0.0,0.0,0.0,takeoff,3.4838709831237793,0.019893255084753036,-0.013292294926941395,-0.0077746217139065266,0.004348607733845711,0.13943617045879364,0.24140140414237976
0.0,0.0,0.0,0.4318181818181818,0,1785417113.9835799,0.0,0.0,0.0,0.0,0,0.0,0,0,0,0,0,0,0.0,0,0,0,0.0,0.0,0,0,0,0,0,0,0,0,0,0,0,0,0,0,0,0,0,0,0,0,0,0,0,0,0,0,0,255,255,0.0,0.0,0.0,0.0,0.0,0.0,0.0,0.0,0.0,0.0,0.0,0.0,0.0,0.0,takeoff,3.4838709831237793,0.019893255084753036,-0.013292294926941395,-0.0077746217139065266,0.004348607733845711,0.13943617045879364,0.24140140414237976
0.0,0.0,0.0,0.43636363636363634,0,1785417114.003894,0.0,0.0,0.0,0.0,0,0.0,0,0,0,0,0,0,0.0,0,0,0,0.0,0.0,0,0,0,0,0,0,0,0,0,0,0,0,0,0,0,0,0,0,0,0,0,0,0,0,0,0,0,255,255,0.0,0.0,0.0,0.0,0.0,0.0,0.0,0.0,0.0,0.0,0.0,0.0,0.0,0.0,takeoff,3.4838709831237793,0.011799206025898457,-0.019657516852021217,-0.007855135947465897,0.0030439256224781275,0.3598097264766693,0.2570001184940338
0.0,0.0,0.0,0.4409090909090909,0,1785417114.0243762,0.0,0.0,0.0,0.0,0,0.0,0,0,0,0,0,0,0.0,0,0,0,0.0,0.0,0,0,0,0,0,0,0,0,0,0,0,0,0,0,0,0,0,0,0,0,0,0,0,0,0,0,0,255,255,0.0,0.0,0.0,0.0,0.0,0.0,0.0,0.0,0.0,0.0,0.0,0.0,0.0,0.0,takeoff,3.4838709831237793,0.011799206025898457,-0.019657516852021217,-0.007855135947465897,0.0030439256224781275,0.3598097264766693,0.2570001184940338
0.0,0.0,0.0,0.44545454545454544,0,1785417114.047277,0.0,0.0,0.0,0.0,0,0.0,0,0,0,0,0,0,0.0,0,0,0,0.0,0.0,0,0,0,0,0,0,0,0,0,0,0,0,0,0,0,0,0,0,0,0,0,0,0,0,0,0,0,255,255,0.0,0.0,0.0,0.0,0.0,0.0,0.0,0.0,0.0,0.0,0.0,0.0,0.0,0.0,takeoff,3.4838709831237793,0.011799206025898457,-0.019657516852021217,-0.007855135947465897,0.0030439256224781275,0.3598097264766693,0.2570001184940338
0.0,0.0,0.0,0.44999999999999996,0,1785417114.072341,0.0,0.0,0.0,0.0,0,0.0,0,0,0,0,0,0,0.0,0,0,0,0.0,0.0,0,0,0,0,0,0,0,0,0,0,0,0,0,0,0,0,0,0,0,0,0,0,0,0,0,0,0,255,255,0.0,0.0,0.0,0.0,0.0,0.0,0.0,0.0,0.0,0.0,0.0,0.0,0.0,0.0,takeoff,3.4838709831237793,0.014726066961884499,-0.013577361591160297,-0.007022505160421133,0.002862787339836359,0.558979868888855,0.27290916442871094
0.0,0.0,0.0,0.45454545454545453,0,1785417114.0970361,0.0,0.0,0.0,0.0,0,0.0,0,0,0,0,0,0,0.0,0,0,0,0.0,0.0,0,0,0,0,0,0,0,0,0,0,0,0,0,0,0,0,0,0,0,0,0,0,0,0,0,0,0,255,255,0.0,0.0,0.0,0.0,0.0,0.0,0.0,0.0,0.0,0.0,0.0,0.0,0.0,0.0,takeoff,3.4838709831237793,0.014726066961884499,-0.013577361591160297,-0.007022505160421133,0.002862787339836359,0.558979868888855,0.27290916442871094
0.0,0.0,0.0,0.45909090909090905,0,1785417114.117472,0.0,0.0,0.0,0.0,0,0.0,0,0,0,0,0,0,0.0,0,0,0,0.0,0.0,0,0,0,0,0,0,0,0,0,0,0,0,0,0,0,0,0,0,0,0,0,0,0,0,0,0,0,255,255,0.0,0.0,0.0,0.0,0.0,0.0,0.0,0.0,0.0,0.0,0.0,0.0,0.0,0.0,takeoff,3.4838709831237793,0.013835739344358444,-0.010003652423620224,-0.006536607164889574,0.0026072675827890635,0.71805340051651,0.28684288263320923
0.0,0.0,0.0,0.4636363636363636,0,1785417114.1395662,0.0,0.0,0.0,0.0,0,0.0,0,0,0,0,0,0,0.0,0,0,0,0.0,0.0,0,0,0,0,0,0,0,0,0,0,0,0,0,0,0,0,0,0,0,0,0,0,0,0,0,0,0,255,255,0.0,0.0,0.0,0.0,0.0,0.0,0.0,0.0,0.0,0.0,0.0,0.0,0.0,0.0,takeoff,3.4838709831237793,0.013835739344358444,-0.010003652423620224,-0.006536607164889574,0.0026072675827890635,0.71805340051651,0.28684288263320923
0.0,0.0,0.0,0.4681818181818182,0,1785417114.159913,0.0,0.0,0.0,0.0,0,0.0,0,0,0,0,0,0,0.0,0,0,0,0.0,0.0,0,0,0,0,0,0,0,0,0,0,0,0,0,0,0,0,0,0,0,0,0,0,0,0,0,0,0,255,255,0.0,0.0,0.0,0.0,0.0,0.0,0.0,0.0,0.0,0.0,0.0,0.0,0.0,0.0,takeoff,3.4785923957824707,0.01577434316277504,0.004732121713459492,-0.005452713463455439,0.004635018762201071,0.8296768069267273,0.3026104271411896
0.0,0.0,0.0,0.4727272727272728,0,1785417114.1842828,0.0,0.0,0.0,0.0,0,0.0,0,0,0,0,0,0,0.0,0,0,0,0.0,0.0,0,0,0,0,0,0,0,0,0,0,0,0,0,0,0,0,0,0,0,0,0,0,0,0,0,0,0,255,255,0.0,0.0,0.0,0.0,0.0,0.0,0.0,0.0,0.0,0.0,0.0,0.0,0.0,0.0,takeoff,3.4785923957824707,0.01577434316277504,0.004732121713459492,-0.005452713463455439,0.004635018762201071,0.8296768069267273,0.3026104271411896
0.0,0.0,0.0,0.4772727272727273,0,1785417114.205225,0.0,0.0,0.0,0.0,0,0.0,0,0,0,0,0,0,0.0,0,0,0,0.0,0.0,0,0,0,0,0,0,0,0,0,0,0,0,0,0,0,0,0,0,0,0,0,0,0,0,0,0,0,255,255,0.0,0.0,0.0,0.0,0.0,0.0,0.0,0.0,0.0,0.0,0.0,0.0,0.0,0.0,takeoff,3.4785923957824707,0.010875732637941837,0.00346345454454422,-0.005686517804861069,0.004327853210270405,0.9362524151802063,0.3168761432170868
0.0,0.0,0.0,0.4818181818181818,0,1785417114.226256,0.0,0.0,0.0,0.0,0,0.0,0,0,0,0,0,0,0.0,0,0,0,0.0,0.0,0,0,0,0,0,0,0,0,0,0,0,0,0,0,0,0,0,0,0,0,0,0,0,0,0,0,0,255,255,0.0,0.0,0.0,0.0,0.0,0.0,0.0,0.0,0.0,0.0,0.0,0.0,0.0,0.0,takeoff,3.4785923957824707,0.010875732637941837,0.00346345454454422,-0.005686517804861069,0.004327853210270405,0.9362524151802063,0.3168761432170868
0.0,0.0,0.0,0.4863636363636364,0,1785417114.251538,0.0,0.0,0.0,0.0,0,0.0,0,0,0,0,0,0,0.0,0,0,0,0.0,0.0,0,0,0,0,0,0,0,0,0,0,0,0,0,0,0,0,0,0,0,0,0,0,0,0,0,0,0,255,255,0.0,0.0,0.0,0.0,0.0,0.0,0.0,0.0,0.0,0.0,0.0,0.0,0.0,0.0,takeoff,3.4838709831237793,0.00708324508741498,-0.0044887494295835495,-0.0059402938932180405,0.0026777531020343304,1.0531784296035767,0.3348952829837799
0.0,0.0,0.0,0.4909090909090909,0,1785417114.275321,0.0,0.0,0.0,0.0,0,0.0,0,0,0,0,0,0,0.0,0,0,0,0.0,0.0,0,0,0,0,0,0,0,0,0,0,0,0,0,0,0,0,0,0,0,0,0,0,0,0,0,0,0,255,255,0.0,0.0,0.0,0.0,0.0,0.0,0.0,0.0,0.0,0.0,0.0,0.0,0.0,0.0,takeoff,3.4838709831237793,0.00708324508741498,-0.0044887494295835495,-0.0059402938932180405,0.0026777531020343304,1.0531784296035767,0.3348952829837799
0.0,0.0,0.0,0.4954545454545455,0,1785417114.297429,0.0,0.0,0.0,0.0,0,0.0,0,0,0,0,0,0,0.0,0,0,0,0.0,0.0,0,0,0,0,0,0,0,0,0,0,0,0,0,0,0,0,0,0,0,0,0,0,0,0,0,0,0,255,255,0.0,0.0,0.0,0.0,0.0,0.0,0.0,0.0,0.0,0.0,0.0,0.0,0.0,0.0,takeoff,3.4838709831237793,0.00708324508741498,-0.0044887494295835495,-0.0059402938932180405,0.0026777531020343304,1.0531784296035767,0.3348952829837799
0.0,0.0,0.0,0.5,0,1785417114.320574,0.0,0.0,0.0,0.0,0,0.0,0,0,0,0,0,0,0.0,0,0,0,0.0,0.0,0,0,0,0,0,0,0,0,0,0,0,0,0,0,0,0,0,0,0,0,0,0,0,0,0,0,0,255,255,0.0,0.0,0.0,0.0,0.0,0.0,0.0,0.0,0.0,0.0,0.0,0.0,0.0,0.0,takeoff,3.4838709831237793,0.006823468487709761,-0.005968362558633089,-0.005857376381754875,0.00226649665273726,1.1167831420898438,0.346040278673172
0.0,0.0,0.0,0.5,0,1785417114.34566,0.0,0.0,0.0,0.0,0,0.0,0,0,0,0,0,0,0.0,0,0,0,0.0,0.0,0,0,0,0,0,0,0,0,0,0,0,0,0,0,0,0,0,0,0,0,0,0,0,0,0,0,0,255,255,0.0,0.0,0.0,0.0,0.0,0.0,0.0,0.0,0.0,0.0,0.0,0.0,0.0,0.0,settle,3.4838709831237793,0.006823468487709761,-0.005968362558633089,-0.005857376381754875,0.00226649665273726,1.1167831420898438,0.346040278673172
0.0,0.0,0.0,0.5,0,1785417114.370718,0.0,0.0,0.0,0.0,0,0.0,0,0,0,0,0,0,0.0,0,0,0,0.0,0.0,0,0,0,0,0,0,0,0,0,0,0,0,0,0,0,0,0,0,0,0,0,0,0,0,0,0,0,255,255,0.0,0.0,0.0,0.0,0.0,0.0,0.0,0.0,0.0,0.0,0.0,0.0,0.0,0.0,settle,3.473313808441162,0.00892706774175167,-0.005516477394849062,-0.00535759748890996,0.0021462098229676485,1.1388087272644043,0.36082565784454346
0.0,0.0,0.0,0.5,0,1785417114.392498,0.0,0.0,0.0,0.0,0,0.0,0,0,0,0,0,0,0.0,0,0,0,0.0,0.0,0,0,0,0,0,0,0,0,0,0,0,0,0,0,0,0,0,0,0,0,0,0,0,0,0,0,0,255,255,0.0,0.0,0.0,0.0,0.0,0.0,0.0,0.0,0.0,0.0,0.0,0.0,0.0,0.0,settle,3.473313808441162,0.00892706774175167,-0.005516477394849062,-0.00535759748890996,0.0021462098229676485,1.1388087272644043,0.36082565784454346
0.0,0.0,0.0,0.5,0,1785417114.415596,0.0,0.0,0.0,0.0,0,0.0,0,0,0,0,0,0,0.0,0,0,0,0.0,0.0,0,0,0,0,0,0,0,0,0,0,0,0,0,0,0,0,0,0,0,0,0,0,0,0,0,0,0,255,255,0.0,0.0,0.0,0.0,0.0,0.0,0.0,0.0,0.0,0.0,0.0,0.0,0.0,0.0,settle,3.473313808441162,0.0168338343501091,-0.008057352155447006,-0.0032970334868878126,0.0009410486090928316,1.1447645425796509,0.3761805295944214
0.0,0.0,0.0,0.5,0,1785417114.4368231,0.0,0.0,0.0,0.0,0,0.0,0,0,0,0,0,0,0.0,0,0,0,0.0,0.0,0,0,0,0,0,0,0,0,0,0,0,0,0,0,0,0,0,0,0,0,0,0,0,0,0,0,0,255,255,0.0,0.0,0.0,0.0,0.0,0.0,0.0,0.0,0.0,0.0,0.0,0.0,0.0,0.0,settle,3.473313808441162,0.0168338343501091,-0.008057352155447006,-0.0032970334868878126,0.0009410486090928316,1.1447645425796509,0.3761805295944214
0.0,0.0,0.0,0.5,0,1785417114.457502,0.0,0.0,0.0,0.0,0,0.0,0,0,0,0,0,0,0.0,0,0,0,0.0,0.0,0,0,0,0,0,0,0,0,0,0,0,0,0,0,0,0,0,0,0,0,0,0,0,0,0,0,0,255,255,0.0,0.0,0.0,0.0,0.0,0.0,0.0,0.0,0.0,0.0,0.0,0.0,0.0,0.0,settle,3.489149570465088,0.017494933679699898,-0.006225716322660446,-0.003114776685833931,0.0007976082270033658,1.1301008462905884,0.39176180958747864
0.0,0.0,0.0,0.5,0,1785417114.481766,0.0,0.0,0.0,0.0,0,0.0,0,0,0,0,0,0,0.0,0,0,0,0.0,0.0,0,0,0,0,0,0,0,0,0,0,0,0,0,0,0,0,0,0,0,0,0,0,0,0,0,0,0,255,255,0.0,0.0,0.0,0.0,0.0,0.0,0.0,0.0,0.0,0.0,0.0,0.0,0.0,0.0,settle,3.489149570465088,0.017494933679699898,-0.006225716322660446,-0.003114776685833931,0.0007976082270033658,1.1301008462905884,0.39176180958747864
0.0,0.0,0.0,0.5,0,1785417114.506582,0.0,0.0,0.0,0.0,0,0.0,0,0,0,0,0,0,0.0,0,0,0,0.0,0.0,0,0,0,0,0,0,0,0,0,0,0,0,0,0,0,0,0,0,0,0,0,0,0,0,0,0,0,255,255,0.0,0.0,0.0,0.0,0.0,0.0,0.0,0.0,0.0,0.0,0.0,0.0,0.0,0.0,settle,3.489149570465088,0.0205555222928524,-0.004522764589637518,-0.001885599922388792,0.0006063657929189503,1.071423888206482,0.40723109245300293
0.0,0.0,0.0,0.5,0,1785417114.528675,0.0,0.0,0.0,0.0,0,0.0,0,0,0,0,0,0,0.0,0,0,0,0.0,0.0,0,0,0,0,0,0,0,0,0,0,0,0,0,0,0,0,0,0,0,0,0,0,0,0,0,0,0,255,255,0.0,0.0,0.0,0.0,0.0,0.0,0.0,0.0,0.0,0.0,0.0,0.0,0.0,0.0,settle,3.489149570465088,0.0205555222928524,-0.004522764589637518,-0.001885599922388792,0.0006063657929189503,1.071423888206482,0.40723109245300293
0.0,0.0,0.0,0.5,0,1785417114.551581,0.0,0.0,0.0,0.0,0,0.0,0,0,0,0,0,0,0.0,0,0,0,0.0,0.0,0,0,0,0,0,0,0,0,0,0,0,0,0,0,0,0,0,0,0,0,0,0,0,0,0,0,0,255,255,0.0,0.0,0.0,0.0,0.0,0.0,0.0,0.0,0.0,0.0,0.0,0.0,0.0,0.0,settle,3.4838709831237793,0.0205555222928524,-0.004522764589637518,-0.001885599922388792,0.0006063657929189503,1.071423888206482,0.40723109245300293
0.0,0.0,0.0,0.5,0,1785417114.572499,0.0,0.0,0.0,0.0,0,0.0,0,0,0,0,0,0,0.0,0,0,0,0.0,0.0,0,0,0,0,0,0,0,0,0,0,0,0,0,0,0,0,0,0,0,0,0,0,0,0,0,0,0,255,255,0.0,0.0,0.0,0.0,0.0,0.0,0.0,0.0,0.0,0.0,0.0,0.0,0.0,0.0,settle,3.4838709831237793,0.025391142815351486,-0.0010560856899246573,0.000438676739577204,0.0009590948466211557,1.0042519569396973,0.4198352098464966
0.0,0.0,0.0,0.5,0,1785417114.59626,0.0,0.0,0.0,0.0,0,0.0,0,0,0,0,0,0,0.0,0,0,0,0.0,0.0,0,0,0,0,0,0,0,0,0,0,0,0,0,0,0,0,0,0,0,0,0,0,0,0,0,0,0,255,255,0.0,0.0,0.0,0.0,0.0,0.0,0.0,0.0,0.0,0.0,0.0,0.0,0.0,0.0,settle,3.4838709831237793,0.025391142815351486,-0.0010560856899246573,0.000438676739577204,0.0009590948466211557,1.0042519569396973,0.4198352098464966
0.0,0.0,0.0,0.5,0,1785417114.620545,0.0,0.0,0.0,0.0,0,0.0,0,0,0,0,0,0,0.0,0,0,0,0.0,0.0,0,0,0,0,0,0,0,0,0,0,0,0,0,0,0,0,0,0,0,0,0,0,0,0,0,0,0,255,255,0.0,0.0,0.0,0.0,0.0,0.0,0.0,0.0,0.0,0.0,0.0,0.0,0.0,0.0,settle,3.4838709831237793,0.024279151111841202,0.0010120895458385348,0.0011423613177612424,0.0008742599165998399,0.9085587859153748,0.4316086173057556
0.0,0.0,0.0,0.5,0,1785417114.643898,0.0,0.0,0.0,0.0,0,0.0,0,0,0,0,0,0,0.0,0,0,0,0.0,0.0,0,0,0,0,0,0,0,0,0,0,0,0,0,0,0,0,0,0,0,0,0,0,0,0,0,0,0,255,255,0.0,0.0,0.0,0.0,0.0,0.0,0.0,0.0,0.0,0.0,0.0,0.0,0.0,0.0,settle,3.4838709831237793,0.024279151111841202,0.0010120895458385348,0.0011423613177612424,0.0008742599165998399,0.9085587859153748,0.4316086173057556
0.0,0.0,0.0,0.5,0,1785417114.666784,0.0,0.0,0.0,0.0,0,0.0,0,0,0,0,0,0,0.0,0,0,0,0.0,0.0,0,0,0,0,0,0,0,0,0,0,0,0,0,0,0,0,0,0,0,0,0,0,0,0,0,0,0,255,255,0.0,0.0,0.0,0.0,0.0,0.0,0.0,0.0,0.0,0.0,0.0,0.0,0.0,0.0,settle,3.4838709831237793,0.021318642422556877,0.01590157113969326,0.0013786579947918653,0.006132060196250677,0.8101466298103333,0.44318822026252747
0.0,0.0,0.0,0.5,0,1785417114.68787,0.0,0.0,0.0,0.0,0,0.0,0,0,0,0,0,0,0.0,0,0,0,0.0,0.0,0,0,0,0,0,0,0,0,0,0,0,0,0,0,0,0,0,0,0,0,0,0,0,0,0,0,0,255,255,0.0,0.0,0.0,0.0,0.0,0.0,0.0,0.0,0.0,0.0,0.0,0.0,0.0,0.0,settle,3.4838709831237793,0.021318642422556877,0.01590157113969326,0.0013786579947918653,0.006132060196250677,0.8101466298103333,0.44318822026252747
0.0,0.0,0.0,0.5,0,1785417114.711974,0.0,0.0,0.0,0.0,0,0.0,0,0,0,0,0,0,0.0,0,0,0,0.0,0.0,0,0,0,0,0,0,0,0,0,0,0,0,0,0,0,0,0,0,0,0,0,0,0,0,0,0,0,255,255,0.0,0.0,0.0,0.0,0.0,0.0,0.0,0.0,0.0,0.0,0.0,0.0,0.0,0.0,settle,3.4838709831237793,0.019112305715680122,0.01271877158433199,0.002073533833026886,0.0050595602951943874,0.7192079424858093,0.4556676745414734
0.0,0.0,0.0,0.5,0,1785417114.732492,0.0,0.0,0.0,0.0,0,0.0,0,0,0,0,0,0,0.0,0,0,0,0.0,0.0,0,0,0,0,0,0,0,0,0,0,0,0,0,0,0,0,0,0,0,0,0,0,0,0,0,0,0,255,255,0.0,0.0,0.0,0.0,0.0,0.0,0.0,0.0,0.0,0.0,0.0,0.0,0.0,0.0,settle,3.4838709831237793,0.019112305715680122,0.01271877158433199,0.002073533833026886,0.0050595602951943874,0.7192079424858093,0.4556676745414734
0.0,0.0,0.0,0.5,0,1785417114.753493,0.0,0.0,0.0,0.0,0,0.0,0,0,0,0,0,0,0.0,0,0,0,0.0,0.0,0,0,0,0,0,0,0,0,0,0,0,0,0,0,0,0,0,0,0,0,0,0,0,0,0,0,0,255,255,0.0,0.0,0.0,0.0,0.0,0.0,0.0,0.0,0.0,0.0,0.0,0.0,0.0,0.0,settle,3.4838709831237793,0.007084925193339586,0.004126150161027908,-0.0015389984473586082,0.0024966977071017027,0.625409722328186,0.4646744728088379
0.0,0.0,0.0,0.5,0,1785417114.7747378,0.0,0.0,0.0,0.0,0,0.0,0,0,0,0,0,0,0.0,0,0,0,0.0,0.0,0,0,0,0,0,0,0,0,0,0,0,0,0,0,0,0,0,0,0,0,0,0,0,0,0,0,0,255,255,0.0,0.0,0.0,0.0,0.0,0.0,0.0,0.0,0.0,0.0,0.0,0.0,0.0,0.0,settle,3.4838709831237793,0.007084925193339586,0.004126150161027908,-0.0015389984473586082,0.0024966977071017027,0.625409722328186,0.4646744728088379
0.0,0.0,0.0,0.5,0,1785417114.798229,0.0,0.0,0.0,0.0,0,0.0,0,0,0,0,0,0,0.0,0,0,0,0.0,0.0,0,0,0,0,0,0,0,0,0,0,0,0,0,0,0,0,0,0,0,0,0,0,0,0,0,0,0,255,255,0.0,0.0,0.0,0.0,0.0,0.0,0.0,0.0,0.0,0.0,0.0,0.0,0.0,0.0,settle,3.4838709831237793,0.007084925193339586,0.004126150161027908,-0.0015389984473586082,0.0024966977071017027,0.625409722328186,0.4646744728088379
0.0,0.0,0.0,0.5,0,1785417114.8188128,0.0,0.0,0.0,0.0,0,0.0,0,0,0,0,0,0,0.0,0,0,0,0.0,0.0,0,0,0,0,0,0,0,0,0,0,0,0,0,0,0,0,0,0,0,0,0,0,0,0,0,0,0,255,255,0.0,0.0,0.0,0.0,0.0,0.0,0.0,0.0,0.0,0.0,0.0,0.0,0.0,0.0,settle,3.4838709831237793,0.009371467866003513,0.0039148032665252686,0.000571597833186388,0.003935761749744415,0.5612785220146179,0.4730644226074219
0.0,0.0,0.0,0.5,0,1785417114.8401752,0.0,0.0,0.0,0.0,0,0.0,0,0,0,0,0,0,0.0,0,0,0,0.0,0.0,0,0,0,0,0,0,0,0,0,0,0,0,0,0,0,0,0,0,0,0,0,0,0,0,0,0,0,255,255,0.0,0.0,0.0,0.0,0.0,0.0,0.0,0.0,0.0,0.0,0.0,0.0,0.0,0.0,settle,3.4838709831237793,0.009371467866003513,0.0039148032665252686,0.000571597833186388,0.003935761749744415,0.5612785220146179,0.4730644226074219
0.0,0.0,0.0,0.5,0,1785417114.862297,0.0,0.0,0.0,0.0,0,0.0,0,0,0,0,0,0,0.0,0,0,0,0.0,0.0,0,0,0,0,0,0,0,0,0,0,0,0,0,0,0,0,0,0,0,0,0,0,0,0,0,0,0,255,255,0.0,0.0,0.0,0.0,0.0,0.0,0.0,0.0,0.0,0.0,0.0,0.0,0.0,0.0,settle,3.4838709831237793,-4.798663212568499e-05,0.019602980464696884,-0.0031840940937399864,0.012944581918418407,0.5402339100837708,0.48237571120262146
0.0,0.0,0.0,0.5,0,1785417114.883619,0.0,0.0,0.0,0.0,0,0.0,0,0,0,0,0,0,0.0,0,0,0,0.0,0.0,0,0,0,0,0,0,0,0,0,0,0,0,0,0,0,0,0,0,0,0,0,0,0,0,0,0,0,255,255,0.0,0.0,0.0,0.0,0.0,0.0,0.0,0.0,0.0,0.0,0.0,0.0,0.0,0.0,settle,3.4838709831237793,-4.798663212568499e-05,0.019602980464696884,-0.0031840940937399864,0.012944581918418407,0.5402339100837708,0.48237571120262146
0.0,0.0,0.0,0.5,0,1785417114.906624,0.0,0.0,0.0,0.0,0,0.0,0,0,0,0,0,0,0.0,0,0,0,0.0,0.0,0,0,0,0,0,0,0,0,0,0,0,0,0,0,0,0,0,0,0,0,0,0,0,0,0,0,0,255,255,0.0,0.0,0.0,0.0,0.0,0.0,0.0,0.0,0.0,0.0,0.0,0.0,0.0,0.0,settle,3.4838709831237793,0.0062618856318295,0.012736566364765167,-0.00012993477866984904,0.012436704710125923,0.5311577320098877,0.49104970693588257
0.0,0.0,0.0,0.5,0,1785417114.931693,0.0,0.0,0.0,0.0,0,0.0,0,0,0,0,0,0,0.0,0,0,0,0.0,0.0,0,0,0,0,0,0,0,0,0,0,0,0,0,0,0,0,0,0,0,0,0,0,0,0,0,0,0,255,255,0.0,0.0,0.0,0.0,0.0,0.0,0.0,0.0,0.0,0.0,0.0,0.0,0.0,0.0,settle,3.4838709831237793,0.0062618856318295,0.012736566364765167,-0.00012993477866984904,0.012436704710125923,0.5311577320098877,0.49104970693588257
0.0,0.0,0.0,0.5,0,1785417114.956768,0.0,0.0,0.0,0.0,0,0.0,0,0,0,0,0,0,0.0,0,0,0,0.0,0.0,0,0,0,0,0,0,0,0,0,0,0,0,0,0,0,0,0,0,0,0,0,0,0,0,0,0,0,255,255,0.0,0.0,0.0,0.0,0.0,0.0,0.0,0.0,0.0,0.0,0.0,0.0,0.0,0.0,settle,3.4838709831237793,0.008626551367342472,0.001230010762810707,0.0009109608945436776,0.010084733366966248,0.590416669845581,0.49623528122901917
0.0,0.0,0.0,0.5,0,1785417114.9818199,0.0,0.0,0.0,0.0,0,0.0,0,0,0,0,0,0,0.0,0,0,0,0.0,0.0,0,0,0,0,0,0,0,0,0,0,0,0,0,0,0,0,0,0,0,0,0,0,0,0,0,0,0,255,255,0.0,0.0,0.0,0.0,0.0,0.0,0.0,0.0,0.0,0.0,0.0,0.0,0.0,0.0,settle,3.4838709831237793,0.008626551367342472,0.001230010762810707,0.0009109608945436776,0.010084733366966248,0.590416669845581,0.49623528122901917
0.0,0.0,0.0,0.5,0,1785417115.005805,0.0,0.0,0.0,0.0,0,0.0,0,0,0,0,0,0,0.0,0,0,0,0.0,0.0,0,0,0,0,0,0,0,0,0,0,0,0,0,0,0,0,0,0,0,0,0,0,0,0,0,0,0,255,255,0.0,0.0,0.0,0.0,0.0,0.0,0.0,0.0,0.0,0.0,0.0,0.0,0.0,0.0,settle,3.4838709831237793,0.00895002018660307,-0.009571782313287258,0.0011782486690208316,0.007952144369482994,0.664160966873169,0.500923216342926
0.0,0.0,0.0,0.5,0,1785417115.030855,0.0,0.0,0.0,0.0,0,0.0,0,0,0,0,0,0,0.0,0,0,0,0.0,0.0,0,0,0,0,0,0,0,0,0,0,0,0,0,0,0,0,0,0,0,0,0,0,0,0,0,0,0,255,255,0.0,0.0,0.0,0.0,0.0,0.0,0.0,0.0,0.0,0.0,0.0,0.0,0.0,0.0,settle,3.4838709831237793,0.00895002018660307,-0.009571782313287258,0.0011782486690208316,0.007952144369482994,0.664160966873169,0.500923216342926
0.0,0.0,0.0,0.5,0,1785417115.054664,0.0,0.0,0.0,0.0,0,0.0,0,0,0,0,0,0,0.0,0,0,0,0.0,0.0,0,0,0,0,0,0,0,0,0,0,0,0,0,0,0,0,0,0,0,0,0,0,0,0,0,0,0,255,255,0.0,0.0,0.0,0.0,0.0,0.0,0.0,0.0,0.0,0.0,0.0,0.0,0.0,0.0,settle,3.473313808441162,0.007748436648398638,-0.016361484304070473,0.0009738049702718854,0.007241097744554281,0.7549365162849426,0.5047659873962402
0.0,0.0,0.0,0.5,0,1785417115.078399,0.0,0.0,0.0,0.0,0,0.0,0,0,0,0,0,0,0.0,0,0,0,0.0,0.0,0,0,0,0,0,0,0,0,0,0,0,0,0,0,0,0,0,0,0,0,0,0,0,0,0,0,0,255,255,0.0,0.0,0.0,0.0,0.0,0.0,0.0,0.0,0.0,0.0,0.0,0.0,0.0,0.0,settle,3.473313808441162,0.007748436648398638,-0.016361484304070473,0.0009738049702718854,0.007241097744554281,0.7549365162849426,0.5047659873962402
0.0,0.0,0.0,0.5,0,1785417115.100468,0.0,0.0,0.0,0.0,0,0.0,0,0,0,0,0,0,0.0,0,0,0,0.0,0.0,0,0,0,0,0,0,0,0,0,0,0,0,0,0,0,0,0,0,0,0,0,0,0,0,0,0,0,255,255,0.0,0.0,0.0,0.0,0.0,0.0,0.0,0.0,0.0,0.0,0.0,0.0,0.0,0.0,settle,3.473313808441162,0.0048885769210755825,-0.0214077178388834,0.00015711522428318858,0.006727613974362612,0.8664889931678772,0.5091016888618469
0.0,0.0,0.0,0.5,0,1785417115.121687,0.0,0.0,0.0,0.0,0,0.0,0,0,0,0,0,0,0.0,0,0,0,0.0,0.0,0,0,0,0,0,0,0,0,0,0,0,0,0,0,0,0,0,0,0,0,0,0,0,0,0,0,0,255,255,0.0,0.0,0.0,0.0,0.0,0.0,0.0,0.0,0.0,0.0,0.0,0.0,0.0,0.0,settle,3.473313808441162,0.0048885769210755825,-0.0214077178388834,0.00015711522428318858,0.006727613974362612,0.8664889931678772,0.5091016888618469
0.0,0.0,0.0,0.5,0,1785417115.146795,0.0,0.0,0.0,0.0,0,0.0,0,0,0,0,0,0,0.0,0,0,0,0.0,0.0,0,0,0,0,0,0,0,0,0,0,0,0,0,0,0,0,0,0,0,0,0,0,0,0,0,0,0,255,255,0.0,0.0,0.0,0.0,0.0,0.0,0.0,0.0,0.0,0.0,0.0,0.0,0.0,0.0,settle,3.473313808441162,0.0048885769210755825,-0.0214077178388834,0.00015711522428318858,0.006727613974362612,0.8664889931678772,0.5091016888618469
0.0,0.0,0.0,0.5,0,1785417115.1715488,0.0,0.0,0.0,0.0,0,0.0,0,0,0,0,0,0,0.0,0,0,0,0.0,0.0,0,0,0,0,0,0,0,0,0,0,0,0,0,0,0,0,0,0,0,0,0,0,0,0,0,0,0,255,255,0.0,0.0,0.0,0.0,0.0,0.0,0.0,0.0,0.0,0.0,0.0,0.0,0.0,0.0,settle,3.473313808441162,-0.0015244154492393136,-0.024525843560695648,-0.0028596550691872835,0.006786557380110025,1.0108811855316162,0.5139303803443909
0.0,0.0,0.0,0.5,0,1785417115.19277,0.0,0.0,0.0,0.0,0,0.0,0,0,0,0,0,0,0.0,0,0,0,0.0,0.0,0,0,0,0,0,0,0,0,0,0,0,0,0,0,0,0,0,0,0,0,0,0,0,0,0,0,0,255,255,0.0,0.0,0.0,0.0,0.0,0.0,0.0,0.0,0.0,0.0,0.0,0.0,0.0,0.0,settle,3.473313808441162,-0.0015244154492393136,-0.024525843560695648,-0.0028596550691872835,0.006786557380110025,1.0108811855316162,0.5139303803443909
0.0,0.0,0.0,0.5,0,1785417115.2180579,0.0,0.0,0.0,0.0,0,0.0,0,0,0,0,0,0,0.0,0,0,0,0.0,0.0,0,0,0,0,0,0,0,0,0,0,0,0,0,0,0,0,0,0,0,0,0,0,0,0,0,0,0,255,255,0.0,0.0,0.0,0.0,0.0,0.0,0.0,0.0,0.0,0.0,0.0,0.0,0.0,0.0,settle,3.473313808441162,-0.010360509157180786,-0.024479268118739128,-0.008091088384389877,0.00765756331384182,1.1344325542449951,0.5161975622177124
0.0,0.0,0.0,0.5,0,1785417115.2403562,0.0,0.0,0.0,0.0,0,0.0,0,0,0,0,0,0,0.0,0,0,0,0.0,0.0,0,0,0,0,0,0,0,0,0,0,0,0,0,0,0,0,0,0,0,0,0,0,0,0,0,0,0,255,255,0.0,0.0,0.0,0.0,0.0,0.0,0.0,0.0,0.0,0.0,0.0,0.0,0.0,0.0,settle,3.473313808441162,-0.010360509157180786,-0.024479268118739128,-0.008091088384389877,0.00765756331384182,1.1344325542449951,0.5161975622177124
0.0,0.0,0.0,0.5,0,1785417115.2648199,0.0,0.0,0.0,0.0,0,0.0,0,0,0,0,0,0,0.0,0,0,0,0.0,0.0,0,0,0,0,0,0,0,0,0,0,0,0,0,0,0,0,0,0,0,0,0,0,0,0,0,0,0,255,255,0.0,0.0,0.0,0.0,0.0,0.0,0.0,0.0,0.0,0.0,0.0,0.0,0.0,0.0,settle,3.473313808441162,0.01532114576548338,-0.05372370406985283,0.005840849597007036,-0.009004997089505196,1.320920467376709,0.5194829702377319
0.0,0.0,0.0,0.5,0,1785417115.287849,0.0,0.0,0.0,0.0,0,0.0,0,0,0,0,0,0,0.0,0,0,0,0.0,0.0,0,0,0,0,0,0,0,0,0,0,0,0,0,0,0,0,0,0,0,0,0,0,0,0,0,0,0,255,255,0.0,0.0,0.0,0.0,0.0,0.0,0.0,0.0,0.0,0.0,0.0,0.0,0.0,0.0,settle,3.473313808441162,0.01532114576548338,-0.05372370406985283,0.005840849597007036,-0.009004997089505196,1.320920467376709,0.5194829702377319
0.0,0.0,0.0,0.5,0,1785417115.308151,0.0,0.0,0.0,0.0,0,0.0,0,0,0,0,0,0,0.0,0,0,0,0.0,0.0,0,0,0,0,0,0,0,0,0,0,0,0,0,0,0,0,0,0,0,0,0,0,0,0,0,0,0,255,255,0.0,0.0,0.0,0.0,0.0,0.0,0.0,0.0,0.0,0.0,0.0,0.0,0.0,0.0,settle,3.473313808441162,0.023567575961351395,-0.05225116387009621,0.010325963608920574,-0.009166965261101723,1.4291728734970093,0.5224415063858032
0.0,0.0,0.0,0.5,0,1785417115.3326411,0.0,0.0,0.0,0.0,0,0.0,0,0,0,0,0,0,0.0,0,0,0,0.0,0.0,0,0,0,0,0,0,0,0,0,0,0,0,0,0,0,0,0,0,0,0,0,0,0,0,0,0,0,255,255,0.0,0.0,0.0,0.0,0.0,0.0,0.0,0.0,0.0,0.0,0.0,0.0,0.0,0.0,settle,3.473313808441162,0.023567575961351395,-0.05225116387009621,0.010325963608920574,-0.009166965261101723,1.4291728734970093,0.5224415063858032
0.0,0.0,0.0,0.5,0,1785417115.357074,0.0,0.0,0.0,0.0,0,0.0,0,0,0,0,0,0,0.0,0,0,0,0.0,0.0,0,0,0,0,0,0,0,0,0,0,0,0,0,0,0,0,0,0,0,0,0,0,0,0,0,0,0,255,255,0.0,0.0,0.0,0.0,0.0,0.0,0.0,0.0,0.0,0.0,0.0,0.0,0.0,0.0,settle,3.473313808441162,0.025244012475013733,-0.06125836446881294,0.011970801278948784,-0.0188378244638443,1.500171184539795,0.5269019603729248
0.0,0.0,0.0,0.5,0,1785417115.379114,0.0,0.0,0.0,0.0,0,0.0,0,0,0,0,0,0,0.0,0,0,0,0.0,0.0,0,0,0,0,0,0,0,0,0,0,0,0,0,0,0,0,0,0,0,0,0,0,0,0,0,0,0,255,255,0.0,0.0,0.0,0.0,0.0,0.0,0.0,0.0,0.0,0.0,0.0,0.0,0.0,0.0,settle,3.473313808441162,0.025244012475013733,-0.06125836446881294,0.011970801278948784,-0.0188378244638443,1.500171184539795,0.5269019603729248
0.0,0.0,0.0,0.5,0,1785417115.4009311,0.0,0.0,0.0,0.0,0,0.0,0,0,0,0,0,0,0.0,0,0,0,0.0,0.0,0,0,0,0,0,0,0,0,0,0,0,0,0,0,0,0,0,0,0,0,0,0,0,0,0,0,0,255,255,0.0,0.0,0.0,0.0,0.0,0.0,0.0,0.0,0.0,0.0,0.0,0.0,0.0,0.0,settle,3.473313808441162,0.030742524191737175,-0.05838141217827797,0.017335696145892143,-0.024533867835998535,1.5184446573257446,0.5303992033004761
0.0,0.0,0.0,0.5,0,1785417115.422936,0.0,0.0,0.0,0.0,0,0.0,0,0,0,0,0,0,0.0,0,0,0,0.0,0.0,0,0,0,0,0,0,0,0,0,0,0,0,0,0,0,0,0,0,0,0,0,0,0,0,0,0,0,255,255,0.0,0.0,0.0,0.0,0.0,0.0,0.0,0.0,0.0,0.0,0.0,0.0,0.0,0.0,settle,3.473313808441162,0.030742524191737175,-0.05838141217827797,0.017335696145892143,-0.024533867835998535,1.5184446573257446,0.5303992033004761
0.0,0.0,0.0,0.5,0,1785417115.4450629,0.0,0.0,0.0,0.0,0,0.0,0,0,0,0,0,0,0.0,0,0,0,0.0,0.0,0,0,0,0,0,0,0,0,0,0,0,0,0,0,0,0,0,0,0,0,0,0,0,0,0,0,0,255,255,0.0,0.0,0.0,0.0,0.0,0.0,0.0,0.0,0.0,0.0,0.0,0.0,0.0,0.0,settle,3.473313808441162,0.030742524191737175,-0.05838141217827797,0.017335696145892143,-0.024533867835998535,1.5184446573257446,0.5303992033004761
0.0,0.0,0.0,0.5,0,1785417115.468621,0.0,0.0,0.0,0.0,0,0.0,0,0,0,0,0,0,0.0,0,0,0,0.0,0.0,0,0,0,0,0,0,0,0,0,0,0,0,0,0,0,0,0,0,0,0,0,0,0,0,0,0,0,255,255,0.0,0.0,0.0,0.0,0.0,0.0,0.0,0.0,0.0,0.0,0.0,0.0,0.0,0.0,settle,3.473313808441162,0.028043439611792564,-0.04274395480751991,0.01906903274357319,-0.024764426052570343,1.5105773210525513,0.5336711406707764
0.0,0.0,0.0,0.5,344,1785417115.643452,0.0,0.025027627125382423,-0.03703487664461136,0.5064495801925659,1,0.0,5,7476,0,0,0,0,0.000879417173564434,0,0,0,0.000879417173564434,0.0,0,0,0,2147483649,0,1,0,0,0,0,0,0,0,0,0,0,0,0,0,0,0,0,0,0,0,0,0,255,255,0.0,0.0,0.0,0.0,0.0,0.0,0.0,0.0,0.0,0.0,0.0,0.0,0.0,0.0,straight_run,3.6105573177337646,0.01346584688872099,-0.012035828083753586,0.02519012615084648,-0.03968186303973198,1.777601957321167,0.5352871417999268
0.0014028056112224446,0.0,0.0,0.5,337,1785417115.6681511,0.0,0.02282176911830902,-0.05012787878513336,0.47398412227630615,1,120.74342346191406,5,8182,0,0,0,0,0.0031265311408787966,0,0,0,0.0031265311408787966,0.0,0,0,0,2147483650,0,1,0,0,0,0,0,0,0,0,0,0,0,0,0,0,0,0,0,0,0,0,0,255,255,0.0,0.0,0.0,0.0,0.0,0.0,0.0,0.0,0.0,0.0,0.0,0.0,0.0,0.0,straight_run,3.5472140312194824,0.012434132397174835,-0.012956393882632256,0.02893546223640442,-0.047639284282922745,1.9452887773513794,0.5269166827201843
0.0028056112224448893,0.0,0.0,0.5,337,1785417115.68882,0.0,0.02282176911830902,-0.05012787878513336,0.47398412227630615,1,120.74342346191406,5,8182,0,0,0,0,0.0031265311408787966,0,0,0,0.0031265311408787966,0.0,0,0,0,2147483650,0,1,0,0,0,0,0,0,0,0,0,0,0,0,0,0,0,0,0,0,0,0,0,255,255,0.0,0.0,0.0,0.0,0.0,0.0,0.0,0.0,0.0,0.0,0.0,0.0,0.0,0.0,straight_run,3.5472140312194824,0.012434132397174835,-0.012956393882632256,0.02893546223640442,-0.047639284282922745,1.9452887773513794,0.5269166827201843
0.004208416833667334,0.0,0.0,0.5,337,1785417115.7091808,0.0,0.05342329293489456,-0.05750655755400658,0.4315742254257202,1,131.51783752441406,5,7130,0,0,0,0,0.0031265311408787966,0,0,0,0.0031265311408787966,0.0,0,0,0,2147483650,0,1,0,0,0,0,0,0,0,0,0,0,0,0,0,0,0,0,0,0,0,0,0,255,255,0.0,0.0,0.0,0.0,0.0,0.0,0.0,0.0,0.0,0.0,0.0,0.0,0.0,0.0,straight_run,3.5472140312194824,0.039709340780973434,-0.01655191369354725,0.0512830950319767,-0.0547594390809536,2.16235089302063,0.5099071264266968
0.005611222444889779,0.0,0.0,0.5,337,1785417115.733685,0.0,0.05342329293489456,-0.05750655755400658,0.4315742254257202,1,131.51783752441406,5,7130,0,0,0,0,0.0031265311408787966,0,0,0,0.0031265311408787966,0.0,0,0,0,2147483650,0,1,0,0,0,0,0,0,0,0,0,0,0,0,0,0,0,0,0,0,0,0,0,255,255,0.0,0.0,0.0,0.0,0.0,0.0,0.0,0.0,0.0,0.0,0.0,0.0,0.0,0.0,straight_run,3.5472140312194824,0.039709340780973434,-0.01655191369354725,0.0512830950319767,-0.0547594390809536,2.16235089302063,0.5099071264266968
0.007014028056112224,0.0,0.0,0.5,337,1785417115.7558908,0.0,0.055780962109565735,-0.05939750745892525,0.4064267873764038,1,131.48690795898438,5,8259,0,0,0,0,0.005956271663308144,0,0,0,0.005956271663308144,0.0,0,0,0,2147483650,0,1,0,0,0,0,0,0,0,0,0,0,0,0,0,0,0,0,0,0,0,0,0,255,255,0.0,0.0,0.0,0.0,0.0,0.0,0.0,0.0,0.0,0.0,0.0,0.0,0.0,0.0,straight_run,3.489149570465088,0.0367911197245121,-0.015841901302337646,0.053226288408041,-0.058169759809970856,2.3901429176330566,0.4907577335834503
0.008416833667334669,0.0,0.0,0.5,337,1785417115.776949,0.0,0.055780962109565735,-0.05939750745892525,0.4064267873764038,1,131.48690795898438,5,8259,0,0,0,0,0.005956271663308144,0,0,0,0.005956271663308144,0.0,0,0,0,2147483651,0,1,0,0,0,0,0,0,0,0,0,0,0,0,0,0,0,0,0,0,0,0,0,255,255,0.0,0.0,0.0,0.0,0.0,0.0,0.0,0.0,0.0,0.0,0.0,0.0,0.0,0.0,straight_run,3.489149570465088,0.0367911197245121,-0.015841901302337646,0.053226288408041,-0.058169759809970856,2.3901429176330566,0.4907577335834503
0.009819639278557113,0.0,0.0,0.5,337,1785417115.799364,0.0,0.055780962109565735,-0.05939750745892525,0.4064267873764038,1,131.48690795898438,5,8259,0,0,0,0,0.005956271663308144,0,0,0,0.005956271663308144,0.0,0,0,0,2147483651,0,1,0,0,0,0,0,0,0,0,0,0,0,0,0,0,0,0,0,0,0,0,0,255,255,0.0,0.0,0.0,0.0,0.0,0.0,0.0,0.0,0.0,0.0,0.0,0.0,0.0,0.0,straight_run,3.489149570465088,0.0367911197245121,-0.015841901302337646,0.053226288408041,-0.058169759809970856,2.3901429176330566,0.4907577335834503
0.011222444889779557,0.0,0.0,0.5,337,1785417115.823152,0.0,0.05334950610995293,-0.05908416211605072,0.43153995275497437,1,127.90990447998047,5,7890,0,0,0,0,0.005956271663308144,0,0,0,0.005956271663308144,0.0,0,0,0,2147483651,0,1,0,0,0,0,0,0,0,0,0,0,0,0,0,0,0,0,0,0,0,0,0,255,255,0.0,0.0,0.0,0.0,0.0,0.0,0.0,0.0,0.0,0.0,0.0,0.0,0.0,0.0,straight_run,3.489149570465088,0.028205325827002525,-0.008079246617853642,0.05229221284389496,-0.056340306997299194,5.2316484451293945,0.46639004349708557
0.012625250501002003,0.0,0.0,0.5,337,1785417115.848208,0.0,0.05334950610995293,-0.05908416211605072,0.43153995275497437,1,127.90990447998047,5,7890,0,0,0,0,0.005956271663308144,0,0,0,0.005956271663308144,0.0,0,0,0,2147483651,0,1,0,0,0,0,0,0,0,0,0,0,0,0,0,0,0,0,0,0,0,0,0,255,255,0.0,0.0,0.0,0.0,0.0,0.0,0.0,0.0,0.0,0.0,0.0,0.0,0.0,0.0,straight_run,3.489149570465088,0.028205325827002525,-0.008079246617853642,0.05229221284389496,-0.056340306997299194,5.2316484451293945,0.46639004349708557
0.014028056112224447,0.0,0.0,0.5,337,1785417115.871573,0.0,0.04133007675409317,-0.07485277205705643,0.4010648727416992,1,114.57549285888672,5,8637,0,0,0,0,0.006080482620745897,0,0,0,0.006080482620745897,0.0,0,0,0,2147483652,0,1,0,0,0,0,0,0,0,0,0,0,0,0,0,0,0,0,0,0,0,0,0,255,255,0.0,0.0,0.0,0.0,0.0,0.0,0.0,0.0,0.0,0.0,0.0,0.0,0.0,0.0,straight_run,3.4521994590759277,0.009036904200911522,0.0006659678765572608,0.04451347514986992,-0.05296781286597252,15.040629386901855,0.4443303048610687
0.015430861723446893,0.0,0.0,0.5,337,1785417115.892478,0.0,0.04133007675409317,-0.07485277205705643,0.4010648727416992,1,114.57549285888672,5,8637,0,0,0,0,0.006080482620745897,0,0,0,0.006080482620745897,0.0,0,0,0,2147483652,0,1,0,0,0,0,0,0,0,0,0,0,0,0,0,0,0,0,0,0,0,0,0,255,255,0.0,0.0,0.0,0.0,0.0,0.0,0.0,0.0,0.0,0.0,0.0,0.0,0.0,0.0,straight_run,3.4521994590759277,0.009036904200911522,0.0006659678765572608,0.04451347514986992,-0.05296781286597252,15.040629386901855,0.4443303048610687
0.016833667334669337,0.0,0.0,0.5,337,1785417115.91737,0.0,0.05158160626888275,-0.07000572234392166,0.3624066114425659,1,119.29973602294922,5,8737,0,0,0,0,0.006080482620745897,0,0,0,0.006080482620745897,0.0,0,0,0,2147483652,0,1,0,0,0,0,0,0,0,0,0,0,0,0,0,0,0,0,0,0,0,0,0,255,255,0.0,0.0,0.0,0.0,0.0,0.0,0.0,0.0,0.0,0.0,0.0,0.0,0.0,0.0,straight_run,3.4521994590759277,0.01098005659878254,-0.016109680756926537,0.05103517323732376,-0.06594657152891159,28.709821701049805,0.421291321516037
0.01823647294589178,0.0,0.0,0.5,337,1785417115.9409459,0.0,0.05158160626888275,-0.07000572234392166,0.3624066114425659,1,119.29973602294922,5,8737,0,0,0,0,0.006080482620745897,0,0,0,0.006080482620745897,0.0,0,0,0,2147483652,0,1,0,0,0,0,0,0,0,0,0,0,0,0,0,0,0,0,0,0,0,0,0,255,255,0.0,0.0,0.0,0.0,0.0,0.0,0.0,0.0,0.0,0.0,0.0,0.0,0.0,0.0,straight_run,3.4521994590759277,0.01098005659878254,-0.016109680756926537,0.05103517323732376,-0.06594657152891159,28.709821701049805,0.421291321516037
0.019639278557114226,0.0,0.0,0.5,337,1785417115.965962,0.0,0.0721193179488182,-0.07871698588132858,0.34279078245162964,1,123.6225814819336,5,8234,0,0,0,0,0.006028854753822088,0,0,0,0.006028854753822088,0.0,0,0,0,2147483653,0,1,0,0,0,0,0,0,0,0,0,0,0,0,0,0,0,0,0,0,0,0,0,255,255,0.0,0.0,0.0,0.0,0.0,0.0,0.0,0.0,0.0,0.0,0.0,0.0,0.0,0.0,straight_run,3.383577823638916,0.03388473764061928,-0.0292400773614645,0.06910883635282516,-0.07493001967668533,44.02705001831055,0.39783579111099243
0.02104208416833667,0.0,0.0,0.5,337,1785417115.990977,0.0,0.0721193179488182,-0.07871698588132858,0.34279078245162964,1,123.6225814819336,5,8234,0,0,0,0,0.006028854753822088,0,0,0,0.006028854753822088,0.0,0,0,0,2147483653,0,1,0,0,0,0,0,0,0,0,0,0,0,0,0,0,0,0,0,0,0,0,0,255,255,0.0,0.0,0.0,0.0,0.0,0.0,0.0,0.0,0.0,0.0,0.0,0.0,0.0,0.0,straight_run,3.383577823638916,0.03388473764061928,-0.0292400773614645,0.06910883635282516,-0.07493001967668533,44.02705001831055,0.39783579111099243
0.022444889779559114,0.0,0.0,0.5,337,1785417116.0118778,0.0,0.06959571689367294,-0.06653717905282974,0.31850695610046387,1,123.81780242919922,5,8434,0,0,0,0,0.006028854753822088,0,0,0,0.006028854753822088,0.0,0,0,0,2147483653,0,1,0,0,0,0,0,0,0,0,0,0,0,0,0,0,0,0,0,0,0,0,0,255,255,0.0,0.0,0.0,0.0,0.0,0.0,0.0,0.0,0.0,0.0,0.0,0.0,0.0,0.0,straight_run,3.383577823638916,0.027420824393630028,-0.01572822593152523,0.0626228079199791,-0.06416484713554382,60.59033203125,0.3752106726169586
0.023847695390781562,0.0,0.0,0.5,337,1785417116.034878,0.0,0.06959571689367294,-0.06653717905282974,0.31850695610046387,1,123.81780242919922,5,8434,0,0,0,0,0.006028854753822088,0,0,0,0.006028854753822088,0.0,0,0,0,2147483653,0,1,0,0,0,0,0,0,0,0,0,0,0,0,0,0,0,0,0,0,0,0,0,255,255,0.0,0.0,0.0,0.0,0.0,0.0,0.0,0.0,0.0,0.0,0.0,0.0,0.0,0.0,straight_run,3.383577823638916,0.027420824393630028,-0.01572822593152523,0.0626228079199791,-0.06416484713554382,60.59033203125,0.3752106726169586
0.025250501002004006,0.0,0.0,0.5,337,1785417116.05993,0.0,0.10852343589067459,-0.07642960548400879,0.31730517745018005,1,134.56031799316406,5,8193,0,0,0,0,0.005937665700912476,0,0,0,0.005937665700912476,0.0,0,0,0,2147483654,0,1,0,0,0,0,0,0,0,0,0,0,0,0,0,0,0,0,0,0,0,0,0,255,255,0.0,0.0,0.0,0.0,0.0,0.0,0.0,0.0,0.0,0.0,0.0,0.0,0.0,0.0,straight_run,3.4416422843933105,0.07613332569599152,-0.017733845859766006,0.0939960777759552,-0.06394599378108978,79.38240814208984,0.3489505648612976
0.026653306613226454,0.0,0.0,0.5,337,1785417116.084464,0.0,0.10852343589067459,-0.07642960548400879,0.31730517745018005,1,134.56031799316406,5,8193,0,0,0,0,0.005937665700912476,0,0,0,0.005937665700912476,0.0,0,0,0,2147483654,0,1,0,0,0,0,0,0,0,0,0,0,0,0,0,0,0,0,0,0,0,0,0,255,255,0.0,0.0,0.0,0.0,0.0,0.0,0.0,0.0,0.0,0.0,0.0,0.0,0.0,0.0,straight_run,3.4416422843933105,0.07613332569599152,-0.017733845859766006,0.0939960777759552,-0.06394599378108978,79.38240814208984,0.3489505648612976
0.028056112224448895,0.0,0.0,0.5,337,1785417116.106677,0.0,0.10852343589067459,-0.07642960548400879,0.31730517745018005,1,134.56031799316406,5,8193,0,0,0,0,0.005937665700912476,0,0,0,0.005937665700912476,0.0,0,0,0,2147483654,0,1,0,0,0,0,0,0,0,0,0,0,0,0,0,0,0,0,0,0,0,0,0,255,255,0.0,0.0,0.0,0.0,0.0,0.0,0.0,0.0,0.0,0.0,0.0,0.0,0.0,0.0,straight_run,3.4416422843933105,0.036443933844566345,-0.026211746037006378,0.06769264489412308,-0.0682726502418518,91.09735107421875,0.3315099775791168
0.029458917835671342,0.0,0.0,0.5,337,1785417116.131642,0.0,0.07403317093849182,-0.07357827574014664,0.2986973524093628,1,121.01045227050781,5,8474,0,0,0,0,0.005937665700912476,0,0,0,0.005937665700912476,0.0,0,0,0,2147483654,0,1,0,0,0,0,0,0,0,0,0,0,0,0,0,0,0,0,0,0,0,0,0,255,255,0.0,0.0,0.0,0.0,0.0,0.0,0.0,0.0,0.0,0.0,0.0,0.0,0.0,0.0,straight_run,3.4416422843933105,0.036443933844566345,-0.026211746037006378,0.06769264489412308,-0.0682726502418518,91.09735107421875,0.3315099775791168
0.030861723446893786,0.0,0.0,0.5,337,1785417116.154069,0.0,0.07403317093849182,-0.07357827574014664,0.2986973524093628,1,121.01045227050781,5,8474,0,0,0,0,0.005969224497675896,0,0,0,0.005969224497675896,0.0,0,0,0,2147483654,0,1,0,0,0,0,0,0,0,0,0,0,0,0,0,0,0,0,0,0,0,0,0,255,255,0.0,0.0,0.0,0.0,0.0,0.0,0.0,0.0,0.0,0.0,0.0,0.0,0.0,0.0,straight_run,3.399413585662842,-0.0021701811347156763,-0.014225577935576439,0.044495102018117905,-0.05827608332037926,103.984130859375,0.3079047203063965
0.03226452905811623,0.0,0.0,0.5,337,1785417116.174908,0.0,0.05019952356815338,-0.06680239737033844,0.2982001304626465,1,109.27149963378906,5,8147,0,0,0,0,0.005969224497675896,0,0,0,0.005969224497675896,0.0,0,0,0,2147483655,0,1,0,0,0,0,0,0,0,0,0,0,0,0,0,0,0,0,0,0,0,0,0,255,255,0.0,0.0,0.0,0.0,0.0,0.0,0.0,0.0,0.0,0.0,0.0,0.0,0.0,0.0,straight_run,3.399413585662842,-0.0021701811347156763,-0.014225577935576439,0.044495102018117905,-0.05827608332037926,103.984130859375,0.3079047203063965
0.033667334669338675,0.0,0.0,0.5,337,1785417116.1970592,0.0,0.05019952356815338,-0.06680239737033844,0.2982001304626465,1,109.27149963378906,5,8147,0,0,0,0,0.005969224497675896,0,0,0,0.005969224497675896,0.0,0,0,0,2147483655,0,1,0,0,0,0,0,0,0,0,0,0,0,0,0,0,0,0,0,0,0,0,0,255,255,0.0,0.0,0.0,0.0,0.0,0.0,0.0,0.0,0.0,0.0,0.0,0.0,0.0,0.0,straight_run,3.399413585662842,-0.0021701811347156763,-0.014225577935576439,0.044495102018117905,-0.05827608332037926,103.984130859375,0.3079047203063965
0.03507014028056112,0.0,0.0,0.5,337,1785417116.220137,0.0,0.04933284595608711,-0.05049588531255722,0.29262301325798035,1,110.11119842529297,5,8937,0,0,0,0,0.005969224497675896,0,0,0,0.005969224497675896,0.0,0,0,0,2147483655,0,1,0,0,0,0,0,0,0,0,0,0,0,0,0,0,0,0,0,0,0,0,0,255,255,0.0,0.0,0.0,0.0,0.0,0.0,0.0,0.0,0.0,0.0,0.0,0.0,0.0,0.0,straight_run,3.399413585662842,0.0027671949937939644,-0.01550134364515543,0.047812268137931824,-0.05783028155565262,112.40422058105469,0.2865912616252899
0.03647294589178356,0.0,0.0,0.5,337,1785417116.244129,0.0,0.04933284595608711,-0.05049588531255722,0.29262301325798035,1,110.11119842529297,5,8937,0,0,0,0,0.005969224497675896,0,0,0,0.005969224497675896,0.0,0,0,0,2147483655,0,1,0,0,0,0,0,0,0,0,0,0,0,0,0,0,0,0,0,0,0,0,0,255,255,0.0,0.0,0.0,0.0,0.0,0.0,0.0,0.0,0.0,0.0,0.0,0.0,0.0,0.0,straight_run,3.399413585662842,0.0027671949937939644,-0.01550134364515543,0.047812268137931824,-0.05783028155565262,112.40422058105469,0.2865912616252899
0.03787575150300601,0.0,0.0,0.5,289,1785417116.264979,0.0,0.0531831830739975,-0.06362182646989822,0.2811585068702698,1,104.43579864501953,5,8101,0,0,0,0,0.005068147089332342,0,0,0,0.005068147089332342,0.0,0,0,0,2147483656,0,1,0,0,0,0,0,0,0,0,0,0,0,0,1,0,0,0,0,0,0,0,0,255,255,0.0,0.0,0.0,0.0,0.0,0.0,0.0,0.0,0.0,0.0,0.0,0.0,0.0,0.0,straight_run,3.420527935028076,0.02472924254834652,-0.01677727699279785,0.05959004908800125,-0.05775429680943489,117.73770141601562,0.2669299840927124
0.03927855711422845,0.0,0.0,0.5,289,1785417116.2899442,0.0,0.0531831830739975,-0.06362182646989822,0.2811585068702698,1,104.43579864501953,5,8101,0,0,0,0,0.005068147089332342,0,0,0,0.005068147089332342,0.0,0,0,0,2147483656,0,1,0,0,0,0,0,0,0,0,0,0,0,0,1,0,0,0,0,0,0,0,0,255,255,0.0,0.0,0.0,0.0,0.0,0.0,0.0,0.0,0.0,0.0,0.0,0.0,0.0,0.0,straight_run,3.420527935028076,0.02472924254834652,-0.01677727699279785,0.05959004908800125,-0.05775429680943489,117.73770141601562,0.2669299840927124
0.0406813627254509,0.0,0.0,0.5,289,1785417116.3149161,0.0,0.06070647016167641,-0.05762297660112381,0.2702299654483795,1,108.08617401123047,5,7291,0,0,0,0,0.005068147089332342,0,0,0,0.005068147089332342,0.0,0,0,0,2147483656,0,1,0,0,0,0,0,0,0,0,0,0,0,0,1,0,0,0,0,0,0,0,0,255,255,0.0,0.0,0.0,0.0,0.0,0.0,0.0,0.0,0.0,0.0,0.0,0.0,0.0,0.0,straight_run,3.420527935028076,0.004448726307600737,-0.01149172056466341,0.0452205054461956,-0.053673941642045975,120.8082504272461,0.24967385828495026
0.04208416833667334,0.0,0.0,0.5,289,1785417116.339735,0.0,0.06070647016167641,-0.05762297660112381,0.2702299654483795,1,108.08617401123047,5,7291,0,0,0,0,0.005068147089332342,0,0,0,0.005068147089332342,0.0,0,0,0,2147483656,0,1,0,0,0,0,0,0,0,0,0,0,0,0,1,0,0,0,0,0,0,0,0,255,255,0.0,0.0,0.0,0.0,0.0,0.0,0.0,0.0,0.0,0.0,0.0,0.0,0.0,0.0,straight_run,3.420527935028076,0.004448726307600737,-0.01149172056466341,0.0452205054461956,-0.053673941642045975,120.8082504272461,0.24967385828495026
0.04348697394789579,0.0,0.0,0.5,289,1785417116.3638048,0.0,0.044903792440891266,-0.048838939517736435,0.2643580138683319,1,0.0,5,9070,0,0,0,0,0.004405866842716932,0,0,0,0.004405866842716932,0.0,0,0,0,2147483657,0,1,0,0,0,0,0,0,0,0,0,0,0,0,2,0,0,0,0,0,0,0,0,255,255,0.0,0.0,0.0,0.0,0.0,0.0,0.0,0.0,0.0,0.0,0.0,0.0,0.0,0.0,straight_run,3.394134998321533,0.0020584564190357924,-0.004583179485052824,0.04453613981604576,-0.0490507073700428,122.3718490600586,0.2325529009103775
0.04488977955911823,0.0,0.0,0.5,289,1785417116.388006,0.0,0.044903792440891266,-0.048838939517736435,0.2643580138683319,1,0.0,5,9070,0,0,0,0,0.004405866842716932,0,0,0,0.004405866842716932,0.0,0,0,0,2147483657,0,1,0,0,0,0,0,0,0,0,0,0,0,0,2,0,0,0,0,0,0,0,0,255,255,0.0,0.0,0.0,0.0,0.0,0.0,0.0,0.0,0.0,0.0,0.0,0.0,0.0,0.0,straight_run,3.394134998321533,0.0020584564190357924,-0.004583179485052824,0.04453613981604576,-0.0490507073700428,122.3718490600586,0.2325529009103775
0.046292585170340676,0.0,0.0,0.5,289,1785417116.413076,0.0,0.055655986070632935,-0.04289117455482483,0.25769537687301636,1,0.0,5,11413,0,0,0,0,0.004405866842716932,0,0,0,0.004405866842716932,0.0,0,0,0,2147483657,0,1,0,0,0,0,0,0,0,0,0,0,0,0,2,0,0,0,0,0,0,0,0,255,255,0.0,0.0,0.0,0.0,0.0,0.0,0.0,0.0,0.0,0.0,0.0,0.0,0.0,0.0,straight_run,3.394134998321533,0.01308148168027401,0.0045922002755105495,0.05297466367483139,-0.04422631487250328,119.93487548828125,0.21620182693004608
0.047695390781563124,0.0,0.0,0.5,289,1785417116.436078,0.0,0.055655986070632935,-0.04289117455482483,0.25769537687301636,1,0.0,5,11413,0,0,0,0,0.004405866842716932,0,0,0,0.004405866842716932,0.0,0,0,0,2147483657,0,1,0,0,0,0,0,0,0,0,0,0,0,0,2,0,0,0,0,0,0,0,0,255,255,0.0,0.0,0.0,0.0,0.0,0.0,0.0,0.0,0.0,0.0,0.0,0.0,0.0,0.0,straight_run,3.394134998321533,0.01308148168027401,0.0045922002755105495,0.05297466367483139,-0.04422631487250328,119.93487548828125,0.21620182693004608
0.04909819639278557,0.0,0.0,0.5,289,1785417116.456615,0.0,0.055655986070632935,-0.04289117455482483,0.25769537687301636,1,0.0,5,11413,0,0,0,0,0.003612801432609558,0,0,0,0.003612801432609558,0.0,0,0,0,2147483657,0,1,0,0,0,0,0,0,0,0,0,0,0,0,2,0,0,0,0,0,0,0,0,255,255,0.0,0.0,0.0,0.0,0.0,0.0,0.0,0.0,0.0,0.0,0.0,0.0,0.0,0.0,straight_run,3.4152493476867676,0.029115324839949608,-0.0065619852393865585,0.060316815972328186,-0.05063391849398613,112.71539306640625,0.20230978727340698
0.05050100200400801,0.0,0.0,0.5,289,1785417116.476738,0.0,0.05641784146428108,-0.05323377624154091,0.26153188943862915,1,97.73167419433594,5,11107,0,0,0,0,0.003612801432609558,0,0,0,0.003612801432609558,0.0,0,0,0,2147483658,0,1,0,0,0,0,0,0,0,0,0,0,0,0,3,0,0,0,0,0,0,0,0,255,255,0.0,0.0,0.0,0.0,0.0,0.0,0.0,0.0,0.0,0.0,0.0,0.0,0.0,0.0,straight_run,3.4152493476867676,0.029115324839949608,-0.0065619852393865585,0.060316815972328186,-0.05063391849398613,112.71539306640625,0.20230978727340698
0.05190380761523046,0.0,0.0,0.5,289,1785417116.500726,0.0,0.05641784146428108,-0.05323377624154091,0.26153188943862915,1,97.73167419433594,5,11107,0,0,0,0,0.003612801432609558,0,0,0,0.003612801432609558,0.0,0,0,0,2147483658,0,1,0,0,0,0,0,0,0,0,0,0,0,0,3,0,0,0,0,0,0,0,0,255,255,0.0,0.0,0.0,0.0,0.0,0.0,0.0,0.0,0.0,0.0,0.0,0.0,0.0,0.0,straight_run,3.4152493476867676,0.03547043353319168,-0.017294852063059807,0.057153232395648956,-0.054734230041503906,106.24858856201172,0.18901327252388
0.05330661322645291,0.0,0.0,0.5,289,1785417116.5228841,0.0,0.06912517547607422,-0.05884614214301109,0.23017850518226624,1,96.6036148071289,5,8046,0,0,0,0,0.003612801432609558,0,0,0,0.003612801432609558,0.0,0,0,0,2147483658,0,1,0,0,0,0,0,0,0,0,0,0,0,0,3,0,0,0,0,0,0,0,0,255,255,0.0,0.0,0.0,0.0,0.0,0.0,0.0,0.0,0.0,0.0,0.0,0.0,0.0,0.0,straight_run,3.4152493476867676,0.03547043353319168,-0.017294852063059807,0.057153232395648956,-0.054734230041503906,106.24858856201172,0.18901327252388
0.05470941883767534,0.0,0.0,0.5,289,1785417116.5480478,0.0,0.06912517547607422,-0.05884614214301109,0.23017850518226624,1,96.6036148071289,5,8046,0,0,0,0,0.003612801432609558,0,0,0,0.003612801432609558,0.0,0,0,0,2147483658,0,1,0,0,0,0,0,0,0,0,0,0,0,0,3,0,0,0,0,0,0,0,0,255,255,0.0,0.0,0.0,0.0,0.0,0.0,0.0,0.0,0.0,0.0,0.0,0.0,0.0,0.0,straight_run,3.4152493476867676,0.03547043353319168,-0.017294852063059807,0.057153232395648956,-0.054734230041503906,106.24858856201172,0.18901327252388
0.05611222444889779,0.0,0.0,0.5,289,1785417116.569448,0.0,0.06016920506954193,-0.050785910338163376,0.2482849359512329,1,0.0,5,10909,0,0,0,0,0.003982159309089184,0,0,0,0.003982159309089184,0.0,0,0,0,2147483659,0,1,0,0,0,0,0,0,0,0,0,0,0,0,4,0,0,0,0,0,0,0,0,255,255,0.0,0.0,0.0,0.0,0.0,0.0,0.0,0.0,0.0,0.0,0.0,0.0,0.0,0.0,straight_run,3.4310851097106934,0.02800910733640194,0.00016895850421860814,0.048838239163160324,-0.046221330761909485,105.3313980102539,0.1739095002412796
0.05751503006012024,0.0,0.0,0.5,289,1785417116.589958,0.0,0.06016920506954193,-0.050785910338163376,0.2482849359512329,1,0.0,5,10909,0,0,0,0,0.003982159309089184,0,0,0,0.003982159309089184,0.0,0,0,0,2147483659,0,1,0,0,0,0,0,0,0,0,0,0,0,0,4,0,0,0,0,0,0,0,0,255,255,0.0,0.0,0.0,0.0,0.0,0.0,0.0,0.0,0.0,0.0,0.0,0.0,0.0,0.0,straight_run,3.4310851097106934,0.02800910733640194,0.00016895850421860814,0.048838239163160324,-0.046221330761909485,105.3313980102539,0.1739095002412796
0.058917835671342685,0.0,0.0,0.5,289,1785417116.611497,0.0,0.03947494179010391,-0.047070086002349854,0.24161094427108765,1,69.98370361328125,5,8434,0,0,0,0,0.003982159309089184,0,0,0,0.003982159309089184,0.0,0,0,0,2147483659,0,1,0,0,0,0,0,0,0,0,0,0,0,0,4,0,0,0,0,0,0,0,0,255,255,0.0,0.0,0.0,0.0,0.0,0.0,0.0,0.0,0.0,0.0,0.0,0.0,0.0,0.0,straight_run,3.4310851097106934,0.00497227068990469,-0.0006393783842213452,0.03868293762207031,-0.04780244827270508,101.0883560180664,0.15853235125541687
0.060320641282565125,0.0,0.0,0.5,289,1785417116.6365702,0.0,0.03947494179010391,-0.047070086002349854,0.24161094427108765,1,69.98370361328125,5,8434,0,0,0,0,0.003982159309089184,0,0,0,0.003982159309089184,0.0,0,0,0,2147483659,0,1,0,0,0,0,0,0,0,0,0,0,0,0,4,0,0,0,0,0,0,0,0,255,255,0.0,0.0,0.0,0.0,0.0,0.0,0.0,0.0,0.0,0.0,0.0,0.0,0.0,0.0,straight_run,3.4310851097106934,0.00497227068990469,-0.0006393783842213452,0.03868293762207031,-0.04780244827270508,101.0883560180664,0.15853235125541687
0.06172344689378757,0.0,0.0,0.5,289,1785417116.6567402,0.0,0.04372922703623772,-0.049941133707761765,0.21855226159095764,1,69.84368133544922,5,7544,0,0,0,0,0.0033613762352615595,0,0,0,0.0033613762352615595,0.0,0,0,0,2147483659,0,1,0,0,0,0,0,0,0,0,0,0,0,0,4,0,0,0,0,0,0,0,0,255,255,0.0,0.0,0.0,0.0,0.0,0.0,0.0,0.0,0.0,0.0,0.0,0.0,0.0,0.0,straight_run,3.383577823638916,0.022823302075266838,-0.002328905975446105,0.04460238292813301,-0.04827389121055603,93.37348175048828,0.14510320127010345
0.06312625250501003,0.0,0.0,0.5,289,1785417116.6817,0.0,0.04372922703623772,-0.049941133707761765,0.21855226159095764,1,69.84368133544922,5,7544,0,0,0,0,0.0033613762352615595,0,0,0,0.0033613762352615595,0.0,0,0,0,2147483660,0,1,0,0,0,0,0,0,0,0,0,0,0,0,4,0,0,0,0,0,0,0,0,255,255,0.0,0.0,0.0,0.0,0.0,0.0,0.0,0.0,0.0,0.0,0.0,0.0,0.0,0.0,straight_run,3.383577823638916,0.022823302075266838,-0.002328905975446105,0.04460238292813301,-0.04827389121055603,93.37348175048828,0.14510320127010345
0.06452905811623245,0.0,0.0,0.5,289,1785417116.704065,0.0,0.04372922703623772,-0.049941133707761765,0.21855226159095764,1,69.84368133544922,5,7544,0,0,0,0,0.0033613762352615595,0,0,0,0.0033613762352615595,0.0,0,0,0,2147483660,0,1,0,0,0,0,0,0,0,0,0,0,0,0,4,0,0,0,0,0,0,0,0,255,255,0.0,0.0,0.0,0.0,0.0,0.0,0.0,0.0,0.0,0.0,0.0,0.0,0.0,0.0,straight_run,3.383577823638916,-0.004887398332357407,-0.0025058186147361994,0.03649178892374039,-0.04877301678061485,88.7342529296875,0.13786672055721283
0.06593186372745491,0.0,0.0,0.5,289,1785417116.72761,0.0,0.03587616607546806,-0.04561962932348251,0.21223655343055725,1,60.91129684448242,5,11431,0,0,0,0,0.0033613762352615595,0,0,0,0.0033613762352615595,0.0,0,0,0,2147483660,0,1,0,0,0,0,0,0,0,0,0,0,0,0,4,0,0,0,0,0,0,0,0,255,255,0.0,0.0,0.0,0.0,0.0,0.0,0.0,0.0,0.0,0.0,0.0,0.0,0.0,0.0,straight_run,3.383577823638916,-0.004887398332357407,-0.0025058186147361994,0.03649178892374039,-0.04877301678061485,88.7342529296875,0.13786672055721283
0.06733466933867735,0.0,0.0,0.5,289,1785417116.7489028,0.0,0.03587616607546806,-0.04561962932348251,0.21223655343055725,1,60.91129684448242,5,11431,0,0,0,0,0.0033613762352615595,0,0,0,0.0033613762352615595,0.0,0,0,0,2147483660,0,1,0,0,0,0,0,0,0,0,0,0,0,0,4,0,0,0,0,0,0,0,0,255,255,0.0,0.0,0.0,0.0,0.0,0.0,0.0,0.0,0.0,0.0,0.0,0.0,0.0,0.0,straight_run,3.383577823638916,-0.004887398332357407,-0.0025058186147361994,0.03649178892374039,-0.04877301678061485,88.7342529296875,0.13786672055721283
0.06873747494989979,0.0,0.0,0.5,289,1785417116.7711859,0.0,0.03723844885826111,-0.0460657961666584,0.22756272554397583,1,60.17858123779297,5,6983,0,0,0,0,0.001883592107333243,0,0,0,0.001883592107333243,0.0,0,0,0,2147483661,0,1,0,0,0,0,0,0,0,0,0,0,0,0,5,0,0,0,0,0,0,0,0,255,255,0.0,0.0,0.0,0.0,0.0,0.0,0.0,0.0,0.0,0.0,0.0,0.0,0.0,0.0,straight_run,3.420527935028076,-0.0012913999380543828,0.00536827277392149,0.03853515535593033,-0.047206949442625046,84.58793640136719,0.13316431641578674
0.07014028056112225,0.0,0.0,0.5,289,1785417116.7914932,0.0,0.03723844885826111,-0.0460657961666584,0.22756272554397583,1,60.17858123779297,5,6983,0,0,0,0,0.001883592107333243,0,0,0,0.001883592107333243,0.0,0,0,0,2147483661,0,1,0,0,0,0,0,0,0,0,0,0,0,0,5,0,0,0,0,0,0,0,0,255,255,0.0,0.0,0.0,0.0,0.0,0.0,0.0,0.0,0.0,0.0,0.0,0.0,0.0,0.0,straight_run,3.420527935028076,-0.0012913999380543828,0.00536827277392149,0.03853515535593033,-0.047206949442625046,84.58793640136719,0.13316431641578674
0.07154308617234469,0.0,0.0,0.5,289,1785417116.816519,0.0,0.039422184228897095,-0.045396044850349426,0.22450056672096252,1,58.75165939331055,5,11315,0,0,0,0,0.001883592107333243,0,0,0,0.001883592107333243,0.0,0,0,0,2147483661,0,1,0,0,0,0,0,0,0,0,0,0,0,0,5,0,0,0,0,0,0,0,0,255,255,0.0,0.0,0.0,0.0,0.0,0.0,0.0,0.0,0.0,0.0,0.0,0.0,0.0,0.0,straight_run,3.420527935028076,0.0019012404372915626,0.0041920035146176815,0.03989056870341301,-0.04753994569182396,79.93416595458984,0.12585435807704926
0.07294589178356713,0.0,0.0,0.5,289,1785417116.840398,0.0,0.039422184228897095,-0.045396044850349426,0.22450056672096252,1,58.75165939331055,5,11315,0,0,0,0,0.001883592107333243,0,0,0,0.001883592107333243,0.0,0,0,0,2147483661,0,1,0,0,0,0,0,0,0,0,0,0,0,0,5,0,0,0,0,0,0,0,0,255,255,0.0,0.0,0.0,0.0,0.0,0.0,0.0,0.0,0.0,0.0,0.0,0.0,0.0,0.0,straight_run,3.420527935028076,0.0019012404372915626,0.0041920035146176815,0.03989056870341301,-0.04753994569182396,79.93416595458984,0.12585435807704926
0.07434869739478957,0.0,0.0,0.5,289,1785417116.865479,0.0,0.036834731698036194,-0.045587074011564255,0.22229643166065216,1,55.77535629272461,5,9154,0,0,0,0,0.0012068586656823754,0,0,0,0.0012068586656823754,0.0,0,0,0,2147483662,0,1,0,0,0,0,0,0,0,0,0,0,0,0,6,0,0,0,0,0,0,0,0,255,255,0.0,0.0,0.0,0.0,0.0,0.0,0.0,0.0,0.0,0.0,0.0,0.0,0.0,0.0,straight_run,3.420527935028076,-0.01772219128906727,0.00434308685362339,0.03748778998851776,-0.04791099950671196,75.73474884033203,0.11966343969106674
0.07575150300601202,0.0,0.0,0.5,289,1785417116.8865652,0.0,0.036834731698036194,-0.045587074011564255,0.22229643166065216,1,55.77535629272461,5,9154,0,0,0,0,0.0012068586656823754,0,0,0,0.0012068586656823754,0.0,0,0,0,2147483662,0,1,0,0,0,0,0,0,0,0,0,0,0,0,6,0,0,0,0,0,0,0,0,255,255,0.0,0.0,0.0,0.0,0.0,0.0,0.0,0.0,0.0,0.0,0.0,0.0,0.0,0.0,straight_run,3.420527935028076,-0.01772219128906727,0.00434308685362339,0.03748778998851776,-0.04791099950671196,75.73474884033203,0.11966343969106674
0.07715430861723446,0.0,0.0,0.5,289,1785417116.906875,0.0,0.03560657426714897,-0.0449216291308403,0.22293147444725037,1,51.94725036621094,5,11111,0,0,0,0,0.0012068586656823754,0,0,0,0.0012068586656823754,0.0,0,0,0,2147483662,0,1,0,0,0,0,0,0,0,0,0,0,0,0,6,0,0,0,0,0,0,0,0,255,255,0.0,0.0,0.0,0.0,0.0,0.0,0.0,0.0,0.0,0.0,0.0,0.0,0.0,0.0,straight_run,3.420527935028076,-0.008253226988017559,0.006256279535591602,0.03832923248410225,-0.04770432412624359,71.75337982177734,0.1127239391207695
0.0785571142284569,0.0,0.0,0.5,289,1785417116.9316428,0.0,0.03560657426714897,-0.0449216291308403,0.22293147444725037,1,51.94725036621094,5,11111,0,0,0,0,0.0012068586656823754,0,0,0,0.0012068586656823754,0.0,0,0,0,2147483662,0,1,0,0,0,0,0,0,0,0,0,0,0,0,6,0,0,0,0,0,0,0,0,255,255,0.0,0.0,0.0,0.0,0.0,0.0,0.0,0.0,0.0,0.0,0.0,0.0,0.0,0.0,straight_run,3.420527935028076,-0.008253226988017559,0.006256279535591602,0.03832923248410225,-0.04770432412624359,71.75337982177734,0.1127239391207695
0.07995991983967936,0.0,0.0,0.5,289,1785417116.956633,0.0,0.03258785232901573,-0.044343557208776474,0.22286568582057953,1,50.19290542602539,5,11403,0,0,0,0,0.0007059595664031804,0,0,0,0.0007059595664031804,0.0,0,0,0,2147483662,0,1,0,0,0,0,0,0,0,0,0,0,0,0,6,0,0,0,0,0,0,0,0,255,255,0.0,0.0,0.0,0.0,0.0,0.0,0.0,0.0,0.0,0.0,0.0,0.0,0.0,0.0,straight_run,3.4258065223693848,-0.015066631138324738,0.010135353542864323,0.037363406270742416,-0.04740651324391365,67.92724609375,0.10821181535720825
0.0813627254509018,0.0,0.0,0.5,289,1785417116.9770172,0.0,0.03258785232901573,-0.044343557208776474,0.22286568582057953,1,50.19290542602539,5,11403,0,0,0,0,0.0007059595664031804,0,0,0,0.0007059595664031804,0.0,0,0,0,2147483663,0,1,0,0,0,0,0,0,0,0,0,0,0,0,7,0,0,0,0,0,0,0,0,255,255,0.0,0.0,0.0,0.0,0.0,0.0,0.0,0.0,0.0,0.0,0.0,0.0,0.0,0.0,straight_run,3.4258065223693848,-0.015066631138324738,0.010135353542864323,0.037363406270742416,-0.04740651324391365,67.92724609375,0.10821181535720825
0.08276553106212424,0.0,0.0,0.5,289,1785417117.0000992,0.0,0.03258785232901573,-0.044343557208776474,0.22286568582057953,1,50.19290542602539,5,11403,0,0,0,0,0.0007059595664031804,0,0,0,0.0007059595664031804,0.0,0,0,0,2147483663,0,1,0,0,0,0,0,0,0,0,0,0,0,0,7,0,0,0,0,0,0,0,0,255,255,0.0,0.0,0.0,0.0,0.0,0.0,0.0,0.0,0.0,0.0,0.0,0.0,0.0,0.0,straight_run,3.4258065223693848,-0.015066631138324738,0.010135353542864323,0.037363406270742416,-0.04740651324391365,67.92724609375,0.10821181535720825
0.08416833667334668,0.0,0.0,0.5,289,1785417117.020397,0.0,0.03146922588348389,-0.04369737207889557,0.2225191742181778,1,46.60169982910156,5,8661,0,0,0,0,0.0007059595664031804,0,0,0,0.0007059595664031804,0.0,0,0,0,2147483663,0,1,0,0,0,0,0,0,0,0,0,0,0,0,7,0,0,0,0,0,0,0,0,255,255,0.0,0.0,0.0,0.0,0.0,0.0,0.0,0.0,0.0,0.0,0.0,0.0,0.0,0.0,straight_run,3.4258065223693848,-0.02068297006189823,0.010094714350998402,0.036455702036619186,-0.04718242585659027,64.3216552734375,0.10496842116117477
0.08557114228456913,0.0,0.0,0.5,289,1785417117.045323,0.0,0.03146922588348389,-0.04369737207889557,0.2225191742181778,1,46.60169982910156,5,8661,0,0,0,0,0.0007059595664031804,0,0,0,0.0007059595664031804,0.0,0,0,0,2147483663,0,1,0,0,0,0,0,0,0,0,0,0,0,0,7,0,0,0,0,0,0,0,0,255,255,0.0,0.0,0.0,0.0,0.0,0.0,0.0,0.0,0.0,0.0,0.0,0.0,0.0,0.0,straight_run,3.4258065223693848,-0.02068297006189823,0.010094714350998402,0.036455702036619186,-0.04718242585659027,64.3216552734375,0.10496842116117477
0.08697394789579158,0.0,0.0,0.5,289,1785417117.0665421,0.0,0.03038768656551838,-0.041577376425266266,0.2250794917345047,1,44.329349517822266,5,11484,0,0,0,0,0.0003552438283804804,0,0,0,0.0003552438283804804,0.0,0,0,0,2147483664,0,1,0,0,0,0,0,0,0,0,0,0,0,0,8,0,0,0,0,0,0,0,0,255,255,0.0,0.0,0.0,0.0,0.0,0.0,0.0,0.0,0.0,0.0,0.0,0.0,0.0,0.0,straight_run,3.436363697052002,-0.021479004994034767,0.015538654290139675,0.03534954413771629,-0.04667218029499054,60.894371032714844,0.10411129891872406
0.08837675350701402,0.0,0.0,0.5,289,1785417117.090555,0.0,0.03038768656551838,-0.041577376425266266,0.2250794917345047,1,44.329349517822266,5,11484,0,0,0,0,0.0003552438283804804,0,0,0,0.0003552438283804804,0.0,0,0,0,2147483664,0,1,0,0,0,0,0,0,0,0,0,0,0,0,8,0,0,0,0,0,0,0,0,255,255,0.0,0.0,0.0,0.0,0.0,0.0,0.0,0.0,0.0,0.0,0.0,0.0,0.0,0.0,straight_run,3.436363697052002,-0.021479004994034767,0.015538654290139675,0.03534954413771629,-0.04667218029499054,60.894371032714844,0.10411129891872406
0.08977955911823646,0.0,0.0,0.5,289,1785417117.1143732,0.0,0.029263440519571304,-0.0417572483420372,0.23069427907466888,1,40.59613037109375,5,7009,0,0,0,0,0.0003552438283804804,0,0,0,0.0003552438283804804,0.0,0,0,0,2147483664,0,1,0,0,0,0,0,0,0,0,0,0,0,0,8,0,0,0,0,0,0,0,0,255,255,0.0,0.0,0.0,0.0,0.0,0.0,0.0,0.0,0.0,0.0,0.0,0.0,0.0,0.0,straight_run,3.436363697052002,-0.018351273611187935,0.011584671214222908,0.033294253051280975,-0.04573933780193329,57.62117385864258,0.10457221418619156
0.09118236472945891,0.0,0.0,0.5,289,1785417117.13578,0.0,0.029263440519571304,-0.0417572483420372,0.23069427907466888,1,40.59613037109375,5,7009,0,0,0,0,0.0003552438283804804,0,0,0,0.0003552438283804804,0.0,0,0,0,2147483664,0,1,0,0,0,0,0,0,0,0,0,0,0,0,8,0,0,0,0,0,0,0,0,255,255,0.0,0.0,0.0,0.0,0.0,0.0,0.0,0.0,0.0,0.0,0.0,0.0,0.0,0.0,straight_run,3.436363697052002,-0.018351273611187935,0.011584671214222908,0.033294253051280975,-0.04573933780193329,57.62117385864258,0.10457221418619156
0.09258517034068135,0.0,0.0,0.5,289,1785417117.1577952,0.0,0.028343088924884796,-0.04119765758514404,0.23431774973869324,1,38.10573959350586,5,11616,0,0,0,0,0.0003552438283804804,0,0,0,0.0003552438283804804,0.0,0,0,0,2147483664,0,1,0,0,0,0,0,0,0,0,0,0,0,0,8,0,0,0,0,0,0,0,0,255,255,0.0,0.0,0.0,0.0,0.0,0.0,0.0,0.0,0.0,0.0,0.0,0.0,0.0,0.0,straight_run,3.436363697052002,-0.01874794065952301,0.011883461847901344,0.03165719658136368,-0.044759586453437805,54.37105941772461,0.10665159672498703
0.0939879759519038,0.0,0.0,0.5,289,1785417117.178188,0.0,0.028343088924884796,-0.04119765758514404,0.23431774973869324,1,38.10573959350586,5,11616,0,0,0,0,0.0003552438283804804,0,0,0,0.0003552438283804804,0.0,0,0,0,2147483664,0,1,0,0,0,0,0,0,0,0,0,0,0,0,9,0,0,0,0,0,0,0,0,255,255,0.0,0.0,0.0,0.0,0.0,0.0,0.0,0.0,0.0,0.0,0.0,0.0,0.0,0.0,straight_run,3.436363697052002,-0.01874794065952301,0.011883461847901344,0.03165719658136368,-0.044759586453437805,54.37105941772461,0.10665159672498703
0.09539078156312625,0.0,0.0,0.5,289,1785417117.203254,0.0,0.028343088924884796,-0.04119765758514404,0.23431774973869324,1,38.10573959350586,5,11616,0,0,0,0,0.0003552438283804804,0,0,0,0.0003552438283804804,0.0,0,0,0,2147483664,0,1,0,0,0,0,0,0,0,0,0,0,0,0,9,0,0,0,0,0,0,0,0,255,255,0.0,0.0,0.0,0.0,0.0,0.0,0.0,0.0,0.0,0.0,0.0,0.0,0.0,0.0,straight_run,3.436363697052002,-0.01830155961215496,0.01302334014326334,0.029881995171308517,-0.044104065746068954,51.25038146972656,0.10914548486471176
0.09679358717434869,0.0,0.0,0.5,289,1785417117.225313,0.0,0.02600282058119774,-0.03996575251221657,0.24042001366615295,1,34.678253173828125,5,8363,0,0,0,0,0.0007198608946055174,0,0,0,0.0007198608946055174,0.0,0,0,0,2147483664,0,1,0,0,0,0,0,0,0,0,0,0,0,0,9,0,0,0,0,0,0,0,0,255,255,0.0,0.0,0.0,0.0,0.0,0.0,0.0,0.0,0.0,0.0,0.0,0.0,0.0,0.0,straight_run,3.436363697052002,-0.01830155961215496,0.01302334014326334,0.029881995171308517,-0.044104065746068954,51.25038146972656,0.10914548486471176
0.09819639278557114,0.0,0.0,0.5,289,1785417117.2477598,0.0,0.02600282058119774,-0.03996575251221657,0.24042001366615295,1,34.678253173828125,5,8363,0,0,0,0,0.0007198608946055174,0,0,0,0.0007198608946055174,0.0,0,0,0,2147483664,0,1,0,0,0,0,0,0,0,0,0,0,0,0,9,0,0,0,0,0,0,0,0,255,255,0.0,0.0,0.0,0.0,0.0,0.0,0.0,0.0,0.0,0.0,0.0,0.0,0.0,0.0,straight_run,3.436363697052002,-0.01830155961215496,0.01302334014326334,0.029881995171308517,-0.044104065746068954,51.25038146972656,0.10914548486471176
0.09959919839679358,0.0,0.0,0.5,289,1785417117.2712178,0.0,0.024782203137874603,-0.03859122842550278,0.24504715204238892,1,32.87162399291992,5,11433,0,0,0,0,0.0007198608946055174,0,0,0,0.0007198608946055174,0.0,0,0,0,2147483665,0,1,0,0,0,0,0,0,0,0,0,0,0,0,10,0,0,0,0,0,0,0,0,255,255,0.0,0.0,0.0,0.0,0.0,0.0,0.0,0.0,0.0,0.0,0.0,0.0,0.0,0.0,straight_run,3.436363697052002,-0.020951727405190468,0.019869603216648102,0.0287629421800375,-0.04354337602853775,48.18260192871094,0.11309240013360977
0.10100200400801602,0.0,0.0,0.5,289,1785417117.2936268,0.0,0.024782203137874603,-0.03859122842550278,0.24504715204238892,1,32.87162399291992,5,11433,0,0,0,0,0.0007198608946055174,0,0,0,0.0007198608946055174,0.0,0,0,0,2147483665,0,1,0,0,0,0,0,0,0,0,0,0,0,0,10,0,0,0,0,0,0,0,0,255,255,0.0,0.0,0.0,0.0,0.0,0.0,0.0,0.0,0.0,0.0,0.0,0.0,0.0,0.0,straight_run,3.436363697052002,-0.020951727405190468,0.019869603216648102,0.0287629421800375,-0.04354337602853775,48.18260192871094,0.11309240013360977
0.10240480961923848,0.0,0.0,0.5,289,1785417117.315788,0.0,0.024493947625160217,-0.03841377794742584,0.25149500370025635,1,30.402605056762695,5,8046,0,0,0,0,0.0010550465667620301,0,0,0,0.0010550465667620301,0.0,0,0,0,2147483665,0,1,0,0,0,0,0,0,0,0,0,0,0,0,10,0,0,0,0,0,0,0,0,255,255,0.0,0.0,0.0,0.0,0.0,0.0,0.0,0.0,0.0,0.0,0.0,0.0,0.0,0.0,straight_run,3.436363697052002,-0.009029805660247803,0.017015492543578148,0.02598988078534603,-0.042972613126039505,45.2392463684082,0.11732304841279984
0.10380761523046092,0.0,0.0,0.5,289,1785417117.340008,0.0,0.024493947625160217,-0.03841377794742584,0.25149500370025635,1,30.402605056762695,5,8046,0,0,0,0,0.0010550465667620301,0,0,0,0.0010550465667620301,0.0,0,0,0,2147483665,0,1,0,0,0,0,0,0,0,0,0,0,0,0,10,0,0,0,0,0,0,0,0,255,255,0.0,0.0,0.0,0.0,0.0,0.0,0.0,0.0,0.0,0.0,0.0,0.0,0.0,0.0,straight_run,3.436363697052002,-0.009029805660247803,0.017015492543578148,0.02598988078534603,-0.042972613126039505,45.2392463684082,0.11732304841279984
0.10521042084168337,0.0,0.0,0.5,289,1785417117.364712,0.0,0.022475935518741608,-0.03654134273529053,0.25723686814308167,1,28.70145034790039,5,11343,0,0,0,0,0.0010550465667620301,0,0,0,0.0010550465667620301,0.0,0,0,0,2147483666,0,1,0,0,0,0,0,0,0,0,0,0,0,0,11,0,0,0,0,0,0,0,0,255,255,0.0,0.0,0.0,0.0,0.0,0.0,0.0,0.0,0.0,0.0,0.0,0.0,0.0,0.0,straight_run,3.4416422843933105,-0.01713915914297104,0.01636957935988903,0.025298625230789185,-0.04122644290328026,42.39323043823242,0.12297627329826355
0.10661322645290582,0.0,0.0,0.5,289,1785417117.38593,0.0,0.022475935518741608,-0.03654134273529053,0.25723686814308167,1,28.70145034790039,5,11343,0,0,0,0,0.0010550465667620301,0,0,0,0.0010550465667620301,0.0,0,0,0,2147483666,0,1,0,0,0,0,0,0,0,0,0,0,0,0,11,0,0,0,0,0,0,0,0,255,255,0.0,0.0,0.0,0.0,0.0,0.0,0.0,0.0,0.0,0.0,0.0,0.0,0.0,0.0,straight_run,3.4416422843933105,-0.01713915914297104,0.01636957935988903,0.025298625230789185,-0.04122644290328026,42.39323043823242,0.12297627329826355
0.10801603206412824,0.0,0.0,0.5,289,1785417117.406742,0.0,0.02168521285057068,-0.03657229244709015,0.2610001266002655,1,26.19279670715332,5,8219,0,0,0,0,0.0013603824190795422,0,0,0,0.0013603824190795422,0.0,0,0,0,2147483666,0,1,0,0,0,0,0,0,0,0,0,0,0,0,11,0,0,0,0,0,0,0,0,255,255,0.0,0.0,0.0,0.0,0.0,0.0,0.0,0.0,0.0,0.0,0.0,0.0,0.0,0.0,straight_run,3.4416422843933105,-0.014928331598639488,0.014967940747737885,0.024087252095341682,-0.040374755859375,39.645057678222656,0.12543156743049622
0.10941883767535068,0.0,0.0,0.5,289,1785417117.431861,0.0,0.02168521285057068,-0.03657229244709015,0.2610001266002655,1,26.19279670715332,5,8219,0,0,0,0,0.0013603824190795422,0,0,0,0.0013603824190795422,0.0,0,0,0,2147483666,0,1,0,0,0,0,0,0,0,0,0,0,0,0,11,0,0,0,0,0,0,0,0,255,255,0.0,0.0,0.0,0.0,0.0,0.0,0.0,0.0,0.0,0.0,0.0,0.0,0.0,0.0,straight_run,3.4416422843933105,-0.014928331598639488,0.014967940747737885,0.024087252095341682,-0.040374755859375,39.645057678222656,0.12543156743049622
0.11082164328657314,0.0,0.0,0.5,289,1785417117.4532979,0.0,0.02168521285057068,-0.03657229244709015,0.2610001266002655,1,26.19279670715332,5,8219,0,0,0,0,0.0013603824190795422,0,0,0,0.0013603824190795422,0.0,0,0,0,2147483666,0,1,0,0,0,0,0,0,0,0,0,0,0,0,11,0,0,0,0,0,0,0,0,255,255,0.0,0.0,0.0,0.0,0.0,0.0,0.0,0.0,0.0,0.0,0.0,0.0,0.0,0.0,straight_run,3.436363697052002,-0.014845623634755611,0.021184151992201805,0.023619594052433968,-0.03966439887881279,37.02788162231445,0.1300833523273468
0.11222444889779558,0.0,0.0,0.5,289,1785417117.473611,0.0,0.021955622360110283,-0.03484874963760376,0.2650411128997803,1,25.695924758911133,5,8160,0,0,0,0,0.0013603824190795422,0,0,0,0.0013603824190795422,0.0,0,0,0,2147483667,0,1,0,0,0,0,0,0,0,0,0,0,0,0,11,0,0,0,0,0,0,0,0,255,255,0.0,0.0,0.0,0.0,0.0,0.0,0.0,0.0,0.0,0.0,0.0,0.0,0.0,0.0,straight_run,3.436363697052002,-0.014845623634755611,0.021184151992201805,0.023619594052433968,-0.03966439887881279,37.02788162231445,0.1300833523273468
0.11362725450901802,0.0,0.0,0.5,289,1785417117.4986591,0.0,0.021955622360110283,-0.03484874963760376,0.2650411128997803,1,25.695924758911133,5,8160,0,0,0,0,0.0013603824190795422,0,0,0,0.0013603824190795422,0.0,0,0,0,2147483667,0,1,0,0,0,0,0,0,0,0,0,0,0,0,11,0,0,0,0,0,0,0,0,255,255,0.0,0.0,0.0,0.0,0.0,0.0,0.0,0.0,0.0,0.0,0.0,0.0,0.0,0.0,straight_run,3.436363697052002,-0.014845623634755611,0.021184151992201805,0.023619594052433968,-0.03966439887881279,37.02788162231445,0.1300833523273468
0.11503006012024047,0.0,0.0,0.5,289,1785417117.5225449,0.0,0.020750388503074646,-0.034575916826725006,0.2761186957359314,1,23.386274337768555,5,10495,0,0,0,0,0.001542837475426495,0,0,0,0.001542837475426495,0.0,0,0,0,2147483667,0,1,0,0,0,0,0,0,0,0,0,0,0,0,11,0,0,0,0,0,0,0,0,255,255,0.0,0.0,0.0,0.0,0.0,0.0,0.0,0.0,0.0,0.0,0.0,0.0,0.0,0.0,straight_run,3.436363697052002,-0.011684579774737358,0.018209386616945267,0.022288406267762184,-0.03866248577833176,34.63943099975586,0.1371575891971588
0.11643286573146291,0.0,0.0,0.5,289,1785417117.547631,0.0,0.020750388503074646,-0.034575916826725006,0.2761186957359314,1,23.386274337768555,5,10495,0,0,0,0,0.001542837475426495,0,0,0,0.001542837475426495,0.0,0,0,0,2147483667,0,1,0,0,0,0,0,0,0,0,0,0,0,0,11,0,0,0,0,0,0,0,0,255,255,0.0,0.0,0.0,0.0,0.0,0.0,0.0,0.0,0.0,0.0,0.0,0.0,0.0,0.0,straight_run,3.436363697052002,-0.011684579774737358,0.018209386616945267,0.022288406267762184,-0.03866248577833176,34.63943099975586,0.1371575891971588
0.11783567134268537,0.0,0.0,0.5,289,1785417117.569771,0.0,0.020485540851950645,-0.03134302422404289,0.2813141345977783,1,22.414356231689453,5,6975,0,0,0,0,0.001542837475426495,0,0,0,0.001542837475426495,0.0,0,0,0,2147483668,0,1,0,0,0,0,0,0,0,0,0,0,0,0,12,0,0,0,0,0,0,0,0,255,255,0.0,0.0,0.0,0.0,0.0,0.0,0.0,0.0,0.0,0.0,0.0,0.0,0.0,0.0,straight_run,3.4416422843933105,-0.014289012178778648,0.030428174883127213,0.022494686767458916,-0.03755782172083855,32.37384033203125,0.1431252360343933
0.11923847695390781,0.0,0.0,0.5,289,1785417117.5936372,0.0,0.020485540851950645,-0.03134302422404289,0.2813141345977783,1,22.414356231689453,5,6975,0,0,0,0,0.001542837475426495,0,0,0,0.001542837475426495,0.0,0,0,0,2147483668,0,1,0,0,0,0,0,0,0,0,0,0,0,0,12,0,0,0,0,0,0,0,0,255,255,0.0,0.0,0.0,0.0,0.0,0.0,0.0,0.0,0.0,0.0,0.0,0.0,0.0,0.0,straight_run,3.4416422843933105,-0.014289012178778648,0.030428174883127213,0.022494686767458916,-0.03755782172083855,32.37384033203125,0.1431252360343933
0.12064128256513025,0.0,0.0,0.5,289,1785417117.616502,0.0,0.018513621762394905,-0.03084539622068405,0.29034876823425293,1,20.427688598632812,5,11412,0,0,0,0,0.001798771321773529,0,0,0,0.001798771321773529,0.0,0,0,0,2147483668,0,1,0,0,0,0,0,0,0,0,0,0,0,0,12,0,0,0,0,0,0,0,0,255,255,0.0,0.0,0.0,0.0,0.0,0.0,0.0,0.0,0.0,0.0,0.0,0.0,0.0,0.0,straight_run,3.4416422843933105,-0.019477479159832,0.023938938975334167,0.02103605680167675,-0.0357416570186615,30.271812438964844,0.149577796459198
0.1220440881763527,0.0,0.0,0.5,289,1785417117.638268,0.0,0.018513621762394905,-0.03084539622068405,0.29034876823425293,1,20.427688598632812,5,11412,0,0,0,0,0.001798771321773529,0,0,0,0.001798771321773529,0.0,0,0,0,2147483668,0,1,0,0,0,0,0,0,0,0,0,0,0,0,12,0,0,0,0,0,0,0,0,255,255,0.0,0.0,0.0,0.0,0.0,0.0,0.0,0.0,0.0,0.0,0.0,0.0,0.0,0.0,straight_run,3.4416422843933105,-0.019477479159832,0.023938938975334167,0.02103605680167675,-0.0357416570186615,30.271812438964844,0.149577796459198
0.12344689378757515,0.0,0.0,0.5,289,1785417117.658766,0.0,0.01995711401104927,-0.0310127604752779,0.29590147733688354,1,19.6169490814209,5,7022,0,0,0,0,0.001798771321773529,0,0,0,0.001798771321773529,0.0,0,0,0,2147483669,0,1,0,0,0,0,0,0,0,0,0,0,0,0,12,0,0,0,0,0,0,0,0,255,255,0.0,0.0,0.0,0.0,0.0,0.0,0.0,0.0,0.0,0.0,0.0,0.0,0.0,0.0,straight_run,3.4416422843933105,-0.005517860408872366,0.022935496643185616,0.020510034635663033,-0.0355241484940052,28.293657302856445,0.152404323220253
0.1248496993987976,0.0,0.0,0.5,289,1785417117.682239,0.0,0.01995711401104927,-0.0310127604752779,0.29590147733688354,1,19.6169490814209,5,7022,0,0,0,0,0.001798771321773529,0,0,0,0.001798771321773529,0.0,0,0,0,2147483669,0,1,0,0,0,0,0,0,0,0,0,0,0,0,13,0,0,0,0,0,0,0,0,255,255,0.0,0.0,0.0,0.0,0.0,0.0,0.0,0.0,0.0,0.0,0.0,0.0,0.0,0.0,straight_run,3.4416422843933105,-0.005517860408872366,0.022935496643185616,0.020510034635663033,-0.0355241484940052,28.293657302856445,0.152404323220253
0.12625250501002006,0.0,0.0,0.5,289,1785417117.705162,0.0,0.01995711401104927,-0.0310127604752779,0.29590147733688354,1,19.6169490814209,5,7022,0,0,0,0,0.0017169892089441419,0,0,0,0.0017169892089441419,0.0,0,0,0,2147483669,0,1,0,0,0,0,0,0,0,0,0,0,0,0,13,0,0,0,0,0,0,0,0,255,255,0.0,0.0,0.0,0.0,0.0,0.0,0.0,0.0,0.0,0.0,0.0,0.0,0.0,0.0,straight_run,3.4416422843933105,-0.007124337367713451,0.011586250737309456,0.019120454788208008,-0.03490511327981949,26.44583511352539,0.15629245340824127
0.12765531062124247,0.0,0.0,0.5,289,1785417117.726838,0.0,0.019066281616687775,-0.032486505806446075,0.2957725524902344,1,18.33854103088379,5,11323,0,0,0,0,0.0017169892089441419,0,0,0,0.0017169892089441419,0.0,0,0,0,2147483669,0,1,0,0,0,0,0,0,0,0,0,0,0,0,13,0,0,0,0,0,0,0,0,255,255,0.0,0.0,0.0,0.0,0.0,0.0,0.0,0.0,0.0,0.0,0.0,0.0,0.0,0.0,straight_run,3.4416422843933105,-0.007124337367713451,0.011586250737309456,0.019120454788208008,-0.03490511327981949,26.44583511352539,0.15629245340824127
0.1290581162324649,0.0,0.0,0.5,289,1785417117.751628,0.0,0.019066281616687775,-0.032486505806446075,0.2957725524902344,1,18.33854103088379,5,11323,0,0,0,0,0.0017169892089441419,0,0,0,0.0017169892089441419,0.0,0,0,0,2147483669,0,1,0,0,0,0,0,0,0,0,0,0,0,0,13,0,0,0,0,0,0,0,0,255,255,0.0,0.0,0.0,0.0,0.0,0.0,0.0,0.0,0.0,0.0,0.0,0.0,0.0,0.0,straight_run,3.436363697052002,0.0026310645043849945,0.013976451940834522,0.019646305590867996,-0.03461144492030144,24.656219482421875,0.16329634189605713
0.13046092184368735,0.0,0.0,0.5,289,1785417117.774855,0.0,0.02129228226840496,-0.031903598457574844,0.3018982708454132,1,18.128320693969727,5,6716,0,0,0,0,0.0017169892089441419,0,0,0,0.0017169892089441419,0.0,0,0,0,2147483670,0,1,0,0,0,0,0,0,0,0,0,0,0,0,14,0,0,0,0,0,0,0,0,255,255,0.0,0.0,0.0,0.0,0.0,0.0,0.0,0.0,0.0,0.0,0.0,0.0,0.0,0.0,straight_run,3.436363697052002,0.0026310645043849945,0.013976451940834522,0.019646305590867996,-0.03461144492030144,24.656219482421875,0.16329634189605713
0.13186372745490982,0.0,0.0,0.5,289,1785417117.7993321,0.0,0.02129228226840496,-0.031903598457574844,0.3018982708454132,1,18.128320693969727,5,6716,0,0,0,0,0.0017169892089441419,0,0,0,0.0017169892089441419,0.0,0,0,0,2147483670,0,1,0,0,0,0,0,0,0,0,0,0,0,0,14,0,0,0,0,0,0,0,0,255,255,0.0,0.0,0.0,0.0,0.0,0.0,0.0,0.0,0.0,0.0,0.0,0.0,0.0,0.0,straight_run,3.436363697052002,0.0026310645043849945,0.013976451940834522,0.019646305590867996,-0.03461144492030144,24.656219482421875,0.16329634189605713
0.13326653306613226,0.0,0.0,0.5,289,1785417117.823423,0.0,0.021396199241280556,-0.03157995641231537,0.3121207654476166,1,17.14226531982422,5,10533,0,0,0,0,0.001996006350964308,0,0,0,0.001996006350964308,0.0,0,0,0,2147483670,0,1,0,0,0,0,0,0,0,0,0,0,0,0,14,0,0,0,0,0,0,0,0,255,255,0.0,0.0,0.0,0.0,0.0,0.0,0.0,0.0,0.0,0.0,0.0,0.0,0.0,0.0,straight_run,3.436363697052002,0.004500930663198233,0.012080270797014236,0.019516266882419586,-0.034113552421331406,23.115703582763672,0.17037491500377655
0.1346693386773547,0.0,0.0,0.5,289,1785417117.848129,0.0,0.021396199241280556,-0.03157995641231537,0.3121207654476166,1,17.14226531982422,5,10533,0,0,0,0,0.001996006350964308,0,0,0,0.001996006350964308,0.0,0,0,0,2147483670,0,1,0,0,0,0,0,0,0,0,0,0,0,0,14,0,0,0,0,0,0,0,0,255,255,0.0,0.0,0.0,0.0,0.0,0.0,0.0,0.0,0.0,0.0,0.0,0.0,0.0,0.0,straight_run,3.436363697052002,0.004500930663198233,0.012080270797014236,0.019516266882419586,-0.034113552421331406,23.115703582763672,0.17037491500377655
0.13607214428857714,0.0,0.0,0.5,289,1785417117.870537,0.0,0.02059527300298214,-0.0320514515042305,0.3204783797264099,1,16.54845428466797,5,6989,0,0,0,0,0.001996006350964308,0,0,0,0.001996006350964308,0.0,0,0,0,2147483671,0,1,0,0,0,0,0,0,0,0,0,0,0,0,15,0,0,0,0,0,0,0,0,255,255,0.0,0.0,0.0,0.0,0.0,0.0,0.0,0.0,0.0,0.0,0.0,0.0,0.0,0.0,straight_run,3.4416422843933105,0.0024796845391392708,0.008697226643562317,0.019073525443673134,-0.03376815840601921,21.71412467956543,0.1797136515378952
0.13747494989979958,0.0,0.0,0.5,289,1785417117.895469,0.0,0.02059527300298214,-0.0320514515042305,0.3204783797264099,1,16.54845428466797,5,6989,0,0,0,0,0.001996006350964308,0,0,0,0.001996006350964308,0.0,0,0,0,2147483671,0,1,0,0,0,0,0,0,0,0,0,0,0,0,15,0,0,0,0,0,0,0,0,255,255,0.0,0.0,0.0,0.0,0.0,0.0,0.0,0.0,0.0,0.0,0.0,0.0,0.0,0.0,straight_run,3.4416422843933105,0.0024796845391392708,0.008697226643562317,0.019073525443673134,-0.03376815840601921,21.71412467956543,0.1797136515378952
0.13887775551102205,0.0,0.0,0.5,289,1785417117.919405,0.0,0.020323621109128,-0.030597912147641182,0.33288469910621643,1,15.723201751708984,5,11137,0,0,0,0,0.0025611657183617353,0,0,0,0.0025611657183617353,0.0,0,0,0,2147483671,0,1,0,0,0,0,0,0,0,0,0,0,0,0,15,0,0,0,0,0,0,0,0,255,255,0.0,0.0,0.0,0.0,0.0,0.0,0.0,0.0,0.0,0.0,0.0,0.0,0.0,0.0,straight_run,3.4416422843933105,0.0009067637147381902,0.01085912436246872,0.01884734071791172,-0.0328960120677948,20.48653793334961,0.19115349650382996
0.1402805611222445,0.0,0.0,0.5,289,1785417117.9406788,0.0,0.020323621109128,-0.030597912147641182,0.33288469910621643,1,15.723201751708984,5,11137,0,0,0,0,0.0025611657183617353,0,0,0,0.0025611657183617353,0.0,0,0,0,2147483671,0,1,0,0,0,0,0,0,0,0,0,0,0,0,15,0,0,0,0,0,0,0,0,255,255,0.0,0.0,0.0,0.0,0.0,0.0,0.0,0.0,0.0,0.0,0.0,0.0,0.0,0.0,straight_run,3.4416422843933105,0.0009067637147381902,0.01085912436246872,0.01884734071791172,-0.0328960120677948,20.48653793334961,0.19115349650382996
0.14168336673346693,0.0,0.0,0.5,289,1785417117.964991,0.0,0.021916447207331657,-0.031110983341932297,0.34060969948768616,1,15.42114543914795,5,7414,0,0,0,0,0.0025611657183617353,0,0,0,0.0025611657183617353,0.0,0,0,0,2147483672,0,1,0,0,0,0,0,0,0,0,0,0,0,0,16,0,0,0,0,0,0,0,0,255,255,0.0,0.0,0.0,0.0,0.0,0.0,0.0,0.0,0.0,0.0,0.0,0.0,0.0,0.0,straight_run,3.446920871734619,0.007012119982391596,0.007297751028090715,0.01935938186943531,-0.033096201717853546,19.33974838256836,0.202585369348526
0.14308617234468937,0.0,0.0,0.5,289,1785417117.986836,0.0,0.021916447207331657,-0.031110983341932297,0.34060969948768616,1,15.42114543914795,5,7414,0,0,0,0,0.0025611657183617353,0,0,0,0.0025611657183617353,0.0,0,0,0,2147483672,0,1,0,0,0,0,0,0,0,0,0,0,0,0,16,0,0,0,0,0,0,0,0,255,255,0.0,0.0,0.0,0.0,0.0,0.0,0.0,0.0,0.0,0.0,0.0,0.0,0.0,0.0,straight_run,3.446920871734619,0.007012119982391596,0.007297751028090715,0.01935938186943531,-0.033096201717853546,19.33974838256836,0.202585369348526
0.1444889779559118,0.0,0.0,0.5,289,1785417118.008072,0.0,0.02199839986860752,-0.031000971794128418,0.3532536029815674,1,14.86878490447998,5,10590,0,0,0,0,0.003016168950125575,0,0,0,0.003016168950125575,0.0,0,0,0,2147483672,0,1,0,0,0,0,0,0,0,0,0,0,0,0,16,0,0,0,0,0,0,0,0,255,255,0.0,0.0,0.0,0.0,0.0,0.0,0.0,0.0,0.0,0.0,0.0,0.0,0.0,0.0,straight_run,3.446920871734619,0.006585346534848213,0.007391952909529209,0.019156698137521744,-0.03247271850705147,18.31632423400879,0.2147454023361206
0.14589178356713425,0.0,0.0,0.5,289,1785417118.0283709,0.0,0.02199839986860752,-0.031000971794128418,0.3532536029815674,1,14.86878490447998,5,10590,0,0,0,0,0.003016168950125575,0,0,0,0.003016168950125575,0.0,0,0,0,2147483672,0,1,0,0,0,0,0,0,0,0,0,0,0,0,16,0,0,0,0,0,0,0,0,255,255,0.0,0.0,0.0,0.0,0.0,0.0,0.0,0.0,0.0,0.0,0.0,0.0,0.0,0.0,straight_run,3.446920871734619,0.006585346534848213,0.007391952909529209,0.019156698137521744,-0.03247271850705147,18.31632423400879,0.2147454023361206
0.1472945891783567,0.0,0.0,0.5,289,1785417118.048872,0.0,0.02199839986860752,-0.031000971794128418,0.3532536029815674,1,14.86878490447998,5,10590,0,0,0,0,0.003016168950125575,0,0,0,0.003016168950125575,0.0,0,0,0,2147483672,0,1,0,0,0,0,0,0,0,0,0,0,0,0,16,0,0,0,0,0,0,0,0,255,255,0.0,0.0,0.0,0.0,0.0,0.0,0.0,0.0,0.0,0.0,0.0,0.0,0.0,0.0,straight_run,3.446920871734619,0.006585346534848213,0.007391952909529209,0.019156698137521744,-0.03247271850705147,18.31632423400879,0.2147454023361206
0.14869739478957913,0.0,0.0,0.5,289,1785417118.073359,0.0,0.02346816472709179,-0.02941225841641426,0.3628629744052887,1,14.269400596618652,5,10943,0,0,0,0,0.003016168950125575,0,0,0,0.003016168950125575,0.0,0,0,0,2147483673,0,1,0,0,0,0,0,0,0,0,0,0,0,0,17,0,0,0,0,0,0,0,0,255,255,0.0,0.0,0.0,0.0,0.0,0.0,0.0,0.0,0.0,0.0,0.0,0.0,0.0,0.0,straight_run,3.4521994590759277,0.012527238577604294,0.004062235355377197,0.019979169592261314,-0.032808996737003326,17.415260314941406,0.22911475598812103
0.15010020040080158,0.0,0.0,0.5,289,1785417118.096692,0.0,0.02346816472709179,-0.02941225841641426,0.3628629744052887,1,14.269400596618652,5,10943,0,0,0,0,0.003016168950125575,0,0,0,0.003016168950125575,0.0,0,0,0,2147483673,0,1,0,0,0,0,0,0,0,0,0,0,0,0,17,0,0,0,0,0,0,0,0,255,255,0.0,0.0,0.0,0.0,0.0,0.0,0.0,0.0,0.0,0.0,0.0,0.0,0.0,0.0,straight_run,3.4521994590759277,0.012527238577604294,0.004062235355377197,0.019979169592261314,-0.032808996737003326,17.415260314941406,0.22911475598812103
0.15150300601202404,0.0,0.0,0.5,289,1785417118.1199071,0.0,0.025123197585344315,-0.031685322523117065,0.37243854999542236,1,14.26395034790039,5,7562,0,0,0,0,0.003231205977499485,0,0,0,0.003231205977499485,0.0,0,0,0,2147483673,0,1,0,0,0,0,0,0,0,0,0,0,0,0,17,0,0,0,0,0,0,0,0,255,255,0.0,0.0,0.0,0.0,0.0,0.0,0.0,0.0,0.0,0.0,0.0,0.0,0.0,0.0,straight_run,3.4521994590759277,0.01548873819410801,0.0035237730480730534,0.02061934769153595,-0.03256390616297722,16.594205856323242,0.24163953959941864
0.15290581162324648,0.0,0.0,0.5,289,1785417118.140974,0.0,0.025123197585344315,-0.031685322523117065,0.37243854999542236,1,14.26395034790039,5,7562,0,0,0,0,0.003231205977499485,0,0,0,0.003231205977499485,0.0,0,0,0,2147483673,0,1,0,0,0,0,0,0,0,0,0,0,0,0,17,0,0,0,0,0,0,0,0,255,255,0.0,0.0,0.0,0.0,0.0,0.0,0.0,0.0,0.0,0.0,0.0,0.0,0.0,0.0,straight_run,3.4521994590759277,0.01548873819410801,0.0035237730480730534,0.02061934769153595,-0.03256390616297722,16.594205856323242,0.24163953959941864
0.15430861723446893,0.0,0.0,0.5,289,1785417118.163274,0.0,0.029010752215981483,-0.035951029509305954,0.37656480073928833,1,15.166133880615234,5,11304,0,0,0,0,0.003231205977499485,0,0,0,0.003231205977499485,0.0,0,0,0,2147483674,0,1,0,0,0,0,0,0,0,0,0,0,0,0,18,0,0,0,0,0,0,0,0,255,255,0.0,0.0,0.0,0.0,0.0,0.0,0.0,0.0,0.0,0.0,0.0,0.0,0.0,0.0,straight_run,3.4521994590759277,0.04034341871738434,-0.0038582764100283384,0.0262867771089077,-0.03509211912751198,15.800409317016602,0.25208500027656555
0.15571142284569137,0.0,0.0,0.5,289,1785417118.1834261,0.0,0.029010752215981483,-0.035951029509305954,0.37656480073928833,1,15.166133880615234,5,11304,0,0,0,0,0.003231205977499485,0,0,0,0.003231205977499485,0.0,0,0,0,2147483674,0,1,0,0,0,0,0,0,0,0,0,0,0,0,18,0,0,0,0,0,0,0,0,255,255,0.0,0.0,0.0,0.0,0.0,0.0,0.0,0.0,0.0,0.0,0.0,0.0,0.0,0.0,straight_run,3.4521994590759277,0.04034341871738434,-0.0038582764100283384,0.0262867771089077,-0.03509211912751198,15.800409317016602,0.25208500027656555
0.1571142284569138,0.0,0.0,0.5,289,1785417118.2076428,0.0,0.04349983111023903,-0.0333314910531044,0.3848276138305664,1,15.471732139587402,5,7703,0,0,0,0,0.003046473255380988,0,0,0,0.003046473255380988,0.0,0,0,0,2147483674,0,1,0,0,0,0,0,0,0,0,0,0,0,0,18,0,0,0,0,0,0,0,0,255,255,0.0,0.0,0.0,0.0,0.0,0.0,0.0,0.0,0.0,0.0,0.0,0.0,0.0,0.0,straight_run,3.4521994590759277,0.058038271963596344,0.004469361621886492,0.03251590579748154,-0.03387363255023956,15.26208209991455,0.26326772570610046
0.15851703406813628,0.0,0.0,0.5,289,1785417118.2327008,0.0,0.04349983111023903,-0.0333314910531044,0.3848276138305664,1,15.471732139587402,5,7703,0,0,0,0,0.003046473255380988,0,0,0,0.003046473255380988,0.0,0,0,0,2147483674,0,1,0,0,0,0,0,0,0,0,0,0,0,0,18,0,0,0,0,0,0,0,0,255,255,0.0,0.0,0.0,0.0,0.0,0.0,0.0,0.0,0.0,0.0,0.0,0.0,0.0,0.0,straight_run,3.4521994590759277,0.058038271963596344,0.004469361621886492,0.03251590579748154,-0.03387363255023956,15.26208209991455,0.26326772570610046
0.15991983967935872,0.0,0.0,0.5,289,1785417118.255275,0.0,0.04349983111023903,-0.0333314910531044,0.3848276138305664,1,15.471732139587402,5,7703,0,0,0,0,0.003046473255380988,0,0,0,0.003046473255380988,0.0,0,0,0,2147483674,0,1,0,0,0,0,0,0,0,0,0,0,0,0,18,0,0,0,0,0,0,0,0,255,255,0.0,0.0,0.0,0.0,0.0,0.0,0.0,0.0,0.0,0.0,0.0,0.0,0.0,0.0,straight_run,3.446920871734619,0.07330488413572311,0.010554785840213299,0.039510443806648254,-0.03280339017510414,14.91142749786377,0.2738862931728363
0.16132264529058116,0.0,0.0,0.5,289,1785417118.277536,0.0,0.04907626658678055,-0.03138138726353645,0.3905484080314636,1,15.399650573730469,5,11417,0,0,0,0,0.003046473255380988,0,0,0,0.003046473255380988,0.0,0,0,0,2147483675,0,1,0,0,0,0,0,0,0,0,0,0,0,0,19,0,0,0,0,0,0,0,0,255,255,0.0,0.0,0.0,0.0,0.0,0.0,0.0,0.0,0.0,0.0,0.0,0.0,0.0,0.0,straight_run,3.446920871734619,0.07330488413572311,0.010554785840213299,0.039510443806648254,-0.03280339017510414,14.91142749786377,0.2738862931728363
0.1627254509018036,0.0,0.0,0.5,289,1785417118.3001778,0.0,0.04907626658678055,-0.03138138726353645,0.3905484080314636,1,15.399650573730469,5,11417,0,0,0,0,0.003046473255380988,0,0,0,0.003046473255380988,0.0,0,0,0,2147483675,0,1,0,0,0,0,0,0,0,0,0,0,0,0,19,0,0,0,0,0,0,0,0,255,255,0.0,0.0,0.0,0.0,0.0,0.0,0.0,0.0,0.0,0.0,0.0,0.0,0.0,0.0,straight_run,3.446920871734619,0.07330488413572311,0.010554785840213299,0.039510443806648254,-0.03280339017510414,14.91142749786377,0.2738862931728363
0.16412825651302604,0.0,0.0,0.5,289,1785417118.3226109,0.0,0.06075597554445267,-0.027611153200268745,0.3955887258052826,1,15.06240177154541,5,6825,0,0,0,0,0.0029413902666419744,0,0,0,0.0029413902666419744,0.0,0,0,0,2147483675,0,1,0,0,0,0,0,0,0,0,0,0,0,0,19,0,0,0,0,0,0,0,0,255,255,0.0,0.0,0.0,0.0,0.0,0.0,0.0,0.0,0.0,0.0,0.0,0.0,0.0,0.0,straight_run,3.446920871734619,0.08169560134410858,0.016567382961511612,0.04611058160662651,-0.031060924753546715,14.671355247497559,0.2820297181606293
0.16553106212424848,0.0,0.0,0.5,289,1785417118.3468301,0.0,0.06075597554445267,-0.027611153200268745,0.3955887258052826,1,15.06240177154541,5,6825,0,0,0,0,0.0029413902666419744,0,0,0,0.0029413902666419744,0.0,0,0,0,2147483675,0,1,0,0,0,0,0,0,0,0,0,0,0,0,19,0,0,0,0,0,0,0,0,255,255,0.0,0.0,0.0,0.0,0.0,0.0,0.0,0.0,0.0,0.0,0.0,0.0,0.0,0.0,straight_run,3.446920871734619,0.08169560134410858,0.016567382961511612,0.04611058160662651,-0.031060924753546715,14.671355247497559,0.2820297181606293
0.16693386773547092,0.0,0.0,0.5,289,1785417118.3670342,0.0,0.06961432844400406,-0.025046570226550102,0.40096575021743774,1,14.828736305236816,5,11172,0,0,0,0,0.0029413902666419744,0,0,0,0.0029413902666419744,0.0,0,0,0,2147483676,0,1,0,0,0,0,0,0,0,0,0,0,0,0,20,0,0,0,0,0,0,0,0,255,255,0.0,0.0,0.0,0.0,0.0,0.0,0.0,0.0,0.0,0.0,0.0,0.0,0.0,0.0,straight_run,3.4416422843933105,0.0905020460486412,0.024750562384724617,0.054289501160383224,-0.028279984369874,14.415550231933594,0.292964905500412
0.16833667334669336,0.0,0.0,0.5,289,1785417118.3900108,0.0,0.06961432844400406,-0.025046570226550102,0.40096575021743774,1,14.828736305236816,5,11172,0,0,0,0,0.0029413902666419744,0,0,0,0.0029413902666419744,0.0,0,0,0,2147483676,0,1,0,0,0,0,0,0,0,0,0,0,0,0,20,0,0,0,0,0,0,0,0,255,255,0.0,0.0,0.0,0.0,0.0,0.0,0.0,0.0,0.0,0.0,0.0,0.0,0.0,0.0,straight_run,3.4416422843933105,0.0905020460486412,0.024750562384724617,0.054289501160383224,-0.028279984369874,14.415550231933594,0.292964905500412
0.16973947895791583,0.0,0.0,0.5,289,1785417118.4150689,0.0,0.07620049268007278,-0.020432021468877792,0.4091721177101135,1,13.756656646728516,5,6947,0,0,0,0,0.0032120358664542437,0,0,0,0.0032120358664542437,0.0,0,0,0,2147483676,0,1,0,0,0,0,0,0,0,0,0,0,0,0,20,0,0,0,0,0,0,0,0,255,255,0.0,0.0,0.0,0.0,0.0,0.0,0.0,0.0,0.0,0.0,0.0,0.0,0.0,0.0,straight_run,3.4416422843933105,0.09144993126392365,0.02922944538295269,0.06124551221728325,-0.02580808848142624,14.13419246673584,0.3051742911338806
0.17114228456913827,0.0,0.0,0.5,289,1785417118.440137,0.0,0.07620049268007278,-0.020432021468877792,0.4091721177101135,1,13.756656646728516,5,6947,0,0,0,0,0.0032120358664542437,0,0,0,0.0032120358664542437,0.0,0,0,0,2147483676,0,1,0,0,0,0,0,0,0,0,0,0,0,0,20,0,0,0,0,0,0,0,0,255,255,0.0,0.0,0.0,0.0,0.0,0.0,0.0,0.0,0.0,0.0,0.0,0.0,0.0,0.0,straight_run,3.4416422843933105,0.09144993126392365,0.02922944538295269,0.06124551221728325,-0.02580808848142624,14.13419246673584,0.3051742911338806
0.1725450901803607,0.0,0.0,0.5,289,1785417118.460352,0.0,0.08253055810928345,-0.017499132081866264,0.4141142964363098,1,13.003349304199219,5,10942,0,0,0,0,0.0032120358664542437,0,0,0,0.0032120358664542437,0.0,0,0,0,2147483677,0,1,0,0,0,0,0,0,0,0,0,0,0,0,21,0,0,0,0,0,0,0,0,255,255,0.0,0.0,0.0,0.0,0.0,0.0,0.0,0.0,0.0,0.0,0.0,0.0,0.0,0.0,straight_run,3.4521994590759277,0.08885102719068527,0.03360731899738312,0.06798407435417175,-0.022877536714076996,13.783470153808594,0.3163979947566986
0.17394789579158315,0.0,0.0,0.5,289,1785417118.483496,0.0,0.08253055810928345,-0.017499132081866264,0.4141142964363098,1,13.003349304199219,5,10942,0,0,0,0,0.0032120358664542437,0,0,0,0.0032120358664542437,0.0,0,0,0,2147483677,0,1,0,0,0,0,0,0,0,0,0,0,0,0,21,0,0,0,0,0,0,0,0,255,255,0.0,0.0,0.0,0.0,0.0,0.0,0.0,0.0,0.0,0.0,0.0,0.0,0.0,0.0,straight_run,3.4521994590759277,0.08885102719068527,0.03360731899738312,0.06798407435417175,-0.022877536714076996,13.783470153808594,0.3163979947566986
0.1753507014028056,0.0,0.0,0.5,289,1785417118.5066628,0.0,0.08253055810928345,-0.017499132081866264,0.4141142964363098,1,13.003349304199219,5,10942,0,0,0,0,0.0032221332658082247,0,0,0,0.0032221332658082247,0.0,0,0,0,2147483677,0,1,0,0,0,0,0,0,0,0,0,0,0,0,21,0,0,0,0,0,0,0,0,255,255,0.0,0.0,0.0,0.0,0.0,0.0,0.0,0.0,0.0,0.0,0.0,0.0,0.0,0.0,straight_run,3.4521994590759277,0.0842570960521698,0.03696318715810776,0.07471337169408798,-0.019837284460663795,13.329654693603516,0.3284277617931366
0.17675350701402803,0.0,0.0,0.5,289,1785417118.527733,0.0,0.08772870898246765,-0.013017185963690281,0.42112964391708374,1,11.327376365661621,5,8074,0,0,0,0,0.0032221332658082247,0,0,0,0.0032221332658082247,0.0,0,0,0,2147483677,0,1,0,0,0,0,0,0,0,0,0,0,0,0,21,0,0,0,0,0,0,0,0,255,255,0.0,0.0,0.0,0.0,0.0,0.0,0.0,0.0,0.0,0.0,0.0,0.0,0.0,0.0,straight_run,3.4521994590759277,0.0842570960521698,0.03696318715810776,0.07471337169408798,-0.019837284460663795,13.329654693603516,0.3284277617931366
0.17815631262525047,0.0,0.0,0.5,289,1785417118.550865,0.0,0.08772870898246765,-0.013017185963690281,0.42112964391708374,1,11.327376365661621,5,8074,0,0,0,0,0.0032221332658082247,0,0,0,0.0032221332658082247,0.0,0,0,0,2147483677,0,1,0,0,0,0,0,0,0,0,0,0,0,0,21,0,0,0,0,0,0,0,0,255,255,0.0,0.0,0.0,0.0,0.0,0.0,0.0,0.0,0.0,0.0,0.0,0.0,0.0,0.0,straight_run,3.4521994590759277,0.0842570960521698,0.03696318715810776,0.07471337169408798,-0.019837284460663795,13.329654693603516,0.3284277617931366
0.17955911823647291,0.0,0.0,0.5,289,1785417118.573875,0.0,0.09329260140657425,-0.009246032685041428,0.4243808686733246,1,10.023027420043945,5,6890,0,0,0,0,0.0032221332658082247,0,0,0,0.0032221332658082247,0.0,0,0,0,2147483678,0,1,0,0,0,0,0,0,0,0,0,0,0,0,21,0,0,0,0,0,0,0,0,255,255,0.0,0.0,0.0,0.0,0.0,0.0,0.0,0.0,0.0,0.0,0.0,0.0,0.0,0.0,straight_run,3.4521994590759277,0.09073219448328018,0.048079051077365875,0.0857694074511528,-0.013868005946278572,12.696722030639648,0.33676034212112427
0.18096192384769536,0.0,0.0,0.5,289,1785417118.5951638,0.0,0.09329260140657425,-0.009246032685041428,0.4243808686733246,1,10.023027420043945,5,6890,0,0,0,0,0.0032221332658082247,0,0,0,0.0032221332658082247,0.0,0,0,0,2147483678,0,1,0,0,0,0,0,0,0,0,0,0,0,0,21,0,0,0,0,0,0,0,0,255,255,0.0,0.0,0.0,0.0,0.0,0.0,0.0,0.0,0.0,0.0,0.0,0.0,0.0,0.0,straight_run,3.4521994590759277,0.09073219448328018,0.048079051077365875,0.0857694074511528,-0.013868005946278572,12.696722030639648,0.33676034212112427
0.18236472945891782,0.0,0.0,0.5,289,1785417118.616396,0.0,0.10029234737157822,-0.0033916346728801727,0.42823290824890137,1,7.253224849700928,5,9960,0,0,0,0,0.0028672339394688606,0,0,0,0.0028672339394688606,0.0,0,0,0,2147483678,0,1,0,0,0,0,0,0,0,0,0,0,0,0,21,0,0,0,0,0,0,0,0,255,255,0.0,0.0,0.0,0.0,0.0,0.0,0.0,0.0,0.0,0.0,0.0,0.0,0.0,0.0,straight_run,3.4521994590759277,0.07727689296007156,0.04731453210115433,0.0897044986486435,-0.010921813547611237,11.85265827178955,0.3463837206363678
0.18376753507014026,0.0,0.0,0.5,289,1785417118.640513,0.0,0.10029234737157822,-0.0033916346728801727,0.42823290824890137,1,7.253224849700928,5,9960,0,0,0,0,0.0028672339394688606,0,0,0,0.0028672339394688606,0.0,0,0,0,2147483678,0,1,0,0,0,0,0,0,0,0,0,0,0,0,21,0,0,0,0,0,0,0,0,255,255,0.0,0.0,0.0,0.0,0.0,0.0,0.0,0.0,0.0,0.0,0.0,0.0,0.0,0.0,straight_run,3.4521994590759277,0.07727689296007156,0.04731453210115433,0.0897044986486435,-0.010921813547611237,11.85265827178955,0.3463837206363678
0.1851703406813627,0.0,0.0,0.5,289,1785417118.664336,0.0,0.09985968470573425,-0.0018648980185389519,0.43151363730430603,1,5.802112102508545,5,7340,0,0,0,0,0.0028672339394688606,0,0,0,0.0028672339394688606,0.0,0,0,0,2147483679,0,1,0,0,0,0,0,0,0,0,0,0,0,0,22,0,0,0,0,0,0,0,0,255,255,0.0,0.0,0.0,0.0,0.0,0.0,0.0,0.0,0.0,0.0,0.0,0.0,0.0,0.0,straight_run,3.446920871734619,0.050150562077760696,0.03496265411376953,0.0880618467926979,-0.011511276476085186,10.7525634765625,0.3569016456604004
0.18657314629258515,0.0,0.0,0.5,289,1785417118.6855738,0.0,0.09985968470573425,-0.0018648980185389519,0.43151363730430603,1,5.802112102508545,5,7340,0,0,0,0,0.0028672339394688606,0,0,0,0.0028672339394688606,0.0,0,0,0,2147483679,0,1,0,0,0,0,0,0,0,0,0,0,0,0,22,0,0,0,0,0,0,0,0,255,255,0.0,0.0,0.0,0.0,0.0,0.0,0.0,0.0,0.0,0.0,0.0,0.0,0.0,0.0,straight_run,3.446920871734619,0.050150562077760696,0.03496265411376953,0.0880618467926979,-0.011511276476085186,10.7525634765625,0.3569016456604004
0.1879759519038076,0.0,0.0,0.5,289,1785417118.709579,0.0,0.09386199712753296,-0.005082393065094948,0.43810275197029114,1,5.719295978546143,5,7018,0,0,0,0,0.0028672339394688606,0,0,0,0.0028672339394688606,0.0,0,0,0,2147483679,0,1,0,0,0,0,0,0,0,0,0,0,0,0,22,0,0,0,0,0,0,0,0,255,255,0.0,0.0,0.0,0.0,0.0,0.0,0.0,0.0,0.0,0.0,0.0,0.0,0.0,0.0,straight_run,3.446920871734619,0.03647224232554436,0.02587313950061798,0.09007728844881058,-0.011296715587377548,9.531418800354004,0.3675658404827118
0.18937875751503006,0.0,0.0,0.5,289,1785417118.734247,0.0,0.09386199712753296,-0.005082393065094948,0.43810275197029114,1,5.719295978546143,5,7018,0,0,0,0,0.0028672339394688606,0,0,0,0.0028672339394688606,0.0,0,0,0,2147483679,0,1,0,0,0,0,0,0,0,0,0,0,0,0,22,0,0,0,0,0,0,0,0,255,255,0.0,0.0,0.0,0.0,0.0,0.0,0.0,0.0,0.0,0.0,0.0,0.0,0.0,0.0,straight_run,3.446920871734619,0.03647224232554436,0.02587313950061798,0.09007728844881058,-0.011296715587377548,9.531418800354004,0.3675658404827118
0.1907815631262525,0.0,0.0,0.5,289,1785417118.757579,0.0,0.09295730292797089,-0.013108574785292149,0.44155505299568176,1,8.239131927490234,5,11346,0,0,0,0,0.0026671721134334803,0,0,0,0.0026671721134334803,0.0,0,0,0,2147483680,0,1,0,0,0,0,0,0,0,0,0,0,0,0,22,0,0,0,0,0,0,0,0,255,255,0.0,0.0,0.0,0.0,0.0,0.0,0.0,0.0,0.0,0.0,0.0,0.0,0.0,0.0,straight_run,3.4521994590759277,0.023020833730697632,0.009669685736298561,0.090532086789608,-0.014563598670065403,8.434115409851074,0.37698251008987427
0.19218436873747494,0.0,0.0,0.5,289,1785417118.782656,0.0,0.09295730292797089,-0.013108574785292149,0.44155505299568176,1,8.239131927490234,5,11346,0,0,0,0,0.0026671721134334803,0,0,0,0.0026671721134334803,0.0,0,0,0,2147483680,0,1,0,0,0,0,0,0,0,0,0,0,0,0,23,0,0,0,0,0,0,0,0,255,255,0.0,0.0,0.0,0.0,0.0,0.0,0.0,0.0,0.0,0.0,0.0,0.0,0.0,0.0,straight_run,3.4521994590759277,0.023020833730697632,0.009669685736298561,0.090532086789608,-0.014563598670065403,8.434115409851074,0.37698251008987427
0.19358717434869738,0.0,0.0,0.5,289,1785417118.8055701,0.0,0.09295730292797089,-0.013108574785292149,0.44155505299568176,1,8.239131927490234,5,11346,0,0,0,0,0.0026671721134334803,0,0,0,0.0026671721134334803,0.0,0,0,0,2147483680,0,1,0,0,0,0,0,0,0,0,0,0,0,0,23,0,0,0,0,0,0,0,0,255,255,0.0,0.0,0.0,0.0,0.0,0.0,0.0,0.0,0.0,0.0,0.0,0.0,0.0,0.0,straight_run,3.4521994590759277,0.014277184382081032,0.013653622008860111,0.091830775141716,-0.010580207221210003,7.7089128494262695,0.38674572110176086
0.19498997995991982,0.0,0.0,0.5,289,1785417118.825963,0.0,0.09220056980848312,-0.01097496971487999,0.4478859603404999,1,6.808980464935303,5,6988,0,0,0,0,0.0026671721134334803,0,0,0,0.0026671721134334803,0.0,0,0,0,2147483680,0,1,0,0,0,0,0,0,0,0,0,0,0,0,23,0,0,0,0,0,0,0,0,255,255,0.0,0.0,0.0,0.0,0.0,0.0,0.0,0.0,0.0,0.0,0.0,0.0,0.0,0.0,straight_run,3.4521994590759277,0.014277184382081032,0.013653622008860111,0.091830775141716,-0.010580207221210003,7.7089128494262695,0.38674572110176086
0.1963927855711423,0.0,0.0,0.5,289,1785417118.848918,0.0,0.09220056980848312,-0.01097496971487999,0.4478859603404999,1,6.808980464935303,5,6988,0,0,0,0,0.0026671721134334803,0,0,0,0.0026671721134334803,0.0,0,0,0,2147483680,0,1,0,0,0,0,0,0,0,0,0,0,0,0,23,0,0,0,0,0,0,0,0,255,255,0.0,0.0,0.0,0.0,0.0,0.0,0.0,0.0,0.0,0.0,0.0,0.0,0.0,0.0,straight_run,3.4521994590759277,0.014277184382081032,0.013653622008860111,0.091830775141716,-0.010580207221210003,7.7089128494262695,0.38674572110176086
0.19779559118236473,0.0,0.0,0.5,289,1785417118.872203,0.0,0.09387864172458649,-0.007906225509941578,0.45111700892448425,1,5.440988540649414,5,6776,0,0,0,0,0.0024116120766848326,0,0,0,0.0024116120766848326,0.0,0,0,0,2147483681,0,1,0,0,0,0,0,0,0,0,0,0,0,0,23,0,0,0,0,0,0,0,0,255,255,0.0,0.0,0.0,0.0,0.0,0.0,0.0,0.0,0.0,0.0,0.0,0.0,0.0,0.0,straight_run,3.4521994590759277,0.004570824094116688,0.007908592000603676,0.09112060070037842,-0.011041839607059956,7.042391777038574,0.3939149081707001
0.19919839679358717,0.0,0.0,0.5,289,1785417118.897263,0.0,0.09387864172458649,-0.007906225509941578,0.45111700892448425,1,5.440988540649414,5,6776,0,0,0,0,0.0024116120766848326,0,0,0,0.0024116120766848326,0.0,0,0,0,2147483681,0,1,0,0,0,0,0,0,0,0,0,0,0,0,23,0,0,0,0,0,0,0,0,255,255,0.0,0.0,0.0,0.0,0.0,0.0,0.0,0.0,0.0,0.0,0.0,0.0,0.0,0.0,straight_run,3.4521994590759277,0.004570824094116688,0.007908592000603676,0.09112060070037842,-0.011041839607059956,7.042391777038574,0.3939149081707001
0.2006012024048096,0.0,0.0,0.5,289,1785417118.919879,0.0,0.094120554625988,-0.01051990408450365,0.4542829990386963,1,5.871058940887451,5,10293,0,0,0,0,0.0024116120766848326,0,0,0,0.0024116120766848326,0.0,0,0,0,2147483681,0,1,0,0,0,0,0,0,0,0,0,0,0,0,23,0,0,0,0,0,0,0,0,255,255,0.0,0.0,0.0,0.0,0.0,0.0,0.0,0.0,0.0,0.0,0.0,0.0,0.0,0.0,straight_run,3.4521994590759277,0.006482193246483803,0.004934132564812899,0.09428735822439194,-0.010715650394558907,6.368093967437744,0.4031285345554352
0.20200400801603205,0.0,0.0,0.5,289,1785417118.9449651,0.0,0.094120554625988,-0.01051990408450365,0.4542829990386963,1,5.871058940887451,5,10293,0,0,0,0,0.0024116120766848326,0,0,0,0.0024116120766848326,0.0,0,0,0,2147483681,0,1,0,0,0,0,0,0,0,0,0,0,0,0,23,0,0,0,0,0,0,0,0,255,255,0.0,0.0,0.0,0.0,0.0,0.0,0.0,0.0,0.0,0.0,0.0,0.0,0.0,0.0,straight_run,3.4521994590759277,0.006482193246483803,0.004934132564812899,0.09428735822439194,-0.010715650394558907,6.368093967437744,0.4031285345554352
0.20340681362725452,0.0,0.0,0.5,289,1785417118.9686651,0.0,0.0963941216468811,-0.009723499417304993,0.4578566253185272,1,5.313472270965576,5,7092,0,0,0,0,0.0022093134466558695,0,0,0,0.0022093134466558695,0.0,0,0,0,2147483682,0,1,0,0,0,0,0,0,0,0,0,0,0,0,24,0,0,0,0,0,0,0,0,255,255,0.0,0.0,0.0,0.0,0.0,0.0,0.0,0.0,0.0,0.0,0.0,0.0,0.0,0.0,straight_run,3.4521994590759277,0.006567100528627634,0.005186718888580799,0.09600044786930084,-0.008937953040003777,5.7585601806640625,0.41220006346702576
0.20480961923847696,0.0,0.0,0.5,289,1785417118.989276,0.0,0.0963941216468811,-0.009723499417304993,0.4578566253185272,1,5.313472270965576,5,7092,0,0,0,0,0.0022093134466558695,0,0,0,0.0022093134466558695,0.0,0,0,0,2147483682,0,1,0,0,0,0,0,0,0,0,0,0,0,0,24,0,0,0,0,0,0,0,0,255,255,0.0,0.0,0.0,0.0,0.0,0.0,0.0,0.0,0.0,0.0,0.0,0.0,0.0,0.0,straight_run,3.4521994590759277,0.006567100528627634,0.005186718888580799,0.09600044786930084,-0.008937953040003777,5.7585601806640625,0.41220006346702576
0.2062124248496994,0.0,0.0,0.5,289,1785417119.0095282,0.0,0.0950828343629837,-0.009768139570951462,0.46236538887023926,1,4.889956951141357,5,10407,0,0,0,0,0.0022093134466558695,0,0,0,0.0022093134466558695,0.0,0,0,0,2147483682,0,1,0,0,0,0,0,0,0,0,0,0,0,0,24,0,0,0,0,0,0,0,0,255,255,0.0,0.0,0.0,0.0,0.0,0.0,0.0,0.0,0.0,0.0,0.0,0.0,0.0,0.0,straight_run,3.4521994590759277,0.0008675095159560442,-0.0005033038323745131,0.09485802799463272,-0.009998525492846966,5.118142127990723,0.41995298862457275
0.20761523046092184,0.0,0.0,0.5,289,1785417119.033032,0.0,0.0950828343629837,-0.009768139570951462,0.46236538887023926,1,4.889956951141357,5,10407,0,0,0,0,0.0022093134466558695,0,0,0,0.0022093134466558695,0.0,0,0,0,2147483682,0,1,0,0,0,0,0,0,0,0,0,0,0,0,24,0,0,0,0,0,0,0,0,255,255,0.0,0.0,0.0,0.0,0.0,0.0,0.0,0.0,0.0,0.0,0.0,0.0,0.0,0.0,straight_run,3.4521994590759277,0.0008675095159560442,-0.0005033038323745131,0.09485802799463272,-0.009998525492846966,5.118142127990723,0.41995298862457275
0.20901803607214428,0.0,0.0,0.5,289,1785417119.056747,0.0,0.0943370908498764,-0.013480981811881065,0.46482840180397034,1,5.943102836608887,5,10271,0,0,0,0,0.002059599384665489,0,0,0,0.002059599384665489,0.0,0,0,0,2147483682,0,1,0,0,0,0,0,0,0,0,0,0,0,0,24,0,0,0,0,0,0,0,0,255,255,0.0,0.0,0.0,0.0,0.0,0.0,0.0,0.0,0.0,0.0,0.0,0.0,0.0,0.0,straight_run,3.446920871734619,0.0004305601760279387,-0.008159405551850796,0.09565508365631104,-0.012425916269421577,4.74818754196167,0.42731067538261414
0.21042084168336675,0.0,0.0,0.5,289,1785417119.0806558,0.0,0.0943370908498764,-0.013480981811881065,0.46482840180397034,1,5.943102836608887,5,10271,0,0,0,0,0.002059599384665489,0,0,0,0.002059599384665489,0.0,0,0,0,2147483683,0,1,0,0,0,0,0,0,0,0,0,0,0,0,25,0,0,0,0,0,0,0,0,255,255,0.0,0.0,0.0,0.0,0.0,0.0,0.0,0.0,0.0,0.0,0.0,0.0,0.0,0.0,straight_run,3.446920871734619,0.0004305601760279387,-0.008159405551850796,0.09565508365631104,-0.012425916269421577,4.74818754196167,0.42731067538261414
0.2118236472945892,0.0,0.0,0.5,289,1785417119.105729,0.0,0.0943370908498764,-0.013480981811881065,0.46482840180397034,1,5.943102836608887,5,10271,0,0,0,0,0.002059599384665489,0,0,0,0.002059599384665489,0.0,0,0,0,2147483683,0,1,0,0,0,0,0,0,0,0,0,0,0,0,25,0,0,0,0,0,0,0,0,255,255,0.0,0.0,0.0,0.0,0.0,0.0,0.0,0.0,0.0,0.0,0.0,0.0,0.0,0.0,straight_run,3.446920871734619,0.002411176450550556,-0.013217856176197529,0.09698820859193802,-0.014100994914770126,4.54462194442749,0.43461543321609497
0.21322645290581163,0.0,0.0,0.5,289,1785417119.125928,0.0,0.09842419624328613,-0.016873076558113098,0.46864452958106995,1,7.020118713378906,5,7041,0,0,0,0,0.002059599384665489,0,0,0,0.002059599384665489,0.0,0,0,0,2147483683,0,1,0,0,0,0,0,0,0,0,0,0,0,0,25,0,0,0,0,0,0,0,0,255,255,0.0,0.0,0.0,0.0,0.0,0.0,0.0,0.0,0.0,0.0,0.0,0.0,0.0,0.0,straight_run,3.446920871734619,0.002411176450550556,-0.013217856176197529,0.09698820859193802,-0.014100994914770126,4.54462194442749,0.43461543321609497
0.21462925851703404,0.0,0.0,0.5,289,1785417119.146237,0.0,0.09842419624328613,-0.016873076558113098,0.46864452958106995,1,7.020118713378906,5,7041,0,0,0,0,0.002059599384665489,0,0,0,0.002059599384665489,0.0,0,0,0,2147483683,0,1,0,0,0,0,0,0,0,0,0,0,0,0,25,0,0,0,0,0,0,0,0,255,255,0.0,0.0,0.0,0.0,0.0,0.0,0.0,0.0,0.0,0.0,0.0,0.0,0.0,0.0,straight_run,3.446920871734619,0.002411176450550556,-0.013217856176197529,0.09698820859193802,-0.014100994914770126,4.54462194442749,0.43461543321609497
0.21603206412825648,0.0,0.0,0.5,289,1785417119.169881,0.0,0.10052604228258133,-0.01631409116089344,0.4716898202896118,1,6.821061611175537,5,11438,0,0,0,0,0.0019761468283832073,0,0,0,0.0019761468283832073,0.0,0,0,0,2147483684,0,1,0,0,0,0,0,0,0,0,0,0,0,0,26,0,0,0,0,0,0,0,0,255,255,0.0,0.0,0.0,0.0,0.0,0.0,0.0,0.0,0.0,0.0,0.0,0.0,0.0,0.0,straight_run,3.4521994590759277,0.003076154040172696,-0.00775608466938138,0.09736829251050949,-0.011033042334020138,4.459028720855713,0.4427042603492737
0.21743486973947893,0.0,0.0,0.5,289,1785417119.1925042,0.0,0.10052604228258133,-0.01631409116089344,0.4716898202896118,1,6.821061611175537,5,11438,0,0,0,0,0.0019761468283832073,0,0,0,0.0019761468283832073,0.0,0,0,0,2147483684,0,1,0,0,0,0,0,0,0,0,0,0,0,0,26,0,0,0,0,0,0,0,0,255,255,0.0,0.0,0.0,0.0,0.0,0.0,0.0,0.0,0.0,0.0,0.0,0.0,0.0,0.0,straight_run,3.4521994590759277,0.003076154040172696,-0.00775608466938138,0.09736829251050949,-0.011033042334020138,4.459028720855713,0.4427042603492737
0.21883767535070137,0.0,0.0,0.5,289,1785417119.213591,0.0,0.0999639630317688,-0.015354505740106106,0.4762338399887085,1,6.197916030883789,5,7926,0,0,0,0,0.0019761468283832073,0,0,0,0.0019761468283832073,0.0,0,0,0,2147483684,0,1,0,0,0,0,0,0,0,0,0,0,0,0,26,0,0,0,0,0,0,0,0,255,255,0.0,0.0,0.0,0.0,0.0,0.0,0.0,0.0,0.0,0.0,0.0,0.0,0.0,0.0,straight_run,3.4521994590759277,0.003962676506489515,-0.010105680674314499,0.09759512543678284,-0.01190442219376564,4.335066318511963,0.45238035917282104
0.2202404809619238,0.0,0.0,0.5,289,1785417119.236639,0.0,0.0999639630317688,-0.015354505740106106,0.4762338399887085,1,6.197916030883789,5,7926,0,0,0,0,0.0019761468283832073,0,0,0,0.0019761468283832073,0.0,0,0,0,2147483684,0,1,0,0,0,0,0,0,0,0,0,0,0,0,26,0,0,0,0,0,0,0,0,255,255,0.0,0.0,0.0,0.0,0.0,0.0,0.0,0.0,0.0,0.0,0.0,0.0,0.0,0.0,straight_run,3.4521994590759277,0.003962676506489515,-0.010105680674314499,0.09759512543678284,-0.01190442219376564,4.335066318511963,0.45238035917282104
0.22164328657314628,0.0,0.0,0.5,289,1785417119.261715,0.0,0.09918011724948883,-0.01620856672525406,0.47924038767814636,1,6.372300148010254,5,6443,0,0,0,0,0.0018858686089515686,0,0,0,0.0018858686089515686,0.0,0,0,0,2147483685,0,1,0,0,0,0,0,0,0,0,0,0,0,0,26,0,0,0,0,0,0,0,0,255,255,0.0,0.0,0.0,0.0,0.0,0.0,0.0,0.0,0.0,0.0,0.0,0.0,0.0,0.0,straight_run,3.4521994590759277,0.0036282995715737343,-0.013887887820601463,0.09743300080299377,-0.01383973378688097,4.1604790687561035,0.4599003791809082
0.22304609218436872,0.0,0.0,0.5,289,1785417119.2837398,0.0,0.09918011724948883,-0.01620856672525406,0.47924038767814636,1,6.372300148010254,5,6443,0,0,0,0,0.0018858686089515686,0,0,0,0.0018858686089515686,0.0,0,0,0,2147483685,0,1,0,0,0,0,0,0,0,0,0,0,0,0,26,0,0,0,0,0,0,0,0,255,255,0.0,0.0,0.0,0.0,0.0,0.0,0.0,0.0,0.0,0.0,0.0,0.0,0.0,0.0,straight_run,3.4521994590759277,0.0036282995715737343,-0.013887887820601463,0.09743300080299377,-0.01383973378688097,4.1604790687561035,0.4599003791809082
0.22444889779559116,0.0,0.0,0.5,289,1785417119.306735,0.0,0.0963842049241066,-0.0159827321767807,0.48245251178741455,1,6.114543914794922,5,10173,0,0,0,0,0.0018858686089515686,0,0,0,0.0018858686089515686,0.0,0,0,0,2147483685,0,1,0,0,0,0,0,0,0,0,0,0,0,0,26,0,0,0,0,0,0,0,0,255,255,0.0,0.0,0.0,0.0,0.0,0.0,0.0,0.0,0.0,0.0,0.0,0.0,0.0,0.0,straight_run,3.4521994590759277,0.005231181159615517,-0.012190280482172966,0.09838103502988815,-0.01337973028421402,4.104276180267334,0.46608150005340576
0.2258517034068136,0.0,0.0,0.5,289,1785417119.328008,0.0,0.0963842049241066,-0.0159827321767807,0.48245251178741455,1,6.114543914794922,5,10173,0,0,0,0,0.0018858686089515686,0,0,0,0.0018858686089515686,0.0,0,0,0,2147483685,0,1,0,0,0,0,0,0,0,0,0,0,0,0,26,0,0,0,0,0,0,0,0,255,255,0.0,0.0,0.0,0.0,0.0,0.0,0.0,0.0,0.0,0.0,0.0,0.0,0.0,0.0,straight_run,3.4521994590759277,0.005231181159615517,-0.012190280482172966,0.09838103502988815,-0.01337973028421402,4.104276180267334,0.46608150005340576
0.22725450901803604,0.0,0.0,0.5,289,1785417119.34832,0.0,0.0963842049241066,-0.0159827321767807,0.48245251178741455,1,6.114543914794922,5,10173,0,0,0,0,0.0018858686089515686,0,0,0,0.0018858686089515686,0.0,0,0,0,2147483685,0,1,0,0,0,0,0,0,0,0,0,0,0,0,26,0,0,0,0,0,0,0,0,255,255,0.0,0.0,0.0,0.0,0.0,0.0,0.0,0.0,0.0,0.0,0.0,0.0,0.0,0.0,straight_run,3.4521994590759277,0.005231181159615517,-0.012190280482172966,0.09838103502988815,-0.01337973028421402,4.104276180267334,0.46608150005340576
0.2286573146292585,0.0,0.0,0.5,289,1785417119.372333,0.0,0.1006888747215271,-0.015909206122159958,0.48450320959091187,1,6.2303972244262695,5,6625,0,0,0,0,0.0015166200464591384,0,0,0,0.0015166200464591384,0.0,0,0,0,2147483686,0,1,0,0,0,0,0,0,0,0,0,0,0,0,27,0,0,0,0,0,0,0,0,255,255,0.0,0.0,0.0,0.0,0.0,0.0,0.0,0.0,0.0,0.0,0.0,0.0,0.0,0.0,straight_run,3.4521994590759277,0.004786945413798094,-0.0037067432422190905,0.09835506975650787,-0.009379674680531025,4.038338661193848,0.47143158316612244
0.23006012024048095,0.0,0.0,0.5,289,1785417119.3926332,0.0,0.1006888747215271,-0.015909206122159958,0.48450320959091187,1,6.2303972244262695,5,6625,0,0,0,0,0.0015166200464591384,0,0,0,0.0015166200464591384,0.0,0,0,0,2147483686,0,1,0,0,0,0,0,0,0,0,0,0,0,0,27,0,0,0,0,0,0,0,0,255,255,0.0,0.0,0.0,0.0,0.0,0.0,0.0,0.0,0.0,0.0,0.0,0.0,0.0,0.0,straight_run,3.4521994590759277,0.004786945413798094,-0.0037067432422190905,0.09835506975650787,-0.009379674680531025,4.038338661193848,0.47143158316612244
0.2314629258517034,0.0,0.0,0.5,289,1785417119.417691,0.0,0.10045790672302246,-0.007104580756276846,0.4869428873062134,1,3.193699359893799,5,6985,0,0,0,0,0.0015166200464591384,0,0,0,0.0015166200464591384,0.0,0,0,0,2147483686,0,1,0,0,0,0,0,0,0,0,0,0,0,0,27,0,0,0,0,0,0,0,0,255,255,0.0,0.0,0.0,0.0,0.0,0.0,0.0,0.0,0.0,0.0,0.0,0.0,0.0,0.0,straight_run,3.4521994590759277,0.010912241414189339,0.0004632133641280234,0.10187268257141113,-0.007297023199498653,3.885420322418213,0.4770837724208832
0.23286573146292583,0.0,0.0,0.5,289,1785417119.440137,0.0,0.10045790672302246,-0.007104580756276846,0.4869428873062134,1,3.193699359893799,5,6985,0,0,0,0,0.0015166200464591384,0,0,0,0.0015166200464591384,0.0,0,0,0,2147483686,0,1,0,0,0,0,0,0,0,0,0,0,0,0,27,0,0,0,0,0,0,0,0,255,255,0.0,0.0,0.0,0.0,0.0,0.0,0.0,0.0,0.0,0.0,0.0,0.0,0.0,0.0,straight_run,3.4521994590759277,0.010912241414189339,0.0004632133641280234,0.10187268257141113,-0.007297023199498653,3.885420322418213,0.4770837724208832
0.23426853707414827,0.0,0.0,0.5,289,1785417119.463147,0.0,0.09852579236030579,-0.003906599245965481,0.48866766691207886,1,2.043224811553955,5,10885,0,0,0,0,0.0013696147361770272,0,0,0,0.0013696147361770272,0.0,0,0,0,2147483687,0,1,0,0,0,0,0,0,0,0,0,0,0,0,28,0,0,0,0,0,0,0,0,255,255,0.0,0.0,0.0,0.0,0.0,0.0,0.0,0.0,0.0,0.0,0.0,0.0,0.0,0.0,straight_run,3.446920871734619,0.005085221491754055,-0.0012896526604890823,0.09887264668941498,-0.008044075220823288,3.405466318130493,0.48222965002059937
0.23567134268537074,0.0,0.0,0.5,289,1785417119.484044,0.0,0.09852579236030579,-0.003906599245965481,0.48866766691207886,1,2.043224811553955,5,10885,0,0,0,0,0.0013696147361770272,0,0,0,0.0013696147361770272,0.0,0,0,0,2147483687,0,1,0,0,0,0,0,0,0,0,0,0,0,0,28,0,0,0,0,0,0,0,0,255,255,0.0,0.0,0.0,0.0,0.0,0.0,0.0,0.0,0.0,0.0,0.0,0.0,0.0,0.0,straight_run,3.446920871734619,0.005085221491754055,-0.0012896526604890823,0.09887264668941498,-0.008044075220823288,3.405466318130493,0.48222965002059937
0.23707414829659318,0.0,0.0,0.5,289,1785417119.508425,0.0,0.1012837141752243,-0.0068713100627064705,0.49182984232902527,1,2.8240928649902344,5,7871,0,0,0,0,0.0013696147361770272,0,0,0,0.0013696147361770272,0.0,0,0,0,2147483687,0,1,0,0,0,0,0,0,0,0,0,0,0,0,28,0,0,0,0,0,0,0,0,255,255,0.0,0.0,0.0,0.0,0.0,0.0,0.0,0.0,0.0,0.0,0.0,0.0,0.0,0.0,straight_run,3.446920871734619,-0.0004558765795081854,-0.014187859371304512,0.0961027592420578,-0.01486891508102417,2.838629722595215,0.48811593651771545
0.23847695390781562,0.0,0.0,0.5,289,1785417119.532369,0.0,0.1012837141752243,-0.0068713100627064705,0.49182984232902527,1,2.8240928649902344,5,7871,0,0,0,0,0.0013696147361770272,0,0,0,0.0013696147361770272,0.0,0,0,0,2147483687,0,1,0,0,0,0,0,0,0,0,0,0,0,0,28,0,0,0,0,0,0,0,0,255,255,0.0,0.0,0.0,0.0,0.0,0.0,0.0,0.0,0.0,0.0,0.0,0.0,0.0,0.0,straight_run,3.446920871734619,-0.0004558765795081854,-0.014187859371304512,0.0961027592420578,-0.01486891508102417,2.838629722595215,0.48811593651771545
0.23987975951903806,0.0,0.0,0.5,289,1785417119.557427,0.0,0.09565157443284988,-0.017094746232032776,0.4931924641132355,1,5.766226291656494,5,6905,0,0,0,0,1.0,0,0,0,1.0,0.0,0,0,0,2147483688,0,1,0,48,48,48,48,48,48,48,48,0,0,0,28,0,0,0,0,0,0,0,0,255,255,0.0,0.0,0.0,0.0,0.0,0.0,0.0,0.0,0.0,0.0,0.0,0.0,0.0,0.0,straight_run,3.446920871734619,-0.004310129676014185,-0.011618789285421371,0.09391828626394272,-0.013198393397033215,2.356166362762451,0.4935375154018402
0.2412825651302605,0.0,0.0,0.5,289,1785417119.5799181,0.0,0.09565157443284988,-0.017094746232032776,0.4931924641132355,1,5.766226291656494,5,6905,0,0,0,0,1.0,1,0,0,1.0,0.0,0,0,1,2147483688,0,1,0,48,48,48,48,48,48,48,48,0,0,0,28,16,255,16,1,255,1,1,255,1,2,76.64151000976562,69.33895874023438,0.0,0.0,0.0,0.0,0.0,0.0,0.0,0.0,0.0,0.0,0.0,0.0,straight_run,3.446920871734619,-0.004310129676014185,-0.011618789285421371,0.09391828626394272,-0.013198393397033215,2.356166362762451,0.4935375154018402
0.24268537074148297,0.0,0.0,0.5,289,1785417119.6016572,0.0,0.09565157443284988,-0.017094746232032776,0.4931924641132355,1,5.766226291656494,5,6905,0,0,0,0,1.0,1,0,0,1.0,0.0,0,0,1,2147483688,0,1,0,48,48,48,48,48,48,48,48,0,0,0,28,16,255,16,1,255,1,1,255,1,2,76.64151000976562,69.33895874023438,0.0,0.0,0.0,0.0,0.0,0.0,0.0,0.0,0.0,0.0,0.0,0.0,straight_run,3.446920871734619,3.066743738600053e-05,-0.01528054941445589,0.0959278792142868,-0.015508060343563557,2.202786684036255,0.49738165736198425
0.2440881763527054,0.0,0.0,0.5,289,1785417119.6233869,0.0,0.09717235714197159,-0.01660728082060814,0.49624472856521606,1,5.5407304763793945,5,11188,0,0,0,0,1.0,1,0,0,1.0,0.0,0,0,1,2147483688,0,1,0,48,48,48,48,48,48,48,48,0,0,0,28,16,255,16,1,255,1,1,255,1,2,76.64151000976562,69.33895874023438,0.0,0.0,0.0,0.0,0.0,0.0,0.0,0.0,0.0,0.0,0.0,0.0,straight_run,3.446920871734619,3.066743738600053e-05,-0.01528054941445589,0.0959278792142868,-0.015508060343563557,2.202786684036255,0.49738165736198425
0.24549098196392785,0.0,0.0,0.5,289,1785417119.647486,0.0,0.09717235714197159,-0.01660728082060814,0.49624472856521606,1,5.5407304763793945,5,11188,0,0,0,0,1.0,1,0,0,1.0,0.0,0,0,1,2147483688,0,1,0,48,48,48,48,48,48,48,48,0,0,0,28,16,255,16,1,255,1,1,255,1,2,76.64151000976562,69.33895874023438,0.0,0.0,0.0,0.0,0.0,0.0,0.0,0.0,0.0,0.0,0.0,0.0,straight_run,3.446920871734619,3.066743738600053e-05,-0.01528054941445589,0.0959278792142868,-0.015508060343563557,2.202786684036255,0.49738165736198425
0.2468937875751503,0.0,0.0,0.5,289,1785417119.6713889,0.0,0.0993313193321228,-0.018163038417696953,0.49703365564346313,1,5.982705593109131,5,7153,0,0,0,0,1.0,1,0,0,1.0,0.0,0,0,1,2147483688,0,1,0,48,48,48,48,48,48,48,48,0,0,0,29,16,255,16,1,255,1,1,255,1,2,76.64151000976562,69.33895874023438,0.0,0.0,0.0,0.0,0.0,0.0,0.0,0.0,0.0,0.0,0.0,0.0,straight_run,3.446920871734619,-0.0014166494365781546,-0.007575937546789646,0.09451986849308014,-0.011292100884020329,1.9668222665786743,0.500368595123291
0.24829659318637273,0.0,0.0,0.5,289,1785417119.69355,0.0,0.0993313193321228,-0.018163038417696953,0.49703365564346313,1,5.982705593109131,5,7153,0,0,0,0,1.0,1,0,0,1.0,0.0,0,0,1,2147483688,0,1,0,48,48,48,48,48,48,48,48,0,0,0,29,16,255,16,1,255,1,1,255,1,2,76.64151000976562,69.33895874023438,0.0,0.0,0.0,0.0,0.0,0.0,0.0,0.0,0.0,0.0,0.0,0.0,straight_run,3.446920871734619,-0.0014166494365781546,-0.007575937546789646,0.09451986849308014,-0.011292100884020329,1.9668222665786743,0.500368595123291
0.2496993987975952,0.0,0.0,0.5,289,1785417119.715731,0.0,0.10014588385820389,-0.009910110384225845,0.5245065093040466,1,3.643925666809082,5,13518,0,1,0,1,1.0,1,1,19,1.0,0.0,1,8,2,2147483688,-1,1,0,48,48,48,48,48,48,48,48,0,0,0,29,16,255,16,1,255,1,1,255,1,2,75.17037200927734,74.31971740722656,0.0,0.0,0.0,0.37926071882247925,-0.9252895712852478,-0.0007701825816184282,0.05081929266452789,48.0,0.0,44.0,-0.004675447940826416,-0.005861818790435791,straight_run,3.446920871734619,0.002002177992835641,-0.00396653963252902,0.09615879505872726,-0.00964087899774313,1.9193013906478882,0.5042780041694641
0.25110220440881764,0.0,0.0,0.5,289,1785417119.7397199,0.0,0.10014588385820389,-0.009910110384225845,0.5245065093040466,1,3.643925666809082,5,13518,0,1,0,1,1.0,1,1,19,1.0,0.0,1,8,2,2147483688,-1,1,0,48,48,48,48,48,48,48,48,0,0,0,29,16,255,16,1,255,1,1,255,1,2,75.17037200927734,74.31971740722656,0.0,0.0,0.0,0.37926071882247925,-0.9252895712852478,-0.0007701825816184282,0.05081929266452789,48.0,0.0,44.0,-0.004675447940826416,-0.005861818790435791,straight_run,3.446920871734619,0.002002177992835641,-0.00396653963252902,0.09615879505872726,-0.00964087899774313,1.9193013906478882,0.5042780041694641
0.2525050100200401,0.0,0.0,0.5,289,1785417119.760004,0.0,0.1005558967590332,-0.010508065111935139,0.5296055674552917,1,3.7530436515808105,5,13778,0,1,0,1,1.0,1,1,79,1.0,0.0,1,8,2,2147483689,-1,1,0,48,48,48,48,48,48,48,48,0,0,0,30,16,255,16,1,255,1,1,255,1,2,75.17037200927734,74.31971740722656,0.14472989737987518,0.006080736871808767,0.5012364983558655,0.37926071882247925,-0.9252895712852478,-0.0007701825816184282,0.05081929266452789,48.0,0.010771721601486206,44.0,-0.004675447940826416,-0.005861818790435791,straight_run,3.4258065223693848,0.0012343943817541003,-0.000555488164536655,0.0953243300318718,-0.007809731177985668,1.7422691583633423,0.508696436882019
0.25390781563126247,0.0,0.0,0.5,289,1785417119.7821739,0.0,0.1005558967590332,-0.010508065111935139,0.5296055674552917,1,3.7530436515808105,5,13778,0,1,0,1,1.0,1,1,79,1.0,0.0,1,8,2,2147483689,-1,1,0,48,48,48,48,48,48,48,48,0,0,0,30,16,255,16,1,255,1,1,255,1,2,75.17037200927734,74.31971740722656,0.14472989737987518,0.006080736871808767,0.5012364983558655,0.37926071882247925,-0.9252895712852478,-0.0007701825816184282,0.05081929266452789,48.0,0.010771721601486206,44.0,-0.004000280052423477,-0.005362950265407562,straight_run,3.4258065223693848,0.0012343943817541003,-0.000555488164536655,0.0953243300318718,-0.007809731177985668,1.7422691583633423,0.508696436882019
0.25531062124248494,0.0,0.0,0.5,289,1785417119.8069592,0.0,0.10077933967113495,-0.008203561417758465,0.5347615480422974,1,2.939476490020752,5,10324,0,1,0,1,1.0,1,1,119,1.0,0.0,1,8,2,2147483689,-1,1,0,48,48,48,48,48,48,48,48,0,0,0,30,16,255,16,1,255,1,1,255,1,2,75.17037200927734,74.31971740722656,0.14472989737987518,0.006080736871808767,0.5012364983558655,0.37926071882247925,-0.9252895712852478,-0.0007701825816184282,0.05081929266452789,48.0,0.010771721601486206,44.0,-0.004000280052423477,-0.005362950265407562,straight_run,3.4258065223693848,0.003978037741035223,-0.003618048969656229,0.09647156298160553,-0.009498399682343006,1.3511403799057007,0.5131266117095947
0.2567134268537074,0.0,0.0,0.5,289,1785417119.832015,0.0,0.10077933967113495,-0.008203561417758465,0.5347615480422974,1,2.939476490020752,5,10324,0,1,0,1,1.0,1,1,119,1.0,0.0,1,8,3,2147483689,-1,1,0,48,48,48,48,48,48,48,48,0,0,0,30,16,255,16,1,255,1,1,255,1,2,79.1787338256836,78.99159240722656,0.14472989737987518,0.006080736871808767,0.5012364983558655,0.37926071882247925,-0.9252895712852478,-0.0007701825816184282,0.05081929266452789,48.0,0.010771721601486206,44.0,-0.006059877574443817,-0.007181432098150253,straight_run,3.4258065223693848,0.003978037741035223,-0.003618048969656229,0.09647156298160553,-0.009498399682343006,1.3511403799057007,0.5131266117095947
0.2581162324649298,0.0,0.0,0.5,289,1785417119.853285,0.0,0.10077933967113495,-0.008203561417758465,0.5347615480422974,1,2.939476490020752,5,10324,0,1,0,1,1.0,1,1,119,1.0,0.0,1,8,3,2147483689,-1,1,0,48,48,48,48,48,48,48,48,0,0,0,30,16,255,16,1,255,1,1,255,1,2,79.1787338256836,78.99159240722656,0.14472989737987518,0.006080736871808767,0.5012364983558655,0.37926071882247925,-0.9252895712852478,-0.0007701825816184282,0.05081929266452789,48.0,0.010771721601486206,44.0,-0.006059877574443817,-0.007181432098150253,straight_run,3.4416422843933105,0.0021552606485784054,0.003855722025036812,0.09498131275177002,-0.004551980644464493,0.8742484450340271,0.5181093811988831
0.2595190380761523,0.0,0.0,0.5,289,1785417119.87676,0.0,0.09732574969530106,-0.005316054914146662,0.5392307639122009,1,2.0122554302215576,5,11136,0,1,0,1,1.0,1,1,180,1.0,0.0,1,8,3,2147483690,-1,1,0,48,48,48,48,48,48,48,48,0,0,0,30,16,255,16,1,255,1,1,255,1,2,79.1787338256836,78.99159240722656,0.14472989737987518,0.006080736871808767,0.5012364983558655,0.37926071882247925,-0.9252895712852478,-0.0007701825816184282,0.05081929266452789,48.0,0.015317247249186039,44.0,-0.009993571788072586,-0.01046774908900261,straight_run,3.4416422843933105,0.0021552606485784054,0.003855722025036812,0.09498131275177002,-0.004551980644464493,0.8742484450340271,0.5181093811988831
0.2609218436873747,0.0,0.0,0.5,289,1785417119.898622,0.0,0.09732574969530106,-0.005316054914146662,0.5392307639122009,1,2.0122554302215576,5,11136,0,1,0,1,1.0,1,1,180,1.0,0.0,1,8,3,2147483690,-1,1,0,48,48,48,48,48,48,48,48,0,0,0,30,16,255,16,1,255,1,1,255,1,2,79.1787338256836,78.99159240722656,0.14472989737987518,0.006080736871808767,0.5012364983558655,0.37926071882247925,-0.9252895712852478,-0.0007701825816184282,0.05081929266452789,48.0,0.015317247249186039,44.0,-0.009993571788072586,-0.01046774908900261,straight_run,3.4416422843933105,0.0021552606485784054,0.003855722025036812,0.09498131275177002,-0.004551980644464493,0.8742484450340271,0.5181093811988831
0.26232464929859717,0.0,0.0,0.5,289,1785417119.921516,0.0,0.10139983147382736,-0.009336184710264206,0.5441957712173462,1,3.0658929347991943,5,12539,0,1,0,1,1.0,1,1,219,1.0,0.0,1,8,4,2147483690,-1,1,0,48,48,48,48,48,48,48,48,0,0,0,30,16,255,16,1,255,1,1,255,1,2,79.66283416748047,84.35264587402344,0.14472989737987518,0.006080736871808767,0.5012364983558655,0.3584144115447998,-0.9335594773292542,-0.0024219071492552757,0.03697854280471802,48.0,0.015317247249186039,44.0,0.006091374903917313,0.004554908722639084,straight_run,3.4416422843933105,0.00528579019010067,0.00027287958073429763,0.09654471278190613,-0.006082757841795683,0.311286062002182,0.524385929107666
0.26372745490981964,0.0,0.0,0.5,289,1785417119.944612,0.0,0.10139983147382736,-0.009336184710264206,0.5441957712173462,1,3.0658929347991943,5,12539,0,1,0,1,1.0,1,1,219,1.0,0.0,1,8,4,2147483690,-1,1,0,48,48,48,48,48,48,48,48,0,0,0,30,16,255,16,1,255,1,1,255,1,2,79.66283416748047,84.35264587402344,0.14472989737987518,0.006080736871808767,0.5012364983558655,0.3584144115447998,-0.9335594773292542,-0.0024219071492552757,0.03697854280471802,48.0,0.015317247249186039,44.0,0.006091374903917313,0.004554908722639084,straight_run,3.4416422843933105,0.00528579019010067,0.00027287958073429763,0.09654471278190613,-0.006082757841795683,0.311286062002182,0.524385929107666
0.26513026052104205,0.0,0.0,0.5,289,1785417119.968609,0.0,0.09942357242107391,-0.012781109660863876,0.5487112998962402,1,3.942150115966797,5,10506,0,1,0,1,1.0,1,1,279,1.0,0.0,1,8,4,2147483691,-1,1,0,48,48,48,48,48,48,48,48,0,0,0,31,16,255,16,1,255,1,1,255,1,2,79.66283416748047,84.35264587402344,0.14066985249519348,0.015127275139093399,0.5141739845275879,0.3584144115447998,-0.9335594773292542,-0.0024219071492552757,0.03697854280471802,48.0,0.024978656321763992,44.0,0.00858406350016594,0.006609413772821426,straight_run,3.4416422843933105,-0.001049363985657692,-0.006882219575345516,0.0923239067196846,-0.010077818296849728,-0.16872060298919678,0.5313196182250977
0.2665330661322645,0.0,0.0,0.5,289,1785417119.9902852,0.0,0.09942357242107391,-0.012781109660863876,0.5487112998962402,1,3.942150115966797,5,10506,0,1,0,1,1.0,1,1,279,1.0,0.0,1,8,4,2147483691,-1,1,0,48,48,48,48,48,48,48,48,0,0,0,31,16,255,16,1,255,1,1,255,1,2,79.66283416748047,84.35264587402344,0.14066985249519348,0.015127275139093399,0.5141739845275879,0.3584144115447998,-0.9335594773292542,-0.0024219071492552757,0.03697854280471802,48.0,0.024978656321763992,44.0,0.00858406350016594,0.006609413772821426,straight_run,3.4416422843933105,-0.001049363985657692,-0.006882219575345516,0.0923239067196846,-0.010077818296849728,-0.16872060298919678,0.5313196182250977
0.26793587174348693,0.0,0.0,0.5,289,1785417120.013918,0.0,0.09814457595348358,-0.0026284228079020977,0.5568228363990784,1,1.1090651750564575,5,14217,0,1,0,1,1.0,1,1,319,1.0,0.0,1,8,5,2147483691,-1,1,0,48,48,48,48,48,48,48,48,0,0,0,31,16,255,16,1,255,1,1,255,1,2,77.07817840576172,91.05113220214844,0.14066985249519348,0.015127275139093399,0.5141739845275879,0.3584144115447998,-0.9335594773292542,-0.0024219071492552757,0.03697854280471802,48.0,0.024978656321763992,44.0,-0.0012028701603412628,-0.001442302018404007,straight_run,3.4416422843933105,6.943508196854964e-05,0.0034404031466692686,0.09279916435480118,-0.0034181431401520967,-0.3782637119293213,0.5395113825798035
0.2693386773547094,0.0,0.0,0.5,289,1785417120.035103,0.0,0.09814457595348358,-0.0026284228079020977,0.5568228363990784,1,1.1090651750564575,5,14217,0,1,0,1,1.0,1,1,319,1.0,0.0,1,8,5,2147483691,-1,1,0,48,48,48,48,48,48,48,48,0,0,0,31,16,255,16,1,255,1,1,255,1,2,77.07817840576172,91.05113220214844,0.14066985249519348,0.015127275139093399,0.5141739845275879,0.3584144115447998,-0.9335594773292542,-0.0024219071492552757,0.03697854280471802,48.0,0.024978656321763992,44.0,-0.0012028701603412628,-0.001442302018404007,straight_run,3.4416422843933105,6.943508196854964e-05,0.0034404031466692686,0.09279916435480118,-0.0034181431401520967,-0.3782637119293213,0.5395113825798035
0.27074148296593187,0.0,0.0,0.5,289,1785417120.057235,0.0,0.1079215407371521,-0.018207095563411713,0.560103178024292,1,5.4683027267456055,5,14632,0,1,0,1,1.0,1,1,379,1.0,0.0,1,8,5,2147483692,-1,1,0,48,48,48,48,48,48,48,48,0,0,0,31,16,255,16,1,255,1,1,255,1,2,77.07817840576172,91.05113220214844,0.14066985249519348,0.015127275139093399,0.5141739845275879,0.3584144115447998,-0.9335594773292542,-0.0024219071492552757,0.03697854280471802,48.0,0.024978656321763992,44.0,-0.0012028701603412628,-0.001442302018404007,straight_run,3.446920871734619,0.01859898306429386,-0.011529284529387951,0.10442790389060974,-0.012653911486268044,-0.7460405230522156,0.5463536381721497
0.2721442885771543,0.0,0.0,0.5,289,1785417120.080297,0.0,0.1079215407371521,-0.018207095563411713,0.560103178024292,1,5.4683027267456055,5,14632,0,1,0,1,1.0,1,1,379,1.0,0.0,1,8,5,2147483692,-1,1,0,48,48,48,48,48,48,48,48,0,0,0,32,16,255,16,1,255,1,1,255,1,2,77.07817840576172,91.05113220214844,0.14066985249519348,0.015127275139093399,0.5141739845275879,0.3584144115447998,-0.9335594773292542,-0.0024219071492552757,0.03697854280471802,48.0,0.0326838381588459,44.0,0.016539108008146286,0.013088937848806381,straight_run,3.446920871734619,0.01859898306429386,-0.011529284529387951,0.10442790389060974,-0.012653911486268044,-0.7460405230522156,0.5463536381721497
0.27354709418837675,0.0,0.0,0.5,289,1785417120.104458,0.0,0.1079215407371521,-0.018207095563411713,0.560103178024292,1,5.4683027267456055,5,14632,0,1,0,1,1.0,1,1,419,1.0,0.0,1,8,5,2147483692,-1,1,0,48,48,48,48,48,48,48,48,0,0,0,32,16,255,16,1,255,1,1,255,1,2,77.07817840576172,91.05113220214844,0.14066985249519348,0.015127275139093399,0.5141739845275879,0.3584144115447998,-0.9335594773292542,-0.0024219071492552757,0.03697854280471802,48.0,0.0326838381588459,44.0,0.016539108008146286,0.013088937848806381,straight_run,3.446920871734619,0.005498168058693409,0.0038260987494140863,0.09613995999097824,-0.002396953059360385,-0.8590139746665955,0.5534937381744385
0.27494989979959916,0.0,0.0,0.5,289,1785417120.129292,0.0,0.09718260914087296,-0.0018809965113177896,0.5678778290748596,1,0.8326507210731506,5,11754,0,1,0,1,1.0,1,1,419,1.0,0.0,1,8,6,2147483692,-1,1,0,48,48,48,48,48,48,48,48,0,0,0,32,16,255,16,1,255,1,1,255,1,2,74.79914093017578,99.28765869140625,0.14066985249519348,0.015127275139093399,0.5141739845275879,0.33339783549308777,-0.9427815675735474,-0.0029775244183838367,0.040883276611566544,48.0,0.0326838381588459,44.0,-0.008809413760900497,-0.0088542141020298,straight_run,3.446920871734619,0.005498168058693409,0.0038260987494140863,0.09613995999097824,-0.002396953059360385,-0.8590139746665955,0.5534937381744385
0.27635270541082163,0.0,0.0,0.5,289,1785417120.154161,0.0,0.09718260914087296,-0.0018809965113177896,0.5678778290748596,1,0.8326507210731506,5,11754,0,1,0,1,1.0,1,1,419,1.0,0.0,1,8,6,2147483692,-1,1,0,48,48,48,48,48,48,48,48,0,0,0,32,16,255,16,1,255,1,1,255,1,2,74.79914093017578,99.28765869140625,0.14552940428256989,0.008394279517233372,0.5354947447776794,0.33339783549308777,-0.9427815675735474,-0.0029775244183838367,0.040883276611566544,48.0,0.0326838381588459,44.0,-0.008809413760900497,-0.0088542141020298,straight_run,3.4416422843933105,0.006836272310465574,-0.0032054660841822624,0.09754776209592819,-0.006567180156707764,-1.0105984210968018,0.5593188405036926
0.2777555110220441,0.0,0.0,0.5,289,1785417120.17924,0.0,0.10147862881422043,-0.011999313719570637,0.5708726048469543,1,3.4677422046661377,5,13466,0,1,0,1,1.0,1,1,479,1.0,0.0,1,8,6,2147483693,-1,1,0,48,48,48,48,48,48,48,48,0,0,0,33,16,255,16,1,255,1,1,255,1,2,74.79914093017578,99.28765869140625,0.14552940428256989,0.008394279517233372,0.5354947447776794,0.33339783549308777,-0.9427815675735474,-0.0029775244183838367,0.040883276611566544,48.0,0.018396005034446716,44.0,0.001970931887626648,-7.741153240203857e-05,straight_run,3.4416422843933105,0.006836272310465574,-0.0032054660841822624,0.09754776209592819,-0.006567180156707764,-1.0105984210968018,0.5593188405036926
0.2791583166332665,0.0,0.0,0.5,289,1785417120.203063,0.0,0.10147862881422043,-0.011999313719570637,0.5708726048469543,1,3.4677422046661377,5,13466,0,1,0,1,1.0,1,1,479,1.0,0.0,1,8,6,2147483693,-1,1,0,48,48,48,48,48,48,48,48,0,0,0,33,16,255,16,1,255,1,1,255,1,2,74.79914093017578,99.28765869140625,0.14552940428256989,0.008394279517233372,0.5354947447776794,0.33339783549308777,-0.9427815675735474,-0.0029775244183838367,0.040883276611566544,48.0,0.018396005034446716,44.0,0.001970931887626648,-7.741153240203857e-05,straight_run,3.4416422843933105,0.006836272310465574,-0.0032054660841822624,0.09754776209592819,-0.006567180156707764,-1.0105984210968018,0.5593188405036926
0.280561122244489,0.0,0.0,0.5,289,1785417120.227075,0.0,0.10147862881422043,-0.011999313719570637,0.5708726048469543,1,3.4677422046661377,5,13466,0,1,0,1,1.0,1,1,479,1.0,0.0,1,8,6,2147483693,-1,1,0,48,48,48,48,48,48,48,48,0,0,0,33,16,255,16,1,255,1,1,255,1,2,74.79914093017578,99.28765869140625,0.14552940428256989,0.008394279517233372,0.5354947447776794,0.33339783549308777,-0.9427815675735474,-0.0029775244183838367,0.040883276611566544,48.0,0.018396005034446716,44.0,0.001970931887626648,-7.741153240203857e-05,straight_run,3.4416422843933105,0.006836272310465574,-0.0032054660841822624,0.09754776209592819,-0.006567180156707764,-1.0105984210968018,0.5593188405036926
0.2819639278557114,0.0,0.0,0.5,289,1785417120.249696,0.0,0.10147862881422043,-0.011999313719570637,0.5708726048469543,1,3.4677422046661377,5,13466,0,1,0,1,1.0,1,1,479,1.0,0.0,1,8,6,2147483693,-1,1,0,48,48,48,48,48,48,48,48,0,0,0,33,16,255,16,1,255,1,1,255,1,2,74.79914093017578,99.28765869140625,0.14552940428256989,0.008394279517233372,0.5354947447776794,0.33339783549308777,-0.9427815675735474,-0.0029775244183838367,0.040883276611566544,48.0,0.018396005034446716,44.0,0.001970931887626648,-7.741153240203857e-05,straight_run,3.4416422843933105,0.006836272310465574,-0.0032054660841822624,0.09754776209592819,-0.006567180156707764,-1.0105984210968018,0.5593188405036926
0.28336673346693386,0.0,0.0,0.5,289,1785417120.274003,0.0,0.10147862881422043,-0.011999313719570637,0.5708726048469543,1,3.4677422046661377,5,13466,0,1,0,1,1.0,1,1,479,1.0,0.0,1,8,6,2147483693,-1,1,0,48,48,48,48,48,48,48,48,0,0,0,33,16,255,16,1,255,1,1,255,1,2,74.79914093017578,99.28765869140625,0.14552940428256989,0.008394279517233372,0.5354947447776794,0.33339783549308777,-0.9427815675735474,-0.0029775244183838367,0.040883276611566544,48.0,0.018396005034446716,44.0,0.001970931887626648,-7.741153240203857e-05,straight_run,3.4416422843933105,0.006836272310465574,-0.0032054660841822624,0.09754776209592819,-0.006567180156707764,-1.0105984210968018,0.5593188405036926
0.28476953907815633,0.0,0.0,0.5,289,1785417120.294784,0.0,0.10147862881422043,-0.011999313719570637,0.5708726048469543,1,3.4677422046661377,5,13466,0,1,0,1,1.0,1,1,479,1.0,0.0,1,8,6,2147483693,-1,1,0,48,48,48,48,48,48,48,48,0,0,0,33,16,255,16,1,255,1,1,255,1,2,74.79914093017578,99.28765869140625,0.14552940428256989,0.008394279517233372,0.5354947447776794,0.33339783549308777,-0.9427815675735474,-0.0029775244183838367,0.040883276611566544,48.0,0.018396005034446716,44.0,0.001970931887626648,-7.741153240203857e-05,straight_run,3.4416422843933105,0.006836272310465574,-0.0032054660841822624,0.09754776209592819,-0.006567180156707764,-1.0105984210968018,0.5593188405036926
0.28617234468937874,0.0,0.0,0.5,289,1785417120.4621189,0.0,0.10147862881422043,-0.011999313719570637,0.5708726048469543,1,3.4677422046661377,5,13466,0,1,0,1,1.0,1,1,479,1.0,0.0,1,8,6,2147483693,-1,1,0,48,48,48,48,48,48,48,48,0,0,0,33,16,255,16,1,255,1,1,255,1,2,74.79914093017578,99.28765869140625,0.14552940428256989,0.008394279517233372,0.5354947447776794,0.33339783549308777,-0.9427815675735474,-0.0029775244183838367,0.040883276611566544,48.0,0.018396005034446716,44.0,0.001970931887626648,-7.741153240203857e-05,straight_run,3.4416422843933105,0.006836272310465574,-0.0032054660841822624,0.09754776209592819,-0.006567180156707764,-1.0105984210968018,0.5593188405036926
0.2875751503006012,0.0,0.0,0.5,289,1785417120.4837818,0.0,0.10147862881422043,-0.011999313719570637,0.5708726048469543,1,3.4677422046661377,5,13466,0,1,0,1,1.0,1,1,479,1.0,0.0,1,8,6,2147483693,-1,1,0,48,48,48,48,48,48,48,48,0,0,0,33,16,255,16,1,255,1,1,255,1,2,74.79914093017578,99.28765869140625,0.14552940428256989,0.008394279517233372,0.5354947447776794,0.33339783549308777,-0.9427815675735474,-0.0029775244183838367,0.040883276611566544,48.0,0.018396005034446716,44.0,0.001970931887626648,-7.741153240203857e-05,straight_run,3.4416422843933105,0.006836272310465574,-0.0032054660841822624,0.09754776209592819,-0.006567180156707764,-1.0105984210968018,0.5593188405036926
0.2889779559118236,0.0,0.0,0.5,289,1785417120.505795,0.0,0.10147862881422043,-0.011999313719570637,0.5708726048469543,1,3.4677422046661377,5,13466,0,1,0,1,1.0,1,1,479,1.0,0.0,1,8,6,2147483693,-1,1,0,48,48,48,48,48,48,48,48,0,0,0,33,16,255,16,1,255,1,1,255,1,2,74.79914093017578,99.28765869140625,0.14552940428256989,0.008394279517233372,0.5354947447776794,0.33339783549308777,-0.9427815675735474,-0.0029775244183838367,0.040883276611566544,48.0,0.018396005034446716,44.0,0.001970931887626648,-7.741153240203857e-05,straight_run,3.4416422843933105,0.006836272310465574,-0.0032054660841822624,0.09754776209592819,-0.006567180156707764,-1.0105984210968018,0.5593188405036926
0.2903807615230461,0.0,0.0,0.5,289,1785417120.5272052,0.0,0.10147862881422043,-0.011999313719570637,0.5708726048469543,1,3.4677422046661377,5,13466,0,1,0,1,1.0,1,1,479,1.0,0.0,1,8,6,2147483693,-1,1,0,48,48,48,48,48,48,48,48,0,0,0,33,16,255,16,1,255,1,1,255,1,2,74.79914093017578,99.28765869140625,0.14552940428256989,0.008394279517233372,0.5354947447776794,0.33339783549308777,-0.9427815675735474,-0.0029775244183838367,0.040883276611566544,48.0,0.018396005034446716,44.0,0.001970931887626648,-7.741153240203857e-05,straight_run,3.4416422843933105,0.006836272310465574,-0.0032054660841822624,0.09754776209592819,-0.006567180156707764,-1.0105984210968018,0.5593188405036926
0.2917835671342685,0.0,0.0,0.5,289,1785417120.551578,0.0,0.10147862881422043,-0.011999313719570637,0.5708726048469543,1,3.4677422046661377,5,13466,0,1,0,1,1.0,1,1,479,1.0,0.0,1,8,6,2147483693,-1,1,0,48,48,48,48,48,48,48,48,0,0,0,33,16,255,16,1,255,1,1,255,1,2,74.79914093017578,99.28765869140625,0.14552940428256989,0.008394279517233372,0.5354947447776794,0.33339783549308777,-0.9427815675735474,-0.0029775244183838367,0.040883276611566544,48.0,0.018396005034446716,44.0,0.001970931887626648,-7.741153240203857e-05,straight_run,3.4416422843933105,0.006836272310465574,-0.0032054660841822624,0.09754776209592819,-0.006567180156707764,-1.0105984210968018,0.5593188405036926
0.2931863727454909,0.0,0.0,0.5,289,1785417120.576687,0.0,0.10147862881422043,-0.011999313719570637,0.5708726048469543,1,3.4677422046661377,5,13466,0,1,0,1,1.0,1,1,479,1.0,0.0,1,8,6,2147483693,-1,1,0,48,48,48,48,48,48,48,48,0,0,0,33,16,255,16,1,255,1,1,255,1,2,74.79914093017578,99.28765869140625,0.14552940428256989,0.008394279517233372,0.5354947447776794,0.33339783549308777,-0.9427815675735474,-0.0029775244183838367,0.040883276611566544,48.0,0.018396005034446716,44.0,0.001970931887626648,-7.741153240203857e-05,straight_run,3.4416422843933105,0.006836272310465574,-0.0032054660841822624,0.09754776209592819,-0.006567180156707764,-1.0105984210968018,0.5593188405036926
0.2945891783567134,0.0,0.0,0.5,289,1785417120.6011279,0.0,0.10147862881422043,-0.011999313719570637,0.5708726048469543,1,3.4677422046661377,5,13466,0,1,0,1,1.0,1,1,479,1.0,0.0,1,8,6,2147483693,-1,1,0,48,48,48,48,48,48,48,48,0,0,0,33,16,255,16,1,255,1,1,255,1,2,74.79914093017578,99.28765869140625,0.14552940428256989,0.008394279517233372,0.5354947447776794,0.33339783549308777,-0.9427815675735474,-0.0029775244183838367,0.040883276611566544,48.0,0.018396005034446716,44.0,0.001970931887626648,-7.741153240203857e-05,straight_run,3.4416422843933105,0.006836272310465574,-0.0032054660841822624,0.09754776209592819,-0.006567180156707764,-1.0105984210968018,0.5593188405036926
0.29599198396793586,0.0,0.0,0.5,289,1785417120.621213,0.0,0.10147862881422043,-0.011999313719570637,0.5708726048469543,1,3.4677422046661377,5,13466,0,1,0,1,1.0,1,1,479,1.0,0.0,1,8,6,2147483693,-1,1,0,48,48,48,48,48,48,48,48,0,0,0,33,16,255,16,1,255,1,1,255,1,2,74.79914093017578,99.28765869140625,0.14552940428256989,0.008394279517233372,0.5354947447776794,0.33339783549308777,-0.9427815675735474,-0.0029775244183838367,0.040883276611566544,48.0,0.018396005034446716,44.0,0.001970931887626648,-7.741153240203857e-05,straight_run,3.4416422843933105,0.006836272310465574,-0.0032054660841822624,0.09754776209592819,-0.006567180156707764,-1.0105984210968018,0.5593188405036926
0.29739478957915827,0.0,0.0,0.5,289,1785417120.641505,0.0,0.10147862881422043,-0.011999313719570637,0.5708726048469543,1,3.4677422046661377,5,13466,0,1,0,1,1.0,1,1,479,1.0,0.0,1,8,6,2147483693,-1,1,0,48,48,48,48,48,48,48,48,0,0,0,33,16,255,16,1,255,1,1,255,1,2,74.79914093017578,99.28765869140625,0.14552940428256989,0.008394279517233372,0.5354947447776794,0.33339783549308777,-0.9427815675735474,-0.0029775244183838367,0.040883276611566544,48.0,0.018396005034446716,44.0,0.001970931887626648,-7.741153240203857e-05,straight_run,3.4416422843933105,0.006836272310465574,-0.0032054660841822624,0.09754776209592819,-0.006567180156707764,-1.0105984210968018,0.5593188405036926
0.29879759519038074,0.0,0.0,0.5,289,1785417120.666581,0.0,0.10147862881422043,-0.011999313719570637,0.5708726048469543,1,3.4677422046661377,5,13466,0,1,0,1,1.0,1,1,479,1.0,0.0,1,8,6,2147483693,-1,1,0,48,48,48,48,48,48,48,48,0,0,0,33,16,255,16,1,255,1,1,255,1,2,74.79914093017578,99.28765869140625,0.14552940428256989,0.008394279517233372,0.5354947447776794,0.33339783549308777,-0.9427815675735474,-0.0029775244183838367,0.040883276611566544,48.0,0.018396005034446716,44.0,0.001970931887626648,-7.741153240203857e-05,straight_run,3.4416422843933105,0.006836272310465574,-0.0032054660841822624,0.09754776209592819,-0.006567180156707764,-1.0105984210968018,0.5593188405036926
0.30020040080160315,0.0,0.0,0.5,289,1785417120.810942,0.0,0.10147862881422043,-0.011999313719570637,0.5708726048469543,1,3.4677422046661377,5,13466,0,1,0,1,1.0,1,1,479,1.0,0.0,1,8,6,2147483693,-1,1,0,48,48,48,48,48,48,48,48,0,0,0,33,16,255,16,1,255,1,1,255,1,2,74.79914093017578,99.28765869140625,0.14552940428256989,0.008394279517233372,0.5354947447776794,0.33339783549308777,-0.9427815675735474,-0.0029775244183838367,0.040883276611566544,48.0,0.018396005034446716,44.0,0.001970931887626648,-7.741153240203857e-05,straight_run,3.4416422843933105,0.006836272310465574,-0.0032054660841822624,0.09754776209592819,-0.006567180156707764,-1.0105984210968018,0.5593188405036926
0.3016032064128256,0.0,0.0,0.5,289,1785417120.8353589,0.0,0.10147862881422043,-0.011999313719570637,0.5708726048469543,1,3.4677422046661377,5,13466,0,1,0,1,1.0,1,1,479,1.0,0.0,1,8,6,2147483693,-1,1,0,48,48,48,48,48,48,48,48,0,0,0,33,16,255,16,1,255,1,1,255,1,2,74.79914093017578,99.28765869140625,0.14552940428256989,0.008394279517233372,0.5354947447776794,0.33339783549308777,-0.9427815675735474,-0.0029775244183838367,0.040883276611566544,48.0,0.018396005034446716,44.0,0.001970931887626648,-7.741153240203857e-05,straight_run,3.4416422843933105,0.006836272310465574,-0.0032054660841822624,0.09754776209592819,-0.006567180156707764,-1.0105984210968018,0.5593188405036926
0.3030060120240481,0.0,0.0,0.5,289,1785417120.8576581,0.0,0.10147862881422043,-0.011999313719570637,0.5708726048469543,1,3.4677422046661377,5,13466,0,1,0,1,1.0,1,1,479,1.0,0.0,1,8,6,2147483693,-1,1,0,48,48,48,48,48,48,48,48,0,0,0,33,16,255,16,1,255,1,1,255,1,2,74.79914093017578,99.28765869140625,0.14552940428256989,0.008394279517233372,0.5354947447776794,0.33339783549308777,-0.9427815675735474,-0.0029775244183838367,0.040883276611566544,48.0,0.018396005034446716,44.0,0.001970931887626648,-7.741153240203857e-05,straight_run,3.4416422843933105,0.006836272310465574,-0.0032054660841822624,0.09754776209592819,-0.006567180156707764,-1.0105984210968018,0.5593188405036926
0.3044088176352705,0.0,0.0,0.5,289,1785417120.88275,0.0,0.10147862881422043,-0.011999313719570637,0.5708726048469543,1,3.4677422046661377,5,13466,0,1,0,1,1.0,1,1,479,1.0,0.0,1,8,6,2147483693,-1,1,0,48,48,48,48,48,48,48,48,0,0,0,33,16,255,16,1,255,1,1,255,1,2,74.79914093017578,99.28765869140625,0.14552940428256989,0.008394279517233372,0.5354947447776794,0.33339783549308777,-0.9427815675735474,-0.0029775244183838367,0.040883276611566544,48.0,0.018396005034446716,44.0,0.001970931887626648,-7.741153240203857e-05,straight_run,3.4416422843933105,0.006836272310465574,-0.0032054660841822624,0.09754776209592819,-0.006567180156707764,-1.0105984210968018,0.5593188405036926
0.30581162324649297,0.0,0.0,0.5,289,1785417120.903656,0.0,0.10147862881422043,-0.011999313719570637,0.5708726048469543,1,3.4677422046661377,5,13466,0,1,0,1,1.0,1,1,479,1.0,0.0,1,8,6,2147483693,-1,1,0,48,48,48,48,48,48,48,48,0,0,0,33,16,255,16,1,255,1,1,255,1,2,74.79914093017578,99.28765869140625,0.14552940428256989,0.008394279517233372,0.5354947447776794,0.33339783549308777,-0.9427815675735474,-0.0029775244183838367,0.040883276611566544,48.0,0.018396005034446716,44.0,0.001970931887626648,-7.741153240203857e-05,straight_run,3.4416422843933105,0.006836272310465574,-0.0032054660841822624,0.09754776209592819,-0.006567180156707764,-1.0105984210968018,0.5593188405036926
0.3072144288577154,0.0,0.0,0.5,289,1785417120.926833,0.0,0.10147862881422043,-0.011999313719570637,0.5708726048469543,1,3.4677422046661377,5,13466,0,1,0,1,1.0,1,1,479,1.0,0.0,1,8,6,2147483693,-1,1,0,48,48,48,48,48,48,48,48,0,0,0,33,16,255,16,1,255,1,1,255,1,2,74.79914093017578,99.28765869140625,0.14552940428256989,0.008394279517233372,0.5354947447776794,0.33339783549308777,-0.9427815675735474,-0.0029775244183838367,0.040883276611566544,48.0,0.018396005034446716,44.0,0.001970931887626648,-7.741153240203857e-05,straight_run,3.4416422843933105,0.006836272310465574,-0.0032054660841822624,0.09754776209592819,-0.006567180156707764,-1.0105984210968018,0.5593188405036926
0.30861723446893785,0.0,0.0,0.5,289,1785417120.948972,0.0,0.10147862881422043,-0.011999313719570637,0.5708726048469543,1,3.4677422046661377,5,13466,0,1,0,1,1.0,1,1,479,1.0,0.0,1,8,6,2147483693,-1,1,0,48,48,48,48,48,48,48,48,0,0,0,33,16,255,16,1,255,1,1,255,1,2,74.79914093017578,99.28765869140625,0.14552940428256989,0.008394279517233372,0.5354947447776794,0.33339783549308777,-0.9427815675735474,-0.0029775244183838367,0.040883276611566544,48.0,0.018396005034446716,44.0,0.001970931887626648,-7.741153240203857e-05,straight_run,3.4416422843933105,0.006836272310465574,-0.0032054660841822624,0.09754776209592819,-0.006567180156707764,-1.0105984210968018,0.5593188405036926
0.3100200400801603,0.0,0.0,0.5,289,1785417120.973459,0.0,0.10147862881422043,-0.011999313719570637,0.5708726048469543,1,3.4677422046661377,5,13466,0,1,0,1,1.0,1,1,479,1.0,0.0,1,8,6,2147483693,-1,1,0,48,48,48,48,48,48,48,48,0,0,0,33,16,255,16,1,255,1,1,255,1,2,74.79914093017578,99.28765869140625,0.14552940428256989,0.008394279517233372,0.5354947447776794,0.33339783549308777,-0.9427815675735474,-0.0029775244183838367,0.040883276611566544,48.0,0.018396005034446716,44.0,0.001970931887626648,-7.741153240203857e-05,straight_run,3.4416422843933105,0.006836272310465574,-0.0032054660841822624,0.09754776209592819,-0.006567180156707764,-1.0105984210968018,0.5593188405036926
0.31142284569138273,0.0,0.0,0.5,289,1785417120.995968,0.0,0.10147862881422043,-0.011999313719570637,0.5708726048469543,1,3.4677422046661377,5,13466,0,1,0,1,1.0,1,1,479,1.0,0.0,1,8,6,2147483693,-1,1,0,48,48,48,48,48,48,48,48,0,0,0,33,16,255,16,1,255,1,1,255,1,2,74.79914093017578,99.28765869140625,0.14552940428256989,0.008394279517233372,0.5354947447776794,0.33339783549308777,-0.9427815675735474,-0.0029775244183838367,0.040883276611566544,48.0,0.018396005034446716,44.0,0.001970931887626648,-7.741153240203857e-05,straight_run,3.4416422843933105,0.006836272310465574,-0.0032054660841822624,0.09754776209592819,-0.006567180156707764,-1.0105984210968018,0.5593188405036926
0.3128256513026052,0.0,0.0,0.5,289,1785417121.0210528,0.0,0.10147862881422043,-0.011999313719570637,0.5708726048469543,1,3.4677422046661377,5,13466,0,1,0,1,1.0,1,1,479,1.0,0.0,1,8,6,2147483693,-1,1,0,48,48,48,48,48,48,48,48,0,0,0,33,16,255,16,1,255,1,1,255,1,2,74.79914093017578,99.28765869140625,0.14552940428256989,0.008394279517233372,0.5354947447776794,0.33339783549308777,-0.9427815675735474,-0.0029775244183838367,0.040883276611566544,48.0,0.018396005034446716,44.0,0.001970931887626648,-7.741153240203857e-05,straight_run,3.4416422843933105,0.006836272310465574,-0.0032054660841822624,0.09754776209592819,-0.006567180156707764,-1.0105984210968018,0.5593188405036926
0.3142284569138276,0.0,0.0,0.5,289,1785417121.04616,0.0,0.10147862881422043,-0.011999313719570637,0.5708726048469543,1,3.4677422046661377,5,13466,0,1,0,1,1.0,1,1,479,1.0,0.0,1,8,6,2147483693,-1,1,0,48,48,48,48,48,48,48,48,0,0,0,33,16,255,16,1,255,1,1,255,1,2,74.79914093017578,99.28765869140625,0.14552940428256989,0.008394279517233372,0.5354947447776794,0.33339783549308777,-0.9427815675735474,-0.0029775244183838367,0.040883276611566544,48.0,0.018396005034446716,44.0,0.001970931887626648,-7.741153240203857e-05,straight_run,3.4416422843933105,0.006836272310465574,-0.0032054660841822624,0.09754776209592819,-0.006567180156707764,-1.0105984210968018,0.5593188405036926
0.3156312625250501,0.0,0.0,0.5,289,1785417121.067955,0.0,0.10147862881422043,-0.011999313719570637,0.5708726048469543,1,3.4677422046661377,5,13466,0,1,0,1,1.0,1,1,479,1.0,0.0,1,8,6,2147483693,-1,1,0,48,48,48,48,48,48,48,48,0,0,0,33,16,255,16,1,255,1,1,255,1,2,74.79914093017578,99.28765869140625,0.14552940428256989,0.008394279517233372,0.5354947447776794,0.33339783549308777,-0.9427815675735474,-0.0029775244183838367,0.040883276611566544,48.0,0.018396005034446716,44.0,0.001970931887626648,-7.741153240203857e-05,straight_run,3.4416422843933105,0.006836272310465574,-0.0032054660841822624,0.09754776209592819,-0.006567180156707764,-1.0105984210968018,0.5593188405036926
0.31703406813627255,0.0,0.0,0.5,289,1785417121.093018,0.0,0.10147862881422043,-0.011999313719570637,0.5708726048469543,1,3.4677422046661377,5,13466,0,1,0,1,1.0,1,1,479,1.0,0.0,1,8,6,2147483693,-1,1,0,48,48,48,48,48,48,48,48,0,0,0,33,16,255,16,1,255,1,1,255,1,2,74.79914093017578,99.28765869140625,0.14552940428256989,0.008394279517233372,0.5354947447776794,0.33339783549308777,-0.9427815675735474,-0.0029775244183838367,0.040883276611566544,48.0,0.018396005034446716,44.0,0.001970931887626648,-7.741153240203857e-05,straight_run,3.4416422843933105,0.006836272310465574,-0.0032054660841822624,0.09754776209592819,-0.006567180156707764,-1.0105984210968018,0.5593188405036926
0.31843687374749496,0.0,0.0,0.5,289,1785417121.116746,0.0,0.10147862881422043,-0.011999313719570637,0.5708726048469543,1,3.4677422046661377,5,13466,0,1,0,1,1.0,1,1,479,1.0,0.0,1,8,6,2147483693,-1,1,0,48,48,48,48,48,48,48,48,0,0,0,33,16,255,16,1,255,1,1,255,1,2,74.79914093017578,99.28765869140625,0.14552940428256989,0.008394279517233372,0.5354947447776794,0.33339783549308777,-0.9427815675735474,-0.0029775244183838367,0.040883276611566544,48.0,0.018396005034446716,44.0,0.001970931887626648,-7.741153240203857e-05,straight_run,3.4416422843933105,0.006836272310465574,-0.0032054660841822624,0.09754776209592819,-0.006567180156707764,-1.0105984210968018,0.5593188405036926
0.31983967935871743,0.0,0.0,0.5,289,1785417121.1410098,0.0,0.10147862881422043,-0.011999313719570637,0.5708726048469543,1,3.4677422046661377,5,13466,0,1,0,1,1.0,1,1,479,1.0,0.0,1,8,6,2147483693,-1,1,0,48,48,48,48,48,48,48,48,0,0,0,33,16,255,16,1,255,1,1,255,1,2,74.79914093017578,99.28765869140625,0.14552940428256989,0.008394279517233372,0.5354947447776794,0.33339783549308777,-0.9427815675735474,-0.0029775244183838367,0.040883276611566544,48.0,0.018396005034446716,44.0,0.001970931887626648,-7.741153240203857e-05,straight_run,3.4416422843933105,0.006836272310465574,-0.0032054660841822624,0.09754776209592819,-0.006567180156707764,-1.0105984210968018,0.5593188405036926
0.32124248496993985,0.0,0.0,0.5,289,1785417121.161206,0.0,0.10147862881422043,-0.011999313719570637,0.5708726048469543,1,3.4677422046661377,5,13466,0,1,0,1,1.0,1,1,479,1.0,0.0,1,8,6,2147483693,-1,1,0,48,48,48,48,48,48,48,48,0,0,0,33,16,255,16,1,255,1,1,255,1,2,74.79914093017578,99.28765869140625,0.14552940428256989,0.008394279517233372,0.5354947447776794,0.33339783549308777,-0.9427815675735474,-0.0029775244183838367,0.040883276611566544,48.0,0.018396005034446716,44.0,0.001970931887626648,-7.741153240203857e-05,straight_run,3.4416422843933105,0.006836272310465574,-0.0032054660841822624,0.09754776209592819,-0.006567180156707764,-1.0105984210968018,0.5593188405036926
0.3226452905811623,0.0,0.0,0.5,289,1785417121.1832068,0.0,0.10147862881422043,-0.011999313719570637,0.5708726048469543,1,3.4677422046661377,5,13466,0,1,0,1,1.0,1,1,479,1.0,0.0,1,8,6,2147483693,-1,1,0,48,48,48,48,48,48,48,48,0,0,0,33,16,255,16,1,255,1,1,255,1,2,74.79914093017578,99.28765869140625,0.14552940428256989,0.008394279517233372,0.5354947447776794,0.33339783549308777,-0.9427815675735474,-0.0029775244183838367,0.040883276611566544,48.0,0.018396005034446716,44.0,0.001970931887626648,-7.741153240203857e-05,straight_run,3.4416422843933105,0.006836272310465574,-0.0032054660841822624,0.09754776209592819,-0.006567180156707764,-1.0105984210968018,0.5593188405036926
0.3240480961923848,0.0,0.0,0.5,289,1785417121.203706,0.0,0.10147862881422043,-0.011999313719570637,0.5708726048469543,1,3.4677422046661377,5,13466,0,1,0,1,1.0,1,1,479,1.0,0.0,1,8,6,2147483693,-1,1,0,48,48,48,48,48,48,48,48,0,0,0,33,16,255,16,1,255,1,1,255,1,2,74.79914093017578,99.28765869140625,0.14552940428256989,0.008394279517233372,0.5354947447776794,0.33339783549308777,-0.9427815675735474,-0.0029775244183838367,0.040883276611566544,48.0,0.018396005034446716,44.0,0.001970931887626648,-7.741153240203857e-05,straight_run,3.4416422843933105,0.006836272310465574,-0.0032054660841822624,0.09754776209592819,-0.006567180156707764,-1.0105984210968018,0.5593188405036926
0.3254509018036072,0.0,0.0,0.5,289,1785417121.225963,0.0,0.10147862881422043,-0.011999313719570637,0.5708726048469543,1,3.4677422046661377,5,13466,0,1,0,1,1.0,1,1,479,1.0,0.0,1,8,6,2147483693,-1,1,0,48,48,48,48,48,48,48,48,0,0,0,33,16,255,16,1,255,1,1,255,1,2,74.79914093017578,99.28765869140625,0.14552940428256989,0.008394279517233372,0.5354947447776794,0.33339783549308777,-0.9427815675735474,-0.0029775244183838367,0.040883276611566544,48.0,0.018396005034446716,44.0,0.001970931887626648,-7.741153240203857e-05,straight_run,3.4416422843933105,0.006836272310465574,-0.0032054660841822624,0.09754776209592819,-0.006567180156707764,-1.0105984210968018,0.5593188405036926
0.32685370741482966,0.0,0.0,0.5,289,1785417121.248974,0.0,0.10147862881422043,-0.011999313719570637,0.5708726048469543,1,3.4677422046661377,5,13466,0,1,0,1,1.0,1,1,479,1.0,0.0,1,8,6,2147483693,-1,1,0,48,48,48,48,48,48,48,48,0,0,0,33,16,255,16,1,255,1,1,255,1,2,74.79914093017578,99.28765869140625,0.14552940428256989,0.008394279517233372,0.5354947447776794,0.33339783549308777,-0.9427815675735474,-0.0029775244183838367,0.040883276611566544,48.0,0.018396005034446716,44.0,0.001970931887626648,-7.741153240203857e-05,straight_run,3.4416422843933105,0.006836272310465574,-0.0032054660841822624,0.09754776209592819,-0.006567180156707764,-1.0105984210968018,0.5593188405036926
0.3282565130260521,0.0,0.0,0.5,289,1785417121.27211,0.0,0.10147862881422043,-0.011999313719570637,0.5708726048469543,1,3.4677422046661377,5,13466,0,1,0,1,1.0,1,1,479,1.0,0.0,1,8,6,2147483693,-1,1,0,48,48,48,48,48,48,48,48,0,0,0,33,16,255,16,1,255,1,1,255,1,2,74.79914093017578,99.28765869140625,0.14552940428256989,0.008394279517233372,0.5354947447776794,0.33339783549308777,-0.9427815675735474,-0.0029775244183838367,0.040883276611566544,48.0,0.018396005034446716,44.0,0.001970931887626648,-7.741153240203857e-05,straight_run,3.4416422843933105,0.006836272310465574,-0.0032054660841822624,0.09754776209592819,-0.006567180156707764,-1.0105984210968018,0.5593188405036926
0.32965931863727455,0.0,0.0,0.5,289,1785417121.29701,0.0,0.10147862881422043,-0.011999313719570637,0.5708726048469543,1,3.4677422046661377,5,13466,0,1,0,1,1.0,1,1,479,1.0,0.0,1,8,6,2147483693,-1,1,0,48,48,48,48,48,48,48,48,0,0,0,33,16,255,16,1,255,1,1,255,1,2,74.79914093017578,99.28765869140625,0.14552940428256989,0.008394279517233372,0.5354947447776794,0.33339783549308777,-0.9427815675735474,-0.0029775244183838367,0.040883276611566544,48.0,0.018396005034446716,44.0,0.001970931887626648,-7.741153240203857e-05,straight_run,3.4416422843933105,0.006836272310465574,-0.0032054660841822624,0.09754776209592819,-0.006567180156707764,-1.0105984210968018,0.5593188405036926
0.33106212424849696,0.0,0.0,0.5,289,1785417121.31841,0.0,0.10147862881422043,-0.011999313719570637,0.5708726048469543,1,3.4677422046661377,5,13466,0,1,0,1,1.0,1,1,479,1.0,0.0,1,8,6,2147483693,-1,1,0,48,48,48,48,48,48,48,48,0,0,0,33,16,255,16,1,255,1,1,255,1,2,74.79914093017578,99.28765869140625,0.14552940428256989,0.008394279517233372,0.5354947447776794,0.33339783549308777,-0.9427815675735474,-0.0029775244183838367,0.040883276611566544,48.0,0.018396005034446716,44.0,0.001970931887626648,-7.741153240203857e-05,straight_run,3.4416422843933105,0.006836272310465574,-0.0032054660841822624,0.09754776209592819,-0.006567180156707764,-1.0105984210968018,0.5593188405036926
0.3324649298597194,0.0,0.0,0.5,289,1785417121.340575,0.0,0.10147862881422043,-0.011999313719570637,0.5708726048469543,1,3.4677422046661377,5,13466,0,1,0,1,1.0,1,1,479,1.0,0.0,1,8,6,2147483693,-1,1,0,48,48,48,48,48,48,48,48,0,0,0,33,16,255,16,1,255,1,1,255,1,2,74.79914093017578,99.28765869140625,0.14552940428256989,0.008394279517233372,0.5354947447776794,0.33339783549308777,-0.9427815675735474,-0.0029775244183838367,0.040883276611566544,48.0,0.018396005034446716,44.0,0.001970931887626648,-7.741153240203857e-05,straight_run,3.4416422843933105,0.006836272310465574,-0.0032054660841822624,0.09754776209592819,-0.006567180156707764,-1.0105984210968018,0.5593188405036926
0.33386773547094184,0.0,0.0,0.5,289,1785417121.363717,0.0,0.10147862881422043,-0.011999313719570637,0.5708726048469543,1,3.4677422046661377,5,13466,0,1,0,1,1.0,1,1,479,1.0,0.0,1,8,6,2147483693,-1,1,0,48,48,48,48,48,48,48,48,0,0,0,33,16,255,16,1,255,1,1,255,1,2,74.79914093017578,99.28765869140625,0.14552940428256989,0.008394279517233372,0.5354947447776794,0.33339783549308777,-0.9427815675735474,-0.0029775244183838367,0.040883276611566544,48.0,0.018396005034446716,44.0,0.001970931887626648,-7.741153240203857e-05,straight_run,3.4416422843933105,0.006836272310465574,-0.0032054660841822624,0.09754776209592819,-0.006567180156707764,-1.0105984210968018,0.5593188405036926
0.3352705410821643,0.0,0.0,0.5,289,1785417121.386679,0.0,0.10147862881422043,-0.011999313719570637,0.5708726048469543,1,3.4677422046661377,5,13466,0,1,0,1,1.0,1,1,479,1.0,0.0,1,8,6,2147483693,-1,1,0,48,48,48,48,48,48,48,48,0,0,0,33,16,255,16,1,255,1,1,255,1,2,74.79914093017578,99.28765869140625,0.14552940428256989,0.008394279517233372,0.5354947447776794,0.33339783549308777,-0.9427815675735474,-0.0029775244183838367,0.040883276611566544,48.0,0.018396005034446716,44.0,0.001970931887626648,-7.741153240203857e-05,straight_run,3.4416422843933105,0.006836272310465574,-0.0032054660841822624,0.09754776209592819,-0.006567180156707764,-1.0105984210968018,0.5593188405036926
0.3366733466933867,0.0,0.0,0.5,289,1785417121.411047,0.0,0.10147862881422043,-0.011999313719570637,0.5708726048469543,1,3.4677422046661377,5,13466,0,1,0,1,1.0,1,1,479,1.0,0.0,1,8,6,2147483693,-1,1,0,48,48,48,48,48,48,48,48,0,0,0,33,16,255,16,1,255,1,1,255,1,2,74.79914093017578,99.28765869140625,0.14552940428256989,0.008394279517233372,0.5354947447776794,0.33339783549308777,-0.9427815675735474,-0.0029775244183838367,0.040883276611566544,48.0,0.018396005034446716,44.0,0.001970931887626648,-7.741153240203857e-05,straight_run,3.4416422843933105,0.006836272310465574,-0.0032054660841822624,0.09754776209592819,-0.006567180156707764,-1.0105984210968018,0.5593188405036926
0.3380761523046092,0.0,0.0,0.5,289,1785417121.4325728,0.0,0.10147862881422043,-0.011999313719570637,0.5708726048469543,1,3.4677422046661377,5,13466,0,1,0,1,1.0,1,1,479,1.0,0.0,1,8,6,2147483693,-1,1,0,48,48,48,48,48,48,48,48,0,0,0,33,16,255,16,1,255,1,1,255,1,2,74.79914093017578,99.28765869140625,0.14552940428256989,0.008394279517233372,0.5354947447776794,0.33339783549308777,-0.9427815675735474,-0.0029775244183838367,0.040883276611566544,48.0,0.018396005034446716,44.0,0.001970931887626648,-7.741153240203857e-05,straight_run,3.4416422843933105,0.006836272310465574,-0.0032054660841822624,0.09754776209592819,-0.006567180156707764,-1.0105984210968018,0.5593188405036926
0.33947895791583166,0.0,0.0,0.5,289,1785417121.45751,0.0,0.10147862881422043,-0.011999313719570637,0.5708726048469543,1,3.4677422046661377,5,13466,0,1,0,1,1.0,1,1,479,1.0,0.0,1,8,6,2147483693,-1,1,0,48,48,48,48,48,48,48,48,0,0,0,33,16,255,16,1,255,1,1,255,1,2,74.79914093017578,99.28765869140625,0.14552940428256989,0.008394279517233372,0.5354947447776794,0.33339783549308777,-0.9427815675735474,-0.0029775244183838367,0.040883276611566544,48.0,0.018396005034446716,44.0,0.001970931887626648,-7.741153240203857e-05,straight_run,3.4416422843933105,0.006836272310465574,-0.0032054660841822624,0.09754776209592819,-0.006567180156707764,-1.0105984210968018,0.5593188405036926
0.34088176352705407,0.0,0.0,0.5,289,1785417121.482358,0.0,0.10147862881422043,-0.011999313719570637,0.5708726048469543,1,3.4677422046661377,5,13466,0,1,0,1,1.0,1,1,479,1.0,0.0,1,8,6,2147483693,-1,1,0,48,48,48,48,48,48,48,48,0,0,0,33,16,255,16,1,255,1,1,255,1,2,74.79914093017578,99.28765869140625,0.14552940428256989,0.008394279517233372,0.5354947447776794,0.33339783549308777,-0.9427815675735474,-0.0029775244183838367,0.040883276611566544,48.0,0.018396005034446716,44.0,0.001970931887626648,-7.741153240203857e-05,straight_run,3.4416422843933105,0.006836272310465574,-0.0032054660841822624,0.09754776209592819,-0.006567180156707764,-1.0105984210968018,0.5593188405036926
0.34228456913827654,0.0,0.0,0.5,289,1785417121.502773,0.0,0.10147862881422043,-0.011999313719570637,0.5708726048469543,1,3.4677422046661377,5,13466,0,1,0,1,1.0,1,1,479,1.0,0.0,1,8,6,2147483693,-1,1,0,48,48,48,48,48,48,48,48,0,0,0,33,16,255,16,1,255,1,1,255,1,2,74.79914093017578,99.28765869140625,0.14552940428256989,0.008394279517233372,0.5354947447776794,0.33339783549308777,-0.9427815675735474,-0.0029775244183838367,0.040883276611566544,48.0,0.018396005034446716,44.0,0.001970931887626648,-7.741153240203857e-05,straight_run,3.4416422843933105,0.006836272310465574,-0.0032054660841822624,0.09754776209592819,-0.006567180156707764,-1.0105984210968018,0.5593188405036926
0.34368737474949895,0.0,0.0,0.5,289,1785417121.524863,0.0,0.10147862881422043,-0.011999313719570637,0.5708726048469543,1,3.4677422046661377,5,13466,0,1,0,1,1.0,1,1,479,1.0,0.0,1,8,6,2147483693,-1,1,0,48,48,48,48,48,48,48,48,0,0,0,33,16,255,16,1,255,1,1,255,1,2,74.79914093017578,99.28765869140625,0.14552940428256989,0.008394279517233372,0.5354947447776794,0.33339783549308777,-0.9427815675735474,-0.0029775244183838367,0.040883276611566544,48.0,0.018396005034446716,44.0,0.001970931887626648,-7.741153240203857e-05,straight_run,3.4416422843933105,0.006836272310465574,-0.0032054660841822624,0.09754776209592819,-0.006567180156707764,-1.0105984210968018,0.5593188405036926
0.3450901803607214,0.0,0.0,0.5,289,1785417121.547849,0.0,0.10147862881422043,-0.011999313719570637,0.5708726048469543,1,3.4677422046661377,5,13466,0,1,0,1,1.0,1,1,479,1.0,0.0,1,8,6,2147483693,-1,1,0,48,48,48,48,48,48,48,48,0,0,0,33,16,255,16,1,255,1,1,255,1,2,74.79914093017578,99.28765869140625,0.14552940428256989,0.008394279517233372,0.5354947447776794,0.33339783549308777,-0.9427815675735474,-0.0029775244183838367,0.040883276611566544,48.0,0.018396005034446716,44.0,0.001970931887626648,-7.741153240203857e-05,straight_run,3.4416422843933105,0.006836272310465574,-0.0032054660841822624,0.09754776209592819,-0.006567180156707764,-1.0105984210968018,0.5593188405036926
0.3464929859719439,0.0,0.0,0.5,289,1785417121.571978,0.0,0.10147862881422043,-0.011999313719570637,0.5708726048469543,1,3.4677422046661377,5,13466,0,1,0,1,1.0,1,1,479,1.0,0.0,1,8,6,2147483693,-1,1,0,48,48,48,48,48,48,48,48,0,0,0,33,16,255,16,1,255,1,1,255,1,2,74.79914093017578,99.28765869140625,0.14552940428256989,0.008394279517233372,0.5354947447776794,0.33339783549308777,-0.9427815675735474,-0.0029775244183838367,0.040883276611566544,48.0,0.018396005034446716,44.0,0.001970931887626648,-7.741153240203857e-05,straight_run,3.4416422843933105,0.006836272310465574,-0.0032054660841822624,0.09754776209592819,-0.006567180156707764,-1.0105984210968018,0.5593188405036926
0.3478957915831663,0.0,0.0,0.5,289,1785417121.5922492,0.0,0.10147862881422043,-0.011999313719570637,0.5708726048469543,1,3.4677422046661377,5,13466,0,1,0,1,1.0,1,1,479,1.0,0.0,1,8,6,2147483693,-1,1,0,48,48,48,48,48,48,48,48,0,0,0,33,16,255,16,1,255,1,1,255,1,2,74.79914093017578,99.28765869140625,0.14552940428256989,0.008394279517233372,0.5354947447776794,0.33339783549308777,-0.9427815675735474,-0.0029775244183838367,0.040883276611566544,48.0,0.018396005034446716,44.0,0.001970931887626648,-7.741153240203857e-05,straight_run,3.4416422843933105,0.006836272310465574,-0.0032054660841822624,0.09754776209592819,-0.006567180156707764,-1.0105984210968018,0.5593188405036926
0.34929859719438877,0.0,0.0,0.5,289,1785417121.613471,0.0,0.10147862881422043,-0.011999313719570637,0.5708726048469543,1,3.4677422046661377,5,13466,0,1,0,1,1.0,1,1,479,1.0,0.0,1,8,6,2147483693,-1,1,0,48,48,48,48,48,48,48,48,0,0,0,33,16,255,16,1,255,1,1,255,1,2,74.79914093017578,99.28765869140625,0.14552940428256989,0.008394279517233372,0.5354947447776794,0.33339783549308777,-0.9427815675735474,-0.0029775244183838367,0.040883276611566544,48.0,0.018396005034446716,44.0,0.001970931887626648,-7.741153240203857e-05,straight_run,3.4416422843933105,0.006836272310465574,-0.0032054660841822624,0.09754776209592819,-0.006567180156707764,-1.0105984210968018,0.5593188405036926
0.3507014028056112,0.0,0.0,0.5,289,1785417121.6374779,0.0,0.10147862881422043,-0.011999313719570637,0.5708726048469543,1,3.4677422046661377,5,13466,0,1,0,1,1.0,1,1,479,1.0,0.0,1,8,6,2147483693,-1,1,0,48,48,48,48,48,48,48,48,0,0,0,33,16,255,16,1,255,1,1,255,1,2,74.79914093017578,99.28765869140625,0.14552940428256989,0.008394279517233372,0.5354947447776794,0.33339783549308777,-0.9427815675735474,-0.0029775244183838367,0.040883276611566544,48.0,0.018396005034446716,44.0,0.001970931887626648,-7.741153240203857e-05,straight_run,3.4416422843933105,0.006836272310465574,-0.0032054660841822624,0.09754776209592819,-0.006567180156707764,-1.0105984210968018,0.5593188405036926
0.3521042084168336,0.0,0.0,0.5,289,1785417121.6587021,0.0,0.10147862881422043,-0.011999313719570637,0.5708726048469543,1,3.4677422046661377,5,13466,0,1,0,1,1.0,1,1,479,1.0,0.0,1,8,6,2147483693,-1,1,0,48,48,48,48,48,48,48,48,0,0,0,33,16,255,16,1,255,1,1,255,1,2,74.79914093017578,99.28765869140625,0.14552940428256989,0.008394279517233372,0.5354947447776794,0.33339783549308777,-0.9427815675735474,-0.0029775244183838367,0.040883276611566544,48.0,0.018396005034446716,44.0,0.001970931887626648,-7.741153240203857e-05,straight_run,3.4416422843933105,0.006836272310465574,-0.0032054660841822624,0.09754776209592819,-0.006567180156707764,-1.0105984210968018,0.5593188405036926
0.35350701402805607,0.0,0.0,0.5,289,1785417121.680854,0.0,0.10147862881422043,-0.011999313719570637,0.5708726048469543,1,3.4677422046661377,5,13466,0,1,0,1,1.0,1,1,479,1.0,0.0,1,8,6,2147483693,-1,1,0,48,48,48,48,48,48,48,48,0,0,0,33,16,255,16,1,255,1,1,255,1,2,74.79914093017578,99.28765869140625,0.14552940428256989,0.008394279517233372,0.5354947447776794,0.33339783549308777,-0.9427815675735474,-0.0029775244183838367,0.040883276611566544,48.0,0.018396005034446716,44.0,0.001970931887626648,-7.741153240203857e-05,straight_run,3.4416422843933105,0.006836272310465574,-0.0032054660841822624,0.09754776209592819,-0.006567180156707764,-1.0105984210968018,0.5593188405036926
0.3549098196392785,0.0,0.0,0.5,289,1785417121.703007,0.0,0.10147862881422043,-0.011999313719570637,0.5708726048469543,1,3.4677422046661377,5,13466,0,1,0,1,1.0,1,1,479,1.0,0.0,1,8,6,2147483693,-1,1,0,48,48,48,48,48,48,48,48,0,0,0,33,16,255,16,1,255,1,1,255,1,2,74.79914093017578,99.28765869140625,0.14552940428256989,0.008394279517233372,0.5354947447776794,0.33339783549308777,-0.9427815675735474,-0.0029775244183838367,0.040883276611566544,48.0,0.018396005034446716,44.0,0.001970931887626648,-7.741153240203857e-05,straight_run,3.4416422843933105,0.006836272310465574,-0.0032054660841822624,0.09754776209592819,-0.006567180156707764,-1.0105984210968018,0.5593188405036926
0.35631262525050095,0.0,0.0,0.5,289,1785417121.728141,0.0,0.10147862881422043,-0.011999313719570637,0.5708726048469543,1,3.4677422046661377,5,13466,0,1,0,1,1.0,1,1,479,1.0,0.0,1,8,6,2147483693,-1,1,0,48,48,48,48,48,48,48,48,0,0,0,33,16,255,16,1,255,1,1,255,1,2,74.79914093017578,99.28765869140625,0.14552940428256989,0.008394279517233372,0.5354947447776794,0.33339783549308777,-0.9427815675735474,-0.0029775244183838367,0.040883276611566544,48.0,0.018396005034446716,44.0,0.001970931887626648,-7.741153240203857e-05,straight_run,3.4416422843933105,0.006836272310465574,-0.0032054660841822624,0.09754776209592819,-0.006567180156707764,-1.0105984210968018,0.5593188405036926
0.3577154308617234,0.0,0.0,0.5,289,1785417121.750156,0.0,0.10147862881422043,-0.011999313719570637,0.5708726048469543,1,3.4677422046661377,5,13466,0,1,0,1,1.0,1,1,479,1.0,0.0,1,8,6,2147483693,-1,1,0,48,48,48,48,48,48,48,48,0,0,0,33,16,255,16,1,255,1,1,255,1,2,74.79914093017578,99.28765869140625,0.14552940428256989,0.008394279517233372,0.5354947447776794,0.33339783549308777,-0.9427815675735474,-0.0029775244183838367,0.040883276611566544,48.0,0.018396005034446716,44.0,0.001970931887626648,-7.741153240203857e-05,straight_run,3.4416422843933105,0.006836272310465574,-0.0032054660841822624,0.09754776209592819,-0.006567180156707764,-1.0105984210968018,0.5593188405036926
0.35911823647294583,0.0,0.0,0.5,289,1785417121.7735622,0.0,0.10147862881422043,-0.011999313719570637,0.5708726048469543,1,3.4677422046661377,5,13466,0,1,0,1,1.0,1,1,479,1.0,0.0,1,8,6,2147483693,-1,1,0,48,48,48,48,48,48,48,48,0,0,0,33,16,255,16,1,255,1,1,255,1,2,74.79914093017578,99.28765869140625,0.14552940428256989,0.008394279517233372,0.5354947447776794,0.33339783549308777,-0.9427815675735474,-0.0029775244183838367,0.040883276611566544,48.0,0.018396005034446716,44.0,0.001970931887626648,-7.741153240203857e-05,straight_run,3.4416422843933105,0.006836272310465574,-0.0032054660841822624,0.09754776209592819,-0.006567180156707764,-1.0105984210968018,0.5593188405036926
0.3605210420841683,0.0,0.0,0.5,289,1785417121.794414,0.0,0.10147862881422043,-0.011999313719570637,0.5708726048469543,1,3.4677422046661377,5,13466,0,1,0,1,1.0,1,1,479,1.0,0.0,1,8,6,2147483693,-1,1,0,48,48,48,48,48,48,48,48,0,0,0,33,16,255,16,1,255,1,1,255,1,2,74.79914093017578,99.28765869140625,0.14552940428256989,0.008394279517233372,0.5354947447776794,0.33339783549308777,-0.9427815675735474,-0.0029775244183838367,0.040883276611566544,48.0,0.018396005034446716,44.0,0.001970931887626648,-7.741153240203857e-05,straight_run,3.4416422843933105,0.006836272310465574,-0.0032054660841822624,0.09754776209592819,-0.006567180156707764,-1.0105984210968018,0.5593188405036926
0.3619238476953907,0.0,0.0,0.5,289,1785417121.8185291,0.0,0.10147862881422043,-0.011999313719570637,0.5708726048469543,1,3.4677422046661377,5,13466,0,1,0,1,1.0,1,1,479,1.0,0.0,1,8,6,2147483693,-1,1,0,48,48,48,48,48,48,48,48,0,0,0,33,16,255,16,1,255,1,1,255,1,2,74.79914093017578,99.28765869140625,0.14552940428256989,0.008394279517233372,0.5354947447776794,0.33339783549308777,-0.9427815675735474,-0.0029775244183838367,0.040883276611566544,48.0,0.018396005034446716,44.0,0.001970931887626648,-7.741153240203857e-05,straight_run,3.4416422843933105,0.006836272310465574,-0.0032054660841822624,0.09754776209592819,-0.006567180156707764,-1.0105984210968018,0.5593188405036926
0.3633266533066132,0.0,0.0,0.5,289,1785417121.84365,0.0,0.10147862881422043,-0.011999313719570637,0.5708726048469543,1,3.4677422046661377,5,13466,0,1,0,1,1.0,1,1,479,1.0,0.0,1,8,6,2147483693,-1,1,0,48,48,48,48,48,48,48,48,0,0,0,33,16,255,16,1,255,1,1,255,1,2,74.79914093017578,99.28765869140625,0.14552940428256989,0.008394279517233372,0.5354947447776794,0.33339783549308777,-0.9427815675735474,-0.0029775244183838367,0.040883276611566544,48.0,0.018396005034446716,44.0,0.001970931887626648,-7.741153240203857e-05,straight_run,3.4416422843933105,0.006836272310465574,-0.0032054660841822624,0.09754776209592819,-0.006567180156707764,-1.0105984210968018,0.5593188405036926
0.36472945891783565,0.0,0.0,0.5,289,1785417121.8671858,0.0,0.10147862881422043,-0.011999313719570637,0.5708726048469543,1,3.4677422046661377,5,13466,0,1,0,1,1.0,1,1,479,1.0,0.0,1,8,6,2147483693,-1,1,0,48,48,48,48,48,48,48,48,0,0,0,33,16,255,16,1,255,1,1,255,1,2,74.79914093017578,99.28765869140625,0.14552940428256989,0.008394279517233372,0.5354947447776794,0.33339783549308777,-0.9427815675735474,-0.0029775244183838367,0.040883276611566544,48.0,0.018396005034446716,44.0,0.001970931887626648,-7.741153240203857e-05,straight_run,3.4416422843933105,0.006836272310465574,-0.0032054660841822624,0.09754776209592819,-0.006567180156707764,-1.0105984210968018,0.5593188405036926
0.36613226452905806,0.0,0.0,0.5,289,1785417121.888007,0.0,0.10147862881422043,-0.011999313719570637,0.5708726048469543,1,3.4677422046661377,5,13466,0,1,0,1,1.0,1,1,479,1.0,0.0,1,8,6,2147483693,-1,1,0,48,48,48,48,48,48,48,48,0,0,0,33,16,255,16,1,255,1,1,255,1,2,74.79914093017578,99.28765869140625,0.14552940428256989,0.008394279517233372,0.5354947447776794,0.33339783549308777,-0.9427815675735474,-0.0029775244183838367,0.040883276611566544,48.0,0.018396005034446716,44.0,0.001970931887626648,-7.741153240203857e-05,straight_run,3.4416422843933105,0.006836272310465574,-0.0032054660841822624,0.09754776209592819,-0.006567180156707764,-1.0105984210968018,0.5593188405036926
0.36753507014028053,0.0,0.0,0.5,289,1785417121.912256,0.0,0.10147862881422043,-0.011999313719570637,0.5708726048469543,1,3.4677422046661377,5,13466,0,1,0,1,1.0,1,1,479,1.0,0.0,1,8,6,2147483693,-1,1,0,48,48,48,48,48,48,48,48,0,0,0,33,16,255,16,1,255,1,1,255,1,2,74.79914093017578,99.28765869140625,0.14552940428256989,0.008394279517233372,0.5354947447776794,0.33339783549308777,-0.9427815675735474,-0.0029775244183838367,0.040883276611566544,48.0,0.018396005034446716,44.0,0.001970931887626648,-7.741153240203857e-05,straight_run,3.4416422843933105,0.006836272310465574,-0.0032054660841822624,0.09754776209592819,-0.006567180156707764,-1.0105984210968018,0.5593188405036926
0.36893787575150294,0.0,0.0,0.5,289,1785417121.933055,0.0,0.10147862881422043,-0.011999313719570637,0.5708726048469543,1,3.4677422046661377,5,13466,0,1,0,1,1.0,1,1,479,1.0,0.0,1,8,6,2147483693,-1,1,0,48,48,48,48,48,48,48,48,0,0,0,33,16,255,16,1,255,1,1,255,1,2,74.79914093017578,99.28765869140625,0.14552940428256989,0.008394279517233372,0.5354947447776794,0.33339783549308777,-0.9427815675735474,-0.0029775244183838367,0.040883276611566544,48.0,0.018396005034446716,44.0,0.001970931887626648,-7.741153240203857e-05,straight_run,3.4416422843933105,0.006836272310465574,-0.0032054660841822624,0.09754776209592819,-0.006567180156707764,-1.0105984210968018,0.5593188405036926
0.3703406813627254,0.0,0.0,0.5,289,1785417121.958125,0.0,0.10147862881422043,-0.011999313719570637,0.5708726048469543,1,3.4677422046661377,5,13466,0,1,0,1,1.0,1,1,479,1.0,0.0,1,8,6,2147483693,-1,1,0,48,48,48,48,48,48,48,48,0,0,0,33,16,255,16,1,255,1,1,255,1,2,74.79914093017578,99.28765869140625,0.14552940428256989,0.008394279517233372,0.5354947447776794,0.33339783549308777,-0.9427815675735474,-0.0029775244183838367,0.040883276611566544,48.0,0.018396005034446716,44.0,0.001970931887626648,-7.741153240203857e-05,straight_run,3.4416422843933105,0.006836272310465574,-0.0032054660841822624,0.09754776209592819,-0.006567180156707764,-1.0105984210968018,0.5593188405036926
0.3717434869739479,0.0,0.0,0.5,289,1785417121.982701,0.0,0.10147862881422043,-0.011999313719570637,0.5708726048469543,1,3.4677422046661377,5,13466,0,1,0,1,1.0,1,1,479,1.0,0.0,1,8,6,2147483693,-1,1,0,48,48,48,48,48,48,48,48,0,0,0,33,16,255,16,1,255,1,1,255,1,2,74.79914093017578,99.28765869140625,0.14552940428256989,0.008394279517233372,0.5354947447776794,0.33339783549308777,-0.9427815675735474,-0.0029775244183838367,0.040883276611566544,48.0,0.018396005034446716,44.0,0.001970931887626648,-7.741153240203857e-05,straight_run,3.4416422843933105,0.006836272310465574,-0.0032054660841822624,0.09754776209592819,-0.006567180156707764,-1.0105984210968018,0.5593188405036926
0.3731462925851703,0.0,0.0,0.5,289,1785417122.006733,0.0,0.10147862881422043,-0.011999313719570637,0.5708726048469543,1,3.4677422046661377,5,13466,0,1,0,1,1.0,1,1,479,1.0,0.0,1,8,6,2147483693,-1,1,0,48,48,48,48,48,48,48,48,0,0,0,33,16,255,16,1,255,1,1,255,1,2,74.79914093017578,99.28765869140625,0.14552940428256989,0.008394279517233372,0.5354947447776794,0.33339783549308777,-0.9427815675735474,-0.0029775244183838367,0.040883276611566544,48.0,0.018396005034446716,44.0,0.001970931887626648,-7.741153240203857e-05,straight_run,3.4416422843933105,0.006836272310465574,-0.0032054660841822624,0.09754776209592819,-0.006567180156707764,-1.0105984210968018,0.5593188405036926
0.37454909819639276,0.0,0.0,0.5,289,1785417122.0291998,0.0,0.10147862881422043,-0.011999313719570637,0.5708726048469543,1,3.4677422046661377,5,13466,0,1,0,1,1.0,1,1,479,1.0,0.0,1,8,6,2147483693,-1,1,0,48,48,48,48,48,48,48,48,0,0,0,33,16,255,16,1,255,1,1,255,1,2,74.79914093017578,99.28765869140625,0.14552940428256989,0.008394279517233372,0.5354947447776794,0.33339783549308777,-0.9427815675735474,-0.0029775244183838367,0.040883276611566544,48.0,0.018396005034446716,44.0,0.001970931887626648,-7.741153240203857e-05,straight_run,3.4416422843933105,0.006836272310465574,-0.0032054660841822624,0.09754776209592819,-0.006567180156707764,-1.0105984210968018,0.5593188405036926
0.3759519038076152,0.0,0.0,0.5,289,1785417122.053039,0.0,0.10147862881422043,-0.011999313719570637,0.5708726048469543,1,3.4677422046661377,5,13466,0,1,0,1,1.0,1,1,479,1.0,0.0,1,8,6,2147483693,-1,1,0,48,48,48,48,48,48,48,48,0,0,0,33,16,255,16,1,255,1,1,255,1,2,74.79914093017578,99.28765869140625,0.14552940428256989,0.008394279517233372,0.5354947447776794,0.33339783549308777,-0.9427815675735474,-0.0029775244183838367,0.040883276611566544,48.0,0.018396005034446716,44.0,0.001970931887626648,-7.741153240203857e-05,straight_run,3.4416422843933105,0.006836272310465574,-0.0032054660841822624,0.09754776209592819,-0.006567180156707764,-1.0105984210968018,0.5593188405036926
0.37735470941883764,0.0,0.0,0.5,289,1785417122.076878,0.0,0.10147862881422043,-0.011999313719570637,0.5708726048469543,1,3.4677422046661377,5,13466,0,1,0,1,1.0,1,1,479,1.0,0.0,1,8,6,2147483693,-1,1,0,48,48,48,48,48,48,48,48,0,0,0,33,16,255,16,1,255,1,1,255,1,2,74.79914093017578,99.28765869140625,0.14552940428256989,0.008394279517233372,0.5354947447776794,0.33339783549308777,-0.9427815675735474,-0.0029775244183838367,0.040883276611566544,48.0,0.018396005034446716,44.0,0.001970931887626648,-7.741153240203857e-05,straight_run,3.4416422843933105,0.006836272310465574,-0.0032054660841822624,0.09754776209592819,-0.006567180156707764,-1.0105984210968018,0.5593188405036926
0.3787575150300601,0.0,0.0,0.5,289,1785417122.099338,0.0,0.10147862881422043,-0.011999313719570637,0.5708726048469543,1,3.4677422046661377,5,13466,0,1,0,1,1.0,1,1,479,1.0,0.0,1,8,6,2147483693,-1,1,0,48,48,48,48,48,48,48,48,0,0,0,33,16,255,16,1,255,1,1,255,1,2,74.79914093017578,99.28765869140625,0.14552940428256989,0.008394279517233372,0.5354947447776794,0.33339783549308777,-0.9427815675735474,-0.0029775244183838367,0.040883276611566544,48.0,0.018396005034446716,44.0,0.001970931887626648,-7.741153240203857e-05,straight_run,3.4416422843933105,0.006836272310465574,-0.0032054660841822624,0.09754776209592819,-0.006567180156707764,-1.0105984210968018,0.5593188405036926
0.3801603206412825,0.0,0.0,0.5,289,1785417122.120224,0.0,0.10147862881422043,-0.011999313719570637,0.5708726048469543,1,3.4677422046661377,5,13466,0,1,0,1,1.0,1,1,479,1.0,0.0,1,8,6,2147483693,-1,1,0,48,48,48,48,48,48,48,48,0,0,0,33,16,255,16,1,255,1,1,255,1,2,74.79914093017578,99.28765869140625,0.14552940428256989,0.008394279517233372,0.5354947447776794,0.33339783549308777,-0.9427815675735474,-0.0029775244183838367,0.040883276611566544,48.0,0.018396005034446716,44.0,0.001970931887626648,-7.741153240203857e-05,straight_run,3.4416422843933105,0.006836272310465574,-0.0032054660841822624,0.09754776209592819,-0.006567180156707764,-1.0105984210968018,0.5593188405036926
0.381563126252505,0.0,0.0,0.5,289,1785417122.141504,0.0,0.10147862881422043,-0.011999313719570637,0.5708726048469543,1,3.4677422046661377,5,13466,0,1,0,1,1.0,1,1,479,1.0,0.0,1,8,6,2147483693,-1,1,0,48,48,48,48,48,48,48,48,0,0,0,33,16,255,16,1,255,1,1,255,1,2,74.79914093017578,99.28765869140625,0.14552940428256989,0.008394279517233372,0.5354947447776794,0.33339783549308777,-0.9427815675735474,-0.0029775244183838367,0.040883276611566544,48.0,0.018396005034446716,44.0,0.001970931887626648,-7.741153240203857e-05,straight_run,3.4416422843933105,0.006836272310465574,-0.0032054660841822624,0.09754776209592819,-0.006567180156707764,-1.0105984210968018,0.5593188405036926
0.3829659318637274,0.0,0.0,0.5,289,1785417122.1649148,0.0,0.10147862881422043,-0.011999313719570637,0.5708726048469543,1,3.4677422046661377,5,13466,0,1,0,1,1.0,1,1,479,1.0,0.0,1,8,6,2147483693,-1,1,0,48,48,48,48,48,48,48,48,0,0,0,33,16,255,16,1,255,1,1,255,1,2,74.79914093017578,99.28765869140625,0.14552940428256989,0.008394279517233372,0.5354947447776794,0.33339783549308777,-0.9427815675735474,-0.0029775244183838367,0.040883276611566544,48.0,0.018396005034446716,44.0,0.001970931887626648,-7.741153240203857e-05,straight_run,3.4416422843933105,0.006836272310465574,-0.0032054660841822624,0.09754776209592819,-0.006567180156707764,-1.0105984210968018,0.5593188405036926
0.3843687374749499,0.0,0.0,0.5,289,1785417122.18697,0.0,0.10147862881422043,-0.011999313719570637,0.5708726048469543,1,3.4677422046661377,5,13466,0,1,0,1,1.0,1,1,479,1.0,0.0,1,8,6,2147483693,-1,1,0,48,48,48,48,48,48,48,48,0,0,0,33,16,255,16,1,255,1,1,255,1,2,74.79914093017578,99.28765869140625,0.14552940428256989,0.008394279517233372,0.5354947447776794,0.33339783549308777,-0.9427815675735474,-0.0029775244183838367,0.040883276611566544,48.0,0.018396005034446716,44.0,0.001970931887626648,-7.741153240203857e-05,straight_run,3.4416422843933105,0.006836272310465574,-0.0032054660841822624,0.09754776209592819,-0.006567180156707764,-1.0105984210968018,0.5593188405036926
0.38577154308617234,0.0,0.0,0.5,289,1785417122.208056,0.0,0.10147862881422043,-0.011999313719570637,0.5708726048469543,1,3.4677422046661377,5,13466,0,1,0,1,1.0,1,1,479,1.0,0.0,1,8,6,2147483693,-1,1,0,48,48,48,48,48,48,48,48,0,0,0,33,16,255,16,1,255,1,1,255,1,2,74.79914093017578,99.28765869140625,0.14552940428256989,0.008394279517233372,0.5354947447776794,0.33339783549308777,-0.9427815675735474,-0.0029775244183838367,0.040883276611566544,48.0,0.018396005034446716,44.0,0.001970931887626648,-7.741153240203857e-05,straight_run,3.4416422843933105,0.006836272310465574,-0.0032054660841822624,0.09754776209592819,-0.006567180156707764,-1.0105984210968018,0.5593188405036926
0.38717434869739475,0.0,0.0,0.5,289,1785417122.231797,0.0,0.10147862881422043,-0.011999313719570637,0.5708726048469543,1,3.4677422046661377,5,13466,0,1,0,1,1.0,1,1,479,1.0,0.0,1,8,6,2147483693,-1,1,0,48,48,48,48,48,48,48,48,0,0,0,33,16,255,16,1,255,1,1,255,1,2,74.79914093017578,99.28765869140625,0.14552940428256989,0.008394279517233372,0.5354947447776794,0.33339783549308777,-0.9427815675735474,-0.0029775244183838367,0.040883276611566544,48.0,0.018396005034446716,44.0,0.001970931887626648,-7.741153240203857e-05,straight_run,3.4416422843933105,0.006836272310465574,-0.0032054660841822624,0.09754776209592819,-0.006567180156707764,-1.0105984210968018,0.5593188405036926
0.3885771543086172,0.0,0.0,0.5,289,1785417122.2567549,0.0,0.10147862881422043,-0.011999313719570637,0.5708726048469543,1,3.4677422046661377,5,13466,0,1,0,1,1.0,1,1,479,1.0,0.0,1,8,6,2147483693,-1,1,0,48,48,48,48,48,48,48,48,0,0,0,33,16,255,16,1,255,1,1,255,1,2,74.79914093017578,99.28765869140625,0.14552940428256989,0.008394279517233372,0.5354947447776794,0.33339783549308777,-0.9427815675735474,-0.0029775244183838367,0.040883276611566544,48.0,0.018396005034446716,44.0,0.001970931887626648,-7.741153240203857e-05,straight_run,3.4416422843933105,0.006836272310465574,-0.0032054660841822624,0.09754776209592819,-0.006567180156707764,-1.0105984210968018,0.5593188405036926
0.38997995991983964,0.0,0.0,0.5,289,1785417122.2818,0.0,0.10147862881422043,-0.011999313719570637,0.5708726048469543,1,3.4677422046661377,5,13466,0,1,0,1,1.0,1,1,479,1.0,0.0,1,8,6,2147483693,-1,1,0,48,48,48,48,48,48,48,48,0,0,0,33,16,255,16,1,255,1,1,255,1,2,74.79914093017578,99.28765869140625,0.14552940428256989,0.008394279517233372,0.5354947447776794,0.33339783549308777,-0.9427815675735474,-0.0029775244183838367,0.040883276611566544,48.0,0.018396005034446716,44.0,0.001970931887626648,-7.741153240203857e-05,straight_run,3.4416422843933105,0.006836272310465574,-0.0032054660841822624,0.09754776209592819,-0.006567180156707764,-1.0105984210968018,0.5593188405036926
0.3913827655310621,0.0,0.0,0.5,289,1785417122.30687,0.0,0.10147862881422043,-0.011999313719570637,0.5708726048469543,1,3.4677422046661377,5,13466,0,1,0,1,1.0,1,1,479,1.0,0.0,1,8,6,2147483693,-1,1,0,48,48,48,48,48,48,48,48,0,0,0,33,16,255,16,1,255,1,1,255,1,2,74.79914093017578,99.28765869140625,0.14552940428256989,0.008394279517233372,0.5354947447776794,0.33339783549308777,-0.9427815675735474,-0.0029775244183838367,0.040883276611566544,48.0,0.018396005034446716,44.0,0.001970931887626648,-7.741153240203857e-05,straight_run,3.4416422843933105,0.006836272310465574,-0.0032054660841822624,0.09754776209592819,-0.006567180156707764,-1.0105984210968018,0.5593188405036926
0.3927855711422846,0.0,0.0,0.5,289,1785417122.331819,0.0,0.10147862881422043,-0.011999313719570637,0.5708726048469543,1,3.4677422046661377,5,13466,0,1,0,1,1.0,1,1,479,1.0,0.0,1,8,6,2147483693,-1,1,0,48,48,48,48,48,48,48,48,0,0,0,33,16,255,16,1,255,1,1,255,1,2,74.79914093017578,99.28765869140625,0.14552940428256989,0.008394279517233372,0.5354947447776794,0.33339783549308777,-0.9427815675735474,-0.0029775244183838367,0.040883276611566544,48.0,0.018396005034446716,44.0,0.001970931887626648,-7.741153240203857e-05,straight_run,3.4416422843933105,0.006836272310465574,-0.0032054660841822624,0.09754776209592819,-0.006567180156707764,-1.0105984210968018,0.5593188405036926
0.394188376753507,0.0,0.0,0.5,289,1785417122.351903,0.0,0.10147862881422043,-0.011999313719570637,0.5708726048469543,1,3.4677422046661377,5,13466,0,1,0,1,1.0,1,1,479,1.0,0.0,1,8,6,2147483693,-1,1,0,48,48,48,48,48,48,48,48,0,0,0,33,16,255,16,1,255,1,1,255,1,2,74.79914093017578,99.28765869140625,0.14552940428256989,0.008394279517233372,0.5354947447776794,0.33339783549308777,-0.9427815675735474,-0.0029775244183838367,0.040883276611566544,48.0,0.018396005034446716,44.0,0.001970931887626648,-7.741153240203857e-05,straight_run,3.4416422843933105,0.006836272310465574,-0.0032054660841822624,0.09754776209592819,-0.006567180156707764,-1.0105984210968018,0.5593188405036926
0.39559118236472945,0.0,0.0,0.5,289,1785417122.374896,0.0,0.10147862881422043,-0.011999313719570637,0.5708726048469543,1,3.4677422046661377,5,13466,0,1,0,1,1.0,1,1,479,1.0,0.0,1,8,6,2147483693,-1,1,0,48,48,48,48,48,48,48,48,0,0,0,33,16,255,16,1,255,1,1,255,1,2,74.79914093017578,99.28765869140625,0.14552940428256989,0.008394279517233372,0.5354947447776794,0.33339783549308777,-0.9427815675735474,-0.0029775244183838367,0.040883276611566544,48.0,0.018396005034446716,44.0,0.001970931887626648,-7.741153240203857e-05,straight_run,3.4416422843933105,0.006836272310465574,-0.0032054660841822624,0.09754776209592819,-0.006567180156707764,-1.0105984210968018,0.5593188405036926
0.39699398797595187,0.0,0.0,0.5,289,1785417122.3970041,0.0,0.10147862881422043,-0.011999313719570637,0.5708726048469543,1,3.4677422046661377,5,13466,0,1,0,1,1.0,1,1,479,1.0,0.0,1,8,6,2147483693,-1,1,0,48,48,48,48,48,48,48,48,0,0,0,33,16,255,16,1,255,1,1,255,1,2,74.79914093017578,99.28765869140625,0.14552940428256989,0.008394279517233372,0.5354947447776794,0.33339783549308777,-0.9427815675735474,-0.0029775244183838367,0.040883276611566544,48.0,0.018396005034446716,44.0,0.001970931887626648,-7.741153240203857e-05,straight_run,3.4416422843933105,0.006836272310465574,-0.0032054660841822624,0.09754776209592819,-0.006567180156707764,-1.0105984210968018,0.5593188405036926
0.39839679358717434,0.0,0.0,0.5,289,1785417122.417529,0.0,0.10147862881422043,-0.011999313719570637,0.5708726048469543,1,3.4677422046661377,5,13466,0,1,0,1,1.0,1,1,479,1.0,0.0,1,8,6,2147483693,-1,1,0,48,48,48,48,48,48,48,48,0,0,0,33,16,255,16,1,255,1,1,255,1,2,74.79914093017578,99.28765869140625,0.14552940428256989,0.008394279517233372,0.5354947447776794,0.33339783549308777,-0.9427815675735474,-0.0029775244183838367,0.040883276611566544,48.0,0.018396005034446716,44.0,0.001970931887626648,-7.741153240203857e-05,straight_run,3.4416422843933105,0.006836272310465574,-0.0032054660841822624,0.09754776209592819,-0.006567180156707764,-1.0105984210968018,0.5593188405036926
0.3997995991983968,0.0,0.0,0.5,289,1785417122.440167,0.0,0.10147862881422043,-0.011999313719570637,0.5708726048469543,1,3.4677422046661377,5,13466,0,1,0,1,1.0,1,1,479,1.0,0.0,1,8,6,2147483693,-1,1,0,48,48,48,48,48,48,48,48,0,0,0,33,16,255,16,1,255,1,1,255,1,2,74.79914093017578,99.28765869140625,0.14552940428256989,0.008394279517233372,0.5354947447776794,0.33339783549308777,-0.9427815675735474,-0.0029775244183838367,0.040883276611566544,48.0,0.018396005034446716,44.0,0.001970931887626648,-7.741153240203857e-05,straight_run,3.4416422843933105,0.006836272310465574,-0.0032054660841822624,0.09754776209592819,-0.006567180156707764,-1.0105984210968018,0.5593188405036926
0.4012024048096192,0.0,0.0,0.5,289,1785417122.4608278,0.0,0.10147862881422043,-0.011999313719570637,0.5708726048469543,1,3.4677422046661377,5,13466,0,1,0,1,1.0,1,1,479,1.0,0.0,1,8,6,2147483693,-1,1,0,48,48,48,48,48,48,48,48,0,0,0,33,16,255,16,1,255,1,1,255,1,2,74.79914093017578,99.28765869140625,0.14552940428256989,0.008394279517233372,0.5354947447776794,0.33339783549308777,-0.9427815675735474,-0.0029775244183838367,0.040883276611566544,48.0,0.018396005034446716,44.0,0.001970931887626648,-7.741153240203857e-05,straight_run,3.4416422843933105,0.006836272310465574,-0.0032054660841822624,0.09754776209592819,-0.006567180156707764,-1.0105984210968018,0.5593188405036926
0.4026052104208417,0.0,0.0,0.5,289,1785417122.48114,0.0,0.10147862881422043,-0.011999313719570637,0.5708726048469543,1,3.4677422046661377,5,13466,0,1,0,1,1.0,1,1,479,1.0,0.0,1,8,6,2147483693,-1,1,0,48,48,48,48,48,48,48,48,0,0,0,33,16,255,16,1,255,1,1,255,1,2,74.79914093017578,99.28765869140625,0.14552940428256989,0.008394279517233372,0.5354947447776794,0.33339783549308777,-0.9427815675735474,-0.0029775244183838367,0.040883276611566544,48.0,0.018396005034446716,44.0,0.001970931887626648,-7.741153240203857e-05,straight_run,3.4416422843933105,0.006836272310465574,-0.0032054660841822624,0.09754776209592819,-0.006567180156707764,-1.0105984210968018,0.5593188405036926
0.4040080160320641,0.0,0.0,0.5,289,1785417122.5025961,0.0,0.10147862881422043,-0.011999313719570637,0.5708726048469543,1,3.4677422046661377,5,13466,0,1,0,1,1.0,1,1,479,1.0,0.0,1,8,6,2147483693,-1,1,0,48,48,48,48,48,48,48,48,0,0,0,33,16,255,16,1,255,1,1,255,1,2,74.79914093017578,99.28765869140625,0.14552940428256989,0.008394279517233372,0.5354947447776794,0.33339783549308777,-0.9427815675735474,-0.0029775244183838367,0.040883276611566544,48.0,0.018396005034446716,44.0,0.001970931887626648,-7.741153240203857e-05,straight_run,3.4416422843933105,0.006836272310465574,-0.0032054660841822624,0.09754776209592819,-0.006567180156707764,-1.0105984210968018,0.5593188405036926
0.40541082164328657,0.0,0.0,0.5,289,1785417122.52497,0.0,0.10147862881422043,-0.011999313719570637,0.5708726048469543,1,3.4677422046661377,5,13466,0,1,0,1,1.0,1,1,479,1.0,0.0,1,8,6,2147483693,-1,1,0,48,48,48,48,48,48,48,48,0,0,0,33,16,255,16,1,255,1,1,255,1,2,74.79914093017578,99.28765869140625,0.14552940428256989,0.008394279517233372,0.5354947447776794,0.33339783549308777,-0.9427815675735474,-0.0029775244183838367,0.040883276611566544,48.0,0.018396005034446716,44.0,0.001970931887626648,-7.741153240203857e-05,straight_run,3.4416422843933105,0.006836272310465574,-0.0032054660841822624,0.09754776209592819,-0.006567180156707764,-1.0105984210968018,0.5593188405036926
0.40681362725450904,0.0,0.0,0.5,289,1785417122.5500429,0.0,0.10147862881422043,-0.011999313719570637,0.5708726048469543,1,3.4677422046661377,5,13466,0,1,0,1,1.0,1,1,479,1.0,0.0,1,8,6,2147483693,-1,1,0,48,48,48,48,48,48,48,48,0,0,0,33,16,255,16,1,255,1,1,255,1,2,74.79914093017578,99.28765869140625,0.14552940428256989,0.008394279517233372,0.5354947447776794,0.33339783549308777,-0.9427815675735474,-0.0029775244183838367,0.040883276611566544,48.0,0.018396005034446716,44.0,0.001970931887626648,-7.741153240203857e-05,straight_run,3.4416422843933105,0.006836272310465574,-0.0032054660841822624,0.09754776209592819,-0.006567180156707764,-1.0105984210968018,0.5593188405036926
0.40821643286573145,0.0,0.0,0.5,289,1785417122.5735319,0.0,0.10147862881422043,-0.011999313719570637,0.5708726048469543,1,3.4677422046661377,5,13466,0,1,0,1,1.0,1,1,479,1.0,0.0,1,8,6,2147483693,-1,1,0,48,48,48,48,48,48,48,48,0,0,0,33,16,255,16,1,255,1,1,255,1,2,74.79914093017578,99.28765869140625,0.14552940428256989,0.008394279517233372,0.5354947447776794,0.33339783549308777,-0.9427815675735474,-0.0029775244183838367,0.040883276611566544,48.0,0.018396005034446716,44.0,0.001970931887626648,-7.741153240203857e-05,straight_run,3.4416422843933105,0.006836272310465574,-0.0032054660841822624,0.09754776209592819,-0.006567180156707764,-1.0105984210968018,0.5593188405036926
0.4096192384769539,0.0,0.0,0.5,289,1785417122.5986712,0.0,0.10147862881422043,-0.011999313719570637,0.5708726048469543,1,3.4677422046661377,5,13466,0,1,0,1,1.0,1,1,479,1.0,0.0,1,8,6,2147483693,-1,1,0,48,48,48,48,48,48,48,48,0,0,0,33,16,255,16,1,255,1,1,255,1,2,74.79914093017578,99.28765869140625,0.14552940428256989,0.008394279517233372,0.5354947447776794,0.33339783549308777,-0.9427815675735474,-0.0029775244183838367,0.040883276611566544,48.0,0.018396005034446716,44.0,0.001970931887626648,-7.741153240203857e-05,straight_run,3.4416422843933105,0.006836272310465574,-0.0032054660841822624,0.09754776209592819,-0.006567180156707764,-1.0105984210968018,0.5593188405036926
0.41102204408817633,0.0,0.0,0.5,289,1785417122.619618,0.0,0.10147862881422043,-0.011999313719570637,0.5708726048469543,1,3.4677422046661377,5,13466,0,1,0,1,1.0,1,1,479,1.0,0.0,1,8,6,2147483693,-1,1,0,48,48,48,48,48,48,48,48,0,0,0,33,16,255,16,1,255,1,1,255,1,2,74.79914093017578,99.28765869140625,0.14552940428256989,0.008394279517233372,0.5354947447776794,0.33339783549308777,-0.9427815675735474,-0.0029775244183838367,0.040883276611566544,48.0,0.018396005034446716,44.0,0.001970931887626648,-7.741153240203857e-05,straight_run,3.4416422843933105,0.006836272310465574,-0.0032054660841822624,0.09754776209592819,-0.006567180156707764,-1.0105984210968018,0.5593188405036926
0.4124248496993988,0.0,0.0,0.5,289,1785417122.6442869,0.0,0.10147862881422043,-0.011999313719570637,0.5708726048469543,1,3.4677422046661377,5,13466,0,1,0,1,1.0,1,1,479,1.0,0.0,1,8,6,2147483693,-1,1,0,48,48,48,48,48,48,48,48,0,0,0,33,16,255,16,1,255,1,1,255,1,2,74.79914093017578,99.28765869140625,0.14552940428256989,0.008394279517233372,0.5354947447776794,0.33339783549308777,-0.9427815675735474,-0.0029775244183838367,0.040883276611566544,48.0,0.018396005034446716,44.0,0.001970931887626648,-7.741153240203857e-05,straight_run,3.4416422843933105,0.006836272310465574,-0.0032054660841822624,0.09754776209592819,-0.006567180156707764,-1.0105984210968018,0.5593188405036926
0.41382765531062127,0.0,0.0,0.5,289,1785417122.666417,0.0,0.10147862881422043,-0.011999313719570637,0.5708726048469543,1,3.4677422046661377,5,13466,0,1,0,1,1.0,1,1,479,1.0,0.0,1,8,6,2147483693,-1,1,0,48,48,48,48,48,48,48,48,0,0,0,33,16,255,16,1,255,1,1,255,1,2,74.79914093017578,99.28765869140625,0.14552940428256989,0.008394279517233372,0.5354947447776794,0.33339783549308777,-0.9427815675735474,-0.0029775244183838367,0.040883276611566544,48.0,0.018396005034446716,44.0,0.001970931887626648,-7.741153240203857e-05,straight_run,3.4416422843933105,0.006836272310465574,-0.0032054660841822624,0.09754776209592819,-0.006567180156707764,-1.0105984210968018,0.5593188405036926
0.4152304609218437,0.0,0.0,0.5,289,1785417122.686878,0.0,0.10147862881422043,-0.011999313719570637,0.5708726048469543,1,3.4677422046661377,5,13466,0,1,0,1,1.0,1,1,479,1.0,0.0,1,8,6,2147483693,-1,1,0,48,48,48,48,48,48,48,48,0,0,0,33,16,255,16,1,255,1,1,255,1,2,74.79914093017578,99.28765869140625,0.14552940428256989,0.008394279517233372,0.5354947447776794,0.33339783549308777,-0.9427815675735474,-0.0029775244183838367,0.040883276611566544,48.0,0.018396005034446716,44.0,0.001970931887626648,-7.741153240203857e-05,straight_run,3.4416422843933105,0.006836272310465574,-0.0032054660841822624,0.09754776209592819,-0.006567180156707764,-1.0105984210968018,0.5593188405036926
0.41663326653306615,0.0,0.0,0.5,289,1785417122.711927,0.0,0.10147862881422043,-0.011999313719570637,0.5708726048469543,1,3.4677422046661377,5,13466,0,1,0,1,1.0,1,1,479,1.0,0.0,1,8,6,2147483693,-1,1,0,48,48,48,48,48,48,48,48,0,0,0,33,16,255,16,1,255,1,1,255,1,2,74.79914093017578,99.28765869140625,0.14552940428256989,0.008394279517233372,0.5354947447776794,0.33339783549308777,-0.9427815675735474,-0.0029775244183838367,0.040883276611566544,48.0,0.018396005034446716,44.0,0.001970931887626648,-7.741153240203857e-05,straight_run,3.4416422843933105,0.006836272310465574,-0.0032054660841822624,0.09754776209592819,-0.006567180156707764,-1.0105984210968018,0.5593188405036926
0.41803607214428856,0.0,0.0,0.5,289,1785417122.7331579,0.0,0.10147862881422043,-0.011999313719570637,0.5708726048469543,1,3.4677422046661377,5,13466,0,1,0,1,1.0,1,1,479,1.0,0.0,1,8,6,2147483693,-1,1,0,48,48,48,48,48,48,48,48,0,0,0,33,16,255,16,1,255,1,1,255,1,2,74.79914093017578,99.28765869140625,0.14552940428256989,0.008394279517233372,0.5354947447776794,0.33339783549308777,-0.9427815675735474,-0.0029775244183838367,0.040883276611566544,48.0,0.018396005034446716,44.0,0.001970931887626648,-7.741153240203857e-05,straight_run,3.4416422843933105,0.006836272310465574,-0.0032054660841822624,0.09754776209592819,-0.006567180156707764,-1.0105984210968018,0.5593188405036926
0.41943887775551103,0.0,0.0,0.5,289,1785417122.757143,0.0,0.10147862881422043,-0.011999313719570637,0.5708726048469543,1,3.4677422046661377,5,13466,0,1,0,1,1.0,1,1,479,1.0,0.0,1,8,6,2147483693,-1,1,0,48,48,48,48,48,48,48,48,0,0,0,33,16,255,16,1,255,1,1,255,1,2,74.79914093017578,99.28765869140625,0.14552940428256989,0.008394279517233372,0.5354947447776794,0.33339783549308777,-0.9427815675735474,-0.0029775244183838367,0.040883276611566544,48.0,0.018396005034446716,44.0,0.001970931887626648,-7.741153240203857e-05,straight_run,3.4416422843933105,0.006836272310465574,-0.0032054660841822624,0.09754776209592819,-0.006567180156707764,-1.0105984210968018,0.5593188405036926
0.4208416833667335,0.0,0.0,0.5,289,1785417122.7790232,0.0,0.10147862881422043,-0.011999313719570637,0.5708726048469543,1,3.4677422046661377,5,13466,0,1,0,1,1.0,1,1,479,1.0,0.0,1,8,6,2147483693,-1,1,0,48,48,48,48,48,48,48,48,0,0,0,33,16,255,16,1,255,1,1,255,1,2,74.79914093017578,99.28765869140625,0.14552940428256989,0.008394279517233372,0.5354947447776794,0.33339783549308777,-0.9427815675735474,-0.0029775244183838367,0.040883276611566544,48.0,0.018396005034446716,44.0,0.001970931887626648,-7.741153240203857e-05,straight_run,3.4416422843933105,0.006836272310465574,-0.0032054660841822624,0.09754776209592819,-0.006567180156707764,-1.0105984210968018,0.5593188405036926
0.4222444889779559,0.0,0.0,0.5,289,1785417122.8005528,0.0,0.10147862881422043,-0.011999313719570637,0.5708726048469543,1,3.4677422046661377,5,13466,0,1,0,1,1.0,1,1,479,1.0,0.0,1,8,6,2147483693,-1,1,0,48,48,48,48,48,48,48,48,0,0,0,33,16,255,16,1,255,1,1,255,1,2,74.79914093017578,99.28765869140625,0.14552940428256989,0.008394279517233372,0.5354947447776794,0.33339783549308777,-0.9427815675735474,-0.0029775244183838367,0.040883276611566544,48.0,0.018396005034446716,44.0,0.001970931887626648,-7.741153240203857e-05,straight_run,3.4416422843933105,0.006836272310465574,-0.0032054660841822624,0.09754776209592819,-0.006567180156707764,-1.0105984210968018,0.5593188405036926
0.4236472945891784,0.0,0.0,0.5,289,1785417122.822697,0.0,0.10147862881422043,-0.011999313719570637,0.5708726048469543,1,3.4677422046661377,5,13466,0,1,0,1,1.0,1,1,479,1.0,0.0,1,8,6,2147483693,-1,1,0,48,48,48,48,48,48,48,48,0,0,0,33,16,255,16,1,255,1,1,255,1,2,74.79914093017578,99.28765869140625,0.14552940428256989,0.008394279517233372,0.5354947447776794,0.33339783549308777,-0.9427815675735474,-0.0029775244183838367,0.040883276611566544,48.0,0.018396005034446716,44.0,0.001970931887626648,-7.741153240203857e-05,straight_run,3.4416422843933105,0.006836272310465574,-0.0032054660841822624,0.09754776209592819,-0.006567180156707764,-1.0105984210968018,0.5593188405036926
0.4250501002004008,0.0,0.0,0.5,289,1785417122.845978,0.0,0.10147862881422043,-0.011999313719570637,0.5708726048469543,1,3.4677422046661377,5,13466,0,1,0,1,1.0,1,1,479,1.0,0.0,1,8,6,2147483693,-1,1,0,48,48,48,48,48,48,48,48,0,0,0,33,16,255,16,1,255,1,1,255,1,2,74.79914093017578,99.28765869140625,0.14552940428256989,0.008394279517233372,0.5354947447776794,0.33339783549308777,-0.9427815675735474,-0.0029775244183838367,0.040883276611566544,48.0,0.018396005034446716,44.0,0.001970931887626648,-7.741153240203857e-05,straight_run,3.4416422843933105,0.006836272310465574,-0.0032054660841822624,0.09754776209592819,-0.006567180156707764,-1.0105984210968018,0.5593188405036926
0.42645290581162326,0.0,0.0,0.5,289,1785417122.867935,0.0,0.10147862881422043,-0.011999313719570637,0.5708726048469543,1,3.4677422046661377,5,13466,0,1,0,1,1.0,1,1,479,1.0,0.0,1,8,6,2147483693,-1,1,0,48,48,48,48,48,48,48,48,0,0,0,33,16,255,16,1,255,1,1,255,1,2,74.79914093017578,99.28765869140625,0.14552940428256989,0.008394279517233372,0.5354947447776794,0.33339783549308777,-0.9427815675735474,-0.0029775244183838367,0.040883276611566544,48.0,0.018396005034446716,44.0,0.001970931887626648,-7.741153240203857e-05,straight_run,3.4416422843933105,0.006836272310465574,-0.0032054660841822624,0.09754776209592819,-0.006567180156707764,-1.0105984210968018,0.5593188405036926
0.4278557114228456,0.0,0.0,0.5,289,1785417122.8900638,0.0,0.10147862881422043,-0.011999313719570637,0.5708726048469543,1,3.4677422046661377,5,13466,0,1,0,1,1.0,1,1,479,1.0,0.0,1,8,6,2147483693,-1,1,0,48,48,48,48,48,48,48,48,0,0,0,33,16,255,16,1,255,1,1,255,1,2,74.79914093017578,99.28765869140625,0.14552940428256989,0.008394279517233372,0.5354947447776794,0.33339783549308777,-0.9427815675735474,-0.0029775244183838367,0.040883276611566544,48.0,0.018396005034446716,44.0,0.001970931887626648,-7.741153240203857e-05,straight_run,3.4416422843933105,0.006836272310465574,-0.0032054660841822624,0.09754776209592819,-0.006567180156707764,-1.0105984210968018,0.5593188405036926
0.4292585170340681,0.0,0.0,0.5,289,1785417122.911387,0.0,0.10147862881422043,-0.011999313719570637,0.5708726048469543,1,3.4677422046661377,5,13466,0,1,0,1,1.0,1,1,479,1.0,0.0,1,8,6,2147483693,-1,1,0,48,48,48,48,48,48,48,48,0,0,0,33,16,255,16,1,255,1,1,255,1,2,74.79914093017578,99.28765869140625,0.14552940428256989,0.008394279517233372,0.5354947447776794,0.33339783549308777,-0.9427815675735474,-0.0029775244183838367,0.040883276611566544,48.0,0.018396005034446716,44.0,0.001970931887626648,-7.741153240203857e-05,straight_run,3.4416422843933105,0.006836272310465574,-0.0032054660841822624,0.09754776209592819,-0.006567180156707764,-1.0105984210968018,0.5593188405036926
0.4306613226452905,0.0,0.0,0.5,289,1785417122.93183,0.0,0.10147862881422043,-0.011999313719570637,0.5708726048469543,1,3.4677422046661377,5,13466,0,1,0,1,1.0,1,1,479,1.0,0.0,1,8,6,2147483693,-1,1,0,48,48,48,48,48,48,48,48,0,0,0,33,16,255,16,1,255,1,1,255,1,2,74.79914093017578,99.28765869140625,0.14552940428256989,0.008394279517233372,0.5354947447776794,0.33339783549308777,-0.9427815675735474,-0.0029775244183838367,0.040883276611566544,48.0,0.018396005034446716,44.0,0.001970931887626648,-7.741153240203857e-05,straight_run,3.4416422843933105,0.006836272310465574,-0.0032054660841822624,0.09754776209592819,-0.006567180156707764,-1.0105984210968018,0.5593188405036926
0.43206412825651297,0.0,0.0,0.5,289,1785417122.9536378,0.0,0.10147862881422043,-0.011999313719570637,0.5708726048469543,1,3.4677422046661377,5,13466,0,1,0,1,1.0,1,1,479,1.0,0.0,1,8,6,2147483693,-1,1,0,48,48,48,48,48,48,48,48,0,0,0,33,16,255,16,1,255,1,1,255,1,2,74.79914093017578,99.28765869140625,0.14552940428256989,0.008394279517233372,0.5354947447776794,0.33339783549308777,-0.9427815675735474,-0.0029775244183838367,0.040883276611566544,48.0,0.018396005034446716,44.0,0.001970931887626648,-7.741153240203857e-05,straight_run,3.4416422843933105,0.006836272310465574,-0.0032054660841822624,0.09754776209592819,-0.006567180156707764,-1.0105984210968018,0.5593188405036926
0.43346693386773544,0.0,0.0,0.5,289,1785417122.9787252,0.0,0.10147862881422043,-0.011999313719570637,0.5708726048469543,1,3.4677422046661377,5,13466,0,1,0,1,1.0,1,1,479,1.0,0.0,1,8,6,2147483693,-1,1,0,48,48,48,48,48,48,48,48,0,0,0,33,16,255,16,1,255,1,1,255,1,2,74.79914093017578,99.28765869140625,0.14552940428256989,0.008394279517233372,0.5354947447776794,0.33339783549308777,-0.9427815675735474,-0.0029775244183838367,0.040883276611566544,48.0,0.018396005034446716,44.0,0.001970931887626648,-7.741153240203857e-05,straight_run,3.4416422843933105,0.006836272310465574,-0.0032054660841822624,0.09754776209592819,-0.006567180156707764,-1.0105984210968018,0.5593188405036926
0.43486973947895785,0.0,0.0,0.5,289,1785417123.002698,0.0,0.10147862881422043,-0.011999313719570637,0.5708726048469543,1,3.4677422046661377,5,13466,0,1,0,1,1.0,1,1,479,1.0,0.0,1,8,6,2147483693,-1,1,0,48,48,48,48,48,48,48,48,0,0,0,33,16,255,16,1,255,1,1,255,1,2,74.79914093017578,99.28765869140625,0.14552940428256989,0.008394279517233372,0.5354947447776794,0.33339783549308777,-0.9427815675735474,-0.0029775244183838367,0.040883276611566544,48.0,0.018396005034446716,44.0,0.001970931887626648,-7.741153240203857e-05,straight_run,3.4416422843933105,0.006836272310465574,-0.0032054660841822624,0.09754776209592819,-0.006567180156707764,-1.0105984210968018,0.5593188405036926
0.4362725450901803,0.0,0.0,0.5,289,1785417123.026647,0.0,0.10147862881422043,-0.011999313719570637,0.5708726048469543,1,3.4677422046661377,5,13466,0,1,0,1,1.0,1,1,479,1.0,0.0,1,8,6,2147483693,-1,1,0,48,48,48,48,48,48,48,48,0,0,0,33,16,255,16,1,255,1,1,255,1,2,74.79914093017578,99.28765869140625,0.14552940428256989,0.008394279517233372,0.5354947447776794,0.33339783549308777,-0.9427815675735474,-0.0029775244183838367,0.040883276611566544,48.0,0.018396005034446716,44.0,0.001970931887626648,-7.741153240203857e-05,straight_run,3.4416422843933105,0.006836272310465574,-0.0032054660841822624,0.09754776209592819,-0.006567180156707764,-1.0105984210968018,0.5593188405036926
0.43767535070140273,0.0,0.0,0.5,289,1785417123.0490398,0.0,0.10147862881422043,-0.011999313719570637,0.5708726048469543,1,3.4677422046661377,5,13466,0,1,0,1,1.0,1,1,479,1.0,0.0,1,8,6,2147483693,-1,1,0,48,48,48,48,48,48,48,48,0,0,0,33,16,255,16,1,255,1,1,255,1,2,74.79914093017578,99.28765869140625,0.14552940428256989,0.008394279517233372,0.5354947447776794,0.33339783549308777,-0.9427815675735474,-0.0029775244183838367,0.040883276611566544,48.0,0.018396005034446716,44.0,0.001970931887626648,-7.741153240203857e-05,straight_run,3.4416422843933105,0.006836272310465574,-0.0032054660841822624,0.09754776209592819,-0.006567180156707764,-1.0105984210968018,0.5593188405036926
0.4390781563126252,0.0,0.0,0.5,289,1785417123.069122,0.0,0.10147862881422043,-0.011999313719570637,0.5708726048469543,1,3.4677422046661377,5,13466,0,1,0,1,1.0,1,1,479,1.0,0.0,1,8,6,2147483693,-1,1,0,48,48,48,48,48,48,48,48,0,0,0,33,16,255,16,1,255,1,1,255,1,2,74.79914093017578,99.28765869140625,0.14552940428256989,0.008394279517233372,0.5354947447776794,0.33339783549308777,-0.9427815675735474,-0.0029775244183838367,0.040883276611566544,48.0,0.018396005034446716,44.0,0.001970931887626648,-7.741153240203857e-05,straight_run,3.4416422843933105,0.006836272310465574,-0.0032054660841822624,0.09754776209592819,-0.006567180156707764,-1.0105984210968018,0.5593188405036926
0.4404809619238476,0.0,0.0,0.5,289,1785417123.091274,0.0,0.10147862881422043,-0.011999313719570637,0.5708726048469543,1,3.4677422046661377,5,13466,0,1,0,1,1.0,1,1,479,1.0,0.0,1,8,6,2147483693,-1,1,0,48,48,48,48,48,48,48,48,0,0,0,33,16,255,16,1,255,1,1,255,1,2,74.79914093017578,99.28765869140625,0.14552940428256989,0.008394279517233372,0.5354947447776794,0.33339783549308777,-0.9427815675735474,-0.0029775244183838367,0.040883276611566544,48.0,0.018396005034446716,44.0,0.001970931887626648,-7.741153240203857e-05,straight_run,3.4416422843933105,0.006836272310465574,-0.0032054660841822624,0.09754776209592819,-0.006567180156707764,-1.0105984210968018,0.5593188405036926
0.4418837675350701,0.0,0.0,0.5,289,1785417123.11635,0.0,0.10147862881422043,-0.011999313719570637,0.5708726048469543,1,3.4677422046661377,5,13466,0,1,0,1,1.0,1,1,479,1.0,0.0,1,8,6,2147483693,-1,1,0,48,48,48,48,48,48,48,48,0,0,0,33,16,255,16,1,255,1,1,255,1,2,74.79914093017578,99.28765869140625,0.14552940428256989,0.008394279517233372,0.5354947447776794,0.33339783549308777,-0.9427815675735474,-0.0029775244183838367,0.040883276611566544,48.0,0.018396005034446716,44.0,0.001970931887626648,-7.741153240203857e-05,straight_run,3.4416422843933105,0.006836272310465574,-0.0032054660841822624,0.09754776209592819,-0.006567180156707764,-1.0105984210968018,0.5593188405036926
0.44328657314629255,0.0,0.0,0.5,289,1785417123.137444,0.0,0.10147862881422043,-0.011999313719570637,0.5708726048469543,1,3.4677422046661377,5,13466,0,1,0,1,1.0,1,1,479,1.0,0.0,1,8,6,2147483693,-1,1,0,48,48,48,48,48,48,48,48,0,0,0,33,16,255,16,1,255,1,1,255,1,2,74.79914093017578,99.28765869140625,0.14552940428256989,0.008394279517233372,0.5354947447776794,0.33339783549308777,-0.9427815675735474,-0.0029775244183838367,0.040883276611566544,48.0,0.018396005034446716,44.0,0.001970931887626648,-7.741153240203857e-05,straight_run,3.4416422843933105,0.006836272310465574,-0.0032054660841822624,0.09754776209592819,-0.006567180156707764,-1.0105984210968018,0.5593188405036926
0.44468937875751496,0.0,0.0,0.5,289,1785417123.157729,0.0,0.10147862881422043,-0.011999313719570637,0.5708726048469543,1,3.4677422046661377,5,13466,0,1,0,1,1.0,1,1,479,1.0,0.0,1,8,6,2147483693,-1,1,0,48,48,48,48,48,48,48,48,0,0,0,33,16,255,16,1,255,1,1,255,1,2,74.79914093017578,99.28765869140625,0.14552940428256989,0.008394279517233372,0.5354947447776794,0.33339783549308777,-0.9427815675735474,-0.0029775244183838367,0.040883276611566544,48.0,0.018396005034446716,44.0,0.001970931887626648,-7.741153240203857e-05,straight_run,3.4416422843933105,0.006836272310465574,-0.0032054660841822624,0.09754776209592819,-0.006567180156707764,-1.0105984210968018,0.5593188405036926
0.44609218436873743,0.0,0.0,0.5,289,1785417123.182694,0.0,0.10147862881422043,-0.011999313719570637,0.5708726048469543,1,3.4677422046661377,5,13466,0,1,0,1,1.0,1,1,479,1.0,0.0,1,8,6,2147483693,-1,1,0,48,48,48,48,48,48,48,48,0,0,0,33,16,255,16,1,255,1,1,255,1,2,74.79914093017578,99.28765869140625,0.14552940428256989,0.008394279517233372,0.5354947447776794,0.33339783549308777,-0.9427815675735474,-0.0029775244183838367,0.040883276611566544,48.0,0.018396005034446716,44.0,0.001970931887626648,-7.741153240203857e-05,straight_run,3.4416422843933105,0.006836272310465574,-0.0032054660841822624,0.09754776209592819,-0.006567180156707764,-1.0105984210968018,0.5593188405036926
0.44749498997995985,0.0,0.0,0.5,289,1785417123.207767,0.0,0.10147862881422043,-0.011999313719570637,0.5708726048469543,1,3.4677422046661377,5,13466,0,1,0,1,1.0,1,1,479,1.0,0.0,1,8,6,2147483693,-1,1,0,48,48,48,48,48,48,48,48,0,0,0,33,16,255,16,1,255,1,1,255,1,2,74.79914093017578,99.28765869140625,0.14552940428256989,0.008394279517233372,0.5354947447776794,0.33339783549308777,-0.9427815675735474,-0.0029775244183838367,0.040883276611566544,48.0,0.018396005034446716,44.0,0.001970931887626648,-7.741153240203857e-05,straight_run,3.4416422843933105,0.006836272310465574,-0.0032054660841822624,0.09754776209592819,-0.006567180156707764,-1.0105984210968018,0.5593188405036926
0.4488977955911823,0.0,0.0,0.5,289,1785417123.231828,0.0,0.10147862881422043,-0.011999313719570637,0.5708726048469543,1,3.4677422046661377,5,13466,0,1,0,1,1.0,1,1,479,1.0,0.0,1,8,6,2147483693,-1,1,0,48,48,48,48,48,48,48,48,0,0,0,33,16,255,16,1,255,1,1,255,1,2,74.79914093017578,99.28765869140625,0.14552940428256989,0.008394279517233372,0.5354947447776794,0.33339783549308777,-0.9427815675735474,-0.0029775244183838367,0.040883276611566544,48.0,0.018396005034446716,44.0,0.001970931887626648,-7.741153240203857e-05,straight_run,3.4416422843933105,0.006836272310465574,-0.0032054660841822624,0.09754776209592819,-0.006567180156707764,-1.0105984210968018,0.5593188405036926
0.4503006012024048,0.0,0.0,0.5,289,1785417123.255562,0.0,0.10147862881422043,-0.011999313719570637,0.5708726048469543,1,3.4677422046661377,5,13466,0,1,0,1,1.0,1,1,479,1.0,0.0,1,8,6,2147483693,-1,1,0,48,48,48,48,48,48,48,48,0,0,0,33,16,255,16,1,255,1,1,255,1,2,74.79914093017578,99.28765869140625,0.14552940428256989,0.008394279517233372,0.5354947447776794,0.33339783549308777,-0.9427815675735474,-0.0029775244183838367,0.040883276611566544,48.0,0.018396005034446716,44.0,0.001970931887626648,-7.741153240203857e-05,straight_run,3.4416422843933105,0.006836272310465574,-0.0032054660841822624,0.09754776209592819,-0.006567180156707764,-1.0105984210968018,0.5593188405036926
0.4517034068136272,0.0,0.0,0.5,289,1785417123.277857,0.0,0.10147862881422043,-0.011999313719570637,0.5708726048469543,1,3.4677422046661377,5,13466,0,1,0,1,1.0,1,1,479,1.0,0.0,1,8,6,2147483693,-1,1,0,48,48,48,48,48,48,48,48,0,0,0,33,16,255,16,1,255,1,1,255,1,2,74.79914093017578,99.28765869140625,0.14552940428256989,0.008394279517233372,0.5354947447776794,0.33339783549308777,-0.9427815675735474,-0.0029775244183838367,0.040883276611566544,48.0,0.018396005034446716,44.0,0.001970931887626648,-7.741153240203857e-05,straight_run,3.4416422843933105,0.006836272310465574,-0.0032054660841822624,0.09754776209592819,-0.006567180156707764,-1.0105984210968018,0.5593188405036926
0.45310621242484966,0.0,0.0,0.5,289,1785417123.299874,0.0,0.10147862881422043,-0.011999313719570637,0.5708726048469543,1,3.4677422046661377,5,13466,0,1,0,1,1.0,1,1,479,1.0,0.0,1,8,6,2147483693,-1,1,0,48,48,48,48,48,48,48,48,0,0,0,33,16,255,16,1,255,1,1,255,1,2,74.79914093017578,99.28765869140625,0.14552940428256989,0.008394279517233372,0.5354947447776794,0.33339783549308777,-0.9427815675735474,-0.0029775244183838367,0.040883276611566544,48.0,0.018396005034446716,44.0,0.001970931887626648,-7.741153240203857e-05,straight_run,3.4416422843933105,0.006836272310465574,-0.0032054660841822624,0.09754776209592819,-0.006567180156707764,-1.0105984210968018,0.5593188405036926
0.4545090180360721,0.0,0.0,0.5,289,1785417123.321368,0.0,0.10147862881422043,-0.011999313719570637,0.5708726048469543,1,3.4677422046661377,5,13466,0,1,0,1,1.0,1,1,479,1.0,0.0,1,8,6,2147483693,-1,1,0,48,48,48,48,48,48,48,48,0,0,0,33,16,255,16,1,255,1,1,255,1,2,74.79914093017578,99.28765869140625,0.14552940428256989,0.008394279517233372,0.5354947447776794,0.33339783549308777,-0.9427815675735474,-0.0029775244183838367,0.040883276611566544,48.0,0.018396005034446716,44.0,0.001970931887626648,-7.741153240203857e-05,straight_run,3.4416422843933105,0.006836272310465574,-0.0032054660841822624,0.09754776209592819,-0.006567180156707764,-1.0105984210968018,0.5593188405036926
0.45591182364729455,0.0,0.0,0.5,289,1785417123.34511,0.0,0.10147862881422043,-0.011999313719570637,0.5708726048469543,1,3.4677422046661377,5,13466,0,1,0,1,1.0,1,1,479,1.0,0.0,1,8,6,2147483693,-1,1,0,48,48,48,48,48,48,48,48,0,0,0,33,16,255,16,1,255,1,1,255,1,2,74.79914093017578,99.28765869140625,0.14552940428256989,0.008394279517233372,0.5354947447776794,0.33339783549308777,-0.9427815675735474,-0.0029775244183838367,0.040883276611566544,48.0,0.018396005034446716,44.0,0.001970931887626648,-7.741153240203857e-05,straight_run,3.4416422843933105,0.006836272310465574,-0.0032054660841822624,0.09754776209592819,-0.006567180156707764,-1.0105984210968018,0.5593188405036926
0.457314629258517,0.0,0.0,0.5,289,1785417123.3665018,0.0,0.10147862881422043,-0.011999313719570637,0.5708726048469543,1,3.4677422046661377,5,13466,0,1,0,1,1.0,1,1,479,1.0,0.0,1,8,6,2147483693,-1,1,0,48,48,48,48,48,48,48,48,0,0,0,33,16,255,16,1,255,1,1,255,1,2,74.79914093017578,99.28765869140625,0.14552940428256989,0.008394279517233372,0.5354947447776794,0.33339783549308777,-0.9427815675735474,-0.0029775244183838367,0.040883276611566544,48.0,0.018396005034446716,44.0,0.001970931887626648,-7.741153240203857e-05,straight_run,3.4416422843933105,0.006836272310465574,-0.0032054660841822624,0.09754776209592819,-0.006567180156707764,-1.0105984210968018,0.5593188405036926
0.4587174348697394,0.0,0.0,0.5,289,1785417123.3903391,0.0,0.10147862881422043,-0.011999313719570637,0.5708726048469543,1,3.4677422046661377,5,13466,0,1,0,1,1.0,1,1,479,1.0,0.0,1,8,6,2147483693,-1,1,0,48,48,48,48,48,48,48,48,0,0,0,33,16,255,16,1,255,1,1,255,1,2,74.79914093017578,99.28765869140625,0.14552940428256989,0.008394279517233372,0.5354947447776794,0.33339783549308777,-0.9427815675735474,-0.0029775244183838367,0.040883276611566544,48.0,0.018396005034446716,44.0,0.001970931887626648,-7.741153240203857e-05,straight_run,3.4416422843933105,0.006836272310465574,-0.0032054660841822624,0.09754776209592819,-0.006567180156707764,-1.0105984210968018,0.5593188405036926
0.4601202404809619,0.0,0.0,0.5,289,1785417123.413425,0.0,0.10147862881422043,-0.011999313719570637,0.5708726048469543,1,3.4677422046661377,5,13466,0,1,0,1,1.0,1,1,479,1.0,0.0,1,8,6,2147483693,-1,1,0,48,48,48,48,48,48,48,48,0,0,0,33,16,255,16,1,255,1,1,255,1,2,74.79914093017578,99.28765869140625,0.14552940428256989,0.008394279517233372,0.5354947447776794,0.33339783549308777,-0.9427815675735474,-0.0029775244183838367,0.040883276611566544,48.0,0.018396005034446716,44.0,0.001970931887626648,-7.741153240203857e-05,straight_run,3.4416422843933105,0.006836272310465574,-0.0032054660841822624,0.09754776209592819,-0.006567180156707764,-1.0105984210968018,0.5593188405036926
0.4615230460921843,0.0,0.0,0.5,289,1785417123.433799,0.0,0.10147862881422043,-0.011999313719570637,0.5708726048469543,1,3.4677422046661377,5,13466,0,1,0,1,1.0,1,1,479,1.0,0.0,1,8,6,2147483693,-1,1,0,48,48,48,48,48,48,48,48,0,0,0,33,16,255,16,1,255,1,1,255,1,2,74.79914093017578,99.28765869140625,0.14552940428256989,0.008394279517233372,0.5354947447776794,0.33339783549308777,-0.9427815675735474,-0.0029775244183838367,0.040883276611566544,48.0,0.018396005034446716,44.0,0.001970931887626648,-7.741153240203857e-05,straight_run,3.4416422843933105,0.006836272310465574,-0.0032054660841822624,0.09754776209592819,-0.006567180156707764,-1.0105984210968018,0.5593188405036926
0.4629258517034068,0.0,0.0,0.5,289,1785417123.4566588,0.0,0.10147862881422043,-0.011999313719570637,0.5708726048469543,1,3.4677422046661377,5,13466,0,1,0,1,1.0,1,1,479,1.0,0.0,1,8,6,2147483693,-1,1,0,48,48,48,48,48,48,48,48,0,0,0,33,16,255,16,1,255,1,1,255,1,2,74.79914093017578,99.28765869140625,0.14552940428256989,0.008394279517233372,0.5354947447776794,0.33339783549308777,-0.9427815675735474,-0.0029775244183838367,0.040883276611566544,48.0,0.018396005034446716,44.0,0.001970931887626648,-7.741153240203857e-05,straight_run,3.4416422843933105,0.006836272310465574,-0.0032054660841822624,0.09754776209592819,-0.006567180156707764,-1.0105984210968018,0.5593188405036926
0.46432865731462925,0.0,0.0,0.5,289,1785417123.480886,0.0,0.10147862881422043,-0.011999313719570637,0.5708726048469543,1,3.4677422046661377,5,13466,0,1,0,1,1.0,1,1,479,1.0,0.0,1,8,6,2147483693,-1,1,0,48,48,48,48,48,48,48,48,0,0,0,33,16,255,16,1,255,1,1,255,1,2,74.79914093017578,99.28765869140625,0.14552940428256989,0.008394279517233372,0.5354947447776794,0.33339783549308777,-0.9427815675735474,-0.0029775244183838367,0.040883276611566544,48.0,0.018396005034446716,44.0,0.001970931887626648,-7.741153240203857e-05,straight_run,3.4416422843933105,0.006836272310465574,-0.0032054660841822624,0.09754776209592819,-0.006567180156707764,-1.0105984210968018,0.5593188405036926
0.46573146292585166,0.0,0.0,0.5,289,1785417123.504799,0.0,0.10147862881422043,-0.011999313719570637,0.5708726048469543,1,3.4677422046661377,5,13466,0,1,0,1,1.0,1,1,479,1.0,0.0,1,8,6,2147483693,-1,1,0,48,48,48,48,48,48,48,48,0,0,0,33,16,255,16,1,255,1,1,255,1,2,74.79914093017578,99.28765869140625,0.14552940428256989,0.008394279517233372,0.5354947447776794,0.33339783549308777,-0.9427815675735474,-0.0029775244183838367,0.040883276611566544,48.0,0.018396005034446716,44.0,0.001970931887626648,-7.741153240203857e-05,straight_run,3.4416422843933105,0.006836272310465574,-0.0032054660841822624,0.09754776209592819,-0.006567180156707764,-1.0105984210968018,0.5593188405036926
0.4671342685370741,0.0,0.0,0.5,289,1785417123.526691,0.0,0.10147862881422043,-0.011999313719570637,0.5708726048469543,1,3.4677422046661377,5,13466,0,1,0,1,1.0,1,1,479,1.0,0.0,1,8,6,2147483693,-1,1,0,48,48,48,48,48,48,48,48,0,0,0,33,16,255,16,1,255,1,1,255,1,2,74.79914093017578,99.28765869140625,0.14552940428256989,0.008394279517233372,0.5354947447776794,0.33339783549308777,-0.9427815675735474,-0.0029775244183838367,0.040883276611566544,48.0,0.018396005034446716,44.0,0.001970931887626648,-7.741153240203857e-05,straight_run,3.4416422843933105,0.006836272310465574,-0.0032054660841822624,0.09754776209592819,-0.006567180156707764,-1.0105984210968018,0.5593188405036926
0.46853707414829654,0.0,0.0,0.5,289,1785417123.551778,0.0,0.10147862881422043,-0.011999313719570637,0.5708726048469543,1,3.4677422046661377,5,13466,0,1,0,1,1.0,1,1,479,1.0,0.0,1,8,6,2147483693,-1,1,0,48,48,48,48,48,48,48,48,0,0,0,33,16,255,16,1,255,1,1,255,1,2,74.79914093017578,99.28765869140625,0.14552940428256989,0.008394279517233372,0.5354947447776794,0.33339783549308777,-0.9427815675735474,-0.0029775244183838367,0.040883276611566544,48.0,0.018396005034446716,44.0,0.001970931887626648,-7.741153240203857e-05,straight_run,3.4416422843933105,0.006836272310465574,-0.0032054660841822624,0.09754776209592819,-0.006567180156707764,-1.0105984210968018,0.5593188405036926
0.469939879759519,0.0,0.0,0.5,289,1785417123.573909,0.0,0.10147862881422043,-0.011999313719570637,0.5708726048469543,1,3.4677422046661377,5,13466,0,1,0,1,1.0,1,1,479,1.0,0.0,1,8,6,2147483693,-1,1,0,48,48,48,48,48,48,48,48,0,0,0,33,16,255,16,1,255,1,1,255,1,2,74.79914093017578,99.28765869140625,0.14552940428256989,0.008394279517233372,0.5354947447776794,0.33339783549308777,-0.9427815675735474,-0.0029775244183838367,0.040883276611566544,48.0,0.018396005034446716,44.0,0.001970931887626648,-7.741153240203857e-05,straight_run,3.4416422843933105,0.006836272310465574,-0.0032054660841822624,0.09754776209592819,-0.006567180156707764,-1.0105984210968018,0.5593188405036926
0.4713426853707415,0.0,0.0,0.5,289,1785417123.596833,0.0,0.10147862881422043,-0.011999313719570637,0.5708726048469543,1,3.4677422046661377,5,13466,0,1,0,1,1.0,1,1,479,1.0,0.0,1,8,6,2147483693,-1,1,0,48,48,48,48,48,48,48,48,0,0,0,33,16,255,16,1,255,1,1,255,1,2,74.79914093017578,99.28765869140625,0.14552940428256989,0.008394279517233372,0.5354947447776794,0.33339783549308777,-0.9427815675735474,-0.0029775244183838367,0.040883276611566544,48.0,0.018396005034446716,44.0,0.001970931887626648,-7.741153240203857e-05,straight_run,3.4416422843933105,0.006836272310465574,-0.0032054660841822624,0.09754776209592819,-0.006567180156707764,-1.0105984210968018,0.5593188405036926
0.4727454909819639,0.0,0.0,0.5,289,1785417123.620348,0.0,0.10147862881422043,-0.011999313719570637,0.5708726048469543,1,3.4677422046661377,5,13466,0,1,0,1,1.0,1,1,479,1.0,0.0,1,8,6,2147483693,-1,1,0,48,48,48,48,48,48,48,48,0,0,0,33,16,255,16,1,255,1,1,255,1,2,74.79914093017578,99.28765869140625,0.14552940428256989,0.008394279517233372,0.5354947447776794,0.33339783549308777,-0.9427815675735474,-0.0029775244183838367,0.040883276611566544,48.0,0.018396005034446716,44.0,0.001970931887626648,-7.741153240203857e-05,straight_run,3.4416422843933105,0.006836272310465574,-0.0032054660841822624,0.09754776209592819,-0.006567180156707764,-1.0105984210968018,0.5593188405036926
0.47414829659318636,0.0,0.0,0.5,289,1785417123.640467,0.0,0.10147862881422043,-0.011999313719570637,0.5708726048469543,1,3.4677422046661377,5,13466,0,1,0,1,1.0,1,1,479,1.0,0.0,1,8,6,2147483693,-1,1,0,48,48,48,48,48,48,48,48,0,0,0,33,16,255,16,1,255,1,1,255,1,2,74.79914093017578,99.28765869140625,0.14552940428256989,0.008394279517233372,0.5354947447776794,0.33339783549308777,-0.9427815675735474,-0.0029775244183838367,0.040883276611566544,48.0,0.018396005034446716,44.0,0.001970931887626648,-7.741153240203857e-05,straight_run,3.4416422843933105,0.006836272310465574,-0.0032054660841822624,0.09754776209592819,-0.006567180156707764,-1.0105984210968018,0.5593188405036926
0.47555110220440877,0.0,0.0,0.5,289,1785417123.662737,0.0,0.10147862881422043,-0.011999313719570637,0.5708726048469543,1,3.4677422046661377,5,13466,0,1,0,1,1.0,1,1,479,1.0,0.0,1,8,6,2147483693,-1,1,0,48,48,48,48,48,48,48,48,0,0,0,33,16,255,16,1,255,1,1,255,1,2,74.79914093017578,99.28765869140625,0.14552940428256989,0.008394279517233372,0.5354947447776794,0.33339783549308777,-0.9427815675735474,-0.0029775244183838367,0.040883276611566544,48.0,0.018396005034446716,44.0,0.001970931887626648,-7.741153240203857e-05,straight_run,3.4416422843933105,0.006836272310465574,-0.0032054660841822624,0.09754776209592819,-0.006567180156707764,-1.0105984210968018,0.5593188405036926
0.47695390781563124,0.0,0.0,0.5,289,1785417123.686819,0.0,0.10147862881422043,-0.011999313719570637,0.5708726048469543,1,3.4677422046661377,5,13466,0,1,0,1,1.0,1,1,479,1.0,0.0,1,8,6,2147483693,-1,1,0,48,48,48,48,48,48,48,48,0,0,0,33,16,255,16,1,255,1,1,255,1,2,74.79914093017578,99.28765869140625,0.14552940428256989,0.008394279517233372,0.5354947447776794,0.33339783549308777,-0.9427815675735474,-0.0029775244183838367,0.040883276611566544,48.0,0.018396005034446716,44.0,0.001970931887626648,-7.741153240203857e-05,straight_run,3.4416422843933105,0.006836272310465574,-0.0032054660841822624,0.09754776209592819,-0.006567180156707764,-1.0105984210968018,0.5593188405036926
0.4783567134268537,0.0,0.0,0.5,289,1785417123.708673,0.0,0.10147862881422043,-0.011999313719570637,0.5708726048469543,1,3.4677422046661377,5,13466,0,1,0,1,1.0,1,1,479,1.0,0.0,1,8,6,2147483693,-1,1,0,48,48,48,48,48,48,48,48,0,0,0,33,16,255,16,1,255,1,1,255,1,2,74.79914093017578,99.28765869140625,0.14552940428256989,0.008394279517233372,0.5354947447776794,0.33339783549308777,-0.9427815675735474,-0.0029775244183838367,0.040883276611566544,48.0,0.018396005034446716,44.0,0.001970931887626648,-7.741153240203857e-05,straight_run,3.4416422843933105,0.006836272310465574,-0.0032054660841822624,0.09754776209592819,-0.006567180156707764,-1.0105984210968018,0.5593188405036926
0.4797595190380761,0.0,0.0,0.5,289,1785417123.7318761,0.0,0.10147862881422043,-0.011999313719570637,0.5708726048469543,1,3.4677422046661377,5,13466,0,1,0,1,1.0,1,1,479,1.0,0.0,1,8,6,2147483693,-1,1,0,48,48,48,48,48,48,48,48,0,0,0,33,16,255,16,1,255,1,1,255,1,2,74.79914093017578,99.28765869140625,0.14552940428256989,0.008394279517233372,0.5354947447776794,0.33339783549308777,-0.9427815675735474,-0.0029775244183838367,0.040883276611566544,48.0,0.018396005034446716,44.0,0.001970931887626648,-7.741153240203857e-05,straight_run,3.4416422843933105,0.006836272310465574,-0.0032054660841822624,0.09754776209592819,-0.006567180156707764,-1.0105984210968018,0.5593188405036926
0.4811623246492986,0.0,0.0,0.5,289,1785417123.7521899,0.0,0.10147862881422043,-0.011999313719570637,0.5708726048469543,1,3.4677422046661377,5,13466,0,1,0,1,1.0,1,1,479,1.0,0.0,1,8,6,2147483693,-1,1,0,48,48,48,48,48,48,48,48,0,0,0,33,16,255,16,1,255,1,1,255,1,2,74.79914093017578,99.28765869140625,0.14552940428256989,0.008394279517233372,0.5354947447776794,0.33339783549308777,-0.9427815675735474,-0.0029775244183838367,0.040883276611566544,48.0,0.018396005034446716,44.0,0.001970931887626648,-7.741153240203857e-05,straight_run,3.4416422843933105,0.006836272310465574,-0.0032054660841822624,0.09754776209592819,-0.006567180156707764,-1.0105984210968018,0.5593188405036926
0.482565130260521,0.0,0.0,0.5,289,1785417123.775616,0.0,0.10147862881422043,-0.011999313719570637,0.5708726048469543,1,3.4677422046661377,5,13466,0,1,0,1,1.0,1,1,479,1.0,0.0,1,8,6,2147483693,-1,1,0,48,48,48,48,48,48,48,48,0,0,0,33,16,255,16,1,255,1,1,255,1,2,74.79914093017578,99.28765869140625,0.14552940428256989,0.008394279517233372,0.5354947447776794,0.33339783549308777,-0.9427815675735474,-0.0029775244183838367,0.040883276611566544,48.0,0.018396005034446716,44.0,0.001970931887626648,-7.741153240203857e-05,straight_run,3.4416422843933105,0.006836272310465574,-0.0032054660841822624,0.09754776209592819,-0.006567180156707764,-1.0105984210968018,0.5593188405036926
0.48396793587174347,0.0,0.0,0.5,289,1785417123.7969348,0.0,0.10147862881422043,-0.011999313719570637,0.5708726048469543,1,3.4677422046661377,5,13466,0,1,0,1,1.0,1,1,479,1.0,0.0,1,8,6,2147483693,-1,1,0,48,48,48,48,48,48,48,48,0,0,0,33,16,255,16,1,255,1,1,255,1,2,74.79914093017578,99.28765869140625,0.14552940428256989,0.008394279517233372,0.5354947447776794,0.33339783549308777,-0.9427815675735474,-0.0029775244183838367,0.040883276611566544,48.0,0.018396005034446716,44.0,0.001970931887626648,-7.741153240203857e-05,straight_run,3.4416422843933105,0.006836272310465574,-0.0032054660841822624,0.09754776209592819,-0.006567180156707764,-1.0105984210968018,0.5593188405036926
0.48537074148296594,0.0,0.0,0.5,289,1785417123.8186328,0.0,0.10147862881422043,-0.011999313719570637,0.5708726048469543,1,3.4677422046661377,5,13466,0,1,0,1,1.0,1,1,479,1.0,0.0,1,8,6,2147483693,-1,1,0,48,48,48,48,48,48,48,48,0,0,0,33,16,255,16,1,255,1,1,255,1,2,74.79914093017578,99.28765869140625,0.14552940428256989,0.008394279517233372,0.5354947447776794,0.33339783549308777,-0.9427815675735474,-0.0029775244183838367,0.040883276611566544,48.0,0.018396005034446716,44.0,0.001970931887626648,-7.741153240203857e-05,straight_run,3.4416422843933105,0.006836272310465574,-0.0032054660841822624,0.09754776209592819,-0.006567180156707764,-1.0105984210968018,0.5593188405036926
0.48677354709418835,0.0,0.0,0.5,289,1785417123.843688,0.0,0.10147862881422043,-0.011999313719570637,0.5708726048469543,1,3.4677422046661377,5,13466,0,1,0,1,1.0,1,1,479,1.0,0.0,1,8,6,2147483693,-1,1,0,48,48,48,48,48,48,48,48,0,0,0,33,16,255,16,1,255,1,1,255,1,2,74.79914093017578,99.28765869140625,0.14552940428256989,0.008394279517233372,0.5354947447776794,0.33339783549308777,-0.9427815675735474,-0.0029775244183838367,0.040883276611566544,48.0,0.018396005034446716,44.0,0.001970931887626648,-7.741153240203857e-05,straight_run,3.4416422843933105,0.006836272310465574,-0.0032054660841822624,0.09754776209592819,-0.006567180156707764,-1.0105984210968018,0.5593188405036926
0.4881763527054108,0.0,0.0,0.5,289,1785417123.867109,0.0,0.10147862881422043,-0.011999313719570637,0.5708726048469543,1,3.4677422046661377,5,13466,0,1,0,1,1.0,1,1,479,1.0,0.0,1,8,6,2147483693,-1,1,0,48,48,48,48,48,48,48,48,0,0,0,33,16,255,16,1,255,1,1,255,1,2,74.79914093017578,99.28765869140625,0.14552940428256989,0.008394279517233372,0.5354947447776794,0.33339783549308777,-0.9427815675735474,-0.0029775244183838367,0.040883276611566544,48.0,0.018396005034446716,44.0,0.001970931887626648,-7.741153240203857e-05,straight_run,3.4416422843933105,0.006836272310465574,-0.0032054660841822624,0.09754776209592819,-0.006567180156707764,-1.0105984210968018,0.5593188405036926
0.48957915831663323,0.0,0.0,0.5,289,1785417123.888662,0.0,0.10147862881422043,-0.011999313719570637,0.5708726048469543,1,3.4677422046661377,5,13466,0,1,0,1,1.0,1,1,479,1.0,0.0,1,8,6,2147483693,-1,1,0,48,48,48,48,48,48,48,48,0,0,0,33,16,255,16,1,255,1,1,255,1,2,74.79914093017578,99.28765869140625,0.14552940428256989,0.008394279517233372,0.5354947447776794,0.33339783549308777,-0.9427815675735474,-0.0029775244183838367,0.040883276611566544,48.0,0.018396005034446716,44.0,0.001970931887626648,-7.741153240203857e-05,straight_run,3.4416422843933105,0.006836272310465574,-0.0032054660841822624,0.09754776209592819,-0.006567180156707764,-1.0105984210968018,0.5593188405036926
0.4909819639278557,0.0,0.0,0.5,289,1785417123.91264,0.0,0.10147862881422043,-0.011999313719570637,0.5708726048469543,1,3.4677422046661377,5,13466,0,1,0,1,1.0,1,1,479,1.0,0.0,1,8,6,2147483693,-1,1,0,48,48,48,48,48,48,48,48,0,0,0,33,16,255,16,1,255,1,1,255,1,2,74.79914093017578,99.28765869140625,0.14552940428256989,0.008394279517233372,0.5354947447776794,0.33339783549308777,-0.9427815675735474,-0.0029775244183838367,0.040883276611566544,48.0,0.018396005034446716,44.0,0.001970931887626648,-7.741153240203857e-05,straight_run,3.4416422843933105,0.006836272310465574,-0.0032054660841822624,0.09754776209592819,-0.006567180156707764,-1.0105984210968018,0.5593188405036926
0.49238476953907817,0.0,0.0,0.5,289,1785417123.93678,0.0,0.10147862881422043,-0.011999313719570637,0.5708726048469543,1,3.4677422046661377,5,13466,0,1,0,1,1.0,1,1,479,1.0,0.0,1,8,6,2147483693,-1,1,0,48,48,48,48,48,48,48,48,0,0,0,33,16,255,16,1,255,1,1,255,1,2,74.79914093017578,99.28765869140625,0.14552940428256989,0.008394279517233372,0.5354947447776794,0.33339783549308777,-0.9427815675735474,-0.0029775244183838367,0.040883276611566544,48.0,0.018396005034446716,44.0,0.001970931887626648,-7.741153240203857e-05,straight_run,3.4416422843933105,0.006836272310465574,-0.0032054660841822624,0.09754776209592819,-0.006567180156707764,-1.0105984210968018,0.5593188405036926
0.4937875751503006,0.0,0.0,0.5,289,1785417123.9580328,0.0,0.10147862881422043,-0.011999313719570637,0.5708726048469543,1,3.4677422046661377,5,13466,0,1,0,1,1.0,1,1,479,1.0,0.0,1,8,6,2147483693,-1,1,0,48,48,48,48,48,48,48,48,0,0,0,33,16,255,16,1,255,1,1,255,1,2,74.79914093017578,99.28765869140625,0.14552940428256989,0.008394279517233372,0.5354947447776794,0.33339783549308777,-0.9427815675735474,-0.0029775244183838367,0.040883276611566544,48.0,0.018396005034446716,44.0,0.001970931887626648,-7.741153240203857e-05,straight_run,3.4416422843933105,0.006836272310465574,-0.0032054660841822624,0.09754776209592819,-0.006567180156707764,-1.0105984210968018,0.5593188405036926
0.49519038076152305,0.0,0.0,0.5,289,1785417123.98309,0.0,0.10147862881422043,-0.011999313719570637,0.5708726048469543,1,3.4677422046661377,5,13466,0,1,0,1,1.0,1,1,479,1.0,0.0,1,8,6,2147483693,-1,1,0,48,48,48,48,48,48,48,48,0,0,0,33,16,255,16,1,255,1,1,255,1,2,74.79914093017578,99.28765869140625,0.14552940428256989,0.008394279517233372,0.5354947447776794,0.33339783549308777,-0.9427815675735474,-0.0029775244183838367,0.040883276611566544,48.0,0.018396005034446716,44.0,0.001970931887626648,-7.741153240203857e-05,straight_run,3.4416422843933105,0.006836272310465574,-0.0032054660841822624,0.09754776209592819,-0.006567180156707764,-1.0105984210968018,0.5593188405036926
0.49659318637274547,0.0,0.0,0.5,289,1785417124.0038989,0.0,0.10147862881422043,-0.011999313719570637,0.5708726048469543,1,3.4677422046661377,5,13466,0,1,0,1,1.0,1,1,479,1.0,0.0,1,8,6,2147483693,-1,1,0,48,48,48,48,48,48,48,48,0,0,0,33,16,255,16,1,255,1,1,255,1,2,74.79914093017578,99.28765869140625,0.14552940428256989,0.008394279517233372,0.5354947447776794,0.33339783549308777,-0.9427815675735474,-0.0029775244183838367,0.040883276611566544,48.0,0.018396005034446716,44.0,0.001970931887626648,-7.741153240203857e-05,straight_run,3.4416422843933105,0.006836272310465574,-0.0032054660841822624,0.09754776209592819,-0.006567180156707764,-1.0105984210968018,0.5593188405036926
0.49799599198396793,0.0,0.0,0.5,289,1785417124.0263848,0.0,0.10147862881422043,-0.011999313719570637,0.5708726048469543,1,3.4677422046661377,5,13466,0,1,0,1,1.0,1,1,479,1.0,0.0,1,8,6,2147483693,-1,1,0,48,48,48,48,48,48,48,48,0,0,0,33,16,255,16,1,255,1,1,255,1,2,74.79914093017578,99.28765869140625,0.14552940428256989,0.008394279517233372,0.5354947447776794,0.33339783549308777,-0.9427815675735474,-0.0029775244183838367,0.040883276611566544,48.0,0.018396005034446716,44.0,0.001970931887626648,-7.741153240203857e-05,straight_run,3.4416422843933105,0.006836272310465574,-0.0032054660841822624,0.09754776209592819,-0.006567180156707764,-1.0105984210968018,0.5593188405036926
0.4993987975951904,0.0,0.0,0.5,289,1785417124.046603,0.0,0.10147862881422043,-0.011999313719570637,0.5708726048469543,1,3.4677422046661377,5,13466,0,1,0,1,1.0,1,1,479,1.0,0.0,1,8,6,2147483693,-1,1,0,48,48,48,48,48,48,48,48,0,0,0,33,16,255,16,1,255,1,1,255,1,2,74.79914093017578,99.28765869140625,0.14552940428256989,0.008394279517233372,0.5354947447776794,0.33339783549308777,-0.9427815675735474,-0.0029775244183838367,0.040883276611566544,48.0,0.018396005034446716,44.0,0.001970931887626648,-7.741153240203857e-05,straight_run,3.4416422843933105,0.006836272310465574,-0.0032054660841822624,0.09754776209592819,-0.006567180156707764,-1.0105984210968018,0.5593188405036926
0.5008016032064129,0.0,0.0,0.5,289,1785417124.067838,0.0,0.10147862881422043,-0.011999313719570637,0.5708726048469543,1,3.4677422046661377,5,13466,0,1,0,1,1.0,1,1,479,1.0,0.0,1,8,6,2147483693,-1,1,0,48,48,48,48,48,48,48,48,0,0,0,33,16,255,16,1,255,1,1,255,1,2,74.79914093017578,99.28765869140625,0.14552940428256989,0.008394279517233372,0.5354947447776794,0.33339783549308777,-0.9427815675735474,-0.0029775244183838367,0.040883276611566544,48.0,0.018396005034446716,44.0,0.001970931887626648,-7.741153240203857e-05,straight_run,3.4416422843933105,0.006836272310465574,-0.0032054660841822624,0.09754776209592819,-0.006567180156707764,-1.0105984210968018,0.5593188405036926
0.5022044088176353,0.0,0.0,0.5,289,1785417124.090163,0.0,0.10147862881422043,-0.011999313719570637,0.5708726048469543,1,3.4677422046661377,5,13466,0,1,0,1,1.0,1,1,479,1.0,0.0,1,8,6,2147483693,-1,1,0,48,48,48,48,48,48,48,48,0,0,0,33,16,255,16,1,255,1,1,255,1,2,74.79914093017578,99.28765869140625,0.14552940428256989,0.008394279517233372,0.5354947447776794,0.33339783549308777,-0.9427815675735474,-0.0029775244183838367,0.040883276611566544,48.0,0.018396005034446716,44.0,0.001970931887626648,-7.741153240203857e-05,straight_run,3.4416422843933105,0.006836272310465574,-0.0032054660841822624,0.09754776209592819,-0.006567180156707764,-1.0105984210968018,0.5593188405036926
0.5036072144288577,0.0,0.0,0.5,289,1785417124.114021,0.0,0.10147862881422043,-0.011999313719570637,0.5708726048469543,1,3.4677422046661377,5,13466,0,1,0,1,1.0,1,1,479,1.0,0.0,1,8,6,2147483693,-1,1,0,48,48,48,48,48,48,48,48,0,0,0,33,16,255,16,1,255,1,1,255,1,2,74.79914093017578,99.28765869140625,0.14552940428256989,0.008394279517233372,0.5354947447776794,0.33339783549308777,-0.9427815675735474,-0.0029775244183838367,0.040883276611566544,48.0,0.018396005034446716,44.0,0.001970931887626648,-7.741153240203857e-05,straight_run,3.4416422843933105,0.006836272310465574,-0.0032054660841822624,0.09754776209592819,-0.006567180156707764,-1.0105984210968018,0.5593188405036926
0.5050100200400802,0.0,0.0,0.5,289,1785417124.1357598,0.0,0.10147862881422043,-0.011999313719570637,0.5708726048469543,1,3.4677422046661377,5,13466,0,1,0,1,1.0,1,1,479,1.0,0.0,1,8,6,2147483693,-1,1,0,48,48,48,48,48,48,48,48,0,0,0,33,16,255,16,1,255,1,1,255,1,2,74.79914093017578,99.28765869140625,0.14552940428256989,0.008394279517233372,0.5354947447776794,0.33339783549308777,-0.9427815675735474,-0.0029775244183838367,0.040883276611566544,48.0,0.018396005034446716,44.0,0.001970931887626648,-7.741153240203857e-05,straight_run,3.4416422843933105,0.006836272310465574,-0.0032054660841822624,0.09754776209592819,-0.006567180156707764,-1.0105984210968018,0.5593188405036926
0.5064128256513025,0.0,0.0,0.5,289,1785417124.159174,0.0,0.10147862881422043,-0.011999313719570637,0.5708726048469543,1,3.4677422046661377,5,13466,0,1,0,1,1.0,1,1,479,1.0,0.0,1,8,6,2147483693,-1,1,0,48,48,48,48,48,48,48,48,0,0,0,33,16,255,16,1,255,1,1,255,1,2,74.79914093017578,99.28765869140625,0.14552940428256989,0.008394279517233372,0.5354947447776794,0.33339783549308777,-0.9427815675735474,-0.0029775244183838367,0.040883276611566544,48.0,0.018396005034446716,44.0,0.001970931887626648,-7.741153240203857e-05,straight_run,3.4416422843933105,0.006836272310465574,-0.0032054660841822624,0.09754776209592819,-0.006567180156707764,-1.0105984210968018,0.5593188405036926
0.5078156312625249,0.0,0.0,0.5,289,1785417124.184253,0.0,0.10147862881422043,-0.011999313719570637,0.5708726048469543,1,3.4677422046661377,5,13466,0,1,0,1,1.0,1,1,479,1.0,0.0,1,8,6,2147483693,-1,1,0,48,48,48,48,48,48,48,48,0,0,0,33,16,255,16,1,255,1,1,255,1,2,74.79914093017578,99.28765869140625,0.14552940428256989,0.008394279517233372,0.5354947447776794,0.33339783549308777,-0.9427815675735474,-0.0029775244183838367,0.040883276611566544,48.0,0.018396005034446716,44.0,0.001970931887626648,-7.741153240203857e-05,straight_run,3.4416422843933105,0.006836272310465574,-0.0032054660841822624,0.09754776209592819,-0.006567180156707764,-1.0105984210968018,0.5593188405036926
0.5092184368737475,0.0,0.0,0.5,289,1785417124.207247,0.0,0.10147862881422043,-0.011999313719570637,0.5708726048469543,1,3.4677422046661377,5,13466,0,1,0,1,1.0,1,1,479,1.0,0.0,1,8,6,2147483693,-1,1,0,48,48,48,48,48,48,48,48,0,0,0,33,16,255,16,1,255,1,1,255,1,2,74.79914093017578,99.28765869140625,0.14552940428256989,0.008394279517233372,0.5354947447776794,0.33339783549308777,-0.9427815675735474,-0.0029775244183838367,0.040883276611566544,48.0,0.018396005034446716,44.0,0.001970931887626648,-7.741153240203857e-05,straight_run,3.4416422843933105,0.006836272310465574,-0.0032054660841822624,0.09754776209592819,-0.006567180156707764,-1.0105984210968018,0.5593188405036926
0.5106212424849699,0.0,0.0,0.5,289,1785417124.2316601,0.0,0.10147862881422043,-0.011999313719570637,0.5708726048469543,1,3.4677422046661377,5,13466,0,1,0,1,1.0,1,1,479,1.0,0.0,1,8,6,2147483693,-1,1,0,48,48,48,48,48,48,48,48,0,0,0,33,16,255,16,1,255,1,1,255,1,2,74.79914093017578,99.28765869140625,0.14552940428256989,0.008394279517233372,0.5354947447776794,0.33339783549308777,-0.9427815675735474,-0.0029775244183838367,0.040883276611566544,48.0,0.018396005034446716,44.0,0.001970931887626648,-7.741153240203857e-05,straight_run,3.4416422843933105,0.006836272310465574,-0.0032054660841822624,0.09754776209592819,-0.006567180156707764,-1.0105984210968018,0.5593188405036926
0.5120240480961923,0.0,0.0,0.5,289,1785417124.252052,0.0,0.10147862881422043,-0.011999313719570637,0.5708726048469543,1,3.4677422046661377,5,13466,0,1,0,1,1.0,1,1,479,1.0,0.0,1,8,6,2147483693,-1,1,0,48,48,48,48,48,48,48,48,0,0,0,33,16,255,16,1,255,1,1,255,1,2,74.79914093017578,99.28765869140625,0.14552940428256989,0.008394279517233372,0.5354947447776794,0.33339783549308777,-0.9427815675735474,-0.0029775244183838367,0.040883276611566544,48.0,0.018396005034446716,44.0,0.001970931887626648,-7.741153240203857e-05,straight_run,3.4416422843933105,0.006836272310465574,-0.0032054660841822624,0.09754776209592819,-0.006567180156707764,-1.0105984210968018,0.5593188405036926
0.5134268537074148,0.0,0.0,0.5,289,1785417124.272768,0.0,0.10147862881422043,-0.011999313719570637,0.5708726048469543,1,3.4677422046661377,5,13466,0,1,0,1,1.0,1,1,479,1.0,0.0,1,8,6,2147483693,-1,1,0,48,48,48,48,48,48,48,48,0,0,0,33,16,255,16,1,255,1,1,255,1,2,74.79914093017578,99.28765869140625,0.14552940428256989,0.008394279517233372,0.5354947447776794,0.33339783549308777,-0.9427815675735474,-0.0029775244183838367,0.040883276611566544,48.0,0.018396005034446716,44.0,0.001970931887626648,-7.741153240203857e-05,straight_run,3.4416422843933105,0.006836272310465574,-0.0032054660841822624,0.09754776209592819,-0.006567180156707764,-1.0105984210968018,0.5593188405036926
0.5148296593186372,0.0,0.0,0.5,289,1785417124.296771,0.0,0.10147862881422043,-0.011999313719570637,0.5708726048469543,1,3.4677422046661377,5,13466,0,1,0,1,1.0,1,1,479,1.0,0.0,1,8,6,2147483693,-1,1,0,48,48,48,48,48,48,48,48,0,0,0,33,16,255,16,1,255,1,1,255,1,2,74.79914093017578,99.28765869140625,0.14552940428256989,0.008394279517233372,0.5354947447776794,0.33339783549308777,-0.9427815675735474,-0.0029775244183838367,0.040883276611566544,48.0,0.018396005034446716,44.0,0.001970931887626648,-7.741153240203857e-05,straight_run,3.4416422843933105,0.006836272310465574,-0.0032054660841822624,0.09754776209592819,-0.006567180156707764,-1.0105984210968018,0.5593188405036926
0.5162324649298596,0.0,0.0,0.5,289,1785417124.321857,0.0,0.10147862881422043,-0.011999313719570637,0.5708726048469543,1,3.4677422046661377,5,13466,0,1,0,1,1.0,1,1,479,1.0,0.0,1,8,6,2147483693,-1,1,0,48,48,48,48,48,48,48,48,0,0,0,33,16,255,16,1,255,1,1,255,1,2,74.79914093017578,99.28765869140625,0.14552940428256989,0.008394279517233372,0.5354947447776794,0.33339783549308777,-0.9427815675735474,-0.0029775244183838367,0.040883276611566544,48.0,0.018396005034446716,44.0,0.001970931887626648,-7.741153240203857e-05,straight_run,3.4416422843933105,0.006836272310465574,-0.0032054660841822624,0.09754776209592819,-0.006567180156707764,-1.0105984210968018,0.5593188405036926
0.5176352705410822,0.0,0.0,0.5,289,1785417124.3469498,0.0,0.10147862881422043,-0.011999313719570637,0.5708726048469543,1,3.4677422046661377,5,13466,0,1,0,1,1.0,1,1,479,1.0,0.0,1,8,6,2147483693,-1,1,0,48,48,48,48,48,48,48,48,0,0,0,33,16,255,16,1,255,1,1,255,1,2,74.79914093017578,99.28765869140625,0.14552940428256989,0.008394279517233372,0.5354947447776794,0.33339783549308777,-0.9427815675735474,-0.0029775244183838367,0.040883276611566544,48.0,0.018396005034446716,44.0,0.001970931887626648,-7.741153240203857e-05,straight_run,3.4416422843933105,0.006836272310465574,-0.0032054660841822624,0.09754776209592819,-0.006567180156707764,-1.0105984210968018,0.5593188405036926
0.5190380761523046,0.0,0.0,0.5,289,1785417124.3688672,0.0,0.10147862881422043,-0.011999313719570637,0.5708726048469543,1,3.4677422046661377,5,13466,0,1,0,1,1.0,1,1,479,1.0,0.0,1,8,6,2147483693,-1,1,0,48,48,48,48,48,48,48,48,0,0,0,33,16,255,16,1,255,1,1,255,1,2,74.79914093017578,99.28765869140625,0.14552940428256989,0.008394279517233372,0.5354947447776794,0.33339783549308777,-0.9427815675735474,-0.0029775244183838367,0.040883276611566544,48.0,0.018396005034446716,44.0,0.001970931887626648,-7.741153240203857e-05,straight_run,3.4416422843933105,0.006836272310465574,-0.0032054660841822624,0.09754776209592819,-0.006567180156707764,-1.0105984210968018,0.5593188405036926
0.520440881763527,0.0,0.0,0.5,289,1785417124.3919418,0.0,0.10147862881422043,-0.011999313719570637,0.5708726048469543,1,3.4677422046661377,5,13466,0,1,0,1,1.0,1,1,479,1.0,0.0,1,8,6,2147483693,-1,1,0,48,48,48,48,48,48,48,48,0,0,0,33,16,255,16,1,255,1,1,255,1,2,74.79914093017578,99.28765869140625,0.14552940428256989,0.008394279517233372,0.5354947447776794,0.33339783549308777,-0.9427815675735474,-0.0029775244183838367,0.040883276611566544,48.0,0.018396005034446716,44.0,0.001970931887626648,-7.741153240203857e-05,straight_run,3.4416422843933105,0.006836272310465574,-0.0032054660841822624,0.09754776209592819,-0.006567180156707764,-1.0105984210968018,0.5593188405036926
0.5218436873747494,0.0,0.0,0.5,289,1785417124.4170141,0.0,0.10147862881422043,-0.011999313719570637,0.5708726048469543,1,3.4677422046661377,5,13466,0,1,0,1,1.0,1,1,479,1.0,0.0,1,8,6,2147483693,-1,1,0,48,48,48,48,48,48,48,48,0,0,0,33,16,255,16,1,255,1,1,255,1,2,74.79914093017578,99.28765869140625,0.14552940428256989,0.008394279517233372,0.5354947447776794,0.33339783549308777,-0.9427815675735474,-0.0029775244183838367,0.040883276611566544,48.0,0.018396005034446716,44.0,0.001970931887626648,-7.741153240203857e-05,straight_run,3.4416422843933105,0.006836272310465574,-0.0032054660841822624,0.09754776209592819,-0.006567180156707764,-1.0105984210968018,0.5593188405036926
0.5232464929859719,0.0,0.0,0.5,289,1785417124.44207,0.0,0.10147862881422043,-0.011999313719570637,0.5708726048469543,1,3.4677422046661377,5,13466,0,1,0,1,1.0,1,1,479,1.0,0.0,1,8,6,2147483693,-1,1,0,48,48,48,48,48,48,48,48,0,0,0,33,16,255,16,1,255,1,1,255,1,2,74.79914093017578,99.28765869140625,0.14552940428256989,0.008394279517233372,0.5354947447776794,0.33339783549308777,-0.9427815675735474,-0.0029775244183838367,0.040883276611566544,48.0,0.018396005034446716,44.0,0.001970931887626648,-7.741153240203857e-05,straight_run,3.4416422843933105,0.006836272310465574,-0.0032054660841822624,0.09754776209592819,-0.006567180156707764,-1.0105984210968018,0.5593188405036926
0.5246492985971943,0.0,0.0,0.5,289,1785417124.466621,0.0,0.10147862881422043,-0.011999313719570637,0.5708726048469543,1,3.4677422046661377,5,13466,0,1,0,1,1.0,1,1,479,1.0,0.0,1,8,6,2147483693,-1,1,0,48,48,48,48,48,48,48,48,0,0,0,33,16,255,16,1,255,1,1,255,1,2,74.79914093017578,99.28765869140625,0.14552940428256989,0.008394279517233372,0.5354947447776794,0.33339783549308777,-0.9427815675735474,-0.0029775244183838367,0.040883276611566544,48.0,0.018396005034446716,44.0,0.001970931887626648,-7.741153240203857e-05,straight_run,3.4416422843933105,0.006836272310465574,-0.0032054660841822624,0.09754776209592819,-0.006567180156707764,-1.0105984210968018,0.5593188405036926
0.5260521042084167,0.0,0.0,0.5,289,1785417124.487349,0.0,0.10147862881422043,-0.011999313719570637,0.5708726048469543,1,3.4677422046661377,5,13466,0,1,0,1,1.0,1,1,479,1.0,0.0,1,8,6,2147483693,-1,1,0,48,48,48,48,48,48,48,48,0,0,0,33,16,255,16,1,255,1,1,255,1,2,74.79914093017578,99.28765869140625,0.14552940428256989,0.008394279517233372,0.5354947447776794,0.33339783549308777,-0.9427815675735474,-0.0029775244183838367,0.040883276611566544,48.0,0.018396005034446716,44.0,0.001970931887626648,-7.741153240203857e-05,straight_run,3.4416422843933105,0.006836272310465574,-0.0032054660841822624,0.09754776209592819,-0.006567180156707764,-1.0105984210968018,0.5593188405036926
0.5274549098196393,0.0,0.0,0.5,289,1785417124.509037,0.0,0.10147862881422043,-0.011999313719570637,0.5708726048469543,1,3.4677422046661377,5,13466,0,1,0,1,1.0,1,1,479,1.0,0.0,1,8,6,2147483693,-1,1,0,48,48,48,48,48,48,48,48,0,0,0,33,16,255,16,1,255,1,1,255,1,2,74.79914093017578,99.28765869140625,0.14552940428256989,0.008394279517233372,0.5354947447776794,0.33339783549308777,-0.9427815675735474,-0.0029775244183838367,0.040883276611566544,48.0,0.018396005034446716,44.0,0.001970931887626648,-7.741153240203857e-05,straight_run,3.4416422843933105,0.006836272310465574,-0.0032054660841822624,0.09754776209592819,-0.006567180156707764,-1.0105984210968018,0.5593188405036926
0.5288577154308617,0.0,0.0,0.5,289,1785417124.5342221,0.0,0.10147862881422043,-0.011999313719570637,0.5708726048469543,1,3.4677422046661377,5,13466,0,1,0,1,1.0,1,1,479,1.0,0.0,1,8,6,2147483693,-1,1,0,48,48,48,48,48,48,48,48,0,0,0,33,16,255,16,1,255,1,1,255,1,2,74.79914093017578,99.28765869140625,0.14552940428256989,0.008394279517233372,0.5354947447776794,0.33339783549308777,-0.9427815675735474,-0.0029775244183838367,0.040883276611566544,48.0,0.018396005034446716,44.0,0.001970931887626648,-7.741153240203857e-05,straight_run,3.4416422843933105,0.006836272310465574,-0.0032054660841822624,0.09754776209592819,-0.006567180156707764,-1.0105984210968018,0.5593188405036926
0.5302605210420841,0.0,0.0,0.5,289,1785417124.5552099,0.0,0.10147862881422043,-0.011999313719570637,0.5708726048469543,1,3.4677422046661377,5,13466,0,1,0,1,1.0,1,1,479,1.0,0.0,1,8,6,2147483693,-1,1,0,48,48,48,48,48,48,48,48,0,0,0,33,16,255,16,1,255,1,1,255,1,2,74.79914093017578,99.28765869140625,0.14552940428256989,0.008394279517233372,0.5354947447776794,0.33339783549308777,-0.9427815675735474,-0.0029775244183838367,0.040883276611566544,48.0,0.018396005034446716,44.0,0.001970931887626648,-7.741153240203857e-05,straight_run,3.4416422843933105,0.006836272310465574,-0.0032054660841822624,0.09754776209592819,-0.006567180156707764,-1.0105984210968018,0.5593188405036926
0.5316633266533065,0.0,0.0,0.5,289,1785417124.576787,0.0,0.10147862881422043,-0.011999313719570637,0.5708726048469543,1,3.4677422046661377,5,13466,0,1,0,1,1.0,1,1,479,1.0,0.0,1,8,6,2147483693,-1,1,0,48,48,48,48,48,48,48,48,0,0,0,33,16,255,16,1,255,1,1,255,1,2,74.79914093017578,99.28765869140625,0.14552940428256989,0.008394279517233372,0.5354947447776794,0.33339783549308777,-0.9427815675735474,-0.0029775244183838367,0.040883276611566544,48.0,0.018396005034446716,44.0,0.001970931887626648,-7.741153240203857e-05,straight_run,3.4416422843933105,0.006836272310465574,-0.0032054660841822624,0.09754776209592819,-0.006567180156707764,-1.0105984210968018,0.5593188405036926
0.533066132264529,0.0,0.0,0.5,289,1785417124.601883,0.0,0.10147862881422043,-0.011999313719570637,0.5708726048469543,1,3.4677422046661377,5,13466,0,1,0,1,1.0,1,1,479,1.0,0.0,1,8,6,2147483693,-1,1,0,48,48,48,48,48,48,48,48,0,0,0,33,16,255,16,1,255,1,1,255,1,2,74.79914093017578,99.28765869140625,0.14552940428256989,0.008394279517233372,0.5354947447776794,0.33339783549308777,-0.9427815675735474,-0.0029775244183838367,0.040883276611566544,48.0,0.018396005034446716,44.0,0.001970931887626648,-7.741153240203857e-05,straight_run,3.4416422843933105,0.006836272310465574,-0.0032054660841822624,0.09754776209592819,-0.006567180156707764,-1.0105984210968018,0.5593188405036926
0.5344689378757514,0.0,0.0,0.5,289,1785417124.6235259,0.0,0.10147862881422043,-0.011999313719570637,0.5708726048469543,1,3.4677422046661377,5,13466,0,1,0,1,1.0,1,1,479,1.0,0.0,1,8,6,2147483693,-1,1,0,48,48,48,48,48,48,48,48,0,0,0,33,16,255,16,1,255,1,1,255,1,2,74.79914093017578,99.28765869140625,0.14552940428256989,0.008394279517233372,0.5354947447776794,0.33339783549308777,-0.9427815675735474,-0.0029775244183838367,0.040883276611566544,48.0,0.018396005034446716,44.0,0.001970931887626648,-7.741153240203857e-05,straight_run,3.4416422843933105,0.006836272310465574,-0.0032054660841822624,0.09754776209592819,-0.006567180156707764,-1.0105984210968018,0.5593188405036926
0.5358717434869739,0.0,0.0,0.5,289,1785417124.646857,0.0,0.10147862881422043,-0.011999313719570637,0.5708726048469543,1,3.4677422046661377,5,13466,0,1,0,1,1.0,1,1,479,1.0,0.0,1,8,6,2147483693,-1,1,0,48,48,48,48,48,48,48,48,0,0,0,33,16,255,16,1,255,1,1,255,1,2,74.79914093017578,99.28765869140625,0.14552940428256989,0.008394279517233372,0.5354947447776794,0.33339783549308777,-0.9427815675735474,-0.0029775244183838367,0.040883276611566544,48.0,0.018396005034446716,44.0,0.001970931887626648,-7.741153240203857e-05,straight_run,3.4416422843933105,0.006836272310465574,-0.0032054660841822624,0.09754776209592819,-0.006567180156707764,-1.0105984210968018,0.5593188405036926
0.5372745490981964,0.0,0.0,0.5,289,1785417124.667016,0.0,0.10147862881422043,-0.011999313719570637,0.5708726048469543,1,3.4677422046661377,5,13466,0,1,0,1,1.0,1,1,479,1.0,0.0,1,8,6,2147483693,-1,1,0,48,48,48,48,48,48,48,48,0,0,0,33,16,255,16,1,255,1,1,255,1,2,74.79914093017578,99.28765869140625,0.14552940428256989,0.008394279517233372,0.5354947447776794,0.33339783549308777,-0.9427815675735474,-0.0029775244183838367,0.040883276611566544,48.0,0.018396005034446716,44.0,0.001970931887626648,-7.741153240203857e-05,straight_run,3.4416422843933105,0.006836272310465574,-0.0032054660841822624,0.09754776209592819,-0.006567180156707764,-1.0105984210968018,0.5593188405036926
0.5386773547094188,0.0,0.0,0.5,289,1785417124.690909,0.0,0.10147862881422043,-0.011999313719570637,0.5708726048469543,1,3.4677422046661377,5,13466,0,1,0,1,1.0,1,1,479,1.0,0.0,1,8,6,2147483693,-1,1,0,48,48,48,48,48,48,48,48,0,0,0,33,16,255,16,1,255,1,1,255,1,2,74.79914093017578,99.28765869140625,0.14552940428256989,0.008394279517233372,0.5354947447776794,0.33339783549308777,-0.9427815675735474,-0.0029775244183838367,0.040883276611566544,48.0,0.018396005034446716,44.0,0.001970931887626648,-7.741153240203857e-05,straight_run,3.4416422843933105,0.006836272310465574,-0.0032054660841822624,0.09754776209592819,-0.006567180156707764,-1.0105984210968018,0.5593188405036926
0.5400801603206412,0.0,0.0,0.5,289,1785417124.711583,0.0,0.10147862881422043,-0.011999313719570637,0.5708726048469543,1,3.4677422046661377,5,13466,0,1,0,1,1.0,1,1,479,1.0,0.0,1,8,6,2147483693,-1,1,0,48,48,48,48,48,48,48,48,0,0,0,33,16,255,16,1,255,1,1,255,1,2,74.79914093017578,99.28765869140625,0.14552940428256989,0.008394279517233372,0.5354947447776794,0.33339783549308777,-0.9427815675735474,-0.0029775244183838367,0.040883276611566544,48.0,0.018396005034446716,44.0,0.001970931887626648,-7.741153240203857e-05,straight_run,3.4416422843933105,0.006836272310465574,-0.0032054660841822624,0.09754776209592819,-0.006567180156707764,-1.0105984210968018,0.5593188405036926
0.5414829659318637,0.0,0.0,0.5,289,1785417124.734079,0.0,0.10147862881422043,-0.011999313719570637,0.5708726048469543,1,3.4677422046661377,5,13466,0,1,0,1,1.0,1,1,479,1.0,0.0,1,8,6,2147483693,-1,1,0,48,48,48,48,48,48,48,48,0,0,0,33,16,255,16,1,255,1,1,255,1,2,74.79914093017578,99.28765869140625,0.14552940428256989,0.008394279517233372,0.5354947447776794,0.33339783549308777,-0.9427815675735474,-0.0029775244183838367,0.040883276611566544,48.0,0.018396005034446716,44.0,0.001970931887626648,-7.741153240203857e-05,straight_run,3.4416422843933105,0.006836272310465574,-0.0032054660841822624,0.09754776209592819,-0.006567180156707764,-1.0105984210968018,0.5593188405036926
0.5428857715430861,0.0,0.0,0.5,289,1785417124.758272,0.0,0.10147862881422043,-0.011999313719570637,0.5708726048469543,1,3.4677422046661377,5,13466,0,1,0,1,1.0,1,1,479,1.0,0.0,1,8,6,2147483693,-1,1,0,48,48,48,48,48,48,48,48,0,0,0,33,16,255,16,1,255,1,1,255,1,2,74.79914093017578,99.28765869140625,0.14552940428256989,0.008394279517233372,0.5354947447776794,0.33339783549308777,-0.9427815675735474,-0.0029775244183838367,0.040883276611566544,48.0,0.018396005034446716,44.0,0.001970931887626648,-7.741153240203857e-05,straight_run,3.4416422843933105,0.006836272310465574,-0.0032054660841822624,0.09754776209592819,-0.006567180156707764,-1.0105984210968018,0.5593188405036926
0.5442885771543086,0.0,0.0,0.5,289,1785417124.783257,0.0,0.10147862881422043,-0.011999313719570637,0.5708726048469543,1,3.4677422046661377,5,13466,0,1,0,1,1.0,1,1,479,1.0,0.0,1,8,6,2147483693,-1,1,0,48,48,48,48,48,48,48,48,0,0,0,33,16,255,16,1,255,1,1,255,1,2,74.79914093017578,99.28765869140625,0.14552940428256989,0.008394279517233372,0.5354947447776794,0.33339783549308777,-0.9427815675735474,-0.0029775244183838367,0.040883276611566544,48.0,0.018396005034446716,44.0,0.001970931887626648,-7.741153240203857e-05,straight_run,3.4416422843933105,0.006836272310465574,-0.0032054660841822624,0.09754776209592819,-0.006567180156707764,-1.0105984210968018,0.5593188405036926
0.545691382765531,0.0,0.0,0.5,289,1785417124.8071349,0.0,0.10147862881422043,-0.011999313719570637,0.5708726048469543,1,3.4677422046661377,5,13466,0,1,0,1,1.0,1,1,479,1.0,0.0,1,8,6,2147483693,-1,1,0,48,48,48,48,48,48,48,48,0,0,0,33,16,255,16,1,255,1,1,255,1,2,74.79914093017578,99.28765869140625,0.14552940428256989,0.008394279517233372,0.5354947447776794,0.33339783549308777,-0.9427815675735474,-0.0029775244183838367,0.040883276611566544,48.0,0.018396005034446716,44.0,0.001970931887626648,-7.741153240203857e-05,straight_run,3.4416422843933105,0.006836272310465574,-0.0032054660841822624,0.09754776209592819,-0.006567180156707764,-1.0105984210968018,0.5593188405036926
0.5470941883767535,0.0,0.0,0.5,289,1785417124.831873,0.0,0.10147862881422043,-0.011999313719570637,0.5708726048469543,1,3.4677422046661377,5,13466,0,1,0,1,1.0,1,1,479,1.0,0.0,1,8,6,2147483693,-1,1,0,48,48,48,48,48,48,48,48,0,0,0,33,16,255,16,1,255,1,1,255,1,2,74.79914093017578,99.28765869140625,0.14552940428256989,0.008394279517233372,0.5354947447776794,0.33339783549308777,-0.9427815675735474,-0.0029775244183838367,0.040883276611566544,48.0,0.018396005034446716,44.0,0.001970931887626648,-7.741153240203857e-05,straight_run,3.4416422843933105,0.006836272310465574,-0.0032054660841822624,0.09754776209592819,-0.006567180156707764,-1.0105984210968018,0.5593188405036926
0.5484969939879759,0.0,0.0,0.5,289,1785417124.856889,0.0,0.10147862881422043,-0.011999313719570637,0.5708726048469543,1,3.4677422046661377,5,13466,0,1,0,1,1.0,1,1,479,1.0,0.0,1,8,6,2147483693,-1,1,0,48,48,48,48,48,48,48,48,0,0,0,33,16,255,16,1,255,1,1,255,1,2,74.79914093017578,99.28765869140625,0.14552940428256989,0.008394279517233372,0.5354947447776794,0.33339783549308777,-0.9427815675735474,-0.0029775244183838367,0.040883276611566544,48.0,0.018396005034446716,44.0,0.001970931887626648,-7.741153240203857e-05,straight_run,3.4416422843933105,0.006836272310465574,-0.0032054660841822624,0.09754776209592819,-0.006567180156707764,-1.0105984210968018,0.5593188405036926
0.5498997995991983,0.0,0.0,0.5,289,1785417124.877366,0.0,0.10147862881422043,-0.011999313719570637,0.5708726048469543,1,3.4677422046661377,5,13466,0,1,0,1,1.0,1,1,479,1.0,0.0,1,8,6,2147483693,-1,1,0,48,48,48,48,48,48,48,48,0,0,0,33,16,255,16,1,255,1,1,255,1,2,74.79914093017578,99.28765869140625,0.14552940428256989,0.008394279517233372,0.5354947447776794,0.33339783549308777,-0.9427815675735474,-0.0029775244183838367,0.040883276611566544,48.0,0.018396005034446716,44.0,0.001970931887626648,-7.741153240203857e-05,straight_run,3.4416422843933105,0.006836272310465574,-0.0032054660841822624,0.09754776209592819,-0.006567180156707764,-1.0105984210968018,0.5593188405036926
0.5513026052104208,0.0,0.0,0.5,289,1785417124.8983748,0.0,0.10147862881422043,-0.011999313719570637,0.5708726048469543,1,3.4677422046661377,5,13466,0,1,0,1,1.0,1,1,479,1.0,0.0,1,8,6,2147483693,-1,1,0,48,48,48,48,48,48,48,48,0,0,0,33,16,255,16,1,255,1,1,255,1,2,74.79914093017578,99.28765869140625,0.14552940428256989,0.008394279517233372,0.5354947447776794,0.33339783549308777,-0.9427815675735474,-0.0029775244183838367,0.040883276611566544,48.0,0.018396005034446716,44.0,0.001970931887626648,-7.741153240203857e-05,straight_run,3.4416422843933105,0.006836272310465574,-0.0032054660841822624,0.09754776209592819,-0.006567180156707764,-1.0105984210968018,0.5593188405036926
0.5527054108216433,0.0,0.0,0.5,289,1785417124.919987,0.0,0.10147862881422043,-0.011999313719570637,0.5708726048469543,1,3.4677422046661377,5,13466,0,1,0,1,1.0,1,1,479,1.0,0.0,1,8,6,2147483693,-1,1,0,48,48,48,48,48,48,48,48,0,0,0,33,16,255,16,1,255,1,1,255,1,2,74.79914093017578,99.28765869140625,0.14552940428256989,0.008394279517233372,0.5354947447776794,0.33339783549308777,-0.9427815675735474,-0.0029775244183838367,0.040883276611566544,48.0,0.018396005034446716,44.0,0.001970931887626648,-7.741153240203857e-05,straight_run,3.4416422843933105,0.006836272310465574,-0.0032054660841822624,0.09754776209592819,-0.006567180156707764,-1.0105984210968018,0.5593188405036926
0.5541082164328657,0.0,0.0,0.5,289,1785417124.940247,0.0,0.10147862881422043,-0.011999313719570637,0.5708726048469543,1,3.4677422046661377,5,13466,0,1,0,1,1.0,1,1,479,1.0,0.0,1,8,6,2147483693,-1,1,0,48,48,48,48,48,48,48,48,0,0,0,33,16,255,16,1,255,1,1,255,1,2,74.79914093017578,99.28765869140625,0.14552940428256989,0.008394279517233372,0.5354947447776794,0.33339783549308777,-0.9427815675735474,-0.0029775244183838367,0.040883276611566544,48.0,0.018396005034446716,44.0,0.001970931887626648,-7.741153240203857e-05,straight_run,3.4416422843933105,0.006836272310465574,-0.0032054660841822624,0.09754776209592819,-0.006567180156707764,-1.0105984210968018,0.5593188405036926
0.5555110220440882,0.0,0.0,0.5,289,1785417124.9653141,0.0,0.10147862881422043,-0.011999313719570637,0.5708726048469543,1,3.4677422046661377,5,13466,0,1,0,1,1.0,1,1,479,1.0,0.0,1,8,6,2147483693,-1,1,0,48,48,48,48,48,48,48,48,0,0,0,33,16,255,16,1,255,1,1,255,1,2,74.79914093017578,99.28765869140625,0.14552940428256989,0.008394279517233372,0.5354947447776794,0.33339783549308777,-0.9427815675735474,-0.0029775244183838367,0.040883276611566544,48.0,0.018396005034446716,44.0,0.001970931887626648,-7.741153240203857e-05,straight_run,3.4416422843933105,0.006836272310465574,-0.0032054660841822624,0.09754776209592819,-0.006567180156707764,-1.0105984210968018,0.5593188405036926
0.5569138276553106,0.0,0.0,0.5,289,1785417124.986288,0.0,0.10147862881422043,-0.011999313719570637,0.5708726048469543,1,3.4677422046661377,5,13466,0,1,0,1,1.0,1,1,479,1.0,0.0,1,8,6,2147483693,-1,1,0,48,48,48,48,48,48,48,48,0,0,0,33,16,255,16,1,255,1,1,255,1,2,74.79914093017578,99.28765869140625,0.14552940428256989,0.008394279517233372,0.5354947447776794,0.33339783549308777,-0.9427815675735474,-0.0029775244183838367,0.040883276611566544,48.0,0.018396005034446716,44.0,0.001970931887626648,-7.741153240203857e-05,straight_run,3.4416422843933105,0.006836272310465574,-0.0032054660841822624,0.09754776209592819,-0.006567180156707764,-1.0105984210968018,0.5593188405036926
0.558316633266533,0.0,0.0,0.5,289,1785417125.0067031,0.0,0.10147862881422043,-0.011999313719570637,0.5708726048469543,1,3.4677422046661377,5,13466,0,1,0,1,1.0,1,1,479,1.0,0.0,1,8,6,2147483693,-1,1,0,48,48,48,48,48,48,48,48,0,0,0,33,16,255,16,1,255,1,1,255,1,2,74.79914093017578,99.28765869140625,0.14552940428256989,0.008394279517233372,0.5354947447776794,0.33339783549308777,-0.9427815675735474,-0.0029775244183838367,0.040883276611566544,48.0,0.018396005034446716,44.0,0.001970931887626648,-7.741153240203857e-05,straight_run,3.4416422843933105,0.006836272310465574,-0.0032054660841822624,0.09754776209592819,-0.006567180156707764,-1.0105984210968018,0.5593188405036926
0.5597194388777554,0.0,0.0,0.5,289,1785417125.0273762,0.0,0.10147862881422043,-0.011999313719570637,0.5708726048469543,1,3.4677422046661377,5,13466,0,1,0,1,1.0,1,1,479,1.0,0.0,1,8,6,2147483693,-1,1,0,48,48,48,48,48,48,48,48,0,0,0,33,16,255,16,1,255,1,1,255,1,2,74.79914093017578,99.28765869140625,0.14552940428256989,0.008394279517233372,0.5354947447776794,0.33339783549308777,-0.9427815675735474,-0.0029775244183838367,0.040883276611566544,48.0,0.018396005034446716,44.0,0.001970931887626648,-7.741153240203857e-05,straight_run,3.4416422843933105,0.006836272310465574,-0.0032054660841822624,0.09754776209592819,-0.006567180156707764,-1.0105984210968018,0.5593188405036926
0.561122244488978,0.0,0.0,0.5,289,1785417125.0490072,0.0,0.10147862881422043,-0.011999313719570637,0.5708726048469543,1,3.4677422046661377,5,13466,0,1,0,1,1.0,1,1,479,1.0,0.0,1,8,6,2147483693,-1,1,0,48,48,48,48,48,48,48,48,0,0,0,33,16,255,16,1,255,1,1,255,1,2,74.79914093017578,99.28765869140625,0.14552940428256989,0.008394279517233372,0.5354947447776794,0.33339783549308777,-0.9427815675735474,-0.0029775244183838367,0.040883276611566544,48.0,0.018396005034446716,44.0,0.001970931887626648,-7.741153240203857e-05,straight_run,3.4416422843933105,0.006836272310465574,-0.0032054660841822624,0.09754776209592819,-0.006567180156707764,-1.0105984210968018,0.5593188405036926
0.5625250501002004,0.0,0.0,0.5,289,1785417125.073983,0.0,0.10147862881422043,-0.011999313719570637,0.5708726048469543,1,3.4677422046661377,5,13466,0,1,0,1,1.0,1,1,479,1.0,0.0,1,8,6,2147483693,-1,1,0,48,48,48,48,48,48,48,48,0,0,0,33,16,255,16,1,255,1,1,255,1,2,74.79914093017578,99.28765869140625,0.14552940428256989,0.008394279517233372,0.5354947447776794,0.33339783549308777,-0.9427815675735474,-0.0029775244183838367,0.040883276611566544,48.0,0.018396005034446716,44.0,0.001970931887626648,-7.741153240203857e-05,straight_run,3.4416422843933105,0.006836272310465574,-0.0032054660841822624,0.09754776209592819,-0.006567180156707764,-1.0105984210968018,0.5593188405036926
0.5639278557114228,0.0,0.0,0.5,289,1785417125.097449,0.0,0.10147862881422043,-0.011999313719570637,0.5708726048469543,1,3.4677422046661377,5,13466,0,1,0,1,1.0,1,1,479,1.0,0.0,1,8,6,2147483693,-1,1,0,48,48,48,48,48,48,48,48,0,0,0,33,16,255,16,1,255,1,1,255,1,2,74.79914093017578,99.28765869140625,0.14552940428256989,0.008394279517233372,0.5354947447776794,0.33339783549308777,-0.9427815675735474,-0.0029775244183838367,0.040883276611566544,48.0,0.018396005034446716,44.0,0.001970931887626648,-7.741153240203857e-05,straight_run,3.4416422843933105,0.006836272310465574,-0.0032054660841822624,0.09754776209592819,-0.006567180156707764,-1.0105984210968018,0.5593188405036926
0.5653306613226453,0.0,0.0,0.5,289,1785417125.122134,0.0,0.10147862881422043,-0.011999313719570637,0.5708726048469543,1,3.4677422046661377,5,13466,0,1,0,1,1.0,1,1,479,1.0,0.0,1,8,6,2147483693,-1,1,0,48,48,48,48,48,48,48,48,0,0,0,33,16,255,16,1,255,1,1,255,1,2,74.79914093017578,99.28765869140625,0.14552940428256989,0.008394279517233372,0.5354947447776794,0.33339783549308777,-0.9427815675735474,-0.0029775244183838367,0.040883276611566544,48.0,0.018396005034446716,44.0,0.001970931887626648,-7.741153240203857e-05,straight_run,3.4416422843933105,0.006836272310465574,-0.0032054660841822624,0.09754776209592819,-0.006567180156707764,-1.0105984210968018,0.5593188405036926
0.5667334669338677,0.0,0.0,0.5,289,1785417125.1471748,0.0,0.10147862881422043,-0.011999313719570637,0.5708726048469543,1,3.4677422046661377,5,13466,0,1,0,1,1.0,1,1,479,1.0,0.0,1,8,6,2147483693,-1,1,0,48,48,48,48,48,48,48,48,0,0,0,33,16,255,16,1,255,1,1,255,1,2,74.79914093017578,99.28765869140625,0.14552940428256989,0.008394279517233372,0.5354947447776794,0.33339783549308777,-0.9427815675735474,-0.0029775244183838367,0.040883276611566544,48.0,0.018396005034446716,44.0,0.001970931887626648,-7.741153240203857e-05,straight_run,3.4416422843933105,0.006836272310465574,-0.0032054660841822624,0.09754776209592819,-0.006567180156707764,-1.0105984210968018,0.5593188405036926
0.5681362725450901,0.0,0.0,0.5,289,1785417125.171812,0.0,0.10147862881422043,-0.011999313719570637,0.5708726048469543,1,3.4677422046661377,5,13466,0,1,0,1,1.0,1,1,479,1.0,0.0,1,8,6,2147483693,-1,1,0,48,48,48,48,48,48,48,48,0,0,0,33,16,255,16,1,255,1,1,255,1,2,74.79914093017578,99.28765869140625,0.14552940428256989,0.008394279517233372,0.5354947447776794,0.33339783549308777,-0.9427815675735474,-0.0029775244183838367,0.040883276611566544,48.0,0.018396005034446716,44.0,0.001970931887626648,-7.741153240203857e-05,straight_run,3.4416422843933105,0.006836272310465574,-0.0032054660841822624,0.09754776209592819,-0.006567180156707764,-1.0105984210968018,0.5593188405036926
0.5695390781563127,0.0,0.0,0.5,289,1785417125.1942499,0.0,0.10147862881422043,-0.011999313719570637,0.5708726048469543,1,3.4677422046661377,5,13466,0,1,0,1,1.0,1,1,479,1.0,0.0,1,8,6,2147483693,-1,1,0,48,48,48,48,48,48,48,48,0,0,0,33,16,255,16,1,255,1,1,255,1,2,74.79914093017578,99.28765869140625,0.14552940428256989,0.008394279517233372,0.5354947447776794,0.33339783549308777,-0.9427815675735474,-0.0029775244183838367,0.040883276611566544,48.0,0.018396005034446716,44.0,0.001970931887626648,-7.741153240203857e-05,straight_run,3.4416422843933105,0.006836272310465574,-0.0032054660841822624,0.09754776209592819,-0.006567180156707764,-1.0105984210968018,0.5593188405036926
0.5709418837675351,0.0,0.0,0.5,289,1785417125.2184849,0.0,0.10147862881422043,-0.011999313719570637,0.5708726048469543,1,3.4677422046661377,5,13466,0,1,0,1,1.0,1,1,479,1.0,0.0,1,8,6,2147483693,-1,1,0,48,48,48,48,48,48,48,48,0,0,0,33,16,255,16,1,255,1,1,255,1,2,74.79914093017578,99.28765869140625,0.14552940428256989,0.008394279517233372,0.5354947447776794,0.33339783549308777,-0.9427815675735474,-0.0029775244183838367,0.040883276611566544,48.0,0.018396005034446716,44.0,0.001970931887626648,-7.741153240203857e-05,straight_run,3.4416422843933105,0.006836272310465574,-0.0032054660841822624,0.09754776209592819,-0.006567180156707764,-1.0105984210968018,0.5593188405036926
0.5723446893787575,0.0,0.0,0.5,289,1785417125.242091,0.0,0.10147862881422043,-0.011999313719570637,0.5708726048469543,1,3.4677422046661377,5,13466,0,1,0,1,1.0,1,1,479,1.0,0.0,1,8,6,2147483693,-1,1,0,48,48,48,48,48,48,48,48,0,0,0,33,16,255,16,1,255,1,1,255,1,2,74.79914093017578,99.28765869140625,0.14552940428256989,0.008394279517233372,0.5354947447776794,0.33339783549308777,-0.9427815675735474,-0.0029775244183838367,0.040883276611566544,48.0,0.018396005034446716,44.0,0.001970931887626648,-7.741153240203857e-05,straight_run,3.4416422843933105,0.006836272310465574,-0.0032054660841822624,0.09754776209592819,-0.006567180156707764,-1.0105984210968018,0.5593188405036926
0.5737474949899799,0.0,0.0,0.5,289,1785417125.267112,0.0,0.10147862881422043,-0.011999313719570637,0.5708726048469543,1,3.4677422046661377,5,13466,0,1,0,1,1.0,1,1,479,1.0,0.0,1,8,6,2147483693,-1,1,0,48,48,48,48,48,48,48,48,0,0,0,33,16,255,16,1,255,1,1,255,1,2,74.79914093017578,99.28765869140625,0.14552940428256989,0.008394279517233372,0.5354947447776794,0.33339783549308777,-0.9427815675735474,-0.0029775244183838367,0.040883276611566544,48.0,0.018396005034446716,44.0,0.001970931887626648,-7.741153240203857e-05,straight_run,3.4416422843933105,0.006836272310465574,-0.0032054660841822624,0.09754776209592819,-0.006567180156707764,-1.0105984210968018,0.5593188405036926
0.5751503006012024,0.0,0.0,0.5,289,1785417125.29115,0.0,0.10147862881422043,-0.011999313719570637,0.5708726048469543,1,3.4677422046661377,5,13466,0,1,0,1,1.0,1,1,479,1.0,0.0,1,8,6,2147483693,-1,1,0,48,48,48,48,48,48,48,48,0,0,0,33,16,255,16,1,255,1,1,255,1,2,74.79914093017578,99.28765869140625,0.14552940428256989,0.008394279517233372,0.5354947447776794,0.33339783549308777,-0.9427815675735474,-0.0029775244183838367,0.040883276611566544,48.0,0.018396005034446716,44.0,0.001970931887626648,-7.741153240203857e-05,straight_run,3.4416422843933105,0.006836272310465574,-0.0032054660841822624,0.09754776209592819,-0.006567180156707764,-1.0105984210968018,0.5593188405036926
0.5765531062124248,0.0,0.0,0.5,289,1785417125.316,0.0,0.10147862881422043,-0.011999313719570637,0.5708726048469543,1,3.4677422046661377,5,13466,0,1,0,1,1.0,1,1,479,1.0,0.0,1,8,6,2147483693,-1,1,0,48,48,48,48,48,48,48,48,0,0,0,33,16,255,16,1,255,1,1,255,1,2,74.79914093017578,99.28765869140625,0.14552940428256989,0.008394279517233372,0.5354947447776794,0.33339783549308777,-0.9427815675735474,-0.0029775244183838367,0.040883276611566544,48.0,0.018396005034446716,44.0,0.001970931887626648,-7.741153240203857e-05,straight_run,3.4416422843933105,0.006836272310465574,-0.0032054660841822624,0.09754776209592819,-0.006567180156707764,-1.0105984210968018,0.5593188405036926
0.5779559118236473,0.0,0.0,0.5,289,1785417125.340731,0.0,0.10147862881422043,-0.011999313719570637,0.5708726048469543,1,3.4677422046661377,5,13466,0,1,0,1,1.0,1,1,479,1.0,0.0,1,8,6,2147483693,-1,1,0,48,48,48,48,48,48,48,48,0,0,0,33,16,255,16,1,255,1,1,255,1,2,74.79914093017578,99.28765869140625,0.14552940428256989,0.008394279517233372,0.5354947447776794,0.33339783549308777,-0.9427815675735474,-0.0029775244183838367,0.040883276611566544,48.0,0.018396005034446716,44.0,0.001970931887626648,-7.741153240203857e-05,straight_run,3.4416422843933105,0.006836272310465574,-0.0032054660841822624,0.09754776209592819,-0.006567180156707764,-1.0105984210968018,0.5593188405036926
0.5793587174348698,0.0,0.0,0.5,289,1785417125.3659341,0.0,0.10147862881422043,-0.011999313719570637,0.5708726048469543,1,3.4677422046661377,5,13466,0,1,0,1,1.0,1,1,479,1.0,0.0,1,8,6,2147483693,-1,1,0,48,48,48,48,48,48,48,48,0,0,0,33,16,255,16,1,255,1,1,255,1,2,74.79914093017578,99.28765869140625,0.14552940428256989,0.008394279517233372,0.5354947447776794,0.33339783549308777,-0.9427815675735474,-0.0029775244183838367,0.040883276611566544,48.0,0.018396005034446716,44.0,0.001970931887626648,-7.741153240203857e-05,straight_run,3.4416422843933105,0.006836272310465574,-0.0032054660841822624,0.09754776209592819,-0.006567180156707764,-1.0105984210968018,0.5593188405036926
0.5807615230460922,0.0,0.0,0.5,289,1785417125.390251,0.0,0.10147862881422043,-0.011999313719570637,0.5708726048469543,1,3.4677422046661377,5,13466,0,1,0,1,1.0,1,1,479,1.0,0.0,1,8,6,2147483693,-1,1,0,48,48,48,48,48,48,48,48,0,0,0,33,16,255,16,1,255,1,1,255,1,2,74.79914093017578,99.28765869140625,0.14552940428256989,0.008394279517233372,0.5354947447776794,0.33339783549308777,-0.9427815675735474,-0.0029775244183838367,0.040883276611566544,48.0,0.018396005034446716,44.0,0.001970931887626648,-7.741153240203857e-05,straight_run,3.4416422843933105,0.006836272310465574,-0.0032054660841822624,0.09754776209592819,-0.006567180156707764,-1.0105984210968018,0.5593188405036926
0.5821643286573146,0.0,0.0,0.5,289,1785417125.4146922,0.0,0.10147862881422043,-0.011999313719570637,0.5708726048469543,1,3.4677422046661377,5,13466,0,1,0,1,1.0,1,1,479,1.0,0.0,1,8,6,2147483693,-1,1,0,48,48,48,48,48,48,48,48,0,0,0,33,16,255,16,1,255,1,1,255,1,2,74.79914093017578,99.28765869140625,0.14552940428256989,0.008394279517233372,0.5354947447776794,0.33339783549308777,-0.9427815675735474,-0.0029775244183838367,0.040883276611566544,48.0,0.018396005034446716,44.0,0.001970931887626648,-7.741153240203857e-05,straight_run,3.4416422843933105,0.006836272310465574,-0.0032054660841822624,0.09754776209592819,-0.006567180156707764,-1.0105984210968018,0.5593188405036926
0.583567134268537,0.0,0.0,0.5,289,1785417125.435699,0.0,0.10147862881422043,-0.011999313719570637,0.5708726048469543,1,3.4677422046661377,5,13466,0,1,0,1,1.0,1,1,479,1.0,0.0,1,8,6,2147483693,-1,1,0,48,48,48,48,48,48,48,48,0,0,0,33,16,255,16,1,255,1,1,255,1,2,74.79914093017578,99.28765869140625,0.14552940428256989,0.008394279517233372,0.5354947447776794,0.33339783549308777,-0.9427815675735474,-0.0029775244183838367,0.040883276611566544,48.0,0.018396005034446716,44.0,0.001970931887626648,-7.741153240203857e-05,straight_run,3.4416422843933105,0.006836272310465574,-0.0032054660841822624,0.09754776209592819,-0.006567180156707764,-1.0105984210968018,0.5593188405036926
0.5849699398797594,0.0,0.0,0.5,289,1785417125.461161,0.0,0.10147862881422043,-0.011999313719570637,0.5708726048469543,1,3.4677422046661377,5,13466,0,1,0,1,1.0,1,1,479,1.0,0.0,1,8,6,2147483693,-1,1,0,48,48,48,48,48,48,48,48,0,0,0,33,16,255,16,1,255,1,1,255,1,2,74.79914093017578,99.28765869140625,0.14552940428256989,0.008394279517233372,0.5354947447776794,0.33339783549308777,-0.9427815675735474,-0.0029775244183838367,0.040883276611566544,48.0,0.018396005034446716,44.0,0.001970931887626648,-7.741153240203857e-05,straight_run,3.4416422843933105,0.006836272310465574,-0.0032054660841822624,0.09754776209592819,-0.006567180156707764,-1.0105984210968018,0.5593188405036926
0.5863727454909818,0.0,0.0,0.5,289,1785417125.485631,0.0,0.10147862881422043,-0.011999313719570637,0.5708726048469543,1,3.4677422046661377,5,13466,0,1,0,1,1.0,1,1,479,1.0,0.0,1,8,6,2147483693,-1,1,0,48,48,48,48,48,48,48,48,0,0,0,33,16,255,16,1,255,1,1,255,1,2,74.79914093017578,99.28765869140625,0.14552940428256989,0.008394279517233372,0.5354947447776794,0.33339783549308777,-0.9427815675735474,-0.0029775244183838367,0.040883276611566544,48.0,0.018396005034446716,44.0,0.001970931887626648,-7.741153240203857e-05,straight_run,3.4416422843933105,0.006836272310465574,-0.0032054660841822624,0.09754776209592819,-0.006567180156707764,-1.0105984210968018,0.5593188405036926
0.5877755511022044,0.0,0.0,0.5,289,1785417125.508733,0.0,0.10147862881422043,-0.011999313719570637,0.5708726048469543,1,3.4677422046661377,5,13466,0,1,0,1,1.0,1,1,479,1.0,0.0,1,8,6,2147483693,-1,1,0,48,48,48,48,48,48,48,48,0,0,0,33,16,255,16,1,255,1,1,255,1,2,74.79914093017578,99.28765869140625,0.14552940428256989,0.008394279517233372,0.5354947447776794,0.33339783549308777,-0.9427815675735474,-0.0029775244183838367,0.040883276611566544,48.0,0.018396005034446716,44.0,0.001970931887626648,-7.741153240203857e-05,straight_run,3.4416422843933105,0.006836272310465574,-0.0032054660841822624,0.09754776209592819,-0.006567180156707764,-1.0105984210968018,0.5593188405036926
0.5891783567134268,0.0,0.0,0.5,289,1785417125.531585,0.0,0.10147862881422043,-0.011999313719570637,0.5708726048469543,1,3.4677422046661377,5,13466,0,1,0,1,1.0,1,1,479,1.0,0.0,1,8,6,2147483693,-1,1,0,48,48,48,48,48,48,48,48,0,0,0,33,16,255,16,1,255,1,1,255,1,2,74.79914093017578,99.28765869140625,0.14552940428256989,0.008394279517233372,0.5354947447776794,0.33339783549308777,-0.9427815675735474,-0.0029775244183838367,0.040883276611566544,48.0,0.018396005034446716,44.0,0.001970931887626648,-7.741153240203857e-05,straight_run,3.4416422843933105,0.006836272310465574,-0.0032054660841822624,0.09754776209592819,-0.006567180156707764,-1.0105984210968018,0.5593188405036926
0.5905811623246492,0.0,0.0,0.5,289,1785417125.552011,0.0,0.10147862881422043,-0.011999313719570637,0.5708726048469543,1,3.4677422046661377,5,13466,0,1,0,1,1.0,1,1,479,1.0,0.0,1,8,6,2147483693,-1,1,0,48,48,48,48,48,48,48,48,0,0,0,33,16,255,16,1,255,1,1,255,1,2,74.79914093017578,99.28765869140625,0.14552940428256989,0.008394279517233372,0.5354947447776794,0.33339783549308777,-0.9427815675735474,-0.0029775244183838367,0.040883276611566544,48.0,0.018396005034446716,44.0,0.001970931887626648,-7.741153240203857e-05,straight_run,3.4416422843933105,0.006836272310465574,-0.0032054660841822624,0.09754776209592819,-0.006567180156707764,-1.0105984210968018,0.5593188405036926
0.5919839679358717,0.0,0.0,0.5,289,1785417125.576125,0.0,0.10147862881422043,-0.011999313719570637,0.5708726048469543,1,3.4677422046661377,5,13466,0,1,0,1,1.0,1,1,479,1.0,0.0,1,8,6,2147483693,-1,1,0,48,48,48,48,48,48,48,48,0,0,0,33,16,255,16,1,255,1,1,255,1,2,74.79914093017578,99.28765869140625,0.14552940428256989,0.008394279517233372,0.5354947447776794,0.33339783549308777,-0.9427815675735474,-0.0029775244183838367,0.040883276611566544,48.0,0.018396005034446716,44.0,0.001970931887626648,-7.741153240203857e-05,straight_run,3.4416422843933105,0.006836272310465574,-0.0032054660841822624,0.09754776209592819,-0.006567180156707764,-1.0105984210968018,0.5593188405036926
0.5933867735470941,0.0,0.0,0.5,289,1785417125.599318,0.0,0.10147862881422043,-0.011999313719570637,0.5708726048469543,1,3.4677422046661377,5,13466,0,1,0,1,1.0,1,1,479,1.0,0.0,1,8,6,2147483693,-1,1,0,48,48,48,48,48,48,48,48,0,0,0,33,16,255,16,1,255,1,1,255,1,2,74.79914093017578,99.28765869140625,0.14552940428256989,0.008394279517233372,0.5354947447776794,0.33339783549308777,-0.9427815675735474,-0.0029775244183838367,0.040883276611566544,48.0,0.018396005034446716,44.0,0.001970931887626648,-7.741153240203857e-05,straight_run,3.4416422843933105,0.006836272310465574,-0.0032054660841822624,0.09754776209592819,-0.006567180156707764,-1.0105984210968018,0.5593188405036926
0.5947895791583165,0.0,0.0,0.5,289,1785417125.624109,0.0,0.10147862881422043,-0.011999313719570637,0.5708726048469543,1,3.4677422046661377,5,13466,0,1,0,1,1.0,1,1,479,1.0,0.0,1,8,6,2147483693,-1,1,0,48,48,48,48,48,48,48,48,0,0,0,33,16,255,16,1,255,1,1,255,1,2,74.79914093017578,99.28765869140625,0.14552940428256989,0.008394279517233372,0.5354947447776794,0.33339783549308777,-0.9427815675735474,-0.0029775244183838367,0.040883276611566544,48.0,0.018396005034446716,44.0,0.001970931887626648,-7.741153240203857e-05,straight_run,3.4416422843933105,0.006836272310465574,-0.0032054660841822624,0.09754776209592819,-0.006567180156707764,-1.0105984210968018,0.5593188405036926
0.5961923847695391,0.0,0.0,0.5,289,1785417125.647062,0.0,0.10147862881422043,-0.011999313719570637,0.5708726048469543,1,3.4677422046661377,5,13466,0,1,0,1,1.0,1,1,479,1.0,0.0,1,8,6,2147483693,-1,1,0,48,48,48,48,48,48,48,48,0,0,0,33,16,255,16,1,255,1,1,255,1,2,74.79914093017578,99.28765869140625,0.14552940428256989,0.008394279517233372,0.5354947447776794,0.33339783549308777,-0.9427815675735474,-0.0029775244183838367,0.040883276611566544,48.0,0.018396005034446716,44.0,0.001970931887626648,-7.741153240203857e-05,straight_run,3.4416422843933105,0.006836272310465574,-0.0032054660841822624,0.09754776209592819,-0.006567180156707764,-1.0105984210968018,0.5593188405036926
0.5975951903807615,0.0,0.0,0.5,289,1785417125.669481,0.0,0.10147862881422043,-0.011999313719570637,0.5708726048469543,1,3.4677422046661377,5,13466,0,1,0,1,1.0,1,1,479,1.0,0.0,1,8,6,2147483693,-1,1,0,48,48,48,48,48,48,48,48,0,0,0,33,16,255,16,1,255,1,1,255,1,2,74.79914093017578,99.28765869140625,0.14552940428256989,0.008394279517233372,0.5354947447776794,0.33339783549308777,-0.9427815675735474,-0.0029775244183838367,0.040883276611566544,48.0,0.018396005034446716,44.0,0.001970931887626648,-7.741153240203857e-05,straight_run,3.4416422843933105,0.006836272310465574,-0.0032054660841822624,0.09754776209592819,-0.006567180156707764,-1.0105984210968018,0.5593188405036926
0.5989979959919839,0.0,0.0,0.5,289,1785417125.6896489,0.0,0.10147862881422043,-0.011999313719570637,0.5708726048469543,1,3.4677422046661377,5,13466,0,1,0,1,1.0,1,1,479,1.0,0.0,1,8,6,2147483693,-1,1,0,48,48,48,48,48,48,48,48,0,0,0,33,16,255,16,1,255,1,1,255,1,2,74.79914093017578,99.28765869140625,0.14552940428256989,0.008394279517233372,0.5354947447776794,0.33339783549308777,-0.9427815675735474,-0.0029775244183838367,0.040883276611566544,48.0,0.018396005034446716,44.0,0.001970931887626648,-7.741153240203857e-05,straight_run,3.4416422843933105,0.006836272310465574,-0.0032054660841822624,0.09754776209592819,-0.006567180156707764,-1.0105984210968018,0.5593188405036926
0.6004008016032063,0.0,0.0,0.5,289,1785417125.7122219,0.0,0.10147862881422043,-0.011999313719570637,0.5708726048469543,1,3.4677422046661377,5,13466,0,1,0,1,1.0,1,1,479,1.0,0.0,1,8,6,2147483693,-1,1,0,48,48,48,48,48,48,48,48,0,0,0,33,16,255,16,1,255,1,1,255,1,2,74.79914093017578,99.28765869140625,0.14552940428256989,0.008394279517233372,0.5354947447776794,0.33339783549308777,-0.9427815675735474,-0.0029775244183838367,0.040883276611566544,48.0,0.018396005034446716,44.0,0.001970931887626648,-7.741153240203857e-05,straight_run,3.4416422843933105,0.006836272310465574,-0.0032054660841822624,0.09754776209592819,-0.006567180156707764,-1.0105984210968018,0.5593188405036926
0.6018036072144288,0.0,0.0,0.5,289,1785417125.733994,0.0,0.10147862881422043,-0.011999313719570637,0.5708726048469543,1,3.4677422046661377,5,13466,0,1,0,1,1.0,1,1,479,1.0,0.0,1,8,6,2147483693,-1,1,0,48,48,48,48,48,48,48,48,0,0,0,33,16,255,16,1,255,1,1,255,1,2,74.79914093017578,99.28765869140625,0.14552940428256989,0.008394279517233372,0.5354947447776794,0.33339783549308777,-0.9427815675735474,-0.0029775244183838367,0.040883276611566544,48.0,0.018396005034446716,44.0,0.001970931887626648,-7.741153240203857e-05,straight_run,3.4416422843933105,0.006836272310465574,-0.0032054660841822624,0.09754776209592819,-0.006567180156707764,-1.0105984210968018,0.5593188405036926
0.6032064128256512,0.0,0.0,0.5,289,1785417125.7561119,0.0,0.10147862881422043,-0.011999313719570637,0.5708726048469543,1,3.4677422046661377,5,13466,0,1,0,1,1.0,1,1,479,1.0,0.0,1,8,6,2147483693,-1,1,0,48,48,48,48,48,48,48,48,0,0,0,33,16,255,16,1,255,1,1,255,1,2,74.79914093017578,99.28765869140625,0.14552940428256989,0.008394279517233372,0.5354947447776794,0.33339783549308777,-0.9427815675735474,-0.0029775244183838367,0.040883276611566544,48.0,0.018396005034446716,44.0,0.001970931887626648,-7.741153240203857e-05,straight_run,3.4416422843933105,0.006836272310465574,-0.0032054660841822624,0.09754776209592819,-0.006567180156707764,-1.0105984210968018,0.5593188405036926
0.6046092184368737,0.0,0.0,0.5,289,1785417125.776405,0.0,0.10147862881422043,-0.011999313719570637,0.5708726048469543,1,3.4677422046661377,5,13466,0,1,0,1,1.0,1,1,479,1.0,0.0,1,8,6,2147483693,-1,1,0,48,48,48,48,48,48,48,48,0,0,0,33,16,255,16,1,255,1,1,255,1,2,74.79914093017578,99.28765869140625,0.14552940428256989,0.008394279517233372,0.5354947447776794,0.33339783549308777,-0.9427815675735474,-0.0029775244183838367,0.040883276611566544,48.0,0.018396005034446716,44.0,0.001970931887626648,-7.741153240203857e-05,straight_run,3.4416422843933105,0.006836272310465574,-0.0032054660841822624,0.09754776209592819,-0.006567180156707764,-1.0105984210968018,0.5593188405036926
0.6060120240480962,0.0,0.0,0.5,289,1785417125.7985978,0.0,0.10147862881422043,-0.011999313719570637,0.5708726048469543,1,3.4677422046661377,5,13466,0,1,0,1,1.0,1,1,479,1.0,0.0,1,8,6,2147483693,-1,1,0,48,48,48,48,48,48,48,48,0,0,0,33,16,255,16,1,255,1,1,255,1,2,74.79914093017578,99.28765869140625,0.14552940428256989,0.008394279517233372,0.5354947447776794,0.33339783549308777,-0.9427815675735474,-0.0029775244183838367,0.040883276611566544,48.0,0.018396005034446716,44.0,0.001970931887626648,-7.741153240203857e-05,straight_run,3.4416422843933105,0.006836272310465574,-0.0032054660841822624,0.09754776209592819,-0.006567180156707764,-1.0105984210968018,0.5593188405036926
0.6074148296593186,0.0,0.0,0.5,289,1785417125.8227708,0.0,0.10147862881422043,-0.011999313719570637,0.5708726048469543,1,3.4677422046661377,5,13466,0,1,0,1,1.0,1,1,479,1.0,0.0,1,8,6,2147483693,-1,1,0,48,48,48,48,48,48,48,48,0,0,0,33,16,255,16,1,255,1,1,255,1,2,74.79914093017578,99.28765869140625,0.14552940428256989,0.008394279517233372,0.5354947447776794,0.33339783549308777,-0.9427815675735474,-0.0029775244183838367,0.040883276611566544,48.0,0.018396005034446716,44.0,0.001970931887626648,-7.741153240203857e-05,straight_run,3.4416422843933105,0.006836272310465574,-0.0032054660841822624,0.09754776209592819,-0.006567180156707764,-1.0105984210968018,0.5593188405036926
0.608817635270541,0.0,0.0,0.5,289,1785417125.844728,0.0,0.10147862881422043,-0.011999313719570637,0.5708726048469543,1,3.4677422046661377,5,13466,0,1,0,1,1.0,1,1,479,1.0,0.0,1,8,6,2147483693,-1,1,0,48,48,48,48,48,48,48,48,0,0,0,33,16,255,16,1,255,1,1,255,1,2,74.79914093017578,99.28765869140625,0.14552940428256989,0.008394279517233372,0.5354947447776794,0.33339783549308777,-0.9427815675735474,-0.0029775244183838367,0.040883276611566544,48.0,0.018396005034446716,44.0,0.001970931887626648,-7.741153240203857e-05,straight_run,3.4416422843933105,0.006836272310465574,-0.0032054660841822624,0.09754776209592819,-0.006567180156707764,-1.0105984210968018,0.5593188405036926
0.6102204408817635,0.0,0.0,0.5,289,1785417125.8697898,0.0,0.10147862881422043,-0.011999313719570637,0.5708726048469543,1,3.4677422046661377,5,13466,0,1,0,1,1.0,1,1,479,1.0,0.0,1,8,6,2147483693,-1,1,0,48,48,48,48,48,48,48,48,0,0,0,33,16,255,16,1,255,1,1,255,1,2,74.79914093017578,99.28765869140625,0.14552940428256989,0.008394279517233372,0.5354947447776794,0.33339783549308777,-0.9427815675735474,-0.0029775244183838367,0.040883276611566544,48.0,0.018396005034446716,44.0,0.001970931887626648,-7.741153240203857e-05,straight_run,3.4416422843933105,0.006836272310465574,-0.0032054660841822624,0.09754776209592819,-0.006567180156707764,-1.0105984210968018,0.5593188405036926
0.6116232464929859,0.0,0.0,0.5,289,1785417125.889944,0.0,0.10147862881422043,-0.011999313719570637,0.5708726048469543,1,3.4677422046661377,5,13466,0,1,0,1,1.0,1,1,479,1.0,0.0,1,8,6,2147483693,-1,1,0,48,48,48,48,48,48,48,48,0,0,0,33,16,255,16,1,255,1,1,255,1,2,74.79914093017578,99.28765869140625,0.14552940428256989,0.008394279517233372,0.5354947447776794,0.33339783549308777,-0.9427815675735474,-0.0029775244183838367,0.040883276611566544,48.0,0.018396005034446716,44.0,0.001970931887626648,-7.741153240203857e-05,straight_run,3.4416422843933105,0.006836272310465574,-0.0032054660841822624,0.09754776209592819,-0.006567180156707764,-1.0105984210968018,0.5593188405036926
0.6130260521042084,0.0,0.0,0.5,289,1785417125.9102561,0.0,0.10147862881422043,-0.011999313719570637,0.5708726048469543,1,3.4677422046661377,5,13466,0,1,0,1,1.0,1,1,479,1.0,0.0,1,8,6,2147483693,-1,1,0,48,48,48,48,48,48,48,48,0,0,0,33,16,255,16,1,255,1,1,255,1,2,74.79914093017578,99.28765869140625,0.14552940428256989,0.008394279517233372,0.5354947447776794,0.33339783549308777,-0.9427815675735474,-0.0029775244183838367,0.040883276611566544,48.0,0.018396005034446716,44.0,0.001970931887626648,-7.741153240203857e-05,straight_run,3.4416422843933105,0.006836272310465574,-0.0032054660841822624,0.09754776209592819,-0.006567180156707764,-1.0105984210968018,0.5593188405036926
0.6144288577154308,0.0,0.0,0.5,289,1785417125.9334888,0.0,0.10147862881422043,-0.011999313719570637,0.5708726048469543,1,3.4677422046661377,5,13466,0,1,0,1,1.0,1,1,479,1.0,0.0,1,8,6,2147483693,-1,1,0,48,48,48,48,48,48,48,48,0,0,0,33,16,255,16,1,255,1,1,255,1,2,74.79914093017578,99.28765869140625,0.14552940428256989,0.008394279517233372,0.5354947447776794,0.33339783549308777,-0.9427815675735474,-0.0029775244183838367,0.040883276611566544,48.0,0.018396005034446716,44.0,0.001970931887626648,-7.741153240203857e-05,straight_run,3.4416422843933105,0.006836272310465574,-0.0032054660841822624,0.09754776209592819,-0.006567180156707764,-1.0105984210968018,0.5593188405036926
0.6158316633266533,0.0,0.0,0.5,289,1785417125.9536362,0.0,0.10147862881422043,-0.011999313719570637,0.5708726048469543,1,3.4677422046661377,5,13466,0,1,0,1,1.0,1,1,479,1.0,0.0,1,8,6,2147483693,-1,1,0,48,48,48,48,48,48,48,48,0,0,0,33,16,255,16,1,255,1,1,255,1,2,74.79914093017578,99.28765869140625,0.14552940428256989,0.008394279517233372,0.5354947447776794,0.33339783549308777,-0.9427815675735474,-0.0029775244183838367,0.040883276611566544,48.0,0.018396005034446716,44.0,0.001970931887626648,-7.741153240203857e-05,straight_run,3.4416422843933105,0.006836272310465574,-0.0032054660841822624,0.09754776209592819,-0.006567180156707764,-1.0105984210968018,0.5593188405036926
0.6172344689378757,0.0,0.0,0.5,289,1785417125.97617,0.0,0.10147862881422043,-0.011999313719570637,0.5708726048469543,1,3.4677422046661377,5,13466,0,1,0,1,1.0,1,1,479,1.0,0.0,1,8,6,2147483693,-1,1,0,48,48,48,48,48,48,48,48,0,0,0,33,16,255,16,1,255,1,1,255,1,2,74.79914093017578,99.28765869140625,0.14552940428256989,0.008394279517233372,0.5354947447776794,0.33339783549308777,-0.9427815675735474,-0.0029775244183838367,0.040883276611566544,48.0,0.018396005034446716,44.0,0.001970931887626648,-7.741153240203857e-05,straight_run,3.4416422843933105,0.006836272310465574,-0.0032054660841822624,0.09754776209592819,-0.006567180156707764,-1.0105984210968018,0.5593188405036926
0.6186372745490981,0.0,0.0,0.5,289,1785417125.996552,0.0,0.10147862881422043,-0.011999313719570637,0.5708726048469543,1,3.4677422046661377,5,13466,0,1,0,1,1.0,1,1,479,1.0,0.0,1,8,6,2147483693,-1,1,0,48,48,48,48,48,48,48,48,0,0,0,33,16,255,16,1,255,1,1,255,1,2,74.79914093017578,99.28765869140625,0.14552940428256989,0.008394279517233372,0.5354947447776794,0.33339783549308777,-0.9427815675735474,-0.0029775244183838367,0.040883276611566544,48.0,0.018396005034446716,44.0,0.001970931887626648,-7.741153240203857e-05,straight_run,3.4416422843933105,0.006836272310465574,-0.0032054660841822624,0.09754776209592819,-0.006567180156707764,-1.0105984210968018,0.5593188405036926
0.6200400801603206,0.0,0.0,0.5,289,1785417126.017175,0.0,0.10147862881422043,-0.011999313719570637,0.5708726048469543,1,3.4677422046661377,5,13466,0,1,0,1,1.0,1,1,479,1.0,0.0,1,8,6,2147483693,-1,1,0,48,48,48,48,48,48,48,48,0,0,0,33,16,255,16,1,255,1,1,255,1,2,74.79914093017578,99.28765869140625,0.14552940428256989,0.008394279517233372,0.5354947447776794,0.33339783549308777,-0.9427815675735474,-0.0029775244183838367,0.040883276611566544,48.0,0.018396005034446716,44.0,0.001970931887626648,-7.741153240203857e-05,straight_run,3.4416422843933105,0.006836272310465574,-0.0032054660841822624,0.09754776209592819,-0.006567180156707764,-1.0105984210968018,0.5593188405036926
0.621442885771543,0.0,0.0,0.5,289,1785417126.040252,0.0,0.10147862881422043,-0.011999313719570637,0.5708726048469543,1,3.4677422046661377,5,13466,0,1,0,1,1.0,1,1,479,1.0,0.0,1,8,6,2147483693,-1,1,0,48,48,48,48,48,48,48,48,0,0,0,33,16,255,16,1,255,1,1,255,1,2,74.79914093017578,99.28765869140625,0.14552940428256989,0.008394279517233372,0.5354947447776794,0.33339783549308777,-0.9427815675735474,-0.0029775244183838367,0.040883276611566544,48.0,0.018396005034446716,44.0,0.001970931887626648,-7.741153240203857e-05,straight_run,3.4416422843933105,0.006836272310465574,-0.0032054660841822624,0.09754776209592819,-0.006567180156707764,-1.0105984210968018,0.5593188405036926
0.6228456913827655,0.0,0.0,0.5,289,1785417126.062592,0.0,0.10147862881422043,-0.011999313719570637,0.5708726048469543,1,3.4677422046661377,5,13466,0,1,0,1,1.0,1,1,479,1.0,0.0,1,8,6,2147483693,-1,1,0,48,48,48,48,48,48,48,48,0,0,0,33,16,255,16,1,255,1,1,255,1,2,74.79914093017578,99.28765869140625,0.14552940428256989,0.008394279517233372,0.5354947447776794,0.33339783549308777,-0.9427815675735474,-0.0029775244183838367,0.040883276611566544,48.0,0.018396005034446716,44.0,0.001970931887626648,-7.741153240203857e-05,straight_run,3.4416422843933105,0.006836272310465574,-0.0032054660841822624,0.09754776209592819,-0.006567180156707764,-1.0105984210968018,0.5593188405036926
0.624248496993988,0.0,0.0,0.5,289,1785417126.084706,0.0,0.10147862881422043,-0.011999313719570637,0.5708726048469543,1,3.4677422046661377,5,13466,0,1,0,1,1.0,1,1,479,1.0,0.0,1,8,6,2147483693,-1,1,0,48,48,48,48,48,48,48,48,0,0,0,33,16,255,16,1,255,1,1,255,1,2,74.79914093017578,99.28765869140625,0.14552940428256989,0.008394279517233372,0.5354947447776794,0.33339783549308777,-0.9427815675735474,-0.0029775244183838367,0.040883276611566544,48.0,0.018396005034446716,44.0,0.001970931887626648,-7.741153240203857e-05,straight_run,3.4416422843933105,0.006836272310465574,-0.0032054660841822624,0.09754776209592819,-0.006567180156707764,-1.0105984210968018,0.5593188405036926
0.6256513026052104,0.0,0.0,0.5,289,1785417126.106866,0.0,0.10147862881422043,-0.011999313719570637,0.5708726048469543,1,3.4677422046661377,5,13466,0,1,0,1,1.0,1,1,479,1.0,0.0,1,8,6,2147483693,-1,1,0,48,48,48,48,48,48,48,48,0,0,0,33,16,255,16,1,255,1,1,255,1,2,74.79914093017578,99.28765869140625,0.14552940428256989,0.008394279517233372,0.5354947447776794,0.33339783549308777,-0.9427815675735474,-0.0029775244183838367,0.040883276611566544,48.0,0.018396005034446716,44.0,0.001970931887626648,-7.741153240203857e-05,straight_run,3.4416422843933105,0.006836272310465574,-0.0032054660841822624,0.09754776209592819,-0.006567180156707764,-1.0105984210968018,0.5593188405036926
0.6270541082164328,0.0,0.0,0.5,289,1785417126.1318212,0.0,0.10147862881422043,-0.011999313719570637,0.5708726048469543,1,3.4677422046661377,5,13466,0,1,0,1,1.0,1,1,479,1.0,0.0,1,8,6,2147483693,-1,1,0,48,48,48,48,48,48,48,48,0,0,0,33,16,255,16,1,255,1,1,255,1,2,74.79914093017578,99.28765869140625,0.14552940428256989,0.008394279517233372,0.5354947447776794,0.33339783549308777,-0.9427815675735474,-0.0029775244183838367,0.040883276611566544,48.0,0.018396005034446716,44.0,0.001970931887626648,-7.741153240203857e-05,straight_run,3.4416422843933105,0.006836272310465574,-0.0032054660841822624,0.09754776209592819,-0.006567180156707764,-1.0105984210968018,0.5593188405036926
0.6284569138276552,0.0,0.0,0.5,289,1785417126.156246,0.0,0.10147862881422043,-0.011999313719570637,0.5708726048469543,1,3.4677422046661377,5,13466,0,1,0,1,1.0,1,1,479,1.0,0.0,1,8,6,2147483693,-1,1,0,48,48,48,48,48,48,48,48,0,0,0,33,16,255,16,1,255,1,1,255,1,2,74.79914093017578,99.28765869140625,0.14552940428256989,0.008394279517233372,0.5354947447776794,0.33339783549308777,-0.9427815675735474,-0.0029775244183838367,0.040883276611566544,48.0,0.018396005034446716,44.0,0.001970931887626648,-7.741153240203857e-05,straight_run,3.4416422843933105,0.006836272310465574,-0.0032054660841822624,0.09754776209592819,-0.006567180156707764,-1.0105984210968018,0.5593188405036926
0.6298597194388778,0.0,0.0,0.5,289,1785417126.180267,0.0,0.10147862881422043,-0.011999313719570637,0.5708726048469543,1,3.4677422046661377,5,13466,0,1,0,1,1.0,1,1,479,1.0,0.0,1,8,6,2147483693,-1,1,0,48,48,48,48,48,48,48,48,0,0,0,33,16,255,16,1,255,1,1,255,1,2,74.79914093017578,99.28765869140625,0.14552940428256989,0.008394279517233372,0.5354947447776794,0.33339783549308777,-0.9427815675735474,-0.0029775244183838367,0.040883276611566544,48.0,0.018396005034446716,44.0,0.001970931887626648,-7.741153240203857e-05,straight_run,3.4416422843933105,0.006836272310465574,-0.0032054660841822624,0.09754776209592819,-0.006567180156707764,-1.0105984210968018,0.5593188405036926
0.6312625250501002,0.0,0.0,0.5,289,1785417126.2047172,0.0,0.10147862881422043,-0.011999313719570637,0.5708726048469543,1,3.4677422046661377,5,13466,0,1,0,1,1.0,1,1,479,1.0,0.0,1,8,6,2147483693,-1,1,0,48,48,48,48,48,48,48,48,0,0,0,33,16,255,16,1,255,1,1,255,1,2,74.79914093017578,99.28765869140625,0.14552940428256989,0.008394279517233372,0.5354947447776794,0.33339783549308777,-0.9427815675735474,-0.0029775244183838367,0.040883276611566544,48.0,0.018396005034446716,44.0,0.001970931887626648,-7.741153240203857e-05,straight_run,3.4416422843933105,0.006836272310465574,-0.0032054660841822624,0.09754776209592819,-0.006567180156707764,-1.0105984210968018,0.5593188405036926
0.6326653306613226,0.0,0.0,0.5,289,1785417126.225002,0.0,0.10147862881422043,-0.011999313719570637,0.5708726048469543,1,3.4677422046661377,5,13466,0,1,0,1,1.0,1,1,479,1.0,0.0,1,8,6,2147483693,-1,1,0,48,48,48,48,48,48,48,48,0,0,0,33,16,255,16,1,255,1,1,255,1,2,74.79914093017578,99.28765869140625,0.14552940428256989,0.008394279517233372,0.5354947447776794,0.33339783549308777,-0.9427815675735474,-0.0029775244183838367,0.040883276611566544,48.0,0.018396005034446716,44.0,0.001970931887626648,-7.741153240203857e-05,straight_run,3.4416422843933105,0.006836272310465574,-0.0032054660841822624,0.09754776209592819,-0.006567180156707764,-1.0105984210968018,0.5593188405036926
0.6340681362725451,0.0,0.0,0.5,289,1785417126.246218,0.0,0.10147862881422043,-0.011999313719570637,0.5708726048469543,1,3.4677422046661377,5,13466,0,1,0,1,1.0,1,1,479,1.0,0.0,1,8,6,2147483693,-1,1,0,48,48,48,48,48,48,48,48,0,0,0,33,16,255,16,1,255,1,1,255,1,2,74.79914093017578,99.28765869140625,0.14552940428256989,0.008394279517233372,0.5354947447776794,0.33339783549308777,-0.9427815675735474,-0.0029775244183838367,0.040883276611566544,48.0,0.018396005034446716,44.0,0.001970931887626648,-7.741153240203857e-05,straight_run,3.4416422843933105,0.006836272310465574,-0.0032054660841822624,0.09754776209592819,-0.006567180156707764,-1.0105984210968018,0.5593188405036926
0.6354709418837675,0.0,0.0,0.5,289,1785417126.269351,0.0,0.10147862881422043,-0.011999313719570637,0.5708726048469543,1,3.4677422046661377,5,13466,0,1,0,1,1.0,1,1,479,1.0,0.0,1,8,6,2147483693,-1,1,0,48,48,48,48,48,48,48,48,0,0,0,33,16,255,16,1,255,1,1,255,1,2,74.79914093017578,99.28765869140625,0.14552940428256989,0.008394279517233372,0.5354947447776794,0.33339783549308777,-0.9427815675735474,-0.0029775244183838367,0.040883276611566544,48.0,0.018396005034446716,44.0,0.001970931887626648,-7.741153240203857e-05,straight_run,3.4416422843933105,0.006836272310465574,-0.0032054660841822624,0.09754776209592819,-0.006567180156707764,-1.0105984210968018,0.5593188405036926
0.6368737474949899,0.0,0.0,0.5,289,1785417126.293118,0.0,0.10147862881422043,-0.011999313719570637,0.5708726048469543,1,3.4677422046661377,5,13466,0,1,0,1,1.0,1,1,479,1.0,0.0,1,8,6,2147483693,-1,1,0,48,48,48,48,48,48,48,48,0,0,0,33,16,255,16,1,255,1,1,255,1,2,74.79914093017578,99.28765869140625,0.14552940428256989,0.008394279517233372,0.5354947447776794,0.33339783549308777,-0.9427815675735474,-0.0029775244183838367,0.040883276611566544,48.0,0.018396005034446716,44.0,0.001970931887626648,-7.741153240203857e-05,straight_run,3.4416422843933105,0.006836272310465574,-0.0032054660841822624,0.09754776209592819,-0.006567180156707764,-1.0105984210968018,0.5593188405036926
0.6382765531062125,0.0,0.0,0.5,289,1785417126.3166878,0.0,0.10147862881422043,-0.011999313719570637,0.5708726048469543,1,3.4677422046661377,5,13466,0,1,0,1,1.0,1,1,479,1.0,0.0,1,8,6,2147483693,-1,1,0,48,48,48,48,48,48,48,48,0,0,0,33,16,255,16,1,255,1,1,255,1,2,74.79914093017578,99.28765869140625,0.14552940428256989,0.008394279517233372,0.5354947447776794,0.33339783549308777,-0.9427815675735474,-0.0029775244183838367,0.040883276611566544,48.0,0.018396005034446716,44.0,0.001970931887626648,-7.741153240203857e-05,straight_run,3.4416422843933105,0.006836272310465574,-0.0032054660841822624,0.09754776209592819,-0.006567180156707764,-1.0105984210968018,0.5593188405036926
0.6396793587174349,0.0,0.0,0.5,289,1785417126.339463,0.0,0.10147862881422043,-0.011999313719570637,0.5708726048469543,1,3.4677422046661377,5,13466,0,1,0,1,1.0,1,1,479,1.0,0.0,1,8,6,2147483693,-1,1,0,48,48,48,48,48,48,48,48,0,0,0,33,16,255,16,1,255,1,1,255,1,2,74.79914093017578,99.28765869140625,0.14552940428256989,0.008394279517233372,0.5354947447776794,0.33339783549308777,-0.9427815675735474,-0.0029775244183838367,0.040883276611566544,48.0,0.018396005034446716,44.0,0.001970931887626648,-7.741153240203857e-05,straight_run,3.4416422843933105,0.006836272310465574,-0.0032054660841822624,0.09754776209592819,-0.006567180156707764,-1.0105984210968018,0.5593188405036926
0.6410821643286573,0.0,0.0,0.5,289,1785417126.3597782,0.0,0.10147862881422043,-0.011999313719570637,0.5708726048469543,1,3.4677422046661377,5,13466,0,1,0,1,1.0,1,1,479,1.0,0.0,1,8,6,2147483693,-1,1,0,48,48,48,48,48,48,48,48,0,0,0,33,16,255,16,1,255,1,1,255,1,2,74.79914093017578,99.28765869140625,0.14552940428256989,0.008394279517233372,0.5354947447776794,0.33339783549308777,-0.9427815675735474,-0.0029775244183838367,0.040883276611566544,48.0,0.018396005034446716,44.0,0.001970931887626648,-7.741153240203857e-05,straight_run,3.4416422843933105,0.006836272310465574,-0.0032054660841822624,0.09754776209592819,-0.006567180156707764,-1.0105984210968018,0.5593188405036926
0.6424849699398797,0.0,0.0,0.5,289,1785417126.382865,0.0,0.10147862881422043,-0.011999313719570637,0.5708726048469543,1,3.4677422046661377,5,13466,0,1,0,1,1.0,1,1,479,1.0,0.0,1,8,6,2147483693,-1,1,0,48,48,48,48,48,48,48,48,0,0,0,33,16,255,16,1,255,1,1,255,1,2,74.79914093017578,99.28765869140625,0.14552940428256989,0.008394279517233372,0.5354947447776794,0.33339783549308777,-0.9427815675735474,-0.0029775244183838367,0.040883276611566544,48.0,0.018396005034446716,44.0,0.001970931887626648,-7.741153240203857e-05,straight_run,3.4416422843933105,0.006836272310465574,-0.0032054660841822624,0.09754776209592819,-0.006567180156707764,-1.0105984210968018,0.5593188405036926
0.6438877755511022,0.0,0.0,0.5,289,1785417126.407958,0.0,0.10147862881422043,-0.011999313719570637,0.5708726048469543,1,3.4677422046661377,5,13466,0,1,0,1,1.0,1,1,479,1.0,0.0,1,8,6,2147483693,-1,1,0,48,48,48,48,48,48,48,48,0,0,0,33,16,255,16,1,255,1,1,255,1,2,74.79914093017578,99.28765869140625,0.14552940428256989,0.008394279517233372,0.5354947447776794,0.33339783549308777,-0.9427815675735474,-0.0029775244183838367,0.040883276611566544,48.0,0.018396005034446716,44.0,0.001970931887626648,-7.741153240203857e-05,straight_run,3.4416422843933105,0.006836272310465574,-0.0032054660841822624,0.09754776209592819,-0.006567180156707764,-1.0105984210968018,0.5593188405036926
0.6452905811623246,0.0,0.0,0.5,289,1785417126.43023,0.0,0.10147862881422043,-0.011999313719570637,0.5708726048469543,1,3.4677422046661377,5,13466,0,1,0,1,1.0,1,1,479,1.0,0.0,1,8,6,2147483693,-1,1,0,48,48,48,48,48,48,48,48,0,0,0,33,16,255,16,1,255,1,1,255,1,2,74.79914093017578,99.28765869140625,0.14552940428256989,0.008394279517233372,0.5354947447776794,0.33339783549308777,-0.9427815675735474,-0.0029775244183838367,0.040883276611566544,48.0,0.018396005034446716,44.0,0.001970931887626648,-7.741153240203857e-05,straight_run,3.4416422843933105,0.006836272310465574,-0.0032054660841822624,0.09754776209592819,-0.006567180156707764,-1.0105984210968018,0.5593188405036926
0.646693386773547,0.0,0.0,0.5,289,1785417126.4548821,0.0,0.10147862881422043,-0.011999313719570637,0.5708726048469543,1,3.4677422046661377,5,13466,0,1,0,1,1.0,1,1,479,1.0,0.0,1,8,6,2147483693,-1,1,0,48,48,48,48,48,48,48,48,0,0,0,33,16,255,16,1,255,1,1,255,1,2,74.79914093017578,99.28765869140625,0.14552940428256989,0.008394279517233372,0.5354947447776794,0.33339783549308777,-0.9427815675735474,-0.0029775244183838367,0.040883276611566544,48.0,0.018396005034446716,44.0,0.001970931887626648,-7.741153240203857e-05,straight_run,3.4416422843933105,0.006836272310465574,-0.0032054660841822624,0.09754776209592819,-0.006567180156707764,-1.0105984210968018,0.5593188405036926
0.6480961923847696,0.0,0.0,0.5,289,1785417126.476305,0.0,0.10147862881422043,-0.011999313719570637,0.5708726048469543,1,3.4677422046661377,5,13466,0,1,0,1,1.0,1,1,479,1.0,0.0,1,8,6,2147483693,-1,1,0,48,48,48,48,48,48,48,48,0,0,0,33,16,255,16,1,255,1,1,255,1,2,74.79914093017578,99.28765869140625,0.14552940428256989,0.008394279517233372,0.5354947447776794,0.33339783549308777,-0.9427815675735474,-0.0029775244183838367,0.040883276611566544,48.0,0.018396005034446716,44.0,0.001970931887626648,-7.741153240203857e-05,straight_run,3.4416422843933105,0.006836272310465574,-0.0032054660841822624,0.09754776209592819,-0.006567180156707764,-1.0105984210968018,0.5593188405036926
0.649498997995992,0.0,0.0,0.5,289,1785417126.500034,0.0,0.10147862881422043,-0.011999313719570637,0.5708726048469543,1,3.4677422046661377,5,13466,0,1,0,1,1.0,1,1,479,1.0,0.0,1,8,6,2147483693,-1,1,0,48,48,48,48,48,48,48,48,0,0,0,33,16,255,16,1,255,1,1,255,1,2,74.79914093017578,99.28765869140625,0.14552940428256989,0.008394279517233372,0.5354947447776794,0.33339783549308777,-0.9427815675735474,-0.0029775244183838367,0.040883276611566544,48.0,0.018396005034446716,44.0,0.001970931887626648,-7.741153240203857e-05,straight_run,3.4416422843933105,0.006836272310465574,-0.0032054660841822624,0.09754776209592819,-0.006567180156707764,-1.0105984210968018,0.5593188405036926
0.6509018036072144,0.0,0.0,0.5,289,1785417126.522225,0.0,0.10147862881422043,-0.011999313719570637,0.5708726048469543,1,3.4677422046661377,5,13466,0,1,0,1,1.0,1,1,479,1.0,0.0,1,8,6,2147483693,-1,1,0,48,48,48,48,48,48,48,48,0,0,0,33,16,255,16,1,255,1,1,255,1,2,74.79914093017578,99.28765869140625,0.14552940428256989,0.008394279517233372,0.5354947447776794,0.33339783549308777,-0.9427815675735474,-0.0029775244183838367,0.040883276611566544,48.0,0.018396005034446716,44.0,0.001970931887626648,-7.741153240203857e-05,straight_run,3.4416422843933105,0.006836272310465574,-0.0032054660841822624,0.09754776209592819,-0.006567180156707764,-1.0105984210968018,0.5593188405036926
0.6523046092184369,0.0,0.0,0.5,289,1785417126.546753,0.0,0.10147862881422043,-0.011999313719570637,0.5708726048469543,1,3.4677422046661377,5,13466,0,1,0,1,1.0,1,1,479,1.0,0.0,1,8,6,2147483693,-1,1,0,48,48,48,48,48,48,48,48,0,0,0,33,16,255,16,1,255,1,1,255,1,2,74.79914093017578,99.28765869140625,0.14552940428256989,0.008394279517233372,0.5354947447776794,0.33339783549308777,-0.9427815675735474,-0.0029775244183838367,0.040883276611566544,48.0,0.018396005034446716,44.0,0.001970931887626648,-7.741153240203857e-05,straight_run,3.4416422843933105,0.006836272310465574,-0.0032054660841822624,0.09754776209592819,-0.006567180156707764,-1.0105984210968018,0.5593188405036926
0.6537074148296593,0.0,0.0,0.5,289,1785417126.5709708,0.0,0.10147862881422043,-0.011999313719570637,0.5708726048469543,1,3.4677422046661377,5,13466,0,1,0,1,1.0,1,1,479,1.0,0.0,1,8,6,2147483693,-1,1,0,48,48,48,48,48,48,48,48,0,0,0,33,16,255,16,1,255,1,1,255,1,2,74.79914093017578,99.28765869140625,0.14552940428256989,0.008394279517233372,0.5354947447776794,0.33339783549308777,-0.9427815675735474,-0.0029775244183838367,0.040883276611566544,48.0,0.018396005034446716,44.0,0.001970931887626648,-7.741153240203857e-05,straight_run,3.4416422843933105,0.006836272310465574,-0.0032054660841822624,0.09754776209592819,-0.006567180156707764,-1.0105984210968018,0.5593188405036926
0.6551102204408817,0.0,0.0,0.5,289,1785417126.593316,0.0,0.10147862881422043,-0.011999313719570637,0.5708726048469543,1,3.4677422046661377,5,13466,0,1,0,1,1.0,1,1,479,1.0,0.0,1,8,6,2147483693,-1,1,0,48,48,48,48,48,48,48,48,0,0,0,33,16,255,16,1,255,1,1,255,1,2,74.79914093017578,99.28765869140625,0.14552940428256989,0.008394279517233372,0.5354947447776794,0.33339783549308777,-0.9427815675735474,-0.0029775244183838367,0.040883276611566544,48.0,0.018396005034446716,44.0,0.001970931887626648,-7.741153240203857e-05,straight_run,3.4416422843933105,0.006836272310465574,-0.0032054660841822624,0.09754776209592819,-0.006567180156707764,-1.0105984210968018,0.5593188405036926
0.6565130260521042,0.0,0.0,0.5,289,1785417126.613848,0.0,0.10147862881422043,-0.011999313719570637,0.5708726048469543,1,3.4677422046661377,5,13466,0,1,0,1,1.0,1,1,479,1.0,0.0,1,8,6,2147483693,-1,1,0,48,48,48,48,48,48,48,48,0,0,0,33,16,255,16,1,255,1,1,255,1,2,74.79914093017578,99.28765869140625,0.14552940428256989,0.008394279517233372,0.5354947447776794,0.33339783549308777,-0.9427815675735474,-0.0029775244183838367,0.040883276611566544,48.0,0.018396005034446716,44.0,0.001970931887626648,-7.741153240203857e-05,straight_run,3.4416422843933105,0.006836272310465574,-0.0032054660841822624,0.09754776209592819,-0.006567180156707764,-1.0105984210968018,0.5593188405036926
0.6579158316633267,0.0,0.0,0.5,289,1785417126.636673,0.0,0.10147862881422043,-0.011999313719570637,0.5708726048469543,1,3.4677422046661377,5,13466,0,1,0,1,1.0,1,1,479,1.0,0.0,1,8,6,2147483693,-1,1,0,48,48,48,48,48,48,48,48,0,0,0,33,16,255,16,1,255,1,1,255,1,2,74.79914093017578,99.28765869140625,0.14552940428256989,0.008394279517233372,0.5354947447776794,0.33339783549308777,-0.9427815675735474,-0.0029775244183838367,0.040883276611566544,48.0,0.018396005034446716,44.0,0.001970931887626648,-7.741153240203857e-05,straight_run,3.4416422843933105,0.006836272310465574,-0.0032054660841822624,0.09754776209592819,-0.006567180156707764,-1.0105984210968018,0.5593188405036926
0.6593186372745491,0.0,0.0,0.5,289,1785417126.659261,0.0,0.10147862881422043,-0.011999313719570637,0.5708726048469543,1,3.4677422046661377,5,13466,0,1,0,1,1.0,1,1,479,1.0,0.0,1,8,6,2147483693,-1,1,0,48,48,48,48,48,48,48,48,0,0,0,33,16,255,16,1,255,1,1,255,1,2,74.79914093017578,99.28765869140625,0.14552940428256989,0.008394279517233372,0.5354947447776794,0.33339783549308777,-0.9427815675735474,-0.0029775244183838367,0.040883276611566544,48.0,0.018396005034446716,44.0,0.001970931887626648,-7.741153240203857e-05,straight_run,3.4416422843933105,0.006836272310465574,-0.0032054660841822624,0.09754776209592819,-0.006567180156707764,-1.0105984210968018,0.5593188405036926
0.6607214428857715,0.0,0.0,0.5,289,1785417126.6830359,0.0,0.10147862881422043,-0.011999313719570637,0.5708726048469543,1,3.4677422046661377,5,13466,0,1,0,1,1.0,1,1,479,1.0,0.0,1,8,6,2147483693,-1,1,0,48,48,48,48,48,48,48,48,0,0,0,33,16,255,16,1,255,1,1,255,1,2,74.79914093017578,99.28765869140625,0.14552940428256989,0.008394279517233372,0.5354947447776794,0.33339783549308777,-0.9427815675735474,-0.0029775244183838367,0.040883276611566544,48.0,0.018396005034446716,44.0,0.001970931887626648,-7.741153240203857e-05,straight_run,3.4416422843933105,0.006836272310465574,-0.0032054660841822624,0.09754776209592819,-0.006567180156707764,-1.0105984210968018,0.5593188405036926
0.6621242484969939,0.0,0.0,0.5,289,1785417126.7065659,0.0,0.10147862881422043,-0.011999313719570637,0.5708726048469543,1,3.4677422046661377,5,13466,0,1,0,1,1.0,1,1,479,1.0,0.0,1,8,6,2147483693,-1,1,0,48,48,48,48,48,48,48,48,0,0,0,33,16,255,16,1,255,1,1,255,1,2,74.79914093017578,99.28765869140625,0.14552940428256989,0.008394279517233372,0.5354947447776794,0.33339783549308777,-0.9427815675735474,-0.0029775244183838367,0.040883276611566544,48.0,0.018396005034446716,44.0,0.001970931887626648,-7.741153240203857e-05,straight_run,3.4416422843933105,0.006836272310465574,-0.0032054660841822624,0.09754776209592819,-0.006567180156707764,-1.0105984210968018,0.5593188405036926
0.6635270541082163,0.0,0.0,0.5,289,1785417126.7308202,0.0,0.10147862881422043,-0.011999313719570637,0.5708726048469543,1,3.4677422046661377,5,13466,0,1,0,1,1.0,1,1,479,1.0,0.0,1,8,6,2147483693,-1,1,0,48,48,48,48,48,48,48,48,0,0,0,33,16,255,16,1,255,1,1,255,1,2,74.79914093017578,99.28765869140625,0.14552940428256989,0.008394279517233372,0.5354947447776794,0.33339783549308777,-0.9427815675735474,-0.0029775244183838367,0.040883276611566544,48.0,0.018396005034446716,44.0,0.001970931887626648,-7.741153240203857e-05,straight_run,3.4416422843933105,0.006836272310465574,-0.0032054660841822624,0.09754776209592819,-0.006567180156707764,-1.0105984210968018,0.5593188405036926
0.6649298597194389,0.0,0.0,0.5,289,1785417126.75299,0.0,0.10147862881422043,-0.011999313719570637,0.5708726048469543,1,3.4677422046661377,5,13466,0,1,0,1,1.0,1,1,479,1.0,0.0,1,8,6,2147483693,-1,1,0,48,48,48,48,48,48,48,48,0,0,0,33,16,255,16,1,255,1,1,255,1,2,74.79914093017578,99.28765869140625,0.14552940428256989,0.008394279517233372,0.5354947447776794,0.33339783549308777,-0.9427815675735474,-0.0029775244183838367,0.040883276611566544,48.0,0.018396005034446716,44.0,0.001970931887626648,-7.741153240203857e-05,straight_run,3.4416422843933105,0.006836272310465574,-0.0032054660841822624,0.09754776209592819,-0.006567180156707764,-1.0105984210968018,0.5593188405036926
0.6663326653306613,0.0,0.0,0.5,289,1785417126.7761002,0.0,0.10147862881422043,-0.011999313719570637,0.5708726048469543,1,3.4677422046661377,5,13466,0,1,0,1,1.0,1,1,479,1.0,0.0,1,8,6,2147483693,-1,1,0,48,48,48,48,48,48,48,48,0,0,0,33,16,255,16,1,255,1,1,255,1,2,74.79914093017578,99.28765869140625,0.14552940428256989,0.008394279517233372,0.5354947447776794,0.33339783549308777,-0.9427815675735474,-0.0029775244183838367,0.040883276611566544,48.0,0.018396005034446716,44.0,0.001970931887626648,-7.741153240203857e-05,straight_run,3.4416422843933105,0.006836272310465574,-0.0032054660841822624,0.09754776209592819,-0.006567180156707764,-1.0105984210968018,0.5593188405036926
0.6677354709418837,0.0,0.0,0.5,289,1785417126.7969909,0.0,0.10147862881422043,-0.011999313719570637,0.5708726048469543,1,3.4677422046661377,5,13466,0,1,0,1,1.0,1,1,479,1.0,0.0,1,8,6,2147483693,-1,1,0,48,48,48,48,48,48,48,48,0,0,0,33,16,255,16,1,255,1,1,255,1,2,74.79914093017578,99.28765869140625,0.14552940428256989,0.008394279517233372,0.5354947447776794,0.33339783549308777,-0.9427815675735474,-0.0029775244183838367,0.040883276611566544,48.0,0.018396005034446716,44.0,0.001970931887626648,-7.741153240203857e-05,straight_run,3.4416422843933105,0.006836272310465574,-0.0032054660841822624,0.09754776209592819,-0.006567180156707764,-1.0105984210968018,0.5593188405036926
0.6691382765531061,0.0,0.0,0.5,289,1785417126.8214378,0.0,0.10147862881422043,-0.011999313719570637,0.5708726048469543,1,3.4677422046661377,5,13466,0,1,0,1,1.0,1,1,479,1.0,0.0,1,8,6,2147483693,-1,1,0,48,48,48,48,48,48,48,48,0,0,0,33,16,255,16,1,255,1,1,255,1,2,74.79914093017578,99.28765869140625,0.14552940428256989,0.008394279517233372,0.5354947447776794,0.33339783549308777,-0.9427815675735474,-0.0029775244183838367,0.040883276611566544,48.0,0.018396005034446716,44.0,0.001970931887626648,-7.741153240203857e-05,straight_run,3.4416422843933105,0.006836272310465574,-0.0032054660841822624,0.09754776209592819,-0.006567180156707764,-1.0105984210968018,0.5593188405036926
0.6705410821643286,0.0,0.0,0.5,289,1785417126.845935,0.0,0.10147862881422043,-0.011999313719570637,0.5708726048469543,1,3.4677422046661377,5,13466,0,1,0,1,1.0,1,1,479,1.0,0.0,1,8,6,2147483693,-1,1,0,48,48,48,48,48,48,48,48,0,0,0,33,16,255,16,1,255,1,1,255,1,2,74.79914093017578,99.28765869140625,0.14552940428256989,0.008394279517233372,0.5354947447776794,0.33339783549308777,-0.9427815675735474,-0.0029775244183838367,0.040883276611566544,48.0,0.018396005034446716,44.0,0.001970931887626648,-7.741153240203857e-05,straight_run,3.4416422843933105,0.006836272310465574,-0.0032054660841822624,0.09754776209592819,-0.006567180156707764,-1.0105984210968018,0.5593188405036926
0.671943887775551,0.0,0.0,0.5,289,1785417126.8692899,0.0,0.10147862881422043,-0.011999313719570637,0.5708726048469543,1,3.4677422046661377,5,13466,0,1,0,1,1.0,1,1,479,1.0,0.0,1,8,6,2147483693,-1,1,0,48,48,48,48,48,48,48,48,0,0,0,33,16,255,16,1,255,1,1,255,1,2,74.79914093017578,99.28765869140625,0.14552940428256989,0.008394279517233372,0.5354947447776794,0.33339783549308777,-0.9427815675735474,-0.0029775244183838367,0.040883276611566544,48.0,0.018396005034446716,44.0,0.001970931887626648,-7.741153240203857e-05,straight_run,3.4416422843933105,0.006836272310465574,-0.0032054660841822624,0.09754776209592819,-0.006567180156707764,-1.0105984210968018,0.5593188405036926
0.6733466933867734,0.0,0.0,0.5,289,1785417126.890066,0.0,0.10147862881422043,-0.011999313719570637,0.5708726048469543,1,3.4677422046661377,5,13466,0,1,0,1,1.0,1,1,479,1.0,0.0,1,8,6,2147483693,-1,1,0,48,48,48,48,48,48,48,48,0,0,0,33,16,255,16,1,255,1,1,255,1,2,74.79914093017578,99.28765869140625,0.14552940428256989,0.008394279517233372,0.5354947447776794,0.33339783549308777,-0.9427815675735474,-0.0029775244183838367,0.040883276611566544,48.0,0.018396005034446716,44.0,0.001970931887626648,-7.741153240203857e-05,straight_run,3.4416422843933105,0.006836272310465574,-0.0032054660841822624,0.09754776209592819,-0.006567180156707764,-1.0105984210968018,0.5593188405036926
0.674749498997996,0.0,0.0,0.5,289,1785417126.914519,0.0,0.10147862881422043,-0.011999313719570637,0.5708726048469543,1,3.4677422046661377,5,13466,0,1,0,1,1.0,1,1,479,1.0,0.0,1,8,6,2147483693,-1,1,0,48,48,48,48,48,48,48,48,0,0,0,33,16,255,16,1,255,1,1,255,1,2,74.79914093017578,99.28765869140625,0.14552940428256989,0.008394279517233372,0.5354947447776794,0.33339783549308777,-0.9427815675735474,-0.0029775244183838367,0.040883276611566544,48.0,0.018396005034446716,44.0,0.001970931887626648,-7.741153240203857e-05,straight_run,3.4416422843933105,0.006836272310465574,-0.0032054660841822624,0.09754776209592819,-0.006567180156707764,-1.0105984210968018,0.5593188405036926
0.6761523046092184,0.0,0.0,0.5,289,1785417126.937509,0.0,0.10147862881422043,-0.011999313719570637,0.5708726048469543,1,3.4677422046661377,5,13466,0,1,0,1,1.0,1,1,479,1.0,0.0,1,8,6,2147483693,-1,1,0,48,48,48,48,48,48,48,48,0,0,0,33,16,255,16,1,255,1,1,255,1,2,74.79914093017578,99.28765869140625,0.14552940428256989,0.008394279517233372,0.5354947447776794,0.33339783549308777,-0.9427815675735474,-0.0029775244183838367,0.040883276611566544,48.0,0.018396005034446716,44.0,0.001970931887626648,-7.741153240203857e-05,straight_run,3.4416422843933105,0.006836272310465574,-0.0032054660841822624,0.09754776209592819,-0.006567180156707764,-1.0105984210968018,0.5593188405036926
0.6775551102204408,0.0,0.0,0.5,289,1785417126.962566,0.0,0.10147862881422043,-0.011999313719570637,0.5708726048469543,1,3.4677422046661377,5,13466,0,1,0,1,1.0,1,1,479,1.0,0.0,1,8,6,2147483693,-1,1,0,48,48,48,48,48,48,48,48,0,0,0,33,16,255,16,1,255,1,1,255,1,2,74.79914093017578,99.28765869140625,0.14552940428256989,0.008394279517233372,0.5354947447776794,0.33339783549308777,-0.9427815675735474,-0.0029775244183838367,0.040883276611566544,48.0,0.018396005034446716,44.0,0.001970931887626648,-7.741153240203857e-05,straight_run,3.4416422843933105,0.006836272310465574,-0.0032054660841822624,0.09754776209592819,-0.006567180156707764,-1.0105984210968018,0.5593188405036926
0.6789579158316633,0.0,0.0,0.5,289,1785417126.98546,0.0,0.10147862881422043,-0.011999313719570637,0.5708726048469543,1,3.4677422046661377,5,13466,0,1,0,1,1.0,1,1,479,1.0,0.0,1,8,6,2147483693,-1,1,0,48,48,48,48,48,48,48,48,0,0,0,33,16,255,16,1,255,1,1,255,1,2,74.79914093017578,99.28765869140625,0.14552940428256989,0.008394279517233372,0.5354947447776794,0.33339783549308777,-0.9427815675735474,-0.0029775244183838367,0.040883276611566544,48.0,0.018396005034446716,44.0,0.001970931887626648,-7.741153240203857e-05,straight_run,3.4416422843933105,0.006836272310465574,-0.0032054660841822624,0.09754776209592819,-0.006567180156707764,-1.0105984210968018,0.5593188405036926
0.6803607214428857,0.0,0.0,0.5,289,1785417127.009737,0.0,0.10147862881422043,-0.011999313719570637,0.5708726048469543,1,3.4677422046661377,5,13466,0,1,0,1,1.0,1,1,479,1.0,0.0,1,8,6,2147483693,-1,1,0,48,48,48,48,48,48,48,48,0,0,0,33,16,255,16,1,255,1,1,255,1,2,74.79914093017578,99.28765869140625,0.14552940428256989,0.008394279517233372,0.5354947447776794,0.33339783549308777,-0.9427815675735474,-0.0029775244183838367,0.040883276611566544,48.0,0.018396005034446716,44.0,0.001970931887626648,-7.741153240203857e-05,straight_run,3.4416422843933105,0.006836272310465574,-0.0032054660841822624,0.09754776209592819,-0.006567180156707764,-1.0105984210968018,0.5593188405036926
0.6817635270541081,0.0,0.0,0.5,289,1785417127.031451,0.0,0.10147862881422043,-0.011999313719570637,0.5708726048469543,1,3.4677422046661377,5,13466,0,1,0,1,1.0,1,1,479,1.0,0.0,1,8,6,2147483693,-1,1,0,48,48,48,48,48,48,48,48,0,0,0,33,16,255,16,1,255,1,1,255,1,2,74.79914093017578,99.28765869140625,0.14552940428256989,0.008394279517233372,0.5354947447776794,0.33339783549308777,-0.9427815675735474,-0.0029775244183838367,0.040883276611566544,48.0,0.018396005034446716,44.0,0.001970931887626648,-7.741153240203857e-05,straight_run,3.4416422843933105,0.006836272310465574,-0.0032054660841822624,0.09754776209592819,-0.006567180156707764,-1.0105984210968018,0.5593188405036926
0.6831663326653306,0.0,0.0,0.5,289,1785417127.0557828,0.0,0.10147862881422043,-0.011999313719570637,0.5708726048469543,1,3.4677422046661377,5,13466,0,1,0,1,1.0,1,1,479,1.0,0.0,1,8,6,2147483693,-1,1,0,48,48,48,48,48,48,48,48,0,0,0,33,16,255,16,1,255,1,1,255,1,2,74.79914093017578,99.28765869140625,0.14552940428256989,0.008394279517233372,0.5354947447776794,0.33339783549308777,-0.9427815675735474,-0.0029775244183838367,0.040883276611566544,48.0,0.018396005034446716,44.0,0.001970931887626648,-7.741153240203857e-05,straight_run,3.4416422843933105,0.006836272310465574,-0.0032054660841822624,0.09754776209592819,-0.006567180156707764,-1.0105984210968018,0.5593188405036926
0.6845691382765531,0.0,0.0,0.5,289,1785417127.080964,0.0,0.10147862881422043,-0.011999313719570637,0.5708726048469543,1,3.4677422046661377,5,13466,0,1,0,1,1.0,1,1,479,1.0,0.0,1,8,6,2147483693,-1,1,0,48,48,48,48,48,48,48,48,0,0,0,33,16,255,16,1,255,1,1,255,1,2,74.79914093017578,99.28765869140625,0.14552940428256989,0.008394279517233372,0.5354947447776794,0.33339783549308777,-0.9427815675735474,-0.0029775244183838367,0.040883276611566544,48.0,0.018396005034446716,44.0,0.001970931887626648,-7.741153240203857e-05,straight_run,3.4416422843933105,0.006836272310465574,-0.0032054660841822624,0.09754776209592819,-0.006567180156707764,-1.0105984210968018,0.5593188405036926
0.6859719438877755,0.0,0.0,0.5,289,1785417127.104675,0.0,0.10147862881422043,-0.011999313719570637,0.5708726048469543,1,3.4677422046661377,5,13466,0,1,0,1,1.0,1,1,479,1.0,0.0,1,8,6,2147483693,-1,1,0,48,48,48,48,48,48,48,48,0,0,0,33,16,255,16,1,255,1,1,255,1,2,74.79914093017578,99.28765869140625,0.14552940428256989,0.008394279517233372,0.5354947447776794,0.33339783549308777,-0.9427815675735474,-0.0029775244183838367,0.040883276611566544,48.0,0.018396005034446716,44.0,0.001970931887626648,-7.741153240203857e-05,straight_run,3.4416422843933105,0.006836272310465574,-0.0032054660841822624,0.09754776209592819,-0.006567180156707764,-1.0105984210968018,0.5593188405036926
0.6873747494989979,0.0,0.0,0.5,289,1785417127.126698,0.0,0.10147862881422043,-0.011999313719570637,0.5708726048469543,1,3.4677422046661377,5,13466,0,1,0,1,1.0,1,1,479,1.0,0.0,1,8,6,2147483693,-1,1,0,48,48,48,48,48,48,48,48,0,0,0,33,16,255,16,1,255,1,1,255,1,2,74.79914093017578,99.28765869140625,0.14552940428256989,0.008394279517233372,0.5354947447776794,0.33339783549308777,-0.9427815675735474,-0.0029775244183838367,0.040883276611566544,48.0,0.018396005034446716,44.0,0.001970931887626648,-7.741153240203857e-05,straight_run,3.4416422843933105,0.006836272310465574,-0.0032054660841822624,0.09754776209592819,-0.006567180156707764,-1.0105984210968018,0.5593188405036926
0.6887775551102204,0.0,0.0,0.5,289,1785417127.147138,0.0,0.10147862881422043,-0.011999313719570637,0.5708726048469543,1,3.4677422046661377,5,13466,0,1,0,1,1.0,1,1,479,1.0,0.0,1,8,6,2147483693,-1,1,0,48,48,48,48,48,48,48,48,0,0,0,33,16,255,16,1,255,1,1,255,1,2,74.79914093017578,99.28765869140625,0.14552940428256989,0.008394279517233372,0.5354947447776794,0.33339783549308777,-0.9427815675735474,-0.0029775244183838367,0.040883276611566544,48.0,0.018396005034446716,44.0,0.001970931887626648,-7.741153240203857e-05,straight_run,3.4416422843933105,0.006836272310465574,-0.0032054660841822624,0.09754776209592819,-0.006567180156707764,-1.0105984210968018,0.5593188405036926
0.09754776209592819,-0.006567180156707764,0.0,0.5593188405036926,289,1785417127.2163599,0.0,0.10147862881422043,-0.011999313719570637,0.5708726048469543,1,3.4677422046661377,5,13466,0,1,0,1,1.0,1,1,479,1.0,0.0,1,8,6,2147483693,-1,1,0,48,48,48,48,48,48,48,48,0,0,0,33,16,255,16,1,255,1,1,255,1,2,74.79914093017578,99.28765869140625,0.14552940428256989,0.008394279517233372,0.5354947447776794,0.33339783549308777,-0.9427815675735474,-0.0029775244183838367,0.040883276611566544,48.0,0.018396005034446716,44.0,0.001970931887626648,-7.741153240203857e-05,abort_land,3.4416422843933105,0.006836272310465574,-0.0032054660841822624,0.09754776209592819,-0.006567180156707764,-1.0105984210968018,0.5593188405036926
0.09754776209592819,-0.006567180156707764,0.0,0.5541742057511301,289,1785417127.238645,0.0,0.10147862881422043,-0.011999313719570637,0.5708726048469543,1,3.4677422046661377,5,13466,0,1,0,1,1.0,1,1,479,1.0,0.0,1,8,6,2147483693,-1,1,0,48,48,48,48,48,48,48,48,0,0,0,33,16,255,16,1,255,1,1,255,1,2,74.79914093017578,99.28765869140625,0.14552940428256989,0.008394279517233372,0.5354947447776794,0.33339783549308777,-0.9427815675735474,-0.0029775244183838367,0.040883276611566544,48.0,0.018396005034446716,44.0,0.001970931887626648,-7.741153240203857e-05,abort_land,3.4416422843933105,0.006836272310465574,-0.0032054660841822624,0.09754776209592819,-0.006567180156707764,-1.0105984210968018,0.5593188405036926
0.09754776209592819,-0.006567180156707764,0.0,0.5490295709985675,289,1785417127.259691,0.0,0.10147862881422043,-0.011999313719570637,0.5708726048469543,1,3.4677422046661377,5,13466,0,1,0,1,1.0,1,1,479,1.0,0.0,1,8,6,2147483693,-1,1,0,48,48,48,48,48,48,48,48,0,0,0,33,16,255,16,1,255,1,1,255,1,2,74.79914093017578,99.28765869140625,0.14552940428256989,0.008394279517233372,0.5354947447776794,0.33339783549308777,-0.9427815675735474,-0.0029775244183838367,0.040883276611566544,48.0,0.018396005034446716,44.0,0.001970931887626648,-7.741153240203857e-05,abort_land,3.4416422843933105,0.006836272310465574,-0.0032054660841822624,0.09754776209592819,-0.006567180156707764,-1.0105984210968018,0.5593188405036926
0.09754776209592819,-0.006567180156707764,0.0,0.543884936246005,289,1785417127.2847412,0.0,0.10147862881422043,-0.011999313719570637,0.5708726048469543,1,3.4677422046661377,5,13466,0,1,0,1,1.0,1,1,479,1.0,0.0,1,8,6,2147483693,-1,1,0,48,48,48,48,48,48,48,48,0,0,0,33,16,255,16,1,255,1,1,255,1,2,74.79914093017578,99.28765869140625,0.14552940428256989,0.008394279517233372,0.5354947447776794,0.33339783549308777,-0.9427815675735474,-0.0029775244183838367,0.040883276611566544,48.0,0.018396005034446716,44.0,0.001970931887626648,-7.741153240203857e-05,abort_land,3.4416422843933105,0.006836272310465574,-0.0032054660841822624,0.09754776209592819,-0.006567180156707764,-1.0105984210968018,0.5593188405036926
0.09754776209592819,-0.006567180156707764,0.0,0.5387403014934424,289,1785417127.305888,0.0,0.10147862881422043,-0.011999313719570637,0.5708726048469543,1,3.4677422046661377,5,13466,0,1,0,1,1.0,1,1,479,1.0,0.0,1,8,6,2147483693,-1,1,0,48,48,48,48,48,48,48,48,0,0,0,33,16,255,16,1,255,1,1,255,1,2,74.79914093017578,99.28765869140625,0.14552940428256989,0.008394279517233372,0.5354947447776794,0.33339783549308777,-0.9427815675735474,-0.0029775244183838367,0.040883276611566544,48.0,0.018396005034446716,44.0,0.001970931887626648,-7.741153240203857e-05,abort_land,3.4416422843933105,0.006836272310465574,-0.0032054660841822624,0.09754776209592819,-0.006567180156707764,-1.0105984210968018,0.5593188405036926
0.09754776209592819,-0.006567180156707764,0.0,0.5335956667408799,289,1785417127.327761,0.0,0.10147862881422043,-0.011999313719570637,0.5708726048469543,1,3.4677422046661377,5,13466,0,1,0,1,1.0,1,1,479,1.0,0.0,1,8,6,2147483693,-1,1,0,48,48,48,48,48,48,48,48,0,0,0,33,16,255,16,1,255,1,1,255,1,2,74.79914093017578,99.28765869140625,0.14552940428256989,0.008394279517233372,0.5354947447776794,0.33339783549308777,-0.9427815675735474,-0.0029775244183838367,0.040883276611566544,48.0,0.018396005034446716,44.0,0.001970931887626648,-7.741153240203857e-05,abort_land,3.4416422843933105,0.006836272310465574,-0.0032054660841822624,0.09754776209592819,-0.006567180156707764,-1.0105984210968018,0.5593188405036926
0.09754776209592819,-0.006567180156707764,0.0,0.5284510319883173,289,1785417127.3493812,0.0,0.10147862881422043,-0.011999313719570637,0.5708726048469543,1,3.4677422046661377,5,13466,0,1,0,1,1.0,1,1,479,1.0,0.0,1,8,6,2147483693,-1,1,0,48,48,48,48,48,48,48,48,0,0,0,33,16,255,16,1,255,1,1,255,1,2,74.79914093017578,99.28765869140625,0.14552940428256989,0.008394279517233372,0.5354947447776794,0.33339783549308777,-0.9427815675735474,-0.0029775244183838367,0.040883276611566544,48.0,0.018396005034446716,44.0,0.001970931887626648,-7.741153240203857e-05,abort_land,3.4416422843933105,0.006836272310465574,-0.0032054660841822624,0.09754776209592819,-0.006567180156707764,-1.0105984210968018,0.5593188405036926
0.09754776209592819,-0.006567180156707764,0.0,0.5233063972357548,289,1785417127.36959,0.0,0.10147862881422043,-0.011999313719570637,0.5708726048469543,1,3.4677422046661377,5,13466,0,1,0,1,1.0,1,1,479,1.0,0.0,1,8,6,2147483693,-1,1,0,48,48,48,48,48,48,48,48,0,0,0,33,16,255,16,1,255,1,1,255,1,2,74.79914093017578,99.28765869140625,0.14552940428256989,0.008394279517233372,0.5354947447776794,0.33339783549308777,-0.9427815675735474,-0.0029775244183838367,0.040883276611566544,48.0,0.018396005034446716,44.0,0.001970931887626648,-7.741153240203857e-05,abort_land,3.4416422843933105,0.006836272310465574,-0.0032054660841822624,0.09754776209592819,-0.006567180156707764,-1.0105984210968018,0.5593188405036926
0.09754776209592819,-0.006567180156707764,0.0,0.5181617624831922,289,1785417127.3940349,0.0,0.10147862881422043,-0.011999313719570637,0.5708726048469543,1,3.4677422046661377,5,13466,0,1,0,1,1.0,1,1,479,1.0,0.0,1,8,6,2147483693,-1,1,0,48,48,48,48,48,48,48,48,0,0,0,33,16,255,16,1,255,1,1,255,1,2,74.79914093017578,99.28765869140625,0.14552940428256989,0.008394279517233372,0.5354947447776794,0.33339783549308777,-0.9427815675735474,-0.0029775244183838367,0.040883276611566544,48.0,0.018396005034446716,44.0,0.001970931887626648,-7.741153240203857e-05,abort_land,3.4416422843933105,0.006836272310465574,-0.0032054660841822624,0.09754776209592819,-0.006567180156707764,-1.0105984210968018,0.5593188405036926
0.09754776209592819,-0.006567180156707764,0.0,0.5130171277306297,289,1785417127.415968,0.0,0.10147862881422043,-0.011999313719570637,0.5708726048469543,1,3.4677422046661377,5,13466,0,1,0,1,1.0,1,1,479,1.0,0.0,1,8,6,2147483693,-1,1,0,48,48,48,48,48,48,48,48,0,0,0,33,16,255,16,1,255,1,1,255,1,2,74.79914093017578,99.28765869140625,0.14552940428256989,0.008394279517233372,0.5354947447776794,0.33339783549308777,-0.9427815675735474,-0.0029775244183838367,0.040883276611566544,48.0,0.018396005034446716,44.0,0.001970931887626648,-7.741153240203857e-05,abort_land,3.4416422843933105,0.006836272310465574,-0.0032054660841822624,0.09754776209592819,-0.006567180156707764,-1.0105984210968018,0.5593188405036926
0.09754776209592819,-0.006567180156707764,0.0,0.5078724929780671,289,1785417127.436555,0.0,0.10147862881422043,-0.011999313719570637,0.5708726048469543,1,3.4677422046661377,5,13466,0,1,0,1,1.0,1,1,479,1.0,0.0,1,8,6,2147483693,-1,1,0,48,48,48,48,48,48,48,48,0,0,0,33,16,255,16,1,255,1,1,255,1,2,74.79914093017578,99.28765869140625,0.14552940428256989,0.008394279517233372,0.5354947447776794,0.33339783549308777,-0.9427815675735474,-0.0029775244183838367,0.040883276611566544,48.0,0.018396005034446716,44.0,0.001970931887626648,-7.741153240203857e-05,abort_land,3.4416422843933105,0.006836272310465574,-0.0032054660841822624,0.09754776209592819,-0.006567180156707764,-1.0105984210968018,0.5593188405036926
0.09754776209592819,-0.006567180156707764,0.0,0.5027278582255046,289,1785417127.4572742,0.0,0.10147862881422043,-0.011999313719570637,0.5708726048469543,1,3.4677422046661377,5,13466,0,1,0,1,1.0,1,1,479,1.0,0.0,1,8,6,2147483693,-1,1,0,48,48,48,48,48,48,48,48,0,0,0,33,16,255,16,1,255,1,1,255,1,2,74.79914093017578,99.28765869140625,0.14552940428256989,0.008394279517233372,0.5354947447776794,0.33339783549308777,-0.9427815675735474,-0.0029775244183838367,0.040883276611566544,48.0,0.018396005034446716,44.0,0.001970931887626648,-7.741153240203857e-05,abort_land,3.4416422843933105,0.006836272310465574,-0.0032054660841822624,0.09754776209592819,-0.006567180156707764,-1.0105984210968018,0.5593188405036926
0.09754776209592819,-0.006567180156707764,0.0,0.49758322347294204,289,1785417127.480787,0.0,0.10147862881422043,-0.011999313719570637,0.5708726048469543,1,3.4677422046661377,5,13466,0,1,0,1,1.0,1,1,479,1.0,0.0,1,8,6,2147483693,-1,1,0,48,48,48,48,48,48,48,48,0,0,0,33,16,255,16,1,255,1,1,255,1,2,74.79914093017578,99.28765869140625,0.14552940428256989,0.008394279517233372,0.5354947447776794,0.33339783549308777,-0.9427815675735474,-0.0029775244183838367,0.040883276611566544,48.0,0.018396005034446716,44.0,0.001970931887626648,-7.741153240203857e-05,abort_land,3.4416422843933105,0.006836272310465574,-0.0032054660841822624,0.09754776209592819,-0.006567180156707764,-1.0105984210968018,0.5593188405036926
0.09754776209592819,-0.006567180156707764,0.0,0.49243858872037943,289,1785417127.5039601,0.0,0.10147862881422043,-0.011999313719570637,0.5708726048469543,1,3.4677422046661377,5,13466,0,1,0,1,1.0,1,1,479,1.0,0.0,1,8,6,2147483693,-1,1,0,48,48,48,48,48,48,48,48,0,0,0,33,16,255,16,1,255,1,1,255,1,2,74.79914093017578,99.28765869140625,0.14552940428256989,0.008394279517233372,0.5354947447776794,0.33339783549308777,-0.9427815675735474,-0.0029775244183838367,0.040883276611566544,48.0,0.018396005034446716,44.0,0.001970931887626648,-7.741153240203857e-05,abort_land,3.4416422843933105,0.006836272310465574,-0.0032054660841822624,0.09754776209592819,-0.006567180156707764,-1.0105984210968018,0.5593188405036926
0.09754776209592819,-0.006567180156707764,0.0,0.48729395396781694,289,1785417127.527601,0.0,0.10147862881422043,-0.011999313719570637,0.5708726048469543,1,3.4677422046661377,5,13466,0,1,0,1,1.0,1,1,479,1.0,0.0,1,8,6,2147483693,-1,1,0,48,48,48,48,48,48,48,48,0,0,0,33,16,255,16,1,255,1,1,255,1,2,74.79914093017578,99.28765869140625,0.14552940428256989,0.008394279517233372,0.5354947447776794,0.33339783549308777,-0.9427815675735474,-0.0029775244183838367,0.040883276611566544,48.0,0.018396005034446716,44.0,0.001970931887626648,-7.741153240203857e-05,abort_land,3.4416422843933105,0.006836272310465574,-0.0032054660841822624,0.09754776209592819,-0.006567180156707764,-1.0105984210968018,0.5593188405036926
0.09754776209592819,-0.006567180156707764,0.0,0.48214931921525434,289,1785417127.551272,0.0,0.10147862881422043,-0.011999313719570637,0.5708726048469543,1,3.4677422046661377,5,13466,0,1,0,1,1.0,1,1,479,1.0,0.0,1,8,6,2147483693,-1,1,0,48,48,48,48,48,48,48,48,0,0,0,33,16,255,16,1,255,1,1,255,1,2,74.79914093017578,99.28765869140625,0.14552940428256989,0.008394279517233372,0.5354947447776794,0.33339783549308777,-0.9427815675735474,-0.0029775244183838367,0.040883276611566544,48.0,0.018396005034446716,44.0,0.001970931887626648,-7.741153240203857e-05,abort_land,3.4416422843933105,0.006836272310465574,-0.0032054660841822624,0.09754776209592819,-0.006567180156707764,-1.0105984210968018,0.5593188405036926
0.09754776209592819,-0.006567180156707764,0.0,0.4770046844626918,289,1785417127.57351,0.0,0.10147862881422043,-0.011999313719570637,0.5708726048469543,1,3.4677422046661377,5,13466,0,1,0,1,1.0,1,1,479,1.0,0.0,1,8,6,2147483693,-1,1,0,48,48,48,48,48,48,48,48,0,0,0,33,16,255,16,1,255,1,1,255,1,2,74.79914093017578,99.28765869140625,0.14552940428256989,0.008394279517233372,0.5354947447776794,0.33339783549308777,-0.9427815675735474,-0.0029775244183838367,0.040883276611566544,48.0,0.018396005034446716,44.0,0.001970931887626648,-7.741153240203857e-05,abort_land,3.4416422843933105,0.006836272310465574,-0.0032054660841822624,0.09754776209592819,-0.006567180156707764,-1.0105984210968018,0.5593188405036926
0.09754776209592819,-0.006567180156707764,0.0,0.47186004971012924,289,1785417127.596522,0.0,0.10147862881422043,-0.011999313719570637,0.5708726048469543,1,3.4677422046661377,5,13466,0,1,0,1,1.0,1,1,479,1.0,0.0,1,8,6,2147483693,-1,1,0,48,48,48,48,48,48,48,48,0,0,0,33,16,255,16,1,255,1,1,255,1,2,74.79914093017578,99.28765869140625,0.14552940428256989,0.008394279517233372,0.5354947447776794,0.33339783549308777,-0.9427815675735474,-0.0029775244183838367,0.040883276611566544,48.0,0.018396005034446716,44.0,0.001970931887626648,-7.741153240203857e-05,abort_land,3.4416422843933105,0.006836272310465574,-0.0032054660841822624,0.09754776209592819,-0.006567180156707764,-1.0105984210968018,0.5593188405036926
0.09754776209592819,-0.006567180156707764,0.0,0.4667154149575667,289,1785417127.61973,0.0,0.10147862881422043,-0.011999313719570637,0.5708726048469543,1,3.4677422046661377,5,13466,0,1,0,1,1.0,1,1,479,1.0,0.0,1,8,6,2147483693,-1,1,0,48,48,48,48,48,48,48,48,0,0,0,33,16,255,16,1,255,1,1,255,1,2,74.79914093017578,99.28765869140625,0.14552940428256989,0.008394279517233372,0.5354947447776794,0.33339783549308777,-0.9427815675735474,-0.0029775244183838367,0.040883276611566544,48.0,0.018396005034446716,44.0,0.001970931887626648,-7.741153240203857e-05,abort_land,3.4416422843933105,0.006836272310465574,-0.0032054660841822624,0.09754776209592819,-0.006567180156707764,-1.0105984210968018,0.5593188405036926
0.09754776209592819,-0.006567180156707764,0.0,0.46157078020500414,289,1785417127.644788,0.0,0.10147862881422043,-0.011999313719570637,0.5708726048469543,1,3.4677422046661377,5,13466,0,1,0,1,1.0,1,1,479,1.0,0.0,1,8,6,2147483693,-1,1,0,48,48,48,48,48,48,48,48,0,0,0,33,16,255,16,1,255,1,1,255,1,2,74.79914093017578,99.28765869140625,0.14552940428256989,0.008394279517233372,0.5354947447776794,0.33339783549308777,-0.9427815675735474,-0.0029775244183838367,0.040883276611566544,48.0,0.018396005034446716,44.0,0.001970931887626648,-7.741153240203857e-05,abort_land,3.4416422843933105,0.006836272310465574,-0.0032054660841822624,0.09754776209592819,-0.006567180156707764,-1.0105984210968018,0.5593188405036926
0.09754776209592819,-0.006567180156707764,0.0,0.4564261454524416,289,1785417127.680148,0.0,0.10147862881422043,-0.011999313719570637,0.5708726048469543,1,3.4677422046661377,5,13466,0,1,0,1,1.0,1,1,479,1.0,0.0,1,8,6,2147483693,-1,1,0,48,48,48,48,48,48,48,48,0,0,0,33,16,255,16,1,255,1,1,255,1,2,74.79914093017578,99.28765869140625,0.14552940428256989,0.008394279517233372,0.5354947447776794,0.33339783549308777,-0.9427815675735474,-0.0029775244183838367,0.040883276611566544,48.0,0.018396005034446716,44.0,0.001970931887626648,-7.741153240203857e-05,abort_land,3.4416422843933105,0.006836272310465574,-0.0032054660841822624,0.09754776209592819,-0.006567180156707764,-1.0105984210968018,0.5593188405036926
0.09754776209592819,-0.006567180156707764,0.0,0.45128151069987904,289,1785417127.700366,0.0,0.10147862881422043,-0.011999313719570637,0.5708726048469543,1,3.4677422046661377,5,13466,0,1,0,1,1.0,1,1,479,1.0,0.0,1,8,6,2147483693,-1,1,0,48,48,48,48,48,48,48,48,0,0,0,33,16,255,16,1,255,1,1,255,1,2,74.79914093017578,99.28765869140625,0.14552940428256989,0.008394279517233372,0.5354947447776794,0.33339783549308777,-0.9427815675735474,-0.0029775244183838367,0.040883276611566544,48.0,0.018396005034446716,44.0,0.001970931887626648,-7.741153240203857e-05,abort_land,3.4416422843933105,0.006836272310465574,-0.0032054660841822624,0.09754776209592819,-0.006567180156707764,-1.0105984210968018,0.5593188405036926
0.09754776209592819,-0.006567180156707764,0.0,0.4461368759473165,289,1785417127.7254632,0.0,0.10147862881422043,-0.011999313719570637,0.5708726048469543,1,3.4677422046661377,5,13466,0,1,0,1,1.0,1,1,479,1.0,0.0,1,8,6,2147483693,-1,1,0,48,48,48,48,48,48,48,48,0,0,0,33,16,255,16,1,255,1,1,255,1,2,74.79914093017578,99.28765869140625,0.14552940428256989,0.008394279517233372,0.5354947447776794,0.33339783549308777,-0.9427815675735474,-0.0029775244183838367,0.040883276611566544,48.0,0.018396005034446716,44.0,0.001970931887626648,-7.741153240203857e-05,abort_land,3.4416422843933105,0.006836272310465574,-0.0032054660841822624,0.09754776209592819,-0.006567180156707764,-1.0105984210968018,0.5593188405036926
0.09754776209592819,-0.006567180156707764,0.0,0.44099224119475394,289,1785417127.74865,0.0,0.10147862881422043,-0.011999313719570637,0.5708726048469543,1,3.4677422046661377,5,13466,0,1,0,1,1.0,1,1,479,1.0,0.0,1,8,6,2147483693,-1,1,0,48,48,48,48,48,48,48,48,0,0,0,33,16,255,16,1,255,1,1,255,1,2,74.79914093017578,99.28765869140625,0.14552940428256989,0.008394279517233372,0.5354947447776794,0.33339783549308777,-0.9427815675735474,-0.0029775244183838367,0.040883276611566544,48.0,0.018396005034446716,44.0,0.001970931887626648,-7.741153240203857e-05,abort_land,3.4416422843933105,0.006836272310465574,-0.0032054660841822624,0.09754776209592819,-0.006567180156707764,-1.0105984210968018,0.5593188405036926
0.09754776209592819,-0.006567180156707764,0.0,0.4358476064421914,289,1785417127.7859058,0.0,0.10147862881422043,-0.011999313719570637,0.5708726048469543,1,3.4677422046661377,5,13466,0,1,0,1,1.0,1,1,479,1.0,0.0,1,8,6,2147483693,-1,1,0,48,48,48,48,48,48,48,48,0,0,0,33,16,255,16,1,255,1,1,255,1,2,74.79914093017578,99.28765869140625,0.14552940428256989,0.008394279517233372,0.5354947447776794,0.33339783549308777,-0.9427815675735474,-0.0029775244183838367,0.040883276611566544,48.0,0.018396005034446716,44.0,0.001970931887626648,-7.741153240203857e-05,abort_land,3.4416422843933105,0.006836272310465574,-0.0032054660841822624,0.09754776209592819,-0.006567180156707764,-1.0105984210968018,0.5593188405036926
0.09754776209592819,-0.006567180156707764,0.0,0.43070297168962884,289,1785417127.807929,0.0,0.10147862881422043,-0.011999313719570637,0.5708726048469543,1,3.4677422046661377,5,13466,0,1,0,1,1.0,1,1,479,1.0,0.0,1,8,6,2147483693,-1,1,0,48,48,48,48,48,48,48,48,0,0,0,33,16,255,16,1,255,1,1,255,1,2,74.79914093017578,99.28765869140625,0.14552940428256989,0.008394279517233372,0.5354947447776794,0.33339783549308777,-0.9427815675735474,-0.0029775244183838367,0.040883276611566544,48.0,0.018396005034446716,44.0,0.001970931887626648,-7.741153240203857e-05,abort_land,3.4416422843933105,0.006836272310465574,-0.0032054660841822624,0.09754776209592819,-0.006567180156707764,-1.0105984210968018,0.5593188405036926
0.09754776209592819,-0.006567180156707764,0.0,0.42555833693706624,289,1785417127.833076,0.0,0.10147862881422043,-0.011999313719570637,0.5708726048469543,1,3.4677422046661377,5,13466,0,1,0,1,1.0,1,1,479,1.0,0.0,1,8,6,2147483693,-1,1,0,48,48,48,48,48,48,48,48,0,0,0,33,16,255,16,1,255,1,1,255,1,2,74.79914093017578,99.28765869140625,0.14552940428256989,0.008394279517233372,0.5354947447776794,0.33339783549308777,-0.9427815675735474,-0.0029775244183838367,0.040883276611566544,48.0,0.018396005034446716,44.0,0.001970931887626648,-7.741153240203857e-05,abort_land,3.4416422843933105,0.006836272310465574,-0.0032054660841822624,0.09754776209592819,-0.006567180156707764,-1.0105984210968018,0.5593188405036926
0.09754776209592819,-0.006567180156707764,0.0,0.42041370218450375,289,1785417127.857706,0.0,0.10147862881422043,-0.011999313719570637,0.5708726048469543,1,3.4677422046661377,5,13466,0,1,0,1,1.0,1,1,479,1.0,0.0,1,8,6,2147483693,-1,1,0,48,48,48,48,48,48,48,48,0,0,0,33,16,255,16,1,255,1,1,255,1,2,74.79914093017578,99.28765869140625,0.14552940428256989,0.008394279517233372,0.5354947447776794,0.33339783549308777,-0.9427815675735474,-0.0029775244183838367,0.040883276611566544,48.0,0.018396005034446716,44.0,0.001970931887626648,-7.741153240203857e-05,abort_land,3.4416422843933105,0.006836272310465574,-0.0032054660841822624,0.09754776209592819,-0.006567180156707764,-1.0105984210968018,0.5593188405036926
0.09754776209592819,-0.006567180156707764,0.0,0.4152690674319412,289,1785417127.889481,0.0,0.10147862881422043,-0.011999313719570637,0.5708726048469543,1,3.4677422046661377,5,13466,0,1,0,1,1.0,1,1,479,1.0,0.0,1,8,6,2147483693,-1,1,0,48,48,48,48,48,48,48,48,0,0,0,33,16,255,16,1,255,1,1,255,1,2,74.79914093017578,99.28765869140625,0.14552940428256989,0.008394279517233372,0.5354947447776794,0.33339783549308777,-0.9427815675735474,-0.0029775244183838367,0.040883276611566544,48.0,0.018396005034446716,44.0,0.001970931887626648,-7.741153240203857e-05,abort_land,3.4416422843933105,0.006836272310465574,-0.0032054660841822624,0.09754776209592819,-0.006567180156707764,-1.0105984210968018,0.5593188405036926
0.09754776209592819,-0.006567180156707764,0.0,0.41012443267937865,289,1785417127.9116669,0.0,0.10147862881422043,-0.011999313719570637,0.5708726048469543,1,3.4677422046661377,5,13466,0,1,0,1,1.0,1,1,479,1.0,0.0,1,8,6,2147483693,-1,1,0,48,48,48,48,48,48,48,48,0,0,0,33,16,255,16,1,255,1,1,255,1,2,74.79914093017578,99.28765869140625,0.14552940428256989,0.008394279517233372,0.5354947447776794,0.33339783549308777,-0.9427815675735474,-0.0029775244183838367,0.040883276611566544,48.0,0.018396005034446716,44.0,0.001970931887626648,-7.741153240203857e-05,abort_land,3.4416422843933105,0.006836272310465574,-0.0032054660841822624,0.09754776209592819,-0.006567180156707764,-1.0105984210968018,0.5593188405036926
0.09754776209592819,-0.006567180156707764,0.0,0.40497979792681604,289,1785417127.940448,0.0,0.10147862881422043,-0.011999313719570637,0.5708726048469543,1,3.4677422046661377,5,13466,0,1,0,1,1.0,1,1,479,1.0,0.0,1,8,6,2147483693,-1,1,0,48,48,48,48,48,48,48,48,0,0,0,33,16,255,16,1,255,1,1,255,1,2,74.79914093017578,99.28765869140625,0.14552940428256989,0.008394279517233372,0.5354947447776794,0.33339783549308777,-0.9427815675735474,-0.0029775244183838367,0.040883276611566544,48.0,0.018396005034446716,44.0,0.001970931887626648,-7.741153240203857e-05,abort_land,3.4416422843933105,0.006836272310465574,-0.0032054660841822624,0.09754776209592819,-0.006567180156707764,-1.0105984210968018,0.5593188405036926
0.09754776209592819,-0.006567180156707764,0.0,0.3998351631742535,289,1785417127.962621,0.0,0.10147862881422043,-0.011999313719570637,0.5708726048469543,1,3.4677422046661377,5,13466,0,1,0,1,1.0,1,1,479,1.0,0.0,1,8,6,2147483693,-1,1,0,48,48,48,48,48,48,48,48,0,0,0,33,16,255,16,1,255,1,1,255,1,2,74.79914093017578,99.28765869140625,0.14552940428256989,0.008394279517233372,0.5354947447776794,0.33339783549308777,-0.9427815675735474,-0.0029775244183838367,0.040883276611566544,48.0,0.018396005034446716,44.0,0.001970931887626648,-7.741153240203857e-05,abort_land,3.4416422843933105,0.006836272310465574,-0.0032054660841822624,0.09754776209592819,-0.006567180156707764,-1.0105984210968018,0.5593188405036926
0.09754776209592819,-0.006567180156707764,0.0,0.39469052842169094,289,1785417127.9877279,0.0,0.10147862881422043,-0.011999313719570637,0.5708726048469543,1,3.4677422046661377,5,13466,0,1,0,1,1.0,1,1,479,1.0,0.0,1,8,6,2147483693,-1,1,0,48,48,48,48,48,48,48,48,0,0,0,33,16,255,16,1,255,1,1,255,1,2,74.79914093017578,99.28765869140625,0.14552940428256989,0.008394279517233372,0.5354947447776794,0.33339783549308777,-0.9427815675735474,-0.0029775244183838367,0.040883276611566544,48.0,0.018396005034446716,44.0,0.001970931887626648,-7.741153240203857e-05,abort_land,3.4416422843933105,0.006836272310465574,-0.0032054660841822624,0.09754776209592819,-0.006567180156707764,-1.0105984210968018,0.5593188405036926
0.09754776209592819,-0.006567180156707764,0.0,0.38954589366912845,289,1785417128.0081549,0.0,0.10147862881422043,-0.011999313719570637,0.5708726048469543,1,3.4677422046661377,5,13466,0,1,0,1,1.0,1,1,479,1.0,0.0,1,8,6,2147483693,-1,1,0,48,48,48,48,48,48,48,48,0,0,0,33,16,255,16,1,255,1,1,255,1,2,74.79914093017578,99.28765869140625,0.14552940428256989,0.008394279517233372,0.5354947447776794,0.33339783549308777,-0.9427815675735474,-0.0029775244183838367,0.040883276611566544,48.0,0.018396005034446716,44.0,0.001970931887626648,-7.741153240203857e-05,abort_land,3.4416422843933105,0.006836272310465574,-0.0032054660841822624,0.09754776209592819,-0.006567180156707764,-1.0105984210968018,0.5593188405036926
0.09754776209592819,-0.006567180156707764,0.0,0.38440125891656585,289,1785417128.0326772,0.0,0.10147862881422043,-0.011999313719570637,0.5708726048469543,1,3.4677422046661377,5,13466,0,1,0,1,1.0,1,1,479,1.0,0.0,1,8,6,2147483693,-1,1,0,48,48,48,48,48,48,48,48,0,0,0,33,16,255,16,1,255,1,1,255,1,2,74.79914093017578,99.28765869140625,0.14552940428256989,0.008394279517233372,0.5354947447776794,0.33339783549308777,-0.9427815675735474,-0.0029775244183838367,0.040883276611566544,48.0,0.018396005034446716,44.0,0.001970931887626648,-7.741153240203857e-05,abort_land,3.4416422843933105,0.006836272310465574,-0.0032054660841822624,0.09754776209592819,-0.006567180156707764,-1.0105984210968018,0.5593188405036926
0.09754776209592819,-0.006567180156707764,0.0,0.3792566241640033,289,1785417128.0587451,0.0,0.10147862881422043,-0.011999313719570637,0.5708726048469543,1,3.4677422046661377,5,13466,0,1,0,1,1.0,1,1,479,1.0,0.0,1,8,6,2147483693,-1,1,0,48,48,48,48,48,48,48,48,0,0,0,33,16,255,16,1,255,1,1,255,1,2,74.79914093017578,99.28765869140625,0.14552940428256989,0.008394279517233372,0.5354947447776794,0.33339783549308777,-0.9427815675735474,-0.0029775244183838367,0.040883276611566544,48.0,0.018396005034446716,44.0,0.001970931887626648,-7.741153240203857e-05,abort_land,3.4416422843933105,0.006836272310465574,-0.0032054660841822624,0.09754776209592819,-0.006567180156707764,-1.0105984210968018,0.5593188405036926
0.09754776209592819,-0.006567180156707764,0.0,0.37411198941144075,289,1785417128.082743,0.0,0.10147862881422043,-0.011999313719570637,0.5708726048469543,1,3.4677422046661377,5,13466,0,1,0,1,1.0,1,1,479,1.0,0.0,1,8,6,2147483693,-1,1,0,48,48,48,48,48,48,48,48,0,0,0,33,16,255,16,1,255,1,1,255,1,2,74.79914093017578,99.28765869140625,0.14552940428256989,0.008394279517233372,0.5354947447776794,0.33339783549308777,-0.9427815675735474,-0.0029775244183838367,0.040883276611566544,48.0,0.018396005034446716,44.0,0.001970931887626648,-7.741153240203857e-05,abort_land,3.4416422843933105,0.006836272310465574,-0.0032054660841822624,0.09754776209592819,-0.006567180156707764,-1.0105984210968018,0.5593188405036926
0.09754776209592819,-0.006567180156707764,0.0,0.3689673546588782,289,1785417128.1062882,0.0,0.10147862881422043,-0.011999313719570637,0.5708726048469543,1,3.4677422046661377,5,13466,0,1,0,1,1.0,1,1,479,1.0,0.0,1,8,6,2147483693,-1,1,0,48,48,48,48,48,48,48,48,0,0,0,33,16,255,16,1,255,1,1,255,1,2,74.79914093017578,99.28765869140625,0.14552940428256989,0.008394279517233372,0.5354947447776794,0.33339783549308777,-0.9427815675735474,-0.0029775244183838367,0.040883276611566544,48.0,0.018396005034446716,44.0,0.001970931887626648,-7.741153240203857e-05,abort_land,3.4416422843933105,0.006836272310465574,-0.0032054660841822624,0.09754776209592819,-0.006567180156707764,-1.0105984210968018,0.5593188405036926
0.09754776209592819,-0.006567180156707764,0.0,0.36382271990631565,289,1785417128.127748,0.0,0.10147862881422043,-0.011999313719570637,0.5708726048469543,1,3.4677422046661377,5,13466,0,1,0,1,1.0,1,1,479,1.0,0.0,1,8,6,2147483693,-1,1,0,48,48,48,48,48,48,48,48,0,0,0,33,16,255,16,1,255,1,1,255,1,2,74.79914093017578,99.28765869140625,0.14552940428256989,0.008394279517233372,0.5354947447776794,0.33339783549308777,-0.9427815675735474,-0.0029775244183838367,0.040883276611566544,48.0,0.018396005034446716,44.0,0.001970931887626648,-7.741153240203857e-05,abort_land,3.4416422843933105,0.006836272310465574,-0.0032054660841822624,0.09754776209592819,-0.006567180156707764,-1.0105984210968018,0.5593188405036926
0.09754776209592819,-0.006567180156707764,0.0,0.3586780851537531,289,1785417128.1524851,0.0,0.10147862881422043,-0.011999313719570637,0.5708726048469543,1,3.4677422046661377,5,13466,0,1,0,1,1.0,1,1,479,1.0,0.0,1,8,6,2147483693,-1,1,0,48,48,48,48,48,48,48,48,0,0,0,33,16,255,16,1,255,1,1,255,1,2,74.79914093017578,99.28765869140625,0.14552940428256989,0.008394279517233372,0.5354947447776794,0.33339783549308777,-0.9427815675735474,-0.0029775244183838367,0.040883276611566544,48.0,0.018396005034446716,44.0,0.001970931887626648,-7.741153240203857e-05,abort_land,3.4416422843933105,0.006836272310465574,-0.0032054660841822624,0.09754776209592819,-0.006567180156707764,-1.0105984210968018,0.5593188405036926
0.09754776209592819,-0.006567180156707764,0.0,0.35353345040119055,289,1785417128.182799,0.0,0.10147862881422043,-0.011999313719570637,0.5708726048469543,1,3.4677422046661377,5,13466,0,1,0,1,1.0,1,1,479,1.0,0.0,1,8,6,2147483693,-1,1,0,48,48,48,48,48,48,48,48,0,0,0,33,16,255,16,1,255,1,1,255,1,2,74.79914093017578,99.28765869140625,0.14552940428256989,0.008394279517233372,0.5354947447776794,0.33339783549308777,-0.9427815675735474,-0.0029775244183838367,0.040883276611566544,48.0,0.018396005034446716,44.0,0.001970931887626648,-7.741153240203857e-05,abort_land,3.4416422843933105,0.006836272310465574,-0.0032054660841822624,0.09754776209592819,-0.006567180156707764,-1.0105984210968018,0.5593188405036926
0.09754776209592819,-0.006567180156707764,0.0,0.348388815648628,289,1785417128.207419,0.0,0.10147862881422043,-0.011999313719570637,0.5708726048469543,1,3.4677422046661377,5,13466,0,1,0,1,1.0,1,1,479,1.0,0.0,1,8,6,2147483693,-1,1,0,48,48,48,48,48,48,48,48,0,0,0,33,16,255,16,1,255,1,1,255,1,2,74.79914093017578,99.28765869140625,0.14552940428256989,0.008394279517233372,0.5354947447776794,0.33339783549308777,-0.9427815675735474,-0.0029775244183838367,0.040883276611566544,48.0,0.018396005034446716,44.0,0.001970931887626648,-7.741153240203857e-05,abort_land,3.4416422843933105,0.006836272310465574,-0.0032054660841822624,0.09754776209592819,-0.006567180156707764,-1.0105984210968018,0.5593188405036926
0.09754776209592819,-0.006567180156707764,0.0,0.34324418089606545,289,1785417128.232047,0.0,0.10147862881422043,-0.011999313719570637,0.5708726048469543,1,3.4677422046661377,5,13466,0,1,0,1,1.0,1,1,479,1.0,0.0,1,8,6,2147483693,-1,1,0,48,48,48,48,48,48,48,48,0,0,0,33,16,255,16,1,255,1,1,255,1,2,74.79914093017578,99.28765869140625,0.14552940428256989,0.008394279517233372,0.5354947447776794,0.33339783549308777,-0.9427815675735474,-0.0029775244183838367,0.040883276611566544,48.0,0.018396005034446716,44.0,0.001970931887626648,-7.741153240203857e-05,abort_land,3.4416422843933105,0.006836272310465574,-0.0032054660841822624,0.09754776209592819,-0.006567180156707764,-1.0105984210968018,0.5593188405036926
0.09754776209592819,-0.006567180156707764,0.0,0.3380995461435029,289,1785417128.254804,0.0,0.10147862881422043,-0.011999313719570637,0.5708726048469543,1,3.4677422046661377,5,13466,0,1,0,1,1.0,1,1,479,1.0,0.0,1,8,6,2147483693,-1,1,0,48,48,48,48,48,48,48,48,0,0,0,33,16,255,16,1,255,1,1,255,1,2,74.79914093017578,99.28765869140625,0.14552940428256989,0.008394279517233372,0.5354947447776794,0.33339783549308777,-0.9427815675735474,-0.0029775244183838367,0.040883276611566544,48.0,0.018396005034446716,44.0,0.001970931887626648,-7.741153240203857e-05,abort_land,3.4416422843933105,0.006836272310465574,-0.0032054660841822624,0.09754776209592819,-0.006567180156707764,-1.0105984210968018,0.5593188405036926
0.09754776209592819,-0.006567180156707764,0.0,0.33295491139094036,289,1785417128.275552,0.0,0.10147862881422043,-0.011999313719570637,0.5708726048469543,1,3.4677422046661377,5,13466,0,1,0,1,1.0,1,1,479,1.0,0.0,1,8,6,2147483693,-1,1,0,48,48,48,48,48,48,48,48,0,0,0,33,16,255,16,1,255,1,1,255,1,2,74.79914093017578,99.28765869140625,0.14552940428256989,0.008394279517233372,0.5354947447776794,0.33339783549308777,-0.9427815675735474,-0.0029775244183838367,0.040883276611566544,48.0,0.018396005034446716,44.0,0.001970931887626648,-7.741153240203857e-05,abort_land,3.4416422843933105,0.006836272310465574,-0.0032054660841822624,0.09754776209592819,-0.006567180156707764,-1.0105984210968018,0.5593188405036926
0.09754776209592819,-0.006567180156707764,0.0,0.3278102766383778,289,1785417128.2990289,0.0,0.10147862881422043,-0.011999313719570637,0.5708726048469543,1,3.4677422046661377,5,13466,0,1,0,1,1.0,1,1,479,1.0,0.0,1,8,6,2147483693,-1,1,0,48,48,48,48,48,48,48,48,0,0,0,33,16,255,16,1,255,1,1,255,1,2,74.79914093017578,99.28765869140625,0.14552940428256989,0.008394279517233372,0.5354947447776794,0.33339783549308777,-0.9427815675735474,-0.0029775244183838367,0.040883276611566544,48.0,0.018396005034446716,44.0,0.001970931887626648,-7.741153240203857e-05,abort_land,3.4416422843933105,0.006836272310465574,-0.0032054660841822624,0.09754776209592819,-0.006567180156707764,-1.0105984210968018,0.5593188405036926
0.09754776209592819,-0.006567180156707764,0.0,0.32266564188581526,289,1785417128.322206,0.0,0.10147862881422043,-0.011999313719570637,0.5708726048469543,1,3.4677422046661377,5,13466,0,1,0,1,1.0,1,1,479,1.0,0.0,1,8,6,2147483693,-1,1,0,48,48,48,48,48,48,48,48,0,0,0,33,16,255,16,1,255,1,1,255,1,2,74.79914093017578,99.28765869140625,0.14552940428256989,0.008394279517233372,0.5354947447776794,0.33339783549308777,-0.9427815675735474,-0.0029775244183838367,0.040883276611566544,48.0,0.018396005034446716,44.0,0.001970931887626648,-7.741153240203857e-05,abort_land,3.4416422843933105,0.006836272310465574,-0.0032054660841822624,0.09754776209592819,-0.006567180156707764,-1.0105984210968018,0.5593188405036926
0.09754776209592819,-0.006567180156707764,0.0,0.3175210071332527,289,1785417128.347272,0.0,0.10147862881422043,-0.011999313719570637,0.5708726048469543,1,3.4677422046661377,5,13466,0,1,0,1,1.0,1,1,479,1.0,0.0,1,8,6,2147483693,-1,1,0,48,48,48,48,48,48,48,48,0,0,0,33,16,255,16,1,255,1,1,255,1,2,74.79914093017578,99.28765869140625,0.14552940428256989,0.008394279517233372,0.5354947447776794,0.33339783549308777,-0.9427815675735474,-0.0029775244183838367,0.040883276611566544,48.0,0.018396005034446716,44.0,0.001970931887626648,-7.741153240203857e-05,abort_land,3.4416422843933105,0.006836272310465574,-0.0032054660841822624,0.09754776209592819,-0.006567180156707764,-1.0105984210968018,0.5593188405036926
0.09754776209592819,-0.006567180156707764,0.0,0.31237637238069016,289,1785417128.37227,0.0,0.10147862881422043,-0.011999313719570637,0.5708726048469543,1,3.4677422046661377,5,13466,0,1,0,1,1.0,1,1,479,1.0,0.0,1,8,6,2147483693,-1,1,0,48,48,48,48,48,48,48,48,0,0,0,33,16,255,16,1,255,1,1,255,1,2,74.79914093017578,99.28765869140625,0.14552940428256989,0.008394279517233372,0.5354947447776794,0.33339783549308777,-0.9427815675735474,-0.0029775244183838367,0.040883276611566544,48.0,0.018396005034446716,44.0,0.001970931887626648,-7.741153240203857e-05,abort_land,3.4416422843933105,0.006836272310465574,-0.0032054660841822624,0.09754776209592819,-0.006567180156707764,-1.0105984210968018,0.5593188405036926
0.09754776209592819,-0.006567180156707764,0.0,0.3072317376281276,289,1785417128.393087,0.0,0.10147862881422043,-0.011999313719570637,0.5708726048469543,1,3.4677422046661377,5,13466,0,1,0,1,1.0,1,1,479,1.0,0.0,1,8,6,2147483693,-1,1,0,48,48,48,48,48,48,48,48,0,0,0,33,16,255,16,1,255,1,1,255,1,2,74.79914093017578,99.28765869140625,0.14552940428256989,0.008394279517233372,0.5354947447776794,0.33339783549308777,-0.9427815675735474,-0.0029775244183838367,0.040883276611566544,48.0,0.018396005034446716,44.0,0.001970931887626648,-7.741153240203857e-05,abort_land,3.4416422843933105,0.006836272310465574,-0.0032054660841822624,0.09754776209592819,-0.006567180156707764,-1.0105984210968018,0.5593188405036926
0.09754776209592819,-0.006567180156707764,0.0,0.30208710287556506,289,1785417128.425163,0.0,0.10147862881422043,-0.011999313719570637,0.5708726048469543,1,3.4677422046661377,5,13466,0,1,0,1,1.0,1,1,479,1.0,0.0,1,8,6,2147483693,-1,1,0,48,48,48,48,48,48,48,48,0,0,0,33,16,255,16,1,255,1,1,255,1,2,74.79914093017578,99.28765869140625,0.14552940428256989,0.008394279517233372,0.5354947447776794,0.33339783549308777,-0.9427815675735474,-0.0029775244183838367,0.040883276611566544,48.0,0.018396005034446716,44.0,0.001970931887626648,-7.741153240203857e-05,abort_land,3.4416422843933105,0.006836272310465574,-0.0032054660841822624,0.09754776209592819,-0.006567180156707764,-1.0105984210968018,0.5593188405036926
0.09754776209592819,-0.006567180156707764,0.0,0.2969424681230025,289,1785417128.449499,0.0,0.10147862881422043,-0.011999313719570637,0.5708726048469543,1,3.4677422046661377,5,13466,0,1,0,1,1.0,1,1,479,1.0,0.0,1,8,6,2147483693,-1,1,0,48,48,48,48,48,48,48,48,0,0,0,33,16,255,16,1,255,1,1,255,1,2,74.79914093017578,99.28765869140625,0.14552940428256989,0.008394279517233372,0.5354947447776794,0.33339783549308777,-0.9427815675735474,-0.0029775244183838367,0.040883276611566544,48.0,0.018396005034446716,44.0,0.001970931887626648,-7.741153240203857e-05,abort_land,3.4416422843933105,0.006836272310465574,-0.0032054660841822624,0.09754776209592819,-0.006567180156707764,-1.0105984210968018,0.5593188405036926
0.09754776209592819,-0.006567180156707764,0.0,0.2917978333704399,289,1785417128.471884,0.0,0.10147862881422043,-0.011999313719570637,0.5708726048469543,1,3.4677422046661377,5,13466,0,1,0,1,1.0,1,1,479,1.0,0.0,1,8,6,2147483693,-1,1,0,48,48,48,48,48,48,48,48,0,0,0,33,16,255,16,1,255,1,1,255,1,2,74.79914093017578,99.28765869140625,0.14552940428256989,0.008394279517233372,0.5354947447776794,0.33339783549308777,-0.9427815675735474,-0.0029775244183838367,0.040883276611566544,48.0,0.018396005034446716,44.0,0.001970931887626648,-7.741153240203857e-05,abort_land,3.4416422843933105,0.006836272310465574,-0.0032054660841822624,0.09754776209592819,-0.006567180156707764,-1.0105984210968018,0.5593188405036926
0.09754776209592819,-0.006567180156707764,0.0,0.2866531986178774,289,1785417128.49706,0.0,0.10147862881422043,-0.011999313719570637,0.5708726048469543,1,3.4677422046661377,5,13466,0,1,0,1,1.0,1,1,479,1.0,0.0,1,8,6,2147483693,-1,1,0,48,48,48,48,48,48,48,48,0,0,0,33,16,255,16,1,255,1,1,255,1,2,74.79914093017578,99.28765869140625,0.14552940428256989,0.008394279517233372,0.5354947447776794,0.33339783549308777,-0.9427815675735474,-0.0029775244183838367,0.040883276611566544,48.0,0.018396005034446716,44.0,0.001970931887626648,-7.741153240203857e-05,abort_land,3.4416422843933105,0.006836272310465574,-0.0032054660841822624,0.09754776209592819,-0.006567180156707764,-1.0105984210968018,0.5593188405036926
0.09754776209592819,-0.006567180156707764,0.0,0.28150856386531486,289,1785417128.5191932,0.0,0.10147862881422043,-0.011999313719570637,0.5708726048469543,1,3.4677422046661377,5,13466,0,1,0,1,1.0,1,1,479,1.0,0.0,1,8,6,2147483693,-1,1,0,48,48,48,48,48,48,48,48,0,0,0,33,16,255,16,1,255,1,1,255,1,2,74.79914093017578,99.28765869140625,0.14552940428256989,0.008394279517233372,0.5354947447776794,0.33339783549308777,-0.9427815675735474,-0.0029775244183838367,0.040883276611566544,48.0,0.018396005034446716,44.0,0.001970931887626648,-7.741153240203857e-05,abort_land,3.4416422843933105,0.006836272310465574,-0.0032054660841822624,0.09754776209592819,-0.006567180156707764,-1.0105984210968018,0.5593188405036926
0.09754776209592819,-0.006567180156707764,0.0,0.2763639291127523,289,1785417128.540999,0.0,0.10147862881422043,-0.011999313719570637,0.5708726048469543,1,3.4677422046661377,5,13466,0,1,0,1,1.0,1,1,479,1.0,0.0,1,8,6,2147483693,-1,1,0,48,48,48,48,48,48,48,48,0,0,0,33,16,255,16,1,255,1,1,255,1,2,74.79914093017578,99.28765869140625,0.14552940428256989,0.008394279517233372,0.5354947447776794,0.33339783549308777,-0.9427815675735474,-0.0029775244183838367,0.040883276611566544,48.0,0.018396005034446716,44.0,0.001970931887626648,-7.741153240203857e-05,abort_land,3.4416422843933105,0.006836272310465574,-0.0032054660841822624,0.09754776209592819,-0.006567180156707764,-1.0105984210968018,0.5593188405036926
0.09754776209592819,-0.006567180156707764,0.0,0.27121929436018977,289,1785417128.564072,0.0,0.10147862881422043,-0.011999313719570637,0.5708726048469543,1,3.4677422046661377,5,13466,0,1,0,1,1.0,1,1,479,1.0,0.0,1,8,6,2147483693,-1,1,0,48,48,48,48,48,48,48,48,0,0,0,33,16,255,16,1,255,1,1,255,1,2,74.79914093017578,99.28765869140625,0.14552940428256989,0.008394279517233372,0.5354947447776794,0.33339783549308777,-0.9427815675735474,-0.0029775244183838367,0.040883276611566544,48.0,0.018396005034446716,44.0,0.001970931887626648,-7.741153240203857e-05,abort_land,3.4416422843933105,0.006836272310465574,-0.0032054660841822624,0.09754776209592819,-0.006567180156707764,-1.0105984210968018,0.5593188405036926
0.09754776209592819,-0.006567180156707764,0.0,0.26607465960762716,289,1785417128.587591,0.0,0.10147862881422043,-0.011999313719570637,0.5708726048469543,1,3.4677422046661377,5,13466,0,1,0,1,1.0,1,1,479,1.0,0.0,1,8,6,2147483693,-1,1,0,48,48,48,48,48,48,48,48,0,0,0,33,16,255,16,1,255,1,1,255,1,2,74.79914093017578,99.28765869140625,0.14552940428256989,0.008394279517233372,0.5354947447776794,0.33339783549308777,-0.9427815675735474,-0.0029775244183838367,0.040883276611566544,48.0,0.018396005034446716,44.0,0.001970931887626648,-7.741153240203857e-05,abort_land,3.4416422843933105,0.006836272310465574,-0.0032054660841822624,0.09754776209592819,-0.006567180156707764,-1.0105984210968018,0.5593188405036926
0.09754776209592819,-0.006567180156707764,0.0,0.26093002485506467,289,1785417128.608897,0.0,0.10147862881422043,-0.011999313719570637,0.5708726048469543,1,3.4677422046661377,5,13466,0,1,0,1,1.0,1,1,479,1.0,0.0,1,8,6,2147483693,-1,1,0,48,48,48,48,48,48,48,48,0,0,0,33,16,255,16,1,255,1,1,255,1,2,74.79914093017578,99.28765869140625,0.14552940428256989,0.008394279517233372,0.5354947447776794,0.33339783549308777,-0.9427815675735474,-0.0029775244183838367,0.040883276611566544,48.0,0.018396005034446716,44.0,0.001970931887626648,-7.741153240203857e-05,abort_land,3.4416422843933105,0.006836272310465574,-0.0032054660841822624,0.09754776209592819,-0.006567180156707764,-1.0105984210968018,0.5593188405036926
0.09754776209592819,-0.006567180156707764,0.0,0.2557853901025021,289,1785417128.629569,0.0,0.10147862881422043,-0.011999313719570637,0.5708726048469543,1,3.4677422046661377,5,13466,0,1,0,1,1.0,1,1,479,1.0,0.0,1,8,6,2147483693,-1,1,0,48,48,48,48,48,48,48,48,0,0,0,33,16,255,16,1,255,1,1,255,1,2,74.79914093017578,99.28765869140625,0.14552940428256989,0.008394279517233372,0.5354947447776794,0.33339783549308777,-0.9427815675735474,-0.0029775244183838367,0.040883276611566544,48.0,0.018396005034446716,44.0,0.001970931887626648,-7.741153240203857e-05,abort_land,3.4416422843933105,0.006836272310465574,-0.0032054660841822624,0.09754776209592819,-0.006567180156707764,-1.0105984210968018,0.5593188405036926
0.09754776209592819,-0.006567180156707764,0.0,0.2506407553499395,289,1785417128.654274,0.0,0.10147862881422043,-0.011999313719570637,0.5708726048469543,1,3.4677422046661377,5,13466,0,1,0,1,1.0,1,1,479,1.0,0.0,1,8,6,2147483693,-1,1,0,48,48,48,48,48,48,48,48,0,0,0,33,16,255,16,1,255,1,1,255,1,2,74.79914093017578,99.28765869140625,0.14552940428256989,0.008394279517233372,0.5354947447776794,0.33339783549308777,-0.9427815675735474,-0.0029775244183838367,0.040883276611566544,48.0,0.018396005034446716,44.0,0.001970931887626648,-7.741153240203857e-05,abort_land,3.4416422843933105,0.006836272310465574,-0.0032054660841822624,0.09754776209592819,-0.006567180156707764,-1.0105984210968018,0.5593188405036926
0.09754776209592819,-0.006567180156707764,0.0,0.24549612059737702,289,1785417128.678272,0.0,0.10147862881422043,-0.011999313719570637,0.5708726048469543,1,3.4677422046661377,5,13466,0,1,0,1,1.0,1,1,479,1.0,0.0,1,8,6,2147483693,-1,1,0,48,48,48,48,48,48,48,48,0,0,0,33,16,255,16,1,255,1,1,255,1,2,74.79914093017578,99.28765869140625,0.14552940428256989,0.008394279517233372,0.5354947447776794,0.33339783549308777,-0.9427815675735474,-0.0029775244183838367,0.040883276611566544,48.0,0.018396005034446716,44.0,0.001970931887626648,-7.741153240203857e-05,abort_land,3.4416422843933105,0.006836272310465574,-0.0032054660841822624,0.09754776209592819,-0.006567180156707764,-1.0105984210968018,0.5593188405036926
0.09754776209592819,-0.006567180156707764,0.0,0.24035148584481442,289,1785417128.701716,0.0,0.10147862881422043,-0.011999313719570637,0.5708726048469543,1,3.4677422046661377,5,13466,0,1,0,1,1.0,1,1,479,1.0,0.0,1,8,6,2147483693,-1,1,0,48,48,48,48,48,48,48,48,0,0,0,33,16,255,16,1,255,1,1,255,1,2,74.79914093017578,99.28765869140625,0.14552940428256989,0.008394279517233372,0.5354947447776794,0.33339783549308777,-0.9427815675735474,-0.0029775244183838367,0.040883276611566544,48.0,0.018396005034446716,44.0,0.001970931887626648,-7.741153240203857e-05,abort_land,3.4416422843933105,0.006836272310465574,-0.0032054660841822624,0.09754776209592819,-0.006567180156707764,-1.0105984210968018,0.5593188405036926
0.09754776209592819,-0.006567180156707764,0.0,0.23520685109225192,289,1785417128.723031,0.0,0.10147862881422043,-0.011999313719570637,0.5708726048469543,1,3.4677422046661377,5,13466,0,1,0,1,1.0,1,1,479,1.0,0.0,1,8,6,2147483693,-1,1,0,48,48,48,48,48,48,48,48,0,0,0,33,16,255,16,1,255,1,1,255,1,2,74.79914093017578,99.28765869140625,0.14552940428256989,0.008394279517233372,0.5354947447776794,0.33339783549308777,-0.9427815675735474,-0.0029775244183838367,0.040883276611566544,48.0,0.018396005034446716,44.0,0.001970931887626648,-7.741153240203857e-05,abort_land,3.4416422843933105,0.006836272310465574,-0.0032054660841822624,0.09754776209592819,-0.006567180156707764,-1.0105984210968018,0.5593188405036926
0.09754776209592819,-0.006567180156707764,0.0,0.23006221633968932,289,1785417128.7479758,0.0,0.10147862881422043,-0.011999313719570637,0.5708726048469543,1,3.4677422046661377,5,13466,0,1,0,1,1.0,1,1,479,1.0,0.0,1,8,6,2147483693,-1,1,0,48,48,48,48,48,48,48,48,0,0,0,33,16,255,16,1,255,1,1,255,1,2,74.79914093017578,99.28765869140625,0.14552940428256989,0.008394279517233372,0.5354947447776794,0.33339783549308777,-0.9427815675735474,-0.0029775244183838367,0.040883276611566544,48.0,0.018396005034446716,44.0,0.001970931887626648,-7.741153240203857e-05,abort_land,3.4416422843933105,0.006836272310465574,-0.0032054660841822624,0.09754776209592819,-0.006567180156707764,-1.0105984210968018,0.5593188405036926
0.09754776209592819,-0.006567180156707764,0.0,0.22491758158712677,289,1785417128.771722,0.0,0.10147862881422043,-0.011999313719570637,0.5708726048469543,1,3.4677422046661377,5,13466,0,1,0,1,1.0,1,1,479,1.0,0.0,1,8,6,2147483693,-1,1,0,48,48,48,48,48,48,48,48,0,0,0,33,16,255,16,1,255,1,1,255,1,2,74.79914093017578,99.28765869140625,0.14552940428256989,0.008394279517233372,0.5354947447776794,0.33339783549308777,-0.9427815675735474,-0.0029775244183838367,0.040883276611566544,48.0,0.018396005034446716,44.0,0.001970931887626648,-7.741153240203857e-05,abort_land,3.4416422843933105,0.006836272310465574,-0.0032054660841822624,0.09754776209592819,-0.006567180156707764,-1.0105984210968018,0.5593188405036926
0.09754776209592819,-0.006567180156707764,0.0,0.21977294683456428,289,1785417128.793725,0.0,0.10147862881422043,-0.011999313719570637,0.5708726048469543,1,3.4677422046661377,5,13466,0,1,0,1,1.0,1,1,479,1.0,0.0,1,8,6,2147483693,-1,1,0,48,48,48,48,48,48,48,48,0,0,0,33,16,255,16,1,255,1,1,255,1,2,74.79914093017578,99.28765869140625,0.14552940428256989,0.008394279517233372,0.5354947447776794,0.33339783549308777,-0.9427815675735474,-0.0029775244183838367,0.040883276611566544,48.0,0.018396005034446716,44.0,0.001970931887626648,-7.741153240203857e-05,abort_land,3.4416422843933105,0.006836272310465574,-0.0032054660841822624,0.09754776209592819,-0.006567180156707764,-1.0105984210968018,0.5593188405036926
0.09754776209592819,-0.006567180156707764,0.0,0.21462831208200167,289,1785417128.816513,0.0,0.10147862881422043,-0.011999313719570637,0.5708726048469543,1,3.4677422046661377,5,13466,0,1,0,1,1.0,1,1,479,1.0,0.0,1,8,6,2147483693,-1,1,0,48,48,48,48,48,48,48,48,0,0,0,33,16,255,16,1,255,1,1,255,1,2,74.79914093017578,99.28765869140625,0.14552940428256989,0.008394279517233372,0.5354947447776794,0.33339783549308777,-0.9427815675735474,-0.0029775244183838367,0.040883276611566544,48.0,0.018396005034446716,44.0,0.001970931887626648,-7.741153240203857e-05,abort_land,3.4416422843933105,0.006836272310465574,-0.0032054660841822624,0.09754776209592819,-0.006567180156707764,-1.0105984210968018,0.5593188405036926
0.09754776209592819,-0.006567180156707764,0.0,0.20948367732943912,289,1785417128.840937,0.0,0.10147862881422043,-0.011999313719570637,0.5708726048469543,1,3.4677422046661377,5,13466,0,1,0,1,1.0,1,1,479,1.0,0.0,1,8,6,2147483693,-1,1,0,48,48,48,48,48,48,48,48,0,0,0,33,16,255,16,1,255,1,1,255,1,2,74.79914093017578,99.28765869140625,0.14552940428256989,0.008394279517233372,0.5354947447776794,0.33339783549308777,-0.9427815675735474,-0.0029775244183838367,0.040883276611566544,48.0,0.018396005034446716,44.0,0.001970931887626648,-7.741153240203857e-05,abort_land,3.4416422843933105,0.006836272310465574,-0.0032054660841822624,0.09754776209592819,-0.006567180156707764,-1.0105984210968018,0.5593188405036926
0.09754776209592819,-0.006567180156707764,0.0,0.20433904257687657,289,1785417128.864804,0.0,0.10147862881422043,-0.011999313719570637,0.5708726048469543,1,3.4677422046661377,5,13466,0,1,0,1,1.0,1,1,479,1.0,0.0,1,8,6,2147483693,-1,1,0,48,48,48,48,48,48,48,48,0,0,0,33,16,255,16,1,255,1,1,255,1,2,74.79914093017578,99.28765869140625,0.14552940428256989,0.008394279517233372,0.5354947447776794,0.33339783549308777,-0.9427815675735474,-0.0029775244183838367,0.040883276611566544,48.0,0.018396005034446716,44.0,0.001970931887626648,-7.741153240203857e-05,abort_land,3.4416422843933105,0.006836272310465574,-0.0032054660841822624,0.09754776209592819,-0.006567180156707764,-1.0105984210968018,0.5593188405036926
0.09754776209592819,-0.006567180156707764,0.0,0.19919440782431402,289,1785417128.888014,0.0,0.10147862881422043,-0.011999313719570637,0.5708726048469543,1,3.4677422046661377,5,13466,0,1,0,1,1.0,1,1,479,1.0,0.0,1,8,6,2147483693,-1,1,0,48,48,48,48,48,48,48,48,0,0,0,33,16,255,16,1,255,1,1,255,1,2,74.79914093017578,99.28765869140625,0.14552940428256989,0.008394279517233372,0.5354947447776794,0.33339783549308777,-0.9427815675735474,-0.0029775244183838367,0.040883276611566544,48.0,0.018396005034446716,44.0,0.001970931887626648,-7.741153240203857e-05,abort_land,3.4416422843933105,0.006836272310465574,-0.0032054660841822624,0.09754776209592819,-0.006567180156707764,-1.0105984210968018,0.5593188405036926
0.09754776209592819,-0.006567180156707764,0.0,0.19404977307175153,289,1785417128.911089,0.0,0.10147862881422043,-0.011999313719570637,0.5708726048469543,1,3.4677422046661377,5,13466,0,1,0,1,1.0,1,1,479,1.0,0.0,1,8,6,2147483693,-1,1,0,48,48,48,48,48,48,48,48,0,0,0,33,16,255,16,1,255,1,1,255,1,2,74.79914093017578,99.28765869140625,0.14552940428256989,0.008394279517233372,0.5354947447776794,0.33339783549308777,-0.9427815675735474,-0.0029775244183838367,0.040883276611566544,48.0,0.018396005034446716,44.0,0.001970931887626648,-7.741153240203857e-05,abort_land,3.4416422843933105,0.006836272310465574,-0.0032054660841822624,0.09754776209592819,-0.006567180156707764,-1.0105984210968018,0.5593188405036926
0.09754776209592819,-0.006567180156707764,0.0,0.18890513831918893,289,1785417128.935969,0.0,0.10147862881422043,-0.011999313719570637,0.5708726048469543,1,3.4677422046661377,5,13466,0,1,0,1,1.0,1,1,479,1.0,0.0,1,8,6,2147483693,-1,1,0,48,48,48,48,48,48,48,48,0,0,0,33,16,255,16,1,255,1,1,255,1,2,74.79914093017578,99.28765869140625,0.14552940428256989,0.008394279517233372,0.5354947447776794,0.33339783549308777,-0.9427815675735474,-0.0029775244183838367,0.040883276611566544,48.0,0.018396005034446716,44.0,0.001970931887626648,-7.741153240203857e-05,abort_land,3.4416422843933105,0.006836272310465574,-0.0032054660841822624,0.09754776209592819,-0.006567180156707764,-1.0105984210968018,0.5593188405036926
0.09754776209592819,-0.006567180156707764,0.0,0.18376050356662638,289,1785417128.957251,0.0,0.10147862881422043,-0.011999313719570637,0.5708726048469543,1,3.4677422046661377,5,13466,0,1,0,1,1.0,1,1,479,1.0,0.0,1,8,6,2147483693,-1,1,0,48,48,48,48,48,48,48,48,0,0,0,33,16,255,16,1,255,1,1,255,1,2,74.79914093017578,99.28765869140625,0.14552940428256989,0.008394279517233372,0.5354947447776794,0.33339783549308777,-0.9427815675735474,-0.0029775244183838367,0.040883276611566544,48.0,0.018396005034446716,44.0,0.001970931887626648,-7.741153240203857e-05,abort_land,3.4416422843933105,0.006836272310465574,-0.0032054660841822624,0.09754776209592819,-0.006567180156707764,-1.0105984210968018,0.5593188405036926
0.09754776209592819,-0.006567180156707764,0.0,0.17861586881406383,289,1785417128.978986,0.0,0.10147862881422043,-0.011999313719570637,0.5708726048469543,1,3.4677422046661377,5,13466,0,1,0,1,1.0,1,1,479,1.0,0.0,1,8,6,2147483693,-1,1,0,48,48,48,48,48,48,48,48,0,0,0,33,16,255,16,1,255,1,1,255,1,2,74.79914093017578,99.28765869140625,0.14552940428256989,0.008394279517233372,0.5354947447776794,0.33339783549308777,-0.9427815675735474,-0.0029775244183838367,0.040883276611566544,48.0,0.018396005034446716,44.0,0.001970931887626648,-7.741153240203857e-05,abort_land,3.4416422843933105,0.006836272310465574,-0.0032054660841822624,0.09754776209592819,-0.006567180156707764,-1.0105984210968018,0.5593188405036926
0.09754776209592819,-0.006567180156707764,0.0,0.17347123406150128,289,1785417129.002468,0.0,0.10147862881422043,-0.011999313719570637,0.5708726048469543,1,3.4677422046661377,5,13466,0,1,0,1,1.0,1,1,479,1.0,0.0,1,8,6,2147483693,-1,1,0,48,48,48,48,48,48,48,48,0,0,0,33,16,255,16,1,255,1,1,255,1,2,74.79914093017578,99.28765869140625,0.14552940428256989,0.008394279517233372,0.5354947447776794,0.33339783549308777,-0.9427815675735474,-0.0029775244183838367,0.040883276611566544,48.0,0.018396005034446716,44.0,0.001970931887626648,-7.741153240203857e-05,abort_land,3.4416422843933105,0.006836272310465574,-0.0032054660841822624,0.09754776209592819,-0.006567180156707764,-1.0105984210968018,0.5593188405036926
0.09754776209592819,-0.006567180156707764,0.0,0.16832659930893873,289,1785417129.027253,0.0,0.10147862881422043,-0.011999313719570637,0.5708726048469543,1,3.4677422046661377,5,13466,0,1,0,1,1.0,1,1,479,1.0,0.0,1,8,6,2147483693,-1,1,0,48,48,48,48,48,48,48,48,0,0,0,33,16,255,16,1,255,1,1,255,1,2,74.79914093017578,99.28765869140625,0.14552940428256989,0.008394279517233372,0.5354947447776794,0.33339783549308777,-0.9427815675735474,-0.0029775244183838367,0.040883276611566544,48.0,0.018396005034446716,44.0,0.001970931887626648,-7.741153240203857e-05,abort_land,3.4416422843933105,0.006836272310465574,-0.0032054660841822624,0.09754776209592819,-0.006567180156707764,-1.0105984210968018,0.5593188405036926
0.09754776209592819,-0.006567180156707764,0.0,0.16318196455637618,289,1785417129.050008,0.0,0.10147862881422043,-0.011999313719570637,0.5708726048469543,1,3.4677422046661377,5,13466,0,1,0,1,1.0,1,1,479,1.0,0.0,1,8,6,2147483693,-1,1,0,48,48,48,48,48,48,48,48,0,0,0,33,16,255,16,1,255,1,1,255,1,2,74.79914093017578,99.28765869140625,0.14552940428256989,0.008394279517233372,0.5354947447776794,0.33339783549308777,-0.9427815675735474,-0.0029775244183838367,0.040883276611566544,48.0,0.018396005034446716,44.0,0.001970931887626648,-7.741153240203857e-05,abort_land,3.4416422843933105,0.006836272310465574,-0.0032054660841822624,0.09754776209592819,-0.006567180156707764,-1.0105984210968018,0.5593188405036926
0.09754776209592819,-0.006567180156707764,0.0,0.15803732980381363,289,1785417129.074624,0.0,0.10147862881422043,-0.011999313719570637,0.5708726048469543,1,3.4677422046661377,5,13466,0,1,0,1,1.0,1,1,479,1.0,0.0,1,8,6,2147483693,-1,1,0,48,48,48,48,48,48,48,48,0,0,0,33,16,255,16,1,255,1,1,255,1,2,74.79914093017578,99.28765869140625,0.14552940428256989,0.008394279517233372,0.5354947447776794,0.33339783549308777,-0.9427815675735474,-0.0029775244183838367,0.040883276611566544,48.0,0.018396005034446716,44.0,0.001970931887626648,-7.741153240203857e-05,abort_land,3.4416422843933105,0.006836272310465574,-0.0032054660841822624,0.09754776209592819,-0.006567180156707764,-1.0105984210968018,0.5593188405036926
0.09754776209592819,-0.006567180156707764,0.0,0.15289269505125108,289,1785417129.094769,0.0,0.10147862881422043,-0.011999313719570637,0.5708726048469543,1,3.4677422046661377,5,13466,0,1,0,1,1.0,1,1,479,1.0,0.0,1,8,6,2147483693,-1,1,0,48,48,48,48,48,48,48,48,0,0,0,33,16,255,16,1,255,1,1,255,1,2,74.79914093017578,99.28765869140625,0.14552940428256989,0.008394279517233372,0.5354947447776794,0.33339783549308777,-0.9427815675735474,-0.0029775244183838367,0.040883276611566544,48.0,0.018396005034446716,44.0,0.001970931887626648,-7.741153240203857e-05,abort_land,3.4416422843933105,0.006836272310465574,-0.0032054660841822624,0.09754776209592819,-0.006567180156707764,-1.0105984210968018,0.5593188405036926
0.09754776209592819,-0.006567180156707764,0.0,0.14774806029868853,289,1785417129.1179452,0.0,0.10147862881422043,-0.011999313719570637,0.5708726048469543,1,3.4677422046661377,5,13466,0,1,0,1,1.0,1,1,479,1.0,0.0,1,8,6,2147483693,-1,1,0,48,48,48,48,48,48,48,48,0,0,0,33,16,255,16,1,255,1,1,255,1,2,74.79914093017578,99.28765869140625,0.14552940428256989,0.008394279517233372,0.5354947447776794,0.33339783549308777,-0.9427815675735474,-0.0029775244183838367,0.040883276611566544,48.0,0.018396005034446716,44.0,0.001970931887626648,-7.741153240203857e-05,abort_land,3.4416422843933105,0.006836272310465574,-0.0032054660841822624,0.09754776209592819,-0.006567180156707764,-1.0105984210968018,0.5593188405036926
0.09754776209592819,-0.006567180156707764,0.0,0.14260342554612593,289,1785417129.141841,0.0,0.10147862881422043,-0.011999313719570637,0.5708726048469543,1,3.4677422046661377,5,13466,0,1,0,1,1.0,1,1,479,1.0,0.0,1,8,6,2147483693,-1,1,0,48,48,48,48,48,48,48,48,0,0,0,33,16,255,16,1,255,1,1,255,1,2,74.79914093017578,99.28765869140625,0.14552940428256989,0.008394279517233372,0.5354947447776794,0.33339783549308777,-0.9427815675735474,-0.0029775244183838367,0.040883276611566544,48.0,0.018396005034446716,44.0,0.001970931887626648,-7.741153240203857e-05,abort_land,3.4416422843933105,0.006836272310465574,-0.0032054660841822624,0.09754776209592819,-0.006567180156707764,-1.0105984210968018,0.5593188405036926
0.09754776209592819,-0.006567180156707764,0.0,0.13745879079356343,289,1785417129.165896,0.0,0.10147862881422043,-0.011999313719570637,0.5708726048469543,1,3.4677422046661377,5,13466,0,1,0,1,1.0,1,1,479,1.0,0.0,1,8,6,2147483693,-1,1,0,48,48,48,48,48,48,48,48,0,0,0,33,16,255,16,1,255,1,1,255,1,2,74.79914093017578,99.28765869140625,0.14552940428256989,0.008394279517233372,0.5354947447776794,0.33339783549308777,-0.9427815675735474,-0.0029775244183838367,0.040883276611566544,48.0,0.018396005034446716,44.0,0.001970931887626648,-7.741153240203857e-05,abort_land,3.4416422843933105,0.006836272310465574,-0.0032054660841822624,0.09754776209592819,-0.006567180156707764,-1.0105984210968018,0.5593188405036926
0.09754776209592819,-0.006567180156707764,0.0,0.13231415604100089,289,1785417129.187022,0.0,0.10147862881422043,-0.011999313719570637,0.5708726048469543,1,3.4677422046661377,5,13466,0,1,0,1,1.0,1,1,479,1.0,0.0,1,8,6,2147483693,-1,1,0,48,48,48,48,48,48,48,48,0,0,0,33,16,255,16,1,255,1,1,255,1,2,74.79914093017578,99.28765869140625,0.14552940428256989,0.008394279517233372,0.5354947447776794,0.33339783549308777,-0.9427815675735474,-0.0029775244183838367,0.040883276611566544,48.0,0.018396005034446716,44.0,0.001970931887626648,-7.741153240203857e-05,abort_land,3.4416422843933105,0.006836272310465574,-0.0032054660841822624,0.09754776209592819,-0.006567180156707764,-1.0105984210968018,0.5593188405036926
0.09754776209592819,-0.006567180156707764,0.0,0.12716952128843828,289,1785417129.210996,0.0,0.10147862881422043,-0.011999313719570637,0.5708726048469543,1,3.4677422046661377,5,13466,0,1,0,1,1.0,1,1,479,1.0,0.0,1,8,6,2147483693,-1,1,0,48,48,48,48,48,48,48,48,0,0,0,33,16,255,16,1,255,1,1,255,1,2,74.79914093017578,99.28765869140625,0.14552940428256989,0.008394279517233372,0.5354947447776794,0.33339783549308777,-0.9427815675735474,-0.0029775244183838367,0.040883276611566544,48.0,0.018396005034446716,44.0,0.001970931887626648,-7.741153240203857e-05,abort_land,3.4416422843933105,0.006836272310465574,-0.0032054660841822624,0.09754776209592819,-0.006567180156707764,-1.0105984210968018,0.5593188405036926
0.09754776209592819,-0.006567180156707764,0.0,0.12202488653587579,289,1785417129.234151,0.0,0.10147862881422043,-0.011999313719570637,0.5708726048469543,1,3.4677422046661377,5,13466,0,1,0,1,1.0,1,1,479,1.0,0.0,1,8,6,2147483693,-1,1,0,48,48,48,48,48,48,48,48,0,0,0,33,16,255,16,1,255,1,1,255,1,2,74.79914093017578,99.28765869140625,0.14552940428256989,0.008394279517233372,0.5354947447776794,0.33339783549308777,-0.9427815675735474,-0.0029775244183838367,0.040883276611566544,48.0,0.018396005034446716,44.0,0.001970931887626648,-7.741153240203857e-05,abort_land,3.4416422843933105,0.006836272310465574,-0.0032054660841822624,0.09754776209592819,-0.006567180156707764,-1.0105984210968018,0.5593188405036926
0.09754776209592819,-0.006567180156707764,0.0,0.11688025178331318,289,1785417129.258097,0.0,0.10147862881422043,-0.011999313719570637,0.5708726048469543,1,3.4677422046661377,5,13466,0,1,0,1,1.0,1,1,479,1.0,0.0,1,8,6,2147483693,-1,1,0,48,48,48,48,48,48,48,48,0,0,0,33,16,255,16,1,255,1,1,255,1,2,74.79914093017578,99.28765869140625,0.14552940428256989,0.008394279517233372,0.5354947447776794,0.33339783549308777,-0.9427815675735474,-0.0029775244183838367,0.040883276611566544,48.0,0.018396005034446716,44.0,0.001970931887626648,-7.741153240203857e-05,abort_land,3.4416422843933105,0.006836272310465574,-0.0032054660841822624,0.09754776209592819,-0.006567180156707764,-1.0105984210968018,0.5593188405036926
0.09754776209592819,-0.006567180156707764,0.0,0.11173561703075069,289,1785417129.27921,0.0,0.10147862881422043,-0.011999313719570637,0.5708726048469543,1,3.4677422046661377,5,13466,0,1,0,1,1.0,1,1,479,1.0,0.0,1,8,6,2147483693,-1,1,0,48,48,48,48,48,48,48,48,0,0,0,33,16,255,16,1,255,1,1,255,1,2,74.79914093017578,99.28765869140625,0.14552940428256989,0.008394279517233372,0.5354947447776794,0.33339783549308777,-0.9427815675735474,-0.0029775244183838367,0.040883276611566544,48.0,0.018396005034446716,44.0,0.001970931887626648,-7.741153240203857e-05,abort_land,3.4416422843933105,0.006836272310465574,-0.0032054660841822624,0.09754776209592819,-0.006567180156707764,-1.0105984210968018,0.5593188405036926
0.09754776209592819,-0.006567180156707764,0.0,0.10659098227818814,289,1785417129.305582,0.0,0.10147862881422043,-0.011999313719570637,0.5708726048469543,1,3.4677422046661377,5,13466,0,1,0,1,1.0,1,1,479,1.0,0.0,1,8,6,2147483693,-1,1,0,48,48,48,48,48,48,48,48,0,0,0,33,16,255,16,1,255,1,1,255,1,2,74.79914093017578,99.28765869140625,0.14552940428256989,0.008394279517233372,0.5354947447776794,0.33339783549308777,-0.9427815675735474,-0.0029775244183838367,0.040883276611566544,48.0,0.018396005034446716,44.0,0.001970931887626648,-7.741153240203857e-05,abort_land,3.4416422843933105,0.006836272310465574,-0.0032054660841822624,0.09754776209592819,-0.006567180156707764,-1.0105984210968018,0.5593188405036926
0.09754776209592819,-0.006567180156707764,0.0,0.10144634752562554,289,1785417129.329507,0.0,0.10147862881422043,-0.011999313719570637,0.5708726048469543,1,3.4677422046661377,5,13466,0,1,0,1,1.0,1,1,479,1.0,0.0,1,8,6,2147483693,-1,1,0,48,48,48,48,48,48,48,48,0,0,0,33,16,255,16,1,255,1,1,255,1,2,74.79914093017578,99.28765869140625,0.14552940428256989,0.008394279517233372,0.5354947447776794,0.33339783549308777,-0.9427815675735474,-0.0029775244183838367,0.040883276611566544,48.0,0.018396005034446716,44.0,0.001970931887626648,-7.741153240203857e-05,abort_land,3.4416422843933105,0.006836272310465574,-0.0032054660841822624,0.09754776209592819,-0.006567180156707764,-1.0105984210968018,0.5593188405036926
0.09754776209592819,-0.006567180156707764,0.0,0.09630171277306304,289,1785417129.354652,0.0,0.10147862881422043,-0.011999313719570637,0.5708726048469543,1,3.4677422046661377,5,13466,0,1,0,1,1.0,1,1,479,1.0,0.0,1,8,6,2147483693,-1,1,0,48,48,48,48,48,48,48,48,0,0,0,33,16,255,16,1,255,1,1,255,1,2,74.79914093017578,99.28765869140625,0.14552940428256989,0.008394279517233372,0.5354947447776794,0.33339783549308777,-0.9427815675735474,-0.0029775244183838367,0.040883276611566544,48.0,0.018396005034446716,44.0,0.001970931887626648,-7.741153240203857e-05,abort_land,3.4416422843933105,0.006836272310465574,-0.0032054660841822624,0.09754776209592819,-0.006567180156707764,-1.0105984210968018,0.5593188405036926
0.09754776209592819,-0.006567180156707764,0.0,0.09115707802050044,289,1785417129.377393,0.0,0.10147862881422043,-0.011999313719570637,0.5708726048469543,1,3.4677422046661377,5,13466,0,1,0,1,1.0,1,1,479,1.0,0.0,1,8,6,2147483693,-1,1,0,48,48,48,48,48,48,48,48,0,0,0,33,16,255,16,1,255,1,1,255,1,2,74.79914093017578,99.28765869140625,0.14552940428256989,0.008394279517233372,0.5354947447776794,0.33339783549308777,-0.9427815675735474,-0.0029775244183838367,0.040883276611566544,48.0,0.018396005034446716,44.0,0.001970931887626648,-7.741153240203857e-05,abort_land,3.4416422843933105,0.006836272310465574,-0.0032054660841822624,0.09754776209592819,-0.006567180156707764,-1.0105984210968018,0.5593188405036926
0.09754776209592819,-0.006567180156707764,0.0,0.08601244326793789,289,1785417129.407097,0.0,0.10147862881422043,-0.011999313719570637,0.5708726048469543,1,3.4677422046661377,5,13466,0,1,0,1,1.0,1,1,479,1.0,0.0,1,8,6,2147483693,-1,1,0,48,48,48,48,48,48,48,48,0,0,0,33,16,255,16,1,255,1,1,255,1,2,74.79914093017578,99.28765869140625,0.14552940428256989,0.008394279517233372,0.5354947447776794,0.33339783549308777,-0.9427815675735474,-0.0029775244183838367,0.040883276611566544,48.0,0.018396005034446716,44.0,0.001970931887626648,-7.741153240203857e-05,abort_land,3.4416422843933105,0.006836272310465574,-0.0032054660841822624,0.09754776209592819,-0.006567180156707764,-1.0105984210968018,0.5593188405036926
0.09754776209592819,-0.006567180156707764,0.0,0.08086780851537534,289,1785417129.430785,0.0,0.10147862881422043,-0.011999313719570637,0.5708726048469543,1,3.4677422046661377,5,13466,0,1,0,1,1.0,1,1,479,1.0,0.0,1,8,6,2147483693,-1,1,0,48,48,48,48,48,48,48,48,0,0,0,33,16,255,16,1,255,1,1,255,1,2,74.79914093017578,99.28765869140625,0.14552940428256989,0.008394279517233372,0.5354947447776794,0.33339783549308777,-0.9427815675735474,-0.0029775244183838367,0.040883276611566544,48.0,0.018396005034446716,44.0,0.001970931887626648,-7.741153240203857e-05,abort_land,3.4416422843933105,0.006836272310465574,-0.0032054660841822624,0.09754776209592819,-0.006567180156707764,-1.0105984210968018,0.5593188405036926
0.09754776209592819,-0.006567180156707764,0.0,0.07572317376281279,289,1785417129.453931,0.0,0.10147862881422043,-0.011999313719570637,0.5708726048469543,1,3.4677422046661377,5,13466,0,1,0,1,1.0,1,1,479,1.0,0.0,1,8,6,2147483693,-1,1,0,48,48,48,48,48,48,48,48,0,0,0,33,16,255,16,1,255,1,1,255,1,2,74.79914093017578,99.28765869140625,0.14552940428256989,0.008394279517233372,0.5354947447776794,0.33339783549308777,-0.9427815675735474,-0.0029775244183838367,0.040883276611566544,48.0,0.018396005034446716,44.0,0.001970931887626648,-7.741153240203857e-05,abort_land,3.4416422843933105,0.006836272310465574,-0.0032054660841822624,0.09754776209592819,-0.006567180156707764,-1.0105984210968018,0.5593188405036926
0.09754776209592819,-0.006567180156707764,0.0,0.0705785390102503,289,1785417129.476646,0.0,0.10147862881422043,-0.011999313719570637,0.5708726048469543,1,3.4677422046661377,5,13466,0,1,0,1,1.0,1,1,479,1.0,0.0,1,8,6,2147483693,-1,1,0,48,48,48,48,48,48,48,48,0,0,0,33,16,255,16,1,255,1,1,255,1,2,74.79914093017578,99.28765869140625,0.14552940428256989,0.008394279517233372,0.5354947447776794,0.33339783549308777,-0.9427815675735474,-0.0029775244183838367,0.040883276611566544,48.0,0.018396005034446716,44.0,0.001970931887626648,-7.741153240203857e-05,abort_land,3.4416422843933105,0.006836272310465574,-0.0032054660841822624,0.09754776209592819,-0.006567180156707764,-1.0105984210968018,0.5593188405036926
0.09754776209592819,-0.006567180156707764,0.0,0.06543390425768769,289,1785417129.500064,0.0,0.10147862881422043,-0.011999313719570637,0.5708726048469543,1,3.4677422046661377,5,13466,0,1,0,1,1.0,1,1,479,1.0,0.0,1,8,6,2147483693,-1,1,0,48,48,48,48,48,48,48,48,0,0,0,33,16,255,16,1,255,1,1,255,1,2,74.79914093017578,99.28765869140625,0.14552940428256989,0.008394279517233372,0.5354947447776794,0.33339783549308777,-0.9427815675735474,-0.0029775244183838367,0.040883276611566544,48.0,0.018396005034446716,44.0,0.001970931887626648,-7.741153240203857e-05,abort_land,3.4416422843933105,0.006836272310465574,-0.0032054660841822624,0.09754776209592819,-0.006567180156707764,-1.0105984210968018,0.5593188405036926
0.09754776209592819,-0.006567180156707764,0.0,0.06028926950512514,289,1785417129.521228,0.0,0.10147862881422043,-0.011999313719570637,0.5708726048469543,1,3.4677422046661377,5,13466,0,1,0,1,1.0,1,1,479,1.0,0.0,1,8,6,2147483693,-1,1,0,48,48,48,48,48,48,48,48,0,0,0,33,16,255,16,1,255,1,1,255,1,2,74.79914093017578,99.28765869140625,0.14552940428256989,0.008394279517233372,0.5354947447776794,0.33339783549308777,-0.9427815675735474,-0.0029775244183838367,0.040883276611566544,48.0,0.018396005034446716,44.0,0.001970931887626648,-7.741153240203857e-05,abort_land,3.4416422843933105,0.006836272310465574,-0.0032054660841822624,0.09754776209592819,-0.006567180156707764,-1.0105984210968018,0.5593188405036926
0.09754776209592819,-0.006567180156707764,0.0,0.055144634752562594,289,1785417129.542204,0.0,0.10147862881422043,-0.011999313719570637,0.5708726048469543,1,3.4677422046661377,5,13466,0,1,0,1,1.0,1,1,479,1.0,0.0,1,8,6,2147483693,-1,1,0,48,48,48,48,48,48,48,48,0,0,0,33,16,255,16,1,255,1,1,255,1,2,74.79914093017578,99.28765869140625,0.14552940428256989,0.008394279517233372,0.5354947447776794,0.33339783549308777,-0.9427815675735474,-0.0029775244183838367,0.040883276611566544,48.0,0.018396005034446716,44.0,0.001970931887626648,-7.741153240203857e-05,abort_land,3.4416422843933105,0.006836272310465574,-0.0032054660841822624,0.09754776209592819,-0.006567180156707764,-1.0105984210968018,0.5593188405036926
0.09754776209592819,-0.006567180156707764,0.0,0.050000000000000044,289,1785417129.5627918,0.0,0.10147862881422043,-0.011999313719570637,0.5708726048469543,1,3.4677422046661377,5,13466,0,1,0,1,1.0,1,1,479,1.0,0.0,1,8,6,2147483693,-1,1,0,48,48,48,48,48,48,48,48,0,0,0,33,16,255,16,1,255,1,1,255,1,2,74.79914093017578,99.28765869140625,0.14552940428256989,0.008394279517233372,0.5354947447776794,0.33339783549308777,-0.9427815675735474,-0.0029775244183838367,0.040883276611566544,48.0,0.018396005034446716,44.0,0.001970931887626648,-7.741153240203857e-05,abort_land,3.4416422843933105,0.006836272310465574,-0.0032054660841822624,0.09754776209592819,-0.006567180156707764,-1.0105984210968018,0.5593188405036926
