cmd_x,cmd_y,cmd_yaw_deg,cmd_z,host_time,mpcDiag.outVio,mpcDiag.outX,mpcDiag.outY,mpcDiag.outZ,mpcDiag.safe,mpcDiag.yawCmd,obs.iter,obs.mpcUs,phase,pm.vbat,stateEstimate.vx,stateEstimate.vy,stateEstimate.x,stateEstimate.y,stateEstimate.yaw,stateEstimate.z,testPlane.applied,testPlane.ax,testPlane.ay,testPlane.az,testPlane.b,testPlane.nCstr,testPlane.valid,testPlane.worstK,testPlaneVio.output,testPlaneVio.plan,testPlaneVio.state
0.0,0.0,0.0,0.05,1785360777.437818,0.0,0.0,0.0,0.0,0,0.0,0,0,takeoff,3.9114370346069336,-0.005169968120753765,0.007452009711414576,-0.00017826141265686601,0.0009075473644770682,0.010431267321109772,0.011331849731504917,0,0.0,0.0,0.0,0.0,0,0,0,0.0,0.0,0.0
0.0,0.0,0.0,0.05454545454545455,1785360777.462749,0.0,0.0,0.0,0.0,0,0.0,0,0,takeoff,3.9114370346069336,-0.005169968120753765,0.007452009711414576,-0.00017826141265686601,0.0009075473644770682,0.010431267321109772,0.011331849731504917,0,0.0,0.0,0.0,0.0,0,0,0,0.0,0.0,0.0
0.0,0.0,0.0,0.0590909090909091,1785360777.4831412,0.0,0.0,0.0,0.0,0,0.0,0,0,takeoff,3.9114370346069336,-0.0038703486789017916,-0.0021584813948720694,0.0004088996211066842,-0.0005568425985984504,0.013740959577262402,0.012978182174265385,0,0.0,0.0,0.0,0.0,0,0,0,0.0,0.0,0.0
0.0,0.0,0.0,0.06363636363636364,1785360777.5044212,0.0,0.0,0.0,0.0,0,0.0,0,0,takeoff,3.695014715194702,-0.0038703486789017916,-0.0021584813948720694,0.0004088996211066842,-0.0005568425985984504,0.013740959577262402,0.012978182174265385,0,0.0,0.0,0.0,0.0,0,0,0,0.0,0.0,0.0
0.0,0.0,0.0,0.06818181818181819,1785360777.526832,0.0,0.0,0.0,0.0,0,0.0,0,0,takeoff,3.695014715194702,-0.0038703486789017916,-0.0021584813948720694,0.0004088996211066842,-0.0005568425985984504,0.013740959577262402,0.012978182174265385,0,0.0,0.0,0.0,0.0,0,0,0,0.0,0.0,0.0
0.0,0.0,0.0,0.07272727272727272,1785360777.551834,0.0,0.0,0.0,0.0,0,0.0,0,0,takeoff,3.695014715194702,-0.007761018350720406,-0.0065710172057151794,0.0001188396054203622,-0.0008706895750947297,0.016689853742718697,0.012375976890325546,0,0.0,0.0,0.0,0.0,0,0,0,0.0,0.0,0.0
0.0,0.0,0.0,0.07727272727272727,1785360777.571977,0.0,0.0,0.0,0.0,0,0.0,0,0,takeoff,3.695014715194702,-0.007761018350720406,-0.0065710172057151794,0.0001188396054203622,-0.0008706895750947297,0.016689853742718697,0.012375976890325546,0,0.0,0.0,0.0,0.0,0,0,0,0.0,0.0,0.0
0.0,0.0,0.0,0.08181818181818182,1785360777.5941,0.0,0.0,0.0,0.0,0,0.0,0,0,takeoff,3.7847506999969482,-0.014738705940544605,-0.007605512160807848,-0.0007968935533426702,-0.0006718413205817342,0.0841703712940216,0.01178785227239132,0,0.0,0.0,0.0,0.0,0,0,0,0.0,0.0,0.0
0.0,0.0,0.0,0.08636363636363636,1785360777.617921,0.0,0.0,0.0,0.0,0,0.0,0,0,takeoff,3.7847506999969482,-0.014738705940544605,-0.007605512160807848,-0.0007968935533426702,-0.0006718413205817342,0.0841703712940216,0.01178785227239132,0,0.0,0.0,0.0,0.0,0,0,0,0.0,0.0,0.0
0.0,0.0,0.0,0.09090909090909091,1785360777.642952,0.0,0.0,0.0,0.0,0,0.0,0,0,takeoff,3.7847506999969482,-0.03611069917678833,-0.01790633611381054,-0.0050708232447505,-0.0025790815707296133,0.133014976978302,0.011350255459547043,0,0.0,0.0,0.0,0.0,0,0,0,0.0,0.0,0.0
0.0,0.0,0.0,0.09545454545454546,1785360777.664911,0.0,0.0,0.0,0.0,0,0.0,0,0,takeoff,3.7847506999969482,-0.03611069917678833,-0.01790633611381054,-0.0050708232447505,-0.0025790815707296133,0.133014976978302,0.011350255459547043,0,0.0,0.0,0.0,0.0,0,0,0,0.0,0.0,0.0
0.0,0.0,0.0,0.1,1785360777.685044,0.0,0.0,0.0,0.0,0,0.0,0,0,takeoff,3.7847506999969482,-0.052362553775310516,-0.032012443989515305,-0.009095517918467522,-0.0053925421088933945,0.17292188107967377,0.012739282101392746,0,0.0,0.0,0.0,0.0,0,0,0,0.0,0.0,0.0
0.0,0.0,0.0,0.10454545454545455,1785360777.707102,0.0,0.0,0.0,0.0,0,0.0,0,0,takeoff,3.7847506999969482,-0.052362553775310516,-0.032012443989515305,-0.009095517918467522,-0.0053925421088933945,0.17292188107967377,0.012739282101392746,0,0.0,0.0,0.0,0.0,0,0,0,0.0,0.0,0.0
0.0,0.0,0.0,0.1090909090909091,1785360777.732167,0.0,0.0,0.0,0.0,0,0.0,0,0,takeoff,3.7847506999969482,-0.08732704818248749,-0.029757730662822723,-0.017843743786215782,-0.006098836660385132,0.36723458766937256,0.012253341265022755,0,0.0,0.0,0.0,0.0,0,0,0,0.0,0.0,0.0
0.0,0.0,0.0,0.11363636363636363,1785360777.754029,0.0,0.0,0.0,0.0,0,0.0,0,0,takeoff,3.7847506999969482,-0.08732704818248749,-0.029757730662822723,-0.017843743786215782,-0.006098836660385132,0.36723458766937256,0.012253341265022755,0,0.0,0.0,0.0,0.0,0,0,0,0.0,0.0,0.0
0.0,0.0,0.0,0.1181818181818182,1785360777.7748349,0.0,0.0,0.0,0.0,0,0.0,0,0,takeoff,3.7847506999969482,-0.08732704818248749,-0.029757730662822723,-0.017843743786215782,-0.006098836660385132,0.36723458766937256,0.012253341265022755,0,0.0,0.0,0.0,0.0,0,0,0,0.0,0.0,0.0
0.0,0.0,0.0,0.12272727272727274,1785360777.7952268,0.0,0.0,0.0,0.0,0,0.0,0,0,takeoff,3.774193525314331,-0.08706173300743103,-0.02488284558057785,-0.021287893876433372,-0.006636208854615688,0.5963881015777588,0.011563130654394627,0,0.0,0.0,0.0,0.0,0,0,0,0.0,0.0,0.0
0.0,0.0,0.0,0.12727272727272726,1785360777.81985,0.0,0.0,0.0,0.0,0,0.0,0,0,takeoff,3.774193525314331,-0.08706173300743103,-0.02488284558057785,-0.021287893876433372,-0.006636208854615688,0.5963881015777588,0.011563130654394627,0,0.0,0.0,0.0,0.0,0,0,0,0.0,0.0,0.0
0.0,0.0,0.0,0.13181818181818183,1785360777.8440452,0.0,0.0,0.0,0.0,0,0.0,0,0,takeoff,3.774193525314331,-0.08590175211429596,-0.08786588907241821,-0.02561812475323677,-0.02068232372403145,0.7180095911026001,0.010314129292964935,0,0.0,0.0,0.0,0.0,0,0,0,0.0,0.0,0.0
0.0,0.0,0.0,0.13636363636363635,1785360777.868865,0.0,0.0,0.0,0.0,0,0.0,0,0,takeoff,3.774193525314331,-0.08590175211429596,-0.08786588907241821,-0.02561812475323677,-0.02068232372403145,0.7180095911026001,0.010314129292964935,0,0.0,0.0,0.0,0.0,0,0,0,0.0,0.0,0.0
0.0,0.0,0.0,0.14090909090909093,1785360777.8943071,0.0,0.0,0.0,0.0,0,0.0,0,0,takeoff,3.7689149379730225,-0.029950691387057304,-0.1428714394569397,-0.020908094942569733,-0.03607760742306709,0.8105288743972778,0.008964493870735168,0,0.0,0.0,0.0,0.0,0,0,0,0.0,0.0,0.0
0.0,0.0,0.0,0.14545454545454545,1785360777.915034,0.0,0.0,0.0,0.0,0,0.0,0,0,takeoff,3.7689149379730225,-0.029950691387057304,-0.1428714394569397,-0.020908094942569733,-0.03607760742306709,0.8105288743972778,0.008964493870735168,0,0.0,0.0,0.0,0.0,0,0,0,0.0,0.0,0.0
0.0,0.0,0.0,0.15,1785360777.937738,0.0,0.0,0.0,0.0,0,0.0,0,0,takeoff,3.7689149379730225,0.06100229546427727,-0.1517772674560547,-0.007614749483764172,-0.04638389125466347,0.9503279328346252,0.004861528053879738,0,0.0,0.0,0.0,0.0,0,0,0,0.0,0.0,0.0
0.0,0.0,0.0,0.15454545454545454,1785360777.957849,0.0,0.0,0.0,0.0,0,0.0,0,0,takeoff,3.7689149379730225,0.06100229546427727,-0.1517772674560547,-0.007614749483764172,-0.04638389125466347,0.9503279328346252,0.004861528053879738,0,0.0,0.0,0.0,0.0,0,0,0,0.0,0.0,0.0
0.0,0.0,0.0,0.15909090909090912,1785360777.979419,0.0,0.0,0.0,0.0,0,0.0,0,0,takeoff,3.7689149379730225,0.14909221231937408,-0.11783162504434586,0.009590718895196915,-0.0505971685051918,1.168005347251892,0.001695798011496663,0,0.0,0.0,0.0,0.0,0,0,0,0.0,0.0,0.0
0.0,0.0,0.0,0.16363636363636364,1785360778.0019011,0.0,0.0,0.0,0.0,0,0.0,0,0,takeoff,3.7530791759490967,0.14909221231937408,-0.11783162504434586,0.009590718895196915,-0.0505971685051918,1.168005347251892,0.001695798011496663,0,0.0,0.0,0.0,0.0,0,0,0,0.0,0.0,0.0
0.0,0.0,0.0,0.1681818181818182,1785360778.022848,0.0,0.0,0.0,0.0,0,0.0,0,0,takeoff,3.7530791759490967,0.14909221231937408,-0.11783162504434586,0.009590718895196915,-0.0505971685051918,1.168005347251892,0.001695798011496663,0,0.0,0.0,0.0,0.0,0,0,0,0.0,0.0,0.0
0.0,0.0,0.0,0.17272727272727273,1785360778.046056,0.0,0.0,0.0,0.0,0,0.0,0,0,takeoff,3.7530791759490967,0.19517028331756592,-0.0306294746696949,0.024722376838326454,-0.04440845549106598,1.302724003791809,0.0017638590652495623,0,0.0,0.0,0.0,0.0,0,0,0,0.0,0.0,0.0
0.0,0.0,0.0,0.17727272727272725,1785360778.067869,0.0,0.0,0.0,0.0,0,0.0,0,0,takeoff,3.7530791759490967,0.19517028331756592,-0.0306294746696949,0.024722376838326454,-0.04440845549106598,1.302724003791809,0.0017638590652495623,0,0.0,0.0,0.0,0.0,0,0,0,0.0,0.0,0.0
0.0,0.0,0.0,0.18181818181818182,1785360778.088824,0.0,0.0,0.0,0.0,0,0.0,0,0,takeoff,3.747800588607788,0.1731441468000412,0.052988309413194656,0.031339000910520554,-0.03618068993091583,1.3386118412017822,0.007492137141525745,0,0.0,0.0,0.0,0.0,0,0,0,0.0,0.0,0.0
0.0,0.0,0.0,0.1863636363636364,1785360778.112727,0.0,0.0,0.0,0.0,0,0.0,0,0,takeoff,3.747800588607788,0.1731441468000412,0.052988309413194656,0.031339000910520554,-0.03618068993091583,1.3386118412017822,0.007492137141525745,0,0.0,0.0,0.0,0.0,0,0,0,0.0,0.0,0.0
0.0,0.0,0.0,0.19090909090909092,1785360778.1340008,0.0,0.0,0.0,0.0,0,0.0,0,0,takeoff,3.747800588607788,0.1364876627922058,0.13128432631492615,0.03522824868559837,-0.024260956794023514,1.3757374286651611,0.016534730792045593,0,0.0,0.0,0.0,0.0,0,0,0,0.0,0.0,0.0
0.0,0.0,0.0,0.1954545454545455,1785360778.1560562,0.0,0.0,0.0,0.0,0,0.0,0,0,takeoff,3.747800588607788,0.1364876627922058,0.13128432631492615,0.03522824868559837,-0.024260956794023514,1.3757374286651611,0.016534730792045593,0,0.0,0.0,0.0,0.0,0,0,0,0.0,0.0,0.0
0.0,0.0,0.0,0.2,1785360778.1781251,0.0,0.0,0.0,0.0,0,0.0,0,0,takeoff,3.747800588607788,0.1364876627922058,0.13128432631492615,0.03522824868559837,-0.024260956794023514,1.3757374286651611,0.016534730792045593,0,0.0,0.0,0.0,0.0,0,0,0,0.0,0.0,0.0
0.0,0.0,0.0,0.20454545454545453,1785360778.2012448,0.0,0.0,0.0,0.0,0,0.0,0,0,takeoff,3.763636350631714,0.07981440424919128,0.19505131244659424,0.037536393851041794,-0.009858577512204647,1.3755518198013306,0.02713698334991932,0,0.0,0.0,0.0,0.0,0,0,0,0.0,0.0,0.0
0.0,0.0,0.0,0.2090909090909091,1785360778.221914,0.0,0.0,0.0,0.0,0,0.0,0,0,takeoff,3.763636350631714,0.07981440424919128,0.19505131244659424,0.037536393851041794,-0.009858577512204647,1.3755518198013306,0.02713698334991932,0,0.0,0.0,0.0,0.0,0,0,0,0.0,0.0,0.0
0.0,0.0,0.0,0.21363636363636362,1785360778.243892,0.0,0.0,0.0,0.0,0,0.0,0,0,takeoff,3.763636350631714,0.008909140713512897,0.21758581697940826,0.03533951938152313,0.002487202873453498,1.2424627542495728,0.04035264998674393,0,0.0,0.0,0.0,0.0,0,0,0,0.0,0.0,0.0
0.0,0.0,0.0,0.2181818181818182,1785360778.2688699,0.0,0.0,0.0,0.0,0,0.0,0,0,takeoff,3.763636350631714,0.008909140713512897,0.21758581697940826,0.03533951938152313,0.002487202873453498,1.2424627542495728,0.04035264998674393,0,0.0,0.0,0.0,0.0,0,0,0,0.0,0.0,0.0
0.0,0.0,0.0,0.22272727272727272,1785360778.293697,0.0,0.0,0.0,0.0,0,0.0,0,0,takeoff,3.7689149379730225,-0.06831695139408112,0.21344926953315735,0.028249207884073257,0.014199389144778252,1.0978754758834839,0.061100561171770096,0,0.0,0.0,0.0,0.0,0,0,0,0.0,0.0,0.0
0.0,0.0,0.0,0.2272727272727273,1785360778.314819,0.0,0.0,0.0,0.0,0,0.0,0,0,takeoff,3.7689149379730225,-0.06831695139408112,0.21344926953315735,0.028249207884073257,0.014199389144778252,1.0978754758834839,0.061100561171770096,0,0.0,0.0,0.0,0.0,0,0,0,0.0,0.0,0.0
0.0,0.0,0.0,0.2318181818181818,1785360778.337127,0.0,0.0,0.0,0.0,0,0.0,0,0,takeoff,3.7689149379730225,-0.1304788440465927,0.18256120383739471,0.01864544302225113,0.02240271121263504,0.9704520106315613,0.07245184481143951,0,0.0,0.0,0.0,0.0,0,0,0,0.0,0.0,0.0
0.0,0.0,0.0,0.2363636363636364,1785360778.3585742,0.0,0.0,0.0,0.0,0,0.0,0,0,takeoff,3.7689149379730225,-0.1304788440465927,0.18256120383739471,0.01864544302225113,0.02240271121263504,0.9704520106315613,0.07245184481143951,0,0.0,0.0,0.0,0.0,0,0,0,0.0,0.0,0.0
0.0,0.0,0.0,0.2409090909090909,1785360778.381133,0.0,0.0,0.0,0.0,0,0.0,0,0,takeoff,3.7689149379730225,-0.1657191812992096,0.13167966902256012,0.009201820008456707,0.026697931811213493,0.8609225749969482,0.08009950071573257,0,0.0,0.0,0.0,0.0,0,0,0,0.0,0.0,0.0
0.0,0.0,0.0,0.24545454545454548,1785360778.404392,0.0,0.0,0.0,0.0,0,0.0,0,0,takeoff,3.7530791759490967,-0.1657191812992096,0.13167966902256012,0.009201820008456707,0.026697931811213493,0.8609225749969482,0.08009950071573257,0,0.0,0.0,0.0,0.0,0,0,0,0.0,0.0,0.0
0.0,0.0,0.0,0.25,1785360778.425847,0.0,0.0,0.0,0.0,0,0.0,0,0,takeoff,3.7530791759490967,-0.1657191812992096,0.13167966902256012,0.009201820008456707,0.026697931811213493,0.8609225749969482,0.08009950071573257,0,0.0,0.0,0.0,0.0,0,0,0,0.0,0.0,0.0
0.0,0.0,0.0,0.2545454545454545,1785360778.450923,0.0,0.0,0.0,0.0,0,0.0,0,0,takeoff,3.7530791759490967,-0.18835823237895966,0.07319074124097824,-0.0022424948401749134,0.028433769941329956,0.7764406800270081,0.08741091191768646,0,0.0,0.0,0.0,0.0,0,0,0,0.0,0.0,0.0
0.0,0.0,0.0,0.2590909090909091,1785360778.473898,0.0,0.0,0.0,0.0,0,0.0,0,0,takeoff,3.7530791759490967,-0.18835823237895966,0.07319074124097824,-0.0022424948401749134,0.028433769941329956,0.7764406800270081,0.08741091191768646,0,0.0,0.0,0.0,0.0,0,0,0,0.0,0.0,0.0
0.0,0.0,0.0,0.26363636363636367,1785360778.494835,0.0,0.0,0.0,0.0,0,0.0,0,0,takeoff,3.737243413925171,-0.18832680583000183,0.0075420537032186985,-0.012730464339256287,0.026148512959480286,0.6819871068000793,0.0923992395401001,0,0.0,0.0,0.0,0.0,0,0,0,0.0,0.0,0.0
0.0,0.0,0.0,0.2681818181818182,1785360778.516834,0.0,0.0,0.0,0.0,0,0.0,0,0,takeoff,3.737243413925171,-0.18832680583000183,0.0075420537032186985,-0.012730464339256287,0.026148512959480286,0.6819871068000793,0.0923992395401001,0,0.0,0.0,0.0,0.0,0,0,0,0.0,0.0,0.0
0.0,0.0,0.0,0.27272727272727276,1785360778.541904,0.0,0.0,0.0,0.0,0,0.0,0,0,takeoff,3.737243413925171,-0.1622595638036728,-0.05005574971437454,-0.020327989012002945,0.02154778502881527,0.5445746779441833,0.09472303837537766,0,0.0,0.0,0.0,0.0,0,0,0,0.0,0.0,0.0
0.0,0.0,0.0,0.2772727272727273,1785360778.566965,0.0,0.0,0.0,0.0,0,0.0,0,0,takeoff,3.737243413925171,-0.1622595638036728,-0.05005574971437454,-0.020327989012002945,0.02154778502881527,0.5445746779441833,0.09472303837537766,0,0.0,0.0,0.0,0.0,0,0,0,0.0,0.0,0.0
0.0,0.0,0.0,0.2818181818181818,1785360778.589834,0.0,0.0,0.0,0.0,0,0.0,0,0,takeoff,3.7161290645599365,-0.11633659899234772,-0.09469545632600784,-0.02427012100815773,0.015295655466616154,0.42385029792785645,0.09452511370182037,0,0.0,0.0,0.0,0.0,0,0,0,0.0,0.0,0.0
0.0,0.0,0.0,0.2863636363636364,1785360778.612719,0.0,0.0,0.0,0.0,0,0.0,0,0,takeoff,3.7161290645599365,-0.11633659899234772,-0.09469545632600784,-0.02427012100815773,0.015295655466616154,0.42385029792785645,0.09452511370182037,0,0.0,0.0,0.0,0.0,0,0,0,0.0,0.0,0.0
0.0,0.0,0.0,0.2909090909090909,1785360778.634828,0.0,0.0,0.0,0.0,0,0.0,0,0,takeoff,3.7161290645599365,-0.06302691996097565,-0.12496493011713028,-0.025998413562774658,0.007714018691331148,0.3358357548713684,0.09916070103645325,0,0.0,0.0,0.0,0.0,0,0,0,0.0,0.0,0.0
0.0,0.0,0.0,0.29545454545454547,1785360778.656071,0.0,0.0,0.0,0.0,0,0.0,0,0,takeoff,3.7161290645599365,-0.06302691996097565,-0.12496493011713028,-0.025998413562774658,0.007714018691331148,0.3358357548713684,0.09916070103645325,0,0.0,0.0,0.0,0.0,0,0,0,0.0,0.0,0.0
0.0,0.0,0.0,0.3,1785360778.6798248,0.0,0.0,0.0,0.0,0,0.0,0,0,takeoff,3.7161290645599365,-0.01429157704114914,-0.12889569997787476,-0.026129158213734627,0.0016430406831204891,0.2793014645576477,0.10570193082094193,0,0.0,0.0,0.0,0.0,0,0,0,0.0,0.0,0.0
0.0,0.0,0.0,0.3045454545454545,1785360778.70489,0.0,0.0,0.0,0.0,0,0.0,0,0,takeoff,3.721407651901245,-0.01429157704114914,-0.12889569997787476,-0.026129158213734627,0.0016430406831204891,0.2793014645576477,0.10570193082094193,0,0.0,0.0,0.0,0.0,0,0,0,0.0,0.0,0.0
0.0,0.0,0.0,0.3090909090909091,1785360778.729395,0.0,0.0,0.0,0.0,0,0.0,0,0,takeoff,3.721407651901245,0.0293821282684803,-0.12203823029994965,-0.02408771403133869,-0.004488718695938587,0.2613813877105713,0.10919391363859177,0,0.0,0.0,0.0,0.0,0,0,0,0.0,0.0,0.0
0.0,0.0,0.0,0.31363636363636366,1785360778.752874,0.0,0.0,0.0,0.0,0,0.0,0,0,takeoff,3.721407651901245,0.0293821282684803,-0.12203823029994965,-0.02408771403133869,-0.004488718695938587,0.2613813877105713,0.10919391363859177,0,0.0,0.0,0.0,0.0,0,0,0,0.0,0.0,0.0
0.0,0.0,0.0,0.3181818181818182,1785360778.773172,0.0,0.0,0.0,0.0,0,0.0,0,0,takeoff,3.721407651901245,0.0293821282684803,-0.12203823029994965,-0.02408771403133869,-0.004488718695938587,0.2613813877105713,0.10919391363859177,0,0.0,0.0,0.0,0.0,0,0,0,0.0,0.0,0.0
0.0,0.0,0.0,0.32272727272727275,1785360778.794971,0.0,0.0,0.0,0.0,0,0.0,0,0,takeoff,3.710850477218628,0.06730808317661285,-0.10597244650125504,-0.02006888948380947,-0.01028356235474348,0.2965702414512634,0.11483921855688095,0,0.0,0.0,0.0,0.0,0,0,0,0.0,0.0,0.0
0.0,0.0,0.0,0.32727272727272727,1785360778.8200011,0.0,0.0,0.0,0.0,0,0.0,0,0,takeoff,3.710850477218628,0.06730808317661285,-0.10597244650125504,-0.02006888948380947,-0.01028356235474348,0.2965702414512634,0.11483921855688095,0,0.0,0.0,0.0,0.0,0,0,0,0.0,0.0,0.0
0.0,0.0,0.0,0.33181818181818185,1785360778.843094,0.0,0.0,0.0,0.0,0,0.0,0,0,takeoff,3.710850477218628,0.09536799788475037,-0.08729781210422516,-0.014709020033478737,-0.015898752957582474,0.3366178274154663,0.12331294268369675,0,0.0,0.0,0.0,0.0,0,0,0,0.0,0.0,0.0
0.0,0.0,0.0,0.33636363636363636,1785360778.8652968,0.0,0.0,0.0,0.0,0,0.0,0,0,takeoff,3.710850477218628,0.09536799788475037,-0.08729781210422516,-0.014709020033478737,-0.015898752957582474,0.3366178274154663,0.12331294268369675,0,0.0,0.0,0.0,0.0,0,0,0,0.0,0.0,0.0
0.0,0.0,0.0,0.34090909090909094,1785360778.890441,0.0,0.0,0.0,0.0,0,0.0,0,0,takeoff,3.721407651901245,0.11076416075229645,-0.05610234662890434,-0.008832639083266258,-0.01866375468671322,0.35151129961013794,0.13460715115070343,0,0.0,0.0,0.0,0.0,0,0,0,0.0,0.0,0.0
0.0,0.0,0.0,0.34545454545454546,1785360778.913842,0.0,0.0,0.0,0.0,0,0.0,0,0,takeoff,3.721407651901245,0.11076416075229645,-0.05610234662890434,-0.008832639083266258,-0.01866375468671322,0.35151129961013794,0.13460715115070343,0,0.0,0.0,0.0,0.0,0,0,0,0.0,0.0,0.0
0.0,0.0,0.0,0.35,1785360778.9379141,0.0,0.0,0.0,0.0,0,0.0,0,0,takeoff,3.721407651901245,0.11657796055078506,-0.027668125927448273,-0.0025718228425830603,-0.02061355672776699,0.40791672468185425,0.14657971262931824,0,0.0,0.0,0.0,0.0,0,0,0,0.0,0.0,0.0
0.0,0.0,0.0,0.35454545454545455,1785360778.959958,0.0,0.0,0.0,0.0,0,0.0,0,0,takeoff,3.721407651901245,0.11657796055078506,-0.027668125927448273,-0.0025718228425830603,-0.02061355672776699,0.40791672468185425,0.14657971262931824,0,0.0,0.0,0.0,0.0,0,0,0,0.0,0.0,0.0
0.0,0.0,0.0,0.35909090909090907,1785360778.981833,0.0,0.0,0.0,0.0,0,0.0,0,0,takeoff,3.721407651901245,0.11486411839723587,0.0022529042325913906,0.003926939330995083,-0.02055276557803154,0.4560919404029846,0.16096197068691254,0,0.0,0.0,0.0,0.0,0,0,0,0.0,0.0,0.0
0.0,0.0,0.0,0.36363636363636365,1785360779.0038369,0.0,0.0,0.0,0.0,0,0.0,0,0,takeoff,3.721407651901245,0.11486411839723587,0.0022529042325913906,0.003926939330995083,-0.02055276557803154,0.4560919404029846,0.16096197068691254,0,0.0,0.0,0.0,0.0,0,0,0,0.0,0.0,0.0
0.0,0.0,0.0,0.36818181818181817,1785360779.0252328,0.0,0.0,0.0,0.0,0,0.0,0,0,takeoff,3.721407651901245,0.11486411839723587,0.0022529042325913906,0.003926939330995083,-0.02055276557803154,0.4560919404029846,0.16096197068691254,0,0.0,0.0,0.0,0.0,0,0,0,0.0,0.0,0.0
0.0,0.0,0.0,0.3727272727272727,1785360779.0458329,0.0,0.0,0.0,0.0,0,0.0,0,0,takeoff,3.721407651901245,0.10305342078208923,0.027075238525867462,0.009418899193406105,-0.019428689032793045,0.5111200213432312,0.17688623070716858,0,0.0,0.0,0.0,0.0,0,0,0,0.0,0.0,0.0
0.0,0.0,0.0,0.37727272727272726,1785360779.0660748,0.0,0.0,0.0,0.0,0,0.0,0,0,takeoff,3.721407651901245,0.10305342078208923,0.027075238525867462,0.009418899193406105,-0.019428689032793045,0.5111200213432312,0.17688623070716858,0,0.0,0.0,0.0,0.0,0,0,0,0.0,0.0,0.0
0.0,0.0,0.0,0.3818181818181818,1785360779.0878358,0.0,0.0,0.0,0.0,0,0.0,0,0,takeoff,3.7266862392425537,0.09367239475250244,0.048266950994729996,0.01600966602563858,-0.01701939105987549,0.6098108887672424,0.19178925454616547,0,0.0,0.0,0.0,0.0,0,0,0,0.0,0.0,0.0
0.0,0.0,0.0,0.38636363636363635,1785360779.1110241,0.0,0.0,0.0,0.0,0,0.0,0,0,takeoff,3.7266862392425537,0.09367239475250244,0.048266950994729996,0.01600966602563858,-0.01701939105987549,0.6098108887672424,0.19178925454616547,0,0.0,0.0,0.0,0.0,0,0,0,0.0,0.0,0.0
0.0,0.0,0.0,0.39090909090909093,1785360779.133953,0.0,0.0,0.0,0.0,0,0.0,0,0,takeoff,3.7266862392425537,0.07311863452196121,0.05648873373866081,0.019953342154622078,-0.01547141745686531,0.6865835189819336,0.20253285765647888,0,0.0,0.0,0.0,0.0,0,0,0,0.0,0.0,0.0
0.0,0.0,0.0,0.39545454545454545,1785360779.158572,0.0,0.0,0.0,0.0,0,0.0,0,0,takeoff,3.7266862392425537,0.07311863452196121,0.05648873373866081,0.019953342154622078,-0.01547141745686531,0.6865835189819336,0.20253285765647888,0,0.0,0.0,0.0,0.0,0,0,0,0.0,0.0,0.0
0.0,0.0,0.0,0.4,1785360779.183595,0.0,0.0,0.0,0.0,0,0.0,0,0,takeoff,3.7161290645599365,0.04885745048522949,0.07033567130565643,0.022689035162329674,-0.010912701487541199,0.7863447666168213,0.21616432070732117,0,0.0,0.0,0.0,0.0,0,0,0,0.0,0.0,0.0
0.0,0.0,0.0,0.40454545454545454,1785360779.207835,0.0,0.0,0.0,0.0,0,0.0,0,0,takeoff,3.7161290645599365,0.04885745048522949,0.07033567130565643,0.022689035162329674,-0.010912701487541199,0.7863447666168213,0.21616432070732117,0,0.0,0.0,0.0,0.0,0,0,0,0.0,0.0,0.0
0.0,0.0,0.0,0.4090909090909091,1785360779.23161,0.0,0.0,0.0,0.0,0,0.0,0,0,takeoff,3.7161290645599365,0.024603718891739845,0.07328863441944122,0.024290159344673157,-0.007434033788740635,0.877476692199707,0.22960463166236877,0,0.0,0.0,0.0,0.0,0,0,0,0.0,0.0,0.0
0.0,0.0,0.0,0.41363636363636364,1785360779.2561321,0.0,0.0,0.0,0.0,0,0.0,0,0,takeoff,3.7161290645599365,0.024603718891739845,0.07328863441944122,0.024290159344673157,-0.007434033788740635,0.877476692199707,0.22960463166236877,0,0.0,0.0,0.0,0.0,0,0,0,0.0,0.0,0.0
0.0,0.0,0.0,0.4181818181818182,1785360779.279188,0.0,0.0,0.0,0.0,0,0.0,0,0,takeoff,3.7161290645599365,0.0012671621516346931,0.07029127329587936,0.024607807397842407,-0.004185068421065807,0.9693642854690552,0.24568483233451843,0,0.0,0.0,0.0,0.0,0,0,0,0.0,0.0,0.0
0.0,0.0,0.0,0.42272727272727273,1785360779.301253,0.0,0.0,0.0,0.0,0,0.0,0,0,takeoff,3.721407651901245,0.0012671621516346931,0.07029127329587936,0.024607807397842407,-0.004185068421065807,0.9693642854690552,0.24568483233451843,0,0.0,0.0,0.0,0.0,0,0,0,0.0,0.0,0.0
0.0,0.0,0.0,0.42727272727272725,1785360779.3228428,0.0,0.0,0.0,0.0,0,0.0,0,0,takeoff,3.721407651901245,0.0012671621516346931,0.07029127329587936,0.024607807397842407,-0.004185068421065807,0.9693642854690552,0.24568483233451843,0,0.0,0.0,0.0,0.0,0,0,0,0.0,0.0,0.0
0.0,0.0,0.0,0.4318181818181818,1785360779.346046,0.0,0.0,0.0,0.0,0,0.0,0,0,takeoff,3.721407651901245,-0.0226723775267601,0.06732610613107681,0.022818831726908684,-7.130192534532398e-05,1.0515313148498535,0.2622791826725006,0,0.0,0.0,0.0,0.0,0,0,0,0.0,0.0,0.0
0.0,0.0,0.0,0.43636363636363634,1785360779.370976,0.0,0.0,0.0,0.0,0,0.0,0,0,takeoff,3.721407651901245,-0.0226723775267601,0.06732610613107681,0.022818831726908684,-7.130192534532398e-05,1.0515313148498535,0.2622791826725006,0,0.0,0.0,0.0,0.0,0,0,0,0.0,0.0,0.0
0.0,0.0,0.0,0.4409090909090909,1785360779.393875,0.0,0.0,0.0,0.0,0,0.0,0,0,takeoff,3.7266862392425537,-0.04306304082274437,0.06044275313615799,0.019906627014279366,0.0035252911038696766,1.1416069269180298,0.2789541482925415,0,0.0,0.0,0.0,0.0,0,0,0,0.0,0.0,0.0
0.0,0.0,0.0,0.44545454545454544,1785360779.415435,0.0,0.0,0.0,0.0,0,0.0,0,0,takeoff,3.7266862392425537,-0.04306304082274437,0.06044275313615799,0.019906627014279366,0.0035252911038696766,1.1416069269180298,0.2789541482925415,0,0.0,0.0,0.0,0.0,0,0,0,0.0,0.0,0.0
0.0,0.0,0.0,0.44999999999999996,1785360779.436564,0.0,0.0,0.0,0.0,0,0.0,0,0,takeoff,3.7266862392425537,-0.05718208849430084,0.04549301415681839,0.016636602580547333,0.0048720380291342735,1.1925703287124634,0.2949494421482086,0,0.0,0.0,0.0,0.0,0,0,0,0.0,0.0,0.0
0.0,0.0,0.0,0.45454545454545453,1785360779.457846,0.0,0.0,0.0,0.0,0,0.0,0,0,takeoff,3.7266862392425537,-0.05718208849430084,0.04549301415681839,0.016636602580547333,0.0048720380291342735,1.1925703287124634,0.2949494421482086,0,0.0,0.0,0.0,0.0,0,0,0,0.0,0.0,0.0
0.0,0.0,0.0,0.45909090909090905,1785360779.481726,0.0,0.0,0.0,0.0,0,0.0,0,0,takeoff,3.7266862392425537,-0.07269817590713501,0.03264467418193817,0.010957925580441952,0.00651333574205637,1.2109737396240234,0.3098090589046478,0,0.0,0.0,0.0,0.0,0,0,0,0.0,0.0,0.0
0.0,0.0,0.0,0.4636363636363636,1785360779.5068648,0.0,0.0,0.0,0.0,0,0.0,0,0,takeoff,3.7266862392425537,-0.07269817590713501,0.03264467418193817,0.010957925580441952,0.00651333574205637,1.2109737396240234,0.3098090589046478,0,0.0,0.0,0.0,0.0,0,0,0,0.0,0.0,0.0
0.0,0.0,0.0,0.4681818181818182,1785360779.527832,0.0,0.0,0.0,0.0,0,0.0,0,0,takeoff,3.7266862392425537,-0.07269817590713501,0.03264467418193817,0.010957925580441952,0.00651333574205637,1.2109737396240234,0.3098090589046478,0,0.0,0.0,0.0,0.0,0,0,0,0.0,0.0,0.0
0.0,0.0,0.0,0.4727272727272728,1785360779.54983,0.0,0.0,0.0,0.0,0,0.0,0,0,takeoff,3.7266862392425537,-0.08053233474493027,0.023447275161743164,0.005715630482882261,0.008624723181128502,1.2049405574798584,0.32390204071998596,0,0.0,0.0,0.0,0.0,0,0,0,0.0,0.0,0.0
0.0,0.0,0.0,0.4772727272727273,1785360779.570869,0.0,0.0,0.0,0.0,0,0.0,0,0,takeoff,3.7266862392425537,-0.08053233474493027,0.023447275161743164,0.005715630482882261,0.008624723181128502,1.2049405574798584,0.32390204071998596,0,0.0,0.0,0.0,0.0,0,0,0,0.0,0.0,0.0
0.0,0.0,0.0,0.4818181818181818,1785360779.593601,0.0,0.0,0.0,0.0,0,0.0,0,0,takeoff,3.721407651901245,-0.08353937417268753,0.010880467481911182,7.233416545204818e-05,0.008770640939474106,1.1931746006011963,0.338489294052124,0,0.0,0.0,0.0,0.0,0,0,0,0.0,0.0,0.0
0.0,0.0,0.0,0.4863636363636364,1785360779.617984,0.0,0.0,0.0,0.0,0,0.0,0,0,takeoff,3.721407651901245,-0.08353937417268753,0.010880467481911182,7.233416545204818e-05,0.008770640939474106,1.1931746006011963,0.338489294052124,0,0.0,0.0,0.0,0.0,0,0,0,0.0,0.0,0.0
0.0,0.0,0.0,0.4909090909090909,1785360779.641925,0.0,0.0,0.0,0.0,0,0.0,0,0,takeoff,3.721407651901245,-0.07714328169822693,0.0007783725741319358,-0.004030646290630102,0.008731856010854244,1.1850258111953735,0.3527719974517822,0,0.0,0.0,0.0,0.0,0,0,0,0.0,0.0,0.0
0.0,0.0,0.0,0.4954545454545455,1785360779.662719,0.0,0.0,0.0,0.0,0,0.0,0,0,takeoff,3.721407651901245,-0.07714328169822693,0.0007783725741319358,-0.004030646290630102,0.008731856010854244,1.1850258111953735,0.3527719974517822,0,0.0,0.0,0.0,0.0,0,0,0,0.0,0.0,0.0
0.0,0.0,0.0,0.5,1785360779.6849449,0.0,0.0,0.0,0.0,0,0.0,0,0,takeoff,3.721407651901245,-0.06909934431314468,-0.008741048164665699,-0.008882631547749043,0.007959623821079731,1.1722421646118164,0.3672007918357849,0,0.0,0.0,0.0,0.0,0,0,0,0.0,0.0,0.0
0.0,0.0,0.0,0.5,1785360779.7094631,0.0,0.0,0.0,0.0,0,0.0,0,0,settle,3.721407651901245,-0.06909934431314468,-0.008741048164665699,-0.008882631547749043,0.007959623821079731,1.1722421646118164,0.3672007918357849,0,0.0,0.0,0.0,0.0,0,0,0,0.0,0.0,0.0
0.0,0.0,0.0,0.5,1785360779.732878,0.0,0.0,0.0,0.0,0,0.0,0,0,settle,3.721407651901245,-0.059184588491916656,-0.014758352190256119,-0.01378291193395853,0.007451944053173065,1.172852635383606,0.3797079920768738,0,0.0,0.0,0.0,0.0,0,0,0,0.0,0.0,0.0
0.0,0.0,0.0,0.5,1785360779.753839,0.0,0.0,0.0,0.0,0,0.0,0,0,settle,3.721407651901245,-0.059184588491916656,-0.014758352190256119,-0.01378291193395853,0.007451944053173065,1.172852635383606,0.3797079920768738,0,0.0,0.0,0.0,0.0,0,0,0,0.0,0.0,0.0
0.0,0.0,0.0,0.5,1785360779.775249,0.0,0.0,0.0,0.0,0,0.0,0,0,settle,3.721407651901245,-0.059184588491916656,-0.014758352190256119,-0.01378291193395853,0.007451944053173065,1.172852635383606,0.3797079920768738,0,0.0,0.0,0.0,0.0,0,0,0,0.0,0.0,0.0
0.0,0.0,0.0,0.5,1785360779.7953558,0.0,0.0,0.0,0.0,0,0.0,0,0,settle,3.7266862392425537,-0.04277167469263077,-0.023045500740408897,-0.016630401834845543,0.005031622480601072,1.1540918350219727,0.3959437310695648,0,0.0,0.0,0.0,0.0,0,0,0,0.0,0.0,0.0
0.0,0.0,0.0,0.5,1785360779.82003,0.0,0.0,0.0,0.0,0,0.0,0,0,settle,3.7266862392425537,-0.04277167469263077,-0.023045500740408897,-0.016630401834845543,0.005031622480601072,1.1540918350219727,0.3959437310695648,0,0.0,0.0,0.0,0.0,0,0,0,0.0,0.0,0.0
0.0,0.0,0.0,0.5,1785360779.845089,0.0,0.0,0.0,0.0,0,0.0,0,0,settle,3.7266862392425537,-0.02382533997297287,-0.025761708617210388,-0.01808054931461811,0.0036971040535718203,1.1490063667297363,0.4091953635215759,0,0.0,0.0,0.0,0.0,0,0,0,0.0,0.0,0.0
0.0,0.0,0.0,0.5,1785360779.866527,0.0,0.0,0.0,0.0,0,0.0,0,0,settle,3.7266862392425537,-0.02382533997297287,-0.025761708617210388,-0.01808054931461811,0.0036971040535718203,1.1490063667297363,0.4091953635215759,0,0.0,0.0,0.0,0.0,0,0,0,0.0,0.0,0.0
0.0,0.0,0.0,0.5,1785360779.890909,0.0,0.0,0.0,0.0,0,0.0,0,0,settle,3.7266862392425537,-0.005565796513110399,-0.03391645476222038,-0.01873607374727726,-0.0009748887969180942,1.1502454280853271,0.4224868714809418,0,0.0,0.0,0.0,0.0,0,0,0,0.0,0.0,0.0
0.0,0.0,0.0,0.5,1785360779.91271,0.0,0.0,0.0,0.0,0,0.0,0,0,settle,3.7266862392425537,-0.005565796513110399,-0.03391645476222038,-0.01873607374727726,-0.0009748887969180942,1.1502454280853271,0.4224868714809418,0,0.0,0.0,0.0,0.0,0,0,0,0.0,0.0,0.0
0.0,0.0,0.0,0.5,1785360779.935662,0.0,0.0,0.0,0.0,0,0.0,0,0,settle,3.7266862392425537,0.013778607361018658,-0.03167365863919258,-0.01730533502995968,-0.002303366083651781,1.1571913957595825,0.4346691071987152,0,0.0,0.0,0.0,0.0,0,0,0,0.0,0.0,0.0
0.0,0.0,0.0,0.5,1785360779.956646,0.0,0.0,0.0,0.0,0,0.0,0,0,settle,3.7266862392425537,0.013778607361018658,-0.03167365863919258,-0.01730533502995968,-0.002303366083651781,1.1571913957595825,0.4346691071987152,0,0.0,0.0,0.0,0.0,0,0,0,0.0,0.0,0.0
0.0,0.0,0.0,0.5,1785360779.981699,0.0,0.0,0.0,0.0,0,0.0,0,0,settle,3.7266862392425537,0.026569616049528122,-0.030490227043628693,-0.016712728887796402,-0.005002402700483799,1.1574349403381348,0.44520214200019836,0,0.0,0.0,0.0,0.0,0,0,0,0.0,0.0,0.0
0.0,0.0,0.0,0.5,1785360780.005864,0.0,0.0,0.0,0.0,0,0.0,0,0,settle,3.7266862392425537,0.026569616049528122,-0.030490227043628693,-0.016712728887796402,-0.005002402700483799,1.1574349403381348,0.44520214200019836,0,0.0,0.0,0.0,0.0,0,0,0,0.0,0.0,0.0
0.0,0.0,0.0,0.5,1785360780.027242,0.0,0.0,0.0,0.0,0,0.0,0,0,settle,3.7266862392425537,0.026569616049528122,-0.030490227043628693,-0.016712728887796402,-0.005002402700483799,1.1574349403381348,0.44520214200019836,0,0.0,0.0,0.0,0.0,0,0,0,0.0,0.0,0.0
0.0,0.0,0.0,0.5,1785360780.0509288,0.0,0.0,0.0,0.0,0,0.0,0,0,settle,3.7266862392425537,0.05080636963248253,-0.023993108421564102,-0.0087569709867239,-0.006117107346653938,1.1657319068908691,0.45654597878456116,0,0.0,0.0,0.0,0.0,0,0,0,0.0,0.0,0.0
0.0,0.0,0.0,0.5,1785360780.075999,0.0,0.0,0.0,0.0,0,0.0,0,0,settle,3.7266862392425537,0.05080636963248253,-0.023993108421564102,-0.0087569709867239,-0.006117107346653938,1.1657319068908691,0.45654597878456116,0,0.0,0.0,0.0,0.0,0,0,0,0.0,0.0,0.0
0.0,0.0,0.0,0.5,1785360780.100947,0.0,0.0,0.0,0.0,0,0.0,0,0,settle,3.7266862392425537,0.05398087576031685,-0.019747402518987656,-0.008217769674956799,-0.008441395126283169,1.181858777999878,0.4666368365287781,0,0.0,0.0,0.0,0.0,0,0,0,0.0,0.0,0.0
0.0,0.0,0.0,0.5,1785360780.126015,0.0,0.0,0.0,0.0,0,0.0,0,0,settle,3.7266862392425537,0.05398087576031685,-0.019747402518987656,-0.008217769674956799,-0.008441395126283169,1.181858777999878,0.4666368365287781,0,0.0,0.0,0.0,0.0,0,0,0,0.0,0.0,0.0
0.0,0.0,0.0,0.5,1785360780.151103,0.0,0.0,0.0,0.0,0,0.0,0,0,settle,3.7266862392425537,0.06253121793270111,-0.013643397949635983,-0.002745897276327014,-0.009928466752171516,1.187408208847046,0.4759078919887543,0,0.0,0.0,0.0,0.0,0,0,0,0.0,0.0,0.0
0.0,0.0,0.0,0.5,1785360780.175241,0.0,0.0,0.0,0.0,0,0.0,0,0,settle,3.7266862392425537,0.06253121793270111,-0.013643397949635983,-0.002745897276327014,-0.009928466752171516,1.187408208847046,0.4759078919887543,0,0.0,0.0,0.0,0.0,0,0,0,0.0,0.0,0.0
0.0,0.0,0.0,0.5,1785360780.196982,0.0,0.0,0.0,0.0,0,0.0,0,0,settle,3.721407651901245,0.06642100214958191,-0.005021292250603437,0.00269281305372715,-0.009901829063892365,1.1798707246780396,0.4829530417919159,0,0.0,0.0,0.0,0.0,0,0,0,0.0,0.0,0.0
0.0,0.0,0.0,0.5,1785360780.2188082,0.0,0.0,0.0,0.0,0,0.0,0,0,settle,3.721407651901245,0.06642100214958191,-0.005021292250603437,0.00269281305372715,-0.009901829063892365,1.1798707246780396,0.4829530417919159,0,0.0,0.0,0.0,0.0,0,0,0,0.0,0.0,0.0
0.0,0.0,0.0,0.5,1785360780.23902,0.0,0.0,0.0,0.0,0,0.0,0,0,settle,3.721407651901245,0.06514216214418411,0.003382796188816428,0.0075775571167469025,-0.009477275423705578,1.1581887006759644,0.4907171428203583,0,0.0,0.0,0.0,0.0,0,0,0,0.0,0.0,0.0
0.0,0.0,0.0,0.5,1785360780.259246,0.0,0.0,0.0,0.0,0,0.0,0,0,settle,3.721407651901245,0.06514216214418411,0.003382796188816428,0.0075775571167469025,-0.009477275423705578,1.1581887006759644,0.4907171428203583,0,0.0,0.0,0.0,0.0,0,0,0,0.0,0.0,0.0
0.0,0.0,0.0,0.5,1785360780.2840478,0.0,0.0,0.0,0.0,0,0.0,0,0,settle,3.721407651901245,0.05517777055501938,0.012071466073393822,0.009549176320433617,-0.008113805204629898,1.1228265762329102,0.4958376884460449,0,0.0,0.0,0.0,0.0,0,0,0,0.0,0.0,0.0
0.0,0.0,0.0,0.5,1785360780.309022,0.0,0.0,0.0,0.0,0,0.0,0,0,settle,3.721407651901245,0.05517777055501938,0.012071466073393822,0.009549176320433617,-0.008113805204629898,1.1228265762329102,0.4958376884460449,0,0.0,0.0,0.0,0.0,0,0,0,0.0,0.0,0.0
0.0,0.0,0.0,0.5,1785360780.330366,0.0,0.0,0.0,0.0,0,0.0,0,0,settle,3.721407651901245,0.049787044525146484,0.01823882944881916,0.014774755574762821,-0.007081275340169668,1.06607985496521,0.5028383135795593,0,0.0,0.0,0.0,0.0,0,0,0,0.0,0.0,0.0
0.0,0.0,0.0,0.5,1785360780.354083,0.0,0.0,0.0,0.0,0,0.0,0,0,settle,3.721407651901245,0.049787044525146484,0.01823882944881916,0.014774755574762821,-0.007081275340169668,1.06607985496521,0.5028383135795593,0,0.0,0.0,0.0,0.0,0,0,0,0.0,0.0,0.0
0.0,0.0,0.0,0.5,1785360780.375956,0.0,0.0,0.0,0.0,0,0.0,0,0,settle,3.721407651901245,0.049787044525146484,0.01823882944881916,0.014774755574762821,-0.007081275340169668,1.06607985496521,0.5028383135795593,0,0.0,0.0,0.0,0.0,0,0,0,0.0,0.0,0.0
0.0,0.0,0.0,0.5,1785360780.401084,0.0,0.0,0.0,0.0,0,0.0,0,0,settle,3.721407651901245,0.03706514090299606,0.026232969015836716,0.016408013179898262,-0.0038582023698836565,1.0180410146713257,0.5076190233230591,0,0.0,0.0,0.0,0.0,0,0,0,0.0,0.0,0.0
0.0,0.0,0.0,0.5,1785360780.423884,0.0,0.0,0.0,0.0,0,0.0,0,0,settle,3.721407651901245,0.03706514090299606,0.026232969015836716,0.016408013179898262,-0.0038582023698836565,1.0180410146713257,0.5076190233230591,0,0.0,0.0,0.0,0.0,0,0,0,0.0,0.0,0.0
0.0,0.0,0.0,0.5,1785360780.445836,0.0,0.0,0.0,0.0,0,0.0,0,0,settle,3.721407651901245,0.02464839071035385,0.028921931982040405,0.018127404153347015,-0.002295921090990305,0.9673329591751099,0.5114661455154419,0,0.0,0.0,0.0,0.0,0,0,0,0.0,0.0,0.0
0.0,0.0,0.0,0.5,1785360780.471935,0.0,0.0,0.0,0.0,0,0.0,0,0,settle,3.721407651901245,0.02464839071035385,0.028921931982040405,0.018127404153347015,-0.002295921090990305,0.9673329591751099,0.5114661455154419,0,0.0,0.0,0.0,0.0,0,0,0,0.0,0.0,0.0
0.0,0.0,0.0,0.5,1785360780.4938319,0.0,0.0,0.0,0.0,0,0.0,0,0,settle,3.7161290645599365,0.010629270225763321,0.031807996332645416,0.018609628081321716,0.0006968282395973802,0.9049105644226074,0.5161693096160889,0,0.0,0.0,0.0,0.0,0,0,0,0.0,0.0,0.0
0.0,0.0,0.0,0.5,1785360780.5188632,0.0,0.0,0.0,0.0,0,0.0,0,0,settle,3.7161290645599365,0.010629270225763321,0.031807996332645416,0.018609628081321716,0.0006968282395973802,0.9049105644226074,0.5161693096160889,0,0.0,0.0,0.0,0.0,0,0,0,0.0,0.0,0.0
0.0,0.0,0.0,0.5,1785360780.540996,0.0,0.0,0.0,0.0,0,0.0,0,0,settle,3.7161290645599365,-0.004586108960211277,0.03397957980632782,0.01731780543923378,0.004382695537060499,0.8550437688827515,0.5202043652534485,0,0.0,0.0,0.0,0.0,0,0,0,0.0,0.0,0.0
0.0,0.0,0.0,0.5,1785360780.5638342,0.0,0.0,0.0,0.0,0,0.0,0,0,settle,3.7161290645599365,-0.004586108960211277,0.03397957980632782,0.01731780543923378,0.004382695537060499,0.8550437688827515,0.5202043652534485,0,0.0,0.0,0.0,0.0,0,0,0,0.0,0.0,0.0
0.0,0.0,0.0,0.5,1785360780.585155,0.0,0.0,0.0,0.0,0,0.0,0,0,settle,3.721407651901245,-0.019067293033003807,0.0317608080804348,0.014894439838826656,0.00668569328263402,0.8306582570075989,0.5241509079933167,0,0.0,0.0,0.0,0.0,0,0,0,0.0,0.0,0.0
0.0,0.0,0.0,0.5,1785360780.6068769,0.0,0.0,0.0,0.0,0,0.0,0,0,settle,3.721407651901245,-0.019067293033003807,0.0317608080804348,0.014894439838826656,0.00668569328263402,0.8306582570075989,0.5241509079933167,0,0.0,0.0,0.0,0.0,0,0,0,0.0,0.0,0.0
0.0,0.0,0.0,0.5,1785360780.6289122,0.0,0.0,0.0,0.0,0,0.0,0,0,settle,3.721407651901245,-0.034836865961551666,0.027424845844507217,0.009831801988184452,0.008744893595576286,0.818789541721344,0.5265828371047974,0,0.0,0.0,0.0,0.0,0,0,0,0.0,0.0,0.0
0.0,0.0,0.0,0.5,1785360780.649837,0.0,0.0,0.0,0.0,0,0.0,0,0,settle,3.721407651901245,-0.034836865961551666,0.027424845844507217,0.009831801988184452,0.008744893595576286,0.818789541721344,0.5265828371047974,0,0.0,0.0,0.0,0.0,0,0,0,0.0,0.0,0.0
0.0,0.0,0.0,0.5,1785360780.673015,0.0,0.0,0.0,0.0,0,0.0,0,0,settle,3.721407651901245,-0.034836865961551666,0.027424845844507217,0.009831801988184452,0.008744893595576286,0.818789541721344,0.5265828371047974,0,0.0,0.0,0.0,0.0,0,0,0,0.0,0.0,0.0
0.0,0.0,0.0,0.5,1785360780.694826,0.0,0.0,0.0,0.0,0,0.0,0,0,settle,3.710850477218628,-0.04085080325603485,0.019037723541259766,0.00817397516220808,0.008973702788352966,0.8220498561859131,0.5279325842857361,0,0.0,0.0,0.0,0.0,0,0,0,0.0,0.0,0.0
0.0,0.0,0.0,0.5,1785360780.718832,0.0,0.0,0.0,0.0,0,0.0,0,0,settle,3.710850477218628,-0.04085080325603485,0.019037723541259766,0.00817397516220808,0.008973702788352966,0.8220498561859131,0.5279325842857361,0,0.0,0.0,0.0,0.0,0,0,0,0.0,0.0,0.0
0.0,0.0,0.0,0.5,1785360780.74176,0.0,0.0,0.0,0.0,0,0.0,0,0,settle,3.710850477218628,-0.04693944379687309,0.010888298973441124,0.004083755426108837,0.009564347565174103,0.8122949600219727,0.5298248529434204,0,0.0,0.0,0.0,0.0,0,0,0,0.0,0.0,0.0
0.0,0.0,0.0,0.5,1785360780.761847,0.0,0.0,0.0,0.0,0,0.0,0,0,settle,3.710850477218628,-0.04693944379687309,0.010888298973441124,0.004083755426108837,0.009564347565174103,0.8122949600219727,0.5298248529434204,0,0.0,0.0,0.0,0.0,0,0,0,0.0,0.0,0.0
0.0,0.0,0.0,0.5,1785360780.7828338,0.0,0.0,0.0,0.0,0,0.0,0,0,settle,3.710850477218628,-0.05085030198097229,0.0028611114248633385,-0.0007958065834827721,0.009803758934140205,0.7983120679855347,0.5307585000991821,0,0.0,0.0,0.0,0.0,0,0,0,0.0,0.0,0.0
0.0,0.0,0.0,0.5,1785360780.8056462,0.0,0.0,0.0,0.0,0,0.0,0,0,settle,3.710850477218628,-0.05085030198097229,0.0028611114248633385,-0.0007958065834827721,0.009803758934140205,0.7983120679855347,0.5307585000991821,0,0.0,0.0,0.0,0.0,0,0,0,0.0,0.0,0.0
0.0,0.0,0.0,0.5,1785360780.826834,0.0,0.0,0.0,0.0,0,0.0,0,0,settle,3.710850477218628,-0.05085030198097229,0.0028611114248633385,-0.0007958065834827721,0.009803758934140205,0.7983120679855347,0.5307585000991821,0,0.0,0.0,0.0,0.0,0,0,0,0.0,0.0,0.0
0.0,0.0,0.0,0.5,1785360781.031858,-0.2612561881542206,-0.012191918678581715,0.007280106656253338,0.512257993221283,1,0.0,8,15481,plane_test,3.7847506999969482,-0.04124327749013901,-0.024854734539985657,-0.02459259331226349,0.004291070159524679,0.7660446166992188,0.5369675755500793,1,0.7071067690849304,-0.7071067690849304,0.0,0.2474873661994934,24,1,24,-0.2612561583518982,-0.23374834656715393,-0.2680240273475647
0.0020057306590257878,0.0,0.0,0.5,1785360781.0555022,-0.2611711919307709,-0.014615471474826336,0.004736378323286772,0.5021777749061584,1,0.0,8,15672,plane_test,3.7847506999969482,-0.03076942078769207,-0.025910619646310806,-0.026095828041434288,0.0029880492947995663,0.7827348709106445,0.528443455696106,1,0.7071067690849304,-0.7071067690849304,0.0,0.2474873661994934,24,1,24,-0.2611711919307709,-0.23168307542800903,-0.2694970369338989
0.0040114613180515755,0.0,0.0,0.5,1785360781.0784051,-0.2611711919307709,-0.014615471474826336,0.004736378323286772,0.5021777749061584,1,0.0,8,15672,plane_test,3.7847506999969482,-0.03076942078769207,-0.025910619646310806,-0.026095828041434288,0.0029880492947995663,0.7827348709106445,0.528443455696106,1,0.7071067690849304,-0.7071067690849304,0.0,0.2474873661994934,24,1,24,-0.2611711919307709,-0.23168307542800903,-0.2694970369338989
0.006017191977077363,0.0,0.0,0.5,1785360781.103509,-0.25993600487709045,-0.014030867256224155,0.0035741294268518686,0.4964388310909271,1,0.0,8,14290,plane_test,3.737243413925171,-0.022385895252227783,-0.025714341551065445,-0.027169330045580864,0.001933397026732564,0.8206172585487366,0.5179558396339417,1,0.7071067690849304,-0.7071067690849304,0.0,0.2474873661994934,24,1,24,-0.25993597507476807,-0.23760683834552765,-0.26808273792266846
0.008022922636103151,0.0,0.0,0.5,1785360781.127855,-0.25993600487709045,-0.014030867256224155,0.0035741294268518686,0.4964388310909271,1,0.0,8,14290,plane_test,3.737243413925171,-0.022385895252227783,-0.025714341551065445,-0.027169330045580864,0.001933397026732564,0.8206172585487366,0.5179558396339417,1,0.7071067690849304,-0.7071067690849304,0.0,0.2474873661994934,24,1,24,-0.25993597507476807,-0.23760683834552765,-0.26808273792266846
0.01002865329512894,0.0,0.0,0.5,1785360781.151264,-0.2556024491786957,-0.010831600055098534,0.000644854677375406,0.4896949529647827,1,0.0,8,15202,plane_test,3.737243413925171,-0.007053256034851074,-0.03391951695084572,-0.025596370920538902,-0.006355350371450186,0.9229814410209656,0.49608922004699707,1,0.7071067690849304,-0.7071067690849304,0.0,0.2474873661994934,24,1,24,-0.2556024491786957,-0.24244092404842377,-0.26382678747177124
0.012034383954154727,0.0,0.0,0.5,1785360781.1762428,-0.2556024491786957,-0.010831600055098534,0.000644854677375406,0.4896949529647827,1,0.0,8,15202,plane_test,3.737243413925171,-0.007053256034851074,-0.03391951695084572,-0.025596370920538902,-0.006355350371450186,0.9229814410209656,0.49608922004699707,1,0.7071067690849304,-0.7071067690849304,0.0,0.2474873661994934,24,1,24,-0.2556024491786957,-0.24244092404842377,-0.26382678747177124
0.014040114613180516,0.0,0.0,0.5,1785360781.200796,-0.2528110146522522,-0.008802019990980625,-0.0012732632458209991,0.4869213402271271,1,0.0,8,15618,plane_test,3.7055718898773193,0.005753568839281797,-0.031267695128917694,-0.02208690159022808,-0.007524996530264616,0.940802812576294,0.48099687695503235,1,0.7071067690849304,-0.7071067690849304,0.0,0.2474873661994934,24,1,23,-0.2528110146522522,-0.24613797664642334,-0.2602655291557312
0.016045845272206302,0.0,0.0,0.5,1785360781.2229,-0.2528110146522522,-0.008802019990980625,-0.0012732632458209991,0.4869213402271271,1,0.0,8,15618,plane_test,3.7055718898773193,0.005753568839281797,-0.031267695128917694,-0.02208690159022808,-0.007524996530264616,0.940802812576294,0.48099687695503235,1,0.7071067690849304,-0.7071067690849304,0.0,0.2474873661994934,24,1,23,-0.2528110146522522,-0.24613797664642334,-0.2602655291557312
0.01805157593123209,0.0,0.0,0.5,1785360781.243891,-0.2528110146522522,-0.008802019990980625,-0.0012732632458209991,0.4869213402271271,1,0.0,8,15618,plane_test,3.7055718898773193,0.019383566454052925,-0.023532459512352943,-0.018958088010549545,-0.008116167038679123,0.8812808990478516,0.4574950933456421,1,0.7071067690849304,-0.7071067690849304,0.0,0.2474873661994934,24,1,23,-0.2528110146522522,-0.24613797664642334,-0.2602655291557312
0.02005730659025788,0.0,0.0,0.5,1785360781.266904,-0.24894680082798004,-0.006119446828961372,-0.004055510740727186,0.48611173033714294,1,0.0,8,14682,plane_test,3.7055718898773193,0.019383566454052925,-0.023532459512352943,-0.018958088010549545,-0.008116167038679123,0.8812808990478516,0.4574950933456421,1,0.7071067690849304,-0.7071067690849304,0.0,0.2474873661994934,24,1,24,-0.24894678592681885,-0.24321269989013672,-0.2554902732372284
0.022063037249283667,0.0,0.0,0.5,1785360781.291986,-0.24647565186023712,-0.005328036844730377,-0.006758839823305607,0.4836215376853943,1,0.0,8,15623,plane_test,3.695014715194702,0.021769648417830467,-0.01357793714851141,-0.020469456911087036,-0.006094512529671192,0.8494102954864502,0.440909743309021,1,0.7071067690849304,-0.7071067690849304,0.0,0.2474873661994934,24,1,24,-0.24647563695907593,-0.23405200242996216,-0.2542104423046112
0.024068767908309453,0.0,0.0,0.5,1785360781.314539,-0.24647565186023712,-0.005328036844730377,-0.006758839823305607,0.4836215376853943,1,0.0,8,15623,plane_test,3.695014715194702,0.021769648417830467,-0.01357793714851141,-0.020469456911087036,-0.006094512529671192,0.8494102954864502,0.440909743309021,1,0.7071067690849304,-0.7071067690849304,0.0,0.2474873661994934,24,1,24,-0.24647563695907593,-0.23405200242996216,-0.2542104423046112
0.026074498567335243,0.0,0.0,0.5,1785360781.337035,-0.24647565186023712,-0.005328036844730377,-0.006758839823305607,0.4836215376853943,1,0.0,8,15623,plane_test,3.695014715194702,0.021769648417830467,-0.01357793714851141,-0.020469456911087036,-0.006094512529671192,0.8494102954864502,0.440909743309021,1,0.7071067690849304,-0.7071067690849304,0.0,0.2474873661994934,24,1,24,-0.24647563695907593,-0.23405200242996216,-0.2542104423046112
0.028080229226361032,0.0,0.0,0.5,1785360781.357899,-0.24647565186023712,-0.005328036844730377,-0.006758839823305607,0.4836215376853943,1,0.0,8,15623,plane_test,3.695014715194702,0.021769648417830467,-0.01357793714851141,-0.020469456911087036,-0.006094512529671192,0.8494102954864502,0.440909743309021,1,0.7071067690849304,-0.7071067690849304,0.0,0.2474873661994934,24,1,24,-0.24647563695907593,-0.23405200242996216,-0.2542104423046112
0.030085959885386815,0.0,0.0,0.5,1785360781.380704,-0.24647565186023712,-0.005328036844730377,-0.006758839823305607,0.4836215376853943,1,0.0,8,15623,plane_test,3.695014715194702,0.021769648417830467,-0.01357793714851141,-0.020469456911087036,-0.006094512529671192,0.8494102954864502,0.440909743309021,1,0.7071067690849304,-0.7071067690849304,0.0,0.2474873661994934,24,1,24,-0.24647563695907593,-0.23405200242996216,-0.2542104423046112
0.032091690544412604,0.0,0.0,0.5,1785360781.403838,-0.24647565186023712,-0.005328036844730377,-0.006758839823305607,0.4836215376853943,1,0.0,8,15623,plane_test,3.695014715194702,0.021769648417830467,-0.01357793714851141,-0.020469456911087036,-0.006094512529671192,0.8494102954864502,0.440909743309021,1,0.7071067690849304,-0.7071067690849304,0.0,0.2474873661994934,24,1,24,-0.24647563695907593,-0.23405200242996216,-0.2542104423046112
0.034097421203438394,0.0,0.0,0.5,1785360781.427876,-0.24647565186023712,-0.005328036844730377,-0.006758839823305607,0.4836215376853943,1,0.0,8,15623,plane_test,3.695014715194702,0.021769648417830467,-0.01357793714851141,-0.020469456911087036,-0.006094512529671192,0.8494102954864502,0.440909743309021,1,0.7071067690849304,-0.7071067690849304,0.0,0.2474873661994934,24,1,24,-0.24647563695907593,-0.23405200242996216,-0.2542104423046112
0.03610315186246418,0.0,0.0,0.5,1785360781.451242,-0.24647565186023712,-0.005328036844730377,-0.006758839823305607,0.4836215376853943,1,0.0,8,15623,plane_test,3.695014715194702,0.021769648417830467,-0.01357793714851141,-0.020469456911087036,-0.006094512529671192,0.8494102954864502,0.440909743309021,1,0.7071067690849304,-0.7071067690849304,0.0,0.2474873661994934,24,1,24,-0.24647563695907593,-0.23405200242996216,-0.2542104423046112
0.03810888252148997,0.0,0.0,0.5,1785360781.520551,-0.24647565186023712,-0.005328036844730377,-0.006758839823305607,0.4836215376853943,1,0.0,8,15623,plane_test,3.695014715194702,0.021769648417830467,-0.01357793714851141,-0.020469456911087036,-0.006094512529671192,0.8494102954864502,0.440909743309021,1,0.7071067690849304,-0.7071067690849304,0.0,0.2474873661994934,24,1,24,-0.24647563695907593,-0.23405200242996216,-0.2542104423046112
0.04011461318051576,0.0,0.0,0.5,1785360781.6092522,-0.24647565186023712,-0.005328036844730377,-0.006758839823305607,0.4836215376853943,1,0.0,8,15623,plane_test,3.695014715194702,0.021769648417830467,-0.01357793714851141,-0.020469456911087036,-0.006094512529671192,0.8494102954864502,0.440909743309021,1,0.7071067690849304,-0.7071067690849304,0.0,0.2474873661994934,24,1,24,-0.24647563695907593,-0.23405200242996216,-0.2542104423046112
0.042120343839541545,0.0,0.0,0.5,1785360781.63089,-0.24647565186023712,-0.005328036844730377,-0.006758839823305607,0.4836215376853943,1,0.0,8,15623,plane_test,3.695014715194702,0.021769648417830467,-0.01357793714851141,-0.020469456911087036,-0.006094512529671192,0.8494102954864502,0.440909743309021,1,0.7071067690849304,-0.7071067690849304,0.0,0.2474873661994934,24,1,24,-0.24647563695907593,-0.23405200242996216,-0.2542104423046112
0.044126074498567334,0.0,0.0,0.5,1785360781.654172,-0.24647565186023712,-0.005328036844730377,-0.006758839823305607,0.4836215376853943,1,0.0,8,15623,plane_test,3.695014715194702,0.021769648417830467,-0.01357793714851141,-0.020469456911087036,-0.006094512529671192,0.8494102954864502,0.440909743309021,1,0.7071067690849304,-0.7071067690849304,0.0,0.2474873661994934,24,1,24,-0.24647563695907593,-0.23405200242996216,-0.2542104423046112
0.04613180515759312,0.0,0.0,0.5,1785360781.6753001,-0.24647565186023712,-0.005328036844730377,-0.006758839823305607,0.4836215376853943,1,0.0,8,15623,plane_test,3.695014715194702,0.021769648417830467,-0.01357793714851141,-0.020469456911087036,-0.006094512529671192,0.8494102954864502,0.440909743309021,1,0.7071067690849304,-0.7071067690849304,0.0,0.2474873661994934,24,1,24,-0.24647563695907593,-0.23405200242996216,-0.2542104423046112
0.04813753581661891,0.0,0.0,0.5,1785360781.700275,-0.24647565186023712,-0.005328036844730377,-0.006758839823305607,0.4836215376853943,1,0.0,8,15623,plane_test,3.695014715194702,0.021769648417830467,-0.01357793714851141,-0.020469456911087036,-0.006094512529671192,0.8494102954864502,0.440909743309021,1,0.7071067690849304,-0.7071067690849304,0.0,0.2474873661994934,24,1,24,-0.24647563695907593,-0.23405200242996216,-0.2542104423046112
0.050143266475644696,0.0,0.0,0.5,1785360781.720844,-0.24647565186023712,-0.005328036844730377,-0.006758839823305607,0.4836215376853943,1,0.0,8,15623,plane_test,3.695014715194702,0.021769648417830467,-0.01357793714851141,-0.020469456911087036,-0.006094512529671192,0.8494102954864502,0.440909743309021,1,0.7071067690849304,-0.7071067690849304,0.0,0.2474873661994934,24,1,24,-0.24647563695907593,-0.23405200242996216,-0.2542104423046112
0.052148997134670486,0.0,0.0,0.5,1785360781.741899,-0.24647565186023712,-0.005328036844730377,-0.006758839823305607,0.4836215376853943,1,0.0,8,15623,plane_test,3.695014715194702,0.021769648417830467,-0.01357793714851141,-0.020469456911087036,-0.006094512529671192,0.8494102954864502,0.440909743309021,1,0.7071067690849304,-0.7071067690849304,0.0,0.2474873661994934,24,1,24,-0.24647563695907593,-0.23405200242996216,-0.2542104423046112
0.05415472779369627,0.0,0.0,0.5,1785360781.766987,-0.24647565186023712,-0.005328036844730377,-0.006758839823305607,0.4836215376853943,1,0.0,8,15623,plane_test,3.695014715194702,0.021769648417830467,-0.01357793714851141,-0.020469456911087036,-0.006094512529671192,0.8494102954864502,0.440909743309021,1,0.7071067690849304,-0.7071067690849304,0.0,0.2474873661994934,24,1,24,-0.24647563695907593,-0.23405200242996216,-0.2542104423046112
0.056160458452722065,0.0,0.0,0.5,1785360781.787922,-0.24647565186023712,-0.005328036844730377,-0.006758839823305607,0.4836215376853943,1,0.0,8,15623,plane_test,3.695014715194702,0.021769648417830467,-0.01357793714851141,-0.020469456911087036,-0.006094512529671192,0.8494102954864502,0.440909743309021,1,0.7071067690849304,-0.7071067690849304,0.0,0.2474873661994934,24,1,24,-0.24647563695907593,-0.23405200242996216,-0.2542104423046112
0.05816618911174785,0.0,0.0,0.5,1785360781.8513012,-0.24647565186023712,-0.005328036844730377,-0.006758839823305607,0.4836215376853943,1,0.0,8,15623,plane_test,3.695014715194702,0.021769648417830467,-0.01357793714851141,-0.020469456911087036,-0.006094512529671192,0.8494102954864502,0.440909743309021,1,0.7071067690849304,-0.7071067690849304,0.0,0.2474873661994934,24,1,24,-0.24647563695907593,-0.23405200242996216,-0.2542104423046112
0.06017191977077363,0.0,0.0,0.5,1785360781.94047,-0.24647565186023712,-0.005328036844730377,-0.006758839823305607,0.4836215376853943,1,0.0,8,15623,plane_test,3.695014715194702,0.021769648417830467,-0.01357793714851141,-0.020469456911087036,-0.006094512529671192,0.8494102954864502,0.440909743309021,1,0.7071067690849304,-0.7071067690849304,0.0,0.2474873661994934,24,1,24,-0.24647563695907593,-0.23405200242996216,-0.2542104423046112
0.062177650429799426,0.0,0.0,0.5,1785360781.962825,-0.24647565186023712,-0.005328036844730377,-0.006758839823305607,0.4836215376853943,1,0.0,8,15623,plane_test,3.695014715194702,0.021769648417830467,-0.01357793714851141,-0.020469456911087036,-0.006094512529671192,0.8494102954864502,0.440909743309021,1,0.7071067690849304,-0.7071067690849304,0.0,0.2474873661994934,24,1,24,-0.24647563695907593,-0.23405200242996216,-0.2542104423046112
0.06418338108882521,0.0,0.0,0.5,1785360781.984051,-0.24647565186023712,-0.005328036844730377,-0.006758839823305607,0.4836215376853943,1,0.0,8,15623,plane_test,3.695014715194702,0.021769648417830467,-0.01357793714851141,-0.020469456911087036,-0.006094512529671192,0.8494102954864502,0.440909743309021,1,0.7071067690849304,-0.7071067690849304,0.0,0.2474873661994934,24,1,24,-0.24647563695907593,-0.23405200242996216,-0.2542104423046112
0.066189111747851,0.0,0.0,0.5,1785360782.007864,-0.24647565186023712,-0.005328036844730377,-0.006758839823305607,0.4836215376853943,1,0.0,8,15623,plane_test,3.695014715194702,0.021769648417830467,-0.01357793714851141,-0.020469456911087036,-0.006094512529671192,0.8494102954864502,0.440909743309021,1,0.7071067690849304,-0.7071067690849304,0.0,0.2474873661994934,24,1,24,-0.24647563695907593,-0.23405200242996216,-0.2542104423046112
0.06819484240687679,0.0,0.0,0.5,1785360782.033,-0.24647565186023712,-0.005328036844730377,-0.006758839823305607,0.4836215376853943,1,0.0,8,15623,plane_test,3.695014715194702,0.021769648417830467,-0.01357793714851141,-0.020469456911087036,-0.006094512529671192,0.8494102954864502,0.440909743309021,1,0.7071067690849304,-0.7071067690849304,0.0,0.2474873661994934,24,1,24,-0.24647563695907593,-0.23405200242996216,-0.2542104423046112
0.07020057306590256,0.0,0.0,0.5,1785360782.057204,-0.24647565186023712,-0.005328036844730377,-0.006758839823305607,0.4836215376853943,1,0.0,8,15623,plane_test,3.695014715194702,0.021769648417830467,-0.01357793714851141,-0.020469456911087036,-0.006094512529671192,0.8494102954864502,0.440909743309021,1,0.7071067690849304,-0.7071067690849304,0.0,0.2474873661994934,24,1,24,-0.24647563695907593,-0.23405200242996216,-0.2542104423046112
0.07220630372492837,0.0,0.0,0.5,1785360782.080081,-0.24647565186023712,-0.005328036844730377,-0.006758839823305607,0.4836215376853943,1,0.0,8,15623,plane_test,3.695014715194702,0.021769648417830467,-0.01357793714851141,-0.020469456911087036,-0.006094512529671192,0.8494102954864502,0.440909743309021,1,0.7071067690849304,-0.7071067690849304,0.0,0.2474873661994934,24,1,24,-0.24647563695907593,-0.23405200242996216,-0.2542104423046112
0.07421203438395414,0.0,0.0,0.5,1785360782.105163,-0.24647565186023712,-0.005328036844730377,-0.006758839823305607,0.4836215376853943,1,0.0,8,15623,plane_test,3.695014715194702,0.021769648417830467,-0.01357793714851141,-0.020469456911087036,-0.006094512529671192,0.8494102954864502,0.440909743309021,1,0.7071067690849304,-0.7071067690849304,0.0,0.2474873661994934,24,1,24,-0.24647563695907593,-0.23405200242996216,-0.2542104423046112
0.07621776504297995,0.0,0.0,0.5,1785360782.1279,-0.24647565186023712,-0.005328036844730377,-0.006758839823305607,0.4836215376853943,1,0.0,8,15623,plane_test,3.695014715194702,0.021769648417830467,-0.01357793714851141,-0.020469456911087036,-0.006094512529671192,0.8494102954864502,0.440909743309021,1,0.7071067690849304,-0.7071067690849304,0.0,0.2474873661994934,24,1,24,-0.24647563695907593,-0.23405200242996216,-0.2542104423046112
0.07822349570200572,0.0,0.0,0.5,1785360782.149844,-0.24647565186023712,-0.005328036844730377,-0.006758839823305607,0.4836215376853943,1,0.0,8,15623,plane_test,3.695014715194702,0.021769648417830467,-0.01357793714851141,-0.020469456911087036,-0.006094512529671192,0.8494102954864502,0.440909743309021,1,0.7071067690849304,-0.7071067690849304,0.0,0.2474873661994934,24,1,24,-0.24647563695907593,-0.23405200242996216,-0.2542104423046112
0.08022922636103152,0.0,0.0,0.5,1785360782.1710541,-0.24647565186023712,-0.005328036844730377,-0.006758839823305607,0.4836215376853943,1,0.0,8,15623,plane_test,3.695014715194702,0.021769648417830467,-0.01357793714851141,-0.020469456911087036,-0.006094512529671192,0.8494102954864502,0.440909743309021,1,0.7071067690849304,-0.7071067690849304,0.0,0.2474873661994934,24,1,24,-0.24647563695907593,-0.23405200242996216,-0.2542104423046112
0.0822349570200573,0.0,0.0,0.5,1785360782.193218,-0.24647565186023712,-0.005328036844730377,-0.006758839823305607,0.4836215376853943,1,0.0,8,15623,plane_test,3.695014715194702,0.021769648417830467,-0.01357793714851141,-0.020469456911087036,-0.006094512529671192,0.8494102954864502,0.440909743309021,1,0.7071067690849304,-0.7071067690849304,0.0,0.2474873661994934,24,1,24,-0.24647563695907593,-0.23405200242996216,-0.2542104423046112
0.08424068767908309,0.0,0.0,0.5,1785360782.213838,-0.24647565186023712,-0.005328036844730377,-0.006758839823305607,0.4836215376853943,1,0.0,8,15623,plane_test,3.695014715194702,0.021769648417830467,-0.01357793714851141,-0.020469456911087036,-0.006094512529671192,0.8494102954864502,0.440909743309021,1,0.7071067690849304,-0.7071067690849304,0.0,0.2474873661994934,24,1,24,-0.24647563695907593,-0.23405200242996216,-0.2542104423046112
0.08624641833810888,0.0,0.0,0.5,1785360782.2368262,-0.24647565186023712,-0.005328036844730377,-0.006758839823305607,0.4836215376853943,1,0.0,8,15623,plane_test,3.695014715194702,0.021769648417830467,-0.01357793714851141,-0.020469456911087036,-0.006094512529671192,0.8494102954864502,0.440909743309021,1,0.7071067690849304,-0.7071067690849304,0.0,0.2474873661994934,24,1,24,-0.24647563695907593,-0.23405200242996216,-0.2542104423046112
0.08825214899713467,0.0,0.0,0.5,1785360782.259572,-0.24647565186023712,-0.005328036844730377,-0.006758839823305607,0.4836215376853943,1,0.0,8,15623,plane_test,3.695014715194702,0.021769648417830467,-0.01357793714851141,-0.020469456911087036,-0.006094512529671192,0.8494102954864502,0.440909743309021,1,0.7071067690849304,-0.7071067690849304,0.0,0.2474873661994934,24,1,24,-0.24647563695907593,-0.23405200242996216,-0.2542104423046112
0.09025787965616044,0.0,0.0,0.5,1785360782.284575,-0.24647565186023712,-0.005328036844730377,-0.006758839823305607,0.4836215376853943,1,0.0,8,15623,plane_test,3.695014715194702,0.021769648417830467,-0.01357793714851141,-0.020469456911087036,-0.006094512529671192,0.8494102954864502,0.440909743309021,1,0.7071067690849304,-0.7071067690849304,0.0,0.2474873661994934,24,1,24,-0.24647563695907593,-0.23405200242996216,-0.2542104423046112
0.09226361031518623,0.0,0.0,0.5,1785360782.3052769,-0.24647565186023712,-0.005328036844730377,-0.006758839823305607,0.4836215376853943,1,0.0,8,15623,plane_test,3.695014715194702,0.021769648417830467,-0.01357793714851141,-0.020469456911087036,-0.006094512529671192,0.8494102954864502,0.440909743309021,1,0.7071067690849304,-0.7071067690849304,0.0,0.2474873661994934,24,1,24,-0.24647563695907593,-0.23405200242996216,-0.2542104423046112
0.09426934097421204,0.0,0.0,0.5,1785360782.329397,-0.24647565186023712,-0.005328036844730377,-0.006758839823305607,0.4836215376853943,1,0.0,8,15623,plane_test,3.695014715194702,0.021769648417830467,-0.01357793714851141,-0.020469456911087036,-0.006094512529671192,0.8494102954864502,0.440909743309021,1,0.7071067690849304,-0.7071067690849304,0.0,0.2474873661994934,24,1,24,-0.24647563695907593,-0.23405200242996216,-0.2542104423046112
0.09627507163323781,0.0,0.0,0.5,1785360782.353995,-0.24647565186023712,-0.005328036844730377,-0.006758839823305607,0.4836215376853943,1,0.0,8,15623,plane_test,3.695014715194702,0.021769648417830467,-0.01357793714851141,-0.020469456911087036,-0.006094512529671192,0.8494102954864502,0.440909743309021,1,0.7071067690849304,-0.7071067690849304,0.0,0.2474873661994934,24,1,24,-0.24647563695907593,-0.23405200242996216,-0.2542104423046112
0.0982808022922636,0.0,0.0,0.5,1785360782.376885,-0.24647565186023712,-0.005328036844730377,-0.006758839823305607,0.4836215376853943,1,0.0,8,15623,plane_test,3.695014715194702,0.021769648417830467,-0.01357793714851141,-0.020469456911087036,-0.006094512529671192,0.8494102954864502,0.440909743309021,1,0.7071067690849304,-0.7071067690849304,0.0,0.2474873661994934,24,1,24,-0.24647563695907593,-0.23405200242996216,-0.2542104423046112
0.10028653295128939,0.0,0.0,0.5,1785360782.398307,-0.24647565186023712,-0.005328036844730377,-0.006758839823305607,0.4836215376853943,1,0.0,8,15623,plane_test,3.695014715194702,0.021769648417830467,-0.01357793714851141,-0.020469456911087036,-0.006094512529671192,0.8494102954864502,0.440909743309021,1,0.7071067690849304,-0.7071067690849304,0.0,0.2474873661994934,24,1,24,-0.24647563695907593,-0.23405200242996216,-0.2542104423046112
0.1022922636103152,0.0,0.0,0.5,1785360782.418844,-0.24647565186023712,-0.005328036844730377,-0.006758839823305607,0.4836215376853943,1,0.0,8,15623,plane_test,3.695014715194702,0.021769648417830467,-0.01357793714851141,-0.020469456911087036,-0.006094512529671192,0.8494102954864502,0.440909743309021,1,0.7071067690849304,-0.7071067690849304,0.0,0.2474873661994934,24,1,24,-0.24647563695907593,-0.23405200242996216,-0.2542104423046112
0.10429799426934097,0.0,0.0,0.5,1785360782.4419441,-0.24647565186023712,-0.005328036844730377,-0.006758839823305607,0.4836215376853943,1,0.0,8,15623,plane_test,3.695014715194702,0.021769648417830467,-0.01357793714851141,-0.020469456911087036,-0.006094512529671192,0.8494102954864502,0.440909743309021,1,0.7071067690849304,-0.7071067690849304,0.0,0.2474873661994934,24,1,24,-0.24647563695907593,-0.23405200242996216,-0.2542104423046112
0.10630372492836676,0.0,0.0,0.5,1785360782.4627252,-0.24647565186023712,-0.005328036844730377,-0.006758839823305607,0.4836215376853943,1,0.0,8,15623,plane_test,3.695014715194702,0.021769648417830467,-0.01357793714851141,-0.020469456911087036,-0.006094512529671192,0.8494102954864502,0.440909743309021,1,0.7071067690849304,-0.7071067690849304,0.0,0.2474873661994934,24,1,24,-0.24647563695907593,-0.23405200242996216,-0.2542104423046112
0.10830945558739254,0.0,0.0,0.5,1785360782.486403,-0.24647565186023712,-0.005328036844730377,-0.006758839823305607,0.4836215376853943,1,0.0,8,15623,plane_test,3.695014715194702,0.021769648417830467,-0.01357793714851141,-0.020469456911087036,-0.006094512529671192,0.8494102954864502,0.440909743309021,1,0.7071067690849304,-0.7071067690849304,0.0,0.2474873661994934,24,1,24,-0.24647563695907593,-0.23405200242996216,-0.2542104423046112
0.11031518624641833,0.0,0.0,0.5,1785360782.511484,-0.24647565186023712,-0.005328036844730377,-0.006758839823305607,0.4836215376853943,1,0.0,8,15623,plane_test,3.695014715194702,0.021769648417830467,-0.01357793714851141,-0.020469456911087036,-0.006094512529671192,0.8494102954864502,0.440909743309021,1,0.7071067690849304,-0.7071067690849304,0.0,0.2474873661994934,24,1,24,-0.24647563695907593,-0.23405200242996216,-0.2542104423046112
0.11232091690544413,0.0,0.0,0.5,1785360782.533889,-0.24647565186023712,-0.005328036844730377,-0.006758839823305607,0.4836215376853943,1,0.0,8,15623,plane_test,3.695014715194702,0.021769648417830467,-0.01357793714851141,-0.020469456911087036,-0.006094512529671192,0.8494102954864502,0.440909743309021,1,0.7071067690849304,-0.7071067690849304,0.0,0.2474873661994934,24,1,24,-0.24647563695907593,-0.23405200242996216,-0.2542104423046112
0.1143266475644699,0.0,0.0,0.5,1785360782.558996,-0.24647565186023712,-0.005328036844730377,-0.006758839823305607,0.4836215376853943,1,0.0,8,15623,plane_test,3.695014715194702,0.021769648417830467,-0.01357793714851141,-0.020469456911087036,-0.006094512529671192,0.8494102954864502,0.440909743309021,1,0.7071067690849304,-0.7071067690849304,0.0,0.2474873661994934,24,1,24,-0.24647563695907593,-0.23405200242996216,-0.2542104423046112
0.1163323782234957,0.0,0.0,0.5,1785360782.583067,-0.24647565186023712,-0.005328036844730377,-0.006758839823305607,0.4836215376853943,1,0.0,8,15623,plane_test,3.695014715194702,0.021769648417830467,-0.01357793714851141,-0.020469456911087036,-0.006094512529671192,0.8494102954864502,0.440909743309021,1,0.7071067690849304,-0.7071067690849304,0.0,0.2474873661994934,24,1,24,-0.24647563695907593,-0.23405200242996216,-0.2542104423046112
0.11833810888252148,0.0,0.0,0.5,1785360782.603848,-0.24647565186023712,-0.005328036844730377,-0.006758839823305607,0.4836215376853943,1,0.0,8,15623,plane_test,3.695014715194702,0.021769648417830467,-0.01357793714851141,-0.020469456911087036,-0.006094512529671192,0.8494102954864502,0.440909743309021,1,0.7071067690849304,-0.7071067690849304,0.0,0.2474873661994934,24,1,24,-0.24647563695907593,-0.23405200242996216,-0.2542104423046112
0.12034383954154726,0.0,0.0,0.5,1785360782.6262789,-0.24647565186023712,-0.005328036844730377,-0.006758839823305607,0.4836215376853943,1,0.0,8,15623,plane_test,3.695014715194702,0.021769648417830467,-0.01357793714851141,-0.020469456911087036,-0.006094512529671192,0.8494102954864502,0.440909743309021,1,0.7071067690849304,-0.7071067690849304,0.0,0.2474873661994934,24,1,24,-0.24647563695907593,-0.23405200242996216,-0.2542104423046112
0.12234957020057306,0.0,0.0,0.5,1785360782.647842,-0.24647565186023712,-0.005328036844730377,-0.006758839823305607,0.4836215376853943,1,0.0,8,15623,plane_test,3.695014715194702,0.021769648417830467,-0.01357793714851141,-0.020469456911087036,-0.006094512529671192,0.8494102954864502,0.440909743309021,1,0.7071067690849304,-0.7071067690849304,0.0,0.2474873661994934,24,1,24,-0.24647563695907593,-0.23405200242996216,-0.2542104423046112
0.12435530085959885,0.0,0.0,0.5,1785360782.670165,-0.24647565186023712,-0.005328036844730377,-0.006758839823305607,0.4836215376853943,1,0.0,8,15623,plane_test,3.695014715194702,0.021769648417830467,-0.01357793714851141,-0.020469456911087036,-0.006094512529671192,0.8494102954864502,0.440909743309021,1,0.7071067690849304,-0.7071067690849304,0.0,0.2474873661994934,24,1,24,-0.24647563695907593,-0.23405200242996216,-0.2542104423046112
0.12636103151862463,0.0,0.0,0.5,1785360782.6932428,-0.24647565186023712,-0.005328036844730377,-0.006758839823305607,0.4836215376853943,1,0.0,8,15623,plane_test,3.695014715194702,0.021769648417830467,-0.01357793714851141,-0.020469456911087036,-0.006094512529671192,0.8494102954864502,0.440909743309021,1,0.7071067690849304,-0.7071067690849304,0.0,0.2474873661994934,24,1,24,-0.24647563695907593,-0.23405200242996216,-0.2542104423046112
0.12836676217765042,0.0,0.0,0.5,1785360782.717901,-0.24647565186023712,-0.005328036844730377,-0.006758839823305607,0.4836215376853943,1,0.0,8,15623,plane_test,3.695014715194702,0.021769648417830467,-0.01357793714851141,-0.020469456911087036,-0.006094512529671192,0.8494102954864502,0.440909743309021,1,0.7071067690849304,-0.7071067690849304,0.0,0.2474873661994934,24,1,24,-0.24647563695907593,-0.23405200242996216,-0.2542104423046112
0.1303724928366762,0.0,0.0,0.5,1785360782.7423491,-0.24647565186023712,-0.005328036844730377,-0.006758839823305607,0.4836215376853943,1,0.0,8,15623,plane_test,3.695014715194702,0.021769648417830467,-0.01357793714851141,-0.020469456911087036,-0.006094512529671192,0.8494102954864502,0.440909743309021,1,0.7071067690849304,-0.7071067690849304,0.0,0.2474873661994934,24,1,24,-0.24647563695907593,-0.23405200242996216,-0.2542104423046112
0.132378223495702,0.0,0.0,0.5,1785360782.767434,-0.24647565186023712,-0.005328036844730377,-0.006758839823305607,0.4836215376853943,1,0.0,8,15623,plane_test,3.695014715194702,0.021769648417830467,-0.01357793714851141,-0.020469456911087036,-0.006094512529671192,0.8494102954864502,0.440909743309021,1,0.7071067690849304,-0.7071067690849304,0.0,0.2474873661994934,24,1,24,-0.24647563695907593,-0.23405200242996216,-0.2542104423046112
0.13438395415472779,0.0,0.0,0.5,1785360782.7893288,-0.24647565186023712,-0.005328036844730377,-0.006758839823305607,0.4836215376853943,1,0.0,8,15623,plane_test,3.695014715194702,0.021769648417830467,-0.01357793714851141,-0.020469456911087036,-0.006094512529671192,0.8494102954864502,0.440909743309021,1,0.7071067690849304,-0.7071067690849304,0.0,0.2474873661994934,24,1,24,-0.24647563695907593,-0.23405200242996216,-0.2542104423046112
0.13638968481375358,0.0,0.0,0.5,1785360782.8140879,-0.24647565186023712,-0.005328036844730377,-0.006758839823305607,0.4836215376853943,1,0.0,8,15623,plane_test,3.695014715194702,0.021769648417830467,-0.01357793714851141,-0.020469456911087036,-0.006094512529671192,0.8494102954864502,0.440909743309021,1,0.7071067690849304,-0.7071067690849304,0.0,0.2474873661994934,24,1,24,-0.24647563695907593,-0.23405200242996216,-0.2542104423046112
0.13839541547277937,0.0,0.0,0.5,1785360782.8356612,-0.24647565186023712,-0.005328036844730377,-0.006758839823305607,0.4836215376853943,1,0.0,8,15623,plane_test,3.695014715194702,0.021769648417830467,-0.01357793714851141,-0.020469456911087036,-0.006094512529671192,0.8494102954864502,0.440909743309021,1,0.7071067690849304,-0.7071067690849304,0.0,0.2474873661994934,24,1,24,-0.24647563695907593,-0.23405200242996216,-0.2542104423046112
0.14040114613180513,0.0,0.0,0.5,1785360782.860775,-0.24647565186023712,-0.005328036844730377,-0.006758839823305607,0.4836215376853943,1,0.0,8,15623,plane_test,3.695014715194702,0.021769648417830467,-0.01357793714851141,-0.020469456911087036,-0.006094512529671192,0.8494102954864502,0.440909743309021,1,0.7071067690849304,-0.7071067690849304,0.0,0.2474873661994934,24,1,24,-0.24647563695907593,-0.23405200242996216,-0.2542104423046112
0.14240687679083094,0.0,0.0,0.5,1785360782.8819,-0.24647565186023712,-0.005328036844730377,-0.006758839823305607,0.4836215376853943,1,0.0,8,15623,plane_test,3.695014715194702,0.021769648417830467,-0.01357793714851141,-0.020469456911087036,-0.006094512529671192,0.8494102954864502,0.440909743309021,1,0.7071067690849304,-0.7071067690849304,0.0,0.2474873661994934,24,1,24,-0.24647563695907593,-0.23405200242996216,-0.2542104423046112
0.14441260744985673,0.0,0.0,0.5,1785360782.902858,-0.24647565186023712,-0.005328036844730377,-0.006758839823305607,0.4836215376853943,1,0.0,8,15623,plane_test,3.695014715194702,0.021769648417830467,-0.01357793714851141,-0.020469456911087036,-0.006094512529671192,0.8494102954864502,0.440909743309021,1,0.7071067690849304,-0.7071067690849304,0.0,0.2474873661994934,24,1,24,-0.24647563695907593,-0.23405200242996216,-0.2542104423046112
0.14641833810888252,0.0,0.0,0.5,1785360782.926377,-0.24647565186023712,-0.005328036844730377,-0.006758839823305607,0.4836215376853943,1,0.0,8,15623,plane_test,3.695014715194702,0.021769648417830467,-0.01357793714851141,-0.020469456911087036,-0.006094512529671192,0.8494102954864502,0.440909743309021,1,0.7071067690849304,-0.7071067690849304,0.0,0.2474873661994934,24,1,24,-0.24647563695907593,-0.23405200242996216,-0.2542104423046112
0.14842406876790828,0.0,0.0,0.5,1785360782.9514601,-0.24647565186023712,-0.005328036844730377,-0.006758839823305607,0.4836215376853943,1,0.0,8,15623,plane_test,3.695014715194702,0.021769648417830467,-0.01357793714851141,-0.020469456911087036,-0.006094512529671192,0.8494102954864502,0.440909743309021,1,0.7071067690849304,-0.7071067690849304,0.0,0.2474873661994934,24,1,24,-0.24647563695907593,-0.23405200242996216,-0.2542104423046112
0.15042979942693407,0.0,0.0,0.5,1785360782.974876,-0.24647565186023712,-0.005328036844730377,-0.006758839823305607,0.4836215376853943,1,0.0,8,15623,plane_test,3.695014715194702,0.021769648417830467,-0.01357793714851141,-0.020469456911087036,-0.006094512529671192,0.8494102954864502,0.440909743309021,1,0.7071067690849304,-0.7071067690849304,0.0,0.2474873661994934,24,1,24,-0.24647563695907593,-0.23405200242996216,-0.2542104423046112
0.1524355300859599,0.0,0.0,0.5,1785360782.9958458,-0.24647565186023712,-0.005328036844730377,-0.006758839823305607,0.4836215376853943,1,0.0,8,15623,plane_test,3.695014715194702,0.021769648417830467,-0.01357793714851141,-0.020469456911087036,-0.006094512529671192,0.8494102954864502,0.440909743309021,1,0.7071067690849304,-0.7071067690849304,0.0,0.2474873661994934,24,1,24,-0.24647563695907593,-0.23405200242996216,-0.2542104423046112
0.15444126074498565,0.0,0.0,0.5,1785360783.020489,-0.24647565186023712,-0.005328036844730377,-0.006758839823305607,0.4836215376853943,1,0.0,8,15623,plane_test,3.695014715194702,0.021769648417830467,-0.01357793714851141,-0.020469456911087036,-0.006094512529671192,0.8494102954864502,0.440909743309021,1,0.7071067690849304,-0.7071067690849304,0.0,0.2474873661994934,24,1,24,-0.24647563695907593,-0.23405200242996216,-0.2542104423046112
0.15644699140401144,0.0,0.0,0.5,1785360783.043843,-0.24647565186023712,-0.005328036844730377,-0.006758839823305607,0.4836215376853943,1,0.0,8,15623,plane_test,3.695014715194702,0.021769648417830467,-0.01357793714851141,-0.020469456911087036,-0.006094512529671192,0.8494102954864502,0.440909743309021,1,0.7071067690849304,-0.7071067690849304,0.0,0.2474873661994934,24,1,24,-0.24647563695907593,-0.23405200242996216,-0.2542104423046112
0.15845272206303723,0.0,0.0,0.5,1785360783.0669508,-0.24647565186023712,-0.005328036844730377,-0.006758839823305607,0.4836215376853943,1,0.0,8,15623,plane_test,3.695014715194702,0.021769648417830467,-0.01357793714851141,-0.020469456911087036,-0.006094512529671192,0.8494102954864502,0.440909743309021,1,0.7071067690849304,-0.7071067690849304,0.0,0.2474873661994934,24,1,24,-0.24647563695907593,-0.23405200242996216,-0.2542104423046112
0.16045845272206305,0.0,0.0,0.5,1785360783.091281,-0.24647565186023712,-0.005328036844730377,-0.006758839823305607,0.4836215376853943,1,0.0,8,15623,plane_test,3.695014715194702,0.021769648417830467,-0.01357793714851141,-0.020469456911087036,-0.006094512529671192,0.8494102954864502,0.440909743309021,1,0.7071067690849304,-0.7071067690849304,0.0,0.2474873661994934,24,1,24,-0.24647563695907593,-0.23405200242996216,-0.2542104423046112
0.1624641833810888,0.0,0.0,0.5,1785360783.112911,-0.24647565186023712,-0.005328036844730377,-0.006758839823305607,0.4836215376853943,1,0.0,8,15623,plane_test,3.695014715194702,0.021769648417830467,-0.01357793714851141,-0.020469456911087036,-0.006094512529671192,0.8494102954864502,0.440909743309021,1,0.7071067690849304,-0.7071067690849304,0.0,0.2474873661994934,24,1,24,-0.24647563695907593,-0.23405200242996216,-0.2542104423046112
0.1644699140401146,0.0,0.0,0.5,1785360783.1340868,-0.24647565186023712,-0.005328036844730377,-0.006758839823305607,0.4836215376853943,1,0.0,8,15623,plane_test,3.695014715194702,0.021769648417830467,-0.01357793714851141,-0.020469456911087036,-0.006094512529671192,0.8494102954864502,0.440909743309021,1,0.7071067690849304,-0.7071067690849304,0.0,0.2474873661994934,24,1,24,-0.24647563695907593,-0.23405200242996216,-0.2542104423046112
0.1664756446991404,0.0,0.0,0.5,1785360783.1548438,-0.24647565186023712,-0.005328036844730377,-0.006758839823305607,0.4836215376853943,1,0.0,8,15623,plane_test,3.695014715194702,0.021769648417830467,-0.01357793714851141,-0.020469456911087036,-0.006094512529671192,0.8494102954864502,0.440909743309021,1,0.7071067690849304,-0.7071067690849304,0.0,0.2474873661994934,24,1,24,-0.24647563695907593,-0.23405200242996216,-0.2542104423046112
0.16848137535816618,0.0,0.0,0.5,1785360783.176874,-0.24647565186023712,-0.005328036844730377,-0.006758839823305607,0.4836215376853943,1,0.0,8,15623,plane_test,3.695014715194702,0.021769648417830467,-0.01357793714851141,-0.020469456911087036,-0.006094512529671192,0.8494102954864502,0.440909743309021,1,0.7071067690849304,-0.7071067690849304,0.0,0.2474873661994934,24,1,24,-0.24647563695907593,-0.23405200242996216,-0.2542104423046112
0.17048710601719197,0.0,0.0,0.5,1785360783.201843,-0.24647565186023712,-0.005328036844730377,-0.006758839823305607,0.4836215376853943,1,0.0,8,15623,plane_test,3.695014715194702,0.021769648417830467,-0.01357793714851141,-0.020469456911087036,-0.006094512529671192,0.8494102954864502,0.440909743309021,1,0.7071067690849304,-0.7071067690849304,0.0,0.2474873661994934,24,1,24,-0.24647563695907593,-0.23405200242996216,-0.2542104423046112
0.17249283667621776,0.0,0.0,0.5,1785360783.226933,-0.24647565186023712,-0.005328036844730377,-0.006758839823305607,0.4836215376853943,1,0.0,8,15623,plane_test,3.695014715194702,0.021769648417830467,-0.01357793714851141,-0.020469456911087036,-0.006094512529671192,0.8494102954864502,0.440909743309021,1,0.7071067690849304,-0.7071067690849304,0.0,0.2474873661994934,24,1,24,-0.24647563695907593,-0.23405200242996216,-0.2542104423046112
0.17449856733524355,0.0,0.0,0.5,1785360783.25204,-0.24647565186023712,-0.005328036844730377,-0.006758839823305607,0.4836215376853943,1,0.0,8,15623,plane_test,3.695014715194702,0.021769648417830467,-0.01357793714851141,-0.020469456911087036,-0.006094512529671192,0.8494102954864502,0.440909743309021,1,0.7071067690849304,-0.7071067690849304,0.0,0.2474873661994934,24,1,24,-0.24647563695907593,-0.23405200242996216,-0.2542104423046112
0.17650429799426934,0.0,0.0,0.5,1785360783.274841,-0.24647565186023712,-0.005328036844730377,-0.006758839823305607,0.4836215376853943,1,0.0,8,15623,plane_test,3.695014715194702,0.021769648417830467,-0.01357793714851141,-0.020469456911087036,-0.006094512529671192,0.8494102954864502,0.440909743309021,1,0.7071067690849304,-0.7071067690849304,0.0,0.2474873661994934,24,1,24,-0.24647563695907593,-0.23405200242996216,-0.2542104423046112
0.1785100286532951,0.0,0.0,0.5,1785360783.297884,-0.24647565186023712,-0.005328036844730377,-0.006758839823305607,0.4836215376853943,1,0.0,8,15623,plane_test,3.695014715194702,0.021769648417830467,-0.01357793714851141,-0.020469456911087036,-0.006094512529671192,0.8494102954864502,0.440909743309021,1,0.7071067690849304,-0.7071067690849304,0.0,0.2474873661994934,24,1,24,-0.24647563695907593,-0.23405200242996216,-0.2542104423046112
0.1805157593123209,0.0,0.0,0.5,1785360783.323033,-0.24647565186023712,-0.005328036844730377,-0.006758839823305607,0.4836215376853943,1,0.0,8,15623,plane_test,3.695014715194702,0.021769648417830467,-0.01357793714851141,-0.020469456911087036,-0.006094512529671192,0.8494102954864502,0.440909743309021,1,0.7071067690849304,-0.7071067690849304,0.0,0.2474873661994934,24,1,24,-0.24647563695907593,-0.23405200242996216,-0.2542104423046112
0.18252148997134668,0.0,0.0,0.5,1785360783.343616,-0.24647565186023712,-0.005328036844730377,-0.006758839823305607,0.4836215376853943,1,0.0,8,15623,plane_test,3.695014715194702,0.021769648417830467,-0.01357793714851141,-0.020469456911087036,-0.006094512529671192,0.8494102954864502,0.440909743309021,1,0.7071067690849304,-0.7071067690849304,0.0,0.2474873661994934,24,1,24,-0.24647563695907593,-0.23405200242996216,-0.2542104423046112
0.18452722063037247,0.0,0.0,0.5,1785360783.3640351,-0.24647565186023712,-0.005328036844730377,-0.006758839823305607,0.4836215376853943,1,0.0,8,15623,plane_test,3.695014715194702,0.021769648417830467,-0.01357793714851141,-0.020469456911087036,-0.006094512529671192,0.8494102954864502,0.440909743309021,1,0.7071067690849304,-0.7071067690849304,0.0,0.2474873661994934,24,1,24,-0.24647563695907593,-0.23405200242996216,-0.2542104423046112
0.18653295128939829,0.0,0.0,0.5,1785360783.38816,-0.24647565186023712,-0.005328036844730377,-0.006758839823305607,0.4836215376853943,1,0.0,8,15623,plane_test,3.695014715194702,0.021769648417830467,-0.01357793714851141,-0.020469456911087036,-0.006094512529671192,0.8494102954864502,0.440909743309021,1,0.7071067690849304,-0.7071067690849304,0.0,0.2474873661994934,24,1,24,-0.24647563695907593,-0.23405200242996216,-0.2542104423046112
0.18853868194842408,0.0,0.0,0.5,1785360783.410872,-0.24647565186023712,-0.005328036844730377,-0.006758839823305607,0.4836215376853943,1,0.0,8,15623,plane_test,3.695014715194702,0.021769648417830467,-0.01357793714851141,-0.020469456911087036,-0.006094512529671192,0.8494102954864502,0.440909743309021,1,0.7071067690849304,-0.7071067690849304,0.0,0.2474873661994934,24,1,24,-0.24647563695907593,-0.23405200242996216,-0.2542104423046112
0.19054441260744986,0.0,0.0,0.5,1785360783.434258,-0.24647565186023712,-0.005328036844730377,-0.006758839823305607,0.4836215376853943,1,0.0,8,15623,plane_test,3.695014715194702,0.021769648417830467,-0.01357793714851141,-0.020469456911087036,-0.006094512529671192,0.8494102954864502,0.440909743309021,1,0.7071067690849304,-0.7071067690849304,0.0,0.2474873661994934,24,1,24,-0.24647563695907593,-0.23405200242996216,-0.2542104423046112
0.19255014326647563,0.0,0.0,0.5,1785360783.456233,-0.24647565186023712,-0.005328036844730377,-0.006758839823305607,0.4836215376853943,1,0.0,8,15623,plane_test,3.695014715194702,0.021769648417830467,-0.01357793714851141,-0.020469456911087036,-0.006094512529671192,0.8494102954864502,0.440909743309021,1,0.7071067690849304,-0.7071067690849304,0.0,0.2474873661994934,24,1,24,-0.24647563695907593,-0.23405200242996216,-0.2542104423046112
0.19455587392550142,0.0,0.0,0.5,1785360783.4788532,-0.24647565186023712,-0.005328036844730377,-0.006758839823305607,0.4836215376853943,1,0.0,8,15623,plane_test,3.695014715194702,0.021769648417830467,-0.01357793714851141,-0.020469456911087036,-0.006094512529671192,0.8494102954864502,0.440909743309021,1,0.7071067690849304,-0.7071067690849304,0.0,0.2474873661994934,24,1,24,-0.24647563695907593,-0.23405200242996216,-0.2542104423046112
0.1965616045845272,0.0,0.0,0.5,1785360783.4999108,-0.24647565186023712,-0.005328036844730377,-0.006758839823305607,0.4836215376853943,1,0.0,8,15623,plane_test,3.695014715194702,0.021769648417830467,-0.01357793714851141,-0.020469456911087036,-0.006094512529671192,0.8494102954864502,0.440909743309021,1,0.7071067690849304,-0.7071067690849304,0.0,0.2474873661994934,24,1,24,-0.24647563695907593,-0.23405200242996216,-0.2542104423046112
0.198567335243553,0.0,0.0,0.5,1785360783.524846,-0.24647565186023712,-0.005328036844730377,-0.006758839823305607,0.4836215376853943,1,0.0,8,15623,plane_test,3.695014715194702,0.021769648417830467,-0.01357793714851141,-0.020469456911087036,-0.006094512529671192,0.8494102954864502,0.440909743309021,1,0.7071067690849304,-0.7071067690849304,0.0,0.2474873661994934,24,1,24,-0.24647563695907593,-0.23405200242996216,-0.2542104423046112
0.20057306590257878,0.0,0.0,0.5,1785360783.5461051,-0.24647565186023712,-0.005328036844730377,-0.006758839823305607,0.4836215376853943,1,0.0,8,15623,plane_test,3.695014715194702,0.021769648417830467,-0.01357793714851141,-0.020469456911087036,-0.006094512529671192,0.8494102954864502,0.440909743309021,1,0.7071067690849304,-0.7071067690849304,0.0,0.2474873661994934,24,1,24,-0.24647563695907593,-0.23405200242996216,-0.2542104423046112
0.20257879656160455,0.0,0.0,0.5,1785360783.570553,-0.24647565186023712,-0.005328036844730377,-0.006758839823305607,0.4836215376853943,1,0.0,8,15623,plane_test,3.695014715194702,0.021769648417830467,-0.01357793714851141,-0.020469456911087036,-0.006094512529671192,0.8494102954864502,0.440909743309021,1,0.7071067690849304,-0.7071067690849304,0.0,0.2474873661994934,24,1,24,-0.24647563695907593,-0.23405200242996216,-0.2542104423046112
0.2045845272206304,0.0,0.0,0.5,1785360783.59285,-0.24647565186023712,-0.005328036844730377,-0.006758839823305607,0.4836215376853943,1,0.0,8,15623,plane_test,3.695014715194702,0.021769648417830467,-0.01357793714851141,-0.020469456911087036,-0.006094512529671192,0.8494102954864502,0.440909743309021,1,0.7071067690849304,-0.7071067690849304,0.0,0.2474873661994934,24,1,24,-0.24647563695907593,-0.23405200242996216,-0.2542104423046112
0.20659025787965615,0.0,0.0,0.5,1785360783.6179159,-0.24647565186023712,-0.005328036844730377,-0.006758839823305607,0.4836215376853943,1,0.0,8,15623,plane_test,3.695014715194702,0.021769648417830467,-0.01357793714851141,-0.020469456911087036,-0.006094512529671192,0.8494102954864502,0.440909743309021,1,0.7071067690849304,-0.7071067690849304,0.0,0.2474873661994934,24,1,24,-0.24647563695907593,-0.23405200242996216,-0.2542104423046112
0.20859598853868194,0.0,0.0,0.5,1785360783.639898,-0.24647565186023712,-0.005328036844730377,-0.006758839823305607,0.4836215376853943,1,0.0,8,15623,plane_test,3.695014715194702,0.021769648417830467,-0.01357793714851141,-0.020469456911087036,-0.006094512529671192,0.8494102954864502,0.440909743309021,1,0.7071067690849304,-0.7071067690849304,0.0,0.2474873661994934,24,1,24,-0.24647563695907593,-0.23405200242996216,-0.2542104423046112
0.21060171919770773,0.0,0.0,0.5,1785360783.6627688,-0.24647565186023712,-0.005328036844730377,-0.006758839823305607,0.4836215376853943,1,0.0,8,15623,plane_test,3.695014715194702,0.021769648417830467,-0.01357793714851141,-0.020469456911087036,-0.006094512529671192,0.8494102954864502,0.440909743309021,1,0.7071067690849304,-0.7071067690849304,0.0,0.2474873661994934,24,1,24,-0.24647563695907593,-0.23405200242996216,-0.2542104423046112
0.21260744985673352,0.0,0.0,0.5,1785360783.6829472,-0.24647565186023712,-0.005328036844730377,-0.006758839823305607,0.4836215376853943,1,0.0,8,15623,plane_test,3.695014715194702,0.021769648417830467,-0.01357793714851141,-0.020469456911087036,-0.006094512529671192,0.8494102954864502,0.440909743309021,1,0.7071067690849304,-0.7071067690849304,0.0,0.2474873661994934,24,1,24,-0.24647563695907593,-0.23405200242996216,-0.2542104423046112
0.2146131805157593,0.0,0.0,0.5,1785360783.704384,-0.24647565186023712,-0.005328036844730377,-0.006758839823305607,0.4836215376853943,1,0.0,8,15623,plane_test,3.695014715194702,0.021769648417830467,-0.01357793714851141,-0.020469456911087036,-0.006094512529671192,0.8494102954864502,0.440909743309021,1,0.7071067690849304,-0.7071067690849304,0.0,0.2474873661994934,24,1,24,-0.24647563695907593,-0.23405200242996216,-0.2542104423046112
0.21661891117478507,0.0,0.0,0.5,1785360783.729387,-0.24647565186023712,-0.005328036844730377,-0.006758839823305607,0.4836215376853943,1,0.0,8,15623,plane_test,3.695014715194702,0.021769648417830467,-0.01357793714851141,-0.020469456911087036,-0.006094512529671192,0.8494102954864502,0.440909743309021,1,0.7071067690849304,-0.7071067690849304,0.0,0.2474873661994934,24,1,24,-0.24647563695907593,-0.23405200242996216,-0.2542104423046112
0.21862464183381086,0.0,0.0,0.5,1785360783.749826,-0.24647565186023712,-0.005328036844730377,-0.006758839823305607,0.4836215376853943,1,0.0,8,15623,plane_test,3.695014715194702,0.021769648417830467,-0.01357793714851141,-0.020469456911087036,-0.006094512529671192,0.8494102954864502,0.440909743309021,1,0.7071067690849304,-0.7071067690849304,0.0,0.2474873661994934,24,1,24,-0.24647563695907593,-0.23405200242996216,-0.2542104423046112
0.22063037249283665,0.0,0.0,0.5,1785360783.772248,-0.24647565186023712,-0.005328036844730377,-0.006758839823305607,0.4836215376853943,1,0.0,8,15623,plane_test,3.695014715194702,0.021769648417830467,-0.01357793714851141,-0.020469456911087036,-0.006094512529671192,0.8494102954864502,0.440909743309021,1,0.7071067690849304,-0.7071067690849304,0.0,0.2474873661994934,24,1,24,-0.24647563695907593,-0.23405200242996216,-0.2542104423046112
0.22263610315186244,0.0,0.0,0.5,1785360783.79485,-0.24647565186023712,-0.005328036844730377,-0.006758839823305607,0.4836215376853943,1,0.0,8,15623,plane_test,3.695014715194702,0.021769648417830467,-0.01357793714851141,-0.020469456911087036,-0.006094512529671192,0.8494102954864502,0.440909743309021,1,0.7071067690849304,-0.7071067690849304,0.0,0.2474873661994934,24,1,24,-0.24647563695907593,-0.23405200242996216,-0.2542104423046112
0.22464183381088826,0.0,0.0,0.5,1785360783.819923,-0.24647565186023712,-0.005328036844730377,-0.006758839823305607,0.4836215376853943,1,0.0,8,15623,plane_test,3.695014715194702,0.021769648417830467,-0.01357793714851141,-0.020469456911087036,-0.006094512529671192,0.8494102954864502,0.440909743309021,1,0.7071067690849304,-0.7071067690849304,0.0,0.2474873661994934,24,1,24,-0.24647563695907593,-0.23405200242996216,-0.2542104423046112
0.22664756446991405,0.0,0.0,0.5,1785360783.842902,-0.24647565186023712,-0.005328036844730377,-0.006758839823305607,0.4836215376853943,1,0.0,8,15623,plane_test,3.695014715194702,0.021769648417830467,-0.01357793714851141,-0.020469456911087036,-0.006094512529671192,0.8494102954864502,0.440909743309021,1,0.7071067690849304,-0.7071067690849304,0.0,0.2474873661994934,24,1,24,-0.24647563695907593,-0.23405200242996216,-0.2542104423046112
0.2286532951289398,0.0,0.0,0.5,1785360783.867738,-0.24647565186023712,-0.005328036844730377,-0.006758839823305607,0.4836215376853943,1,0.0,8,15623,plane_test,3.695014715194702,0.021769648417830467,-0.01357793714851141,-0.020469456911087036,-0.006094512529671192,0.8494102954864502,0.440909743309021,1,0.7071067690849304,-0.7071067690849304,0.0,0.2474873661994934,24,1,24,-0.24647563695907593,-0.23405200242996216,-0.2542104423046112
0.2306590257879656,0.0,0.0,0.5,1785360783.891846,-0.24647565186023712,-0.005328036844730377,-0.006758839823305607,0.4836215376853943,1,0.0,8,15623,plane_test,3.695014715194702,0.021769648417830467,-0.01357793714851141,-0.020469456911087036,-0.006094512529671192,0.8494102954864502,0.440909743309021,1,0.7071067690849304,-0.7071067690849304,0.0,0.2474873661994934,24,1,24,-0.24647563695907593,-0.23405200242996216,-0.2542104423046112
0.2326647564469914,0.0,0.0,0.5,1785360783.915841,-0.24647565186023712,-0.005328036844730377,-0.006758839823305607,0.4836215376853943,1,0.0,8,15623,plane_test,3.695014715194702,0.021769648417830467,-0.01357793714851141,-0.020469456911087036,-0.006094512529671192,0.8494102954864502,0.440909743309021,1,0.7071067690849304,-0.7071067690849304,0.0,0.2474873661994934,24,1,24,-0.24647563695907593,-0.23405200242996216,-0.2542104423046112
0.23467048710601718,0.0,0.0,0.5,1785360783.937719,-0.24647565186023712,-0.005328036844730377,-0.006758839823305607,0.4836215376853943,1,0.0,8,15623,plane_test,3.695014715194702,0.021769648417830467,-0.01357793714851141,-0.020469456911087036,-0.006094512529671192,0.8494102954864502,0.440909743309021,1,0.7071067690849304,-0.7071067690849304,0.0,0.2474873661994934,24,1,24,-0.24647563695907593,-0.23405200242996216,-0.2542104423046112
0.23667621776504297,0.0,0.0,0.5,1785360783.957846,-0.24647565186023712,-0.005328036844730377,-0.006758839823305607,0.4836215376853943,1,0.0,8,15623,plane_test,3.695014715194702,0.021769648417830467,-0.01357793714851141,-0.020469456911087036,-0.006094512529671192,0.8494102954864502,0.440909743309021,1,0.7071067690849304,-0.7071067690849304,0.0,0.2474873661994934,24,1,24,-0.24647563695907593,-0.23405200242996216,-0.2542104423046112
0.23868194842406873,0.0,0.0,0.5,1785360783.980916,-0.24647565186023712,-0.005328036844730377,-0.006758839823305607,0.4836215376853943,1,0.0,8,15623,plane_test,3.695014715194702,0.021769648417830467,-0.01357793714851141,-0.020469456911087036,-0.006094512529671192,0.8494102954864502,0.440909743309021,1,0.7071067690849304,-0.7071067690849304,0.0,0.2474873661994934,24,1,24,-0.24647563695907593,-0.23405200242996216,-0.2542104423046112
0.24068767908309452,0.0,0.0,0.5,1785360784.004411,-0.24647565186023712,-0.005328036844730377,-0.006758839823305607,0.4836215376853943,1,0.0,8,15623,plane_test,3.695014715194702,0.021769648417830467,-0.01357793714851141,-0.020469456911087036,-0.006094512529671192,0.8494102954864502,0.440909743309021,1,0.7071067690849304,-0.7071067690849304,0.0,0.2474873661994934,24,1,24,-0.24647563695907593,-0.23405200242996216,-0.2542104423046112
0.2426934097421203,0.0,0.0,0.5,1785360784.025951,-0.24647565186023712,-0.005328036844730377,-0.006758839823305607,0.4836215376853943,1,0.0,8,15623,plane_test,3.695014715194702,0.021769648417830467,-0.01357793714851141,-0.020469456911087036,-0.006094512529671192,0.8494102954864502,0.440909743309021,1,0.7071067690849304,-0.7071067690849304,0.0,0.2474873661994934,24,1,24,-0.24647563695907593,-0.23405200242996216,-0.2542104423046112
0.24469914040114613,0.0,0.0,0.5,1785360784.048159,-0.24647565186023712,-0.005328036844730377,-0.006758839823305607,0.4836215376853943,1,0.0,8,15623,plane_test,3.695014715194702,0.021769648417830467,-0.01357793714851141,-0.020469456911087036,-0.006094512529671192,0.8494102954864502,0.440909743309021,1,0.7071067690849304,-0.7071067690849304,0.0,0.2474873661994934,24,1,24,-0.24647563695907593,-0.23405200242996216,-0.2542104423046112
0.24670487106017192,0.0,0.0,0.5,1785360784.070892,-0.24647565186023712,-0.005328036844730377,-0.006758839823305607,0.4836215376853943,1,0.0,8,15623,plane_test,3.695014715194702,0.021769648417830467,-0.01357793714851141,-0.020469456911087036,-0.006094512529671192,0.8494102954864502,0.440909743309021,1,0.7071067690849304,-0.7071067690849304,0.0,0.2474873661994934,24,1,24,-0.24647563695907593,-0.23405200242996216,-0.2542104423046112
0.2487106017191977,0.0,0.0,0.5,1785360784.0932329,-0.24647565186023712,-0.005328036844730377,-0.006758839823305607,0.4836215376853943,1,0.0,8,15623,plane_test,3.695014715194702,0.021769648417830467,-0.01357793714851141,-0.020469456911087036,-0.006094512529671192,0.8494102954864502,0.440909743309021,1,0.7071067690849304,-0.7071067690849304,0.0,0.2474873661994934,24,1,24,-0.24647563695907593,-0.23405200242996216,-0.2542104423046112
0.2507163323782235,0.0,0.0,0.5,1785360784.117907,-0.24647565186023712,-0.005328036844730377,-0.006758839823305607,0.4836215376853943,1,0.0,8,15623,plane_test,3.695014715194702,0.021769648417830467,-0.01357793714851141,-0.020469456911087036,-0.006094512529671192,0.8494102954864502,0.440909743309021,1,0.7071067690849304,-0.7071067690849304,0.0,0.2474873661994934,24,1,24,-0.24647563695907593,-0.23405200242996216,-0.2542104423046112
0.25272206303724926,0.0,0.0,0.5,1785360784.1429849,-0.24647565186023712,-0.005328036844730377,-0.006758839823305607,0.4836215376853943,1,0.0,8,15623,plane_test,3.695014715194702,0.021769648417830467,-0.01357793714851141,-0.020469456911087036,-0.006094512529671192,0.8494102954864502,0.440909743309021,1,0.7071067690849304,-0.7071067690849304,0.0,0.2474873661994934,24,1,24,-0.24647563695907593,-0.23405200242996216,-0.2542104423046112
0.2547277936962751,0.0,0.0,0.5,1785360784.167882,-0.24647565186023712,-0.005328036844730377,-0.006758839823305607,0.4836215376853943,1,0.0,8,15623,plane_test,3.695014715194702,0.021769648417830467,-0.01357793714851141,-0.020469456911087036,-0.006094512529671192,0.8494102954864502,0.440909743309021,1,0.7071067690849304,-0.7071067690849304,0.0,0.2474873661994934,24,1,24,-0.24647563695907593,-0.23405200242996216,-0.2542104423046112
0.25673352435530084,0.0,0.0,0.5,1785360784.188861,-0.24647565186023712,-0.005328036844730377,-0.006758839823305607,0.4836215376853943,1,0.0,8,15623,plane_test,3.695014715194702,0.021769648417830467,-0.01357793714851141,-0.020469456911087036,-0.006094512529671192,0.8494102954864502,0.440909743309021,1,0.7071067690849304,-0.7071067690849304,0.0,0.2474873661994934,24,1,24,-0.24647563695907593,-0.23405200242996216,-0.2542104423046112
0.2587392550143266,0.0,0.0,0.5,1785360784.210884,-0.24647565186023712,-0.005328036844730377,-0.006758839823305607,0.4836215376853943,1,0.0,8,15623,plane_test,3.695014715194702,0.021769648417830467,-0.01357793714851141,-0.020469456911087036,-0.006094512529671192,0.8494102954864502,0.440909743309021,1,0.7071067690849304,-0.7071067690849304,0.0,0.2474873661994934,24,1,24,-0.24647563695907593,-0.23405200242996216,-0.2542104423046112
0.2607449856733524,0.0,0.0,0.5,1785360784.23184,-0.24647565186023712,-0.005328036844730377,-0.006758839823305607,0.4836215376853943,1,0.0,8,15623,plane_test,3.695014715194702,0.021769648417830467,-0.01357793714851141,-0.020469456911087036,-0.006094512529671192,0.8494102954864502,0.440909743309021,1,0.7071067690849304,-0.7071067690849304,0.0,0.2474873661994934,24,1,24,-0.24647563695907593,-0.23405200242996216,-0.2542104423046112
0.26275071633237823,0.0,0.0,0.5,1785360784.253827,-0.24647565186023712,-0.005328036844730377,-0.006758839823305607,0.4836215376853943,1,0.0,8,15623,plane_test,3.695014715194702,0.021769648417830467,-0.01357793714851141,-0.020469456911087036,-0.006094512529671192,0.8494102954864502,0.440909743309021,1,0.7071067690849304,-0.7071067690849304,0.0,0.2474873661994934,24,1,24,-0.24647563695907593,-0.23405200242996216,-0.2542104423046112
0.264756446991404,0.0,0.0,0.5,1785360784.276845,-0.24647565186023712,-0.005328036844730377,-0.006758839823305607,0.4836215376853943,1,0.0,8,15623,plane_test,3.695014715194702,0.021769648417830467,-0.01357793714851141,-0.020469456911087036,-0.006094512529671192,0.8494102954864502,0.440909743309021,1,0.7071067690849304,-0.7071067690849304,0.0,0.2474873661994934,24,1,24,-0.24647563695907593,-0.23405200242996216,-0.2542104423046112
0.2667621776504298,0.0,0.0,0.5,1785360784.301941,-0.24647565186023712,-0.005328036844730377,-0.006758839823305607,0.4836215376853943,1,0.0,8,15623,plane_test,3.695014715194702,0.021769648417830467,-0.01357793714851141,-0.020469456911087036,-0.006094512529671192,0.8494102954864502,0.440909743309021,1,0.7071067690849304,-0.7071067690849304,0.0,0.2474873661994934,24,1,24,-0.24647563695907593,-0.23405200242996216,-0.2542104423046112
0.26876790830945557,0.0,0.0,0.5,1785360784.323485,-0.24647565186023712,-0.005328036844730377,-0.006758839823305607,0.4836215376853943,1,0.0,8,15623,plane_test,3.695014715194702,0.021769648417830467,-0.01357793714851141,-0.020469456911087036,-0.006094512529671192,0.8494102954864502,0.440909743309021,1,0.7071067690849304,-0.7071067690849304,0.0,0.2474873661994934,24,1,24,-0.24647563695907593,-0.23405200242996216,-0.2542104423046112
0.27077363896848133,0.0,0.0,0.5,1785360784.345845,-0.24647565186023712,-0.005328036844730377,-0.006758839823305607,0.4836215376853943,1,0.0,8,15623,plane_test,3.695014715194702,0.021769648417830467,-0.01357793714851141,-0.020469456911087036,-0.006094512529671192,0.8494102954864502,0.440909743309021,1,0.7071067690849304,-0.7071067690849304,0.0,0.2474873661994934,24,1,24,-0.24647563695907593,-0.23405200242996216,-0.2542104423046112
0.27277936962750715,0.0,0.0,0.5,1785360784.36689,-0.24647565186023712,-0.005328036844730377,-0.006758839823305607,0.4836215376853943,1,0.0,8,15623,plane_test,3.695014715194702,0.021769648417830467,-0.01357793714851141,-0.020469456911087036,-0.006094512529671192,0.8494102954864502,0.440909743309021,1,0.7071067690849304,-0.7071067690849304,0.0,0.2474873661994934,24,1,24,-0.24647563695907593,-0.23405200242996216,-0.2542104423046112
0.2747851002865329,0.0,0.0,0.5,1785360784.391972,-0.24647565186023712,-0.005328036844730377,-0.006758839823305607,0.4836215376853943,1,0.0,8,15623,plane_test,3.695014715194702,0.021769648417830467,-0.01357793714851141,-0.020469456911087036,-0.006094512529671192,0.8494102954864502,0.440909743309021,1,0.7071067690849304,-0.7071067690849304,0.0,0.2474873661994934,24,1,24,-0.24647563695907593,-0.23405200242996216,-0.2542104423046112
0.27679083094555873,0.0,0.0,0.5,1785360784.416922,-0.24647565186023712,-0.005328036844730377,-0.006758839823305607,0.4836215376853943,1,0.0,8,15623,plane_test,3.695014715194702,0.021769648417830467,-0.01357793714851141,-0.020469456911087036,-0.006094512529671192,0.8494102954864502,0.440909743309021,1,0.7071067690849304,-0.7071067690849304,0.0,0.2474873661994934,24,1,24,-0.24647563695907593,-0.23405200242996216,-0.2542104423046112
0.2787965616045845,0.0,0.0,0.5,1785360784.437828,-0.24647565186023712,-0.005328036844730377,-0.006758839823305607,0.4836215376853943,1,0.0,8,15623,plane_test,3.695014715194702,0.021769648417830467,-0.01357793714851141,-0.020469456911087036,-0.006094512529671192,0.8494102954864502,0.440909743309021,1,0.7071067690849304,-0.7071067690849304,0.0,0.2474873661994934,24,1,24,-0.24647563695907593,-0.23405200242996216,-0.2542104423046112
0.28080229226361025,0.0,0.0,0.5,1785360784.461846,-0.24647565186023712,-0.005328036844730377,-0.006758839823305607,0.4836215376853943,1,0.0,8,15623,plane_test,3.695014715194702,0.021769648417830467,-0.01357793714851141,-0.020469456911087036,-0.006094512529671192,0.8494102954864502,0.440909743309021,1,0.7071067690849304,-0.7071067690849304,0.0,0.2474873661994934,24,1,24,-0.24647563695907593,-0.23405200242996216,-0.2542104423046112
0.2828080229226361,0.0,0.0,0.5,1785360784.48457,-0.24647565186023712,-0.005328036844730377,-0.006758839823305607,0.4836215376853943,1,0.0,8,15623,plane_test,3.695014715194702,0.021769648417830467,-0.01357793714851141,-0.020469456911087036,-0.006094512529671192,0.8494102954864502,0.440909743309021,1,0.7071067690849304,-0.7071067690849304,0.0,0.2474873661994934,24,1,24,-0.24647563695907593,-0.23405200242996216,-0.2542104423046112
0.2848137535816619,0.0,0.0,0.5,1785360784.505846,-0.24647565186023712,-0.005328036844730377,-0.006758839823305607,0.4836215376853943,1,0.0,8,15623,plane_test,3.695014715194702,0.021769648417830467,-0.01357793714851141,-0.020469456911087036,-0.006094512529671192,0.8494102954864502,0.440909743309021,1,0.7071067690849304,-0.7071067690849304,0.0,0.2474873661994934,24,1,24,-0.24647563695907593,-0.23405200242996216,-0.2542104423046112
0.28681948424068765,0.0,0.0,0.5,1785360784.530845,-0.24647565186023712,-0.005328036844730377,-0.006758839823305607,0.4836215376853943,1,0.0,8,15623,plane_test,3.695014715194702,0.021769648417830467,-0.01357793714851141,-0.020469456911087036,-0.006094512529671192,0.8494102954864502,0.440909743309021,1,0.7071067690849304,-0.7071067690849304,0.0,0.2474873661994934,24,1,24,-0.24647563695907593,-0.23405200242996216,-0.2542104423046112
0.28882521489971347,0.0,0.0,0.5,1785360784.5510552,-0.24647565186023712,-0.005328036844730377,-0.006758839823305607,0.4836215376853943,1,0.0,8,15623,plane_test,3.695014715194702,0.021769648417830467,-0.01357793714851141,-0.020469456911087036,-0.006094512529671192,0.8494102954864502,0.440909743309021,1,0.7071067690849304,-0.7071067690849304,0.0,0.2474873661994934,24,1,24,-0.24647563695907593,-0.23405200242996216,-0.2542104423046112
0.29083094555873923,0.0,0.0,0.5,1785360784.5752199,-0.24647565186023712,-0.005328036844730377,-0.006758839823305607,0.4836215376853943,1,0.0,8,15623,plane_test,3.695014715194702,0.021769648417830467,-0.01357793714851141,-0.020469456911087036,-0.006094512529671192,0.8494102954864502,0.440909743309021,1,0.7071067690849304,-0.7071067690849304,0.0,0.2474873661994934,24,1,24,-0.24647563695907593,-0.23405200242996216,-0.2542104423046112
0.29283667621776505,0.0,0.0,0.5,1785360784.5999029,-0.24647565186023712,-0.005328036844730377,-0.006758839823305607,0.4836215376853943,1,0.0,8,15623,plane_test,3.695014715194702,0.021769648417830467,-0.01357793714851141,-0.020469456911087036,-0.006094512529671192,0.8494102954864502,0.440909743309021,1,0.7071067690849304,-0.7071067690849304,0.0,0.2474873661994934,24,1,24,-0.24647563695907593,-0.23405200242996216,-0.2542104423046112
0.2948424068767908,0.0,0.0,0.5,1785360784.623847,-0.24647565186023712,-0.005328036844730377,-0.006758839823305607,0.4836215376853943,1,0.0,8,15623,plane_test,3.695014715194702,0.021769648417830467,-0.01357793714851141,-0.020469456911087036,-0.006094512529671192,0.8494102954864502,0.440909743309021,1,0.7071067690849304,-0.7071067690849304,0.0,0.2474873661994934,24,1,24,-0.24647563695907593,-0.23405200242996216,-0.2542104423046112
0.29684813753581657,0.0,0.0,0.5,1785360784.646063,-0.24647565186023712,-0.005328036844730377,-0.006758839823305607,0.4836215376853943,1,0.0,8,15623,plane_test,3.695014715194702,0.021769648417830467,-0.01357793714851141,-0.020469456911087036,-0.006094512529671192,0.8494102954864502,0.440909743309021,1,0.7071067690849304,-0.7071067690849304,0.0,0.2474873661994934,24,1,24,-0.24647563695907593,-0.23405200242996216,-0.2542104423046112
0.2988538681948424,0.0,0.0,0.5,1785360784.669853,-0.24647565186023712,-0.005328036844730377,-0.006758839823305607,0.4836215376853943,1,0.0,8,15623,plane_test,3.695014715194702,0.021769648417830467,-0.01357793714851141,-0.020469456911087036,-0.006094512529671192,0.8494102954864502,0.440909743309021,1,0.7071067690849304,-0.7071067690849304,0.0,0.2474873661994934,24,1,24,-0.24647563695907593,-0.23405200242996216,-0.2542104423046112
0.30085959885386815,0.0,0.0,0.5,1785360784.694933,-0.24647565186023712,-0.005328036844730377,-0.006758839823305607,0.4836215376853943,1,0.0,8,15623,plane_test,3.695014715194702,0.021769648417830467,-0.01357793714851141,-0.020469456911087036,-0.006094512529671192,0.8494102954864502,0.440909743309021,1,0.7071067690849304,-0.7071067690849304,0.0,0.2474873661994934,24,1,24,-0.24647563695907593,-0.23405200242996216,-0.2542104423046112
0.30286532951289397,0.0,0.0,0.5,1785360784.716845,-0.24647565186023712,-0.005328036844730377,-0.006758839823305607,0.4836215376853943,1,0.0,8,15623,plane_test,3.695014715194702,0.021769648417830467,-0.01357793714851141,-0.020469456911087036,-0.006094512529671192,0.8494102954864502,0.440909743309021,1,0.7071067690849304,-0.7071067690849304,0.0,0.2474873661994934,24,1,24,-0.24647563695907593,-0.23405200242996216,-0.2542104423046112
0.3048710601719198,0.0,0.0,0.5,1785360784.73916,-0.24647565186023712,-0.005328036844730377,-0.006758839823305607,0.4836215376853943,1,0.0,8,15623,plane_test,3.695014715194702,0.021769648417830467,-0.01357793714851141,-0.020469456911087036,-0.006094512529671192,0.8494102954864502,0.440909743309021,1,0.7071067690849304,-0.7071067690849304,0.0,0.2474873661994934,24,1,24,-0.24647563695907593,-0.23405200242996216,-0.2542104423046112
0.30687679083094554,0.0,0.0,0.5,1785360784.7627242,-0.24647565186023712,-0.005328036844730377,-0.006758839823305607,0.4836215376853943,1,0.0,8,15623,plane_test,3.695014715194702,0.021769648417830467,-0.01357793714851141,-0.020469456911087036,-0.006094512529671192,0.8494102954864502,0.440909743309021,1,0.7071067690849304,-0.7071067690849304,0.0,0.2474873661994934,24,1,24,-0.24647563695907593,-0.23405200242996216,-0.2542104423046112
0.3088825214899713,0.0,0.0,0.5,1785360784.7861261,-0.24647565186023712,-0.005328036844730377,-0.006758839823305607,0.4836215376853943,1,0.0,8,15623,plane_test,3.695014715194702,0.021769648417830467,-0.01357793714851141,-0.020469456911087036,-0.006094512529671192,0.8494102954864502,0.440909743309021,1,0.7071067690849304,-0.7071067690849304,0.0,0.2474873661994934,24,1,24,-0.24647563695907593,-0.23405200242996216,-0.2542104423046112
0.3108882521489971,0.0,0.0,0.5,1785360784.8110762,-0.24647565186023712,-0.005328036844730377,-0.006758839823305607,0.4836215376853943,1,0.0,8,15623,plane_test,3.695014715194702,0.021769648417830467,-0.01357793714851141,-0.020469456911087036,-0.006094512529671192,0.8494102954864502,0.440909743309021,1,0.7071067690849304,-0.7071067690849304,0.0,0.2474873661994934,24,1,24,-0.24647563695907593,-0.23405200242996216,-0.2542104423046112
0.3128939828080229,0.0,0.0,0.5,1785360784.834353,-0.24647565186023712,-0.005328036844730377,-0.006758839823305607,0.4836215376853943,1,0.0,8,15623,plane_test,3.695014715194702,0.021769648417830467,-0.01357793714851141,-0.020469456911087036,-0.006094512529671192,0.8494102954864502,0.440909743309021,1,0.7071067690849304,-0.7071067690849304,0.0,0.2474873661994934,24,1,24,-0.24647563695907593,-0.23405200242996216,-0.2542104423046112
0.3148997134670487,0.0,0.0,0.5,1785360784.855862,-0.24647565186023712,-0.005328036844730377,-0.006758839823305607,0.4836215376853943,1,0.0,8,15623,plane_test,3.695014715194702,0.021769648417830467,-0.01357793714851141,-0.020469456911087036,-0.006094512529671192,0.8494102954864502,0.440909743309021,1,0.7071067690849304,-0.7071067690849304,0.0,0.2474873661994934,24,1,24,-0.24647563695907593,-0.23405200242996216,-0.2542104423046112
0.31690544412607446,0.0,0.0,0.5,1785360784.879854,-0.24647565186023712,-0.005328036844730377,-0.006758839823305607,0.4836215376853943,1,0.0,8,15623,plane_test,3.695014715194702,0.021769648417830467,-0.01357793714851141,-0.020469456911087036,-0.006094512529671192,0.8494102954864502,0.440909743309021,1,0.7071067690849304,-0.7071067690849304,0.0,0.2474873661994934,24,1,24,-0.24647563695907593,-0.23405200242996216,-0.2542104423046112
0.3189111747851002,0.0,0.0,0.5,1785360784.904932,-0.24647565186023712,-0.005328036844730377,-0.006758839823305607,0.4836215376853943,1,0.0,8,15623,plane_test,3.695014715194702,0.021769648417830467,-0.01357793714851141,-0.020469456911087036,-0.006094512529671192,0.8494102954864502,0.440909743309021,1,0.7071067690849304,-0.7071067690849304,0.0,0.2474873661994934,24,1,24,-0.24647563695907593,-0.23405200242996216,-0.2542104423046112
0.3209169054441261,0.0,0.0,0.5,1785360784.928873,-0.24647565186023712,-0.005328036844730377,-0.006758839823305607,0.4836215376853943,1,0.0,8,15623,plane_test,3.695014715194702,0.021769648417830467,-0.01357793714851141,-0.020469456911087036,-0.006094512529671192,0.8494102954864502,0.440909743309021,1,0.7071067690849304,-0.7071067690849304,0.0,0.2474873661994934,24,1,24,-0.24647563695907593,-0.23405200242996216,-0.2542104423046112
0.32292263610315186,0.0,0.0,0.5,1785360784.95397,-0.24647565186023712,-0.005328036844730377,-0.006758839823305607,0.4836215376853943,1,0.0,8,15623,plane_test,3.695014715194702,0.021769648417830467,-0.01357793714851141,-0.020469456911087036,-0.006094512529671192,0.8494102954864502,0.440909743309021,1,0.7071067690849304,-0.7071067690849304,0.0,0.2474873661994934,24,1,24,-0.24647563695907593,-0.23405200242996216,-0.2542104423046112
0.3249283667621776,0.0,0.0,0.5,1785360784.974845,-0.24647565186023712,-0.005328036844730377,-0.006758839823305607,0.4836215376853943,1,0.0,8,15623,plane_test,3.695014715194702,0.021769648417830467,-0.01357793714851141,-0.020469456911087036,-0.006094512529671192,0.8494102954864502,0.440909743309021,1,0.7071067690849304,-0.7071067690849304,0.0,0.2474873661994934,24,1,24,-0.24647563695907593,-0.23405200242996216,-0.2542104423046112
0.32693409742120344,0.0,0.0,0.5,1785360784.997837,-0.24647565186023712,-0.005328036844730377,-0.006758839823305607,0.4836215376853943,1,0.0,8,15623,plane_test,3.695014715194702,0.021769648417830467,-0.01357793714851141,-0.020469456911087036,-0.006094512529671192,0.8494102954864502,0.440909743309021,1,0.7071067690849304,-0.7071067690849304,0.0,0.2474873661994934,24,1,24,-0.24647563695907593,-0.23405200242996216,-0.2542104423046112
0.3289398280802292,0.0,0.0,0.5,1785360785.021535,-0.24647565186023712,-0.005328036844730377,-0.006758839823305607,0.4836215376853943,1,0.0,8,15623,plane_test,3.695014715194702,0.021769648417830467,-0.01357793714851141,-0.020469456911087036,-0.006094512529671192,0.8494102954864502,0.440909743309021,1,0.7071067690849304,-0.7071067690849304,0.0,0.2474873661994934,24,1,24,-0.24647563695907593,-0.23405200242996216,-0.2542104423046112
0.330945558739255,0.0,0.0,0.5,1785360785.0448909,-0.24647565186023712,-0.005328036844730377,-0.006758839823305607,0.4836215376853943,1,0.0,8,15623,plane_test,3.695014715194702,0.021769648417830467,-0.01357793714851141,-0.020469456911087036,-0.006094512529671192,0.8494102954864502,0.440909743309021,1,0.7071067690849304,-0.7071067690849304,0.0,0.2474873661994934,24,1,24,-0.24647563695907593,-0.23405200242996216,-0.2542104423046112
0.3329512893982808,0.0,0.0,0.5,1785360785.0698051,-0.24647565186023712,-0.005328036844730377,-0.006758839823305607,0.4836215376853943,1,0.0,8,15623,plane_test,3.695014715194702,0.021769648417830467,-0.01357793714851141,-0.020469456911087036,-0.006094512529671192,0.8494102954864502,0.440909743309021,1,0.7071067690849304,-0.7071067690849304,0.0,0.2474873661994934,24,1,24,-0.24647563695907593,-0.23405200242996216,-0.2542104423046112
0.33495702005730654,0.0,0.0,0.5,1785360785.09283,-0.24647565186023712,-0.005328036844730377,-0.006758839823305607,0.4836215376853943,1,0.0,8,15623,plane_test,3.695014715194702,0.021769648417830467,-0.01357793714851141,-0.020469456911087036,-0.006094512529671192,0.8494102954864502,0.440909743309021,1,0.7071067690849304,-0.7071067690849304,0.0,0.2474873661994934,24,1,24,-0.24647563695907593,-0.23405200242996216,-0.2542104423046112
0.33696275071633236,0.0,0.0,0.5,1785360785.115032,-0.24647565186023712,-0.005328036844730377,-0.006758839823305607,0.4836215376853943,1,0.0,8,15623,plane_test,3.695014715194702,0.021769648417830467,-0.01357793714851141,-0.020469456911087036,-0.006094512529671192,0.8494102954864502,0.440909743309021,1,0.7071067690849304,-0.7071067690849304,0.0,0.2474873661994934,24,1,24,-0.24647563695907593,-0.23405200242996216,-0.2542104423046112
0.3389684813753581,0.0,0.0,0.5,1785360785.136214,-0.24647565186023712,-0.005328036844730377,-0.006758839823305607,0.4836215376853943,1,0.0,8,15623,plane_test,3.695014715194702,0.021769648417830467,-0.01357793714851141,-0.020469456911087036,-0.006094512529671192,0.8494102954864502,0.440909743309021,1,0.7071067690849304,-0.7071067690849304,0.0,0.2474873661994934,24,1,24,-0.24647563695907593,-0.23405200242996216,-0.2542104423046112
0.34097421203438394,0.0,0.0,0.5,1785360785.15995,-0.24647565186023712,-0.005328036844730377,-0.006758839823305607,0.4836215376853943,1,0.0,8,15623,plane_test,3.695014715194702,0.021769648417830467,-0.01357793714851141,-0.020469456911087036,-0.006094512529671192,0.8494102954864502,0.440909743309021,1,0.7071067690849304,-0.7071067690849304,0.0,0.2474873661994934,24,1,24,-0.24647563695907593,-0.23405200242996216,-0.2542104423046112
0.34297994269340976,0.0,0.0,0.5,1785360785.1846771,-0.24647565186023712,-0.005328036844730377,-0.006758839823305607,0.4836215376853943,1,0.0,8,15623,plane_test,3.695014715194702,0.021769648417830467,-0.01357793714851141,-0.020469456911087036,-0.006094512529671192,0.8494102954864502,0.440909743309021,1,0.7071067690849304,-0.7071067690849304,0.0,0.2474873661994934,24,1,24,-0.24647563695907593,-0.23405200242996216,-0.2542104423046112
0.3449856733524355,0.0,0.0,0.5,1785360785.2089899,-0.24647565186023712,-0.005328036844730377,-0.006758839823305607,0.4836215376853943,1,0.0,8,15623,plane_test,3.695014715194702,0.021769648417830467,-0.01357793714851141,-0.020469456911087036,-0.006094512529671192,0.8494102954864502,0.440909743309021,1,0.7071067690849304,-0.7071067690849304,0.0,0.2474873661994934,24,1,24,-0.24647563695907593,-0.23405200242996216,-0.2542104423046112
0.3469914040114613,0.0,0.0,0.5,1785360785.232238,-0.24647565186023712,-0.005328036844730377,-0.006758839823305607,0.4836215376853943,1,0.0,8,15623,plane_test,3.695014715194702,0.021769648417830467,-0.01357793714851141,-0.020469456911087036,-0.006094512529671192,0.8494102954864502,0.440909743309021,1,0.7071067690849304,-0.7071067690849304,0.0,0.2474873661994934,24,1,24,-0.24647563695907593,-0.23405200242996216,-0.2542104423046112
0.3489971346704871,0.0,0.0,0.5,1785360785.253917,-0.24647565186023712,-0.005328036844730377,-0.006758839823305607,0.4836215376853943,1,0.0,8,15623,plane_test,3.695014715194702,0.021769648417830467,-0.01357793714851141,-0.020469456911087036,-0.006094512529671192,0.8494102954864502,0.440909743309021,1,0.7071067690849304,-0.7071067690849304,0.0,0.2474873661994934,24,1,24,-0.24647563695907593,-0.23405200242996216,-0.2542104423046112
0.35100286532951286,0.0,0.0,0.5,1785360785.2789881,-0.24647565186023712,-0.005328036844730377,-0.006758839823305607,0.4836215376853943,1,0.0,8,15623,plane_test,3.695014715194702,0.021769648417830467,-0.01357793714851141,-0.020469456911087036,-0.006094512529671192,0.8494102954864502,0.440909743309021,1,0.7071067690849304,-0.7071067690849304,0.0,0.2474873661994934,24,1,24,-0.24647563695907593,-0.23405200242996216,-0.2542104423046112
0.3530085959885387,0.0,0.0,0.5,1785360785.301923,-0.24647565186023712,-0.005328036844730377,-0.006758839823305607,0.4836215376853943,1,0.0,8,15623,plane_test,3.695014715194702,0.021769648417830467,-0.01357793714851141,-0.020469456911087036,-0.006094512529671192,0.8494102954864502,0.440909743309021,1,0.7071067690849304,-0.7071067690849304,0.0,0.2474873661994934,24,1,24,-0.24647563695907593,-0.23405200242996216,-0.2542104423046112
0.35501432664756444,0.0,0.0,0.5,1785360785.32303,-0.24647565186023712,-0.005328036844730377,-0.006758839823305607,0.4836215376853943,1,0.0,8,15623,plane_test,3.695014715194702,0.021769648417830467,-0.01357793714851141,-0.020469456911087036,-0.006094512529671192,0.8494102954864502,0.440909743309021,1,0.7071067690849304,-0.7071067690849304,0.0,0.2474873661994934,24,1,24,-0.24647563695907593,-0.23405200242996216,-0.2542104423046112
0.3570200573065902,0.0,0.0,0.5,1785360785.345137,-0.24647565186023712,-0.005328036844730377,-0.006758839823305607,0.4836215376853943,1,0.0,8,15623,plane_test,3.695014715194702,0.021769648417830467,-0.01357793714851141,-0.020469456911087036,-0.006094512529671192,0.8494102954864502,0.440909743309021,1,0.7071067690849304,-0.7071067690849304,0.0,0.2474873661994934,24,1,24,-0.24647563695907593,-0.23405200242996216,-0.2542104423046112
0.359025787965616,0.0,0.0,0.5,1785360785.369984,-0.24647565186023712,-0.005328036844730377,-0.006758839823305607,0.4836215376853943,1,0.0,8,15623,plane_test,3.695014715194702,0.021769648417830467,-0.01357793714851141,-0.020469456911087036,-0.006094512529671192,0.8494102954864502,0.440909743309021,1,0.7071067690849304,-0.7071067690849304,0.0,0.2474873661994934,24,1,24,-0.24647563695907593,-0.23405200242996216,-0.2542104423046112
0.3610315186246418,0.0,0.0,0.5,1785360785.39485,-0.24647565186023712,-0.005328036844730377,-0.006758839823305607,0.4836215376853943,1,0.0,8,15623,plane_test,3.695014715194702,0.021769648417830467,-0.01357793714851141,-0.020469456911087036,-0.006094512529671192,0.8494102954864502,0.440909743309021,1,0.7071067690849304,-0.7071067690849304,0.0,0.2474873661994934,24,1,24,-0.24647563695907593,-0.23405200242996216,-0.2542104423046112
0.3630372492836676,0.0,0.0,0.5,1785360785.419786,-0.24647565186023712,-0.005328036844730377,-0.006758839823305607,0.4836215376853943,1,0.0,8,15623,plane_test,3.695014715194702,0.021769648417830467,-0.01357793714851141,-0.020469456911087036,-0.006094512529671192,0.8494102954864502,0.440909743309021,1,0.7071067690849304,-0.7071067690849304,0.0,0.2474873661994934,24,1,24,-0.24647563695907593,-0.23405200242996216,-0.2542104423046112
0.36504297994269336,0.0,0.0,0.5,1785360785.4438322,-0.24647565186023712,-0.005328036844730377,-0.006758839823305607,0.4836215376853943,1,0.0,8,15623,plane_test,3.695014715194702,0.021769648417830467,-0.01357793714851141,-0.020469456911087036,-0.006094512529671192,0.8494102954864502,0.440909743309021,1,0.7071067690849304,-0.7071067690849304,0.0,0.2474873661994934,24,1,24,-0.24647563695907593,-0.23405200242996216,-0.2542104423046112
0.3670487106017191,0.0,0.0,0.5,1785360785.46485,-0.24647565186023712,-0.005328036844730377,-0.006758839823305607,0.4836215376853943,1,0.0,8,15623,plane_test,3.695014715194702,0.021769648417830467,-0.01357793714851141,-0.020469456911087036,-0.006094512529671192,0.8494102954864502,0.440909743309021,1,0.7071067690849304,-0.7071067690849304,0.0,0.2474873661994934,24,1,24,-0.24647563695907593,-0.23405200242996216,-0.2542104423046112
0.36905444126074494,0.0,0.0,0.5,1785360785.485864,-0.24647565186023712,-0.005328036844730377,-0.006758839823305607,0.4836215376853943,1,0.0,8,15623,plane_test,3.695014715194702,0.021769648417830467,-0.01357793714851141,-0.020469456911087036,-0.006094512529671192,0.8494102954864502,0.440909743309021,1,0.7071067690849304,-0.7071067690849304,0.0,0.2474873661994934,24,1,24,-0.24647563695907593,-0.23405200242996216,-0.2542104423046112
0.3710601719197708,0.0,0.0,0.5,1785360785.5079129,-0.24647565186023712,-0.005328036844730377,-0.006758839823305607,0.4836215376853943,1,0.0,8,15623,plane_test,3.695014715194702,0.021769648417830467,-0.01357793714851141,-0.020469456911087036,-0.006094512529671192,0.8494102954864502,0.440909743309021,1,0.7071067690849304,-0.7071067690849304,0.0,0.2474873661994934,24,1,24,-0.24647563695907593,-0.23405200242996216,-0.2542104423046112
0.37306590257879657,0.0,0.0,0.5,1785360785.532114,-0.24647565186023712,-0.005328036844730377,-0.006758839823305607,0.4836215376853943,1,0.0,8,15623,plane_test,3.695014715194702,0.021769648417830467,-0.01357793714851141,-0.020469456911087036,-0.006094512529671192,0.8494102954864502,0.440909743309021,1,0.7071067690849304,-0.7071067690849304,0.0,0.2474873661994934,24,1,24,-0.24647563695907593,-0.23405200242996216,-0.2542104423046112
0.37507163323782233,0.0,0.0,0.5,1785360785.554976,-0.24647565186023712,-0.005328036844730377,-0.006758839823305607,0.4836215376853943,1,0.0,8,15623,plane_test,3.695014715194702,0.021769648417830467,-0.01357793714851141,-0.020469456911087036,-0.006094512529671192,0.8494102954864502,0.440909743309021,1,0.7071067690849304,-0.7071067690849304,0.0,0.2474873661994934,24,1,24,-0.24647563695907593,-0.23405200242996216,-0.2542104423046112
0.37707736389684815,0.0,0.0,0.5,1785360785.57648,-0.24647565186023712,-0.005328036844730377,-0.006758839823305607,0.4836215376853943,1,0.0,8,15623,plane_test,3.695014715194702,0.021769648417830467,-0.01357793714851141,-0.020469456911087036,-0.006094512529671192,0.8494102954864502,0.440909743309021,1,0.7071067690849304,-0.7071067690849304,0.0,0.2474873661994934,24,1,24,-0.24647563695907593,-0.23405200242996216,-0.2542104423046112
0.3790830945558739,0.0,0.0,0.5,1785360785.5986729,-0.24647565186023712,-0.005328036844730377,-0.006758839823305607,0.4836215376853943,1,0.0,8,15623,plane_test,3.695014715194702,0.021769648417830467,-0.01357793714851141,-0.020469456911087036,-0.006094512529671192,0.8494102954864502,0.440909743309021,1,0.7071067690849304,-0.7071067690849304,0.0,0.2474873661994934,24,1,24,-0.24647563695907593,-0.23405200242996216,-0.2542104423046112
0.38108882521489973,0.0,0.0,0.5,1785360785.6226041,-0.24647565186023712,-0.005328036844730377,-0.006758839823305607,0.4836215376853943,1,0.0,8,15623,plane_test,3.695014715194702,0.021769648417830467,-0.01357793714851141,-0.020469456911087036,-0.006094512529671192,0.8494102954864502,0.440909743309021,1,0.7071067690849304,-0.7071067690849304,0.0,0.2474873661994934,24,1,24,-0.24647563695907593,-0.23405200242996216,-0.2542104423046112
0.3830945558739255,0.0,0.0,0.5,1785360785.646197,-0.24647565186023712,-0.005328036844730377,-0.006758839823305607,0.4836215376853943,1,0.0,8,15623,plane_test,3.695014715194702,0.021769648417830467,-0.01357793714851141,-0.020469456911087036,-0.006094512529671192,0.8494102954864502,0.440909743309021,1,0.7071067690849304,-0.7071067690849304,0.0,0.2474873661994934,24,1,24,-0.24647563695907593,-0.23405200242996216,-0.2542104423046112
0.38510028653295125,0.0,0.0,0.5,1785360785.671027,-0.24647565186023712,-0.005328036844730377,-0.006758839823305607,0.4836215376853943,1,0.0,8,15623,plane_test,3.695014715194702,0.021769648417830467,-0.01357793714851141,-0.020469456911087036,-0.006094512529671192,0.8494102954864502,0.440909743309021,1,0.7071067690849304,-0.7071067690849304,0.0,0.2474873661994934,24,1,24,-0.24647563695907593,-0.23405200242996216,-0.2542104423046112
0.38710601719197707,0.0,0.0,0.5,1785360785.6928499,-0.24647565186023712,-0.005328036844730377,-0.006758839823305607,0.4836215376853943,1,0.0,8,15623,plane_test,3.695014715194702,0.021769648417830467,-0.01357793714851141,-0.020469456911087036,-0.006094512529671192,0.8494102954864502,0.440909743309021,1,0.7071067690849304,-0.7071067690849304,0.0,0.2474873661994934,24,1,24,-0.24647563695907593,-0.23405200242996216,-0.2542104423046112
0.38911174785100283,0.0,0.0,0.5,1785360785.7148778,-0.24647565186023712,-0.005328036844730377,-0.006758839823305607,0.4836215376853943,1,0.0,8,15623,plane_test,3.695014715194702,0.021769648417830467,-0.01357793714851141,-0.020469456911087036,-0.006094512529671192,0.8494102954864502,0.440909743309021,1,0.7071067690849304,-0.7071067690849304,0.0,0.2474873661994934,24,1,24,-0.24647563695907593,-0.23405200242996216,-0.2542104423046112
0.39111747851002865,0.0,0.0,0.5,1785360785.73771,-0.24647565186023712,-0.005328036844730377,-0.006758839823305607,0.4836215376853943,1,0.0,8,15623,plane_test,3.695014715194702,0.021769648417830467,-0.01357793714851141,-0.020469456911087036,-0.006094512529671192,0.8494102954864502,0.440909743309021,1,0.7071067690849304,-0.7071067690849304,0.0,0.2474873661994934,24,1,24,-0.24647563695907593,-0.23405200242996216,-0.2542104423046112
0.3931232091690544,0.0,0.0,0.5,1785360785.757801,-0.24647565186023712,-0.005328036844730377,-0.006758839823305607,0.4836215376853943,1,0.0,8,15623,plane_test,3.695014715194702,0.021769648417830467,-0.01357793714851141,-0.020469456911087036,-0.006094512529671192,0.8494102954864502,0.440909743309021,1,0.7071067690849304,-0.7071067690849304,0.0,0.2474873661994934,24,1,24,-0.24647563695907593,-0.23405200242996216,-0.2542104423046112
0.3951289398280802,0.0,0.0,0.5,1785360785.7798321,-0.24647565186023712,-0.005328036844730377,-0.006758839823305607,0.4836215376853943,1,0.0,8,15623,plane_test,3.695014715194702,0.021769648417830467,-0.01357793714851141,-0.020469456911087036,-0.006094512529671192,0.8494102954864502,0.440909743309021,1,0.7071067690849304,-0.7071067690849304,0.0,0.2474873661994934,24,1,24,-0.24647563695907593,-0.23405200242996216,-0.2542104423046112
0.397134670487106,0.0,0.0,0.5,1785360785.80385,-0.24647565186023712,-0.005328036844730377,-0.006758839823305607,0.4836215376853943,1,0.0,8,15623,plane_test,3.695014715194702,0.021769648417830467,-0.01357793714851141,-0.020469456911087036,-0.006094512529671192,0.8494102954864502,0.440909743309021,1,0.7071067690849304,-0.7071067690849304,0.0,0.2474873661994934,24,1,24,-0.24647563695907593,-0.23405200242996216,-0.2542104423046112
0.39914040114613175,0.0,0.0,0.5,1785360785.8290079,-0.24647565186023712,-0.005328036844730377,-0.006758839823305607,0.4836215376853943,1,0.0,8,15623,plane_test,3.695014715194702,0.021769648417830467,-0.01357793714851141,-0.020469456911087036,-0.006094512529671192,0.8494102954864502,0.440909743309021,1,0.7071067690849304,-0.7071067690849304,0.0,0.2474873661994934,24,1,24,-0.24647563695907593,-0.23405200242996216,-0.2542104423046112
0.40114613180515757,0.0,0.0,0.5,1785360785.849837,-0.24647565186023712,-0.005328036844730377,-0.006758839823305607,0.4836215376853943,1,0.0,8,15623,plane_test,3.695014715194702,0.021769648417830467,-0.01357793714851141,-0.020469456911087036,-0.006094512529671192,0.8494102954864502,0.440909743309021,1,0.7071067690849304,-0.7071067690849304,0.0,0.2474873661994934,24,1,24,-0.24647563695907593,-0.23405200242996216,-0.2542104423046112
0.40315186246418333,0.0,0.0,0.5,1785360785.873854,-0.24647565186023712,-0.005328036844730377,-0.006758839823305607,0.4836215376853943,1,0.0,8,15623,plane_test,3.695014715194702,0.021769648417830467,-0.01357793714851141,-0.020469456911087036,-0.006094512529671192,0.8494102954864502,0.440909743309021,1,0.7071067690849304,-0.7071067690849304,0.0,0.2474873661994934,24,1,24,-0.24647563695907593,-0.23405200242996216,-0.2542104423046112
0.4051575931232091,0.0,0.0,0.5,1785360785.894926,-0.24647565186023712,-0.005328036844730377,-0.006758839823305607,0.4836215376853943,1,0.0,8,15623,plane_test,3.695014715194702,0.021769648417830467,-0.01357793714851141,-0.020469456911087036,-0.006094512529671192,0.8494102954864502,0.440909743309021,1,0.7071067690849304,-0.7071067690849304,0.0,0.2474873661994934,24,1,24,-0.24647563695907593,-0.23405200242996216,-0.2542104423046112
0.4071633237822349,0.0,0.0,0.5,1785360785.915564,-0.24647565186023712,-0.005328036844730377,-0.006758839823305607,0.4836215376853943,1,0.0,8,15623,plane_test,3.695014715194702,0.021769648417830467,-0.01357793714851141,-0.020469456911087036,-0.006094512529671192,0.8494102954864502,0.440909743309021,1,0.7071067690849304,-0.7071067690849304,0.0,0.2474873661994934,24,1,24,-0.24647563695907593,-0.23405200242996216,-0.2542104423046112
0.4091690544412608,0.0,0.0,0.5,1785360785.936904,-0.24647565186023712,-0.005328036844730377,-0.006758839823305607,0.4836215376853943,1,0.0,8,15623,plane_test,3.695014715194702,0.021769648417830467,-0.01357793714851141,-0.020469456911087036,-0.006094512529671192,0.8494102954864502,0.440909743309021,1,0.7071067690849304,-0.7071067690849304,0.0,0.2474873661994934,24,1,24,-0.24647563695907593,-0.23405200242996216,-0.2542104423046112
0.41117478510028654,0.0,0.0,0.5,1785360785.96121,-0.24647565186023712,-0.005328036844730377,-0.006758839823305607,0.4836215376853943,1,0.0,8,15623,plane_test,3.695014715194702,0.021769648417830467,-0.01357793714851141,-0.020469456911087036,-0.006094512529671192,0.8494102954864502,0.440909743309021,1,0.7071067690849304,-0.7071067690849304,0.0,0.2474873661994934,24,1,24,-0.24647563695907593,-0.23405200242996216,-0.2542104423046112
0.4131805157593123,0.0,0.0,0.5,1785360785.9839191,-0.24647565186023712,-0.005328036844730377,-0.006758839823305607,0.4836215376853943,1,0.0,8,15623,plane_test,3.695014715194702,0.021769648417830467,-0.01357793714851141,-0.020469456911087036,-0.006094512529671192,0.8494102954864502,0.440909743309021,1,0.7071067690849304,-0.7071067690849304,0.0,0.2474873661994934,24,1,24,-0.24647563695907593,-0.23405200242996216,-0.2542104423046112
0.4151862464183381,0.0,0.0,0.5,1785360786.0079098,-0.24647565186023712,-0.005328036844730377,-0.006758839823305607,0.4836215376853943,1,0.0,8,15623,plane_test,3.695014715194702,0.021769648417830467,-0.01357793714851141,-0.020469456911087036,-0.006094512529671192,0.8494102954864502,0.440909743309021,1,0.7071067690849304,-0.7071067690849304,0.0,0.2474873661994934,24,1,24,-0.24647563695907593,-0.23405200242996216,-0.2542104423046112
0.4171919770773639,0.0,0.0,0.5,1785360786.0298471,-0.24647565186023712,-0.005328036844730377,-0.006758839823305607,0.4836215376853943,1,0.0,8,15623,plane_test,3.695014715194702,0.021769648417830467,-0.01357793714851141,-0.020469456911087036,-0.006094512529671192,0.8494102954864502,0.440909743309021,1,0.7071067690849304,-0.7071067690849304,0.0,0.2474873661994934,24,1,24,-0.24647563695907593,-0.23405200242996216,-0.2542104423046112
0.4191977077363897,0.0,0.0,0.5,1785360786.0553129,-0.24647565186023712,-0.005328036844730377,-0.006758839823305607,0.4836215376853943,1,0.0,8,15623,plane_test,3.695014715194702,0.021769648417830467,-0.01357793714851141,-0.020469456911087036,-0.006094512529671192,0.8494102954864502,0.440909743309021,1,0.7071067690849304,-0.7071067690849304,0.0,0.2474873661994934,24,1,24,-0.24647563695907593,-0.23405200242996216,-0.2542104423046112
0.42120343839541546,0.0,0.0,0.5,1785360786.0767639,-0.24647565186023712,-0.005328036844730377,-0.006758839823305607,0.4836215376853943,1,0.0,8,15623,plane_test,3.695014715194702,0.021769648417830467,-0.01357793714851141,-0.020469456911087036,-0.006094512529671192,0.8494102954864502,0.440909743309021,1,0.7071067690849304,-0.7071067690849304,0.0,0.2474873661994934,24,1,24,-0.24647563695907593,-0.23405200242996216,-0.2542104423046112
0.4232091690544412,0.0,0.0,0.5,1785360786.097863,-0.24647565186023712,-0.005328036844730377,-0.006758839823305607,0.4836215376853943,1,0.0,8,15623,plane_test,3.695014715194702,0.021769648417830467,-0.01357793714851141,-0.020469456911087036,-0.006094512529671192,0.8494102954864502,0.440909743309021,1,0.7071067690849304,-0.7071067690849304,0.0,0.2474873661994934,24,1,24,-0.24647563695907593,-0.23405200242996216,-0.2542104423046112
0.42521489971346704,0.0,0.0,0.5,1785360786.119096,-0.24647565186023712,-0.005328036844730377,-0.006758839823305607,0.4836215376853943,1,0.0,8,15623,plane_test,3.695014715194702,0.021769648417830467,-0.01357793714851141,-0.020469456911087036,-0.006094512529671192,0.8494102954864502,0.440909743309021,1,0.7071067690849304,-0.7071067690849304,0.0,0.2474873661994934,24,1,24,-0.24647563695907593,-0.23405200242996216,-0.2542104423046112
0.4272206303724928,0.0,0.0,0.5,1785360786.140904,-0.24647565186023712,-0.005328036844730377,-0.006758839823305607,0.4836215376853943,1,0.0,8,15623,plane_test,3.695014715194702,0.021769648417830467,-0.01357793714851141,-0.020469456911087036,-0.006094512529671192,0.8494102954864502,0.440909743309021,1,0.7071067690849304,-0.7071067690849304,0.0,0.2474873661994934,24,1,24,-0.24647563695907593,-0.23405200242996216,-0.2542104423046112
0.4292263610315186,0.0,0.0,0.5,1785360786.1627781,-0.24647565186023712,-0.005328036844730377,-0.006758839823305607,0.4836215376853943,1,0.0,8,15623,plane_test,3.695014715194702,0.021769648417830467,-0.01357793714851141,-0.020469456911087036,-0.006094512529671192,0.8494102954864502,0.440909743309021,1,0.7071067690849304,-0.7071067690849304,0.0,0.2474873661994934,24,1,24,-0.24647563695907593,-0.23405200242996216,-0.2542104423046112
0.4312320916905444,0.0,0.0,0.5,1785360786.185832,-0.24647565186023712,-0.005328036844730377,-0.006758839823305607,0.4836215376853943,1,0.0,8,15623,plane_test,3.695014715194702,0.021769648417830467,-0.01357793714851141,-0.020469456911087036,-0.006094512529671192,0.8494102954864502,0.440909743309021,1,0.7071067690849304,-0.7071067690849304,0.0,0.2474873661994934,24,1,24,-0.24647563695907593,-0.23405200242996216,-0.2542104423046112
-0.020469456911087036,-0.006094512529671192,0.0,0.440909743309021,1785360786.262675,-0.24647565186023712,-0.005328036844730377,-0.006758839823305607,0.4836215376853943,1,0.0,8,15623,abort_land,3.695014715194702,0.021769648417830467,-0.01357793714851141,-0.020469456911087036,-0.006094512529671192,0.8494102954864502,0.440909743309021,1,0.7071067690849304,-0.7071067690849304,0.0,0.2474873661994934,24,1,24,-0.24647563695907593,-0.23405200242996216,-0.2542104423046112
-0.020469456911087036,-0.006094512529671192,0.0,0.4369611600432733,1785360786.283766,-0.24647565186023712,-0.005328036844730377,-0.006758839823305607,0.4836215376853943,1,0.0,8,15623,abort_land,3.695014715194702,0.021769648417830467,-0.01357793714851141,-0.020469456911087036,-0.006094512529671192,0.8494102954864502,0.440909743309021,1,0.7071067690849304,-0.7071067690849304,0.0,0.2474873661994934,24,1,24,-0.24647563695907593,-0.23405200242996216,-0.2542104423046112
-0.020469456911087036,-0.006094512529671192,0.0,0.43301257677752564,1785360786.304482,-0.24647565186023712,-0.005328036844730377,-0.006758839823305607,0.4836215376853943,1,0.0,8,15623,abort_land,3.695014715194702,0.021769648417830467,-0.01357793714851141,-0.020469456911087036,-0.006094512529671192,0.8494102954864502,0.440909743309021,1,0.7071067690849304,-0.7071067690849304,0.0,0.2474873661994934,24,1,24,-0.24647563695907593,-0.23405200242996216,-0.2542104423046112
-0.020469456911087036,-0.006094512529671192,0.0,0.42906399351177793,1785360786.32498,-0.24647565186023712,-0.005328036844730377,-0.006758839823305607,0.4836215376853943,1,0.0,8,15623,abort_land,3.695014715194702,0.021769648417830467,-0.01357793714851141,-0.020469456911087036,-0.006094512529671192,0.8494102954864502,0.440909743309021,1,0.7071067690849304,-0.7071067690849304,0.0,0.2474873661994934,24,1,24,-0.24647563695907593,-0.23405200242996216,-0.2542104423046112
-0.020469456911087036,-0.006094512529671192,0.0,0.4251154102460302,1785360786.3500311,-0.24647565186023712,-0.005328036844730377,-0.006758839823305607,0.4836215376853943,1,0.0,8,15623,abort_land,3.695014715194702,0.021769648417830467,-0.01357793714851141,-0.020469456911087036,-0.006094512529671192,0.8494102954864502,0.440909743309021,1,0.7071067690849304,-0.7071067690849304,0.0,0.2474873661994934,24,1,24,-0.24647563695907593,-0.23405200242996216,-0.2542104423046112
-0.020469456911087036,-0.006094512529671192,0.0,0.42116682698028257,1785360786.371638,-0.24647565186023712,-0.005328036844730377,-0.006758839823305607,0.4836215376853943,1,0.0,8,15623,abort_land,3.695014715194702,0.021769648417830467,-0.01357793714851141,-0.020469456911087036,-0.006094512529671192,0.8494102954864502,0.440909743309021,1,0.7071067690849304,-0.7071067690849304,0.0,0.2474873661994934,24,1,24,-0.24647563695907593,-0.23405200242996216,-0.2542104423046112
-0.020469456911087036,-0.006094512529671192,0.0,0.41721824371453486,1785360786.391823,-0.24647565186023712,-0.005328036844730377,-0.006758839823305607,0.4836215376853943,1,0.0,8,15623,abort_land,3.695014715194702,0.021769648417830467,-0.01357793714851141,-0.020469456911087036,-0.006094512529671192,0.8494102954864502,0.440909743309021,1,0.7071067690849304,-0.7071067690849304,0.0,0.2474873661994934,24,1,24,-0.24647563695907593,-0.23405200242996216,-0.2542104423046112
-0.020469456911087036,-0.006094512529671192,0.0,0.4132696604487872,1785360786.414847,-0.24647565186023712,-0.005328036844730377,-0.006758839823305607,0.4836215376853943,1,0.0,8,15623,abort_land,3.695014715194702,0.021769648417830467,-0.01357793714851141,-0.020469456911087036,-0.006094512529671192,0.8494102954864502,0.440909743309021,1,0.7071067690849304,-0.7071067690849304,0.0,0.2474873661994934,24,1,24,-0.24647563695907593,-0.23405200242996216,-0.2542104423046112
-0.020469456911087036,-0.006094512529671192,0.0,0.4093210771830395,1785360786.438991,-0.24647565186023712,-0.005328036844730377,-0.006758839823305607,0.4836215376853943,1,0.0,8,15623,abort_land,3.695014715194702,0.021769648417830467,-0.01357793714851141,-0.020469456911087036,-0.006094512529671192,0.8494102954864502,0.440909743309021,1,0.7071067690849304,-0.7071067690849304,0.0,0.2474873661994934,24,1,24,-0.24647563695907593,-0.23405200242996216,-0.2542104423046112
-0.020469456911087036,-0.006094512529671192,0.0,0.4053724939172918,1785360786.4618628,-0.24647565186023712,-0.005328036844730377,-0.006758839823305607,0.4836215376853943,1,0.0,8,15623,abort_land,3.695014715194702,0.021769648417830467,-0.01357793714851141,-0.020469456911087036,-0.006094512529671192,0.8494102954864502,0.440909743309021,1,0.7071067690849304,-0.7071067690849304,0.0,0.2474873661994934,24,1,24,-0.24647563695907593,-0.23405200242996216,-0.2542104423046112
-0.020469456911087036,-0.006094512529671192,0.0,0.40142391065154415,1785360786.486867,-0.24647565186023712,-0.005328036844730377,-0.006758839823305607,0.4836215376853943,1,0.0,8,15623,abort_land,3.695014715194702,0.021769648417830467,-0.01357793714851141,-0.020469456911087036,-0.006094512529671192,0.8494102954864502,0.440909743309021,1,0.7071067690849304,-0.7071067690849304,0.0,0.2474873661994934,24,1,24,-0.24647563695907593,-0.23405200242996216,-0.2542104423046112
-0.020469456911087036,-0.006094512529671192,0.0,0.39747532738579644,1785360786.50789,-0.24647565186023712,-0.005328036844730377,-0.006758839823305607,0.4836215376853943,1,0.0,8,15623,abort_land,3.695014715194702,0.021769648417830467,-0.01357793714851141,-0.020469456911087036,-0.006094512529671192,0.8494102954864502,0.440909743309021,1,0.7071067690849304,-0.7071067690849304,0.0,0.2474873661994934,24,1,24,-0.24647563695907593,-0.23405200242996216,-0.2542104423046112
-0.020469456911087036,-0.006094512529671192,0.0,0.39352674412004873,1785360786.5312462,-0.24647565186023712,-0.005328036844730377,-0.006758839823305607,0.4836215376853943,1,0.0,8,15623,abort_land,3.695014715194702,0.021769648417830467,-0.01357793714851141,-0.020469456911087036,-0.006094512529671192,0.8494102954864502,0.440909743309021,1,0.7071067690849304,-0.7071067690849304,0.0,0.2474873661994934,24,1,24,-0.24647563695907593,-0.23405200242996216,-0.2542104423046112
-0.020469456911087036,-0.006094512529671192,0.0,0.3895781608543011,1785360786.555656,-0.24647565186023712,-0.005328036844730377,-0.006758839823305607,0.4836215376853943,1,0.0,8,15623,abort_land,3.695014715194702,0.021769648417830467,-0.01357793714851141,-0.020469456911087036,-0.006094512529671192,0.8494102954864502,0.440909743309021,1,0.7071067690849304,-0.7071067690849304,0.0,0.2474873661994934,24,1,24,-0.24647563695907593,-0.23405200242996216,-0.2542104423046112
-0.020469456911087036,-0.006094512529671192,0.0,0.3856295775885534,1785360786.578018,-0.24647565186023712,-0.005328036844730377,-0.006758839823305607,0.4836215376853943,1,0.0,8,15623,abort_land,3.695014715194702,0.021769648417830467,-0.01357793714851141,-0.020469456911087036,-0.006094512529671192,0.8494102954864502,0.440909743309021,1,0.7071067690849304,-0.7071067690849304,0.0,0.2474873661994934,24,1,24,-0.24647563695907593,-0.23405200242996216,-0.2542104423046112
-0.020469456911087036,-0.006094512529671192,0.0,0.38168099432280567,1785360786.600209,-0.24647565186023712,-0.005328036844730377,-0.006758839823305607,0.4836215376853943,1,0.0,8,15623,abort_land,3.695014715194702,0.021769648417830467,-0.01357793714851141,-0.020469456911087036,-0.006094512529671192,0.8494102954864502,0.440909743309021,1,0.7071067690849304,-0.7071067690849304,0.0,0.2474873661994934,24,1,24,-0.24647563695907593,-0.23405200242996216,-0.2542104423046112
-0.020469456911087036,-0.006094512529671192,0.0,0.377732411057058,1785360786.6248472,-0.24647565186023712,-0.005328036844730377,-0.006758839823305607,0.4836215376853943,1,0.0,8,15623,abort_land,3.695014715194702,0.021769648417830467,-0.01357793714851141,-0.020469456911087036,-0.006094512529671192,0.8494102954864502,0.440909743309021,1,0.7071067690849304,-0.7071067690849304,0.0,0.2474873661994934,24,1,24,-0.24647563695907593,-0.23405200242996216,-0.2542104423046112
-0.020469456911087036,-0.006094512529671192,0.0,0.3737838277913103,1785360786.649861,-0.24647565186023712,-0.005328036844730377,-0.006758839823305607,0.4836215376853943,1,0.0,8,15623,abort_land,3.695014715194702,0.021769648417830467,-0.01357793714851141,-0.020469456911087036,-0.006094512529671192,0.8494102954864502,0.440909743309021,1,0.7071067690849304,-0.7071067690849304,0.0,0.2474873661994934,24,1,24,-0.24647563695907593,-0.23405200242996216,-0.2542104423046112
-0.020469456911087036,-0.006094512529671192,0.0,0.3698352445255626,1785360786.674805,-0.24647565186023712,-0.005328036844730377,-0.006758839823305607,0.4836215376853943,1,0.0,8,15623,abort_land,3.695014715194702,0.021769648417830467,-0.01357793714851141,-0.020469456911087036,-0.006094512529671192,0.8494102954864502,0.440909743309021,1,0.7071067690849304,-0.7071067690849304,0.0,0.2474873661994934,24,1,24,-0.24647563695907593,-0.23405200242996216,-0.2542104423046112
-0.020469456911087036,-0.006094512529671192,0.0,0.36588666125981495,1785360786.697332,-0.24647565186023712,-0.005328036844730377,-0.006758839823305607,0.4836215376853943,1,0.0,8,15623,abort_land,3.695014715194702,0.021769648417830467,-0.01357793714851141,-0.020469456911087036,-0.006094512529671192,0.8494102954864502,0.440909743309021,1,0.7071067690849304,-0.7071067690849304,0.0,0.2474873661994934,24,1,24,-0.24647563695907593,-0.23405200242996216,-0.2542104423046112
-0.020469456911087036,-0.006094512529671192,0.0,0.36193807799406724,1785360786.718859,-0.24647565186023712,-0.005328036844730377,-0.006758839823305607,0.4836215376853943,1,0.0,8,15623,abort_land,3.695014715194702,0.021769648417830467,-0.01357793714851141,-0.020469456911087036,-0.006094512529671192,0.8494102954864502,0.440909743309021,1,0.7071067690849304,-0.7071067690849304,0.0,0.2474873661994934,24,1,24,-0.24647563695907593,-0.23405200242996216,-0.2542104423046112
-0.020469456911087036,-0.006094512529671192,0.0,0.35798949472831953,1785360786.740919,-0.24647565186023712,-0.005328036844730377,-0.006758839823305607,0.4836215376853943,1,0.0,8,15623,abort_land,3.695014715194702,0.021769648417830467,-0.01357793714851141,-0.020469456911087036,-0.006094512529671192,0.8494102954864502,0.440909743309021,1,0.7071067690849304,-0.7071067690849304,0.0,0.2474873661994934,24,1,24,-0.24647563695907593,-0.23405200242996216,-0.2542104423046112
-0.020469456911087036,-0.006094512529671192,0.0,0.3540409114625719,1785360786.7640052,-0.24647565186023712,-0.005328036844730377,-0.006758839823305607,0.4836215376853943,1,0.0,8,15623,abort_land,3.695014715194702,0.021769648417830467,-0.01357793714851141,-0.020469456911087036,-0.006094512529671192,0.8494102954864502,0.440909743309021,1,0.7071067690849304,-0.7071067690849304,0.0,0.2474873661994934,24,1,24,-0.24647563695907593,-0.23405200242996216,-0.2542104423046112
-0.020469456911087036,-0.006094512529671192,0.0,0.35009232819682423,1785360786.7878542,-0.24647565186023712,-0.005328036844730377,-0.006758839823305607,0.4836215376853943,1,0.0,8,15623,abort_land,3.695014715194702,0.021769648417830467,-0.01357793714851141,-0.020469456911087036,-0.006094512529671192,0.8494102954864502,0.440909743309021,1,0.7071067690849304,-0.7071067690849304,0.0,0.2474873661994934,24,1,24,-0.24647563695907593,-0.23405200242996216,-0.2542104423046112
-0.020469456911087036,-0.006094512529671192,0.0,0.3461437449310765,1785360786.812913,-0.24647565186023712,-0.005328036844730377,-0.006758839823305607,0.4836215376853943,1,0.0,8,15623,abort_land,3.695014715194702,0.021769648417830467,-0.01357793714851141,-0.020469456911087036,-0.006094512529671192,0.8494102954864502,0.440909743309021,1,0.7071067690849304,-0.7071067690849304,0.0,0.2474873661994934,24,1,24,-0.24647563695907593,-0.23405200242996216,-0.2542104423046112
-0.020469456911087036,-0.006094512529671192,0.0,0.3421951616653288,1785360786.8369448,-0.24647565186023712,-0.005328036844730377,-0.006758839823305607,0.4836215376853943,1,0.0,8,15623,abort_land,3.695014715194702,0.021769648417830467,-0.01357793714851141,-0.020469456911087036,-0.006094512529671192,0.8494102954864502,0.440909743309021,1,0.7071067690849304,-0.7071067690849304,0.0,0.2474873661994934,24,1,24,-0.24647563695907593,-0.23405200242996216,-0.2542104423046112
-0.020469456911087036,-0.006094512529671192,0.0,0.3382465783995811,1785360786.8589492,-0.24647565186023712,-0.005328036844730377,-0.006758839823305607,0.4836215376853943,1,0.0,8,15623,abort_land,3.695014715194702,0.021769648417830467,-0.01357793714851141,-0.020469456911087036,-0.006094512529671192,0.8494102954864502,0.440909743309021,1,0.7071067690849304,-0.7071067690849304,0.0,0.2474873661994934,24,1,24,-0.24647563695907593,-0.23405200242996216,-0.2542104423046112
-0.020469456911087036,-0.006094512529671192,0.0,0.33429799513383346,1785360786.883142,-0.24647565186023712,-0.005328036844730377,-0.006758839823305607,0.4836215376853943,1,0.0,8,15623,abort_land,3.695014715194702,0.021769648417830467,-0.01357793714851141,-0.020469456911087036,-0.006094512529671192,0.8494102954864502,0.440909743309021,1,0.7071067690849304,-0.7071067690849304,0.0,0.2474873661994934,24,1,24,-0.24647563695907593,-0.23405200242996216,-0.2542104423046112
-0.020469456911087036,-0.006094512529671192,0.0,0.33034941186808575,1785360786.903845,-0.24647565186023712,-0.005328036844730377,-0.006758839823305607,0.4836215376853943,1,0.0,8,15623,abort_land,3.695014715194702,0.021769648417830467,-0.01357793714851141,-0.020469456911087036,-0.006094512529671192,0.8494102954864502,0.440909743309021,1,0.7071067690849304,-0.7071067690849304,0.0,0.2474873661994934,24,1,24,-0.24647563695907593,-0.23405200242996216,-0.2542104423046112
-0.020469456911087036,-0.006094512529671192,0.0,0.3264008286023381,1785360786.925212,-0.24647565186023712,-0.005328036844730377,-0.006758839823305607,0.4836215376853943,1,0.0,8,15623,abort_land,3.695014715194702,0.021769648417830467,-0.01357793714851141,-0.020469456911087036,-0.006094512529671192,0.8494102954864502,0.440909743309021,1,0.7071067690849304,-0.7071067690849304,0.0,0.2474873661994934,24,1,24,-0.24647563695907593,-0.23405200242996216,-0.2542104423046112
-0.020469456911087036,-0.006094512529671192,0.0,0.3224522453365904,1785360786.9502132,-0.24647565186023712,-0.005328036844730377,-0.006758839823305607,0.4836215376853943,1,0.0,8,15623,abort_land,3.695014715194702,0.021769648417830467,-0.01357793714851141,-0.020469456911087036,-0.006094512529671192,0.8494102954864502,0.440909743309021,1,0.7071067690849304,-0.7071067690849304,0.0,0.2474873661994934,24,1,24,-0.24647563695907593,-0.23405200242996216,-0.2542104423046112
-0.020469456911087036,-0.006094512529671192,0.0,0.3185036620708427,1785360786.975269,-0.24647565186023712,-0.005328036844730377,-0.006758839823305607,0.4836215376853943,1,0.0,8,15623,abort_land,3.695014715194702,0.021769648417830467,-0.01357793714851141,-0.020469456911087036,-0.006094512529671192,0.8494102954864502,0.440909743309021,1,0.7071067690849304,-0.7071067690849304,0.0,0.2474873661994934,24,1,24,-0.24647563695907593,-0.23405200242996216,-0.2542104423046112
-0.020469456911087036,-0.006094512529671192,0.0,0.31455507880509503,1785360786.9958882,-0.24647565186023712,-0.005328036844730377,-0.006758839823305607,0.4836215376853943,1,0.0,8,15623,abort_land,3.695014715194702,0.021769648417830467,-0.01357793714851141,-0.020469456911087036,-0.006094512529671192,0.8494102954864502,0.440909743309021,1,0.7071067690849304,-0.7071067690849304,0.0,0.2474873661994934,24,1,24,-0.24647563695907593,-0.23405200242996216,-0.2542104423046112
-0.020469456911087036,-0.006094512529671192,0.0,0.3106064955393473,1785360787.0199711,-0.24647565186023712,-0.005328036844730377,-0.006758839823305607,0.4836215376853943,1,0.0,8,15623,abort_land,3.695014715194702,0.021769648417830467,-0.01357793714851141,-0.020469456911087036,-0.006094512529671192,0.8494102954864502,0.440909743309021,1,0.7071067690849304,-0.7071067690849304,0.0,0.2474873661994934,24,1,24,-0.24647563695907593,-0.23405200242996216,-0.2542104423046112
-0.020469456911087036,-0.006094512529671192,0.0,0.3066579122735996,1785360787.040852,-0.24647565186023712,-0.005328036844730377,-0.006758839823305607,0.4836215376853943,1,0.0,8,15623,abort_land,3.695014715194702,0.021769648417830467,-0.01357793714851141,-0.020469456911087036,-0.006094512529671192,0.8494102954864502,0.440909743309021,1,0.7071067690849304,-0.7071067690849304,0.0,0.2474873661994934,24,1,24,-0.24647563695907593,-0.23405200242996216,-0.2542104423046112
-0.020469456911087036,-0.006094512529671192,0.0,0.30270932900785197,1785360787.0626519,-0.24647565186023712,-0.005328036844730377,-0.006758839823305607,0.4836215376853943,1,0.0,8,15623,abort_land,3.695014715194702,0.021769648417830467,-0.01357793714851141,-0.020469456911087036,-0.006094512529671192,0.8494102954864502,0.440909743309021,1,0.7071067690849304,-0.7071067690849304,0.0,0.2474873661994934,24,1,24,-0.24647563695907593,-0.23405200242996216,-0.2542104423046112
-0.020469456911087036,-0.006094512529671192,0.0,0.29876074574210426,1785360787.0860841,-0.24647565186023712,-0.005328036844730377,-0.006758839823305607,0.4836215376853943,1,0.0,8,15623,abort_land,3.695014715194702,0.021769648417830467,-0.01357793714851141,-0.020469456911087036,-0.006094512529671192,0.8494102954864502,0.440909743309021,1,0.7071067690849304,-0.7071067690849304,0.0,0.2474873661994934,24,1,24,-0.24647563695907593,-0.23405200242996216,-0.2542104423046112
-0.020469456911087036,-0.006094512529671192,0.0,0.29481216247635655,1785360787.106835,-0.24647565186023712,-0.005328036844730377,-0.006758839823305607,0.4836215376853943,1,0.0,8,15623,abort_land,3.695014715194702,0.021769648417830467,-0.01357793714851141,-0.020469456911087036,-0.006094512529671192,0.8494102954864502,0.440909743309021,1,0.7071067690849304,-0.7071067690849304,0.0,0.2474873661994934,24,1,24,-0.24647563695907593,-0.23405200242996216,-0.2542104423046112
-0.020469456911087036,-0.006094512529671192,0.0,0.2908635792106089,1785360787.128787,-0.24647565186023712,-0.005328036844730377,-0.006758839823305607,0.4836215376853943,1,0.0,8,15623,abort_land,3.695014715194702,0.021769648417830467,-0.01357793714851141,-0.020469456911087036,-0.006094512529671192,0.8494102954864502,0.440909743309021,1,0.7071067690849304,-0.7071067690849304,0.0,0.2474873661994934,24,1,24,-0.24647563695907593,-0.23405200242996216,-0.2542104423046112
-0.020469456911087036,-0.006094512529671192,0.0,0.28691499594486125,1785360787.1508312,-0.24647565186023712,-0.005328036844730377,-0.006758839823305607,0.4836215376853943,1,0.0,8,15623,abort_land,3.695014715194702,0.021769648417830467,-0.01357793714851141,-0.020469456911087036,-0.006094512529671192,0.8494102954864502,0.440909743309021,1,0.7071067690849304,-0.7071067690849304,0.0,0.2474873661994934,24,1,24,-0.24647563695907593,-0.23405200242996216,-0.2542104423046112
-0.020469456911087036,-0.006094512529671192,0.0,0.2829664126791135,1785360787.1739311,-0.24647565186023712,-0.005328036844730377,-0.006758839823305607,0.4836215376853943,1,0.0,8,15623,abort_land,3.695014715194702,0.021769648417830467,-0.01357793714851141,-0.020469456911087036,-0.006094512529671192,0.8494102954864502,0.440909743309021,1,0.7071067690849304,-0.7071067690849304,0.0,0.2474873661994934,24,1,24,-0.24647563695907593,-0.23405200242996216,-0.2542104423046112
-0.020469456911087036,-0.006094512529671192,0.0,0.27901782941336584,1785360787.195146,-0.24647565186023712,-0.005328036844730377,-0.006758839823305607,0.4836215376853943,1,0.0,8,15623,abort_land,3.695014715194702,0.021769648417830467,-0.01357793714851141,-0.020469456911087036,-0.006094512529671192,0.8494102954864502,0.440909743309021,1,0.7071067690849304,-0.7071067690849304,0.0,0.2474873661994934,24,1,24,-0.24647563695907593,-0.23405200242996216,-0.2542104423046112
-0.020469456911087036,-0.006094512529671192,0.0,0.27506924614761813,1785360787.219998,-0.24647565186023712,-0.005328036844730377,-0.006758839823305607,0.4836215376853943,1,0.0,8,15623,abort_land,3.695014715194702,0.021769648417830467,-0.01357793714851141,-0.020469456911087036,-0.006094512529671192,0.8494102954864502,0.440909743309021,1,0.7071067690849304,-0.7071067690849304,0.0,0.2474873661994934,24,1,24,-0.24647563695907593,-0.23405200242996216,-0.2542104423046112
-0.020469456911087036,-0.006094512529671192,0.0,0.2711206628818704,1785360787.244042,-0.24647565186023712,-0.005328036844730377,-0.006758839823305607,0.4836215376853943,1,0.0,8,15623,abort_land,3.695014715194702,0.021769648417830467,-0.01357793714851141,-0.020469456911087036,-0.006094512529671192,0.8494102954864502,0.440909743309021,1,0.7071067690849304,-0.7071067690849304,0.0,0.2474873661994934,24,1,24,-0.24647563695907593,-0.23405200242996216,-0.2542104423046112
-0.020469456911087036,-0.006094512529671192,0.0,0.26717207961612277,1785360787.2656908,-0.24647565186023712,-0.005328036844730377,-0.006758839823305607,0.4836215376853943,1,0.0,8,15623,abort_land,3.695014715194702,0.021769648417830467,-0.01357793714851141,-0.020469456911087036,-0.006094512529671192,0.8494102954864502,0.440909743309021,1,0.7071067690849304,-0.7071067690849304,0.0,0.2474873661994934,24,1,24,-0.24647563695907593,-0.23405200242996216,-0.2542104423046112
-0.020469456911087036,-0.006094512529671192,0.0,0.2632234963503751,1785360787.287832,-0.24647565186023712,-0.005328036844730377,-0.006758839823305607,0.4836215376853943,1,0.0,8,15623,abort_land,3.695014715194702,0.021769648417830467,-0.01357793714851141,-0.020469456911087036,-0.006094512529671192,0.8494102954864502,0.440909743309021,1,0.7071067690849304,-0.7071067690849304,0.0,0.2474873661994934,24,1,24,-0.24647563695907593,-0.23405200242996216,-0.2542104423046112
-0.020469456911087036,-0.006094512529671192,0.0,0.2592749130846274,1785360787.312851,-0.24647565186023712,-0.005328036844730377,-0.006758839823305607,0.4836215376853943,1,0.0,8,15623,abort_land,3.695014715194702,0.021769648417830467,-0.01357793714851141,-0.020469456911087036,-0.006094512529671192,0.8494102954864502,0.440909743309021,1,0.7071067690849304,-0.7071067690849304,0.0,0.2474873661994934,24,1,24,-0.24647563695907593,-0.23405200242996216,-0.2542104423046112
-0.020469456911087036,-0.006094512529671192,0.0,0.2553263298188797,1785360787.33793,-0.24647565186023712,-0.005328036844730377,-0.006758839823305607,0.4836215376853943,1,0.0,8,15623,abort_land,3.695014715194702,0.021769648417830467,-0.01357793714851141,-0.020469456911087036,-0.006094512529671192,0.8494102954864502,0.440909743309021,1,0.7071067690849304,-0.7071067690849304,0.0,0.2474873661994934,24,1,24,-0.24647563695907593,-0.23405200242996216,-0.2542104423046112
-0.020469456911087036,-0.006094512529671192,0.0,0.25137774655313205,1785360787.3598511,-0.24647565186023712,-0.005328036844730377,-0.006758839823305607,0.4836215376853943,1,0.0,8,15623,abort_land,3.695014715194702,0.021769648417830467,-0.01357793714851141,-0.020469456911087036,-0.006094512529671192,0.8494102954864502,0.440909743309021,1,0.7071067690849304,-0.7071067690849304,0.0,0.2474873661994934,24,1,24,-0.24647563695907593,-0.23405200242996216,-0.2542104423046112
-0.020469456911087036,-0.006094512529671192,0.0,0.24742916328738432,1785360787.384704,-0.24647565186023712,-0.005328036844730377,-0.006758839823305607,0.4836215376853943,1,0.0,8,15623,abort_land,3.695014715194702,0.021769648417830467,-0.01357793714851141,-0.020469456911087036,-0.006094512529671192,0.8494102954864502,0.440909743309021,1,0.7071067690849304,-0.7071067690849304,0.0,0.2474873661994934,24,1,24,-0.24647563695907593,-0.23405200242996216,-0.2542104423046112
-0.020469456911087036,-0.006094512529671192,0.0,0.24348058002163664,1785360787.407848,-0.24647565186023712,-0.005328036844730377,-0.006758839823305607,0.4836215376853943,1,0.0,8,15623,abort_land,3.695014715194702,0.021769648417830467,-0.01357793714851141,-0.020469456911087036,-0.006094512529671192,0.8494102954864502,0.440909743309021,1,0.7071067690849304,-0.7071067690849304,0.0,0.2474873661994934,24,1,24,-0.24647563695907593,-0.23405200242996216,-0.2542104423046112
-0.020469456911087036,-0.006094512529671192,0.0,0.23953199675588896,1785360787.4292648,-0.24647565186023712,-0.005328036844730377,-0.006758839823305607,0.4836215376853943,1,0.0,8,15623,abort_land,3.695014715194702,0.021769648417830467,-0.01357793714851141,-0.020469456911087036,-0.006094512529671192,0.8494102954864502,0.440909743309021,1,0.7071067690849304,-0.7071067690849304,0.0,0.2474873661994934,24,1,24,-0.24647563695907593,-0.23405200242996216,-0.2542104423046112
-0.020469456911087036,-0.006094512529671192,0.0,0.23558341349014125,1785360787.453836,-0.24647565186023712,-0.005328036844730377,-0.006758839823305607,0.4836215376853943,1,0.0,8,15623,abort_land,3.695014715194702,0.021769648417830467,-0.01357793714851141,-0.020469456911087036,-0.006094512529671192,0.8494102954864502,0.440909743309021,1,0.7071067690849304,-0.7071067690849304,0.0,0.2474873661994934,24,1,24,-0.24647563695907593,-0.23405200242996216,-0.2542104423046112
-0.020469456911087036,-0.006094512529671192,0.0,0.23163483022439357,1785360787.476869,-0.24647565186023712,-0.005328036844730377,-0.006758839823305607,0.4836215376853943,1,0.0,8,15623,abort_land,3.695014715194702,0.021769648417830467,-0.01357793714851141,-0.020469456911087036,-0.006094512529671192,0.8494102954864502,0.440909743309021,1,0.7071067690849304,-0.7071067690849304,0.0,0.2474873661994934,24,1,24,-0.24647563695907593,-0.23405200242996216,-0.2542104423046112
-0.020469456911087036,-0.006094512529671192,0.0,0.22768624695864592,1785360787.50192,-0.24647565186023712,-0.005328036844730377,-0.006758839823305607,0.4836215376853943,1,0.0,8,15623,abort_land,3.695014715194702,0.021769648417830467,-0.01357793714851141,-0.020469456911087036,-0.006094512529671192,0.8494102954864502,0.440909743309021,1,0.7071067690849304,-0.7071067690849304,0.0,0.2474873661994934,24,1,24,-0.24647563695907593,-0.23405200242996216,-0.2542104423046112
-0.020469456911087036,-0.006094512529671192,0.0,0.22373766369289821,1785360787.526984,-0.24647565186023712,-0.005328036844730377,-0.006758839823305607,0.4836215376853943,1,0.0,8,15623,abort_land,3.695014715194702,0.021769648417830467,-0.01357793714851141,-0.020469456911087036,-0.006094512529671192,0.8494102954864502,0.440909743309021,1,0.7071067690849304,-0.7071067690849304,0.0,0.2474873661994934,24,1,24,-0.24647563695907593,-0.23405200242996216,-0.2542104423046112
-0.020469456911087036,-0.006094512529671192,0.0,0.21978908042715053,1785360787.548876,-0.24647565186023712,-0.005328036844730377,-0.006758839823305607,0.4836215376853943,1,0.0,8,15623,abort_land,3.695014715194702,0.021769648417830467,-0.01357793714851141,-0.020469456911087036,-0.006094512529671192,0.8494102954864502,0.440909743309021,1,0.7071067690849304,-0.7071067690849304,0.0,0.2474873661994934,24,1,24,-0.24647563695907593,-0.23405200242996216,-0.2542104423046112
-0.020469456911087036,-0.006094512529671192,0.0,0.21584049716140283,1785360787.573301,-0.24647565186023712,-0.005328036844730377,-0.006758839823305607,0.4836215376853943,1,0.0,8,15623,abort_land,3.695014715194702,0.021769648417830467,-0.01357793714851141,-0.020469456911087036,-0.006094512529671192,0.8494102954864502,0.440909743309021,1,0.7071067690849304,-0.7071067690849304,0.0,0.2474873661994934,24,1,24,-0.24647563695907593,-0.23405200242996216,-0.2542104423046112
-0.020469456911087036,-0.006094512529671192,0.0,0.21189191389565515,1785360787.596237,-0.24647565186023712,-0.005328036844730377,-0.006758839823305607,0.4836215376853943,1,0.0,8,15623,abort_land,3.695014715194702,0.021769648417830467,-0.01357793714851141,-0.020469456911087036,-0.006094512529671192,0.8494102954864502,0.440909743309021,1,0.7071067690849304,-0.7071067690849304,0.0,0.2474873661994934,24,1,24,-0.24647563695907593,-0.23405200242996216,-0.2542104423046112
-0.020469456911087036,-0.006094512529671192,0.0,0.2079433306299075,1785360787.6203032,-0.24647565186023712,-0.005328036844730377,-0.006758839823305607,0.4836215376853943,1,0.0,8,15623,abort_land,3.695014715194702,0.021769648417830467,-0.01357793714851141,-0.020469456911087036,-0.006094512529671192,0.8494102954864502,0.440909743309021,1,0.7071067690849304,-0.7071067690849304,0.0,0.2474873661994934,24,1,24,-0.24647563695907593,-0.23405200242996216,-0.2542104423046112
-0.020469456911087036,-0.006094512529671192,0.0,0.20399474736415976,1785360787.641068,-0.24647565186023712,-0.005328036844730377,-0.006758839823305607,0.4836215376853943,1,0.0,8,15623,abort_land,3.695014715194702,0.021769648417830467,-0.01357793714851141,-0.020469456911087036,-0.006094512529671192,0.8494102954864502,0.440909743309021,1,0.7071067690849304,-0.7071067690849304,0.0,0.2474873661994934,24,1,24,-0.24647563695907593,-0.23405200242996216,-0.2542104423046112
-0.020469456911087036,-0.006094512529671192,0.0,0.2000461640984121,1785360787.66591,-0.24647565186023712,-0.005328036844730377,-0.006758839823305607,0.4836215376853943,1,0.0,8,15623,abort_land,3.695014715194702,0.021769648417830467,-0.01357793714851141,-0.020469456911087036,-0.006094512529671192,0.8494102954864502,0.440909743309021,1,0.7071067690849304,-0.7071067690849304,0.0,0.2474873661994934,24,1,24,-0.24647563695907593,-0.23405200242996216,-0.2542104423046112
-0.020469456911087036,-0.006094512529671192,0.0,0.1960975808326644,1785360787.6909351,-0.24647565186023712,-0.005328036844730377,-0.006758839823305607,0.4836215376853943,1,0.0,8,15623,abort_land,3.695014715194702,0.021769648417830467,-0.01357793714851141,-0.020469456911087036,-0.006094512529671192,0.8494102954864502,0.440909743309021,1,0.7071067690849304,-0.7071067690849304,0.0,0.2474873661994934,24,1,24,-0.24647563695907593,-0.23405200242996216,-0.2542104423046112
-0.020469456911087036,-0.006094512529671192,0.0,0.19214899756691672,1785360787.713849,-0.24647565186023712,-0.005328036844730377,-0.006758839823305607,0.4836215376853943,1,0.0,8,15623,abort_land,3.695014715194702,0.021769648417830467,-0.01357793714851141,-0.020469456911087036,-0.006094512529671192,0.8494102954864502,0.440909743309021,1,0.7071067690849304,-0.7071067690849304,0.0,0.2474873661994934,24,1,24,-0.24647563695907593,-0.23405200242996216,-0.2542104423046112
-0.020469456911087036,-0.006094512529671192,0.0,0.18820041430116902,1785360787.7363799,-0.24647565186023712,-0.005328036844730377,-0.006758839823305607,0.4836215376853943,1,0.0,8,15623,abort_land,3.695014715194702,0.021769648417830467,-0.01357793714851141,-0.020469456911087036,-0.006094512529671192,0.8494102954864502,0.440909743309021,1,0.7071067690849304,-0.7071067690849304,0.0,0.2474873661994934,24,1,24,-0.24647563695907593,-0.23405200242996216,-0.2542104423046112
-0.020469456911087036,-0.006094512529671192,0.0,0.18425183103542137,1785360787.757566,-0.24647565186023712,-0.005328036844730377,-0.006758839823305607,0.4836215376853943,1,0.0,8,15623,abort_land,3.695014715194702,0.021769648417830467,-0.01357793714851141,-0.020469456911087036,-0.006094512529671192,0.8494102954864502,0.440909743309021,1,0.7071067690849304,-0.7071067690849304,0.0,0.2474873661994934,24,1,24,-0.24647563695907593,-0.23405200242996216,-0.2542104423046112
-0.020469456911087036,-0.006094512529671192,0.0,0.18030324776967366,1785360787.7813802,-0.24647565186023712,-0.005328036844730377,-0.006758839823305607,0.4836215376853943,1,0.0,8,15623,abort_land,3.695014715194702,0.021769648417830467,-0.01357793714851141,-0.020469456911087036,-0.006094512529671192,0.8494102954864502,0.440909743309021,1,0.7071067690849304,-0.7071067690849304,0.0,0.2474873661994934,24,1,24,-0.24647563695907593,-0.23405200242996216,-0.2542104423046112
-0.020469456911087036,-0.006094512529671192,0.0,0.17635466450392595,1785360787.802857,-0.24647565186023712,-0.005328036844730377,-0.006758839823305607,0.4836215376853943,1,0.0,8,15623,abort_land,3.695014715194702,0.021769648417830467,-0.01357793714851141,-0.020469456911087036,-0.006094512529671192,0.8494102954864502,0.440909743309021,1,0.7071067690849304,-0.7071067690849304,0.0,0.2474873661994934,24,1,24,-0.24647563695907593,-0.23405200242996216,-0.2542104423046112
-0.020469456911087036,-0.006094512529671192,0.0,0.1724060812381783,1785360787.823871,-0.24647565186023712,-0.005328036844730377,-0.006758839823305607,0.4836215376853943,1,0.0,8,15623,abort_land,3.695014715194702,0.021769648417830467,-0.01357793714851141,-0.020469456911087036,-0.006094512529671192,0.8494102954864502,0.440909743309021,1,0.7071067690849304,-0.7071067690849304,0.0,0.2474873661994934,24,1,24,-0.24647563695907593,-0.23405200242996216,-0.2542104423046112
-0.020469456911087036,-0.006094512529671192,0.0,0.1684574979724306,1785360787.84785,-0.24647565186023712,-0.005328036844730377,-0.006758839823305607,0.4836215376853943,1,0.0,8,15623,abort_land,3.695014715194702,0.021769648417830467,-0.01357793714851141,-0.020469456911087036,-0.006094512529671192,0.8494102954864502,0.440909743309021,1,0.7071067690849304,-0.7071067690849304,0.0,0.2474873661994934,24,1,24,-0.24647563695907593,-0.23405200242996216,-0.2542104423046112
-0.020469456911087036,-0.006094512529671192,0.0,0.16450891470668288,1785360787.8729012,-0.24647565186023712,-0.005328036844730377,-0.006758839823305607,0.4836215376853943,1,0.0,8,15623,abort_land,3.695014715194702,0.021769648417830467,-0.01357793714851141,-0.020469456911087036,-0.006094512529671192,0.8494102954864502,0.440909743309021,1,0.7071067690849304,-0.7071067690849304,0.0,0.2474873661994934,24,1,24,-0.24647563695907593,-0.23405200242996216,-0.2542104423046112
-0.020469456911087036,-0.006094512529671192,0.0,0.16056033144093523,1785360787.897161,-0.24647565186023712,-0.005328036844730377,-0.006758839823305607,0.4836215376853943,1,0.0,8,15623,abort_land,3.695014715194702,0.021769648417830467,-0.01357793714851141,-0.020469456911087036,-0.006094512529671192,0.8494102954864502,0.440909743309021,1,0.7071067690849304,-0.7071067690849304,0.0,0.2474873661994934,24,1,24,-0.24647563695907593,-0.23405200242996216,-0.2542104423046112
-0.020469456911087036,-0.006094512529671192,0.0,0.15661174817518753,1785360787.922215,-0.24647565186023712,-0.005328036844730377,-0.006758839823305607,0.4836215376853943,1,0.0,8,15623,abort_land,3.695014715194702,0.021769648417830467,-0.01357793714851141,-0.020469456911087036,-0.006094512529671192,0.8494102954864502,0.440909743309021,1,0.7071067690849304,-0.7071067690849304,0.0,0.2474873661994934,24,1,24,-0.24647563695907593,-0.23405200242996216,-0.2542104423046112
-0.020469456911087036,-0.006094512529671192,0.0,0.15266316490943987,1785360787.9471629,-0.24647565186023712,-0.005328036844730377,-0.006758839823305607,0.4836215376853943,1,0.0,8,15623,abort_land,3.695014715194702,0.021769648417830467,-0.01357793714851141,-0.020469456911087036,-0.006094512529671192,0.8494102954864502,0.440909743309021,1,0.7071067690849304,-0.7071067690849304,0.0,0.2474873661994934,24,1,24,-0.24647563695907593,-0.23405200242996216,-0.2542104423046112
-0.020469456911087036,-0.006094512529671192,0.0,0.14871458164369217,1785360787.970956,-0.24647565186023712,-0.005328036844730377,-0.006758839823305607,0.4836215376853943,1,0.0,8,15623,abort_land,3.695014715194702,0.021769648417830467,-0.01357793714851141,-0.020469456911087036,-0.006094512529671192,0.8494102954864502,0.440909743309021,1,0.7071067690849304,-0.7071067690849304,0.0,0.2474873661994934,24,1,24,-0.24647563695907593,-0.23405200242996216,-0.2542104423046112
-0.020469456911087036,-0.006094512529671192,0.0,0.14476599837794446,1785360787.9918752,-0.24647565186023712,-0.005328036844730377,-0.006758839823305607,0.4836215376853943,1,0.0,8,15623,abort_land,3.695014715194702,0.021769648417830467,-0.01357793714851141,-0.020469456911087036,-0.006094512529671192,0.8494102954864502,0.440909743309021,1,0.7071067690849304,-0.7071067690849304,0.0,0.2474873661994934,24,1,24,-0.24647563695907593,-0.23405200242996216,-0.2542104423046112
-0.020469456911087036,-0.006094512529671192,0.0,0.1408174151121968,1785360788.015393,-0.24647565186023712,-0.005328036844730377,-0.006758839823305607,0.4836215376853943,1,0.0,8,15623,abort_land,3.695014715194702,0.021769648417830467,-0.01357793714851141,-0.020469456911087036,-0.006094512529671192,0.8494102954864502,0.440909743309021,1,0.7071067690849304,-0.7071067690849304,0.0,0.2474873661994934,24,1,24,-0.24647563695907593,-0.23405200242996216,-0.2542104423046112
-0.020469456911087036,-0.006094512529671192,0.0,0.1368688318464491,1785360788.039853,-0.24647565186023712,-0.005328036844730377,-0.006758839823305607,0.4836215376853943,1,0.0,8,15623,abort_land,3.695014715194702,0.021769648417830467,-0.01357793714851141,-0.020469456911087036,-0.006094512529671192,0.8494102954864502,0.440909743309021,1,0.7071067690849304,-0.7071067690849304,0.0,0.2474873661994934,24,1,24,-0.24647563695907593,-0.23405200242996216,-0.2542104423046112
-0.020469456911087036,-0.006094512529671192,0.0,0.13292024858070145,1785360788.06371,-0.24647565186023712,-0.005328036844730377,-0.006758839823305607,0.4836215376853943,1,0.0,8,15623,abort_land,3.695014715194702,0.021769648417830467,-0.01357793714851141,-0.020469456911087036,-0.006094512529671192,0.8494102954864502,0.440909743309021,1,0.7071067690849304,-0.7071067690849304,0.0,0.2474873661994934,24,1,24,-0.24647563695907593,-0.23405200242996216,-0.2542104423046112
-0.020469456911087036,-0.006094512529671192,0.0,0.12897166531495374,1785360788.084859,-0.24647565186023712,-0.005328036844730377,-0.006758839823305607,0.4836215376853943,1,0.0,8,15623,abort_land,3.695014715194702,0.021769648417830467,-0.01357793714851141,-0.020469456911087036,-0.006094512529671192,0.8494102954864502,0.440909743309021,1,0.7071067690849304,-0.7071067690849304,0.0,0.2474873661994934,24,1,24,-0.24647563695907593,-0.23405200242996216,-0.2542104423046112
-0.020469456911087036,-0.006094512529671192,0.0,0.12502308204920604,1785360788.104929,-0.24647565186023712,-0.005328036844730377,-0.006758839823305607,0.4836215376853943,1,0.0,8,15623,abort_land,3.695014715194702,0.021769648417830467,-0.01357793714851141,-0.020469456911087036,-0.006094512529671192,0.8494102954864502,0.440909743309021,1,0.7071067690849304,-0.7071067690849304,0.0,0.2474873661994934,24,1,24,-0.24647563695907593,-0.23405200242996216,-0.2542104423046112
-0.020469456911087036,-0.006094512529671192,0.0,0.12107449878345833,1785360788.1262798,-0.24647565186023712,-0.005328036844730377,-0.006758839823305607,0.4836215376853943,1,0.0,8,15623,abort_land,3.695014715194702,0.021769648417830467,-0.01357793714851141,-0.020469456911087036,-0.006094512529671192,0.8494102954864502,0.440909743309021,1,0.7071067690849304,-0.7071067690849304,0.0,0.2474873661994934,24,1,24,-0.24647563695907593,-0.23405200242996216,-0.2542104423046112
-0.020469456911087036,-0.006094512529671192,0.0,0.11712591551771068,1785360788.150284,-0.24647565186023712,-0.005328036844730377,-0.006758839823305607,0.4836215376853943,1,0.0,8,15623,abort_land,3.695014715194702,0.021769648417830467,-0.01357793714851141,-0.020469456911087036,-0.006094512529671192,0.8494102954864502,0.440909743309021,1,0.7071067690849304,-0.7071067690849304,0.0,0.2474873661994934,24,1,24,-0.24647563695907593,-0.23405200242996216,-0.2542104423046112
-0.020469456911087036,-0.006094512529671192,0.0,0.11317733225196297,1785360788.170487,-0.24647565186023712,-0.005328036844730377,-0.006758839823305607,0.4836215376853943,1,0.0,8,15623,abort_land,3.695014715194702,0.021769648417830467,-0.01357793714851141,-0.020469456911087036,-0.006094512529671192,0.8494102954864502,0.440909743309021,1,0.7071067690849304,-0.7071067690849304,0.0,0.2474873661994934,24,1,24,-0.24647563695907593,-0.23405200242996216,-0.2542104423046112
-0.020469456911087036,-0.006094512529671192,0.0,0.10922874898621526,1785360788.1920938,-0.24647565186023712,-0.005328036844730377,-0.006758839823305607,0.4836215376853943,1,0.0,8,15623,abort_land,3.695014715194702,0.021769648417830467,-0.01357793714851141,-0.020469456911087036,-0.006094512529671192,0.8494102954864502,0.440909743309021,1,0.7071067690849304,-0.7071067690849304,0.0,0.2474873661994934,24,1,24,-0.24647563695907593,-0.23405200242996216,-0.2542104423046112
-0.020469456911087036,-0.006094512529671192,0.0,0.10528016572046761,1785360788.213734,-0.24647565186023712,-0.005328036844730377,-0.006758839823305607,0.4836215376853943,1,0.0,8,15623,abort_land,3.695014715194702,0.021769648417830467,-0.01357793714851141,-0.020469456911087036,-0.006094512529671192,0.8494102954864502,0.440909743309021,1,0.7071067690849304,-0.7071067690849304,0.0,0.2474873661994934,24,1,24,-0.24647563695907593,-0.23405200242996216,-0.2542104423046112
-0.020469456911087036,-0.006094512529671192,0.0,0.1013315824547199,1785360788.2345312,-0.24647565186023712,-0.005328036844730377,-0.006758839823305607,0.4836215376853943,1,0.0,8,15623,abort_land,3.695014715194702,0.021769648417830467,-0.01357793714851141,-0.020469456911087036,-0.006094512529671192,0.8494102954864502,0.440909743309021,1,0.7071067690849304,-0.7071067690849304,0.0,0.2474873661994934,24,1,24,-0.24647563695907593,-0.23405200242996216,-0.2542104423046112
-0.020469456911087036,-0.006094512529671192,0.0,0.09738299918897225,1785360788.25871,-0.24647565186023712,-0.005328036844730377,-0.006758839823305607,0.4836215376853943,1,0.0,8,15623,abort_land,3.695014715194702,0.021769648417830467,-0.01357793714851141,-0.020469456911087036,-0.006094512529671192,0.8494102954864502,0.440909743309021,1,0.7071067690849304,-0.7071067690849304,0.0,0.2474873661994934,24,1,24,-0.24647563695907593,-0.23405200242996216,-0.2542104423046112
-0.020469456911087036,-0.006094512529671192,0.0,0.09343441592322455,1785360788.283778,-0.24647565186023712,-0.005328036844730377,-0.006758839823305607,0.4836215376853943,1,0.0,8,15623,abort_land,3.695014715194702,0.021769648417830467,-0.01357793714851141,-0.020469456911087036,-0.006094512529671192,0.8494102954864502,0.440909743309021,1,0.7071067690849304,-0.7071067690849304,0.0,0.2474873661994934,24,1,24,-0.24647563695907593,-0.23405200242996216,-0.2542104423046112
-0.020469456911087036,-0.006094512529671192,0.0,0.08948583265747684,1785360788.3079832,-0.24647565186023712,-0.005328036844730377,-0.006758839823305607,0.4836215376853943,1,0.0,8,15623,abort_land,3.695014715194702,0.021769648417830467,-0.01357793714851141,-0.020469456911087036,-0.006094512529671192,0.8494102954864502,0.440909743309021,1,0.7071067690849304,-0.7071067690849304,0.0,0.2474873661994934,24,1,24,-0.24647563695907593,-0.23405200242996216,-0.2542104423046112
-0.020469456911087036,-0.006094512529671192,0.0,0.08553724939172919,1785360788.33164,-0.24647565186023712,-0.005328036844730377,-0.006758839823305607,0.4836215376853943,1,0.0,8,15623,abort_land,3.695014715194702,0.021769648417830467,-0.01357793714851141,-0.020469456911087036,-0.006094512529671192,0.8494102954864502,0.440909743309021,1,0.7071067690849304,-0.7071067690849304,0.0,0.2474873661994934,24,1,24,-0.24647563695907593,-0.23405200242996216,-0.2542104423046112
-0.020469456911087036,-0.006094512529671192,0.0,0.08158866612598148,1785360788.354955,-0.24647565186023712,-0.005328036844730377,-0.006758839823305607,0.4836215376853943,1,0.0,8,15623,abort_land,3.695014715194702,0.021769648417830467,-0.01357793714851141,-0.020469456911087036,-0.006094512529671192,0.8494102954864502,0.440909743309021,1,0.7071067690849304,-0.7071067690849304,0.0,0.2474873661994934,24,1,24,-0.24647563695907593,-0.23405200242996216,-0.2542104423046112
-0.020469456911087036,-0.006094512529671192,0.0,0.07764008286023383,1785360788.37686,-0.24647565186023712,-0.005328036844730377,-0.006758839823305607,0.4836215376853943,1,0.0,8,15623,abort_land,3.695014715194702,0.021769648417830467,-0.01357793714851141,-0.020469456911087036,-0.006094512529671192,0.8494102954864502,0.440909743309021,1,0.7071067690849304,-0.7071067690849304,0.0,0.2474873661994934,24,1,24,-0.24647563695907593,-0.23405200242996216,-0.2542104423046112
-0.020469456911087036,-0.006094512529671192,0.0,0.07369149959448607,1785360788.399502,-0.24647565186023712,-0.005328036844730377,-0.006758839823305607,0.4836215376853943,1,0.0,8,15623,abort_land,3.695014715194702,0.021769648417830467,-0.01357793714851141,-0.020469456911087036,-0.006094512529671192,0.8494102954864502,0.440909743309021,1,0.7071067690849304,-0.7071067690849304,0.0,0.2474873661994934,24,1,24,-0.24647563695907593,-0.23405200242996216,-0.2542104423046112
-0.020469456911087036,-0.006094512529671192,0.0,0.06974291632873841,1785360788.42456,-0.24647565186023712,-0.005328036844730377,-0.006758839823305607,0.4836215376853943,1,0.0,8,15623,abort_land,3.695014715194702,0.021769648417830467,-0.01357793714851141,-0.020469456911087036,-0.006094512529671192,0.8494102954864502,0.440909743309021,1,0.7071067690849304,-0.7071067690849304,0.0,0.2474873661994934,24,1,24,-0.24647563695907593,-0.23405200242996216,-0.2542104423046112
-0.020469456911087036,-0.006094512529671192,0.0,0.06579433306299076,1785360788.444847,-0.24647565186023712,-0.005328036844730377,-0.006758839823305607,0.4836215376853943,1,0.0,8,15623,abort_land,3.695014715194702,0.021769648417830467,-0.01357793714851141,-0.020469456911087036,-0.006094512529671192,0.8494102954864502,0.440909743309021,1,0.7071067690849304,-0.7071067690849304,0.0,0.2474873661994934,24,1,24,-0.24647563695907593,-0.23405200242996216,-0.2542104423046112
-0.020469456911087036,-0.006094512529671192,0.0,0.061845749797243055,1785360788.468847,-0.24647565186023712,-0.005328036844730377,-0.006758839823305607,0.4836215376853943,1,0.0,8,15623,abort_land,3.695014715194702,0.021769648417830467,-0.01357793714851141,-0.020469456911087036,-0.006094512529671192,0.8494102954864502,0.440909743309021,1,0.7071067690849304,-0.7071067690849304,0.0,0.2474873661994934,24,1,24,-0.24647563695907593,-0.23405200242996216,-0.2542104423046112
-0.020469456911087036,-0.006094512529671192,0.0,0.05789716653149535,1785360788.4919639,-0.24647565186023712,-0.005328036844730377,-0.006758839823305607,0.4836215376853943,1,0.0,8,15623,abort_land,3.695014715194702,0.021769648417830467,-0.01357793714851141,-0.020469456911087036,-0.006094512529671192,0.8494102954864502,0.440909743309021,1,0.7071067690849304,-0.7071067690849304,0.0,0.2474873661994934,24,1,24,-0.24647563695907593,-0.23405200242996216,-0.2542104423046112
-0.020469456911087036,-0.006094512529671192,0.0,0.05394858326574764,1785360788.5139909,-0.24647565186023712,-0.005328036844730377,-0.006758839823305607,0.4836215376853943,1,0.0,8,15623,abort_land,3.695014715194702,0.021769648417830467,-0.01357793714851141,-0.020469456911087036,-0.006094512529671192,0.8494102954864502,0.440909743309021,1,0.7071067690849304,-0.7071067690849304,0.0,0.2474873661994934,24,1,24,-0.24647563695907593,-0.23405200242996216,-0.2542104423046112
-0.020469456911087036,-0.006094512529671192,0.0,0.04999999999999999,1785360788.53903,-0.24647565186023712,-0.005328036844730377,-0.006758839823305607,0.4836215376853943,1,0.0,8,15623,abort_land,3.695014715194702,0.021769648417830467,-0.01357793714851141,-0.020469456911087036,-0.006094512529671192,0.8494102954864502,0.440909743309021,1,0.7071067690849304,-0.7071067690849304,0.0,0.2474873661994934,24,1,24,-0.24647563695907593,-0.23405200242996216,-0.2542104423046112
