cmd_x,cmd_y,cmd_yaw_deg,cmd_z,gate8.stackFree,host_time,mpcDiag.outX,mpcDiag.outY,mpcDiag.outZ,mpcDiag.yawCmd,obs.iter,obs.mpcUs,percept.ageMs,percept.applied,percept.corridor,percept.ctrDanger,percept.hold,percept.holdAge,percept.maxDanger,percept.minTtc,percept.nCstr,percept.sample,percept.side,percept.valid,perceptGridA.r0,perceptGridA.r1,perceptGridA.r2,perceptGridA.r3,perceptGridA.r4,perceptGridB.r5,perceptGridB.r6,perceptGridB.r7,perceptGridB.r8,perceptGridB.r9,perceptMap.crcErr,perceptMap.invalid,perceptMap.rxOk,perceptMass.cells,perceptMass.centerQ,perceptMass.cluster,perceptMass.detected,perceptMass.maxQ,perceptPath.hit,perceptPath.knot,perceptPath.q,perceptPath.safeL,perceptPath.safeR,perceptPath.u,perceptPath.v,perceptPlane.ax,perceptPlane.ay,perceptPlane.az,perceptPlane.b,perceptPlane.lineU,perceptPlane.safeU,perceptVio.plan,perceptVio.state,phase,pm.vbat,stateEstimate.vx,stateEstimate.vy,stateEstimate.x,stateEstimate.y,stateEstimate.yaw,stateEstimate.z
0.0,0.0,0.0,0.05,0,1785358602.802691,0.0,0.0,0.0,0.0,0,0,0,0,0,0.0,0,0,0.0,0.0,0,0,0,0,0,0,0,0,0,0,0,0,0,0,0,0,0,0,0,0,0,0,0,0,0,255,255,0.0,0.0,0.0,0.0,0.0,0.0,0.0,0.0,0.0,0.0,takeoff,3.932551383972168,0.00031770041096024215,-0.0024450758937746286,0.0011783811496570706,0.00020921377290505916,-0.016212619841098785,0.011809209361672401
0.0,0.0,0.0,0.05454545454545455,0,1785358602.823672,0.0,0.0,0.0,0.0,0,0,0,0,0,0.0,0,0,0.0,0.0,0,0,0,0,0,0,0,0,0,0,0,0,0,0,0,0,0,0,0,0,0,0,0,0,0,255,255,0.0,0.0,0.0,0.0,0.0,0.0,0.0,0.0,0.0,0.0,takeoff,3.932551383972168,0.00031770041096024215,-0.0024450758937746286,0.0011783811496570706,0.00020921377290505916,-0.016212619841098785,0.011809209361672401
0.0,0.0,0.0,0.0590909090909091,0,1785358602.845002,0.0,0.0,0.0,0.0,0,0,0,0,0,0.0,0,0,0.0,0.0,0,0,0,0,0,0,0,0,0,0,0,0,0,0,0,0,0,0,0,0,0,0,0,0,0,255,255,0.0,0.0,0.0,0.0,0.0,0.0,0.0,0.0,0.0,0.0,takeoff,3.932551383972168,-0.000584823137614876,-0.003914896864444017,0.0011272949632257223,-0.00011485712457215413,-0.012506881728768349,0.011033662594854832
0.0,0.0,0.0,0.06363636363636364,0,1785358602.8658502,0.0,0.0,0.0,0.0,0,0,0,0,0,0.0,0,0,0.0,0.0,0,0,0,0,0,0,0,0,0,0,0,0,0,0,0,0,0,0,0,0,0,0,0,0,0,255,255,0.0,0.0,0.0,0.0,0.0,0.0,0.0,0.0,0.0,0.0,takeoff,3.932551383972168,-0.000584823137614876,-0.003914896864444017,0.0011272949632257223,-0.00011485712457215413,-0.012506881728768349,0.011033662594854832
0.0,0.0,0.0,0.06818181818181819,0,1785358602.89071,0.0,0.0,0.0,0.0,0,0,0,0,0,0.0,0,0,0.0,0.0,0,0,0,0,0,0,0,0,0,0,0,0,0,0,0,0,0,0,0,0,0,0,0,0,0,255,255,0.0,0.0,0.0,0.0,0.0,0.0,0.0,0.0,0.0,0.0,takeoff,3.932551383972168,-0.000584823137614876,-0.003914896864444017,0.0011272949632257223,-0.00011485712457215413,-0.012506881728768349,0.011033662594854832
0.0,0.0,0.0,0.07272727272727272,0,1785358602.911968,0.0,0.0,0.0,0.0,0,0,0,0,0,0.0,0,0,0.0,0.0,0,0,0,0,0,0,0,0,0,0,0,0,0,0,0,0,0,0,0,0,0,0,0,0,0,255,255,0.0,0.0,0.0,0.0,0.0,0.0,0.0,0.0,0.0,0.0,takeoff,3.6791789531707764,-0.0021413143258541822,-0.003546976251527667,0.0010324132163077593,-0.00028292887145653367,-0.0004722249286714941,0.010889691300690174
0.0,0.0,0.0,0.07727272727272727,0,1785358602.93571,0.0,0.0,0.0,0.0,0,0,0,0,0,0.0,0,0,0.0,0.0,0,0,0,0,0,0,0,0,0,0,0,0,0,0,0,0,0,0,0,0,0,0,0,0,0,255,255,0.0,0.0,0.0,0.0,0.0,0.0,0.0,0.0,0.0,0.0,takeoff,3.6791789531707764,-0.0021413143258541822,-0.003546976251527667,0.0010324132163077593,-0.00028292887145653367,-0.0004722249286714941,0.010889691300690174
0.0,0.0,0.0,0.08181818181818182,0,1785358602.960779,0.0,0.0,0.0,0.0,0,0,0,0,0,0.0,0,0,0.0,0.0,0,0,0,0,0,0,0,0,0,0,0,0,0,0,0,0,0,0,0,0,0,0,0,0,0,255,255,0.0,0.0,0.0,0.0,0.0,0.0,0.0,0.0,0.0,0.0,takeoff,3.6791789531707764,-0.003883077995851636,0.0038078457582741976,0.0009112414554692805,0.0009431928629055619,0.019769337028265,0.009978347457945347
0.0,0.0,0.0,0.08636363636363636,0,1785358602.9817111,0.0,0.0,0.0,0.0,0,0,0,0,0,0.0,0,0,0.0,0.0,0,0,0,0,0,0,0,0,0,0,0,0,0,0,0,0,0,0,0,0,0,0,0,0,0,255,255,0.0,0.0,0.0,0.0,0.0,0.0,0.0,0.0,0.0,0.0,takeoff,3.6791789531707764,-0.003883077995851636,0.0038078457582741976,0.0009112414554692805,0.0009431928629055619,0.019769337028265,0.009978347457945347
0.0,0.0,0.0,0.09090909090909091,0,1785358603.003714,0.0,0.0,0.0,0.0,0,0,0,0,0,0.0,0,0,0.0,0.0,0,0,0,0,0,0,0,0,0,0,0,0,0,0,0,0,0,0,0,0,0,0,0,0,0,255,255,0.0,0.0,0.0,0.0,0.0,0.0,0.0,0.0,0.0,0.0,takeoff,3.737243413925171,-0.002472094027325511,0.008471398614346981,0.0014782808721065521,0.001917591318488121,0.06231791526079178,0.009806782938539982
0.0,0.0,0.0,0.09545454545454546,0,1785358603.028667,0.0,0.0,0.0,0.0,0,0,0,0,0,0.0,0,0,0.0,0.0,0,0,0,0,0,0,0,0,0,0,0,0,0,0,0,0,0,0,0,0,0,0,0,0,0,255,255,0.0,0.0,0.0,0.0,0.0,0.0,0.0,0.0,0.0,0.0,takeoff,3.737243413925171,-0.002472094027325511,0.008471398614346981,0.0014782808721065521,0.001917591318488121,0.06231791526079178,0.009806782938539982
0.0,0.0,0.0,0.1,0,1785358603.0522351,0.0,0.0,0.0,0.0,0,0,0,0,0,0.0,0,0,0.0,0.0,0,0,0,0,0,0,0,0,0,0,0,0,0,0,0,0,0,0,0,0,0,0,0,0,0,255,255,0.0,0.0,0.0,0.0,0.0,0.0,0.0,0.0,0.0,0.0,takeoff,3.737243413925171,0.008362744003534317,0.008217995055019855,0.004241433925926685,0.002069061389192939,0.013627077452838421,0.010551229119300842
0.0,0.0,0.0,0.10454545454545455,0,1785358603.073979,0.0,0.0,0.0,0.0,0,0,0,0,0,0.0,0,0,0.0,0.0,0,0,0,0,0,0,0,0,0,0,0,0,0,0,0,0,0,0,0,0,0,0,0,0,0,255,255,0.0,0.0,0.0,0.0,0.0,0.0,0.0,0.0,0.0,0.0,takeoff,3.737243413925171,0.008362744003534317,0.008217995055019855,0.004241433925926685,0.002069061389192939,0.013627077452838421,0.010551229119300842
0.0,0.0,0.0,0.1090909090909091,0,1785358603.0948029,0.0,0.0,0.0,0.0,0,0,0,0,0,0.0,0,0,0.0,0.0,0,0,0,0,0,0,0,0,0,0,0,0,0,0,0,0,0,0,0,0,0,0,0,0,0,255,255,0.0,0.0,0.0,0.0,0.0,0.0,0.0,0.0,0.0,0.0,takeoff,3.7319648265838623,0.008469349704682827,0.00965680368244648,0.0051258644089102745,0.002617206424474716,0.09162407368421555,0.011282847262918949
0.0,0.0,0.0,0.11363636363636363,0,1785358603.1170712,0.0,0.0,0.0,0.0,0,0,0,0,0,0.0,0,0,0.0,0.0,0,0,0,0,0,0,0,0,0,0,0,0,0,0,0,0,0,0,0,0,0,0,0,0,0,255,255,0.0,0.0,0.0,0.0,0.0,0.0,0.0,0.0,0.0,0.0,takeoff,3.7319648265838623,0.008469349704682827,0.00965680368244648,0.0051258644089102745,0.002617206424474716,0.09162407368421555,0.011282847262918949
0.0,0.0,0.0,0.1181818181818182,0,1785358603.1417332,0.0,0.0,0.0,0.0,0,0,0,0,0,0.0,0,0,0.0,0.0,0,0,0,0,0,0,0,0,0,0,0,0,0,0,0,0,0,0,0,0,0,0,0,0,0,255,255,0.0,0.0,0.0,0.0,0.0,0.0,0.0,0.0,0.0,0.0,takeoff,3.7319648265838623,0.01590350642800331,-0.0027819371316581964,0.0075951796025037766,0.0006010181969031692,0.08640482276678085,0.010869001038372517
0.0,0.0,0.0,0.12272727272727274,0,1785358603.166324,0.0,0.0,0.0,0.0,0,0,0,0,0,0.0,0,0,0.0,0.0,0,0,0,0,0,0,0,0,0,0,0,0,0,0,0,0,0,0,0,0,0,0,0,0,0,255,255,0.0,0.0,0.0,0.0,0.0,0.0,0.0,0.0,0.0,0.0,takeoff,3.7319648265838623,0.01590350642800331,-0.0027819371316581964,0.0075951796025037766,0.0006010181969031692,0.08640482276678085,0.010869001038372517
0.0,0.0,0.0,0.12727272727272726,0,1785358603.187704,0.0,0.0,0.0,0.0,0,0,0,0,0,0.0,0,0,0.0,0.0,0,0,0,0,0,0,0,0,0,0,0,0,0,0,0,0,0,0,0,0,0,0,0,0,0,255,255,0.0,0.0,0.0,0.0,0.0,0.0,0.0,0.0,0.0,0.0,takeoff,3.7319648265838623,0.01590350642800331,-0.0027819371316581964,0.0075951796025037766,0.0006010181969031692,0.08640482276678085,0.010869001038372517
0.0,0.0,0.0,0.13181818181818183,0,1785358603.212009,0.0,0.0,0.0,0.0,0,0,0,0,0,0.0,0,0,0.0,0.0,0,0,0,0,0,0,0,0,0,0,0,0,0,0,0,0,0,0,0,0,0,0,0,0,0,255,255,0.0,0.0,0.0,0.0,0.0,0.0,0.0,0.0,0.0,0.0,takeoff,3.7161290645599365,0.009509507566690445,-0.0033595117274671793,0.008107981644570827,0.0012017698027193546,0.08965694904327393,0.012431430630385876
0.0,0.0,0.0,0.13636363636363635,0,1785358603.2340732,0.0,0.0,0.0,0.0,0,0,0,0,0,0.0,0,0,0.0,0.0,0,0,0,0,0,0,0,0,0,0,0,0,0,0,0,0,0,0,0,0,0,0,0,0,0,255,255,0.0,0.0,0.0,0.0,0.0,0.0,0.0,0.0,0.0,0.0,takeoff,3.7161290645599365,0.009509507566690445,-0.0033595117274671793,0.008107981644570827,0.0012017698027193546,0.08965694904327393,0.012431430630385876
0.0,0.0,0.0,0.14090909090909093,0,1785358603.256701,0.0,0.0,0.0,0.0,0,0,0,0,0,0.0,0,0,0.0,0.0,0,0,0,0,0,0,0,0,0,0,0,0,0,0,0,0,0,0,0,0,0,0,0,0,0,255,255,0.0,0.0,0.0,0.0,0.0,0.0,0.0,0.0,0.0,0.0,takeoff,3.7161290645599365,-0.00024628950632177293,-0.038652144372463226,0.008443384431302547,-0.004732743836939335,0.05902472510933876,0.01241928432136774
0.0,0.0,0.0,0.14545454545454545,0,1785358603.2817228,0.0,0.0,0.0,0.0,0,0,0,0,0,0.0,0,0,0.0,0.0,0,0,0,0,0,0,0,0,0,0,0,0,0,0,0,0,0,0,0,0,0,0,0,0,0,255,255,0.0,0.0,0.0,0.0,0.0,0.0,0.0,0.0,0.0,0.0,takeoff,3.7161290645599365,-0.00024628950632177293,-0.038652144372463226,0.008443384431302547,-0.004732743836939335,0.05902472510933876,0.01241928432136774
0.0,0.0,0.0,0.15,0,1785358603.3067389,0.0,0.0,0.0,0.0,0,0,0,0,0,0.0,0,0,0.0,0.0,0,0,0,0,0,0,0,0,0,0,0,0,0,0,0,0,0,0,0,0,0,0,0,0,0,255,255,0.0,0.0,0.0,0.0,0.0,0.0,0.0,0.0,0.0,0.0,takeoff,3.710850477218628,-0.059259895235300064,-0.1305038034915924,-0.0023379127960652113,-0.024697517976164818,0.06532590091228485,0.006166665814816952
0.0,0.0,0.0,0.15454545454545454,0,1785358603.33183,0.0,0.0,0.0,0.0,0,0,0,0,0,0.0,0,0,0.0,0.0,0,0,0,0,0,0,0,0,0,0,0,0,0,0,0,0,0,0,0,0,0,0,0,0,0,255,255,0.0,0.0,0.0,0.0,0.0,0.0,0.0,0.0,0.0,0.0,takeoff,3.710850477218628,-0.059259895235300064,-0.1305038034915924,-0.0023379127960652113,-0.024697517976164818,0.06532590091228485,0.006166665814816952
0.0,0.0,0.0,0.15909090909090912,0,1785358603.354707,0.0,0.0,0.0,0.0,0,0,0,0,0,0.0,0,0,0.0,0.0,0,0,0,0,0,0,0,0,0,0,0,0,0,0,0,0,0,0,0,0,0,0,0,0,0,255,255,0.0,0.0,0.0,0.0,0.0,0.0,0.0,0.0,0.0,0.0,takeoff,3.710850477218628,-0.09796446561813354,-0.19619403779506683,-0.011896139942109585,-0.04391838610172272,0.09548357874155045,0.0007901425706222653
0.0,0.0,0.0,0.16363636363636364,0,1785358603.378706,0.0,0.0,0.0,0.0,0,0,0,0,0,0.0,0,0,0.0,0.0,0,0,0,0,0,0,0,0,0,0,0,0,0,0,0,0,0,0,0,0,0,0,0,0,0,255,255,0.0,0.0,0.0,0.0,0.0,0.0,0.0,0.0,0.0,0.0,takeoff,3.710850477218628,-0.09796446561813354,-0.19619403779506683,-0.011896139942109585,-0.04391838610172272,0.09548357874155045,0.0007901425706222653
0.0,0.0,0.0,0.1681818181818182,0,1785358603.40275,0.0,0.0,0.0,0.0,0,0,0,0,0,0.0,0,0,0.0,0.0,0,0,0,0,0,0,0,0,0,0,0,0,0,0,0,0,0,0,0,0,0,0,0,0,0,255,255,0.0,0.0,0.0,0.0,0.0,0.0,0.0,0.0,0.0,0.0,takeoff,3.668621778488159,-0.10953999310731888,-0.20795579254627228,-0.019333237782120705,-0.057761743664741516,0.1425478607416153,-0.0004059314669575542
0.0,0.0,0.0,0.17272727272727273,0,1785358603.4276328,0.0,0.0,0.0,0.0,0,0,0,0,0,0.0,0,0,0.0,0.0,0,0,0,0,0,0,0,0,0,0,0,0,0,0,0,0,0,0,0,0,0,0,0,0,0,255,255,0.0,0.0,0.0,0.0,0.0,0.0,0.0,0.0,0.0,0.0,takeoff,3.668621778488159,-0.10953999310731888,-0.20795579254627228,-0.019333237782120705,-0.057761743664741516,0.1425478607416153,-0.0004059314669575542
0.0,0.0,0.0,0.17727272727272725,0,1785358603.451416,0.0,0.0,0.0,0.0,0,0,0,0,0,0.0,0,0,0.0,0.0,0,0,0,0,0,0,0,0,0,0,0,0,0,0,0,0,0,0,0,0,0,0,0,0,0,255,255,0.0,0.0,0.0,0.0,0.0,0.0,0.0,0.0,0.0,0.0,takeoff,3.668621778488159,-0.06745410710573196,-0.15605828166007996,-0.01836869679391384,-0.06284569948911667,0.1494678258895874,0.0028938164468854666
0.0,0.0,0.0,0.18181818181818182,0,1785358603.473451,0.0,0.0,0.0,0.0,0,0,0,0,0,0.0,0,0,0.0,0.0,0,0,0,0,0,0,0,0,0,0,0,0,0,0,0,0,0,0,0,0,0,0,0,0,0,255,255,0.0,0.0,0.0,0.0,0.0,0.0,0.0,0.0,0.0,0.0,takeoff,3.668621778488159,-0.06745410710573196,-0.15605828166007996,-0.01836869679391384,-0.06284569948911667,0.1494678258895874,0.0028938164468854666
0.0,0.0,0.0,0.1863636363636364,0,1785358603.495361,0.0,0.0,0.0,0.0,0,0,0,0,0,0.0,0,0,0.0,0.0,0,0,0,0,0,0,0,0,0,0,0,0,0,0,0,0,0,0,0,0,0,0,0,0,0,255,255,0.0,0.0,0.0,0.0,0.0,0.0,0.0,0.0,0.0,0.0,takeoff,3.6897361278533936,-0.006839599926024675,-0.05254592001438141,-0.012843507342040539,-0.05800551548600197,0.15997231006622314,0.010567903518676758
0.0,0.0,0.0,0.19090909090909092,0,1785358603.517986,0.0,0.0,0.0,0.0,0,0,0,0,0,0.0,0,0,0.0,0.0,0,0,0,0,0,0,0,0,0,0,0,0,0,0,0,0,0,0,0,0,0,0,0,0,0,255,255,0.0,0.0,0.0,0.0,0.0,0.0,0.0,0.0,0.0,0.0,takeoff,3.6897361278533936,-0.006839599926024675,-0.05254592001438141,-0.012843507342040539,-0.05800551548600197,0.15997231006622314,0.010567903518676758
0.0,0.0,0.0,0.1954545454545455,0,1785358603.5418282,0.0,0.0,0.0,0.0,0,0,0,0,0,0.0,0,0,0.0,0.0,0,0,0,0,0,0,0,0,0,0,0,0,0,0,0,0,0,0,0,0,0,0,0,0,0,255,255,0.0,0.0,0.0,0.0,0.0,0.0,0.0,0.0,0.0,0.0,takeoff,3.6897361278533936,0.036193087697029114,0.06616786122322083,-0.008695661090314388,-0.046391163021326065,0.2134615182876587,0.020359622314572334
0.0,0.0,0.0,0.2,0,1785358603.566998,0.0,0.0,0.0,0.0,0,0,0,0,0,0.0,0,0,0.0,0.0,0,0,0,0,0,0,0,0,0,0,0,0,0,0,0,0,0,0,0,0,0,0,0,0,0,255,255,0.0,0.0,0.0,0.0,0.0,0.0,0.0,0.0,0.0,0.0,takeoff,3.6897361278533936,0.036193087697029114,0.06616786122322083,-0.008695661090314388,-0.046391163021326065,0.2134615182876587,0.020359622314572334
0.0,0.0,0.0,0.20454545454545453,0,1785358603.591699,0.0,0.0,0.0,0.0,0,0,0,0,0,0.0,0,0,0.0,0.0,0,0,0,0,0,0,0,0,0,0,0,0,0,0,0,0,0,0,0,0,0,0,0,0,0,255,255,0.0,0.0,0.0,0.0,0.0,0.0,0.0,0.0,0.0,0.0,takeoff,3.695014715194702,0.036193087697029114,0.06616786122322083,-0.008695661090314388,-0.046391163021326065,0.2134615182876587,0.020359622314572334
0.0,0.0,0.0,0.2090909090909091,0,1785358603.613746,0.0,0.0,0.0,0.0,0,0,0,0,0,0.0,0,0,0.0,0.0,0,0,0,0,0,0,0,0,0,0,0,0,0,0,0,0,0,0,0,0,0,0,0,0,0,255,255,0.0,0.0,0.0,0.0,0.0,0.0,0.0,0.0,0.0,0.0,takeoff,3.695014715194702,0.08671768754720688,0.15870393812656403,-0.0003581749915610999,-0.033304717391729355,0.31864723563194275,0.02930399961769581
0.0,0.0,0.0,0.21363636363636362,0,1785358603.635752,0.0,0.0,0.0,0.0,0,0,0,0,0,0.0,0,0,0.0,0.0,0,0,0,0,0,0,0,0,0,0,0,0,0,0,0,0,0,0,0,0,0,0,0,0,0,255,255,0.0,0.0,0.0,0.0,0.0,0.0,0.0,0.0,0.0,0.0,takeoff,3.695014715194702,0.08671768754720688,0.15870393812656403,-0.0003581749915610999,-0.033304717391729355,0.31864723563194275,0.02930399961769581
0.0,0.0,0.0,0.2181818181818182,0,1785358603.660736,0.0,0.0,0.0,0.0,0,0,0,0,0,0.0,0,0,0.0,0.0,0,0,0,0,0,0,0,0,0,0,0,0,0,0,0,0,0,0,0,0,0,0,0,0,0,255,255,0.0,0.0,0.0,0.0,0.0,0.0,0.0,0.0,0.0,0.0,takeoff,3.695014715194702,0.1157524585723877,0.21262797713279724,0.007578152697533369,-0.02081124298274517,0.40506088733673096,0.0408906564116478
0.0,0.0,0.0,0.22272727272727272,0,1785358603.681768,0.0,0.0,0.0,0.0,0,0,0,0,0,0.0,0,0,0.0,0.0,0,0,0,0,0,0,0,0,0,0,0,0,0,0,0,0,0,0,0,0,0,0,0,0,0,255,255,0.0,0.0,0.0,0.0,0.0,0.0,0.0,0.0,0.0,0.0,takeoff,3.695014715194702,0.1157524585723877,0.21262797713279724,0.007578152697533369,-0.02081124298274517,0.40506088733673096,0.0408906564116478
0.0,0.0,0.0,0.2272727272727273,0,1785358603.7067719,0.0,0.0,0.0,0.0,0,0,0,0,0,0.0,0,0,0.0,0.0,0,0,0,0,0,0,0,0,0,0,0,0,0,0,0,0,0,0,0,0,0,0,0,0,0,255,255,0.0,0.0,0.0,0.0,0.0,0.0,0.0,0.0,0.0,0.0,takeoff,3.7002933025360107,0.15069270133972168,0.2463594675064087,0.019947050139307976,-0.00629790872335434,0.5024446249008179,0.05477821081876755
0.0,0.0,0.0,0.2318181818181818,0,1785358603.7293,0.0,0.0,0.0,0.0,0,0,0,0,0,0.0,0,0,0.0,0.0,0,0,0,0,0,0,0,0,0,0,0,0,0,0,0,0,0,0,0,0,0,0,0,0,0,255,255,0.0,0.0,0.0,0.0,0.0,0.0,0.0,0.0,0.0,0.0,takeoff,3.7002933025360107,0.15069270133972168,0.2463594675064087,0.019947050139307976,-0.00629790872335434,0.5024446249008179,0.05477821081876755
0.0,0.0,0.0,0.2363636363636364,0,1785358603.752624,0.0,0.0,0.0,0.0,0,0,0,0,0,0.0,0,0,0.0,0.0,0,0,0,0,0,0,0,0,0,0,0,0,0,0,0,0,0,0,0,0,0,0,0,0,0,255,255,0.0,0.0,0.0,0.0,0.0,0.0,0.0,0.0,0.0,0.0,takeoff,3.7002933025360107,0.15720178186893463,0.2614348232746124,0.030472254380583763,0.009740009903907776,0.4801088571548462,0.07023307681083679
0.0,0.0,0.0,0.2409090909090909,0,1785358603.773705,0.0,0.0,0.0,0.0,0,0,0,0,0,0.0,0,0,0.0,0.0,0,0,0,0,0,0,0,0,0,0,0,0,0,0,0,0,0,0,0,0,0,0,0,0,0,255,255,0.0,0.0,0.0,0.0,0.0,0.0,0.0,0.0,0.0,0.0,takeoff,3.7002933025360107,0.15720178186893463,0.2614348232746124,0.030472254380583763,0.009740009903907776,0.4801088571548462,0.07023307681083679
0.0,0.0,0.0,0.24545454545454548,0,1785358603.798788,0.0,0.0,0.0,0.0,0,0,0,0,0,0.0,0,0,0.0,0.0,0,0,0,0,0,0,0,0,0,0,0,0,0,0,0,0,0,0,0,0,0,0,0,0,0,255,255,0.0,0.0,0.0,0.0,0.0,0.0,0.0,0.0,0.0,0.0,takeoff,3.6897361278533936,0.12775367498397827,0.23991374671459198,0.03627126291394234,0.021753236651420593,0.385816365480423,0.08060155063867569
0.0,0.0,0.0,0.25,0,1785358603.823526,0.0,0.0,0.0,0.0,0,0,0,0,0,0.0,0,0,0.0,0.0,0,0,0,0,0,0,0,0,0,0,0,0,0,0,0,0,0,0,0,0,0,0,0,0,0,255,255,0.0,0.0,0.0,0.0,0.0,0.0,0.0,0.0,0.0,0.0,takeoff,3.6897361278533936,0.12775367498397827,0.23991374671459198,0.03627126291394234,0.021753236651420593,0.385816365480423,0.08060155063867569
0.0,0.0,0.0,0.2545454545454545,0,1785358603.8442922,0.0,0.0,0.0,0.0,0,0,0,0,0,0.0,0,0,0.0,0.0,0,0,0,0,0,0,0,0,0,0,0,0,0,0,0,0,0,0,0,0,0,0,0,0,0,255,255,0.0,0.0,0.0,0.0,0.0,0.0,0.0,0.0,0.0,0.0,takeoff,3.6897361278533936,0.12775367498397827,0.23991374671459198,0.03627126291394234,0.021753236651420593,0.385816365480423,0.08060155063867569
0.0,0.0,0.0,0.2590909090909091,0,1785358603.869389,0.0,0.0,0.0,0.0,0,0,0,0,0,0.0,0,0,0.0,0.0,0,0,0,0,0,0,0,0,0,0,0,0,0,0,0,0,0,0,0,0,0,0,0,0,0,255,255,0.0,0.0,0.0,0.0,0.0,0.0,0.0,0.0,0.0,0.0,takeoff,3.6897361278533936,0.08308444917201996,0.19416217505931854,0.039041467010974884,0.030241316184401512,0.28361815214157104,0.08890549838542938
0.0,0.0,0.0,0.26363636363636367,0,1785358603.894448,0.0,0.0,0.0,0.0,0,0,0,0,0,0.0,0,0,0.0,0.0,0,0,0,0,0,0,0,0,0,0,0,0,0,0,0,0,0,0,0,0,0,0,0,0,0,255,255,0.0,0.0,0.0,0.0,0.0,0.0,0.0,0.0,0.0,0.0,takeoff,3.6633431911468506,0.08308444917201996,0.19416217505931854,0.039041467010974884,0.030241316184401512,0.28361815214157104,0.08890549838542938
0.0,0.0,0.0,0.2681818181818182,0,1785358603.918287,0.0,0.0,0.0,0.0,0,0,0,0,0,0.0,0,0,0.0,0.0,0,0,0,0,0,0,0,0,0,0,0,0,0,0,0,0,0,0,0,0,0,0,0,0,0,255,255,0.0,0.0,0.0,0.0,0.0,0.0,0.0,0.0,0.0,0.0,takeoff,3.6633431911468506,0.034166119992733,0.13112081587314606,0.03964155539870262,0.03462447226047516,0.19383667409420013,0.09360155463218689
0.0,0.0,0.0,0.27272727272727276,0,1785358603.940777,0.0,0.0,0.0,0.0,0,0,0,0,0,0.0,0,0,0.0,0.0,0,0,0,0,0,0,0,0,0,0,0,0,0,0,0,0,0,0,0,0,0,0,0,0,0,255,255,0.0,0.0,0.0,0.0,0.0,0.0,0.0,0.0,0.0,0.0,takeoff,3.6633431911468506,0.034166119992733,0.13112081587314606,0.03964155539870262,0.03462447226047516,0.19383667409420013,0.09360155463218689
0.0,0.0,0.0,0.2772727272727273,0,1785358603.9627562,0.0,0.0,0.0,0.0,0,0,0,0,0,0.0,0,0,0.0,0.0,0,0,0,0,0,0,0,0,0,0,0,0,0,0,0,0,0,0,0,0,0,0,0,0,0,255,255,0.0,0.0,0.0,0.0,0.0,0.0,0.0,0.0,0.0,0.0,takeoff,3.6633431911468506,-0.01531472522765398,0.059409450739622116,0.03796452656388283,0.03500180318951607,0.1194574385881424,0.09562934190034866
0.0,0.0,0.0,0.2818181818181818,0,1785358603.984481,0.0,0.0,0.0,0.0,0,0,0,0,0,0.0,0,0,0.0,0.0,0,0,0,0,0,0,0,0,0,0,0,0,0,0,0,0,0,0,0,0,0,0,0,0,0,255,255,0.0,0.0,0.0,0.0,0.0,0.0,0.0,0.0,0.0,0.0,takeoff,3.6633431911468506,-0.01531472522765398,0.059409450739622116,0.03796452656388283,0.03500180318951607,0.1194574385881424,0.09562934190034866
0.0,0.0,0.0,0.2863636363636364,0,1785358604.005748,0.0,0.0,0.0,0.0,0,0,0,0,0,0.0,0,0,0.0,0.0,0,0,0,0,0,0,0,0,0,0,0,0,0,0,0,0,0,0,0,0,0,0,0,0,0,255,255,0.0,0.0,0.0,0.0,0.0,0.0,0.0,0.0,0.0,0.0,takeoff,3.631671667098999,-0.06269334256649017,-0.010640510357916355,0.03408070281147957,0.03270220756530762,0.13153629004955292,0.0984564796090126
0.0,0.0,0.0,0.2909090909090909,0,1785358604.028634,0.0,0.0,0.0,0.0,0,0,0,0,0,0.0,0,0,0.0,0.0,0,0,0,0,0,0,0,0,0,0,0,0,0,0,0,0,0,0,0,0,0,0,0,0,0,255,255,0.0,0.0,0.0,0.0,0.0,0.0,0.0,0.0,0.0,0.0,takeoff,3.631671667098999,-0.06269334256649017,-0.010640510357916355,0.03408070281147957,0.03270220756530762,0.13153629004955292,0.0984564796090126
0.0,0.0,0.0,0.29545454545454547,0,1785358604.052654,0.0,0.0,0.0,0.0,0,0,0,0,0,0.0,0,0,0.0,0.0,0,0,0,0,0,0,0,0,0,0,0,0,0,0,0,0,0,0,0,0,0,0,0,0,0,255,255,0.0,0.0,0.0,0.0,0.0,0.0,0.0,0.0,0.0,0.0,takeoff,3.631671667098999,-0.10275674611330032,-0.07180927693843842,0.02827731892466545,0.02753613330423832,0.18548670411109924,0.09786131978034973
0.0,0.0,0.0,0.3,0,1785358604.077729,0.0,0.0,0.0,0.0,0,0,0,0,0,0.0,0,0,0.0,0.0,0,0,0,0,0,0,0,0,0,0,0,0,0,0,0,0,0,0,0,0,0,0,0,0,0,255,255,0.0,0.0,0.0,0.0,0.0,0.0,0.0,0.0,0.0,0.0,takeoff,3.631671667098999,-0.10275674611330032,-0.07180927693843842,0.02827731892466545,0.02753613330423832,0.18548670411109924,0.09786131978034973
0.0,0.0,0.0,0.3045454545454545,0,1785358604.1016982,0.0,0.0,0.0,0.0,0,0,0,0,0,0.0,0,0,0.0,0.0,0,0,0,0,0,0,0,0,0,0,0,0,0,0,0,0,0,0,0,0,0,0,0,0,0,255,255,0.0,0.0,0.0,0.0,0.0,0.0,0.0,0.0,0.0,0.0,takeoff,3.621114492416382,-0.12527398765087128,-0.1275329291820526,0.022366471588611603,0.018903911113739014,0.18940845131874084,0.10074695944786072
0.0,0.0,0.0,0.3090909090909091,0,1785358604.124705,0.0,0.0,0.0,0.0,0,0,0,0,0,0.0,0,0,0.0,0.0,0,0,0,0,0,0,0,0,0,0,0,0,0,0,0,0,0,0,0,0,0,0,0,0,0,255,255,0.0,0.0,0.0,0.0,0.0,0.0,0.0,0.0,0.0,0.0,takeoff,3.621114492416382,-0.12527398765087128,-0.1275329291820526,0.022366471588611603,0.018903911113739014,0.18940845131874084,0.10074695944786072
0.0,0.0,0.0,0.31363636363636366,0,1785358604.145312,0.0,0.0,0.0,0.0,0,0,0,0,0,0.0,0,0,0.0,0.0,0,0,0,0,0,0,0,0,0,0,0,0,0,0,0,0,0,0,0,0,0,0,0,0,0,255,255,0.0,0.0,0.0,0.0,0.0,0.0,0.0,0.0,0.0,0.0,takeoff,3.621114492416382,-0.1326896846294403,-0.15307830274105072,0.016479920595884323,0.011144308373332024,0.2081330418586731,0.10636131465435028
0.0,0.0,0.0,0.3181818181818182,0,1785358604.168865,0.0,0.0,0.0,0.0,0,0,0,0,0,0.0,0,0,0.0,0.0,0,0,0,0,0,0,0,0,0,0,0,0,0,0,0,0,0,0,0,0,0,0,0,0,0,255,255,0.0,0.0,0.0,0.0,0.0,0.0,0.0,0.0,0.0,0.0,takeoff,3.621114492416382,-0.1326896846294403,-0.15307830274105072,0.016479920595884323,0.011144308373332024,0.2081330418586731,0.10636131465435028
0.0,0.0,0.0,0.32272727272727275,0,1785358604.190712,0.0,0.0,0.0,0.0,0,0,0,0,0,0.0,0,0,0.0,0.0,0,0,0,0,0,0,0,0,0,0,0,0,0,0,0,0,0,0,0,0,0,0,0,0,0,255,255,0.0,0.0,0.0,0.0,0.0,0.0,0.0,0.0,0.0,0.0,takeoff,3.621114492416382,-0.1326896846294403,-0.15307830274105072,0.016479920595884323,0.011144308373332024,0.2081330418586731,0.10636131465435028
0.0,0.0,0.0,0.32727272727272727,0,1785358604.212001,0.0,0.0,0.0,0.0,0,0,0,0,0,0.0,0,0,0.0,0.0,0,0,0,0,0,0,0,0,0,0,0,0,0,0,0,0,0,0,0,0,0,0,0,0,0,255,255,0.0,0.0,0.0,0.0,0.0,0.0,0.0,0.0,0.0,0.0,takeoff,3.6263930797576904,-0.12592759728431702,-0.15652495622634888,0.01153575163334608,0.004151897970587015,0.24487976729869843,0.11036841571331024
0.0,0.0,0.0,0.33181818181818185,0,1785358604.236981,0.0,0.0,0.0,0.0,0,0,0,0,0,0.0,0,0,0.0,0.0,0,0,0,0,0,0,0,0,0,0,0,0,0,0,0,0,0,0,0,0,0,0,0,0,0,255,255,0.0,0.0,0.0,0.0,0.0,0.0,0.0,0.0,0.0,0.0,takeoff,3.6263930797576904,-0.12592759728431702,-0.15652495622634888,0.01153575163334608,0.004151897970587015,0.24487976729869843,0.11036841571331024
0.0,0.0,0.0,0.33636363636363636,0,1785358604.2577002,0.0,0.0,0.0,0.0,0,0,0,0,0,0.0,0,0,0.0,0.0,0,0,0,0,0,0,0,0,0,0,0,0,0,0,0,0,0,0,0,0,0,0,0,0,0,255,255,0.0,0.0,0.0,0.0,0.0,0.0,0.0,0.0,0.0,0.0,takeoff,3.6263930797576904,-0.11748752743005753,-0.1511988490819931,0.005633315071463585,-0.0037161698564887047,0.3082001507282257,0.11795071512460709
0.0,0.0,0.0,0.34090909090909094,0,1785358604.279735,0.0,0.0,0.0,0.0,0,0,0,0,0,0.0,0,0,0.0,0.0,0,0,0,0,0,0,0,0,0,0,0,0,0,0,0,0,0,0,0,0,0,0,0,0,0,255,255,0.0,0.0,0.0,0.0,0.0,0.0,0.0,0.0,0.0,0.0,takeoff,3.6263930797576904,-0.11748752743005753,-0.1511988490819931,0.005633315071463585,-0.0037161698564887047,0.3082001507282257,0.11795071512460709
0.0,0.0,0.0,0.34545454545454546,0,1785358604.3026571,0.0,0.0,0.0,0.0,0,0,0,0,0,0.0,0,0,0.0,0.0,0,0,0,0,0,0,0,0,0,0,0,0,0,0,0,0,0,0,0,0,0,0,0,0,0,255,255,0.0,0.0,0.0,0.0,0.0,0.0,0.0,0.0,0.0,0.0,takeoff,3.631671667098999,-0.09853921830654144,-0.13443325459957123,0.001016646740026772,-0.010951108299195766,0.3720344007015228,0.13027703762054443
0.0,0.0,0.0,0.35,0,1785358604.327853,0.0,0.0,0.0,0.0,0,0,0,0,0,0.0,0,0,0.0,0.0,0,0,0,0,0,0,0,0,0,0,0,0,0,0,0,0,0,0,0,0,0,0,0,0,0,255,255,0.0,0.0,0.0,0.0,0.0,0.0,0.0,0.0,0.0,0.0,takeoff,3.631671667098999,-0.09853921830654144,-0.13443325459957123,0.001016646740026772,-0.010951108299195766,0.3720344007015228,0.13027703762054443
0.0,0.0,0.0,0.35454545454545455,0,1785358604.351776,0.0,0.0,0.0,0.0,0,0,0,0,0,0.0,0,0,0.0,0.0,0,0,0,0,0,0,0,0,0,0,0,0,0,0,0,0,0,0,0,0,0,0,0,0,0,255,255,0.0,0.0,0.0,0.0,0.0,0.0,0.0,0.0,0.0,0.0,takeoff,3.631671667098999,-0.07613536715507507,-0.1105036586523056,-0.0025341298896819353,-0.017072981223464012,0.4371999204158783,0.14248478412628174
0.0,0.0,0.0,0.35909090909090907,0,1785358604.37299,0.0,0.0,0.0,0.0,0,0,0,0,0,0.0,0,0,0.0,0.0,0,0,0,0,0,0,0,0,0,0,0,0,0,0,0,0,0,0,0,0,0,0,0,0,0,255,255,0.0,0.0,0.0,0.0,0.0,0.0,0.0,0.0,0.0,0.0,takeoff,3.631671667098999,-0.07613536715507507,-0.1105036586523056,-0.0025341298896819353,-0.017072981223464012,0.4371999204158783,0.14248478412628174
0.0,0.0,0.0,0.36363636363636365,0,1785358604.395317,0.0,0.0,0.0,0.0,0,0,0,0,0,0.0,0,0,0.0,0.0,0,0,0,0,0,0,0,0,0,0,0,0,0,0,0,0,0,0,0,0,0,0,0,0,0,255,255,0.0,0.0,0.0,0.0,0.0,0.0,0.0,0.0,0.0,0.0,takeoff,3.642228841781616,-0.05316625535488129,-0.085219606757164,-0.0051980349235236645,-0.02276592142879963,0.4987415075302124,0.16029635071754456
0.0,0.0,0.0,0.36818181818181817,0,1785358604.416767,0.0,0.0,0.0,0.0,0,0,0,0,0,0.0,0,0,0.0,0.0,0,0,0,0,0,0,0,0,0,0,0,0,0,0,0,0,0,0,0,0,0,0,0,0,0,255,255,0.0,0.0,0.0,0.0,0.0,0.0,0.0,0.0,0.0,0.0,takeoff,3.642228841781616,-0.05316625535488129,-0.085219606757164,-0.0051980349235236645,-0.02276592142879963,0.4987415075302124,0.16029635071754456
0.0,0.0,0.0,0.3727272727272727,0,1785358604.4413838,0.0,0.0,0.0,0.0,0,0,0,0,0,0.0,0,0,0.0,0.0,0,0,0,0,0,0,0,0,0,0,0,0,0,0,0,0,0,0,0,0,0,0,0,0,0,255,255,0.0,0.0,0.0,0.0,0.0,0.0,0.0,0.0,0.0,0.0,takeoff,3.642228841781616,-0.03470631316304207,-0.047970000654459,-0.007434460334479809,-0.024779587984085083,0.5460648536682129,0.17653262615203857
0.0,0.0,0.0,0.37727272727272726,0,1785358604.462782,0.0,0.0,0.0,0.0,0,0,0,0,0,0.0,0,0,0.0,0.0,0,0,0,0,0,0,0,0,0,0,0,0,0,0,0,0,0,0,0,0,0,0,0,0,0,255,255,0.0,0.0,0.0,0.0,0.0,0.0,0.0,0.0,0.0,0.0,takeoff,3.642228841781616,-0.03470631316304207,-0.047970000654459,-0.007434460334479809,-0.024779587984085083,0.5460648536682129,0.17653262615203857
0.0,0.0,0.0,0.3818181818181818,0,1785358604.4878452,0.0,0.0,0.0,0.0,0,0,0,0,0,0.0,0,0,0.0,0.0,0,0,0,0,0,0,0,0,0,0,0,0,0,0,0,0,0,0,0,0,0,0,0,0,0,255,255,0.0,0.0,0.0,0.0,0.0,0.0,0.0,0.0,0.0,0.0,takeoff,3.642228841781616,-0.03470631316304207,-0.047970000654459,-0.007434460334479809,-0.024779587984085083,0.5460648536682129,0.17653262615203857
0.0,0.0,0.0,0.38636363636363635,0,1785358604.5087051,0.0,0.0,0.0,0.0,0,0,0,0,0,0.0,0,0,0.0,0.0,0,0,0,0,0,0,0,0,0,0,0,0,0,0,0,0,0,0,0,0,0,0,0,0,0,255,255,0.0,0.0,0.0,0.0,0.0,0.0,0.0,0.0,0.0,0.0,takeoff,3.647507429122925,-0.01886160485446453,-0.021339144557714462,-0.008895541541278362,-0.027350934222340584,0.5779790878295898,0.1953389197587967
0.0,0.0,0.0,0.39090909090909093,0,1785358604.533789,0.0,0.0,0.0,0.0,0,0,0,0,0,0.0,0,0,0.0,0.0,0,0,0,0,0,0,0,0,0,0,0,0,0,0,0,0,0,0,0,0,0,0,0,0,0,255,255,0.0,0.0,0.0,0.0,0.0,0.0,0.0,0.0,0.0,0.0,takeoff,3.647507429122925,-0.01886160485446453,-0.021339144557714462,-0.008895541541278362,-0.027350934222340584,0.5779790878295898,0.1953389197587967
0.0,0.0,0.0,0.39545454545454545,0,1785358604.5569012,0.0,0.0,0.0,0.0,0,0,0,0,0,0.0,0,0,0.0,0.0,0,0,0,0,0,0,0,0,0,0,0,0,0,0,0,0,0,0,0,0,0,0,0,0,0,255,255,0.0,0.0,0.0,0.0,0.0,0.0,0.0,0.0,0.0,0.0,takeoff,3.647507429122925,-0.014530899934470654,0.005741815082728863,-0.011689144186675549,-0.02787218987941742,0.5638800263404846,0.20728762447834015
0.0,0.0,0.0,0.4,0,1785358604.577624,0.0,0.0,0.0,0.0,0,0,0,0,0,0.0,0,0,0.0,0.0,0,0,0,0,0,0,0,0,0,0,0,0,0,0,0,0,0,0,0,0,0,0,0,0,0,255,255,0.0,0.0,0.0,0.0,0.0,0.0,0.0,0.0,0.0,0.0,takeoff,3.647507429122925,-0.014530899934470654,0.005741815082728863,-0.011689144186675549,-0.02787218987941742,0.5638800263404846,0.20728762447834015
0.0,0.0,0.0,0.40454545454545454,0,1785358604.60171,0.0,0.0,0.0,0.0,0,0,0,0,0,0.0,0,0,0.0,0.0,0,0,0,0,0,0,0,0,0,0,0,0,0,0,0,0,0,0,0,0,0,0,0,0,0,255,255,0.0,0.0,0.0,0.0,0.0,0.0,0.0,0.0,0.0,0.0,takeoff,3.631671667098999,-0.004468454513698816,0.04170207306742668,-0.012467245571315289,-0.02428758516907692,0.5215149521827698,0.2187623381614685
0.0,0.0,0.0,0.4090909090909091,0,1785358604.624817,0.0,0.0,0.0,0.0,0,0,0,0,0,0.0,0,0,0.0,0.0,0,0,0,0,0,0,0,0,0,0,0,0,0,0,0,0,0,0,0,0,0,0,0,0,0,255,255,0.0,0.0,0.0,0.0,0.0,0.0,0.0,0.0,0.0,0.0,takeoff,3.631671667098999,-0.004468454513698816,0.04170207306742668,-0.012467245571315289,-0.02428758516907692,0.5215149521827698,0.2187623381614685
0.0,0.0,0.0,0.41363636363636364,0,1785358604.6467252,0.0,0.0,0.0,0.0,0,0,0,0,0,0.0,0,0,0.0,0.0,0,0,0,0,0,0,0,0,0,0,0,0,0,0,0,0,0,0,0,0,0,0,0,0,0,255,255,0.0,0.0,0.0,0.0,0.0,0.0,0.0,0.0,0.0,0.0,takeoff,3.631671667098999,0.00994920264929533,0.062072597444057465,-0.01131171640008688,-0.02186587080359459,0.5396299958229065,0.23163864016532898
0.0,0.0,0.0,0.4181818181818182,0,1785358604.668768,0.0,0.0,0.0,0.0,0,0,0,0,0,0.0,0,0,0.0,0.0,0,0,0,0,0,0,0,0,0,0,0,0,0,0,0,0,0,0,0,0,0,0,0,0,0,255,255,0.0,0.0,0.0,0.0,0.0,0.0,0.0,0.0,0.0,0.0,takeoff,3.631671667098999,0.00994920264929533,0.062072597444057465,-0.01131171640008688,-0.02186587080359459,0.5396299958229065,0.23163864016532898
0.0,0.0,0.0,0.42272727272727273,0,1785358604.693215,0.0,0.0,0.0,0.0,0,0,0,0,0,0.0,0,0,0.0,0.0,0,0,0,0,0,0,0,0,0,0,0,0,0,0,0,0,0,0,0,0,0,0,0,0,0,255,255,0.0,0.0,0.0,0.0,0.0,0.0,0.0,0.0,0.0,0.0,takeoff,3.631671667098999,0.02085663191974163,0.07670315355062485,-0.010066748596727848,-0.018266920000314713,0.5172719955444336,0.24695909023284912
0.0,0.0,0.0,0.42727272727272725,0,1785358604.7137148,0.0,0.0,0.0,0.0,0,0,0,0,0,0.0,0,0,0.0,0.0,0,0,0,0,0,0,0,0,0,0,0,0,0,0,0,0,0,0,0,0,0,0,0,0,0,255,255,0.0,0.0,0.0,0.0,0.0,0.0,0.0,0.0,0.0,0.0,takeoff,3.631671667098999,0.02085663191974163,0.07670315355062485,-0.010066748596727848,-0.018266920000314713,0.5172719955444336,0.24695909023284912
0.0,0.0,0.0,0.4318181818181818,0,1785358604.735971,0.0,0.0,0.0,0.0,0,0,0,0,0,0.0,0,0,0.0,0.0,0,0,0,0,0,0,0,0,0,0,0,0,0,0,0,0,0,0,0,0,0,0,0,0,0,255,255,0.0,0.0,0.0,0.0,0.0,0.0,0.0,0.0,0.0,0.0,takeoff,3.631671667098999,0.02085663191974163,0.07670315355062485,-0.010066748596727848,-0.018266920000314713,0.5172719955444336,0.24695909023284912
0.0,0.0,0.0,0.43636363636363634,0,1785358604.756725,0.0,0.0,0.0,0.0,0,0,0,0,0,0.0,0,0,0.0,0.0,0,0,0,0,0,0,0,0,0,0,0,0,0,0,0,0,0,0,0,0,0,0,0,0,0,255,255,0.0,0.0,0.0,0.0,0.0,0.0,0.0,0.0,0.0,0.0,takeoff,3.631671667098999,0.029741594567894936,0.08642476052045822,-0.008163499645888805,-0.013663474470376968,0.4758010804653168,0.2611444592475891
0.0,0.0,0.0,0.4409090909090909,0,1785358604.778782,0.0,0.0,0.0,0.0,0,0,0,0,0,0.0,0,0,0.0,0.0,0,0,0,0,0,0,0,0,0,0,0,0,0,0,0,0,0,0,0,0,0,0,0,0,0,255,255,0.0,0.0,0.0,0.0,0.0,0.0,0.0,0.0,0.0,0.0,takeoff,3.631671667098999,0.029741594567894936,0.08642476052045822,-0.008163499645888805,-0.013663474470376968,0.4758010804653168,0.2611444592475891
0.0,0.0,0.0,0.44545454545454544,0,1785358604.799704,0.0,0.0,0.0,0.0,0,0,0,0,0,0.0,0,0,0.0,0.0,0,0,0,0,0,0,0,0,0,0,0,0,0,0,0,0,0,0,0,0,0,0,0,0,0,255,255,0.0,0.0,0.0,0.0,0.0,0.0,0.0,0.0,0.0,0.0,takeoff,3.631671667098999,0.03901432827115059,0.08792085945606232,-0.004832424223423004,-0.009381386451423168,0.4652186334133148,0.2773582637310028
0.0,0.0,0.0,0.44999999999999996,0,1785358604.8229089,0.0,0.0,0.0,0.0,0,0,0,0,0,0.0,0,0,0.0,0.0,0,0,0,0,0,0,0,0,0,0,0,0,0,0,0,0,0,0,0,0,0,0,0,0,0,255,255,0.0,0.0,0.0,0.0,0.0,0.0,0.0,0.0,0.0,0.0,takeoff,3.631671667098999,0.03901432827115059,0.08792085945606232,-0.004832424223423004,-0.009381386451423168,0.4652186334133148,0.2773582637310028
0.0,0.0,0.0,0.45454545454545453,0,1785358604.8450391,0.0,0.0,0.0,0.0,0,0,0,0,0,0.0,0,0,0.0,0.0,0,0,0,0,0,0,0,0,0,0,0,0,0,0,0,0,0,0,0,0,0,0,0,0,0,255,255,0.0,0.0,0.0,0.0,0.0,0.0,0.0,0.0,0.0,0.0,takeoff,3.631671667098999,0.04642145335674286,0.08369790017604828,-0.0006866543553769588,-0.005474634002894163,0.4678606688976288,0.29405537247657776
0.0,0.0,0.0,0.45909090909090905,0,1785358604.868972,0.0,0.0,0.0,0.0,0,0,0,0,0,0.0,0,0,0.0,0.0,0,0,0,0,0,0,0,0,0,0,0,0,0,0,0,0,0,0,0,0,0,0,0,0,0,255,255,0.0,0.0,0.0,0.0,0.0,0.0,0.0,0.0,0.0,0.0,takeoff,3.631671667098999,0.04642145335674286,0.08369790017604828,-0.0006866543553769588,-0.005474634002894163,0.4678606688976288,0.29405537247657776
0.0,0.0,0.0,0.4636363636363636,0,1785358604.8940291,0.0,0.0,0.0,0.0,0,0,0,0,0,0.0,0,0,0.0,0.0,0,0,0,0,0,0,0,0,0,0,0,0,0,0,0,0,0,0,0,0,0,0,0,0,0,255,255,0.0,0.0,0.0,0.0,0.0,0.0,0.0,0.0,0.0,0.0,takeoff,3.642228841781616,0.05128549039363861,0.07584765553474426,0.003935039974749088,-0.0017761691706255078,0.46419191360473633,0.3094327449798584
0.0,0.0,0.0,0.4681818181818182,0,1785358604.916307,0.0,0.0,0.0,0.0,0,0,0,0,0,0.0,0,0,0.0,0.0,0,0,0,0,0,0,0,0,0,0,0,0,0,0,0,0,0,0,0,0,0,0,0,0,0,255,255,0.0,0.0,0.0,0.0,0.0,0.0,0.0,0.0,0.0,0.0,takeoff,3.642228841781616,0.05128549039363861,0.07584765553474426,0.003935039974749088,-0.0017761691706255078,0.46419191360473633,0.3094327449798584
0.0,0.0,0.0,0.4727272727272728,0,1785358604.938271,0.0,0.0,0.0,0.0,0,0,0,0,0,0.0,0,0,0.0,0.0,0,0,0,0,0,0,0,0,0,0,0,0,0,0,0,0,0,0,0,0,0,0,0,0,0,255,255,0.0,0.0,0.0,0.0,0.0,0.0,0.0,0.0,0.0,0.0,takeoff,3.642228841781616,0.05128549039363861,0.07584765553474426,0.003935039974749088,-0.0017761691706255078,0.46419191360473633,0.3094327449798584
0.0,0.0,0.0,0.4772727272727273,0,1785358604.9606988,0.0,0.0,0.0,0.0,0,0,0,0,0,0.0,0,0,0.0,0.0,0,0,0,0,0,0,0,0,0,0,0,0,0,0,0,0,0,0,0,0,0,0,0,0,0,255,255,0.0,0.0,0.0,0.0,0.0,0.0,0.0,0.0,0.0,0.0,takeoff,3.642228841781616,0.04865254834294319,0.06591334939002991,0.007239393424242735,0.0019382730824872851,0.46796298027038574,0.32467153668403625
0.0,0.0,0.0,0.4818181818181818,0,1785358604.981697,0.0,0.0,0.0,0.0,0,0,0,0,0,0.0,0,0,0.0,0.0,0,0,0,0,0,0,0,0,0,0,0,0,0,0,0,0,0,0,0,0,0,0,0,0,0,255,255,0.0,0.0,0.0,0.0,0.0,0.0,0.0,0.0,0.0,0.0,takeoff,3.642228841781616,0.04865254834294319,0.06591334939002991,0.007239393424242735,0.0019382730824872851,0.46796298027038574,0.32467153668403625
0.0,0.0,0.0,0.4863636363636364,0,1785358605.006778,0.0,0.0,0.0,0.0,0,0,0,0,0,0.0,0,0,0.0,0.0,0,0,0,0,0,0,0,0,0,0,0,0,0,0,0,0,0,0,0,0,0,0,0,0,0,255,255,0.0,0.0,0.0,0.0,0.0,0.0,0.0,0.0,0.0,0.0,takeoff,3.642228841781616,0.04865254834294319,0.06591334939002991,0.007239393424242735,0.0019382730824872851,0.46796298027038574,0.32467153668403625
0.0,0.0,0.0,0.4909090909090909,0,1785358605.030708,0.0,0.0,0.0,0.0,0,0,0,0,0,0.0,0,0,0.0,0.0,0,0,0,0,0,0,0,0,0,0,0,0,0,0,0,0,0,0,0,0,0,0,0,0,0,255,255,0.0,0.0,0.0,0.0,0.0,0.0,0.0,0.0,0.0,0.0,takeoff,3.6369502544403076,0.0475887656211853,0.052813418209552765,0.01184176653623581,0.004586102440953255,0.4868876039981842,0.3395659327507019
0.0,0.0,0.0,0.4954545454545455,0,1785358605.050951,0.0,0.0,0.0,0.0,0,0,0,0,0,0.0,0,0,0.0,0.0,0,0,0,0,0,0,0,0,0,0,0,0,0,0,0,0,0,0,0,0,0,0,0,0,0,255,255,0.0,0.0,0.0,0.0,0.0,0.0,0.0,0.0,0.0,0.0,takeoff,3.6369502544403076,0.03763383626937866,0.04097241535782814,0.014182895421981812,0.007296466734260321,0.5026910901069641,0.3529122471809387
0.0,0.0,0.0,0.5,0,1785358605.073358,0.0,0.0,0.0,0.0,0,0,0,0,0,0.0,0,0,0.0,0.0,0,0,0,0,0,0,0,0,0,0,0,0,0,0,0,0,0,0,0,0,0,0,0,0,0,255,255,0.0,0.0,0.0,0.0,0.0,0.0,0.0,0.0,0.0,0.0,takeoff,3.6369502544403076,0.03763383626937866,0.04097241535782814,0.014182895421981812,0.007296466734260321,0.5026910901069641,0.3529122471809387
0.0,0.0,0.0,0.5,0,1785358605.098471,0.0,0.0,0.0,0.0,0,0,0,0,0,0.0,0,0,0.0,0.0,0,0,0,0,0,0,0,0,0,0,0,0,0,0,0,0,0,0,0,0,0,0,0,0,0,255,255,0.0,0.0,0.0,0.0,0.0,0.0,0.0,0.0,0.0,0.0,settle,3.631671667098999,0.03302091732621193,0.02370280586183071,0.01883172243833542,0.007235436700284481,0.5325053334236145,0.3670112192630768
0.0,0.0,0.0,0.5,0,1785358605.121912,0.0,0.0,0.0,0.0,0,0,0,0,0,0.0,0,0,0.0,0.0,0,0,0,0,0,0,0,0,0,0,0,0,0,0,0,0,0,0,0,0,0,0,0,0,0,255,255,0.0,0.0,0.0,0.0,0.0,0.0,0.0,0.0,0.0,0.0,settle,3.631671667098999,0.03302091732621193,0.02370280586183071,0.01883172243833542,0.007235436700284481,0.5325053334236145,0.3670112192630768
0.0,0.0,0.0,0.5,0,1785358605.142575,0.0,0.0,0.0,0.0,0,0,0,0,0,0.0,0,0,0.0,0.0,0,0,0,0,0,0,0,0,0,0,0,0,0,0,0,0,0,0,0,0,0,0,0,0,0,255,255,0.0,0.0,0.0,0.0,0.0,0.0,0.0,0.0,0.0,0.0,settle,3.631671667098999,0.023650147020816803,0.008438525721430779,0.02171115204691887,0.006964975502341986,0.5699703693389893,0.38354164361953735
0.0,0.0,0.0,0.5,0,1785358605.165526,0.0,0.0,0.0,0.0,0,0,0,0,0,0.0,0,0,0.0,0.0,0,0,0,0,0,0,0,0,0,0,0,0,0,0,0,0,0,0,0,0,0,0,0,0,0,255,255,0.0,0.0,0.0,0.0,0.0,0.0,0.0,0.0,0.0,0.0,settle,3.631671667098999,0.023650147020816803,0.008438525721430779,0.02171115204691887,0.006964975502341986,0.5699703693389893,0.38354164361953735
0.0,0.0,0.0,0.5,0,1785358605.1857018,0.0,0.0,0.0,0.0,0,0,0,0,0,0.0,0,0,0.0,0.0,0,0,0,0,0,0,0,0,0,0,0,0,0,0,0,0,0,0,0,0,0,0,0,0,0,255,255,0.0,0.0,0.0,0.0,0.0,0.0,0.0,0.0,0.0,0.0,settle,3.631671667098999,0.023650147020816803,0.008438525721430779,0.02171115204691887,0.006964975502341986,0.5699703693389893,0.38354164361953735
0.0,0.0,0.0,0.5,0,1785358605.206696,0.0,0.0,0.0,0.0,0,0,0,0,0,0.0,0,0,0.0,0.0,0,0,0,0,0,0,0,0,0,0,0,0,0,0,0,0,0,0,0,0,0,0,0,0,0,255,255,0.0,0.0,0.0,0.0,0.0,0.0,0.0,0.0,0.0,0.0,settle,3.647507429122925,0.008575103245675564,-0.004381855949759483,0.021901069208979607,0.006256602704524994,0.6050533652305603,0.3979487717151642
0.0,0.0,0.0,0.5,0,1785358605.231771,0.0,0.0,0.0,0.0,0,0,0,0,0,0.0,0,0,0.0,0.0,0,0,0,0,0,0,0,0,0,0,0,0,0,0,0,0,0,0,0,0,0,0,0,0,0,255,255,0.0,0.0,0.0,0.0,0.0,0.0,0.0,0.0,0.0,0.0,settle,3.647507429122925,0.008575103245675564,-0.004381855949759483,0.021901069208979607,0.006256602704524994,0.6050533652305603,0.3979487717151642
0.0,0.0,0.0,0.5,0,1785358605.252701,0.0,0.0,0.0,0.0,0,0,0,0,0,0.0,0,0,0.0,0.0,0,0,0,0,0,0,0,0,0,0,0,0,0,0,0,0,0,0,0,0,0,0,0,0,0,255,255,0.0,0.0,0.0,0.0,0.0,0.0,0.0,0.0,0.0,0.0,settle,3.647507429122925,-0.005195514298975468,-0.013864506967365742,0.02187638357281685,0.005273844581097364,0.6162692308425903,0.41194838285446167
0.0,0.0,0.0,0.5,0,1785358605.277627,0.0,0.0,0.0,0.0,0,0,0,0,0,0.0,0,0,0.0,0.0,0,0,0,0,0,0,0,0,0,0,0,0,0,0,0,0,0,0,0,0,0,0,0,0,0,255,255,0.0,0.0,0.0,0.0,0.0,0.0,0.0,0.0,0.0,0.0,settle,3.647507429122925,-0.005195514298975468,-0.013864506967365742,0.02187638357281685,0.005273844581097364,0.6162692308425903,0.41194838285446167
0.0,0.0,0.0,0.5,0,1785358605.301776,0.0,0.0,0.0,0.0,0,0,0,0,0,0.0,0,0,0.0,0.0,0,0,0,0,0,0,0,0,0,0,0,0,0,0,0,0,0,0,0,0,0,0,0,0,0,255,255,0.0,0.0,0.0,0.0,0.0,0.0,0.0,0.0,0.0,0.0,settle,3.647507429122925,-0.01890494115650654,-0.024333609268069267,0.020833810791373253,0.0022101898211985826,0.6220757365226746,0.42408308386802673
0.0,0.0,0.0,0.5,0,1785358605.323701,0.0,0.0,0.0,0.0,0,0,0,0,0,0.0,0,0,0.0,0.0,0,0,0,0,0,0,0,0,0,0,0,0,0,0,0,0,0,0,0,0,0,0,0,0,0,255,255,0.0,0.0,0.0,0.0,0.0,0.0,0.0,0.0,0.0,0.0,settle,3.647507429122925,-0.01890494115650654,-0.024333609268069267,0.020833810791373253,0.0022101898211985826,0.6220757365226746,0.42408308386802673
0.0,0.0,0.0,0.5,0,1785358605.344293,0.0,0.0,0.0,0.0,0,0,0,0,0,0.0,0,0,0.0,0.0,0,0,0,0,0,0,0,0,0,0,0,0,0,0,0,0,0,0,0,0,0,0,0,0,0,255,255,0.0,0.0,0.0,0.0,0.0,0.0,0.0,0.0,0.0,0.0,settle,3.647507429122925,-0.03158903494477272,-0.031636036932468414,0.018574172630906105,-0.0010056726168841124,0.6246752738952637,0.43628254532814026
0.0,0.0,0.0,0.5,0,1785358605.364697,0.0,0.0,0.0,0.0,0,0,0,0,0,0.0,0,0,0.0,0.0,0,0,0,0,0,0,0,0,0,0,0,0,0,0,0,0,0,0,0,0,0,0,0,0,0,255,255,0.0,0.0,0.0,0.0,0.0,0.0,0.0,0.0,0.0,0.0,settle,3.647507429122925,-0.03158903494477272,-0.031636036932468414,0.018574172630906105,-0.0010056726168841124,0.6246752738952637,0.43628254532814026
0.0,0.0,0.0,0.5,0,1785358605.389898,0.0,0.0,0.0,0.0,0,0,0,0,0,0.0,0,0,0.0,0.0,0,0,0,0,0,0,0,0,0,0,0,0,0,0,0,0,0,0,0,0,0,0,0,0,0,255,255,0.0,0.0,0.0,0.0,0.0,0.0,0.0,0.0,0.0,0.0,settle,3.647507429122925,-0.03158903494477272,-0.031636036932468414,0.018574172630906105,-0.0010056726168841124,0.6246752738952637,0.43628254532814026
0.0,0.0,0.0,0.5,0,1785358605.4122539,0.0,0.0,0.0,0.0,0,0,0,0,0,0.0,0,0,0.0,0.0,0,0,0,0,0,0,0,0,0,0,0,0,0,0,0,0,0,0,0,0,0,0,0,0,0,255,255,0.0,0.0,0.0,0.0,0.0,0.0,0.0,0.0,0.0,0.0,settle,3.647507429122925,-0.04102121293544769,-0.035965729504823685,0.01589997485280037,-0.004303497262299061,0.6185222864151001,0.4458584785461426
0.0,0.0,0.0,0.5,0,1785358605.432719,0.0,0.0,0.0,0.0,0,0,0,0,0,0.0,0,0,0.0,0.0,0,0,0,0,0,0,0,0,0,0,0,0,0,0,0,0,0,0,0,0,0,0,0,0,0,255,255,0.0,0.0,0.0,0.0,0.0,0.0,0.0,0.0,0.0,0.0,settle,3.647507429122925,-0.04102121293544769,-0.035965729504823685,0.01589997485280037,-0.004303497262299061,0.6185222864151001,0.4458584785461426
0.0,0.0,0.0,0.5,0,1785358605.456789,0.0,0.0,0.0,0.0,0,0,0,0,0,0.0,0,0,0.0,0.0,0,0,0,0,0,0,0,0,0,0,0,0,0,0,0,0,0,0,0,0,0,0,0,0,0,255,255,0.0,0.0,0.0,0.0,0.0,0.0,0.0,0.0,0.0,0.0,settle,3.647507429122925,-0.047218840569257736,-0.034278854727745056,0.013287236914038658,-0.006258258130401373,0.6075155735015869,0.4563809633255005
0.0,0.0,0.0,0.5,0,1785358605.4789288,0.0,0.0,0.0,0.0,0,0,0,0,0,0.0,0,0,0.0,0.0,0,0,0,0,0,0,0,0,0,0,0,0,0,0,0,0,0,0,0,0,0,0,0,0,0,255,255,0.0,0.0,0.0,0.0,0.0,0.0,0.0,0.0,0.0,0.0,settle,3.647507429122925,-0.047218840569257736,-0.034278854727745056,0.013287236914038658,-0.006258258130401373,0.6075155735015869,0.4563809633255005
0.0,0.0,0.0,0.5,0,1785358605.501701,0.0,0.0,0.0,0.0,0,0,0,0,0,0.0,0,0,0.0,0.0,0,0,0,0,0,0,0,0,0,0,0,0,0,0,0,0,0,0,0,0,0,0,0,0,0,255,255,0.0,0.0,0.0,0.0,0.0,0.0,0.0,0.0,0.0,0.0,settle,3.647507429122925,-0.0570242665708065,-0.03291983902454376,0.007497263140976429,-0.009564721025526524,0.597460150718689,0.46623456478118896
0.0,0.0,0.0,0.5,0,1785358605.524699,0.0,0.0,0.0,0.0,0,0,0,0,0,0.0,0,0,0.0,0.0,0,0,0,0,0,0,0,0,0,0,0,0,0,0,0,0,0,0,0,0,0,0,0,0,0,255,255,0.0,0.0,0.0,0.0,0.0,0.0,0.0,0.0,0.0,0.0,settle,3.647507429122925,-0.0570242665708065,-0.03291983902454376,0.007497263140976429,-0.009564721025526524,0.597460150718689,0.46623456478118896
0.0,0.0,0.0,0.5,0,1785358605.545708,0.0,0.0,0.0,0.0,0,0,0,0,0,0.0,0,0,0.0,0.0,0,0,0,0,0,0,0,0,0,0,0,0,0,0,0,0,0,0,0,0,0,0,0,0,0,255,255,0.0,0.0,0.0,0.0,0.0,0.0,0.0,0.0,0.0,0.0,settle,3.647507429122925,-0.05933085456490517,-0.028849521651864052,0.0036266285460442305,-0.012345068156719208,0.5892900228500366,0.4743795394897461
0.0,0.0,0.0,0.5,0,1785358605.5684428,0.0,0.0,0.0,0.0,0,0,0,0,0,0.0,0,0,0.0,0.0,0,0,0,0,0,0,0,0,0,0,0,0,0,0,0,0,0,0,0,0,0,0,0,0,0,255,255,0.0,0.0,0.0,0.0,0.0,0.0,0.0,0.0,0.0,0.0,settle,3.647507429122925,-0.05933085456490517,-0.028849521651864052,0.0036266285460442305,-0.012345068156719208,0.5892900228500366,0.4743795394897461
0.0,0.0,0.0,0.5,0,1785358605.588693,0.0,0.0,0.0,0.0,0,0,0,0,0,0.0,0,0,0.0,0.0,0,0,0,0,0,0,0,0,0,0,0,0,0,0,0,0,0,0,0,0,0,0,0,0,0,255,255,0.0,0.0,0.0,0.0,0.0,0.0,0.0,0.0,0.0,0.0,settle,3.647507429122925,-0.05933085456490517,-0.028849521651864052,0.0036266285460442305,-0.012345068156719208,0.5892900228500366,0.4743795394897461
0.0,0.0,0.0,0.5,0,1785358605.6099682,0.0,0.0,0.0,0.0,0,0,0,0,0,0.0,0,0,0.0,0.0,0,0,0,0,0,0,0,0,0,0,0,0,0,0,0,0,0,0,0,0,0,0,0,0,0,255,255,0.0,0.0,0.0,0.0,0.0,0.0,0.0,0.0,0.0,0.0,settle,3.642228841781616,-0.05933085456490517,-0.028849521651864052,0.0036266285460442305,-0.012345068156719208,0.5892900228500366,0.4743795394897461
0.0,0.0,0.0,0.5,0,1785358605.630713,0.0,0.0,0.0,0.0,0,0,0,0,0,0.0,0,0,0.0,0.0,0,0,0,0,0,0,0,0,0,0,0,0,0,0,0,0,0,0,0,0,0,0,0,0,0,255,255,0.0,0.0,0.0,0.0,0.0,0.0,0.0,0.0,0.0,0.0,settle,3.642228841781616,-0.05951077118515968,-0.018992191180586815,-0.001063881441950798,-0.012626738287508488,0.5776445865631104,0.48112910985946655
0.0,0.0,0.0,0.5,0,1785358605.651692,0.0,0.0,0.0,0.0,0,0,0,0,0,0.0,0,0,0.0,0.0,0,0,0,0,0,0,0,0,0,0,0,0,0,0,0,0,0,0,0,0,0,0,0,0,0,255,255,0.0,0.0,0.0,0.0,0.0,0.0,0.0,0.0,0.0,0.0,settle,3.642228841781616,-0.05951077118515968,-0.018992191180586815,-0.001063881441950798,-0.012626738287508488,0.5776445865631104,0.48112910985946655
0.0,0.0,0.0,0.5,0,1785358605.67369,0.0,0.0,0.0,0.0,0,0,0,0,0,0.0,0,0,0.0,0.0,0,0,0,0,0,0,0,0,0,0,0,0,0,0,0,0,0,0,0,0,0,0,0,0,0,255,255,0.0,0.0,0.0,0.0,0.0,0.0,0.0,0.0,0.0,0.0,settle,3.642228841781616,-0.05951077118515968,-0.018992191180586815,-0.001063881441950798,-0.012626738287508488,0.5776445865631104,0.48112910985946655
0.0,0.0,0.0,0.5,0,1785358605.696026,0.0,0.0,0.0,0.0,0,0,0,0,0,0.0,0,0,0.0,0.0,0,0,0,0,0,0,0,0,0,0,0,0,0,0,0,0,0,0,0,0,0,0,0,0,0,255,255,0.0,0.0,0.0,0.0,0.0,0.0,0.0,0.0,0.0,0.0,settle,3.642228841781616,-0.05234459415078163,-0.004671907983720303,-0.010985268279910088,-0.015417429618537426,0.5638002753257751,0.49606555700302124
0.0,0.0,0.0,0.5,0,1785358605.719291,0.0,0.0,0.0,0.0,0,0,0,0,0,0.0,0,0,0.0,0.0,0,0,0,0,0,0,0,0,0,0,0,0,0,0,0,0,0,0,0,0,0,0,0,0,0,255,255,0.0,0.0,0.0,0.0,0.0,0.0,0.0,0.0,0.0,0.0,settle,3.642228841781616,-0.05234459415078163,-0.004671907983720303,-0.010985268279910088,-0.015417429618537426,0.5638002753257751,0.49606555700302124
0.0,0.0,0.0,0.5,0,1785358605.742701,0.0,0.0,0.0,0.0,0,0,0,0,0,0.0,0,0,0.0,0.0,0,0,0,0,0,0,0,0,0,0,0,0,0,0,0,0,0,0,0,0,0,0,0,0,0,255,255,0.0,0.0,0.0,0.0,0.0,0.0,0.0,0.0,0.0,0.0,settle,3.642228841781616,-0.04169493541121483,0.0041099064983427525,-0.013339894823729992,-0.015429754741489887,0.5475127696990967,0.5020381808280945
0.0,0.0,0.0,0.5,0,1785358605.7656908,0.0,0.0,0.0,0.0,0,0,0,0,0,0.0,0,0,0.0,0.0,0,0,0,0,0,0,0,0,0,0,0,0,0,0,0,0,0,0,0,0,0,0,0,0,0,255,255,0.0,0.0,0.0,0.0,0.0,0.0,0.0,0.0,0.0,0.0,settle,3.642228841781616,-0.04169493541121483,0.0041099064983427525,-0.013339894823729992,-0.015429754741489887,0.5475127696990967,0.5020381808280945
0.0,0.0,0.0,0.5,0,1785358605.789284,0.0,0.0,0.0,0.0,0,0,0,0,0,0.0,0,0,0.0,0.0,0,0,0,0,0,0,0,0,0,0,0,0,0,0,0,0,0,0,0,0,0,0,0,0,0,255,255,0.0,0.0,0.0,0.0,0.0,0.0,0.0,0.0,0.0,0.0,settle,3.642228841781616,-0.04169493541121483,0.0041099064983427525,-0.013339894823729992,-0.015429754741489887,0.5475127696990967,0.5020381808280945
0.0,0.0,0.0,0.5,0,1785358605.809725,0.0,0.0,0.0,0.0,0,0,0,0,0,0.0,0,0,0.0,0.0,0,0,0,0,0,0,0,0,0,0,0,0,0,0,0,0,0,0,0,0,0,0,0,0,0,255,255,0.0,0.0,0.0,0.0,0.0,0.0,0.0,0.0,0.0,0.0,settle,3.6369502544403076,-0.033007942140102386,0.011188842356204987,-0.016995402052998543,-0.015898700803518295,0.5340573191642761,0.5063905715942383
0.0,0.0,0.0,0.5,0,1785358605.8317702,0.0,0.0,0.0,0.0,0,0,0,0,0,0.0,0,0,0.0,0.0,0,0,0,0,0,0,0,0,0,0,0,0,0,0,0,0,0,0,0,0,0,0,0,0,0,255,255,0.0,0.0,0.0,0.0,0.0,0.0,0.0,0.0,0.0,0.0,settle,3.6369502544403076,-0.033007942140102386,0.011188842356204987,-0.016995402052998543,-0.015898700803518295,0.5340573191642761,0.5063905715942383
0.0,0.0,0.0,0.5,0,1785358605.853694,0.0,0.0,0.0,0.0,0,0,0,0,0,0.0,0,0,0.0,0.0,0,0,0,0,0,0,0,0,0,0,0,0,0,0,0,0,0,0,0,0,0,0,0,0,0,255,255,0.0,0.0,0.0,0.0,0.0,0.0,0.0,0.0,0.0,0.0,settle,3.6369502544403076,-0.020762918516993523,0.019964024424552917,-0.01869746297597885,-0.014678140170872211,0.5005809664726257,0.5121088027954102
0.0,0.0,0.0,0.5,0,1785358605.8787572,0.0,0.0,0.0,0.0,0,0,0,0,0,0.0,0,0,0.0,0.0,0,0,0,0,0,0,0,0,0,0,0,0,0,0,0,0,0,0,0,0,0,0,0,0,0,255,255,0.0,0.0,0.0,0.0,0.0,0.0,0.0,0.0,0.0,0.0,settle,3.6369502544403076,-0.020762918516993523,0.019964024424552917,-0.01869746297597885,-0.014678140170872211,0.5005809664726257,0.5121088027954102
0.0,0.0,0.0,0.5,0,1785358605.9038231,0.0,0.0,0.0,0.0,0,0,0,0,0,0.0,0,0,0.0,0.0,0,0,0,0,0,0,0,0,0,0,0,0,0,0,0,0,0,0,0,0,0,0,0,0,0,255,255,0.0,0.0,0.0,0.0,0.0,0.0,0.0,0.0,0.0,0.0,settle,3.6369502544403076,-0.008546059019863605,0.029248137027025223,-0.02024131827056408,-0.011995269916951656,0.4831848442554474,0.5152716636657715
0.0,0.0,0.0,0.5,0,1785358605.927695,0.0,0.0,0.0,0.0,0,0,0,0,0,0.0,0,0,0.0,0.0,0,0,0,0,0,0,0,0,0,0,0,0,0,0,0,0,0,0,0,0,0,0,0,0,0,255,255,0.0,0.0,0.0,0.0,0.0,0.0,0.0,0.0,0.0,0.0,settle,3.6369502544403076,-0.008546059019863605,0.029248137027025223,-0.02024131827056408,-0.011995269916951656,0.4831848442554474,0.5152716636657715
0.0,0.0,0.0,0.5,0,1785358605.948718,0.0,0.0,0.0,0.0,0,0,0,0,0,0.0,0,0,0.0,0.0,0,0,0,0,0,0,0,0,0,0,0,0,0,0,0,0,0,0,0,0,0,0,0,0,0,255,255,0.0,0.0,0.0,0.0,0.0,0.0,0.0,0.0,0.0,0.0,settle,3.6369502544403076,0.00676901126280427,0.03665338456630707,-0.0190934706479311,-0.008741438388824463,0.4707356095314026,0.5170530080795288
0.0,0.0,0.0,0.5,0,1785358605.9716978,0.0,0.0,0.0,0.0,0,0,0,0,0,0.0,0,0,0.0,0.0,0,0,0,0,0,0,0,0,0,0,0,0,0,0,0,0,0,0,0,0,0,0,0,0,0,255,255,0.0,0.0,0.0,0.0,0.0,0.0,0.0,0.0,0.0,0.0,settle,3.6369502544403076,0.00676901126280427,0.03665338456630707,-0.0190934706479311,-0.008741438388824463,0.4707356095314026,0.5170530080795288
0.0,0.0,0.0,0.5,0,1785358605.9927008,0.0,0.0,0.0,0.0,0,0,0,0,0,0.0,0,0,0.0,0.0,0,0,0,0,0,0,0,0,0,0,0,0,0,0,0,0,0,0,0,0,0,0,0,0,0,255,255,0.0,0.0,0.0,0.0,0.0,0.0,0.0,0.0,0.0,0.0,settle,3.631671667098999,0.0230394396930933,0.04119196534156799,-0.014837928116321564,-0.005817876663058996,0.47793349623680115,0.5205848813056946
0.0,0.0,0.0,0.5,0,1785358606.013644,0.0,0.0,0.0,0.0,0,0,0,0,0,0.0,0,0,0.0,0.0,0,0,0,0,0,0,0,0,0,0,0,0,0,0,0,0,0,0,0,0,0,0,0,0,0,255,255,0.0,0.0,0.0,0.0,0.0,0.0,0.0,0.0,0.0,0.0,settle,3.631671667098999,0.0230394396930933,0.04119196534156799,-0.014837928116321564,-0.005817876663058996,0.47793349623680115,0.5205848813056946
0.0,0.0,0.0,0.5,0,1785358606.036705,0.0,0.0,0.0,0.0,0,0,0,0,0,0.0,0,0,0.0,0.0,0,0,0,0,0,0,0,0,0,0,0,0,0,0,0,0,0,0,0,0,0,0,0,0,0,255,255,0.0,0.0,0.0,0.0,0.0,0.0,0.0,0.0,0.0,0.0,settle,3.631671667098999,0.0230394396930933,0.04119196534156799,-0.014837928116321564,-0.005817876663058996,0.47793349623680115,0.5205848813056946
0.0,0.0,0.0,0.5,0,1785358606.061383,0.0,0.0,0.0,0.0,0,0,0,0,0,0.0,0,0,0.0,0.0,0,0,0,0,0,0,0,0,0,0,0,0,0,0,0,0,0,0,0,0,0,0,0,0,0,255,255,0.0,0.0,0.0,0.0,0.0,0.0,0.0,0.0,0.0,0.0,settle,3.631671667098999,0.03326788172125816,0.0429023802280426,-0.014118542894721031,-0.002703928155824542,0.512907087802887,0.5245239734649658
0.0,0.0,0.0,0.5,0,1785358606.0827022,0.0,0.0,0.0,0.0,0,0,0,0,0,0.0,0,0,0.0,0.0,0,0,0,0,0,0,0,0,0,0,0,0,0,0,0,0,0,0,0,0,0,0,0,0,0,255,255,0.0,0.0,0.0,0.0,0.0,0.0,0.0,0.0,0.0,0.0,settle,3.631671667098999,0.03326788172125816,0.0429023802280426,-0.014118542894721031,-0.002703928155824542,0.512907087802887,0.5245239734649658
0.0,0.0,0.0,0.5,0,1785358606.1067789,0.0,0.0,0.0,0.0,0,0,0,0,0,0.0,0,0,0.0,0.0,0,0,0,0,0,0,0,0,0,0,0,0,0,0,0,0,0,0,0,0,0,0,0,0,0,255,255,0.0,0.0,0.0,0.0,0.0,0.0,0.0,0.0,0.0,0.0,settle,3.6369502544403076,0.051852066069841385,0.038729265332221985,-0.004369459580630064,-0.002794060157611966,0.5533285140991211,0.5272565484046936
0.0,0.0,0.0,0.5,0,1785358606.129704,0.0,0.0,0.0,0.0,0,0,0,0,0,0.0,0,0,0.0,0.0,0,0,0,0,0,0,0,0,0,0,0,0,0,0,0,0,0,0,0,0,0,0,0,0,0,255,255,0.0,0.0,0.0,0.0,0.0,0.0,0.0,0.0,0.0,0.0,settle,3.6369502544403076,0.051852066069841385,0.038729265332221985,-0.004369459580630064,-0.002794060157611966,0.5533285140991211,0.5272565484046936
0.0,0.0,0.0,0.5,0,1785358606.1526148,0.0,0.0,0.0,0.0,0,0,0,0,0,0.0,0,0,0.0,0.0,0,0,0,0,0,0,0,0,0,0,0,0,0,0,0,0,0,0,0,0,0,0,0,0,0,255,255,0.0,0.0,0.0,0.0,0.0,0.0,0.0,0.0,0.0,0.0,settle,3.6369502544403076,0.05870185047388077,0.039207205176353455,0.00027641167980618775,0.0017125997692346573,0.6123053431510925,0.5309981107711792
0.0,0.0,0.0,0.5,0,1785358606.1727,0.0,0.0,0.0,0.0,0,0,0,0,0,0.0,0,0,0.0,0.0,0,0,0,0,0,0,0,0,0,0,0,0,0,0,0,0,0,0,0,0,0,0,0,0,0,255,255,0.0,0.0,0.0,0.0,0.0,0.0,0.0,0.0,0.0,0.0,settle,3.6369502544403076,0.05870185047388077,0.039207205176353455,0.00027641167980618775,0.0017125997692346573,0.6123053431510925,0.5309981107711792
0.0,0.0,0.0,0.5,0,1785358606.1937,0.0,0.0,0.0,0.0,0,0,0,0,0,0.0,0,0,0.0,0.0,0,0,0,0,0,0,0,0,0,0,0,0,0,0,0,0,0,0,0,0,0,0,0,0,0,255,255,0.0,0.0,0.0,0.0,0.0,0.0,0.0,0.0,0.0,0.0,settle,3.6369502544403076,0.06368406116962433,0.029681989923119545,0.006722286343574524,0.000675245129968971,0.6355778574943542,0.5334934592247009
0.0,0.0,0.0,0.5,344,1785358606.369341,0.02521403320133686,0.0032018781639635563,0.49793681502342224,0.8904961943626404,5,7615,0,0,0,0.0,0,0,0.0,0.0,0,0,0,0,0,0,0,0,0,0,0,0,0,0,0,0,0,0,0,0,0,0,0,0,0,255,255,0.0,0.0,0.0,0.0,0.0,0.0,0.0,0.0,0.0,0.0,straight_run,3.7689149379730225,0.05157800391316414,0.010686419904232025,0.022052010521292686,0.002268092939630151,0.9177990555763245,0.5293277502059937
0.0034383954154727794,0.0,0.0,0.5,344,1785358606.394428,0.02521403320133686,0.0032018781639635563,0.49793681502342224,0.8904961943626404,5,7615,0,0,0,0.0,0,0,0.0,0.0,0,0,0,0,0,0,0,0,0,0,0,0,0,0,0,0,0,0,0,0,0,0,0,0,0,255,255,0.0,0.0,0.0,0.0,0.0,0.0,0.0,0.0,0.0,0.0,straight_run,3.684457540512085,0.04175988584756851,0.006176147144287825,0.02400832436978817,0.002538423053920269,1.0695443153381348,0.5166641473770142
0.006876790830945559,0.0,0.0,0.5,337,1785358606.418858,0.0243870597332716,-0.0007848534150980413,0.4975547790527344,1.0695444345474243,5,6709,0,0,0,0.0,0,0,0.0,0.0,0,0,0,0,0,0,0,0,0,0,0,0,0,0,0,0,0,0,0,0,0,0,0,0,0,255,255,0.0,0.0,0.0,0.0,0.0,0.0,0.0,0.0,0.0,0.0,straight_run,3.684457540512085,0.04175988584756851,0.006176147144287825,0.02400832436978817,0.002538423053920269,1.0695443153381348,0.5166641473770142
0.010315186246418338,0.0,0.0,0.5,337,1785358606.4439738,0.024177363142371178,-0.006886867340654135,0.49748244881629944,1.211913824081421,5,7189,0,0,0,0.0,0,0,0.0,0.0,0,0,0,0,0,0,0,0,0,0,0,0,0,0,0,0,0,0,0,0,0,0,0,0,0,255,255,0.0,0.0,0.0,0.0,0.0,0.0,0.0,0.0,0.0,0.0,straight_run,3.684457540512085,0.02909884601831436,-0.003719956846907735,0.023742953315377235,-0.0008177104755304754,1.2414823770523071,0.5023850798606873
0.013753581661891117,0.0,0.0,0.5,337,1785358606.468086,0.024177363142371178,-0.006886867340654135,0.49748244881629944,1.211913824081421,5,7189,0,0,0,0.0,0,0,0.0,0.0,0,0,0,0,0,0,0,0,0,0,0,0,0,0,0,0,0,0,0,0,0,0,0,0,0,255,255,0.0,0.0,0.0,0.0,0.0,0.0,0.0,0.0,0.0,0.0,straight_run,3.684457540512085,0.02909884601831436,-0.003719956846907735,0.023742953315377235,-0.0008177104755304754,1.2414823770523071,0.5023850798606873
0.017191977077363897,0.0,0.0,0.5,337,1785358606.4918559,0.024177363142371178,-0.006886867340654135,0.49748244881629944,1.211913824081421,5,7189,0,0,0,0.0,0,0,0.0,0.0,0,0,0,0,0,0,0,0,0,0,0,0,0,0,0,0,0,0,0,0,0,0,0,0,0,255,255,0.0,0.0,0.0,0.0,0.0,0.0,0.0,0.0,0.0,0.0,straight_run,3.642228841781616,0.02909884601831436,-0.003719956846907735,0.023742953315377235,-0.0008177104755304754,1.2414823770523071,0.5023850798606873
0.020630372492836675,0.0,0.0,0.5,337,1785358606.513746,0.028705762699246407,-0.0008435510098934174,0.4974496364593506,1.4421770572662354,5,7173,0,0,0,0.0,0,0,0.0,0.0,0,0,0,0,0,0,0,0,0,0,0,0,0,0,0,0,0,0,0,0,0,0,0,0,0,255,255,0.0,0.0,0.0,0.0,0.0,0.0,0.0,0.0,0.0,0.0,straight_run,3.642228841781616,0.02660815604031086,-0.002545678988099098,0.029744764789938927,0.0024922266602516174,1.4421765804290771,0.48440247774124146
0.024068767908309457,0.0,0.0,0.5,337,1785358606.5388181,0.028705762699246407,-0.0008435510098934174,0.4974496364593506,1.4421770572662354,5,7173,0,0,0,0.0,0,0,0.0,0.0,0,0,0,0,0,0,0,0,0,0,0,0,0,0,0,0,0,0,0,0,0,0,0,0,0,255,255,0.0,0.0,0.0,0.0,0.0,0.0,0.0,0.0,0.0,0.0,straight_run,3.642228841781616,0.02660815604031086,-0.002545678988099098,0.029744764789938927,0.0024922266602516174,1.4421765804290771,0.48440247774124146
0.027507163323782235,0.0,0.0,0.5,337,1785358606.561949,0.032978858798742294,-0.024490319192409515,0.4973685145378113,1.6120774745941162,5,7060,0,0,0,0.0,0,0,0.0,0.0,0,0,0,0,0,0,0,0,0,0,0,0,0,0,0,0,0,0,0,0,0,0,0,0,0,255,255,0.0,0.0,0.0,0.0,0.0,0.0,0.0,0.0,0.0,0.0,straight_run,3.642228841781616,0.02507185749709606,-0.03066674806177616,0.03548499196767807,-0.016220245510339737,1.6519267559051514,0.4608291983604431
0.030945558739255013,0.0,0.0,0.5,337,1785358606.583733,0.032978858798742294,-0.024490319192409515,0.4973685145378113,1.6120774745941162,5,7060,0,0,0,0.0,0,0,0.0,0.0,0,0,0,0,0,0,0,0,0,0,0,0,0,0,0,0,0,0,0,0,0,0,0,0,0,255,255,0.0,0.0,0.0,0.0,0.0,0.0,0.0,0.0,0.0,0.0,straight_run,3.642228841781616,0.02507185749709606,-0.03066674806177616,0.03548499196767807,-0.016220245510339737,1.6519267559051514,0.4608291983604431
0.034383954154727794,0.0,0.0,0.5,337,1785358606.604995,0.028638457879424095,-0.027259591966867447,0.49736958742141724,1.8851476907730103,5,7657,0,0,0,0.0,0,0,0.0,0.0,0,0,0,0,0,0,0,0,0,0,0,0,0,0,0,0,0,0,0,0,0,0,0,0,0,255,255,0.0,0.0,0.0,0.0,0.0,0.0,0.0,0.0,0.0,0.0,straight_run,3.594721555709839,0.009343093261122704,-0.03457513451576233,0.03058328852057457,-0.019381940364837646,1.8851476907730103,0.44119298458099365
0.03782234957020057,0.0,0.0,0.5,337,1785358606.6296802,0.028638457879424095,-0.027259591966867447,0.49736958742141724,1.8851476907730103,5,7657,0,0,0,0.0,0,0,0.0,0.0,0,0,0,0,0,0,0,0,0,0,0,0,0,0,0,0,0,0,0,0,0,0,0,0,0,255,255,0.0,0.0,0.0,0.0,0.0,0.0,0.0,0.0,0.0,0.0,straight_run,3.594721555709839,0.009343093261122704,-0.03457513451576233,0.03058328852057457,-0.019381940364837646,1.8851476907730103,0.44119298458099365
0.04126074498567335,0.0,0.0,0.5,337,1785358606.6516979,0.02652028389275074,-0.02603173442184925,0.4973708987236023,2.0793721675872803,5,6488,0,0,0,0.0,0,0,0.0,0.0,0,0,0,0,0,0,0,0,0,0,0,0,0,0,0,0,0,0,0,0,0,0,0,0,0,255,255,0.0,0.0,0.0,0.0,0.0,0.0,0.0,0.0,0.0,0.0,straight_run,3.594721555709839,0.0042746709659695625,-0.030625460669398308,0.03138688951730728,-0.019138546660542488,2.1204447746276855,0.4213689863681793
0.044699140401146135,0.0,0.0,0.5,337,1785358606.673446,0.02652028389275074,-0.02603173442184925,0.4973708987236023,2.0793721675872803,5,6488,0,0,0,0.0,0,0,0.0,0.0,0,0,0,0,0,0,0,0,0,0,0,0,0,0,0,0,0,0,0,0,0,0,0,0,0,255,255,0.0,0.0,0.0,0.0,0.0,0.0,0.0,0.0,0.0,0.0,straight_run,3.594721555709839,0.0042746709659695625,-0.030625460669398308,0.03138688951730728,-0.019138546660542488,2.1204447746276855,0.4213689863681793
0.048137535816618914,0.0,0.0,0.5,337,1785358606.6977,0.02652028389275074,-0.02603173442184925,0.4973708987236023,2.0793721675872803,5,6488,0,0,0,0.0,0,0,0.0,0.0,0,0,0,0,0,0,0,0,0,0,0,0,0,0,0,0,0,0,0,0,0,0,0,0,0,255,255,0.0,0.0,0.0,0.0,0.0,0.0,0.0,0.0,0.0,0.0,straight_run,3.594721555709839,0.0042746709659695625,-0.030625460669398308,0.03138688951730728,-0.019138546660542488,2.1204447746276855,0.4213689863681793
0.051575931232091685,0.0,0.0,0.5,337,1785358606.7193,0.012378019280731678,-0.04040204733610153,0.4975477457046509,2.392971992492676,5,6954,0,0,0,0.0,0,0,0.0,0.0,0,0,0,0,0,0,0,0,0,0,0,0,0,0,0,0,0,0,0,0,0,0,0,0,0,255,255,0.0,0.0,0.0,0.0,0.0,0.0,0.0,0.0,0.0,0.0,straight_run,3.594721555709839,-0.025745518505573273,-0.047284357249736786,0.012052701786160469,-0.03495461866259575,2.448077440261841,0.4024088978767395
0.05501432664756447,0.0,0.0,0.5,337,1785358606.744302,0.012378019280731678,-0.04040204733610153,0.4975477457046509,2.392971992492676,5,6954,0,0,0,0.0,0,0,0.0,0.0,0,0,0,0,0,0,0,0,0,0,0,0,0,0,0,0,0,0,0,0,0,0,0,0,0,255,255,0.0,0.0,0.0,0.0,0.0,0.0,0.0,0.0,0.0,0.0,straight_run,3.594721555709839,-0.031580694019794464,-0.04861847311258316,0.0070575205609202385,-0.03987524285912514,2.6744749546051025,0.3919030725955963
0.05845272206303725,0.0,0.0,0.5,337,1785358606.766874,0.0014436510391533375,-0.046114418655633926,0.49698930978775024,2.614354372024536,5,6546,0,0,0,0.0,0,0,0.0,0.0,0,0,0,0,0,0,0,0,0,0,0,0,0,0,0,0,0,0,0,0,0,0,0,0,0,255,255,0.0,0.0,0.0,0.0,0.0,0.0,0.0,0.0,0.0,0.0,straight_run,3.594721555709839,-0.031580694019794464,-0.04861847311258316,0.0070575205609202385,-0.03987524285912514,2.6744749546051025,0.3919030725955963
0.061891117478510026,0.0,0.0,0.5,337,1785358606.788705,0.0014436510391533375,-0.046114418655633926,0.49698930978775024,2.614354372024536,5,6546,0,0,0,0.0,0,0,0.0,0.0,0,0,0,0,0,0,0,0,0,0,0,0,0,0,0,0,0,0,0,0,0,0,0,0,0,255,255,0.0,0.0,0.0,0.0,0.0,0.0,0.0,0.0,0.0,0.0,straight_run,3.594721555709839,-0.031580694019794464,-0.04861847311258316,0.0070575205609202385,-0.03987524285912514,2.6744749546051025,0.3919030725955963
0.06532951289398281,0.0,0.0,0.5,337,1785358606.8119721,0.012707537040114403,-0.03738459572196007,0.4972335994243622,2.938720941543579,5,7145,0,0,0,0.0,0,0,0.0,0.0,0,0,0,0,0,0,0,0,0,0,0,0,0,0,0,0,0,0,0,0,0,0,0,0,0,255,255,0.0,0.0,0.0,0.0,0.0,0.0,0.0,0.0,0.0,0.0,straight_run,3.6000001430511475,-0.02546081691980362,-0.04216969758272171,0.007375020068138838,-0.04236118495464325,2.988618850708008,0.37819916009902954
0.06876790830945559,0.0,0.0,0.5,337,1785358606.8370519,0.012707537040114403,-0.03738459572196007,0.4972335994243622,2.938720941543579,5,7145,0,0,0,0.0,0,0,0.0,0.0,0,0,0,0,0,0,0,0,0,0,0,0,0,0,0,0,0,0,0,0,0,0,0,0,0,255,255,0.0,0.0,0.0,0.0,0.0,0.0,0.0,0.0,0.0,0.0,straight_run,3.6000001430511475,-0.02546081691980362,-0.04216969758272171,0.007375020068138838,-0.04236118495464325,2.988618850708008,0.37819916009902954
0.07220630372492837,0.0,0.0,0.5,337,1785358606.858819,-0.005397412925958633,-0.04320967569947243,0.49759894609451294,3.1388018131256104,5,6773,0,0,0,0.0,0,0,0.0,0.0,0,0,0,0,0,0,0,0,0,0,0,0,0,0,0,0,0,0,0,0,0,0,0,0,0,255,255,0.0,0.0,0.0,0.0,0.0,0.0,0.0,0.0,0.0,0.0,straight_run,3.6000001430511475,-0.03347961604595184,-0.037846241146326065,-0.0015901272417977452,-0.044784218072891235,3.180837392807007,0.3710673153400421
0.07564469914040114,0.0,0.0,0.5,337,1785358606.883896,-0.005397412925958633,-0.04320967569947243,0.49759894609451294,3.1388018131256104,5,6773,0,0,0,0.0,0,0,0.0,0.0,0,0,0,0,0,0,0,0,0,0,0,0,0,0,0,0,0,0,0,0,0,0,0,0,0,255,255,0.0,0.0,0.0,0.0,0.0,0.0,0.0,0.0,0.0,0.0,straight_run,3.6000001430511475,-0.03347961604595184,-0.037846241146326065,-0.0015901272417977452,-0.044784218072891235,3.180837392807007,0.3710673153400421
0.07908309455587391,0.0,0.0,0.5,337,1785358606.9063559,-0.005397412925958633,-0.04320967569947243,0.49759894609451294,3.1388018131256104,5,6773,0,0,0,0.0,0,0,0.0,0.0,0,0,0,0,0,0,0,0,0,0,0,0,0,0,0,0,0,0,0,0,0,0,0,0,0,255,255,0.0,0.0,0.0,0.0,0.0,0.0,0.0,0.0,0.0,0.0,straight_run,3.6000001430511475,-0.03347961604595184,-0.037846241146326065,-0.0015901272417977452,-0.044784218072891235,3.180837392807007,0.3710673153400421
0.0825214899713467,0.0,0.0,0.5,337,1785358606.927091,0.0005598550196737051,-0.04194004088640213,0.4978479743003845,3.4033732414245605,5,6489,0,0,0,0.0,0,0,0.0,0.0,0,0,0,0,0,0,0,0,0,0,0,0,0,0,0,0,0,0,0,0,0,0,0,0,0,255,255,0.0,0.0,0.0,0.0,0.0,0.0,0.0,0.0,0.0,0.0,straight_run,3.6000001430511475,-0.026966234669089317,-0.028678229078650475,-0.003098557936027646,-0.047146908938884735,3.4557366371154785,0.36169591546058655
0.08595988538681948,0.0,0.0,0.5,337,1785358606.95359,0.0005598550196737051,-0.04194004088640213,0.4978479743003845,3.4033732414245605,5,6489,0,0,0,0.0,0,0,0.0,0.0,0,0,0,0,0,0,0,0,0,0,0,0,0,0,0,0,0,0,0,0,0,0,0,0,0,255,255,0.0,0.0,0.0,0.0,0.0,0.0,0.0,0.0,0.0,0.0,straight_run,3.6000001430511475,-0.026966234669089317,-0.028678229078650475,-0.003098557936027646,-0.047146908938884735,3.4557366371154785,0.36169591546058655
0.08939828080229227,0.0,0.0,0.5,337,1785358606.98654,0.0005598550196737051,-0.04194004088640213,0.4978479743003845,3.4033732414245605,5,6489,0,0,0,0.0,0,0,0.0,0.0,0,0,0,0,0,0,0,0,0,0,0,0,0,0,0,0,0,0,0,0,0,0,0,0,0,255,255,0.0,0.0,0.0,0.0,0.0,0.0,0.0,0.0,0.0,0.0,straight_run,3.6000001430511475,-0.026966234669089317,-0.028678229078650475,-0.003098557936027646,-0.047146908938884735,3.4557366371154785,0.36169591546058655
0.09283667621776504,0.0,0.0,0.5,337,1785358607.008697,0.0005598550196737051,-0.04194004088640213,0.4978479743003845,3.4033732414245605,5,6489,0,0,0,0.0,0,0,0.0,0.0,0,0,0,0,0,0,0,0,0,0,0,0,0,0,0,0,0,0,0,0,0,0,0,0,0,255,255,0.0,0.0,0.0,0.0,0.0,0.0,0.0,0.0,0.0,0.0,straight_run,3.6000001430511475,-0.021215952932834625,-0.02148989588022232,-0.003665587631985545,-0.048081155866384506,3.6334874629974365,0.35879841446876526
0.09627507163323783,0.0,0.0,0.5,337,1785358607.032126,0.0005598550196737051,-0.04194004088640213,0.4978479743003845,3.4033732414245605,5,6489,0,0,0,0.0,0,0,0.0,0.0,0,0,0,0,0,0,0,0,0,0,0,0,0,0,0,0,0,0,0,0,0,0,0,0,0,255,255,0.0,0.0,0.0,0.0,0.0,0.0,0.0,0.0,0.0,0.0,straight_run,3.6000001430511475,-0.021215952932834625,-0.02148989588022232,-0.003665587631985545,-0.048081155866384506,3.6334874629974365,0.35879841446876526
0.0997134670487106,0.0,0.0,0.5,337,1785358607.054849,0.0015555699355900288,-0.038515605032444,0.49810656905174255,3.590064287185669,5,6546,0,0,0,0.0,0,0,0.0,0.0,0,0,0,0,0,0,0,0,0,0,0,0,0,0,0,0,0,0,0,0,0,0,0,0,0,255,255,0.0,0.0,0.0,0.0,0.0,0.0,0.0,0.0,0.0,0.0,straight_run,3.6000001430511475,-0.021215952932834625,-0.02148989588022232,-0.003665587631985545,-0.048081155866384506,3.6334874629974365,0.35879841446876526
0.10315186246418337,0.0,0.0,0.5,337,1785358607.077627,0.0015555699355900288,-0.038515605032444,0.49810656905174255,3.590064287185669,5,6546,0,0,0,0.0,0,0,0.0,0.0,0,0,0,0,0,0,0,0,0,0,0,0,0,0,0,0,0,0,0,0,0,0,0,0,0,255,255,0.0,0.0,0.0,0.0,0.0,0.0,0.0,0.0,0.0,0.0,straight_run,3.6105573177337646,-0.021215952932834625,-0.02148989588022232,-0.003665587631985545,-0.048081155866384506,3.6334874629974365,0.35879841446876526
0.10659025787965616,0.0,0.0,0.5,337,1785358607.1169941,0.0015555699355900288,-0.038515605032444,0.49810656905174255,3.590064287185669,5,6546,0,0,0,0.0,0,0,0.0,0.0,0,0,0,0,0,0,0,0,0,0,0,0,0,0,0,0,0,0,0,0,0,0,0,0,0,255,255,0.0,0.0,0.0,0.0,0.0,0.0,0.0,0.0,0.0,0.0,straight_run,3.6105573177337646,-0.021215952932834625,-0.02148989588022232,-0.003665587631985545,-0.048081155866384506,3.6334874629974365,0.35879841446876526
0.11002865329512894,0.0,0.0,0.5,337,1785358607.140109,0.005604388192296028,-0.0356629379093647,0.4983011782169342,3.8267269134521484,5,7153,23,0,0,0.0009186443057842553,0,0,1.0,0.0,0,1,0,1,1023,0,0,0,0,0,0,0,128,1023,0,0,0,0,0,0,0,0,0,0,0,255,255,0.0,0.0,0.0,0.0,0.0,0.0,0.0,0.0,0.0,0.0,straight_run,3.6105573177337646,-0.013858098536729813,-0.008430428802967072,-0.005677300971001387,-0.047217559069395065,3.8619961738586426,0.35340720415115356
0.11346704871060172,0.0,0.0,0.5,289,1785358607.165181,0.005604388192296028,-0.0356629379093647,0.4983011782169342,3.8267269134521484,5,7153,23,0,0,0.0009186443057842553,0,0,1.0,0.0,0,1,0,1,1023,0,0,0,0,0,0,0,128,1023,0,0,1,1,0,1,0,94,0,0,0,255,255,0.0,0.0,0.0,0.0,0.0,0.0,0.0,0.0,0.0,0.0,straight_run,3.6105573177337646,-0.013858098536729813,-0.008430428802967072,-0.005677300971001387,-0.047217559069395065,3.8619961738586426,0.35340720415115356
0.1169054441260745,0.0,0.0,0.5,289,1785358607.188297,0.005604388192296028,-0.0356629379093647,0.4983011782169342,3.8267269134521484,5,7153,23,0,0,0.0009186443057842553,0,0,1.0,0.0,0,1,0,1,1023,0,0,0,0,0,0,0,128,1023,0,0,1,1,0,1,0,94,0,0,0,255,255,0.0,0.0,0.0,0.0,0.0,0.0,0.0,0.0,0.0,0.0,straight_run,3.6105573177337646,-0.013858098536729813,-0.008430428802967072,-0.005677300971001387,-0.047217559069395065,3.8619961738586426,0.35340720415115356
0.12034383954154726,0.0,0.0,0.5,289,1785358607.219188,0.005604388192296028,-0.0356629379093647,0.4983011782169342,3.8267269134521484,5,7153,23,0,0,0.0009186443057842553,0,0,1.0,0.0,0,1,0,1,1023,0,0,0,0,0,0,0,128,1023,0,0,1,1,0,1,0,94,0,0,0,255,255,0.0,0.0,0.0,0.0,0.0,0.0,0.0,0.0,0.0,0.0,straight_run,3.6105573177337646,-0.007163002155721188,0.0016216251533478498,-0.005945398937910795,-0.045279815793037415,4.007673263549805,0.35233399271965027
0.12378223495702005,0.0,0.0,0.5,289,1785358607.242749,0.005604388192296028,-0.0356629379093647,0.4983011782169342,3.8267269134521484,5,7153,62,0,0,0.0009186443057842553,0,0,1.0,0.0,0,1,0,1,1023,0,0,0,0,0,0,0,128,1023,0,0,1,1,0,1,0,94,0,0,0,255,255,0.0,0.0,0.0,0.0,0.0,0.0,0.0,0.0,0.0,0.0,straight_run,3.6105573177337646,-0.007163002155721188,0.0016216251533478498,-0.005945398937910795,-0.045279815793037415,4.007673263549805,0.35233399271965027
0.12722063037249282,0.0,0.0,0.5,289,1785358607.2629309,0.008480590768158436,-0.03375912085175514,0.4984799921512604,3.9680352210998535,5,6764,62,0,0,0.0009186443057842553,0,0,1.0,0.0,0,1,0,1,1023,0,0,0,0,0,0,0,128,1023,0,0,1,1,0,1,0,94,0,0,0,255,255,0.0,0.0,0.0,0.0,0.0,0.0,0.0,0.0,0.0,0.0,straight_run,3.6105573177337646,-0.007163002155721188,0.0016216251533478498,-0.005945398937910795,-0.045279815793037415,4.007673263549805,0.35233399271965027
0.13065902578796562,0.0,0.0,0.5,289,1785358607.283697,0.008480590768158436,-0.03375912085175514,0.4984799921512604,3.9680352210998535,5,6764,122,0,0,0.0009186443057842553,0,0,1.0,0.0,0,1,0,1,1023,0,0,0,0,0,0,0,128,1023,0,0,1,1,0,1,0,94,0,0,0,255,255,0.0,0.0,0.0,0.0,0.0,0.0,0.0,0.0,0.0,0.0,straight_run,3.605278730392456,0.002168205101042986,0.014044340699911118,-0.006204381585121155,-0.04320078343153,4.220249176025391,0.35221755504608154
0.1340974212034384,0.0,0.0,0.5,289,1785358607.306771,0.013464675284922123,-0.020582810044288635,0.4988475441932678,4.326531410217285,5,8054,4,0,0,0.00038192360079847276,0,0,1.0,0.0,0,1,0,1,1023,0,0,0,0,0,0,0,128,1023,0,0,1,1,0,1,0,94,0,0,0,255,255,0.0,0.0,0.0,0.0,0.0,0.0,0.0,0.0,0.0,0.0,straight_run,3.605278730392456,0.018420739099383354,0.02331136353313923,0.0010069558629766107,-0.04049750789999962,4.360307216644287,0.3525265157222748
0.13753581661891118,0.0,0.0,0.5,289,1785358607.328615,0.030581017956137657,-0.019108200445771217,0.498931884765625,4.506181716918945,5,7069,104,0,0,0.00038192360079847276,0,0,1.0,0.0,0,2,0,1,1023,0,0,0,256,128,0,0,0,1023,0,0,2,2,0,1,0,100,0,0,0,255,255,0.0,0.0,0.0,0.0,0.0,0.0,0.0,0.0,0.0,0.0,straight_run,3.605278730392456,0.033336903899908066,0.03783721104264259,0.0051191095262765884,-0.036145832389593124,4.666976451873779,0.35509103536605835
0.14097421203438396,0.0,0.0,0.5,289,1785358607.352601,0.04720710963010788,-0.00907948985695839,0.4991646707057953,4.816633224487305,5,8357,5,0,0,0.0012610109988600016,0,0,1.0,0.0,0,3,0,1,1023,0,0,0,0,0,0,0,0,1023,0,0,3,0,0,0,0,45,0,0,0,255,255,0.0,0.0,0.0,0.0,0.0,0.0,0.0,0.0,0.0,0.0,straight_run,3.6105573177337646,0.058399640023708344,0.051788248121738434,0.019448358565568924,-0.02699582651257515,4.95239782333374,0.3606257438659668
0.14441260744985673,0.0,0.0,0.5,289,1785358607.374269,0.04830213263630867,-0.008378357626497746,0.49920445680618286,4.927405834197998,5,7176,45,0,0,0.0012610109988600016,0,0,1.0,0.0,0,3,0,1,1023,0,0,0,0,0,0,0,0,1023,0,0,3,0,0,0,0,45,0,0,0,255,255,0.0,0.0,0.0,0.0,0.0,0.0,0.0,0.0,0.0,0.0,straight_run,3.6105573177337646,0.058399640023708344,0.051788248121738434,0.019448358565568924,-0.02699582651257515,4.95239782333374,0.3606257438659668
0.1478510028653295,0.0,0.0,0.5,289,1785358607.395277,0.04830213263630867,-0.008378357626497746,0.49920445680618286,4.927405834197998,5,7176,45,0,0,0.0012610109988600016,0,0,1.0,0.0,0,3,0,1,1023,0,0,0,0,0,0,0,0,1023,0,0,3,0,0,0,0,45,0,0,0,255,255,0.0,0.0,0.0,0.0,0.0,0.0,0.0,0.0,0.0,0.0,straight_run,3.6105573177337646,0.058399640023708344,0.051788248121738434,0.019448358565568924,-0.02699582651257515,4.95239782333374,0.3606257438659668
0.1512893982808023,0.0,0.0,0.5,289,1785358607.420298,0.06111885979771614,-0.0077566769905388355,0.49926891922950745,5.0577712059021,5,8357,6,0,0,0.0015646499814465642,0,0,1.0,0.0,0,4,0,1,1023,0,0,0,0,2,0,2,8,1023,0,0,4,3,0,1,0,125,0,0,0,255,255,0.0,0.0,0.0,0.0,0.0,0.0,0.0,0.0,0.0,0.0,straight_run,3.605278730392456,0.06180376932024956,0.04945710673928261,0.02309083379805088,-0.026092838495969772,5.076032638549805,0.3658173382282257
0.15472779369627507,0.0,0.0,0.5,289,1785358607.4406972,0.06111885979771614,-0.0077566769905388355,0.49926891922950745,5.0577712059021,5,8357,6,0,0,0.0015646499814465642,0,0,1.0,0.0,0,4,0,1,1023,0,0,0,0,2,0,2,8,1023,0,0,4,3,0,1,0,125,0,0,0,255,255,0.0,0.0,0.0,0.0,0.0,0.0,0.0,0.0,0.0,0.0,straight_run,3.605278730392456,0.0694771483540535,0.050951991230249405,0.029286203905940056,-0.02296021394431591,5.148721218109131,0.3688867390155792
0.15816618911174782,0.0,0.0,0.5,289,1785358607.4619808,0.061713505536317825,-0.007873374037444592,0.4993078410625458,5.133718967437744,5,7054,46,0,0,0.0015646499814465642,0,0,1.0,0.0,0,4,0,1,1023,0,0,0,0,2,0,2,8,1023,0,0,4,3,0,1,0,125,0,0,0,255,255,0.0,0.0,0.0,0.0,0.0,0.0,0.0,0.0,0.0,0.0,straight_run,3.605278730392456,0.0694771483540535,0.050951991230249405,0.029286203905940056,-0.02296021394431591,5.148721218109131,0.3688867390155792
0.16160458452722062,0.0,0.0,0.5,289,1785358607.487085,0.061713505536317825,-0.007873374037444592,0.4993078410625458,5.133718967437744,5,7054,46,0,0,0.0015646499814465642,0,0,1.0,0.0,0,4,0,1,1023,0,0,0,0,2,0,2,8,1023,0,0,4,3,0,1,0,125,0,0,0,255,255,0.0,0.0,0.0,0.0,0.0,0.0,0.0,0.0,0.0,0.0,straight_run,3.605278730392456,0.0694771483540535,0.050951991230249405,0.029286203905940056,-0.02296021394431591,5.148721218109131,0.3688867390155792
0.1650429799426934,0.0,0.0,0.5,289,1785358607.507401,0.07274490594863892,-0.005144504364579916,0.49936696887016296,5.2060980796813965,5,8025,6,0,0,0.0018402672139927745,0,0,1.0,0.0,0,5,0,1,1023,0,16,0,0,0,0,0,0,1023,0,0,5,1,0,1,0,83,0,0,0,255,255,0.0,0.0,0.0,0.0,0.0,0.0,0.0,0.0,0.0,0.0,straight_run,3.6158359050750732,0.07164019346237183,0.04638601467013359,0.03390899673104286,-0.021348953247070312,5.219233512878418,0.3762652277946472
0.16848137535816618,0.0,0.0,0.5,289,1785358607.532468,0.07274490594863892,-0.005144504364579916,0.49936696887016296,5.2060980796813965,5,8025,6,0,0,0.0018402672139927745,0,0,1.0,0.0,0,5,0,1,1023,0,16,0,0,0,0,0,0,1023,0,0,5,1,0,1,0,83,0,0,0,255,255,0.0,0.0,0.0,0.0,0.0,0.0,0.0,0.0,0.0,0.0,straight_run,3.6158359050750732,0.07164019346237183,0.04638601467013359,0.03390899673104286,-0.021348953247070312,5.219233512878418,0.3762652277946472
0.17191977077363896,0.0,0.0,0.5,289,1785358607.556767,0.07319996505975723,-0.005455643404275179,0.49935588240623474,5.242384433746338,5,6717,46,0,0,0.0018402672139927745,0,0,1.0,0.0,0,5,0,1,1023,0,16,0,0,0,0,0,0,1023,0,0,5,1,0,1,0,83,0,0,0,255,255,0.0,0.0,0.0,0.0,0.0,0.0,0.0,0.0,0.0,0.0,straight_run,3.6158359050750732,0.07147436589002609,0.0477108433842659,0.03643764927983284,-0.017631107941269875,5.246587753295898,0.37912142276763916
0.17535816618911176,0.0,0.0,0.5,289,1785358607.5785978,0.07319996505975723,-0.005455643404275179,0.49935588240623474,5.242384433746338,5,6717,46,0,0,0.0018402672139927745,0,0,1.0,0.0,0,5,0,1,1023,0,16,0,0,0,0,0,0,1023,0,0,5,1,0,1,0,83,0,0,0,255,255,0.0,0.0,0.0,0.0,0.0,0.0,0.0,0.0,0.0,0.0,straight_run,3.6158359050750732,0.07147436589002609,0.0477108433842659,0.03643764927983284,-0.017631107941269875,5.246587753295898,0.37912142276763916
0.17879656160458454,0.0,0.0,0.5,289,1785358607.6027908,0.08348481357097626,-0.003778681391850114,0.4993106424808502,5.259109020233154,5,6643,106,0,0,0.0018402672139927745,0,0,1.0,0.0,0,5,0,1,1023,0,16,0,0,0,0,0,0,1023,0,0,5,1,0,1,0,83,0,0,0,255,255,0.0,0.0,0.0,0.0,0.0,0.0,0.0,0.0,0.0,0.0,straight_run,3.605278730392456,0.07586904615163803,0.04199478030204773,0.043276362121105194,-0.016455737873911858,5.254703998565674,0.38254427909851074
0.1822349570200573,0.0,0.0,0.5,289,1785358607.6277251,0.08348481357097626,-0.003778681391850114,0.4993106424808502,5.259109020233154,5,6643,106,0,0,0.0018402672139927745,0,0,1.0,0.0,0,5,0,1,1023,0,16,0,0,0,0,0,0,1023,0,0,5,1,0,1,0,83,0,0,0,255,255,0.0,0.0,0.0,0.0,0.0,0.0,0.0,0.0,0.0,0.0,straight_run,3.605278730392456,0.07586904615163803,0.04199478030204773,0.043276362121105194,-0.016455737873911858,5.254703998565674,0.38254427909851074
0.18567335243553007,0.0,0.0,0.5,289,1785358607.6517088,0.08551056683063507,-0.0042005679570138454,0.49932241439819336,5.274104118347168,5,7715,146,0,0,0.0018402672139927745,0,0,1.0,0.0,0,5,0,1,1023,0,16,0,0,0,0,0,0,1023,0,0,5,1,0,1,0,83,0,0,0,255,255,0.0,0.0,0.0,0.0,0.0,0.0,0.0,0.0,0.0,0.0,straight_run,3.605278730392456,0.07402042299509048,0.03865351155400276,0.0451824925839901,-0.015187520533800125,5.274427890777588,0.3863568902015686
0.18911174785100285,0.0,0.0,0.5,289,1785358607.6744142,0.08551056683063507,-0.0042005679570138454,0.49932241439819336,5.274104118347168,5,7715,146,0,0,0.0018402672139927745,0,0,1.0,0.0,0,5,0,1,1023,0,16,0,0,0,0,0,0,1023,0,0,5,1,0,1,0,83,0,0,0,255,255,0.0,0.0,0.0,0.0,0.0,0.0,0.0,0.0,0.0,0.0,straight_run,3.605278730392456,0.07402042299509048,0.03865351155400276,0.0451824925839901,-0.015187520533800125,5.274427890777588,0.3863568902015686
0.19255014326647565,0.0,0.0,0.5,289,1785358607.698698,0.08551056683063507,-0.0042005679570138454,0.49932241439819336,5.274104118347168,5,7715,146,0,0,0.0018402672139927745,0,0,1.0,0.0,0,5,0,1,1023,0,16,0,0,0,0,0,0,1023,0,0,5,1,0,1,0,83,0,0,0,255,255,0.0,0.0,0.0,0.0,0.0,0.0,0.0,0.0,0.0,0.0,straight_run,3.605278730392456,0.07402042299509048,0.03865351155400276,0.0451824925839901,-0.015187520533800125,5.274427890777588,0.3863568902015686
0.19598853868194843,0.0,0.0,0.5,289,1785358607.723794,0.09479670971632004,-0.005295076873153448,0.49931010603904724,5.310068130493164,5,6645,53,0,0,0.0017545130103826523,0,0,1.0,0.0,0,6,0,1,1023,0,0,0,0,0,0,0,0,1023,0,0,6,0,0,0,0,45,0,0,0,255,255,0.0,0.0,0.0,0.0,0.0,0.0,0.0,0.0,0.0,0.0,straight_run,3.605278730392456,0.0795232430100441,0.032009340822696686,0.05237259715795517,-0.014388466253876686,5.312741756439209,0.39022770524024963
0.1994269340974212,0.0,0.0,0.5,289,1785358607.7456992,0.09732021391391754,-0.0057532330974936485,0.49930107593536377,5.341797351837158,5,6921,93,0,0,0.0017545130103826523,0,0,1.0,0.0,0,6,0,1,1023,0,0,0,0,0,0,0,0,1023,0,0,6,0,0,0,0,45,0,0,0,255,255,0.0,0.0,0.0,0.0,0.0,0.0,0.0,0.0,0.0,0.0,straight_run,3.605278730392456,0.07909740507602692,0.02785521186888218,0.05517555773258209,-0.014005069620907307,5.348510265350342,0.3937434256076813
0.20286532951289396,0.0,0.0,0.5,289,1785358607.767719,0.09732021391391754,-0.0057532330974936485,0.49930107593536377,5.341797351837158,5,6921,93,0,0,0.0017545130103826523,0,0,1.0,0.0,0,6,0,1,1023,0,0,0,0,0,0,0,0,1023,0,0,6,0,0,0,0,45,0,0,0,255,255,0.0,0.0,0.0,0.0,0.0,0.0,0.0,0.0,0.0,0.0,straight_run,3.605278730392456,0.07909740507602692,0.02785521186888218,0.05517555773258209,-0.014005069620907307,5.348510265350342,0.3937434256076813
0.20630372492836674,0.0,0.0,0.5,289,1785358607.791698,0.09732021391391754,-0.0057532330974936485,0.49930107593536377,5.341797351837158,5,6921,93,0,0,0.0017545130103826523,0,0,1.0,0.0,0,6,0,1,1023,0,0,0,0,0,0,0,0,1023,0,0,6,0,0,0,0,45,0,0,0,255,255,0.0,0.0,0.0,0.0,0.0,0.0,0.0,0.0,0.0,0.0,straight_run,3.605278730392456,0.07909740507602692,0.02785521186888218,0.05517555773258209,-0.014005069620907307,5.348510265350342,0.3937434256076813
0.20974212034383954,0.0,0.0,0.5,289,1785358607.816706,0.10197702050209045,-0.006984167732298374,0.49927258491516113,5.398568153381348,5,7897,153,0,0,0.0017545130103826523,0,0,1.0,0.0,0,6,0,1,1023,0,0,0,0,0,0,0,0,1023,0,0,7,0,0,0,0,45,0,0,0,255,255,0.0,0.0,0.0,0.0,0.0,0.0,0.0,0.0,0.0,0.0,straight_run,3.6105573177337646,0.07770692557096481,0.02294551022350788,0.059087008237838745,-0.013104230165481567,5.403679847717285,0.39801332354545593
0.21318051575931232,0.0,0.0,0.5,289,1785358607.838173,0.10197702050209045,-0.006984167732298374,0.49927258491516113,5.398568153381348,5,7897,153,0,0,0.0017545130103826523,0,0,1.0,0.0,0,6,0,1,1023,0,0,0,0,0,0,0,0,1023,0,0,7,0,0,0,0,45,0,0,0,255,255,0.0,0.0,0.0,0.0,0.0,0.0,0.0,0.0,0.0,0.0,straight_run,3.6105573177337646,0.07770692557096481,0.02294551022350788,0.059087008237838745,-0.013104230165481567,5.403679847717285,0.39801332354545593
0.2166189111747851,0.0,0.0,0.5,289,1785358607.858905,0.10483194142580032,-0.009650052525103092,0.4992549419403076,5.440460205078125,5,6838,34,0,0,0.0018079119035974145,0,0,1.0,0.0,0,6,0,1,1023,0,0,0,0,0,0,0,0,1023,0,0,7,0,0,0,0,45,0,0,0,255,255,0.0,0.0,0.0,0.0,0.0,0.0,0.0,0.0,0.0,0.0,straight_run,3.6105573177337646,0.07696671038866043,0.01686888188123703,0.061553727835416794,-0.014137067832052708,5.453037738800049,0.4003511369228363
0.22005730659025788,0.0,0.0,0.5,289,1785358607.88171,0.10483194142580032,-0.009650052525103092,0.4992549419403076,5.440460205078125,5,6838,34,0,0,0.0018079119035974145,0,0,1.0,0.0,0,6,0,1,1023,0,0,0,0,0,0,0,0,1023,0,0,7,0,0,0,0,45,0,0,0,255,255,0.0,0.0,0.0,0.0,0.0,0.0,0.0,0.0,0.0,0.0,straight_run,3.6105573177337646,0.07696671038866043,0.01686888188123703,0.061553727835416794,-0.014137067832052708,5.453037738800049,0.4003511369228363
0.22349570200573063,0.0,0.0,0.5,289,1785358607.906761,0.11625593900680542,-0.011838441714644432,0.4992527961730957,5.519787788391113,5,6418,94,0,0,0.0018079119035974145,0,0,1.0,0.0,0,7,0,1,1023,0,0,0,0,0,0,0,0,1023,0,0,7,0,0,0,0,0,0,0,0,255,255,0.0,0.0,0.0,0.0,0.0,0.0,0.0,0.0,0.0,0.0,straight_run,3.6105573177337646,0.08446445316076279,0.009955581277608871,0.06960546970367432,-0.015174048021435738,5.529499530792236,0.4063124358654022
0.22693409742120343,0.0,0.0,0.5,289,1785358607.931885,0.11625593900680542,-0.011838441714644432,0.4992527961730957,5.519787788391113,5,6418,94,0,0,0.0018079119035974145,0,0,1.0,0.0,0,7,0,1,1023,0,0,0,0,0,0,0,0,1023,0,0,7,0,0,0,0,0,0,0,0,255,255,0.0,0.0,0.0,0.0,0.0,0.0,0.0,0.0,0.0,0.0,straight_run,3.6105573177337646,0.08446445316076279,0.009955581277608871,0.06960546970367432,-0.015174048021435738,5.529499530792236,0.4063124358654022
0.2303724928366762,0.0,0.0,0.5,289,1785358607.956795,0.11494257301092148,-0.01215549185872078,0.49924516677856445,5.559119701385498,5,6874,134,0,0,0.0018079119035974145,0,0,1.0,0.0,0,7,0,1,1023,0,0,0,0,0,0,0,0,1023,0,0,7,0,0,0,0,0,0,0,0,255,255,0.0,0.0,0.0,0.0,0.0,0.0,0.0,0.0,0.0,0.0,straight_run,3.6105573177337646,0.08228518813848495,0.006350670009851456,0.07123374938964844,-0.015973670408129692,5.569090843200684,0.4103963077068329
0.233810888252149,0.0,0.0,0.5,289,1785358607.9808571,0.11494257301092148,-0.01215549185872078,0.49924516677856445,5.559119701385498,5,6874,134,0,0,0.0018079119035974145,0,0,1.0,0.0,0,7,0,1,1023,0,0,0,0,0,0,0,0,1023,0,0,7,0,0,0,0,0,0,0,0,255,255,0.0,0.0,0.0,0.0,0.0,0.0,0.0,0.0,0.0,0.0,straight_run,3.6105573177337646,0.08228518813848495,0.006350670009851456,0.07123374938964844,-0.015973670408129692,5.569090843200684,0.4103963077068329
0.23724928366762177,0.0,0.0,0.5,289,1785358608.002631,0.11494257301092148,-0.01215549185872078,0.49924516677856445,5.559119701385498,5,6874,31,0,0,0.001905028591863811,0,0,1.0,0.0,0,7,0,1,1023,0,0,0,0,0,0,0,0,1023,0,0,7,0,0,0,0,0,0,0,0,255,255,0.0,0.0,0.0,0.0,0.0,0.0,0.0,0.0,0.0,0.0,straight_run,3.6105573177337646,0.0807853415608406,0.0013546677073463798,0.07483849674463272,-0.017727628350257874,5.635176181793213,0.4179258346557617
0.24068767908309452,0.0,0.0,0.5,289,1785358608.0272288,0.12104202061891556,-0.015614665113389492,0.4992162585258484,5.624570846557617,5,7853,31,0,0,0.001905028591863811,0,0,1.0,0.0,0,8,0,1,1023,1,0,0,128,0,0,0,0,1023,0,0,8,2,0,1,0,123,0,0,0,255,255,0.0,0.0,0.0,0.0,0.0,0.0,0.0,0.0,0.0,0.0,straight_run,3.6105573177337646,0.0807853415608406,0.0013546677073463798,0.07483849674463272,-0.017727628350257874,5.635176181793213,0.4179258346557617
0.24412607449856732,0.0,0.0,0.5,289,1785358608.0496562,0.1253875494003296,-0.014848852530121803,0.49920400977134705,5.647346019744873,5,7475,70,0,0,0.001905028591863811,0,0,1.0,0.0,0,8,0,1,1023,1,0,0,128,0,0,0,0,1023,0,0,8,2,0,1,0,123,0,0,0,255,255,0.0,0.0,0.0,0.0,0.0,0.0,0.0,0.0,0.0,0.0,straight_run,3.6105573177337646,0.08109933882951736,-0.002713720081374049,0.07767336815595627,-0.0195741206407547,5.657501220703125,0.42282548546791077
0.2475644699140401,0.0,0.0,0.5,289,1785358608.073719,0.1253875494003296,-0.014848852530121803,0.49920400977134705,5.647346019744873,5,7475,70,0,0,0.001905028591863811,0,0,1.0,0.0,0,8,0,1,1023,1,0,0,128,0,0,0,0,1023,0,0,8,2,0,1,0,123,0,0,0,255,255,0.0,0.0,0.0,0.0,0.0,0.0,0.0,0.0,0.0,0.0,straight_run,3.6105573177337646,0.08109933882951736,-0.002713720081374049,0.07767336815595627,-0.0195741206407547,5.657501220703125,0.42282548546791077
0.2510028653295129,0.0,0.0,0.5,289,1785358608.0987442,0.1253875494003296,-0.014848852530121803,0.49920400977134705,5.647346019744873,5,7475,70,0,0,0.001905028591863811,0,0,1.0,0.0,0,8,0,1,1023,1,0,0,128,0,0,0,0,1023,0,0,8,2,0,1,0,123,0,0,0,255,255,0.0,0.0,0.0,0.0,0.0,0.0,0.0,0.0,0.0,0.0,straight_run,3.6158359050750732,0.08710264414548874,-0.00548224663361907,0.08447855710983276,-0.02122226543724537,5.716999053955078,0.4285266101360321
0.25444126074498563,0.0,0.0,0.5,289,1785358608.120694,0.13436740636825562,-0.019502390176057816,0.4991501271724701,1.8783990144729614,5,6611,33,0,0,0.0020240098237991333,0,0,1.0,0.0,0,9,0,1,1023,1,512,16,0,0,0,0,0,1023,0,0,9,3,0,1,0,117,0,0,0,255,255,0.0,0.0,0.0,0.0,0.0,0.0,0.0,0.0,0.0,0.0,straight_run,3.6158359050750732,0.08710264414548874,-0.00548224663361907,0.08447855710983276,-0.02122226543724537,5.716999053955078,0.4285266101360321
0.25787965616045844,0.0,0.0,0.5,289,1785358608.1429162,0.13436740636825562,-0.019502390176057816,0.4991501271724701,1.8783990144729614,5,6611,73,0,0,0.0020240098237991333,0,0,1.0,0.0,0,9,0,1,1023,1,512,16,0,0,0,0,0,1023,0,0,9,3,0,1,0,117,0,0,0,255,255,0.0,0.0,0.0,0.0,0.0,0.0,0.0,0.0,0.0,0.0,straight_run,3.6158359050750732,0.09276342391967773,-0.004235544241964817,0.08997941017150879,-0.021200411021709442,5.550535678863525,0.43117594718933105
0.26131805157593124,0.0,0.0,0.5,289,1785358608.166699,0.14103911817073822,-0.018312176689505577,0.4991053342819214,3.1318702697753906,5,7620,73,0,0,0.0020240098237991333,0,0,1.0,0.0,0,9,0,1,1023,1,512,16,0,0,0,0,0,1023,0,0,9,3,0,1,0,117,0,0,0,255,255,0.0,0.0,0.0,0.0,0.0,0.0,0.0,0.0,0.0,0.0,straight_run,3.6158359050750732,0.09276342391967773,-0.004235544241964817,0.08997941017150879,-0.021200411021709442,5.550535678863525,0.43117594718933105
0.264756446991404,0.0,0.0,0.5,289,1785358608.189653,0.14103911817073822,-0.018312176689505577,0.4991053342819214,3.1318702697753906,5,7620,73,0,0,0.0020240098237991333,0,0,1.0,0.0,0,9,0,1,1023,1,512,16,0,0,0,0,0,1023,0,0,9,3,0,1,0,117,0,0,0,255,255,0.0,0.0,0.0,0.0,0.0,0.0,0.0,0.0,0.0,0.0,straight_run,3.6158359050750732,0.09276342391967773,-0.004235544241964817,0.08997941017150879,-0.021200411021709442,5.550535678863525,0.43117594718933105
0.2681948424068768,0.0,0.0,0.5,289,1785358608.212659,0.14789751172065735,-0.01800922490656376,0.4990658164024353,4.150801181793213,5,6494,35,0,0,0.0019733065273612738,0,0,1.0,0.0,0,10,0,1,1023,0,0,0,0,0,2,0,0,1023,0,0,10,1,0,1,0,72,0,0,0,255,255,0.0,0.0,0.0,0.0,0.0,0.0,0.0,0.0,0.0,0.0,straight_run,3.6105573177337646,0.09537456184625626,-0.0029508478473871946,0.09566716104745865,-0.02190043032169342,5.218746185302734,0.43654653429985046
0.27163323782234955,0.0,0.0,0.5,289,1785358608.2369258,0.14789751172065735,-0.01800922490656376,0.4990658164024353,4.150801181793213,5,6494,35,0,0,0.0019733065273612738,0,0,1.0,0.0,0,10,0,1,1023,0,0,0,0,0,2,0,0,1023,0,0,10,1,0,1,0,72,0,0,0,255,255,0.0,0.0,0.0,0.0,0.0,0.0,0.0,0.0,0.0,0.0,straight_run,3.6105573177337646,0.09537456184625626,-0.0029508478473871946,0.09566716104745865,-0.02190043032169342,5.218746185302734,0.43654653429985046
0.27507163323782235,0.0,0.0,0.5,289,1785358608.257696,0.15121175348758698,-0.02014351636171341,0.4990483522415161,3.910754680633545,5,6454,75,0,0,0.0019733065273612738,0,0,1.0,0.0,0,10,0,1,1023,0,0,0,0,0,2,0,0,1023,0,0,10,1,0,1,0,72,0,0,0,255,255,0.0,0.0,0.0,0.0,0.0,0.0,0.0,0.0,0.0,0.0,straight_run,3.6105573177337646,0.0949944257736206,-0.004646829329431057,0.09827524423599243,-0.023875929415225983,5.068093776702881,0.44000354409217834
0.2785100286532951,0.0,0.0,0.5,289,1785358608.282442,0.15121175348758698,-0.02014351636171341,0.4990483522415161,3.910754680633545,5,6454,75,0,0,0.0019733065273612738,0,0,1.0,0.0,0,10,0,1,1023,0,0,0,0,0,2,0,0,1023,0,0,10,1,0,1,0,72,0,0,0,255,255,0.0,0.0,0.0,0.0,0.0,0.0,0.0,0.0,0.0,0.0,straight_run,3.6105573177337646,0.0949944257736206,-0.004646829329431057,0.09827524423599243,-0.023875929415225983,5.068093776702881,0.44000354409217834
0.2819484240687679,0.0,0.0,0.5,289,1785358608.305708,0.15898452699184418,-0.019178403541445732,0.49900558590888977,5.295106887817383,5,6821,135,0,0,0.0019733065273612738,0,0,1.0,0.0,0,10,0,1,1023,0,0,0,0,0,2,0,0,1023,0,0,10,1,0,1,0,72,0,0,0,255,255,0.0,0.0,0.0,0.0,0.0,0.0,0.0,0.0,0.0,0.0,straight_run,3.6105573177337646,0.09834200888872147,-0.0020790977869182825,0.10407115519046783,-0.02438247576355934,4.954899311065674,0.4447331130504608
0.28538681948424066,0.0,0.0,0.5,289,1785358608.327701,0.15898452699184418,-0.019178403541445732,0.49900558590888977,5.295106887817383,5,6821,135,0,0,0.0019733065273612738,0,0,1.0,0.0,0,10,0,1,1023,0,0,0,0,0,2,0,0,1023,0,0,10,1,0,1,0,72,0,0,0,255,255,0.0,0.0,0.0,0.0,0.0,0.0,0.0,0.0,0.0,0.0,straight_run,3.6105573177337646,0.09834200888872147,-0.0020790977869182825,0.10407115519046783,-0.02438247576355934,4.954899311065674,0.4447331130504608
0.28882521489971347,0.0,0.0,0.5,289,1785358608.3498611,0.16494545340538025,-0.01779678277671337,0.4989665448665619,6.648791313171387,5,7528,13,0,0,0.0018568559316918254,0,0,1.0,0.0,0,10,0,1,1023,0,0,0,0,0,2,0,0,1023,0,0,10,1,0,1,0,72,0,0,0,255,255,0.0,0.0,0.0,0.0,0.0,0.0,0.0,0.0,0.0,0.0,straight_run,3.6105573177337646,0.1029665470123291,0.0006866427138447762,0.10927838832139969,-0.024402247741818428,4.987918853759766,0.4458284080028534
0.2922636103151863,0.0,0.0,0.5,289,1785358608.372711,0.16494545340538025,-0.01779678277671337,0.4989665448665619,6.648791313171387,5,7528,13,0,0,0.0018568559316918254,0,0,1.0,0.0,0,10,0,1,1023,0,0,0,0,0,2,0,0,1023,0,0,10,1,0,1,0,72,0,0,0,255,255,0.0,0.0,0.0,0.0,0.0,0.0,0.0,0.0,0.0,0.0,straight_run,3.6105573177337646,0.1029665470123291,0.0006866427138447762,0.10927838832139969,-0.024402247741818428,4.987918853759766,0.4458284080028534
0.295702005730659,0.0,0.0,0.5,289,1785358608.396063,0.16494545340538025,-0.01779678277671337,0.4989665448665619,6.648791313171387,5,7528,13,0,0,0.0018568559316918254,0,0,1.0,0.0,0,10,0,1,1023,0,0,0,0,0,2,0,0,1023,0,0,10,1,0,1,0,72,0,0,0,255,255,0.0,0.0,0.0,0.0,0.0,0.0,0.0,0.0,0.0,0.0,straight_run,3.605278730392456,0.1029665470123291,0.0006866427138447762,0.10927838832139969,-0.024402247741818428,4.987918853759766,0.4458284080028534
0.2991404011461318,0.0,0.0,0.5,289,1785358608.419262,0.17074806988239288,-0.017268585041165352,0.4989539682865143,7.77925968170166,5,6326,73,0,0,0.0018568559316918254,0,0,1.0,0.0,0,11,0,1,1023,0,0,0,0,0,0,0,0,1023,0,0,11,0,0,0,0,0,0,0,0,255,255,0.0,0.0,0.0,0.0,0.0,0.0,0.0,0.0,0.0,0.0,straight_run,3.605278730392456,0.10398022830486298,0.003888998180627823,0.11466454714536667,-0.025037197396159172,5.2955827713012695,0.4506324529647827
0.3025787965616046,0.0,0.0,0.5,289,1785358608.4442801,0.17606082558631897,-0.01738062873482704,0.49895375967025757,8.280902862548828,5,6266,113,0,0,0.0018568559316918254,0,0,1.0,0.0,0,11,0,1,1023,0,0,0,0,0,0,0,0,1023,0,0,11,0,0,0,0,0,0,0,0,255,255,0.0,0.0,0.0,0.0,0.0,0.0,0.0,0.0,0.0,0.0,straight_run,3.605278730392456,0.10718473047018051,0.007967149838805199,0.11980120092630386,-0.02444780059158802,5.626885890960693,0.4546477496623993
0.30601719197707733,0.0,0.0,0.5,289,1785358608.4693482,0.17606082558631897,-0.01738062873482704,0.49895375967025757,8.280902862548828,5,6266,113,0,0,0.0018568559316918254,0,0,1.0,0.0,0,11,0,1,1023,0,0,0,0,0,0,0,0,1023,0,0,11,0,0,0,0,0,0,0,0,255,255,0.0,0.0,0.0,0.0,0.0,0.0,0.0,0.0,0.0,0.0,straight_run,3.605278730392456,0.10718473047018051,0.007967149838805199,0.11980120092630386,-0.02444780059158802,5.626885890960693,0.4546477496623993
0.30945558739255014,0.0,0.0,0.5,289,1785358608.4927711,0.17606082558631897,-0.01738062873482704,0.49895375967025757,8.280902862548828,5,6266,113,0,0,0.0018568559316918254,0,0,1.0,0.0,0,11,0,1,1023,0,0,0,0,0,0,0,0,1023,0,0,11,0,0,0,0,0,0,0,0,255,255,0.0,0.0,0.0,0.0,0.0,0.0,0.0,0.0,0.0,0.0,straight_run,3.605278730392456,0.10718473047018051,0.007967149838805199,0.11980120092630386,-0.02444780059158802,5.626885890960693,0.4546477496623993
0.3128939828080229,0.0,0.0,0.5,289,1785358608.514692,0.18298320472240448,-0.017699144780635834,0.49893397092819214,8.803258895874023,5,8107,13,0,0,0.0020495255012065172,0,0,1.0,0.0,0,12,0,1,1023,0,0,0,0,0,0,0,0,1023,0,0,12,0,0,0,0,0,0,0,0,255,255,0.0,0.0,0.0,0.0,0.0,0.0,0.0,0.0,0.0,0.0,straight_run,3.6105573177337646,0.10791525989770889,0.007436906453222036,0.12570218741893768,-0.026851629838347435,6.27343225479126,0.4599757492542267
0.31633237822349564,0.0,0.0,0.5,289,1785358608.53883,0.18298320472240448,-0.017699144780635834,0.49893397092819214,8.803258895874023,5,8107,13,0,0,0.0020495255012065172,0,0,1.0,0.0,0,12,0,1,1023,0,0,0,0,0,0,0,0,1023,0,0,12,0,0,0,0,0,0,0,0,255,255,0.0,0.0,0.0,0.0,0.0,0.0,0.0,0.0,0.0,0.0,straight_run,3.6105573177337646,0.10791525989770889,0.007436906453222036,0.12570218741893768,-0.026851629838347435,6.27343225479126,0.4599757492542267
0.3197707736389685,0.0,0.0,0.5,289,1785358608.559689,0.190501406788826,-0.01799442246556282,0.498896062374115,8.458850860595703,5,6449,53,0,0,0.0020495255012065172,0,0,1.0,0.0,0,12,0,1,1023,0,0,0,0,0,0,0,0,1023,0,0,12,0,0,0,0,0,0,0,0,255,255,0.0,0.0,0.0,0.0,0.0,0.0,0.0,0.0,0.0,0.0,straight_run,3.6105573177337646,0.11145138740539551,0.009568046778440475,0.13128426671028137,-0.026873992756009102,6.740715026855469,0.4618273377418518
0.32320916905444125,0.0,0.0,0.5,289,1785358608.5816991,0.190501406788826,-0.01799442246556282,0.498896062374115,8.458850860595703,5,6449,53,0,0,0.0020495255012065172,0,0,1.0,0.0,0,12,0,1,1023,0,0,0,0,0,0,0,0,1023,0,0,12,0,0,0,0,0,0,0,0,255,255,0.0,0.0,0.0,0.0,0.0,0.0,0.0,0.0,0.0,0.0,straight_run,3.6105573177337646,0.11145138740539551,0.009568046778440475,0.13128426671028137,-0.026873992756009102,6.740715026855469,0.4618273377418518
0.32664756446991405,0.0,0.0,0.5,289,1785358608.604564,0.2019461840391159,-0.01570313237607479,0.4988477826118469,9.261130332946777,5,6302,113,0,0,0.0020495255012065172,0,0,1.0,0.0,0,12,0,1,1023,0,0,0,0,0,0,0,0,1023,0,0,12,0,0,0,0,0,0,0,0,255,255,0.0,0.0,0.0,0.0,0.0,0.0,0.0,0.0,0.0,0.0,straight_run,3.605278730392456,0.11796476691961288,0.013898700475692749,0.14014692604541779,-0.025836175307631493,7.347052097320557,0.46453678607940674
0.3300859598853868,0.0,0.0,0.5,289,1785358608.6249,0.2019461840391159,-0.01570313237607479,0.4988477826118469,9.261130332946777,5,6302,113,0,0,0.0020495255012065172,0,0,1.0,0.0,0,12,0,1,1023,0,0,0,0,0,0,0,0,1023,0,0,12,0,0,0,0,0,0,0,0,255,255,0.0,0.0,0.0,0.0,0.0,0.0,0.0,0.0,0.0,0.0,straight_run,3.605278730392456,0.11796476691961288,0.013898700475692749,0.14014692604541779,-0.025836175307631493,7.347052097320557,0.46453678607940674
0.3335243553008596,0.0,0.0,0.5,289,1785358608.6452868,0.20935329794883728,-0.01376393623650074,0.4988422393798828,9.995308876037598,5,7103,153,0,0,0.0020495255012065172,0,0,1.0,0.0,0,12,0,1,1023,0,0,0,0,0,0,0,0,1023,0,0,12,0,0,0,0,0,0,0,0,255,255,0.0,0.0,0.0,0.0,0.0,0.0,0.0,0.0,0.0,0.0,straight_run,3.605278730392456,0.1230367049574852,0.01713275909423828,0.14671070873737335,-0.024852653965353966,7.762454032897949,0.467790424823761
0.33696275071633236,0.0,0.0,0.5,289,1785358608.6692832,0.20935329794883728,-0.01376393623650074,0.4988422393798828,9.995308876037598,5,7103,153,0,0,0.0020495255012065172,0,0,1.0,0.0,0,12,0,1,1023,0,0,0,0,0,0,0,0,1023,0,0,12,0,0,0,0,0,0,0,0,255,255,0.0,0.0,0.0,0.0,0.0,0.0,0.0,0.0,0.0,0.0,straight_run,3.605278730392456,0.1230367049574852,0.01713275909423828,0.14671070873737335,-0.024852653965353966,7.762454032897949,0.467790424823761
0.3404011461318051,0.0,0.0,0.5,289,1785358608.694282,0.20935329794883728,-0.01376393623650074,0.4988422393798828,9.995308876037598,5,7103,153,0,0,0.0020495255012065172,0,0,1.0,0.0,0,12,0,1,1023,0,0,0,0,0,0,0,0,1023,0,0,12,0,0,0,0,0,0,0,0,255,255,0.0,0.0,0.0,0.0,0.0,0.0,0.0,0.0,0.0,0.0,straight_run,3.605278730392456,0.1230367049574852,0.01713275909423828,0.14671070873737335,-0.024852653965353966,7.762454032897949,0.467790424823761
0.3438395415472779,0.0,0.0,0.5,289,1785358608.71925,0.217646986246109,-0.010002854280173779,0.4988223612308502,11.091877937316895,5,6678,52,0,0,0.3699679374694824,0,0,1.0,0.0,0,13,0,1,1023,0,0,0,544,0,0,0,0,1023,0,0,13,2,94,1,0,109,0,0,0,255,255,0.0,0.0,0.0,0.0,0.0,0.0,0.0,0.0,0.0,0.0,straight_run,3.6105573177337646,0.12517134845256805,0.023228999227285385,0.15418289601802826,-0.0224504042416811,8.439119338989258,0.47277015447616577
0.34727793696275067,0.0,0.0,0.5,289,1785358608.7400918,0.217646986246109,-0.010002854280173779,0.4988223612308502,11.091877937316895,5,6678,52,0,0,0.3699679374694824,0,0,1.0,0.0,0,13,0,1,1023,0,0,0,544,0,0,0,0,1023,0,0,13,2,94,1,0,109,0,0,0,255,255,0.0,0.0,0.0,0.0,0.0,0.0,0.0,0.0,0.0,0.0,straight_run,3.6105573177337646,0.12517134845256805,0.023228999227285385,0.15418289601802826,-0.0224504042416811,8.439119338989258,0.47277015447616577
0.3507163323782235,0.0,0.0,0.5,289,1785358608.762018,0.22377397119998932,-0.00776525167748332,0.4988160729408264,11.35323715209961,5,6654,92,0,0,0.3699679374694824,0,0,1.0,0.0,0,13,0,1,1023,0,0,0,544,0,0,0,0,1023,0,0,13,2,94,1,0,109,0,0,0,255,255,0.0,0.0,0.0,0.0,0.0,0.0,0.0,0.0,0.0,0.0,straight_run,3.6105573177337646,0.12660084664821625,0.026365486904978752,0.15924125909805298,-0.020972631871700287,8.979337692260742,0.47519585490226746
0.3541547277936963,0.0,0.0,0.5,289,1785358608.784283,0.22377397119998932,-0.00776525167748332,0.4988160729408264,11.35323715209961,5,6654,92,0,0,0.3699679374694824,0,0,1.0,0.0,0,13,0,1,1023,0,0,0,544,0,0,0,0,1023,0,0,13,2,94,1,0,109,0,0,0,255,255,0.0,0.0,0.0,0.0,0.0,0.0,0.0,0.0,0.0,0.0,straight_run,3.6105573177337646,0.12660084664821625,0.026365486904978752,0.15924125909805298,-0.020972631871700287,8.979337692260742,0.47519585490226746
0.3575931232091691,0.0,0.0,0.5,289,1785358608.808651,0.2331133484840393,-0.0054933056235313416,0.4987790286540985,11.332221984863281,5,6998,152,0,0,0.3699679374694824,0,0,1.0,0.0,0,13,0,1,1023,0,0,0,544,0,0,0,0,1023,0,0,14,2,94,1,0,109,0,0,0,255,255,0.0,0.0,0.0,0.0,0.0,0.0,0.0,0.0,0.0,0.0,straight_run,3.6105573177337646,0.12915629148483276,0.02985215000808239,0.16619181632995605,-0.01890469156205654,9.65880298614502,0.47838014364242554
0.36103151862464183,0.0,0.0,0.5,289,1785358608.833388,0.2331133484840393,-0.0054933056235313416,0.4987790286540985,11.332221984863281,5,6998,152,0,0,0.3699679374694824,0,0,1.0,0.0,0,13,0,1,1023,0,0,0,544,0,0,0,0,1023,0,0,14,2,94,1,0,109,0,0,0,255,255,0.0,0.0,0.0,0.0,0.0,0.0,0.0,0.0,0.0,0.0,straight_run,3.6105573177337646,0.12915629148483276,0.02985215000808239,0.16619181632995605,-0.01890469156205654,9.65880298614502,0.47838014364242554
0.3644699140401146,0.0,0.0,0.5,289,1785358608.855006,0.23498320579528809,-0.0025121949147433043,0.49875810742378235,12.136850357055664,5,6798,30,0,0,0.0021465481258928776,0,0,1.0,0.0,0,13,0,1,1023,0,0,0,544,0,0,0,0,1023,0,0,14,2,94,1,0,109,0,0,0,255,255,0.0,0.0,0.0,0.0,0.0,0.0,0.0,0.0,0.0,0.0,straight_run,3.6105573177337646,0.13045255839824677,0.03125685453414917,0.1724335253238678,-0.01758313551545143,10.231016159057617,0.4810659885406494
0.3679083094555874,0.0,0.0,0.5,289,1785358608.878627,0.23498320579528809,-0.0025121949147433043,0.49875810742378235,12.136850357055664,5,6798,30,0,0,0.0021465481258928776,0,0,1.0,0.0,0,13,0,1,1023,0,0,0,544,0,0,0,0,1023,0,0,14,2,94,1,0,109,0,0,0,255,255,0.0,0.0,0.0,0.0,0.0,0.0,0.0,0.0,0.0,0.0,straight_run,3.6105573177337646,0.13045255839824677,0.03125685453414917,0.1724335253238678,-0.01758313551545143,10.231016159057617,0.4810659885406494
0.37134670487106014,0.0,0.0,0.5,289,1785358608.902784,0.2490471750497818,-0.0002910446492023766,0.49871647357940674,11.748805046081543,5,6012,89,0,0,0.0021465481258928776,0,0,1.0,0.0,0,14,0,1,1023,0,0,272,0,0,0,0,0,1023,0,0,14,2,94,1,0,109,0,0,0,255,255,0.0,0.0,0.0,0.0,0.0,0.0,0.0,0.0,0.0,0.0,straight_run,3.605278730392456,0.1354384422302246,0.035432517528533936,0.1809491217136383,-0.014453979209065437,10.736898422241211,0.4829649031162262
0.37478510028653295,0.0,0.0,0.5,289,1785358608.9256902,0.2490471750497818,-0.0002910446492023766,0.49871647357940674,11.748805046081543,5,6012,89,0,0,0.0021465481258928776,0,0,1.0,0.0,0,14,0,1,1023,0,0,272,0,0,0,0,0,1023,0,0,14,2,0,1,0,90,0,0,0,255,255,0.0,0.0,0.0,0.0,0.0,0.0,0.0,0.0,0.0,0.0,straight_run,3.605278730392456,0.1354384422302246,0.035432517528533936,0.1809491217136383,-0.014453979209065437,10.736898422241211,0.4829649031162262
0.3782234957020057,0.0,0.0,0.5,289,1785358608.946694,0.2509559392929077,-0.0020172998774796724,0.4987024962902069,11.19314193725586,5,7090,129,0,0,0.0021465481258928776,0,0,1.0,0.0,0,14,0,1,1023,0,0,272,0,0,0,0,0,1023,0,0,14,2,0,1,0,90,0,0,0,255,255,0.0,0.0,0.0,0.0,0.0,0.0,0.0,0.0,0.0,0.0,straight_run,3.605278730392456,0.1335284560918808,0.03541388362646103,0.1860344409942627,-0.013448689132928848,11.12911605834961,0.4846602976322174
0.38166189111747845,0.0,0.0,0.5,289,1785358608.970541,0.2509559392929077,-0.0020172998774796724,0.4987024962902069,11.19314193725586,5,7090,129,0,0,0.0021465481258928776,0,0,1.0,0.0,0,14,0,1,1023,0,0,272,0,0,0,0,0,1023,0,0,14,2,0,1,0,90,0,0,0,255,255,0.0,0.0,0.0,0.0,0.0,0.0,0.0,0.0,0.0,0.0,straight_run,3.605278730392456,0.1335284560918808,0.03541388362646103,0.1860344409942627,-0.013448689132928848,11.12911605834961,0.4846602976322174
0.3851002865329513,0.0,0.0,0.5,289,1785358608.992694,0.2509559392929077,-0.0020172998774796724,0.4987024962902069,11.19314193725586,5,7090,129,0,0,0.0021465481258928776,0,0,1.0,0.0,0,14,0,1,1023,0,0,272,0,0,0,0,0,1023,0,0,14,2,0,1,0,90,0,0,0,255,255,0.0,0.0,0.0,0.0,0.0,0.0,0.0,0.0,0.0,0.0,straight_run,3.605278730392456,0.1335284560918808,0.03541388362646103,0.1860344409942627,-0.013448689132928848,11.12911605834961,0.4846602976322174
0.38853868194842406,0.0,0.0,0.5,289,1785358609.0168068,0.2588244676589966,0.002805747790262103,0.49870094656944275,11.668903350830078,5,5951,44,0,0,0.0019937558099627495,0,0,1.0,0.0,0,15,0,1,1023,0,0,0,4,0,0,0,0,1023,0,0,15,1,0,1,0,78,0,0,0,255,255,0.0,0.0,0.0,0.0,0.0,0.0,0.0,0.0,0.0,0.0,straight_run,3.6105573177337646,0.13268020749092102,0.03754425048828125,0.19195233285427094,-0.011004961095750332,11.36874771118164,0.48760873079299927
0.39197707736389686,0.0,0.0,0.5,289,1785358609.0450938,0.2588244676589966,0.002805747790262103,0.49870094656944275,11.668903350830078,5,5951,44,0,0,0.0019937558099627495,0,0,1.0,0.0,0,15,0,1,1023,0,0,0,4,0,0,0,0,1023,0,0,15,1,0,1,0,78,0,0,0,255,255,0.0,0.0,0.0,0.0,0.0,0.0,0.0,0.0,0.0,0.0,straight_run,3.6105573177337646,0.12824982404708862,0.03246696665883064,0.19579645991325378,-0.012377872131764889,11.591071128845215,0.49014896154403687
0.3954154727793696,0.0,0.0,0.5,289,1785358609.0666938,0.26121458411216736,0.00031492358539253473,0.4986899495124817,10.62260627746582,5,6894,84,0,0,0.0019937558099627495,0,0,1.0,0.0,0,15,0,1,1023,0,0,0,4,0,0,0,0,1023,0,0,15,1,0,1,0,78,0,0,0,255,255,0.0,0.0,0.0,0.0,0.0,0.0,0.0,0.0,0.0,0.0,straight_run,3.6105573177337646,0.12824982404708862,0.03246696665883064,0.19579645991325378,-0.012377872131764889,11.591071128845215,0.49014896154403687
0.3988538681948424,0.0,0.0,0.5,289,1785358609.088634,0.26121458411216736,0.00031492358539253473,0.4986899495124817,10.62260627746582,5,6894,84,0,0,0.0019937558099627495,0,0,1.0,0.0,0,15,0,1,1023,0,0,0,4,0,0,0,0,1023,0,0,15,1,0,1,0,78,0,0,0,255,255,0.0,0.0,0.0,0.0,0.0,0.0,0.0,0.0,0.0,0.0,straight_run,3.6105573177337646,0.12824982404708862,0.03246696665883064,0.19579645991325378,-0.012377872131764889,11.591071128845215,0.49014896154403687
0.40229226361031517,0.0,0.0,0.5,289,1785358609.1090791,0.26721397042274475,0.002670121379196644,0.4986591637134552,10.611778259277344,5,5952,46,0,0,0.0020036082714796066,0,0,1.0,0.0,0,16,0,1,1023,0,0,0,0,0,0,0,0,1023,0,0,16,0,0,0,0,0,0,0,0,255,255,0.0,0.0,0.0,0.0,0.0,0.0,0.0,0.0,0.0,0.0,straight_run,3.605278730392456,0.12788434326648712,0.03446541726589203,0.2020024210214615,-0.009547765366733074,11.651272773742676,0.49116063117980957
0.4057306590257879,0.0,0.0,0.5,289,1785358609.130691,0.26721397042274475,0.002670121379196644,0.4986591637134552,10.611778259277344,5,5952,46,0,0,0.0020036082714796066,0,0,1.0,0.0,0,16,0,1,1023,0,0,0,0,0,0,0,0,1023,0,0,16,0,0,0,0,0,0,0,0,255,255,0.0,0.0,0.0,0.0,0.0,0.0,0.0,0.0,0.0,0.0,straight_run,3.605278730392456,0.12788434326648712,0.03446541726589203,0.2020024210214615,-0.009547765366733074,11.651272773742676,0.49116063117980957
0.4091690544412607,0.0,0.0,0.5,289,1785358609.1518478,0.27251121401786804,0.0006082166801206768,0.4986337125301361,9.47836971282959,5,6903,86,0,0,0.0020036082714796066,0,0,1.0,0.0,0,16,0,1,1023,0,0,0,0,0,0,0,0,1023,0,0,16,0,0,0,0,0,0,0,0,255,255,0.0,0.0,0.0,0.0,0.0,0.0,0.0,0.0,0.0,0.0,straight_run,3.605278730392456,0.1262304037809372,0.03367266431450844,0.20733565092086792,-0.008334673009812832,11.644267082214355,0.4915999472141266
0.4126074498567335,0.0,0.0,0.5,289,1785358609.1738,0.27251121401786804,0.0006082166801206768,0.4986337125301361,9.47836971282959,5,6903,86,0,0,0.0020036082714796066,0,0,1.0,0.0,0,16,0,1,1023,0,0,0,0,0,0,0,0,1023,0,0,16,0,0,0,0,0,0,0,0,255,255,0.0,0.0,0.0,0.0,0.0,0.0,0.0,0.0,0.0,0.0,straight_run,3.605278730392456,0.1262304037809372,0.03367266431450844,0.20733565092086792,-0.008334673009812832,11.644267082214355,0.4915999472141266
0.4160458452722063,0.0,0.0,0.5,289,1785358609.1966999,0.27251121401786804,0.0006082166801206768,0.4986337125301361,9.47836971282959,5,6903,86,0,0,0.0020036082714796066,0,0,1.0,0.0,0,16,0,1,1023,0,0,0,0,0,0,0,0,1023,0,0,16,0,0,0,0,0,0,0,0,255,255,0.0,0.0,0.0,0.0,0.0,0.0,0.0,0.0,0.0,0.0,straight_run,3.6000001430511475,0.12635000050067902,0.03764839842915535,0.21349622309207916,-0.004289411008358002,11.488115310668945,0.492872416973114
0.4194842406876791,0.0,0.0,0.5,289,1785358609.219261,0.27959010004997253,0.008005786687135696,0.49862977862358093,10.538063049316406,5,5948,48,0,0,0.0019516829634085298,0,0,1.0,0.0,0,17,0,1,1023,0,0,0,0,0,0,64,0,1023,0,0,17,1,0,1,0,125,0,0,0,255,255,0.0,0.0,0.0,0.0,0.0,0.0,0.0,0.0,0.0,0.0,straight_run,3.6000001430511475,0.12635000050067902,0.03764839842915535,0.21349622309207916,-0.004289411008358002,11.488115310668945,0.492872416973114
0.4229226361031519,0.0,0.0,0.5,289,1785358609.241038,0.27959010004997253,0.008005786687135696,0.49862977862358093,10.538063049316406,5,5948,48,0,0,0.0019516829634085298,0,0,1.0,0.0,0,17,0,1,1023,0,0,0,0,0,0,64,0,1023,0,0,17,1,0,1,0,125,0,0,0,255,255,0.0,0.0,0.0,0.0,0.0,0.0,0.0,0.0,0.0,0.0,straight_run,3.6000001430511475,0.12635000050067902,0.03764839842915535,0.21349622309207916,-0.004289411008358002,11.488115310668945,0.492872416973114
0.42636103151862464,0.0,0.0,0.5,289,1785358609.2614012,0.28476834297180176,0.0019370460649952292,0.4986352324485779,7.78247594833374,5,6038,88,0,0,0.0019516829634085298,0,0,1.0,0.0,0,17,0,1,1023,0,0,0,0,0,0,64,0,1023,0,0,17,1,0,1,0,125,0,0,0,255,255,0.0,0.0,0.0,0.0,0.0,0.0,0.0,0.0,0.0,0.0,straight_run,3.6000001430511475,0.12677538394927979,0.02976437285542488,0.21959787607192993,-0.006844115909188986,11.445000648498535,0.49510708451271057
0.4297994269340974,0.0,0.0,0.5,289,1785358609.285923,0.28476834297180176,0.0019370460649952292,0.4986352324485779,7.78247594833374,5,6038,88,0,0,0.0019516829634085298,0,0,1.0,0.0,0,17,0,1,1023,0,0,0,0,0,0,64,0,1023,0,0,17,1,0,1,0,125,0,0,0,255,255,0.0,0.0,0.0,0.0,0.0,0.0,0.0,0.0,0.0,0.0,straight_run,3.6000001430511475,0.12677538394927979,0.02976437285542488,0.21959787607192993,-0.006844115909188986,11.445000648498535,0.49510708451271057
0.4332378223495702,0.0,0.0,0.5,289,1785358609.3109472,0.2917960584163666,0.002252081409096718,0.4986444413661957,6.968197822570801,5,6623,148,0,0,0.0019516829634085298,0,0,1.0,0.0,0,17,0,1,1023,0,0,0,0,0,0,64,0,1023,0,0,17,1,0,1,0,125,0,0,0,255,255,0.0,0.0,0.0,0.0,0.0,0.0,0.0,0.0,0.0,0.0,straight_run,3.6105573177337646,0.13228964805603027,0.03101561777293682,0.2284180372953415,-0.003816276788711548,11.061249732971191,0.49775901436805725
0.43667621776504295,0.0,0.0,0.5,289,1785358609.3359308,0.2917960584163666,0.002252081409096718,0.4986444413661957,6.968197822570801,5,6623,148,0,0,0.0019516829634085298,0,0,1.0,0.0,0,17,0,1,1023,0,0,0,0,0,0,64,0,1023,0,0,17,1,0,1,0,125,0,0,0,255,255,0.0,0.0,0.0,0.0,0.0,0.0,0.0,0.0,0.0,0.0,straight_run,3.6105573177337646,0.13228964805603027,0.03101561777293682,0.2284180372953415,-0.003816276788711548,11.061249732971191,0.49775901436805725
0.44011461318051576,0.0,0.0,0.5,289,1785358609.356697,0.3022230565547943,0.005291683133691549,0.4986409842967987,6.6896514892578125,5,6685,29,0,0,0.002147192833945155,0,0,1.0,0.0,0,17,0,1,1023,0,0,0,0,0,0,64,0,1023,0,0,17,1,0,1,0,125,0,0,0,255,255,0.0,0.0,0.0,0.0,0.0,0.0,0.0,0.0,0.0,0.0,straight_run,3.6105573177337646,0.13654567301273346,0.029542725533246994,0.23619338870048523,-0.0021760205272585154,10.535828590393066,0.5007758736610413
0.4435530085959885,0.0,0.0,0.5,289,1785358609.3800352,0.3022230565547943,0.005291683133691549,0.4986409842967987,6.6896514892578125,5,6685,29,0,0,0.002147192833945155,0,0,1.0,0.0,0,17,0,1,1023,0,0,0,0,0,0,64,0,1023,0,0,17,1,0,1,0,125,0,0,0,255,255,0.0,0.0,0.0,0.0,0.0,0.0,0.0,0.0,0.0,0.0,straight_run,3.6105573177337646,0.13654567301273346,0.029542725533246994,0.23619338870048523,-0.0021760205272585154,10.535828590393066,0.5007758736610413
0.44699140401146126,0.0,0.0,0.5,289,1785358609.402703,0.3118368089199066,0.007088236510753632,0.4986039400100708,5.677032947540283,5,6064,89,0,0,0.002147192833945155,0,0,1.0,0.0,0,18,0,1,1023,0,0,0,0,0,128,0,0,1023,0,0,18,1,0,1,0,94,0,0,0,255,255,0.0,0.0,0.0,0.0,0.0,0.0,0.0,0.0,0.0,0.0,straight_run,3.605278730392456,0.13657048344612122,0.02841402404010296,0.24160197377204895,-2.494098043825943e-05,9.9446382522583,0.5014922618865967
0.4504297994269341,0.0,0.0,0.5,289,1785358609.428425,0.3118368089199066,0.007088236510753632,0.4986039400100708,5.677032947540283,5,6064,89,0,0,0.002147192833945155,0,0,1.0,0.0,0,18,0,1,1023,0,0,0,0,0,128,0,0,1023,0,0,18,1,0,1,0,94,0,0,0,255,255,0.0,0.0,0.0,0.0,0.0,0.0,0.0,0.0,0.0,0.0,straight_run,3.605278730392456,0.13657048344612122,0.02841402404010296,0.24160197377204895,-2.494098043825943e-05,9.9446382522583,0.5014922618865967
0.45386819484240687,0.0,0.0,0.5,289,1785358609.452608,0.31708070635795593,0.006947629619389772,0.49857059121131897,4.853994846343994,5,6590,129,0,0,0.002147192833945155,0,0,1.0,0.0,0,18,0,1,1023,0,0,0,0,0,128,0,0,1023,0,0,18,1,0,1,0,94,0,0,0,255,255,0.0,0.0,0.0,0.0,0.0,0.0,0.0,0.0,0.0,0.0,straight_run,3.605278730392456,0.14003752171993256,0.026481660082936287,0.24941284954547882,0.0016922493232414126,9.271448135375977,0.5022665858268738
0.4573065902578797,0.0,0.0,0.5,289,1785358609.4775941,0.31708070635795593,0.006947629619389772,0.49857059121131897,4.853994846343994,5,6590,129,0,0,0.002147192833945155,0,0,1.0,0.0,0,18,0,1,1023,0,0,0,0,0,128,0,0,1023,0,0,18,1,0,1,0,94,0,0,0,255,255,0.0,0.0,0.0,0.0,0.0,0.0,0.0,0.0,0.0,0.0,straight_run,3.605278730392456,0.14003752171993256,0.026481660082936287,0.24941284954547882,0.0016922493232414126,9.271448135375977,0.5022665858268738
0.4607449856733524,0.0,0.0,0.5,289,1785358609.501781,0.32478249073028564,0.0037696126382797956,0.49856874346733093,3.404031753540039,5,6862,29,0,0,0.0021067240741103888,0,0,1.0,0.0,0,19,0,1,1023,0,0,0,0,0,0,0,0,1023,0,0,18,1,0,1,0,94,0,0,0,255,255,0.0,0.0,0.0,0.0,0.0,0.0,0.0,0.0,0.0,0.0,straight_run,3.6000001430511475,0.13912302255630493,0.01897551491856575,0.25508442521095276,-0.00037613767199218273,8.551532745361328,0.5050470232963562
0.4641833810888252,0.0,0.0,0.5,289,1785358609.522926,0.32478249073028564,0.0037696126382797956,0.49856874346733093,3.404031753540039,5,6862,29,0,0,0.0021067240741103888,0,0,1.0,0.0,0,19,0,1,1023,0,0,0,0,0,0,0,0,1023,0,0,19,0,0,0,0,40,0,0,0,255,255,0.0,0.0,0.0,0.0,0.0,0.0,0.0,0.0,0.0,0.0,straight_run,3.6000001430511475,0.13912302255630493,0.01897551491856575,0.25508442521095276,-0.00037613767199218273,8.551532745361328,0.5050470232963562
0.467621776504298,0.0,0.0,0.5,289,1785358609.5452569,0.33018094301223755,0.00449497951194644,0.4985545873641968,3.201702833175659,5,6236,69,0,0,0.0021067240741103888,0,0,1.0,0.0,0,19,0,1,1023,0,0,0,0,0,0,0,0,1023,0,0,19,0,0,0,0,40,0,0,0,255,255,0.0,0.0,0.0,0.0,0.0,0.0,0.0,0.0,0.0,0.0,straight_run,3.6000001430511475,0.13704924285411835,0.011511659249663353,0.2604158818721771,-0.0027475340757519007,7.681054592132568,0.5057085156440735
0.47106017191977073,0.0,0.0,0.5,289,1785358609.565693,0.33018094301223755,0.00449497951194644,0.4985545873641968,3.201702833175659,5,6236,69,0,0,0.0021067240741103888,0,0,1.0,0.0,0,19,0,1,1023,0,0,0,0,0,0,0,0,1023,0,0,19,0,0,0,0,40,0,0,0,255,255,0.0,0.0,0.0,0.0,0.0,0.0,0.0,0.0,0.0,0.0,straight_run,3.6000001430511475,0.13704924285411835,0.011511659249663353,0.2604158818721771,-0.0027475340757519007,7.681054592132568,0.5057085156440735
0.47449856733524354,0.0,0.0,0.5,289,1785358609.5905979,0.33018094301223755,0.00449497951194644,0.4985545873641968,3.201702833175659,5,6236,69,0,0,0.0021067240741103888,0,0,1.0,0.0,0,19,0,1,1023,0,0,0,0,0,0,0,0,1023,0,0,19,0,0,0,0,40,0,0,0,255,255,0.0,0.0,0.0,0.0,0.0,0.0,0.0,0.0,0.0,0.0,straight_run,3.6000001430511475,0.13704924285411835,0.011511659249663353,0.2604158818721771,-0.0027475340757519007,7.681054592132568,0.5057085156440735
0.4779369627507163,0.0,0.0,0.5,289,1785358609.613884,0.3360274136066437,-0.00026024869293905795,0.49853962659835815,1.342983365058899,5,6017,129,0,0,0.0021067240741103888,0,0,1.0,0.0,0,19,0,1,1023,0,0,0,0,0,0,0,0,1023,0,0,19,0,0,0,0,40,0,0,0,255,255,0.0,0.0,0.0,0.0,0.0,0.0,0.0,0.0,0.0,0.0,straight_run,3.6000001430511475,0.13729719817638397,0.010245104320347309,0.267051100730896,-0.0015082885511219501,6.79359245300293,0.5064435601234436
0.48137535816618904,0.0,0.0,0.5,289,1785358609.634722,0.3360274136066437,-0.00026024869293905795,0.49853962659835815,1.342983365058899,5,6017,129,0,0,0.0021067240741103888,0,0,1.0,0.0,0,19,0,1,1023,0,0,0,0,0,0,0,0,1023,0,0,19,0,0,0,0,40,0,0,0,255,255,0.0,0.0,0.0,0.0,0.0,0.0,0.0,0.0,0.0,0.0,straight_run,3.6000001430511475,0.13729719817638397,0.010245104320347309,0.267051100730896,-0.0015082885511219501,6.79359245300293,0.5064435601234436
0.4848137535816619,0.0,0.0,0.5,289,1785358609.6576471,0.3442350924015045,0.001389694632962346,0.4985455274581909,1.5474655628204346,5,7074,10,0,0,0.0021716102492064238,0,0,1.0,0.0,0,19,0,1,1023,0,0,0,0,0,0,0,0,1023,0,0,19,0,0,0,0,40,0,0,0,255,255,0.0,0.0,0.0,0.0,0.0,0.0,0.0,0.0,0.0,0.0,straight_run,3.6000001430511475,0.1447250097990036,0.00822142232209444,0.27830907702445984,-0.0010466694366186857,5.792965888977051,0.508637547492981
0.48825214899713465,0.0,0.0,0.5,289,1785358609.6817899,0.3442350924015045,0.001389694632962346,0.4985455274581909,1.5474655628204346,5,7074,10,0,0,0.0021716102492064238,0,0,1.0,0.0,0,19,0,1,1023,0,0,0,0,0,0,0,0,1023,0,0,19,0,0,0,0,40,0,0,0,255,255,0.0,0.0,0.0,0.0,0.0,0.0,0.0,0.0,0.0,0.0,straight_run,3.6000001430511475,0.1447250097990036,0.00822142232209444,0.27830907702445984,-0.0010466694366186857,5.792965888977051,0.508637547492981
0.49169054441260746,0.0,0.0,0.5,289,1785358609.705892,0.3531676232814789,0.001664004405029118,0.4985291361808777,1.4293147325515747,5,6450,70,0,0,0.0021716102492064238,0,0,1.0,0.0,0,20,0,1,1023,0,0,0,0,0,0,0,0,1023,0,0,20,0,0,0,0,47,0,0,0,255,255,0.0,0.0,0.0,0.0,0.0,0.0,0.0,0.0,0.0,0.0,straight_run,3.605278730392456,0.1429346203804016,0.007765055168420076,0.284636527299881,1.8206000049758586e-06,4.8606486320495605,0.510015070438385
0.4951289398280802,0.0,0.0,0.5,289,1785358609.728848,0.3531676232814789,0.001664004405029118,0.4985291361808777,1.4293147325515747,5,6450,70,0,0,0.0021716102492064238,0,0,1.0,0.0,0,20,0,1,1023,0,0,0,0,0,0,0,0,1023,0,0,20,0,0,0,0,47,0,0,0,255,255,0.0,0.0,0.0,0.0,0.0,0.0,0.0,0.0,0.0,0.0,straight_run,3.605278730392456,0.1429346203804016,0.007765055168420076,0.284636527299881,1.8206000049758586e-06,4.8606486320495605,0.510015070438385
0.498567335243553,0.0,0.0,0.5,289,1785358609.7525911,0.3539334237575531,-0.0046422225423157215,0.4985194206237793,-0.28591400384902954,5,6265,110,0,0,0.0021716102492064238,0,0,1.0,0.0,0,20,0,1,1023,0,0,0,0,0,0,0,0,1023,0,0,20,0,0,0,0,47,0,0,0,255,255,0.0,0.0,0.0,0.0,0.0,0.0,0.0,0.0,0.0,0.0,straight_run,3.605278730392456,0.13737700879573822,0.0007017891621217132,0.2890086770057678,-0.003485633758828044,4.052424430847168,0.5108283162117004
0.5020057306590258,0.0,0.0,0.5,289,1785358609.776394,0.3539334237575531,-0.0046422225423157215,0.4985194206237793,-0.28591400384902954,5,6265,110,0,0,0.0021716102492064238,0,0,1.0,0.0,0,20,0,1,1023,0,0,0,0,0,0,0,0,1023,0,0,20,0,0,0,0,47,0,0,0,255,255,0.0,0.0,0.0,0.0,0.0,0.0,0.0,0.0,0.0,0.0,straight_run,3.605278730392456,0.13737700879573822,0.0007017891621217132,0.2890086770057678,-0.003485633758828044,4.052424430847168,0.5108283162117004
0.5054441260744985,0.0,0.0,0.5,289,1785358609.7987452,0.3539334237575531,-0.0046422225423157215,0.4985194206237793,-0.28591400384902954,5,6265,12,0,0,0.002096828306093812,0,0,1.0,0.0,0,20,0,1,1023,0,0,0,0,0,0,0,0,1023,0,0,20,0,0,0,0,47,0,0,0,255,255,0.0,0.0,0.0,0.0,0.0,0.0,0.0,0.0,0.0,0.0,straight_run,3.6000001430511475,0.13382841646671295,0.0005844386760145426,0.29529598355293274,-0.003190739080309868,3.1675596237182617,0.5125967264175415
0.5088825214899713,0.0,0.0,0.5,289,1785358609.820708,0.36009833216667175,-0.0023515645880252123,0.49851614236831665,0.7320123910903931,5,7370,12,0,0,0.002096828306093812,0,0,1.0,0.0,0,21,0,1,1023,4,0,0,0,16,0,128,0,1023,0,0,21,3,0,1,0,125,0,0,0,255,255,0.0,0.0,0.0,0.0,0.0,0.0,0.0,0.0,0.0,0.0,straight_run,3.6000001430511475,0.13382841646671295,0.0005844386760145426,0.29529598355293274,-0.003190739080309868,3.1675596237182617,0.5125967264175415
0.5123209169054441,0.0,0.0,0.5,289,1785358609.845779,0.36660248041152954,-0.003922709729522467,0.4985013008117676,0.5412977933883667,5,6855,52,0,0,0.002096828306093812,0,0,1.0,0.0,0,21,0,1,1023,4,0,0,0,16,0,128,0,1023,0,0,21,3,0,1,0,125,0,0,0,255,255,0.0,0.0,0.0,0.0,0.0,0.0,0.0,0.0,0.0,0.0,straight_run,3.6000001430511475,0.13651810586452484,-0.00043278452358208597,0.30354195833206177,-0.003971243277192116,2.6129374504089355,0.513006329536438
0.5157593123209169,0.0,0.0,0.5,289,1785358609.870267,0.36660248041152954,-0.003922709729522467,0.4985013008117676,0.5412977933883667,5,6855,52,0,0,0.002096828306093812,0,0,1.0,0.0,0,21,0,1,1023,4,0,0,0,16,0,128,0,1023,0,0,21,3,0,1,0,125,0,0,0,255,255,0.0,0.0,0.0,0.0,0.0,0.0,0.0,0.0,0.0,0.0,straight_run,3.6000001430511475,0.13651810586452484,-0.00043278452358208597,0.30354195833206177,-0.003971243277192116,2.6129374504089355,0.513006329536438
0.5191977077363897,0.0,0.0,0.5,289,1785358609.895353,0.36660248041152954,-0.003922709729522467,0.4985013008117676,0.5412977933883667,5,6855,52,0,0,0.002096828306093812,0,0,1.0,0.0,0,21,0,1,1023,4,0,0,0,16,0,128,0,1023,0,0,21,3,0,1,0,125,0,0,0,255,255,0.0,0.0,0.0,0.0,0.0,0.0,0.0,0.0,0.0,0.0,straight_run,3.605278730392456,0.13651810586452484,-0.00043278452358208597,0.30354195833206177,-0.003971243277192116,2.6129374504089355,0.513006329536438
0.5226361031518625,0.0,0.0,0.5,289,1785358609.917703,0.37307009100914,-0.006331188604235649,0.49849528074264526,0.2682494819164276,5,6314,112,0,0,0.002096828306093812,0,0,1.0,0.0,0,21,0,1,1023,4,0,0,0,16,0,128,0,1023,0,0,21,3,0,1,0,125,0,0,0,255,255,0.0,0.0,0.0,0.0,0.0,0.0,0.0,0.0,0.0,0.0,straight_run,3.605278730392456,0.13196468353271484,-0.003665752476081252,0.31044164299964905,-0.0066220578737556934,1.9670745134353638,0.5148288011550903
0.5260744985673352,0.0,0.0,0.5,289,1785358609.942003,0.37307009100914,-0.006331188604235649,0.49849528074264526,0.2682494819164276,5,6314,9,0,0,0.001943346462212503,0,0,1.0,0.0,0,21,0,1,1023,4,0,0,0,16,0,128,0,1023,0,0,21,3,0,1,0,125,0,0,0,255,255,0.0,0.0,0.0,0.0,0.0,0.0,0.0,0.0,0.0,0.0,straight_run,3.605278730392456,0.12855416536331177,-0.004715980030596256,0.314608633518219,-0.007825974375009537,1.6063437461853027,0.515478253364563
0.529512893982808,0.0,0.0,0.5,289,1785358609.962812,0.3790823221206665,-0.008136291056871414,0.4984763264656067,0.08719219267368317,5,7418,9,0,0,0.001943346462212503,0,0,1.0,0.0,0,21,0,1,1023,4,0,0,0,16,0,128,0,1023,0,0,21,3,0,1,0,125,0,0,0,255,255,0.0,0.0,0.0,0.0,0.0,0.0,0.0,0.0,0.0,0.0,straight_run,3.605278730392456,0.12855416536331177,-0.004715980030596256,0.314608633518219,-0.007825974375009537,1.6063437461853027,0.515478253364563
0.5329512893982807,0.0,0.0,0.5,289,1785358609.987946,0.3790823221206665,-0.008136291056871414,0.4984763264656067,0.08719219267368317,5,7418,9,0,0,0.001943346462212503,0,0,1.0,0.0,0,21,0,1,1023,4,0,0,0,16,0,128,0,1023,0,0,21,3,0,1,0,125,0,0,0,255,255,0.0,0.0,0.0,0.0,0.0,0.0,0.0,0.0,0.0,0.0,straight_run,3.605278730392456,0.12855416536331177,-0.004715980030596256,0.314608633518219,-0.007825974375009537,1.6063437461853027,0.515478253364563
0.5363896848137536,0.0,0.0,0.5,289,1785358610.010716,0.38680464029312134,-0.006855818908661604,0.4984510838985443,0.751669704914093,5,6185,68,0,0,0.001943346462212503,0,0,1.0,0.0,0,22,0,1,1023,0,0,0,0,0,0,0,0,1023,0,0,22,0,0,0,0,45,0,0,0,255,255,0.0,0.0,0.0,0.0,0.0,0.0,0.0,0.0,0.0,0.0,straight_run,3.594721555709839,0.12785901129245758,-0.003066195175051689,0.32318827509880066,-0.0077389199286699295,1.1234092712402344,0.5145341753959656
0.5398280802292263,0.0,0.0,0.5,289,1785358610.032691,0.38680464029312134,-0.006855818908661604,0.4984510838985443,0.751669704914093,5,6185,68,0,0,0.001943346462212503,0,0,1.0,0.0,0,22,0,1,1023,0,0,0,0,0,0,0,0,1023,0,0,22,0,0,0,0,45,0,0,0,255,255,0.0,0.0,0.0,0.0,0.0,0.0,0.0,0.0,0.0,0.0,straight_run,3.594721555709839,0.12785901129245758,-0.003066195175051689,0.32318827509880066,-0.0077389199286699295,1.1234092712402344,0.5145341753959656
0.5432664756446991,0.0,0.0,0.5,289,1785358610.057745,0.39692679047584534,-0.006789344362914562,0.4984544813632965,0.9126311540603638,5,6716,109,0,0,0.001943346462212503,0,0,1.0,0.0,0,22,0,1,1023,0,0,0,0,0,0,0,0,1023,0,0,22,0,0,0,0,45,0,0,0,255,255,0.0,0.0,0.0,0.0,0.0,0.0,0.0,0.0,0.0,0.0,straight_run,3.594721555709839,0.13302068412303925,-0.0034613623283803463,0.33225733041763306,-0.008504316210746765,0.9077075719833374,0.5150253772735596
0.5467048710601718,0.0,0.0,0.5,289,1785358610.078607,0.39692679047584534,-0.006789344362914562,0.4984544813632965,0.9126311540603638,5,6716,109,0,0,0.001943346462212503,0,0,1.0,0.0,0,22,0,1,1023,0,0,0,0,0,0,0,0,1023,0,0,22,0,0,0,0,45,0,0,0,255,255,0.0,0.0,0.0,0.0,0.0,0.0,0.0,0.0,0.0,0.0,straight_run,3.594721555709839,0.13302068412303925,-0.0034613623283803463,0.33225733041763306,-0.008504316210746765,0.9077075719833374,0.5150253772735596
0.5501432664756447,0.0,0.0,0.5,289,1785358610.101939,0.4042317569255829,-0.006298934109508991,0.49845585227012634,1.700868010520935,5,6478,32,0,0,0.0020296284928917885,0,0,1.0,0.0,0,23,0,1,1023,0,0,16,0,0,512,0,0,1023,0,0,22,0,0,0,0,45,0,0,0,255,255,0.0,0.0,0.0,0.0,0.0,0.0,0.0,0.0,0.0,0.0,straight_run,3.594721555709839,0.13237394392490387,0.0018061173614114523,0.3405032753944397,-0.006280670873820782,0.7259064316749573,0.5150166153907776
0.5535816618911175,0.0,0.0,0.5,289,1785358610.1234,0.4042317569255829,-0.006298934109508991,0.49845585227012634,1.700868010520935,5,6478,32,0,0,0.0020296284928917885,0,0,1.0,0.0,0,23,0,1,1023,0,0,16,0,0,512,0,0,1023,0,0,23,2,0,1,0,117,0,0,0,255,255,0.0,0.0,0.0,0.0,0.0,0.0,0.0,0.0,0.0,0.0,straight_run,3.594721555709839,0.13237394392490387,0.0018061173614114523,0.3405032753944397,-0.006280670873820782,0.7259064316749573,0.5150166153907776
0.5570200573065902,0.0,0.0,0.5,289,1785358610.1443021,0.40670159459114075,-0.00721788452938199,0.498460590839386,1.7925307750701904,5,6999,72,0,0,0.0020296284928917885,0,0,1.0,0.0,0,23,0,1,1023,0,0,16,0,0,512,0,0,1023,0,0,23,2,0,1,0,117,0,0,0,255,255,0.0,0.0,0.0,0.0,0.0,0.0,0.0,0.0,0.0,0.0,straight_run,3.594721555709839,0.12885083258152008,0.0009442156879231334,0.34414952993392944,-0.007738849148154259,0.7379863262176514,0.5153161883354187
0.5604584527220631,0.0,0.0,0.5,289,1785358610.1656609,0.40670159459114075,-0.00721788452938199,0.498460590839386,1.7925307750701904,5,6999,72,0,0,0.0020296284928917885,0,0,1.0,0.0,0,23,0,1,1023,0,0,16,0,0,512,0,0,1023,0,0,23,2,0,1,0,117,0,0,0,255,255,0.0,0.0,0.0,0.0,0.0,0.0,0.0,0.0,0.0,0.0,straight_run,3.594721555709839,0.12885083258152008,0.0009442156879231334,0.34414952993392944,-0.007738849148154259,0.7379863262176514,0.5153161883354187
0.5638968481375358,0.0,0.0,0.5,289,1785358610.190091,0.40670159459114075,-0.00721788452938199,0.498460590839386,1.7925307750701904,5,6999,72,0,0,0.0020296284928917885,0,0,1.0,0.0,0,23,0,1,1023,0,0,16,0,0,512,0,0,1023,0,0,23,2,0,1,0,117,0,0,0,255,255,0.0,0.0,0.0,0.0,0.0,0.0,0.0,0.0,0.0,0.0,straight_run,3.594721555709839,0.12885083258152008,0.0009442156879231334,0.34414952993392944,-0.007738849148154259,0.7379863262176514,0.5153161883354187
0.5673352435530086,0.0,0.0,0.5,289,1785358610.2126908,0.414192259311676,-0.004585263319313526,0.49848082661628723,2.8432929515838623,5,7390,133,0,0,0.0020296284928917885,0,0,1.0,0.0,0,23,0,1,1023,0,0,16,0,0,512,0,0,1023,0,0,24,2,0,1,0,117,0,0,0,255,255,0.0,0.0,0.0,0.0,0.0,0.0,0.0,0.0,0.0,0.0,straight_run,3.6000001430511475,0.12745401263237,0.00254041887819767,0.35219448804855347,-0.007969633676111698,0.9214411377906799,0.5175224542617798
0.5707736389684813,0.0,0.0,0.5,289,1785358610.236911,0.414192259311676,-0.004585263319313526,0.49848082661628723,2.8432929515838623,5,7390,133,0,0,0.0020296284928917885,0,0,1.0,0.0,0,23,0,1,1023,0,0,16,0,0,512,0,0,1023,0,0,24,2,0,1,0,117,0,0,0,255,255,0.0,0.0,0.0,0.0,0.0,0.0,0.0,0.0,0.0,0.0,straight_run,3.6000001430511475,0.12745401263237,0.00254041887819767,0.35219448804855347,-0.007969633676111698,0.9214411377906799,0.5175224542617798
0.5742120343839541,0.0,0.0,0.5,289,1785358610.26193,0.41804975271224976,-0.003618694609031081,0.4984622001647949,2.9132421016693115,5,6432,38,0,0,0.0020679316949099302,0,0,1.0,0.0,0,23,0,1,1023,0,0,16,0,0,512,0,0,1023,0,0,24,2,0,1,0,117,0,0,0,255,255,0.0,0.0,0.0,0.0,0.0,0.0,0.0,0.0,0.0,0.0,straight_run,3.6000001430511475,0.12542538344860077,0.004845024086534977,0.3565633296966553,-0.007035215385258198,1.1628706455230713,0.5167332291603088
0.5776504297994269,0.0,0.0,0.5,289,1785358610.2869198,0.41804975271224976,-0.003618694609031081,0.4984622001647949,2.9132421016693115,5,6432,38,0,0,0.0020679316949099302,0,0,1.0,0.0,0,23,0,1,1023,0,0,16,0,0,512,0,0,1023,0,0,24,2,0,1,0,117,0,0,0,255,255,0.0,0.0,0.0,0.0,0.0,0.0,0.0,0.0,0.0,0.0,straight_run,3.6000001430511475,0.12542538344860077,0.004845024086534977,0.3565633296966553,-0.007035215385258198,1.1628706455230713,0.5167332291603088
0.5810888252148997,0.0,0.0,0.5,289,1785358610.3109171,0.4261247515678406,-0.002168155973777175,0.4984508454799652,3.6973557472229004,5,6417,98,0,0,0.0020679316949099302,0,0,1.0,0.0,0,24,0,1,1023,0,0,0,0,0,0,0,0,1023,0,0,24,0,0,0,0,2,0,0,0,255,255,0.0,0.0,0.0,0.0,0.0,0.0,0.0,0.0,0.0,0.0,straight_run,3.594721555709839,0.12240172177553177,0.006719016004353762,0.3630974590778351,-0.006254530977457762,1.481889009475708,0.5170068144798279
0.5845272206303725,0.0,0.0,0.5,289,1785358610.331696,0.4261247515678406,-0.002168155973777175,0.4984508454799652,3.6973557472229004,5,6417,98,0,0,0.0020679316949099302,0,0,1.0,0.0,0,24,0,1,1023,0,0,0,0,0,0,0,0,1023,0,0,24,0,0,0,0,2,0,0,0,255,255,0.0,0.0,0.0,0.0,0.0,0.0,0.0,0.0,0.0,0.0,straight_run,3.594721555709839,0.12240172177553177,0.006719016004353762,0.3630974590778351,-0.006254530977457762,1.481889009475708,0.5170068144798279
0.5879656160458453,0.0,0.0,0.5,289,1785358610.356776,0.43452659249305725,-0.0018415324157103896,0.498462438583374,3.7825706005096436,5,7131,138,0,0,0.0020679316949099302,0,0,1.0,0.0,0,24,0,1,1023,0,0,0,0,0,0,0,0,1023,0,0,24,0,0,0,0,2,0,0,0,255,255,0.0,0.0,0.0,0.0,0.0,0.0,0.0,0.0,0.0,0.0,straight_run,3.594721555709839,0.12445057928562164,0.007186087779700756,0.3699727952480316,-0.006422784179449081,1.782591462135315,0.5183472633361816
0.591404011461318,0.0,0.0,0.5,289,1785358610.3778439,0.43452659249305725,-0.0018415324157103896,0.498462438583374,3.7825706005096436,5,7131,138,0,0,0.0020679316949099302,0,0,1.0,0.0,0,24,0,1,1023,0,0,0,0,0,0,0,0,1023,0,0,24,0,0,0,0,2,0,0,0,255,255,0.0,0.0,0.0,0.0,0.0,0.0,0.0,0.0,0.0,0.0,straight_run,3.594721555709839,0.12445057928562164,0.007186087779700756,0.3699727952480316,-0.006422784179449081,1.782591462135315,0.5183472633361816
0.5948424068767908,0.0,0.0,0.5,289,1785358610.402692,0.4369754493236542,0.000843529065605253,0.4984572231769562,4.327204704284668,5,6639,44,0,0,0.0017622198211029172,0,0,1.0,0.0,0,25,0,1,1023,0,0,0,0,8,0,0,0,1023,0,0,25,1,0,1,0,125,0,0,0,255,255,0.0,0.0,0.0,0.0,0.0,0.0,0.0,0.0,0.0,0.0,straight_run,3.594721555709839,0.11837128549814224,0.0118572898209095,0.3744954764842987,-0.0038561751134693623,2.1719319820404053,0.5187907814979553
0.5982808022922635,0.0,0.0,0.5,289,1785358610.4256918,0.4369754493236542,0.000843529065605253,0.4984572231769562,4.327204704284668,5,6639,44,0,0,0.0017622198211029172,0,0,1.0,0.0,0,25,0,1,1023,0,0,0,0,8,0,0,0,1023,0,0,25,1,0,1,0,125,0,0,0,255,255,0.0,0.0,0.0,0.0,0.0,0.0,0.0,0.0,0.0,0.0,straight_run,3.594721555709839,0.11837128549814224,0.0118572898209095,0.3744954764842987,-0.0038561751134693623,2.1719319820404053,0.5187907814979553
0.6017191977077364,0.0,0.0,0.5,289,1785358610.450753,0.44104188680648804,-0.002072815550491214,0.49845659732818604,2.935859441757202,5,6801,84,0,0,0.0017622198211029172,0,0,1.0,0.0,0,25,0,1,1023,0,0,0,0,8,0,0,0,1023,0,0,25,1,0,1,0,125,0,0,0,255,255,0.0,0.0,0.0,0.0,0.0,0.0,0.0,0.0,0.0,0.0,straight_run,3.594721555709839,0.1170954704284668,0.012897170148789883,0.3790193200111389,-0.002938586752861738,2.4540133476257324,0.5200408697128296
0.6051575931232092,0.0,0.0,0.5,289,1785358610.474784,0.44104188680648804,-0.002072815550491214,0.49845659732818604,2.935859441757202,5,6801,84,0,0,0.0017622198211029172,0,0,1.0,0.0,0,25,0,1,1023,0,0,0,0,8,0,0,0,1023,0,0,25,1,0,1,0,125,0,0,0,255,255,0.0,0.0,0.0,0.0,0.0,0.0,0.0,0.0,0.0,0.0,straight_run,3.594721555709839,0.1170954704284668,0.012897170148789883,0.3790193200111389,-0.002938586752861738,2.4540133476257324,0.5200408697128296
0.6085959885386819,0.0,0.0,0.5,289,1785358610.498849,0.44104188680648804,-0.002072815550491214,0.49845659732818604,2.935859441757202,5,6801,144,0,0,0.0017622198211029172,0,0,1.0,0.0,0,25,0,1,1023,0,0,0,0,8,0,0,0,1023,0,0,25,1,0,1,0,125,0,0,0,255,255,0.0,0.0,0.0,0.0,0.0,0.0,0.0,0.0,0.0,0.0,straight_run,3.6000001430511475,0.11626576632261276,0.012140326201915741,0.38606157898902893,-0.0022794108372181654,2.695857048034668,0.5224382281303406
0.6120343839541547,0.0,0.0,0.5,289,1785358610.52339,0.44873422384262085,0.0014944503782317042,0.49846377968788147,3.492309331893921,5,6912,144,0,0,0.0017622198211029172,0,0,1.0,0.0,0,25,0,1,1023,0,0,0,0,8,0,0,0,1023,0,0,25,1,0,1,0,125,0,0,0,255,255,0.0,0.0,0.0,0.0,0.0,0.0,0.0,0.0,0.0,0.0,straight_run,3.6000001430511475,0.11626576632261276,0.012140326201915741,0.38606157898902893,-0.0022794108372181654,2.695857048034668,0.5224382281303406
0.6154727793696274,0.0,0.0,0.5,289,1785358610.548457,0.44873422384262085,0.0014944503782317042,0.49846377968788147,3.492309331893921,5,6912,144,0,0,0.0017622198211029172,0,0,1.0,0.0,0,25,0,1,1023,0,0,0,0,8,0,0,0,1023,0,0,25,1,0,1,0,125,0,0,0,255,255,0.0,0.0,0.0,0.0,0.0,0.0,0.0,0.0,0.0,0.0,straight_run,3.6000001430511475,0.11626576632261276,0.012140326201915741,0.38606157898902893,-0.0022794108372181654,2.695857048034668,0.5224382281303406
0.6189111747851003,0.0,0.0,0.5,289,1785358610.581177,0.44873422384262085,0.0014944503782317042,0.49846377968788147,3.492309331893921,5,6912,144,0,0,0.0017622198211029172,0,0,1.0,0.0,0,25,0,1,1023,0,0,0,0,8,0,0,0,1023,0,0,25,1,0,1,0,125,0,0,0,255,255,0.0,0.0,0.0,0.0,0.0,0.0,0.0,0.0,0.0,0.0,straight_run,3.6000001430511475,0.11949729919433594,0.016928959637880325,0.3941999077796936,0.001403831411153078,2.877230167388916,0.5247668623924255
0.622349570200573,0.0,0.0,0.5,289,1785358610.603596,0.4524238705635071,0.002312163356691599,0.4984617531299591,3.701280117034912,5,6958,27,0,0,0.0017236806452274323,0,0,1.0,0.0,0,25,0,1,1023,0,0,0,0,8,0,0,0,1023,0,0,25,1,0,1,0,125,0,0,0,255,255,0.0,0.0,0.0,0.0,0.0,0.0,0.0,0.0,0.0,0.0,straight_run,3.6000001430511475,0.11949729919433594,0.016928959637880325,0.3941999077796936,0.001403831411153078,2.877230167388916,0.5247668623924255
0.6257879656160458,0.0,0.0,0.5,289,1785358610.623698,0.4648997485637665,0.006808914244174957,0.4984329044818878,4.355092525482178,5,6652,87,0,0,0.0017236806452274323,0,0,1.0,0.0,0,25,0,1,1023,0,0,0,0,8,0,0,0,1023,0,0,25,1,0,1,0,125,0,0,0,255,255,0.0,0.0,0.0,0.0,0.0,0.0,0.0,0.0,0.0,0.0,straight_run,3.6000001430511475,0.12041201442480087,0.016207223758101463,0.40107041597366333,0.0017333875875920057,3.0967769622802734,0.5254330039024353
0.6292263610315185,0.0,0.0,0.5,289,1785358610.646692,0.4648997485637665,0.006808914244174957,0.4984329044818878,4.355092525482178,5,6652,127,0,0,0.0017236806452274323,0,0,1.0,0.0,0,26,0,1,1023,0,0,0,0,0,4,0,0,1023,0,0,26,1,0,1,0,99,0,0,0,255,255,0.0,0.0,0.0,0.0,0.0,0.0,0.0,0.0,0.0,0.0,straight_run,3.6000001430511475,0.1229902133345604,0.014059528708457947,0.4093512296676636,0.001484091393649578,3.3360252380371094,0.5267050862312317
0.6326647564469913,0.0,0.0,0.5,289,1785358610.6717598,0.472549170255661,0.0057757021859288216,0.498416930437088,3.414095163345337,5,6621,127,0,0,0.0017236806452274323,0,0,1.0,0.0,0,26,0,1,1023,0,0,0,0,0,4,0,0,1023,0,0,26,1,0,1,0,99,0,0,0,255,255,0.0,0.0,0.0,0.0,0.0,0.0,0.0,0.0,0.0,0.0,straight_run,3.6000001430511475,0.1229902133345604,0.014059528708457947,0.4093512296676636,0.001484091393649578,3.3360252380371094,0.5267050862312317
0.6361031518624642,0.0,0.0,0.5,289,1785358610.6957052,0.472549170255661,0.0057757021859288216,0.498416930437088,3.414095163345337,5,6621,127,0,0,0.0017236806452274323,0,0,1.0,0.0,0,26,0,1,1023,0,0,0,0,0,4,0,0,1023,0,0,26,1,0,1,0,99,0,0,0,255,255,0.0,0.0,0.0,0.0,0.0,0.0,0.0,0.0,0.0,0.0,straight_run,3.6000001430511475,0.1229902133345604,0.014059528708457947,0.4093512296676636,0.001484091393649578,3.3360252380371094,0.5267050862312317
0.639541547277937,0.0,0.0,0.5,289,1785358610.719253,0.4825828969478607,0.008554758504033089,0.4983804225921631,3.4075324535369873,5,7951,26,0,0,0.001816110103391111,0,0,1.0,0.0,0,27,0,1,1023,0,0,32,0,0,0,0,0,1023,0,0,27,1,0,1,0,99,0,0,0,255,255,0.0,0.0,0.0,0.0,0.0,0.0,0.0,0.0,0.0,0.0,straight_run,3.594721555709839,0.12773656845092773,0.016494324430823326,0.41889241337776184,0.004321626387536526,3.4269559383392334,0.5263145565986633
0.6429799426934097,0.0,0.0,0.5,289,1785358610.74284,0.48527225852012634,0.010186336934566498,0.49837177991867065,3.005519151687622,5,6954,66,0,0,0.001816110103391111,0,0,1.0,0.0,0,27,0,1,1023,0,0,32,0,0,0,0,0,1023,0,0,27,1,0,1,0,99,0,0,0,255,255,0.0,0.0,0.0,0.0,0.0,0.0,0.0,0.0,0.0,0.0,straight_run,3.594721555709839,0.1220155879855156,0.0177700724452734,0.42019882798194885,0.006474148947745562,3.4802017211914062,0.5257713794708252
0.6464183381088825,0.0,0.0,0.5,289,1785358610.7657,0.48527225852012634,0.010186336934566498,0.49837177991867065,3.005519151687622,5,6954,66,0,0,0.001816110103391111,0,0,1.0,0.0,0,27,0,1,1023,0,0,32,0,0,0,0,0,1023,0,0,27,1,0,1,0,99,0,0,0,255,255,0.0,0.0,0.0,0.0,0.0,0.0,0.0,0.0,0.0,0.0,straight_run,3.594721555709839,0.1220155879855156,0.0177700724452734,0.42019882798194885,0.006474148947745562,3.4802017211914062,0.5257713794708252
0.6498567335243554,0.0,0.0,0.5,289,1785358610.7867231,0.48527225852012634,0.010186336934566498,0.49837177991867065,3.005519151687622,5,6954,66,0,0,0.001816110103391111,0,0,1.0,0.0,0,27,0,1,1023,0,0,32,0,0,0,0,0,1023,0,0,27,1,0,1,0,99,0,0,0,255,255,0.0,0.0,0.0,0.0,0.0,0.0,0.0,0.0,0.0,0.0,straight_run,3.594721555709839,0.1220155879855156,0.0177700724452734,0.42019882798194885,0.006474148947745562,3.4802017211914062,0.5257713794708252
0.6532951289398281,0.0,0.0,0.5,289,1785358610.811697,0.4932982325553894,0.009057139046490192,0.49836698174476624,1.4944568872451782,5,7161,126,0,0,0.001816110103391111,0,0,1.0,0.0,0,27,0,1,1023,0,0,32,0,0,0,0,0,1023,0,0,27,1,0,1,0,99,0,0,0,255,255,0.0,0.0,0.0,0.0,0.0,0.0,0.0,0.0,0.0,0.0,straight_run,3.594721555709839,0.13078878819942474,0.015408092178404331,0.4324846863746643,0.007595664821565151,3.4206748008728027,0.5264954566955566
0.6567335243553009,0.0,0.0,0.5,289,1785358610.8364959,0.4932982325553894,0.009057139046490192,0.49836698174476624,1.4944568872451782,5,7161,126,0,0,0.001816110103391111,0,0,1.0,0.0,0,27,0,1,1023,0,0,32,0,0,0,0,0,1023,0,0,27,1,0,1,0,99,0,0,0,255,255,0.0,0.0,0.0,0.0,0.0,0.0,0.0,0.0,0.0,0.0,straight_run,3.594721555709839,0.13078878819942474,0.015408092178404331,0.4324846863746643,0.007595664821565151,3.4206748008728027,0.5264954566955566
0.6601719197707736,0.0,0.0,0.5,289,1785358610.861393,0.5085973739624023,0.00873539224267006,0.4983676075935364,0.6202471256256104,5,8234,8,0,0,0.0019801382441073656,0,0,1.0,0.0,0,27,0,1,1023,0,0,32,0,0,0,0,0,1023,0,0,27,1,0,1,0,99,0,0,0,255,255,0.0,0.0,0.0,0.0,0.0,0.0,0.0,0.0,0.0,0.0,straight_run,3.594721555709839,0.13915099203586578,0.01580129936337471,0.44212621450424194,0.00973013136535883,3.2714483737945557,0.5254237055778503
0.6636103151862464,0.0,0.0,0.5,289,1785358610.886498,0.5085973739624023,0.00873539224267006,0.4983676075935364,0.6202471256256104,5,8234,8,0,0,0.0019801382441073656,0,0,1.0,0.0,0,27,0,1,1023,0,0,32,0,0,0,0,0,1023,0,0,27,1,0,1,0,99,0,0,0,255,255,0.0,0.0,0.0,0.0,0.0,0.0,0.0,0.0,0.0,0.0,straight_run,3.594721555709839,0.13915099203586578,0.01580129936337471,0.44212621450424194,0.00973013136535883,3.2714483737945557,0.5254237055778503
0.6670487106017192,0.0,0.0,0.5,289,1785358610.906686,0.5192198157310486,0.011457490734755993,0.49836039543151855,0.03433699160814285,5,6858,68,0,0,0.0019801382441073656,0,0,1.0,0.0,0,28,0,1,1023,0,0,0,0,72,0,0,0,1023,0,0,28,2,0,1,0,100,0,0,0,255,255,0.0,0.0,0.0,0.0,0.0,0.0,0.0,0.0,0.0,0.0,straight_run,3.5894429683685303,0.13877935707569122,0.013278975151479244,0.4490721821784973,0.01124662160873413,2.8993003368377686,0.5257147550582886
0.670487106017192,0.0,0.0,0.5,289,1785358610.930652,0.5192198157310486,0.011457490734755993,0.49836039543151855,0.03433699160814285,5,6858,68,0,0,0.0019801382441073656,0,0,1.0,0.0,0,28,0,1,1023,0,0,0,0,72,0,0,0,1023,0,0,28,2,0,1,0,100,0,0,0,255,255,0.0,0.0,0.0,0.0,0.0,0.0,0.0,0.0,0.0,0.0,straight_run,3.5894429683685303,0.13877935707569122,0.013278975151479244,0.4490721821784973,0.01124662160873413,2.8993003368377686,0.5257147550582886
0.6739255014326647,0.0,0.0,0.5,289,1785358610.951692,0.5224993824958801,0.00613426323980093,0.4983566701412201,-2.1602141857147217,5,6185,108,0,0,0.0019801382441073656,0,0,1.0,0.0,0,28,0,1,1023,0,0,0,0,72,0,0,0,1023,0,0,28,2,0,1,0,100,0,0,0,255,255,0.0,0.0,0.0,0.0,0.0,0.0,0.0,0.0,0.0,0.0,straight_run,3.5894429683685303,0.14016486704349518,0.006015223450958729,0.45474427938461304,0.008995593525469303,2.5673186779022217,0.5252097249031067
0.6773638968481375,0.0,0.0,0.5,289,1785358610.971918,0.5224993824958801,0.00613426323980093,0.4983566701412201,-2.1602141857147217,5,6185,108,0,0,0.0019801382441073656,0,0,1.0,0.0,0,28,0,1,1023,0,0,0,0,72,0,0,0,1023,0,0,28,2,0,1,0,100,0,0,0,255,255,0.0,0.0,0.0,0.0,0.0,0.0,0.0,0.0,0.0,0.0,straight_run,3.5894429683685303,0.14016486704349518,0.006015223450958729,0.45474427938461304,0.008995593525469303,2.5673186779022217,0.5252097249031067
0.6808022922636102,0.0,0.0,0.5,289,1785358610.995701,0.5224993824958801,0.00613426323980093,0.4983566701412201,-2.1602141857147217,5,6185,108,0,0,0.0019801382441073656,0,0,1.0,0.0,0,28,0,1,1023,0,0,0,0,72,0,0,0,1023,0,0,28,2,0,1,0,100,0,0,0,255,255,0.0,0.0,0.0,0.0,0.0,0.0,0.0,0.0,0.0,0.0,straight_run,3.5894429683685303,0.14016486704349518,0.006015223450958729,0.45474427938461304,0.008995593525469303,2.5673186779022217,0.5252097249031067
0.6842406876790831,0.0,0.0,0.5,289,1785358611.018684,0.5360294580459595,0.0041082464158535,0.4983614683151245,-3.166987895965576,5,7289,11,0,0,0.002176079200580716,0,0,1.0,0.0,0,29,0,1,1023,0,0,0,0,0,0,0,0,1023,0,0,29,0,0,0,0,21,0,0,0,255,255,0.0,0.0,0.0,0.0,0.0,0.0,0.0,0.0,0.0,0.0,straight_run,3.5894429683685303,0.14302214980125427,-0.0028101427014917135,0.4638110101222992,0.006645441520959139,1.7533063888549805,0.5243530869483948
0.6876790830945558,0.0,0.0,0.5,289,1785358611.042825,0.5360294580459595,0.0041082464158535,0.4983614683151245,-3.166987895965576,5,7289,11,0,0,0.002176079200580716,0,0,1.0,0.0,0,29,0,1,1023,0,0,0,0,0,0,0,0,1023,0,0,29,0,0,0,0,21,0,0,0,255,255,0.0,0.0,0.0,0.0,0.0,0.0,0.0,0.0,0.0,0.0,straight_run,3.5894429683685303,0.13819076120853424,-0.0024660194758325815,0.46563178300857544,0.008419091813266277,1.095397710800171,0.5244258046150208
0.6911174785100286,0.0,0.0,0.5,289,1785358611.065683,0.5375498533248901,0.005909955594688654,0.49836963415145874,-2.847996711730957,5,6927,51,0,0,0.002176079200580716,0,0,1.0,0.0,0,29,0,1,1023,0,0,0,0,0,0,0,0,1023,0,0,29,0,0,0,0,21,0,0,0,255,255,0.0,0.0,0.0,0.0,0.0,0.0,0.0,0.0,0.0,0.0,straight_run,3.5894429683685303,0.13819076120853424,-0.0024660194758325815,0.46563178300857544,0.008419091813266277,1.095397710800171,0.5244258046150208
0.6945558739255013,0.0,0.0,0.5,289,1785358611.086821,0.5375498533248901,0.005909955594688654,0.49836963415145874,-2.847996711730957,5,6927,51,0,0,0.002176079200580716,0,0,1.0,0.0,0,29,0,1,1023,0,0,0,0,0,0,0,0,1023,0,0,29,0,0,0,0,21,0,0,0,255,255,0.0,0.0,0.0,0.0,0.0,0.0,0.0,0.0,0.0,0.0,straight_run,3.5894429683685303,0.13819076120853424,-0.0024660194758325815,0.46563178300857544,0.008419091813266277,1.095397710800171,0.5244258046150208
0.6979942693409741,0.0,0.0,0.5,289,1785358611.10942,0.5433222651481628,0.0034522104542702436,0.4983855187892914,-3.9997594356536865,5,7064,111,0,0,0.002176079200580716,0,0,1.0,0.0,0,29,0,1,1023,0,0,0,0,0,0,0,0,1023,0,0,29,0,0,0,0,21,0,0,0,255,255,0.0,0.0,0.0,0.0,0.0,0.0,0.0,0.0,0.0,0.0,straight_run,3.594721555709839,0.13776469230651855,-0.005308842286467552,0.4729864299297333,0.008413051255047321,0.1297300159931183,0.5254471898078918
0.701432664756447,0.0,0.0,0.5,289,1785358611.129695,0.5433222651481628,0.0034522104542702436,0.4983855187892914,-3.9997594356536865,5,7064,111,0,0,0.002176079200580716,0,0,1.0,0.0,0,29,0,1,1023,0,0,0,0,0,0,0,0,1023,0,0,29,0,0,0,0,21,0,0,0,255,255,0.0,0.0,0.0,0.0,0.0,0.0,0.0,0.0,0.0,0.0,straight_run,3.594721555709839,0.13776469230651855,-0.005308842286467552,0.4729864299297333,0.008413051255047321,0.1297300159931183,0.5254471898078918
0.7048710601719198,0.0,0.0,0.5,289,1785358611.153719,0.5500292778015137,0.0013489098055288196,0.498393177986145,-4.498612403869629,5,7602,151,0,0,0.002176079200580716,0,0,1.0,0.0,0,29,0,1,1023,0,0,0,0,0,0,0,0,1023,0,0,29,0,0,0,0,21,0,0,0,255,255,0.0,0.0,0.0,0.0,0.0,0.0,0.0,0.0,0.0,0.0,straight_run,3.594721555709839,0.14435535669326782,-0.009023340418934822,0.48218101263046265,0.007111503276973963,-0.5146505832672119,0.5242656469345093
0.7083094555873926,0.0,0.0,0.5,289,1785358611.177602,0.5500292778015137,0.0013489098055288196,0.498393177986145,-4.498612403869629,5,7602,151,0,0,0.002176079200580716,0,0,1.0,0.0,0,29,0,1,1023,0,0,0,0,0,0,0,0,1023,0,0,29,0,0,0,0,21,0,0,0,255,255,0.0,0.0,0.0,0.0,0.0,0.0,0.0,0.0,0.0,0.0,straight_run,3.594721555709839,0.14435535669326782,-0.009023340418934822,0.48218101263046265,0.007111503276973963,-0.5146505832672119,0.5242656469345093
0.7117478510028653,0.0,0.0,0.5,289,1785358611.203028,0.566683292388916,6.383281288435683e-05,0.49836644530296326,-4.971075057983398,5,6950,52,0,0,0.0022215426433831453,0,0,1.0,0.0,0,30,0,1,1023,0,0,0,0,256,0,0,0,1023,0,0,30,1,0,1,0,125,0,0,0,255,255,0.0,0.0,0.0,0.0,0.0,0.0,0.0,0.0,0.0,0.0,straight_run,3.5894429683685303,0.14907193183898926,-0.011622016318142414,0.4932432472705841,0.006598454434424639,-1.5279943943023682,0.5228200554847717
0.7151862464183382,0.0,0.0,0.5,289,1785358611.228071,0.566683292388916,6.383281288435683e-05,0.49836644530296326,-4.971075057983398,5,6950,52,0,0,0.0022215426433831453,0,0,1.0,0.0,0,30,0,1,1023,0,0,0,0,256,0,0,0,1023,0,0,30,1,0,1,0,125,0,0,0,255,255,0.0,0.0,0.0,0.0,0.0,0.0,0.0,0.0,0.0,0.0,straight_run,3.5894429683685303,0.14907193183898926,-0.011622016318142414,0.4932432472705841,0.006598454434424639,-1.5279943943023682,0.5228200554847717
0.7186246418338109,0.0,0.0,0.5,289,1785358611.2486641,0.5676508545875549,-0.00038607040187343955,0.4983820915222168,-5.44917106628418,5,7229,92,0,0,0.0022215426433831453,0,0,1.0,0.0,0,30,0,1,1023,0,0,0,0,256,0,0,0,1023,0,0,30,1,0,1,0,125,0,0,0,255,255,0.0,0.0,0.0,0.0,0.0,0.0,0.0,0.0,0.0,0.0,straight_run,3.5894429683685303,0.15117332339286804,-0.013064369559288025,0.5003347396850586,0.006318099331110716,-2.187152624130249,0.523522138595581
0.7220630372492837,0.0,0.0,0.5,289,1785358611.271227,0.5676508545875549,-0.00038607040187343955,0.4983820915222168,-5.44917106628418,5,7229,92,0,0,0.0022215426433831453,0,0,1.0,0.0,0,30,0,1,1023,0,0,0,0,256,0,0,0,1023,0,0,30,1,0,1,0,125,0,0,0,255,255,0.0,0.0,0.0,0.0,0.0,0.0,0.0,0.0,0.0,0.0,straight_run,3.5894429683685303,0.15117332339286804,-0.013064369559288025,0.5003347396850586,0.006318099331110716,-2.187152624130249,0.523522138595581
0.7255014326647564,0.0,0.0,0.5,289,1785358611.291695,0.5676508545875549,-0.00038607040187343955,0.4983820915222168,-5.44917106628418,5,7229,92,0,0,0.0022215426433831453,0,0,1.0,0.0,0,30,0,1,1023,0,0,0,0,256,0,0,0,1023,0,0,30,1,0,1,0,125,0,0,0,255,255,0.0,0.0,0.0,0.0,0.0,0.0,0.0,0.0,0.0,0.0,straight_run,3.5894429683685303,0.15117332339286804,-0.013064369559288025,0.5003347396850586,0.006318099331110716,-2.187152624130249,0.523522138595581
0.7289398280802292,0.0,0.0,0.5,289,1785358611.3127968,0.5838459730148315,-0.0006841555587016046,0.49840039014816284,-5.211368083953857,5,8505,152,0,0,0.0022215426433831453,0,0,1.0,0.0,0,30,0,1,1023,0,0,0,0,256,0,0,0,1023,0,0,31,1,0,1,0,125,0,0,0,255,255,0.0,0.0,0.0,0.0,0.0,0.0,0.0,0.0,0.0,0.0,straight_run,3.5894429683685303,0.1543155461549759,-0.01712721586227417,0.5111472010612488,0.004629037342965603,-3.1518118381500244,0.5234279632568359
0.732378223495702,0.0,0.0,0.5,289,1785358611.3369558,0.5838459730148315,-0.0006841555587016046,0.49840039014816284,-5.211368083953857,5,8505,152,0,0,0.0022215426433831453,0,0,1.0,0.0,0,30,0,1,1023,0,0,0,0,256,0,0,0,1023,0,0,31,1,0,1,0,125,0,0,0,255,255,0.0,0.0,0.0,0.0,0.0,0.0,0.0,0.0,0.0,0.0,straight_run,3.5894429683685303,0.1543155461549759,-0.01712721586227417,0.5111472010612488,0.004629037342965603,-3.1518118381500244,0.5234279632568359
0.7358166189111748,0.0,0.0,0.5,289,1785358611.3597,0.5922976136207581,-0.0050260042771697044,0.49841317534446716,-6.009983062744141,5,7701,32,0,0,0.002321855863556266,0,0,1.0,0.0,0,30,0,1,1023,0,0,0,0,256,0,0,0,1023,0,0,31,1,0,1,0,125,0,0,0,255,255,0.0,0.0,0.0,0.0,0.0,0.0,0.0,0.0,0.0,0.0,straight_run,3.5894429683685303,0.15790607035160065,-0.022421129047870636,0.5193919539451599,0.0014447149587795138,-3.714104175567627,0.5239222645759583
0.7392550143266475,0.0,0.0,0.5,289,1785358611.3847601,0.5922976136207581,-0.0050260042771697044,0.49841317534446716,-6.009983062744141,5,7701,32,0,0,0.002321855863556266,0,0,1.0,0.0,0,30,0,1,1023,0,0,0,0,256,0,0,0,1023,0,0,31,1,0,1,0,125,0,0,0,255,255,0.0,0.0,0.0,0.0,0.0,0.0,0.0,0.0,0.0,0.0,straight_run,3.5894429683685303,0.15790607035160065,-0.022421129047870636,0.5193919539451599,0.0014447149587795138,-3.714104175567627,0.5239222645759583
0.7426934097421203,0.0,0.0,0.5,289,1785358611.409088,0.5922976136207581,-0.0050260042771697044,0.49841317534446716,-6.009983062744141,5,7701,92,0,0,0.002321855863556266,0,0,1.0,0.0,0,30,0,1,1023,0,0,0,0,256,0,0,0,1023,0,0,31,1,0,1,0,125,0,0,0,255,255,0.0,0.0,0.0,0.0,0.0,0.0,0.0,0.0,0.0,0.0,straight_run,3.594721555709839,0.16202373802661896,-0.024893436580896378,0.531794548034668,-0.0008870614692568779,-4.62712287902832,0.5251164436340332
0.746131805157593,0.0,0.0,0.5,289,1785358611.432694,0.6052807569503784,-0.007939648814499378,0.4984254837036133,-5.552669048309326,5,6234,92,0,0,0.002321855863556266,0,0,1.0,0.0,0,31,0,1,1023,0,0,0,0,0,0,0,0,1023,0,0,31,0,0,0,0,3,0,0,0,255,255,0.0,0.0,0.0,0.0,0.0,0.0,0.0,0.0,0.0,0.0,straight_run,3.594721555709839,0.16202373802661896,-0.024893436580896378,0.531794548034668,-0.0008870614692568779,-4.62712287902832,0.5251164436340332
0.7495702005730659,0.0,0.0,0.5,289,1785358611.453687,0.6052807569503784,-0.007939648814499378,0.4984254837036133,-5.552669048309326,5,6234,92,0,0,0.002321855863556266,0,0,1.0,0.0,0,31,0,1,1023,0,0,0,0,0,0,0,0,1023,0,0,31,0,0,0,0,3,0,0,0,255,255,0.0,0.0,0.0,0.0,0.0,0.0,0.0,0.0,0.0,0.0,straight_run,3.594721555709839,0.16202373802661896,-0.024893436580896378,0.531794548034668,-0.0008870614692568779,-4.62712287902832,0.5251164436340332
0.7530085959885386,0.0,0.0,0.5,289,1785358611.4775949,0.6050277948379517,-0.00789881031960249,0.4984356760978699,-4.65776252746582,5,8033,132,0,0,0.002321855863556266,0,0,1.0,0.0,0,31,0,1,1023,0,0,0,0,0,0,0,0,1023,0,0,31,0,0,0,0,3,0,0,0,255,255,0.0,0.0,0.0,0.0,0.0,0.0,0.0,0.0,0.0,0.0,straight_run,3.594721555709839,0.15581411123275757,-0.025147534906864166,0.5351867079734802,-0.002549642464146018,-5.125888347625732,0.5267102718353271
0.7564469914040114,0.0,0.0,0.5,289,1785358611.49969,0.6161265969276428,-0.007188043557107449,0.49842095375061035,-3.218095541000366,5,7132,57,0,0,0.0025690211914479733,0,0,1.0,0.0,0,32,0,1,1023,0,0,0,0,512,0,0,0,1023,0,0,31,0,0,0,0,3,0,0,0,255,255,0.0,0.0,0.0,0.0,0.0,0.0,0.0,0.0,0.0,0.0,straight_run,3.594721555709839,0.1535131186246872,-0.020960066467523575,0.5450831651687622,-0.003254279959946871,-5.672040939331055,0.5280832052230835
0.7598853868194841,0.0,0.0,0.5,289,1785358611.523415,0.6161265969276428,-0.007188043557107449,0.49842095375061035,-3.218095541000366,5,7132,57,0,0,0.0025690211914479733,0,0,1.0,0.0,0,32,0,1,1023,0,0,0,0,512,0,0,0,1023,0,0,32,1,0,1,0,109,0,0,0,255,255,0.0,0.0,0.0,0.0,0.0,0.0,0.0,0.0,0.0,0.0,straight_run,3.594721555709839,0.1535131186246872,-0.020960066467523575,0.5450831651687622,-0.003254279959946871,-5.672040939331055,0.5280832052230835
0.7633237822349569,0.0,0.0,0.5,289,1785358611.5442681,0.6161265969276428,-0.007188043557107449,0.49842095375061035,-3.218095541000366,5,7132,97,0,0,0.0025690211914479733,0,0,1.0,0.0,0,32,0,1,1023,0,0,0,0,512,0,0,0,1023,0,0,32,1,0,1,0,109,0,0,0,255,255,0.0,0.0,0.0,0.0,0.0,0.0,0.0,0.0,0.0,0.0,straight_run,3.594721555709839,0.15514113008975983,-0.021379249170422554,0.5532512664794922,-0.005640385206788778,-5.875828742980957,0.5284416675567627
0.7667621776504299,0.0,0.0,0.5,289,1785358611.564646,0.6183704137802124,-0.009465322829782963,0.49840328097343445,-3.3596456050872803,5,8030,97,0,0,0.0025690211914479733,0,0,1.0,0.0,0,32,0,1,1023,0,0,0,0,512,0,0,0,1023,0,0,32,1,0,1,0,109,0,0,0,255,255,0.0,0.0,0.0,0.0,0.0,0.0,0.0,0.0,0.0,0.0,straight_run,3.594721555709839,0.15514113008975983,-0.021379249170422554,0.5532512664794922,-0.005640385206788778,-5.875828742980957,0.5284416675567627
0.7702005730659026,0.0,0.0,0.5,289,1785358611.5896902,0.6183704137802124,-0.009465322829782963,0.49840328097343445,-3.3596456050872803,5,8030,97,0,0,0.0025690211914479733,0,0,1.0,0.0,0,32,0,1,1023,0,0,0,0,512,0,0,0,1023,0,0,32,1,0,1,0,109,0,0,0,255,255,0.0,0.0,0.0,0.0,0.0,0.0,0.0,0.0,0.0,0.0,straight_run,3.594721555709839,0.15514113008975983,-0.021379249170422554,0.5532512664794922,-0.005640385206788778,-5.875828742980957,0.5284416675567627
0.7736389684813754,0.0,0.0,0.5,289,1785358611.610207,0.6280407905578613,-0.006213728804141283,0.4983806312084198,-1.5238263607025146,5,7304,59,0,0,0.002582365879788995,0,0,1.0,0.0,0,33,0,1,1023,0,0,0,0,0,0,0,0,1023,0,0,33,0,0,0,0,45,0,0,0,255,255,0.0,0.0,0.0,0.0,0.0,0.0,0.0,0.0,0.0,0.0,straight_run,3.5894429683685303,0.1492544561624527,-0.014953686855733395,0.5603429675102234,-0.0048204874619841576,-6.101077556610107,0.5294447541236877
0.7770773638968481,0.0,0.0,0.5,289,1785358611.634697,0.6280407905578613,-0.006213728804141283,0.4983806312084198,-1.5238263607025146,5,7304,59,0,0,0.002582365879788995,0,0,1.0,0.0,0,33,0,1,1023,0,0,0,0,0,0,0,0,1023,0,0,33,0,0,0,0,45,0,0,0,255,255,0.0,0.0,0.0,0.0,0.0,0.0,0.0,0.0,0.0,0.0,straight_run,3.5894429683685303,0.1492544561624527,-0.014953686855733395,0.5603429675102234,-0.0048204874619841576,-6.101077556610107,0.5294447541236877
0.780515759312321,0.0,0.0,0.5,289,1785358611.656754,0.637734591960907,-0.00811244361102581,0.498369038105011,-1.8306052684783936,5,8316,99,0,0,0.002582365879788995,0,0,1.0,0.0,0,33,0,1,1023,0,0,0,0,0,0,0,0,1023,0,0,33,0,0,0,0,45,0,0,0,255,255,0.0,0.0,0.0,0.0,0.0,0.0,0.0,0.0,0.0,0.0,straight_run,3.5894429683685303,0.14974579215049744,-0.014956803061068058,0.5676462650299072,-0.006620113272219896,-6.074886322021484,0.5290777087211609
0.7839541547277937,0.0,0.0,0.5,289,1785358611.678814,0.637734591960907,-0.00811244361102581,0.498369038105011,-1.8306052684783936,5,8316,99,0,0,0.002582365879788995,0,0,1.0,0.0,0,33,0,1,1023,0,0,0,0,0,0,0,0,1023,0,0,33,0,0,0,0,45,0,0,0,255,255,0.0,0.0,0.0,0.0,0.0,0.0,0.0,0.0,0.0,0.0,straight_run,3.5894429683685303,0.14974579215049744,-0.014956803061068058,0.5676462650299072,-0.006620113272219896,-6.074886322021484,0.5290777087211609
0.7873925501432665,0.0,0.0,0.5,289,1785358611.701694,0.6485240459442139,-0.011553647927939892,0.4983482360839844,-2.037222385406494,5,7078,59,0,0,0.0024782491382211447,0,0,1.0,0.0,0,34,0,1,1023,0,0,32,0,0,8,0,0,1023,0,0,34,2,0,1,0,100,0,0,0,255,255,0.0,0.0,0.0,0.0,0.0,0.0,0.0,0.0,0.0,0.0,straight_run,3.5841643810272217,0.14727959036827087,-0.013060863129794598,0.5741569399833679,-0.007197171449661255,-6.036424160003662,0.5277429223060608
0.7908309455587392,0.0,0.0,0.5,289,1785358611.724597,0.6485240459442139,-0.011553647927939892,0.4983482360839844,-2.037222385406494,5,7078,59,0,0,0.0024782491382211447,0,0,1.0,0.0,0,34,0,1,1023,0,0,32,0,0,8,0,0,1023,0,0,34,2,0,1,0,100,0,0,0,255,255,0.0,0.0,0.0,0.0,0.0,0.0,0.0,0.0,0.0,0.0,straight_run,3.5841643810272217,0.14727959036827087,-0.013060863129794598,0.5741569399833679,-0.007197171449661255,-6.036424160003662,0.5277429223060608
0.794269340974212,0.0,0.0,0.5,289,1785358611.744704,0.6485240459442139,-0.011553647927939892,0.4983482360839844,-2.037222385406494,5,7078,99,0,0,0.0024782491382211447,0,0,1.0,0.0,0,34,0,1,1023,0,0,32,0,0,8,0,0,1023,0,0,34,2,0,1,0,100,0,0,0,255,255,0.0,0.0,0.0,0.0,0.0,0.0,0.0,0.0,0.0,0.0,straight_run,3.5841643810272217,0.15407167375087738,-0.014585287310183048,0.5853724479675293,-0.009645596146583557,-6.012399196624756,0.5280648469924927
0.7977077363896848,0.0,0.0,0.5,289,1785358611.768873,0.6546165347099304,-0.009153328835964203,0.4983542561531067,-0.8546518087387085,5,7032,99,0,0,0.0024782491382211447,0,0,1.0,0.0,0,34,0,1,1023,0,0,32,0,0,8,0,0,1023,0,0,34,2,0,1,0,100,0,0,0,255,255,0.0,0.0,0.0,0.0,0.0,0.0,0.0,0.0,0.0,0.0,straight_run,3.5841643810272217,0.15407167375087738,-0.014585287310183048,0.5853724479675293,-0.009645596146583557,-6.012399196624756,0.5280648469924927
0.8011461318051576,0.0,0.0,0.5,289,1785358611.792693,0.6546165347099304,-0.009153328835964203,0.4983542561531067,-0.8546518087387085,5,7032,99,0,0,0.0024782491382211447,0,0,1.0,0.0,0,34,0,1,1023,0,0,32,0,0,8,0,0,1023,0,0,34,2,0,1,0,100,0,0,0,255,255,0.0,0.0,0.0,0.0,0.0,0.0,0.0,0.0,0.0,0.0,straight_run,3.5841643810272217,0.15407167375087738,-0.014585287310183048,0.5853724479675293,-0.009645596146583557,-6.012399196624756,0.5280648469924927
0.8045845272206303,0.0,0.0,0.5,289,1785358611.814723,0.7329413294792175,-0.0034943213686347008,0.501631498336792,2.836134433746338,5,11884,14,1,1,0.002458015689626336,1,0,1.0,0.0,24,34,-1,1,1023,0,0,32,0,0,8,0,0,1023,0,0,34,2,0,1,0,100,0,0,0,255,255,0.0,0.0,0.12682554125785828,-0.9919194579124451,0.003331793239340186,0.08734852820634842,60.14923095703125,52.14923095703125,0.0,0.0,straight_run,3.5894429683685303,0.1579589694738388,-0.013026640750467777,0.5958800911903381,-0.010861152783036232,-5.931154727935791,0.5274587273597717
0.8080229226361031,0.0,0.0,0.5,289,1785358611.8359191,0.7329413294792175,-0.0034943213686347008,0.501631498336792,2.836134433746338,5,11884,14,1,1,0.002458015689626336,1,0,1.0,0.0,24,35,-1,1,1023,32,0,0,0,0,0,0,16,1023,0,0,35,2,0,1,0,52,1,8,52,1,1,76.14923095703125,137.1746826171875,0.12682554125785828,-0.9919194579124451,0.003331793239340186,0.08734852820634842,60.14923095703125,52.14923095703125,0.010744571685791016,0.0,straight_run,3.5894429683685303,0.1579589694738388,-0.013026640750467777,0.5958800911903381,-0.010861152783036232,-5.931154727935791,0.5274587273597717
0.8114613180515758,0.0,0.0,0.5,289,1785358611.859212,0.7329413294792175,-0.0034943213686347008,0.501631498336792,2.836134433746338,5,11884,54,1,1,0.002458015689626336,1,40,1.0,0.0,24,35,-1,1,1023,32,0,0,0,0,0,0,16,1023,0,0,35,2,0,1,0,52,1,8,52,1,1,76.14923095703125,137.1746826171875,0.12682554125785828,-0.9919194579124451,0.003331793239340186,0.08734852820634842,60.14923095703125,52.14923095703125,0.010744571685791016,0.0,straight_run,3.5894429683685303,0.15978240966796875,-0.011700198985636234,0.6025419235229492,-0.011312736198306084,-5.691553592681885,0.527589738368988
0.8148997134670487,0.0,0.0,0.5,289,1785358611.879699,0.7389762997627258,0.0003515135613270104,0.5016525983810425,4.99592399597168,5,9378,54,1,1,0.002458015689626336,1,40,1.0,0.0,24,35,-1,1,1023,32,0,0,0,0,0,0,16,1023,0,0,35,2,0,1,0,52,1,8,52,1,1,76.14923095703125,137.1746826171875,0.12682554125785828,-0.9919194579124451,0.003331793239340186,0.08734852820634842,60.14923095703125,52.14923095703125,0.010744571685791016,0.0,straight_run,3.5894429683685303,0.15978240966796875,-0.011700198985636234,0.6025419235229492,-0.011312736198306084,-5.691553592681885,0.527589738368988
0.8183381088825215,0.0,0.0,0.5,289,1785358611.90181,0.7389762997627258,0.0003515135613270104,0.5016525983810425,4.99592399597168,5,9378,54,1,1,0.002458015689626336,1,40,1.0,0.0,24,35,-1,1,1023,32,0,0,0,0,0,0,16,1023,0,0,35,2,0,1,0,52,1,8,52,1,1,76.14923095703125,137.1746826171875,0.12682554125785828,-0.9919194579124451,0.003331793239340186,0.08734852820634842,60.14923095703125,52.14923095703125,0.008003674447536469,0.002229921519756317,straight_run,3.5894429683685303,0.15978240966796875,-0.011700198985636234,0.6025419235229492,-0.011312736198306084,-5.691553592681885,0.527589738368988
0.8217765042979942,0.0,0.0,0.5,289,1785358611.9435751,0.7389762997627258,0.0003515135613270104,0.5016525983810425,4.99592399597168,5,9378,54,1,1,0.002458015689626336,1,40,1.0,0.0,24,35,-1,1,1023,32,0,0,0,0,0,0,16,1023,0,0,35,2,0,1,0,52,1,8,52,1,1,76.14923095703125,137.1746826171875,0.12682554125785828,-0.9919194579124451,0.003331793239340186,0.08734852820634842,60.14923095703125,52.14923095703125,0.008003674447536469,0.002229921519756317,straight_run,3.5894429683685303,0.15978240966796875,-0.011700198985636234,0.6025419235229492,-0.011312736198306084,-5.691553592681885,0.527589738368988
0.825214899713467,0.0,0.0,0.5,289,1785358611.966707,0.7420908808708191,0.004658691119402647,0.5014801621437073,7.518664836883545,5,9042,114,1,1,0.002458015689626336,1,99,1.0,0.0,24,35,-1,1,1023,32,0,0,0,0,0,0,16,1023,0,0,35,2,0,1,0,52,1,8,52,1,1,76.14923095703125,137.1746826171875,0.12682554125785828,-0.9919194579124451,0.003331793239340186,0.08734852820634842,60.14923095703125,52.14923095703125,0.008003674447536469,0.002229921519756317,straight_run,3.5841643810272217,0.16081158816814423,-0.012033732607960701,0.608928382396698,-0.013922036625444889,-4.652343273162842,0.5281139016151428
0.8286532951289397,0.0,0.0,0.5,289,1785358611.991773,0.7427619695663452,0.008083206601440907,0.5012525320053101,9.604730606079102,5,10840,154,1,1,0.002458015689626336,1,139,1.0,0.0,24,35,-1,1,1023,32,0,0,0,0,0,0,16,1023,0,0,35,2,0,1,0,52,1,8,52,1,1,76.14923095703125,137.1746826171875,0.12682554125785828,-0.9919194579124451,0.003331793239340186,0.08734852820634842,60.14923095703125,52.14923095703125,0.008681558072566986,0.005954660475254059,straight_run,3.5841643810272217,0.16605108976364136,-0.010598212480545044,0.6126412749290466,-0.015084870159626007,-3.78399920463562,0.5293903350830078
0.8320916905444126,0.0,0.0,0.5,289,1785358612.0156648,0.7507282495498657,0.013295026496052742,0.5010815858840942,12.775150299072266,5,9077,58,1,1,0.002797735156491399,1,199,1.0,0.0,24,35,-1,1,1023,32,0,0,0,0,0,0,16,1023,0,0,35,2,0,1,0,52,1,8,52,1,1,76.14923095703125,137.1746826171875,0.12682554125785828,-0.9919194579124451,0.003331793239340186,0.08734852820634842,60.14923095703125,52.14923095703125,0.008681558072566986,0.005954660475254059,straight_run,3.5841643810272217,0.18702496588230133,-0.0055037192068994045,0.6242340207099915,-0.015607500448822975,-2.180908441543579,0.5304920077323914
0.8355300859598854,0.0,0.0,0.5,289,1785358612.040117,0.7507282495498657,0.013295026496052742,0.5010815858840942,12.775150299072266,5,9077,58,1,1,0.002797735156491399,1,199,1.0,0.0,24,36,-1,1,1023,0,0,0,0,0,192,0,0,1023,0,0,36,2,0,2,0,125,1,8,52,1,1,76.14923095703125,137.1746826171875,0.12682554125785828,-0.9919194579124451,0.003331793239340186,0.08734852820634842,60.14923095703125,52.14923095703125,0.01126658171415329,0.009102463722229004,straight_run,3.5841643810272217,0.20251686871051788,-0.005819389596581459,0.6331283450126648,-0.018471699208021164,-0.8909364938735962,0.532108724117279
0.8389684813753582,0.0,0.0,0.5,289,1785358612.061418,0.7581629753112793,0.017388584092259407,0.5008395910263062,16.095178604125977,5,9393,98,1,1,0.002797735156491399,1,239,1.0,0.0,24,36,-1,1,1023,0,0,0,0,0,192,0,0,1023,0,0,36,2,0,2,0,125,1,8,52,1,1,76.14923095703125,137.1746826171875,0.12682554125785828,-0.9919194579124451,0.003331793239340186,0.08734852820634842,60.14923095703125,52.14923095703125,0.015535831451416016,0.013337686657905579,straight_run,3.5841643810272217,0.20251686871051788,-0.005819389596581459,0.6331283450126648,-0.018471699208021164,-0.8909364938735962,0.532108724117279
0.8424068767908309,0.0,0.0,0.5,289,1785358612.086676,0.7581629753112793,0.017388584092259407,0.5008395910263062,16.095178604125977,5,9393,98,1,1,0.002797735156491399,1,239,1.0,0.0,24,36,-1,1,1023,0,0,0,0,0,192,0,0,1023,0,0,36,2,0,2,0,125,1,8,52,1,1,76.14923095703125,137.1746826171875,0.12682554125785828,-0.9919194579124451,0.003331793239340186,0.08734852820634842,60.14923095703125,52.14923095703125,0.015535831451416016,0.013337686657905579,straight_run,3.5841643810272217,0.20251686871051788,-0.005819389596581459,0.6331283450126648,-0.018471699208021164,-0.8909364938735962,0.532108724117279
0.8458452722063038,0.0,0.0,0.5,289,1785358612.111753,0.7673444747924805,0.023055866360664368,0.5007811188697815,19.90106201171875,5,11917,2,1,1,0.0030427544843405485,1,300,1.0,0.0,24,37,-1,1,1023,0,4,0,0,0,0,0,0,1023,0,0,37,1,0,1,0,52,1,8,52,1,1,76.14923095703125,137.1746826171875,0.12682554125785828,-0.9919194579124451,0.003331793239340186,0.08734852820634842,60.14923095703125,52.14923095703125,0.0189211443066597,0.017235703766345978,straight_run,3.578885793685913,0.2265724092721939,-0.0006540766335092485,0.6489941477775574,-0.01995658315718174,1.427479863166809,0.5326716303825378
0.8492836676217765,0.0,0.0,0.5,289,1785358612.1320581,0.7673444747924805,0.023055866360664368,0.5007811188697815,19.90106201171875,5,11917,2,1,1,0.0030427544843405485,1,300,1.0,0.0,24,37,-1,1,1023,0,4,0,0,0,0,0,0,1023,0,0,37,1,0,1,0,52,1,8,52,1,1,76.14923095703125,137.1746826171875,0.12682554125785828,-0.9919194579124451,0.003331793239340186,0.08734852820634842,60.14923095703125,52.14923095703125,0.0189211443066597,0.017235703766345978,straight_run,3.578885793685913,0.2265724092721939,-0.0006540766335092485,0.6489941477775574,-0.01995658315718174,1.427479863166809,0.5326716303825378
0.8527220630372493,0.0,0.0,0.5,289,1785358612.152673,0.7764630317687988,0.026273515075445175,0.5007646679878235,21.049243927001953,5,9734,42,1,1,0.0030427544843405485,1,339,1.0,0.0,24,37,-1,1,1023,0,4,0,0,0,0,0,0,1023,0,0,37,1,0,1,0,52,1,8,52,1,1,76.14923095703125,137.1746826171875,0.12682554125785828,-0.9919194579124451,0.003331793239340186,0.08734852820634842,60.14923095703125,52.14923095703125,0.018792249262332916,0.01778768002986908,straight_run,3.578885793685913,0.23103518784046173,0.00656478013843298,0.6553334593772888,-0.02008134499192238,3.1884946823120117,0.5328879952430725
0.856160458452722,0.0,0.0,0.5,289,1785358612.177578,0.7764630317687988,0.026273515075445175,0.5007646679878235,21.049243927001953,5,9734,42,1,1,0.0030427544843405485,1,339,1.0,0.0,24,37,-1,1,1023,0,4,0,0,0,0,0,0,1023,0,0,37,1,0,1,0,52,1,8,52,1,1,76.14923095703125,137.1746826171875,0.12682554125785828,-0.9919194579124451,0.003331793239340186,0.08734852820634842,60.14923095703125,52.14923095703125,0.018792249262332916,0.01778768002986908,straight_run,3.578885793685913,0.23103518784046173,0.00656478013843298,0.6553334593772888,-0.02008134499192238,3.1884946823120117,0.5328879952430725
0.8595988538681948,0.0,0.0,0.5,289,1785358612.19781,0.7764630317687988,0.026273515075445175,0.5007646679878235,21.049243927001953,5,9734,42,1,1,0.0030427544843405485,1,339,1.0,0.0,24,37,-1,1,1023,0,4,0,0,0,0,0,0,1023,0,0,37,1,0,1,0,52,1,8,52,1,1,76.14923095703125,137.1746826171875,0.12682554125785828,-0.9919194579124451,0.003331793239340186,0.08734852820634842,60.14923095703125,52.14923095703125,0.018792249262332916,0.01778768002986908,straight_run,3.578885793685913,0.23103518784046173,0.00656478013843298,0.6553334593772888,-0.02008134499192238,3.1884946823120117,0.5328879952430725
0.8630372492836677,0.0,0.0,0.5,289,1785358612.2217228,0.788651168346405,0.030861129984259605,0.5006630420684814,22.82601547241211,5,12097,3,1,1,0.003298297291621566,1,399,1.0,0.0,24,38,-1,1,1023,0,0,0,6,0,0,0,0,1023,0,0,38,2,0,2,0,125,1,8,52,1,1,76.14923095703125,137.1746826171875,0.12682554125785828,-0.9919194579124451,0.003331793239340186,0.08734852820634842,60.14923095703125,52.14923095703125,0.019587025046348572,0.019279874861240387,straight_run,3.5841643810272217,0.24062368273735046,0.020096199586987495,0.6707274913787842,-0.019726691767573357,5.920750141143799,0.5338804125785828
0.8664756446991404,0.0,0.0,0.5,289,1785358612.2466822,0.788651168346405,0.030861129984259605,0.5006630420684814,22.82601547241211,5,12097,43,1,1,0.003298297291621566,1,439,1.0,0.0,24,38,-1,1,1023,0,0,0,6,0,0,0,0,1023,0,0,38,2,0,2,0,125,1,8,52,1,1,76.14923095703125,137.1746826171875,0.12682554125785828,-0.9919194579124451,0.003331793239340186,0.08734852820634842,60.14923095703125,52.14923095703125,0.019587025046348572,0.019279874861240387,straight_run,3.5841643810272217,0.2391304075717926,0.022321006283164024,0.6781684756278992,-0.02354707196354866,7.786527156829834,0.5356958508491516
0.8699140401146132,0.0,0.0,0.5,289,1785358612.2706938,0.7945194244384766,0.03253469616174698,0.5005157589912415,24.47285270690918,5,10027,43,1,1,0.003298297291621566,1,439,1.0,0.0,24,38,-1,1,1023,0,0,0,6,0,0,0,0,1023,0,0,38,2,0,2,0,125,1,8,52,1,1,76.14923095703125,137.1746826171875,0.12682554125785828,-0.9919194579124451,0.003331793239340186,0.08734852820634842,60.14923095703125,52.14923095703125,0.02182167023420334,0.021728917956352234,straight_run,3.5841643810272217,0.2391304075717926,0.022321006283164024,0.6781684756278992,-0.02354707196354866,7.786527156829834,0.5356958508491516
0.8733524355300859,0.0,0.0,0.5,289,1785358612.294724,0.7945194244384766,0.03253469616174698,0.5005157589912415,24.47285270690918,5,10027,43,1,1,0.003298297291621566,1,439,1.0,0.0,24,38,-1,1,1023,0,0,0,6,0,0,0,0,1023,0,0,38,2,0,2,0,125,1,8,52,1,1,76.14923095703125,137.1746826171875,0.12682554125785828,-0.9919194579124451,0.003331793239340186,0.08734852820634842,60.14923095703125,52.14923095703125,0.02182167023420334,0.021728917956352234,straight_run,3.5841643810272217,0.2391304075717926,0.022321006283164024,0.6781684756278992,-0.02354707196354866,7.786527156829834,0.5356958508491516
0.8767908309455587,0.0,0.0,0.5,289,1785358612.3195992,0.8088486790657043,0.03595076501369476,0.5000389218330383,25.809415817260742,5,11883,6,1,1,0.003542595310136676,1,499,1.0,0.0,24,39,-1,1,1023,0,0,0,0,0,36,0,0,1023,0,0,39,2,0,1,0,99,1,8,52,1,1,76.14923095703125,137.1746826171875,0.12682554125785828,-0.9919194579124451,0.003331793239340186,0.08734852820634842,60.14923095703125,52.14923095703125,0.022160932421684265,0.02237803488969803,straight_run,3.5841643810272217,0.23884236812591553,0.0371500663459301,0.6931490898132324,-0.022527361288666725,10.609994888305664,0.5380879640579224
0.8802292263610315,0.0,0.0,0.5,289,1785358612.344685,0.7951735258102417,0.01239377073943615,0.4983764588832855,18.106660842895508,5,6857,46,0,0,0.003542595310136676,0,0,1.0,0.0,0,39,0,1,1023,0,0,0,0,0,36,0,0,1023,0,0,39,2,0,1,0,99,0,0,0,255,255,0.0,0.0,0.0,0.0,0.0,0.0,0.0,0.0,0.0,0.0,straight_run,3.5841643810272217,0.2375963181257248,0.05180497467517853,0.7040370106697083,-0.018804719671607018,12.346065521240234,0.539611279964447
0.8836676217765043,0.0,0.0,0.5,289,1785358612.3692422,0.7951735258102417,0.01239377073943615,0.4983764588832855,18.106660842895508,5,6857,46,0,0,0.003542595310136676,0,0,1.0,0.0,0,39,0,1,1023,0,0,0,0,0,36,0,0,1023,0,0,39,2,0,1,0,99,0,0,0,255,255,0.0,0.0,0.0,0.0,0.0,0.0,0.0,0.0,0.0,0.0,straight_run,3.5841643810272217,0.2375963181257248,0.05180497467517853,0.7040370106697083,-0.018804719671607018,12.346065521240234,0.539611279964447
0.887106017191977,0.0,0.0,0.5,289,1785358612.393843,0.7951735258102417,0.01239377073943615,0.4983764588832855,18.106660842895508,5,6857,46,0,0,0.003542595310136676,0,0,1.0,0.0,0,39,0,1,1023,0,0,0,0,0,36,0,0,1023,0,0,39,2,0,1,0,99,0,0,0,255,255,0.0,0.0,0.0,0.0,0.0,0.0,0.0,0.0,0.0,0.0,straight_run,3.5841643810272217,0.2375963181257248,0.05180497467517853,0.7040370106697083,-0.018804719671607018,12.346065521240234,0.539611279964447
0.8905444126074498,0.0,0.0,0.5,289,1785358612.4188511,0.8022621870040894,0.014739593490958214,0.49831560254096985,19.237579345703125,5,8027,106,0,0,0.003542595310136676,0,0,1.0,0.0,0,39,0,1,1023,0,0,0,0,0,36,0,0,1023,0,0,39,2,0,1,0,99,0,0,0,255,255,0.0,0.0,0.0,0.0,0.0,0.0,0.0,0.0,0.0,0.0,straight_run,3.594721555709839,0.23693569004535675,0.06839056313037872,0.7186117172241211,-0.01314952876418829,13.391548156738281,0.5390763282775879
0.8939828080229225,0.0,0.0,0.5,289,1785358612.440129,0.8022621870040894,0.014739593490958214,0.49831560254096985,19.237579345703125,5,8027,106,0,0,0.003542595310136676,0,0,1.0,0.0,0,39,0,1,1023,0,0,0,0,0,36,0,0,1023,0,0,40,2,0,1,0,99,0,0,0,255,255,0.0,0.0,0.0,0.0,0.0,0.0,0.0,0.0,0.0,0.0,straight_run,3.594721555709839,0.23693569004535675,0.06839056313037872,0.7186117172241211,-0.01314952876418829,13.391548156738281,0.5390763282775879
0.8974212034383954,0.0,0.0,0.5,289,1785358612.4619231,0.8123264312744141,0.02583686262369156,0.49826985597610474,21.423629760742188,5,6833,37,0,0,0.003877178067341447,0,0,1.0,0.0,0,39,0,1,1023,0,0,0,0,0,36,0,0,1023,0,0,40,2,0,1,0,99,0,0,0,255,255,0.0,0.0,0.0,0.0,0.0,0.0,0.0,0.0,0.0,0.0,straight_run,3.594721555709839,0.2230474054813385,0.07420213520526886,0.7270935773849487,-0.010691075585782528,14.303081512451172,0.53786700963974
0.9008595988538682,0.0,0.0,0.5,289,1785358612.485905,0.8123264312744141,0.02583686262369156,0.49826985597610474,21.423629760742188,5,6833,37,0,0,0.003877178067341447,0,0,1.0,0.0,0,39,0,1,1023,0,0,0,0,0,36,0,0,1023,0,0,40,2,0,1,0,99,0,0,0,255,255,0.0,0.0,0.0,0.0,0.0,0.0,0.0,0.0,0.0,0.0,straight_run,3.594721555709839,0.2230474054813385,0.07420213520526886,0.7270935773849487,-0.010691075585782528,14.303081512451172,0.53786700963974
0.904297994269341,0.0,0.0,0.5,289,1785358612.5109088,0.8123264312744141,0.02583686262369156,0.49826985597610474,21.423629760742188,5,6833,37,0,0,0.003877178067341447,0,0,1.0,0.0,0,39,0,1,1023,0,0,0,0,0,36,0,0,1023,0,0,40,2,0,1,0,99,0,0,0,255,255,0.0,0.0,0.0,0.0,0.0,0.0,0.0,0.0,0.0,0.0,straight_run,3.5841643810272217,0.2100704163312912,0.07706575840711594,0.7370551824569702,-0.007819896563887596,15.223360061645508,0.5373676419258118
0.9077363896848137,0.0,0.0,0.5,289,1785358612.5316951,0.8123264312744141,0.02583686262369156,0.49826985597610474,21.423629760742188,5,6833,97,0,0,0.003877178067341447,0,0,1.0,0.0,0,39,0,1,1023,0,0,0,0,0,36,0,0,1023,0,0,40,2,0,1,0,99,0,0,0,255,255,0.0,0.0,0.0,0.0,0.0,0.0,0.0,0.0,0.0,0.0,straight_run,3.5841643810272217,0.2100704163312912,0.07706575840711594,0.7370551824569702,-0.007819896563887596,15.223360061645508,0.5373676419258118
0.9111747851002865,0.0,0.0,0.5,289,1785358612.554398,0.8124628067016602,0.021204166114330292,0.49825459718704224,21.051494598388672,5,6842,97,0,0,0.003877178067341447,0,0,1.0,0.0,0,40,0,1,1023,0,16,0,0,0,0,0,0,1023,0,0,40,1,0,1,0,78,0,0,0,255,255,0.0,0.0,0.0,0.0,0.0,0.0,0.0,0.0,0.0,0.0,straight_run,3.5841643810272217,0.2100704163312912,0.07706575840711594,0.7370551824569702,-0.007819896563887596,15.223360061645508,0.5373676419258118
0.9146131805157593,0.0,0.0,0.5,289,1785358612.574713,0.8351430296897888,0.03705571964383125,0.5000101327896118,24.994699478149414,5,10376,24,1,1,0.0031460607424378395,1,20,1.0,0.0,24,40,-1,1,1023,0,16,0,0,0,0,0,0,1023,0,0,40,1,0,1,0,78,1,23,81,1,1,71.94640350341797,126.75469970703125,0.5186251401901245,-0.8548232913017273,0.017467230558395386,0.39910587668418884,55.94640350341797,47.94640350341797,0.010766983032226562,0.0026166439056396484,straight_run,3.5841643810272217,0.19661042094230652,0.07591459155082703,0.7467256188392639,-0.005919888615608215,15.931988716125488,0.5376572012901306
0.9180515759312321,0.0,0.0,0.5,289,1785358612.598696,0.8351430296897888,0.03705571964383125,0.5000101327896118,24.994699478149414,5,10376,24,1,1,0.0031460607424378395,1,20,1.0,0.0,24,40,-1,1,1023,0,16,0,0,0,0,0,0,1023,0,0,40,1,0,1,0,78,1,23,81,1,1,71.94640350341797,126.75469970703125,0.5186251401901245,-0.8548232913017273,0.017467230558395386,0.39910587668418884,55.94640350341797,47.94640350341797,0.010766983032226562,0.0026166439056396484,straight_run,3.5841643810272217,0.19661042094230652,0.07591459155082703,0.7467256188392639,-0.005919888615608215,15.931988716125488,0.5376572012901306
0.9214899713467049,0.0,0.0,0.5,289,1785358612.620666,0.8351430296897888,0.03705571964383125,0.5000101327896118,24.994699478149414,5,10376,24,1,1,0.0031460607424378395,1,20,1.0,0.0,24,40,-1,1,1023,0,16,0,0,0,0,0,0,1023,0,0,40,1,0,1,0,78,1,23,81,1,1,71.94640350341797,126.75469970703125,0.5186251401901245,-0.8548232913017273,0.017467230558395386,0.39910587668418884,55.94640350341797,47.94640350341797,0.010766983032226562,0.0026166439056396484,straight_run,3.5841643810272217,0.19661042094230652,0.07591459155082703,0.7467256188392639,-0.005919888615608215,15.931988716125488,0.5376572012901306
0.9249283667621776,0.0,0.0,0.5,289,1785358612.641883,0.8351430296897888,0.03705571964383125,0.5000101327896118,24.994699478149414,5,10376,24,1,1,0.0031460607424378395,1,20,1.0,0.0,24,40,-1,1,1023,0,16,0,0,0,0,0,0,1023,0,0,40,1,0,1,0,78,1,23,81,1,1,71.94640350341797,126.75469970703125,0.5186251401901245,-0.8548232913017273,0.017467230558395386,0.39910587668418884,55.94640350341797,47.94640350341797,0.010766983032226562,0.0026166439056396484,straight_run,3.5841643810272217,0.19661042094230652,0.07591459155082703,0.7467256188392639,-0.005919888615608215,15.931988716125488,0.5376572012901306
0.9283667621776504,0.0,0.0,0.5,289,1785358612.662763,0.844855010509491,0.04510046914219856,0.5002442598342896,26.562509536743164,5,9227,84,1,1,0.0031460607424378395,1,80,1.0,0.0,24,40,-1,1,1023,0,16,0,0,0,0,0,0,1023,0,0,40,1,0,1,0,78,1,23,81,1,1,71.94640350341797,126.75469970703125,0.5186251401901245,-0.8548232913017273,0.017467230558395386,0.39910587668418884,55.94640350341797,47.94640350341797,0.010766983032226562,0.0026166439056396484,straight_run,3.5841643810272217,0.18212608993053436,0.081484854221344,0.7559373378753662,0.0008656898862682283,16.98157501220703,0.5360846519470215
0.9318051575931232,0.0,0.0,0.5,289,1785358612.687705,0.844855010509491,0.04510046914219856,0.5002442598342896,26.562509536743164,5,9227,84,1,1,0.0031460607424378395,1,80,1.0,0.0,24,41,-1,1,1023,32,0,0,0,4,0,16,0,1023,0,0,41,3,0,1,0,81,1,23,81,1,1,71.94640350341797,126.75469970703125,0.5186251401901245,-0.8548232913017273,0.017467230558395386,0.39910587668418884,55.94640350341797,47.94640350341797,0.010766983032226562,0.0026166439056396484,straight_run,3.5841643810272217,0.18212608993053436,0.081484854221344,0.7559373378753662,0.0008656898862682283,16.98157501220703,0.5360846519470215
0.935243553008596,0.0,0.0,0.5,289,1785358612.710965,0.8467438817024231,0.04757746309041977,0.5002737045288086,30.646921157836914,5,10166,0,1,1,0.002569250762462616,1,120,1.0,0.0,24,41,-1,1,1023,32,0,0,0,4,0,16,0,1023,0,0,41,3,0,1,0,81,1,23,81,1,1,71.94640350341797,126.75469970703125,0.5186251401901245,-0.8548232913017273,0.017467230558395386,0.39910587668418884,55.94640350341797,47.94640350341797,0.009242117404937744,0.001843094825744629,straight_run,3.5841643810272217,0.17543840408325195,0.07110464572906494,0.7679814100265503,-0.0013549712020903826,18.264806747436523,0.5355810523033142
0.9386819484240687,0.0,0.0,0.5,289,1785358612.732919,0.8467438817024231,0.04757746309041977,0.5002737045288086,30.646921157836914,5,10166,60,1,1,0.002569250762462616,1,180,1.0,0.0,24,41,-1,1,1023,32,0,0,0,4,0,16,0,1023,0,0,41,3,0,1,0,81,1,23,81,1,1,71.94640350341797,126.75469970703125,0.5186251401901245,-0.8548232913017273,0.017467230558395386,0.39910587668418884,55.94640350341797,47.94640350341797,0.011215686798095703,0.009701967239379883,straight_run,3.5736072063446045,0.16271822154521942,0.061741285026073456,0.7755594849586487,-0.003813091665506363,19.791406631469727,0.533728837966919
0.9421203438395415,0.0,0.0,0.5,289,1785358612.756779,0.8498328328132629,0.05468815937638283,0.5004575848579407,37.03019714355469,5,9633,60,1,1,0.002569250762462616,1,180,1.0,0.0,24,42,-1,1,1023,0,0,0,0,0,0,0,0,1023,0,0,42,0,0,0,0,0,1,23,81,1,1,71.94640350341797,126.75469970703125,0.5186251401901245,-0.8548232913017273,0.017467230558395386,0.39910587668418884,55.94640350341797,47.94640350341797,0.015045613050460815,0.013677030801773071,straight_run,3.5736072063446045,0.15479668974876404,0.06344666332006454,0.7847972512245178,-0.001116723520681262,21.818098068237305,0.5363331437110901
0.9455587392550142,0.0,0.0,0.5,289,1785358612.780693,0.8542212843894958,0.05992919206619263,0.49996331334114075,40.4810791015625,5,9703,99,1,1,0.002569250762462616,1,220,1.0,0.0,24,42,-1,1,1023,0,0,0,0,0,0,0,0,1023,0,0,42,0,0,0,0,0,1,23,81,1,1,71.94640350341797,126.75469970703125,0.5186251401901245,-0.8548232913017273,0.017467230558395386,0.39910587668418884,55.94640350341797,47.94640350341797,0.019247710704803467,0.0182325541973114,straight_run,3.5736072063446045,0.15479668974876404,0.06344666332006454,0.7847972512245178,-0.001116723520681262,21.818098068237305,0.5363331437110901
0.9489971346704871,0.0,0.0,0.5,289,1785358612.801744,0.8542212843894958,0.05992919206619263,0.49996331334114075,40.4810791015625,5,9703,99,1,1,0.002569250762462616,1,220,1.0,0.0,24,42,-1,1,1023,0,0,0,0,0,0,0,0,1023,0,0,42,0,0,0,0,0,1,23,81,1,1,71.94640350341797,126.75469970703125,0.5186251401901245,-0.8548232913017273,0.017467230558395386,0.39910587668418884,55.94640350341797,47.94640350341797,0.019247710704803467,0.0182325541973114,straight_run,3.568328619003296,0.1510690450668335,0.07149560749530792,0.7970941662788391,0.004412163980305195,24.881114959716797,0.535132646560669
0.9524355300859598,0.0,0.0,0.5,289,1785358612.826884,0.8558694124221802,0.06905043125152588,0.4997847080230713,46.05631637573242,5,11593,8,1,1,0.0024046925827860832,1,280,1.0,0.0,24,43,-1,1,1023,0,0,0,0,0,0,0,0,1023,0,0,43,0,0,0,0,21,1,23,81,1,1,71.94640350341797,126.75469970703125,0.5186251401901245,-0.8548232913017273,0.017467230558395386,0.39910587668418884,55.94640350341797,47.94640350341797,0.019392967224121094,0.018830090761184692,straight_run,3.568328619003296,0.1510690450668335,0.07149560749530792,0.7970941662788391,0.004412163980305195,24.881114959716797,0.535132646560669
0.9558739255014326,0.0,0.0,0.5,289,1785358612.847679,0.8595766425132751,0.07423579692840576,0.49926087260246277,50.04680633544922,5,9667,48,1,1,0.0024046925827860832,1,319,1.0,0.0,24,43,-1,1,1023,0,0,0,0,0,0,0,0,1023,0,0,43,0,0,0,0,21,1,23,81,1,1,71.94640350341797,126.75469970703125,0.5186251401901245,-0.8548232913017273,0.017467230558395386,0.39910587668418884,55.94640350341797,47.94640350341797,0.019392967224121094,0.018830090761184692,straight_run,3.568328619003296,0.1469731330871582,0.0694749504327774,0.8038922548294067,0.003244844963774085,27.244522094726562,0.5360333323478699
0.9593123209169053,0.0,0.0,0.5,289,1785358612.872695,0.8595766425132751,0.07423579692840576,0.49926087260246277,50.04680633544922,5,9667,48,1,1,0.0024046925827860832,1,319,1.0,0.0,24,43,-1,1,1023,0,0,0,0,0,0,0,0,1023,0,0,43,0,0,0,0,21,1,23,81,1,1,71.94640350341797,126.75469970703125,0.5186251401901245,-0.8548232913017273,0.017467230558395386,0.39910587668418884,55.94640350341797,47.94640350341797,0.02484932541847229,0.024402111768722534,straight_run,3.568328619003296,0.1469731330871582,0.0694749504327774,0.8038922548294067,0.003244844963774085,27.244522094726562,0.5360333323478699
0.9627507163323781,0.0,0.0,0.5,289,1785358612.896735,0.8595766425132751,0.07423579692840576,0.49926087260246277,50.04680633544922,5,9667,48,1,1,0.0024046925827860832,1,319,1.0,0.0,24,43,-1,1,1023,0,0,0,0,0,0,0,0,1023,0,0,43,0,0,0,0,21,1,23,81,1,1,71.94640350341797,126.75469970703125,0.5186251401901245,-0.8548232913017273,0.017467230558395386,0.39910587668418884,55.94640350341797,47.94640350341797,0.02484932541847229,0.024402111768722534,straight_run,3.568328619003296,0.1469731330871582,0.0694749504327774,0.8038922548294067,0.003244844963774085,27.244522094726562,0.5360333323478699
0.9661891117478509,0.0,0.0,0.5,289,1785358612.920234,0.8624060153961182,0.08240056037902832,0.49746695160865784,54.40226745605469,5,12609,6,1,1,0.002313913544639945,1,380,1.0,0.0,24,44,-1,1,1023,0,0,0,0,0,0,8,0,1023,0,0,44,1,0,1,0,90,1,23,81,1,1,71.94640350341797,126.75469970703125,0.5186251401901245,-0.8548232913017273,0.017467230558395386,0.39910587668418884,55.94640350341797,47.94640350341797,0.023714154958724976,0.02362397313117981,straight_run,3.568328619003296,0.15983808040618896,0.030805878341197968,0.8239229917526245,-0.018846873193979263,31.34669303894043,0.5378540754318237
0.9696275071633238,0.0,0.0,0.5,289,1785358612.943687,0.8624060153961182,0.08240056037902832,0.49746695160865784,54.40226745605469,5,12609,46,1,1,0.002313913544639945,1,419,1.0,0.0,24,44,-1,1,1023,0,0,0,0,0,0,8,0,1023,0,0,44,1,0,1,0,90,1,23,81,1,1,71.94640350341797,126.75469970703125,0.5186251401901245,-0.8548232913017273,0.017467230558395386,0.39910587668418884,55.94640350341797,47.94640350341797,0.023714154958724976,0.02362397313117981,straight_run,3.568328619003296,0.1489490121603012,0.038147348910570145,0.8262603878974915,-0.016725793480873108,34.340457916259766,0.537278950214386
0.9730659025787965,0.0,0.0,0.5,289,1785358612.964691,0.8626208305358887,0.08777637779712677,0.49815788865089417,70.82357025146484,5,10252,46,1,1,0.002313913544639945,1,419,1.0,0.0,24,44,-1,1,1023,0,0,0,0,0,0,8,0,1023,0,0,44,1,0,1,0,90,1,23,81,1,1,71.94640350341797,126.75469970703125,0.5186251401901245,-0.8548232913017273,0.017467230558395386,0.39910587668418884,55.94640350341797,47.94640350341797,0.054818540811538696,0.05309590697288513,straight_run,3.568328619003296,0.1489490121603012,0.038147348910570145,0.8262603878974915,-0.016725793480873108,34.340457916259766,0.537278950214386
0.9765042979942693,0.0,0.0,0.5,289,1785358612.986898,0.8626208305358887,0.08777637779712677,0.49815788865089417,70.82357025146484,5,10252,46,1,1,0.002313913544639945,1,419,1.0,0.0,24,44,-1,1,1023,0,0,0,0,0,0,8,0,1023,0,0,44,1,0,1,0,90,1,23,81,1,1,71.94640350341797,126.75469970703125,0.5186251401901245,-0.8548232913017273,0.017467230558395386,0.39910587668418884,55.94640350341797,47.94640350341797,0.054818540811538696,0.05309590697288513,straight_run,3.568328619003296,0.1489490121603012,0.038147348910570145,0.8262603878974915,-0.016725793480873108,34.340457916259766,0.537278950214386
0.9799426934097422,0.0,0.0,0.5,289,1785358613.010933,0.8585097789764404,0.10222876071929932,0.49097952246665955,78.08334350585938,5,11301,3,1,1,0.0020976364612579346,1,479,1.0,0.0,24,45,-1,1,1023,0,16,256,0,0,0,0,0,1023,0,0,45,2,0,1,0,125,1,23,81,1,1,71.94640350341797,126.75469970703125,0.5186251401901245,-0.8548232913017273,0.017467230558395386,0.39910587668418884,55.94640350341797,47.94640350341797,0.06085130572319031,0.05952376127243042,straight_run,3.526099681854248,0.1393391638994217,0.04424631968140602,0.8325846791267395,-0.018865155056118965,39.73300552368164,0.538684070110321
0.9833810888252149,0.0,0.0,0.5,289,1785358613.032683,0.8585097789764404,0.10222876071929932,0.49097952246665955,78.08334350585938,5,11301,3,1,1,0.0020976364612579346,1,479,1.0,0.0,24,45,-1,1,1023,0,16,256,0,0,0,0,0,1023,0,0,45,2,0,1,0,125,1,23,81,1,1,71.94640350341797,126.75469970703125,0.5186251401901245,-0.8548232913017273,0.017467230558395386,0.39910587668418884,55.94640350341797,47.94640350341797,0.06085130572319031,0.05952376127243042,straight_run,3.526099681854248,0.1393391638994217,0.04424631968140602,0.8325846791267395,-0.018865155056118965,39.73300552368164,0.538684070110321
0.9868194842406877,0.0,0.0,0.5,289,1785358613.055664,0.8894414305686951,0.0277240127325058,0.4912959337234497,38.776981353759766,5,7296,43,0,0,0.0020976364612579346,0,0,1.0,0.0,0,45,0,1,1023,0,16,256,0,0,0,0,0,1023,0,0,45,2,0,1,0,125,0,0,0,255,255,0.0,0.0,0.0,0.0,0.0,0.0,0.0,0.0,0.0,0.0,straight_run,3.526099681854248,0.12122368812561035,0.06649643182754517,0.8371731042861938,-0.015706636011600494,45.942657470703125,0.5388247966766357
0.9902578796561604,0.0,0.0,0.5,289,1785358613.077395,0.8894414305686951,0.0277240127325058,0.4912959337234497,38.776981353759766,5,7296,43,0,0,0.0020976364612579346,0,0,1.0,0.0,0,45,0,1,1023,0,16,256,0,0,0,0,0,1023,0,0,45,2,0,1,0,125,0,0,0,255,255,0.0,0.0,0.0,0.0,0.0,0.0,0.0,0.0,0.0,0.0,straight_run,3.526099681854248,0.12122368812561035,0.06649643182754517,0.8371731042861938,-0.015706636011600494,45.942657470703125,0.5388247966766357
0.9936962750716332,0.0,0.0,0.5,289,1785358613.0996869,0.8894414305686951,0.0277240127325058,0.4912959337234497,38.776981353759766,5,7296,103,0,0,0.0020976364612579346,0,0,1.0,0.0,0,45,0,1,1023,0,16,256,0,0,0,0,0,1023,0,0,45,2,0,1,0,125,0,0,0,255,255,0.0,0.0,0.0,0.0,0.0,0.0,0.0,0.0,0.0,0.0,straight_run,3.5894429683685303,0.10922522842884064,0.03984714299440384,0.8462148308753967,-0.04288328438997269,48.93608474731445,0.5415740013122559
0.997134670487106,0.0,0.0,0.5,289,1785358613.123687,0.8920556306838989,-0.0015359973767772317,0.4986805319786072,42.689239501953125,5,8433,103,0,0,0.0020976364612579346,0,0,1.0,0.0,0,45,0,1,1023,0,16,256,0,0,0,0,0,1023,0,0,45,2,0,1,0,125,0,0,0,255,255,0.0,0.0,0.0,0.0,0.0,0.0,0.0,0.0,0.0,0.0,straight_run,3.5894429683685303,0.10922522842884064,0.03984714299440384,0.8462148308753967,-0.04288328438997269,48.93608474731445,0.5415740013122559
1.0005730659025787,0.0,0.0,0.5,289,1785358613.148749,0.8920556306838989,-0.0015359973767772317,0.4986805319786072,42.689239501953125,5,8433,103,0,0,0.0020976364612579346,0,0,1.0,0.0,0,45,0,1,1023,0,16,256,0,0,0,0,0,1023,0,0,45,2,0,1,0,125,0,0,0,255,255,0.0,0.0,0.0,0.0,0.0,0.0,0.0,0.0,0.0,0.0,straight_run,3.5894429683685303,0.09359371662139893,0.06844623386859894,0.8504392504692078,-0.039302993565797806,49.13869094848633,0.5446845889091492
1.0040114613180515,0.0,0.0,0.5,289,1785358613.1717188,0.8946335911750793,0.008680461905896664,0.4984590709209442,48.284854888916016,5,7987,17,0,0,0.0021509358193725348,0,0,1.0,0.0,0,45,0,1,1023,0,16,256,0,0,0,0,0,1023,0,0,45,2,0,1,0,125,0,0,0,255,255,0.0,0.0,0.0,0.0,0.0,0.0,0.0,0.0,0.0,0.0,straight_run,3.5894429683685303,0.09359371662139893,0.06844623386859894,0.8504392504692078,-0.039302993565797806,49.13869094848633,0.5446845889091492
1.0074498567335244,0.0,0.0,0.5,289,1785358613.194144,0.8946335911750793,0.008680461905896664,0.4984590709209442,48.284854888916016,5,7987,17,0,0,0.0021509358193725348,0,0,1.0,0.0,0,45,0,1,1023,0,16,256,0,0,0,0,0,1023,0,0,45,2,0,1,0,125,0,0,0,255,255,0.0,0.0,0.0,0.0,0.0,0.0,0.0,0.0,0.0,0.0,straight_run,3.621114492416382,0.09359371662139893,0.06844623386859894,0.8504392504692078,-0.039302993565797806,49.13869094848633,0.5446845889091492
1.010888252148997,0.0,0.0,0.5,289,1785358613.219208,0.8949073553085327,0.015630362555384636,0.4984079897403717,51.433815002441406,5,6996,77,0,0,0.0021509358193725348,0,0,1.0,0.0,0,45,0,1,1023,0,16,256,0,0,0,0,0,1023,0,0,45,2,0,1,0,125,0,0,0,255,255,0.0,0.0,0.0,0.0,0.0,0.0,0.0,0.0,0.0,0.0,straight_run,3.621114492416382,0.08267168700695038,0.09095994383096695,0.8547382354736328,-0.03507552668452263,49.68373489379883,0.547826886177063
1.0143266475644699,0.0,0.0,0.5,289,1785358613.242752,0.8949073553085327,0.015630362555384636,0.4984079897403717,51.433815002441406,5,6996,77,0,0,0.0021509358193725348,0,0,1.0,0.0,0,46,0,1,1023,0,0,0,16,0,0,0,0,1023,0,0,46,1,0,1,0,113,0,0,0,255,255,0.0,0.0,0.0,0.0,0.0,0.0,0.0,0.0,0.0,0.0,straight_run,3.621114492416382,0.07481657713651657,0.11363485455513,0.8581757545471191,-0.027542417868971825,50.332183837890625,0.5478237867355347
1.0177650429799425,0.0,0.0,0.5,289,1785358613.267811,0.8999716639518738,0.024020720273256302,0.4983188807964325,51.938621520996094,5,8192,2,0,0,0.001783657819032669,0,0,1.0,0.0,0,46,0,1,1023,0,0,0,16,0,0,0,0,1023,0,0,46,1,0,1,0,113,0,0,0,255,255,0.0,0.0,0.0,0.0,0.0,0.0,0.0,0.0,0.0,0.0,straight_run,3.621114492416382,0.07481657713651657,0.11363485455513,0.8581757545471191,-0.027542417868971825,50.332183837890625,0.5478237867355347
1.0212034383954154,0.0,0.0,0.5,289,1785358613.292138,0.8999716639518738,0.024020720273256302,0.4983188807964325,51.938621520996094,5,8192,2,0,0,0.001783657819032669,0,0,1.0,0.0,0,46,0,1,1023,0,0,0,16,0,0,0,0,1023,0,0,46,1,0,1,0,113,0,0,0,255,255,0.0,0.0,0.0,0.0,0.0,0.0,0.0,0.0,0.0,0.0,straight_run,3.621114492416382,0.07481657713651657,0.11363485455513,0.8581757545471191,-0.027542417868971825,50.332183837890625,0.5478237867355347
1.0246418338108882,0.0,0.0,0.5,289,1785358613.31469,0.8999716639518738,0.024020720273256302,0.4983188807964325,51.938621520996094,5,8192,62,0,0,0.001783657819032669,0,0,1.0,0.0,0,46,0,1,1023,0,0,0,16,0,0,0,0,1023,0,0,46,1,0,1,0,113,0,0,0,255,255,0.0,0.0,0.0,0.0,0.0,0.0,0.0,0.0,0.0,0.0,straight_run,3.594721555709839,0.06522692739963531,0.12497664242982864,0.858645498752594,-0.023697003722190857,50.86674880981445,0.5461524724960327
1.0280802292263609,0.0,0.0,0.5,289,1785358613.338668,0.9001749753952026,0.028155727311968803,0.4982006549835205,52.2903938293457,5,7065,62,0,0,0.001783657819032669,0,0,1.0,0.0,0,47,0,1,1023,0,0,0,0,0,0,0,0,1023,0,0,47,0,0,0,0,0,0,0,0,255,255,0.0,0.0,0.0,0.0,0.0,0.0,0.0,0.0,0.0,0.0,straight_run,3.594721555709839,0.06522692739963531,0.12497664242982864,0.858645498752594,-0.023697003722190857,50.86674880981445,0.5461524724960327
1.0315186246418337,0.0,0.0,0.5,289,1785358613.3627489,0.9031031727790833,0.03368767350912094,0.4981481432914734,51.34794616699219,5,8564,102,0,0,0.001783657819032669,0,0,1.0,0.0,0,47,0,1,1023,0,0,0,0,0,0,0,0,1023,0,0,47,0,0,0,0,0,0,0,0,255,255,0.0,0.0,0.0,0.0,0.0,0.0,0.0,0.0,0.0,0.0,straight_run,3.594721555709839,0.06524322181940079,0.1349472850561142,0.8631083965301514,-0.01693781279027462,51.2762451171875,0.5434504151344299
1.0349570200573066,0.0,0.0,0.5,289,1785358613.3837,0.9031031727790833,0.03368767350912094,0.4981481432914734,51.34794616699219,5,8564,102,0,0,0.001783657819032669,0,0,1.0,0.0,0,47,0,1,1023,0,0,0,0,0,0,0,0,1023,0,0,47,0,0,0,0,0,0,0,0,255,255,0.0,0.0,0.0,0.0,0.0,0.0,0.0,0.0,0.0,0.0,straight_run,3.594721555709839,0.06524322181940079,0.1349472850561142,0.8631083965301514,-0.01693781279027462,51.2762451171875,0.5434504151344299
1.0383954154727795,0.0,0.0,0.5,289,1785358613.408693,0.9031031727790833,0.03368767350912094,0.4981481432914734,51.34794616699219,5,8564,50,0,0,0.0024347307626158,0,0,1.0,0.0,0,47,0,1,1023,0,0,0,0,0,0,0,0,1023,0,0,47,0,0,0,0,0,0,0,0,255,255,0.0,0.0,0.0,0.0,0.0,0.0,0.0,0.0,0.0,0.0,straight_run,3.578885793685913,0.06603777408599854,0.14131668210029602,0.8666027784347534,-0.008899261243641376,51.42044448852539,0.5406933426856995
1.041833810888252,0.0,0.0,0.5,289,1785358613.430882,0.9066949486732483,0.03727995976805687,0.4981057643890381,48.301761627197266,5,7112,50,0,0,0.0024347307626158,0,0,1.0,0.0,0,47,0,1,1023,0,0,0,0,0,0,0,0,1023,0,0,47,0,0,0,0,0,0,0,0,255,255,0.0,0.0,0.0,0.0,0.0,0.0,0.0,0.0,0.0,0.0,straight_run,3.578885793685913,0.06603777408599854,0.14131668210029602,0.8666027784347534,-0.008899261243641376,51.42044448852539,0.5406933426856995
1.045272206303725,0.0,0.0,0.5,289,1785358613.452564,0.9066949486732483,0.03727995976805687,0.4981057643890381,48.301761627197266,5,7112,50,0,0,0.0024347307626158,0,0,1.0,0.0,0,48,0,1,1023,0,0,2,0,0,4,0,0,1023,0,0,48,2,0,1,0,117,0,0,0,255,255,0.0,0.0,0.0,0.0,0.0,0.0,0.0,0.0,0.0,0.0,straight_run,3.578885793685913,0.06603777408599854,0.14131668210029602,0.8666027784347534,-0.008899261243641376,51.42044448852539,0.5406933426856995
1.0487106017191976,0.0,0.0,0.5,289,1785358613.473973,0.9109296202659607,0.0422045923769474,0.4981086552143097,45.89940643310547,5,6545,90,0,0,0.0024347307626158,0,0,1.0,0.0,0,48,0,1,1023,0,0,2,0,0,4,0,0,1023,0,0,48,2,0,1,0,117,0,0,0,255,255,0.0,0.0,0.0,0.0,0.0,0.0,0.0,0.0,0.0,0.0,straight_run,3.578885793685913,0.06908394396305084,0.15085406601428986,0.8702727556228638,0.00379670481197536,51.176063537597656,0.537255585193634
1.0521489971346705,0.0,0.0,0.5,289,1785358613.498851,0.9109296202659607,0.0422045923769474,0.4981086552143097,45.89940643310547,5,6545,90,0,0,0.0024347307626158,0,0,1.0,0.0,0,48,0,1,1023,0,0,2,0,0,4,0,0,1023,0,0,48,2,0,1,0,117,0,0,0,255,255,0.0,0.0,0.0,0.0,0.0,0.0,0.0,0.0,0.0,0.0,straight_run,3.578885793685913,0.06908394396305084,0.15085406601428986,0.8702727556228638,0.00379670481197536,51.176063537597656,0.537255585193634
1.0555873925501433,0.0,0.0,0.5,289,1785358613.5233972,0.9109296202659607,0.0422045923769474,0.4981086552143097,45.89940643310547,5,6545,17,0,0,0.00289375358261168,0,0,1.0,0.0,0,48,0,1,1023,0,0,2,0,0,4,0,0,1023,0,0,48,2,0,1,0,117,0,0,0,255,255,0.0,0.0,0.0,0.0,0.0,0.0,0.0,0.0,0.0,0.0,straight_run,3.578885793685913,0.0727863535284996,0.14211724698543549,0.8743146657943726,0.009572966024279594,50.51150894165039,0.5344504714012146
1.059025787965616,0.0,0.0,0.5,289,1785358613.5484679,0.9169561266899109,0.04542103037238121,0.49812689423561096,40.45530319213867,5,7976,17,0,0,0.00289375358261168,0,0,1.0,0.0,0,49,0,1,1023,0,0,64,0,0,0,0,0,1023,0,0,49,1,0,1,0,108,0,0,0,255,255,0.0,0.0,0.0,0.0,0.0,0.0,0.0,0.0,0.0,0.0,straight_run,3.578885793685913,0.0775560513138771,0.13811145722866058,0.8791254162788391,0.020534254610538483,49.32838821411133,0.5305173993110657
1.0624641833810888,0.0,0.0,0.5,289,1785358613.570792,0.9189645648002625,0.04617645964026451,0.4981454908847809,35.95866775512695,5,7002,57,0,0,0.00289375358261168,0,0,1.0,0.0,0,49,0,1,1023,0,0,64,0,0,0,0,0,1023,0,0,49,1,0,1,0,108,0,0,0,255,255,0.0,0.0,0.0,0.0,0.0,0.0,0.0,0.0,0.0,0.0,straight_run,3.578885793685913,0.0775560513138771,0.13811145722866058,0.8791254162788391,0.020534254610538483,49.32838821411133,0.5305173993110657
1.0659025787965615,0.0,0.0,0.5,289,1785358613.5952342,0.9189645648002625,0.04617645964026451,0.4981454908847809,35.95866775512695,5,7002,57,0,0,0.00289375358261168,0,0,1.0,0.0,0,49,0,1,1023,0,0,64,0,0,0,0,0,1023,0,0,49,1,0,1,0,108,0,0,0,255,255,0.0,0.0,0.0,0.0,0.0,0.0,0.0,0.0,0.0,0.0,straight_run,3.578885793685913,0.0775560513138771,0.13811145722866058,0.8791254162788391,0.020534254610538483,49.32838821411133,0.5305173993110657
1.0693409742120343,0.0,0.0,0.5,289,1785358613.6177962,0.9189645648002625,0.04617645964026451,0.4981454908847809,35.95866775512695,5,7002,57,0,0,0.00289375358261168,0,0,1.0,0.0,0,49,0,1,1023,0,0,64,0,0,0,0,0,1023,0,0,49,1,0,1,0,108,0,0,0,255,255,0.0,0.0,0.0,0.0,0.0,0.0,0.0,0.0,0.0,0.0,straight_run,3.5577712059020996,0.0775560513138771,0.13811145722866058,0.8791254162788391,0.020534254610538483,49.32838821411133,0.5305173993110657
1.0727793696275072,0.0,0.0,0.5,289,1785358613.641265,0.9189645648002625,0.04617645964026451,0.4981454908847809,35.95866775512695,5,7002,117,0,0,0.00289375358261168,0,0,1.0,0.0,0,49,0,1,1023,0,0,64,0,0,0,0,0,1023,0,0,49,1,0,1,0,108,0,0,0,255,255,0.0,0.0,0.0,0.0,0.0,0.0,0.0,0.0,0.0,0.0,straight_run,3.5577712059020996,0.07735483348369598,0.11522217839956284,0.8815227150917053,0.02206166461110115,47.55778884887695,0.5274129509925842
1.0762177650429798,0.0,0.0,0.5,289,1785358613.6646929,0.9223417043685913,0.043204255402088165,0.4982006549835205,47.90579605102539,5,7337,117,0,0,0.00289375358261168,0,0,1.0,0.0,0,49,0,1,1023,0,0,64,0,0,0,0,0,1023,0,0,49,1,0,1,0,108,0,0,0,255,255,0.0,0.0,0.0,0.0,0.0,0.0,0.0,0.0,0.0,0.0,straight_run,3.5577712059020996,0.08817791193723679,0.10372952371835709,0.8913124799728394,0.030063357204198837,47.41896438598633,0.5226072669029236
1.0796561604584527,0.0,0.0,0.5,289,1785358613.686698,0.9297124147415161,0.046004798263311386,0.4981716573238373,47.378910064697266,5,7896,7,0,0,0.002240243833512068,0,0,1.0,0.0,0,49,0,1,1023,0,0,64,0,0,0,0,0,1023,0,0,49,1,0,1,0,108,0,0,0,255,255,0.0,0.0,0.0,0.0,0.0,0.0,0.0,0.0,0.0,0.0,straight_run,3.5577712059020996,0.08817791193723679,0.10372952371835709,0.8913124799728394,0.030063357204198837,47.41896438598633,0.5226072669029236
1.0830945558739253,0.0,0.0,0.5,289,1785358613.710926,0.9355330467224121,0.038879141211509705,0.49822279810905457,47.53919219970703,5,6977,66,0,0,0.002240243833512068,0,0,1.0,0.0,0,50,0,1,1023,0,0,32,0,0,0,0,0,1023,0,0,49,1,0,1,0,108,0,0,0,255,255,0.0,0.0,0.0,0.0,0.0,0.0,0.0,0.0,0.0,0.0,straight_run,3.5736072063446045,0.0874224454164505,0.08060385286808014,0.8964393138885498,0.03160443902015686,47.59356689453125,0.5203615427017212
1.0865329512893982,0.0,0.0,0.5,289,1785358613.735915,0.9355330467224121,0.038879141211509705,0.49822279810905457,47.53919219970703,5,6977,66,0,0,0.002240243833512068,0,0,1.0,0.0,0,50,0,1,1023,0,0,32,0,0,0,0,0,1023,0,0,50,1,0,1,0,69,0,0,0,255,255,0.0,0.0,0.0,0.0,0.0,0.0,0.0,0.0,0.0,0.0,straight_run,3.5736072063446045,0.0874224454164505,0.08060385286808014,0.8964393138885498,0.03160443902015686,47.59356689453125,0.5203615427017212
1.089971346704871,0.0,0.0,0.5,289,1785358613.760913,0.940385639667511,0.035030633211135864,0.49816426634788513,47.79769515991211,5,7974,8,0,0,0.0017522228881716728,0,0,1.0,0.0,0,50,0,1,1023,0,0,32,0,0,0,0,0,1023,0,0,50,1,0,1,0,69,0,0,0,255,255,0.0,0.0,0.0,0.0,0.0,0.0,0.0,0.0,0.0,0.0,straight_run,3.5736072063446045,0.08796192705631256,0.05971362069249153,0.9025184512138367,0.03349669650197029,47.97254180908203,0.5175032019615173
1.0934097421203437,0.0,0.0,0.5,289,1785358613.7846851,0.940385639667511,0.035030633211135864,0.49816426634788513,47.79769515991211,5,7974,8,0,0,0.0017522228881716728,0,0,1.0,0.0,0,50,0,1,1023,0,0,32,0,0,0,0,0,1023,0,0,50,1,0,1,0,69,0,0,0,255,255,0.0,0.0,0.0,0.0,0.0,0.0,0.0,0.0,0.0,0.0,straight_run,3.5736072063446045,0.08796192705631256,0.05971362069249153,0.9025184512138367,0.03349669650197029,47.97254180908203,0.5175032019615173
1.0968481375358166,0.0,0.0,0.5,289,1785358613.805683,0.9445044994354248,0.02983257733285427,0.49806275963783264,48.3879508972168,5,7451,68,0,0,0.0017522228881716728,0,0,1.0,0.0,0,51,0,1,1023,4,0,0,0,0,0,0,0,1023,0,0,51,1,0,1,0,52,0,0,0,255,255,0.0,0.0,0.0,0.0,0.0,0.0,0.0,0.0,0.0,0.0,straight_run,3.578885793685913,0.0849308967590332,0.036881234496831894,0.9074809551239014,0.03324249014258385,48.50675964355469,0.5153638124465942
1.1002865329512894,0.0,0.0,0.5,289,1785358613.828664,0.9445044994354248,0.02983257733285427,0.49806275963783264,48.3879508972168,5,7451,68,0,0,0.0017522228881716728,0,0,1.0,0.0,0,51,0,1,1023,4,0,0,0,0,0,0,0,1023,0,0,51,1,0,1,0,52,0,0,0,255,255,0.0,0.0,0.0,0.0,0.0,0.0,0.0,0.0,0.0,0.0,straight_run,3.578885793685913,0.0849308967590332,0.036881234496831894,0.9074809551239014,0.03324249014258385,48.50675964355469,0.5153638124465942
1.1037249283667623,0.0,0.0,0.5,289,1785358613.849736,0.9494688510894775,0.02505922131240368,0.49812766909599304,48.88786315917969,5,8224,10,0,0,0.0013525047106668353,0,0,1.0,0.0,0,51,0,1,1023,4,0,0,0,0,0,0,0,1023,0,0,51,1,0,1,0,52,0,0,0,255,255,0.0,0.0,0.0,0.0,0.0,0.0,0.0,0.0,0.0,0.0,straight_run,3.578885793685913,0.08668959140777588,0.014389357529580593,0.9153187274932861,0.03138509765267372,49.146488189697266,0.5159698724746704
1.107163323782235,0.0,0.0,0.5,289,1785358613.8737128,0.9494688510894775,0.02505922131240368,0.49812766909599304,48.88786315917969,5,8224,10,0,0,0.0013525047106668353,0,0,1.0,0.0,0,51,0,1,1023,4,0,0,0,0,0,0,0,1023,0,0,51,1,0,1,0,52,0,0,0,255,255,0.0,0.0,0.0,0.0,0.0,0.0,0.0,0.0,0.0,0.0,straight_run,3.578885793685913,0.08668959140777588,0.014389357529580593,0.9153187274932861,0.03138509765267372,49.146488189697266,0.5159698724746704
1.1106017191977078,0.0,0.0,0.5,289,1785358613.89664,0.9494688510894775,0.02505922131240368,0.49812766909599304,48.88786315917969,5,8224,70,0,0,0.0013525047106668353,0,0,1.0,0.0,0,51,0,1,1023,4,0,0,0,0,0,0,0,1023,0,0,51,1,0,1,0,52,0,0,0,255,255,0.0,0.0,0.0,0.0,0.0,0.0,0.0,0.0,0.0,0.0,straight_run,3.5841643810272217,0.0838455781340599,-0.003395681269466877,0.9202726483345032,0.029572872444987297,49.789249420166016,0.5162436962127686
1.1140401146131804,0.0,0.0,0.5,289,1785358613.9196851,0.9604729413986206,0.015452975407242775,0.49820420145988464,49.65336608886719,5,7012,70,0,0,0.0013525047106668353,0,0,1.0,0.0,0,52,0,1,1023,0,0,0,2,0,0,0,0,1023,0,0,52,1,0,1,0,61,0,0,0,255,255,0.0,0.0,0.0,0.0,0.0,0.0,0.0,0.0,0.0,0.0,straight_run,3.5841643810272217,0.0838455781340599,-0.003395681269466877,0.9202726483345032,0.029572872444987297,49.789249420166016,0.5162436962127686
1.1174785100286533,0.0,0.0,0.5,289,1785358613.9442592,0.9604729413986206,0.015452975407242775,0.49820420145988464,49.65336608886719,5,7012,110,0,0,0.0013525047106668353,0,0,1.0,0.0,0,52,0,1,1023,0,0,0,2,0,0,0,0,1023,0,0,52,1,0,1,0,61,0,0,0,255,255,0.0,0.0,0.0,0.0,0.0,0.0,0.0,0.0,0.0,0.0,straight_run,3.5841643810272217,0.07940413057804108,-0.01947323977947235,0.923957109451294,0.026180438697338104,50.51304244995117,0.5176770687103271
1.1209169054441261,0.0,0.0,0.5,289,1785358613.969024,0.9639628529548645,0.013248663395643234,0.4981954097747803,50.21641540527344,5,7731,110,0,0,0.0013525047106668353,0,0,1.0,0.0,0,52,0,1,1023,0,0,0,2,0,0,0,0,1023,0,0,52,1,0,1,0,61,0,0,0,255,255,0.0,0.0,0.0,0.0,0.0,0.0,0.0,0.0,0.0,0.0,straight_run,3.5841643810272217,0.07940413057804108,-0.01947323977947235,0.923957109451294,0.026180438697338104,50.51304244995117,0.5176770687103271
1.1243553008595988,0.0,0.0,0.5,289,1785358613.9936771,0.9639628529548645,0.013248663395643234,0.4981954097747803,50.21641540527344,5,7731,31,0,0,0.001271022716537118,0,0,1.0,0.0,0,52,0,1,1023,0,0,0,2,0,0,0,0,1023,0,0,52,1,0,1,0,61,0,0,0,255,255,0.0,0.0,0.0,0.0,0.0,0.0,0.0,0.0,0.0,0.0,straight_run,3.5894429683685303,0.07776933908462524,-0.03138791024684906,0.9290899038314819,0.022836776450276375,51.303070068359375,0.5171063542366028
1.1277936962750716,0.0,0.0,0.5,289,1785358614.0169349,0.9714235067367554,0.005044116638600826,0.4982604682445526,51.14007568359375,5,7270,31,0,0,0.001271022716537118,0,0,1.0,0.0,0,53,0,1,1023,0,0,0,0,0,0,0,0,1023,0,0,53,0,0,0,0,0,0,0,0,255,255,0.0,0.0,0.0,0.0,0.0,0.0,0.0,0.0,0.0,0.0,straight_run,3.5894429683685303,0.07776933908462524,-0.03138791024684906,0.9290899038314819,0.022836776450276375,51.303070068359375,0.5171063542366028
1.1312320916905443,0.0,0.0,0.5,289,1785358614.041134,0.9714235067367554,0.005044116638600826,0.4982604682445526,51.14007568359375,5,7270,31,0,0,0.001271022716537118,0,0,1.0,0.0,0,53,0,1,1023,0,0,0,0,0,0,0,0,1023,0,0,53,0,0,0,0,0,0,0,0,255,255,0.0,0.0,0.0,0.0,0.0,0.0,0.0,0.0,0.0,0.0,straight_run,3.5894429683685303,0.07925359159708023,-0.03710423409938812,0.9345494508743286,0.020888827741146088,52.11880874633789,0.5164670944213867
1.1346704871060171,0.0,0.0,0.5,289,1785358614.062964,0.9778777956962585,0.0036105262115597725,0.49821001291275024,51.784950256347656,5,7686,71,0,0,0.001271022716537118,0,0,1.0,0.0,0,53,0,1,1023,0,0,0,0,0,0,0,0,1023,0,0,53,0,0,0,0,0,0,0,0,255,255,0.0,0.0,0.0,0.0,0.0,0.0,0.0,0.0,0.0,0.0,straight_run,3.5894429683685303,0.07925359159708023,-0.03710423409938812,0.9345494508743286,0.020888827741146088,52.11880874633789,0.5164670944213867
1.13810888252149,0.0,0.0,0.5,289,1785358614.083657,0.9778777956962585,0.0036105262115597725,0.49821001291275024,51.784950256347656,5,7686,71,0,0,0.001271022716537118,0,0,1.0,0.0,0,53,0,1,1023,0,0,0,0,0,0,0,0,1023,0,0,53,0,0,0,0,0,0,0,0,255,255,0.0,0.0,0.0,0.0,0.0,0.0,0.0,0.0,0.0,0.0,straight_run,3.5894429683685303,0.07925359159708023,-0.03710423409938812,0.9345494508743286,0.020888827741146088,52.11880874633789,0.5164670944213867
1.1415472779369626,0.0,0.0,0.5,289,1785358614.1087291,0.9865673184394836,-0.0004505138495005667,0.4983985722064972,-20.438220977783203,5,7939,131,0,0,0.001271022716537118,0,0,1.0,0.0,0,53,0,1,1023,0,0,0,0,0,0,0,0,1023,0,0,53,0,0,0,0,0,0,0,0,255,255,0.0,0.0,0.0,0.0,0.0,0.0,0.0,0.0,0.0,0.0,straight_run,3.409970760345459,0.08112458139657974,-0.04374271258711815,0.9395347237586975,0.016674304381012917,51.61946105957031,0.5158750414848328
1.1449856733524355,0.0,0.0,0.5,289,1785358614.1316988,0.9865673184394836,-0.0004505138495005667,0.4983985722064972,-20.438220977783203,5,7939,131,0,0,0.001271022716537118,0,0,1.0,0.0,0,53,0,1,1023,0,0,0,0,0,0,0,0,1023,0,0,53,0,0,0,0,0,0,0,0,255,255,0.0,0.0,0.0,0.0,0.0,0.0,0.0,0.0,0.0,0.0,straight_run,3.409970760345459,0.08112458139657974,-0.04374271258711815,0.9395347237586975,0.016674304381012917,51.61946105957031,0.5158750414848328
1.1484240687679081,0.0,0.0,0.5,289,1785358614.153162,0.9882769584655762,-0.003570163156837225,0.49829328060150146,-22.744064331054688,5,8207,15,0,0,0.0015605958178639412,0,0,1.0,0.0,0,53,0,1,1023,0,0,0,0,0,0,0,0,1023,0,0,53,0,0,0,0,0,0,0,0,255,255,0.0,0.0,0.0,0.0,0.0,0.0,0.0,0.0,0.0,0.0,straight_run,3.409970760345459,0.07116237282752991,-0.05436903238296509,0.9377241134643555,0.010453318245708942,45.0333251953125,0.5175233483314514
1.151862464183381,0.0,0.0,0.5,289,1785358614.177568,0.9882769584655762,-0.003570163156837225,0.49829328060150146,-22.744064331054688,5,8207,15,0,0,0.0015605958178639412,0,0,1.0,0.0,0,53,0,1,1023,0,0,0,0,0,0,0,0,1023,0,0,53,0,0,0,0,0,0,0,0,255,255,0.0,0.0,0.0,0.0,0.0,0.0,0.0,0.0,0.0,0.0,straight_run,3.409970760345459,0.07116237282752991,-0.05436903238296509,0.9377241134643555,0.010453318245708942,45.0333251953125,0.5175233483314514
1.1553008595988539,0.0,0.0,0.5,289,1785358614.202655,1.0080008506774902,0.008953317999839783,0.4987727403640747,-18.071866989135742,5,7424,75,0,0,0.0015605958178639412,0,0,1.0,0.0,0,54,0,1,1023,0,16,0,0,0,0,0,0,1023,0,0,54,1,0,1,0,100,0,0,0,255,255,0.0,0.0,0.0,0.0,0.0,0.0,0.0,0.0,0.0,0.0,straight_run,3.373020648956299,0.09613793343305588,-0.027186211198568344,0.9532815217971802,0.02572246640920639,37.425662994384766,0.5198115706443787
1.1587392550143265,0.0,0.0,0.5,289,1785358614.22788,1.0080008506774902,0.008953317999839783,0.4987727403640747,-18.071866989135742,5,7424,75,0,0,0.0015605958178639412,0,0,1.0,0.0,0,54,0,1,1023,0,16,0,0,0,0,0,0,1023,0,0,54,1,0,1,0,100,0,0,0,255,255,0.0,0.0,0.0,0.0,0.0,0.0,0.0,0.0,0.0,0.0,straight_run,3.373020648956299,0.09613793343305588,-0.027186211198568344,0.9532815217971802,0.02572246640920639,37.425662994384766,0.5198115706443787
1.1621776504297994,0.0,0.0,0.5,289,1785358614.252564,1.0068966150283813,0.013294924981892109,0.4982711672782898,-14.498250961303711,5,7398,115,0,0,0.0015605958178639412,0,0,1.0,0.0,0,54,0,1,1023,0,16,0,0,0,0,0,0,1023,0,0,54,1,0,1,0,100,0,0,0,255,255,0.0,0.0,0.0,0.0,0.0,0.0,0.0,0.0,0.0,0.0,straight_run,3.373020648956299,0.06620188802480698,-0.0595121905207634,0.9394338726997375,0.009558314457535744,29.836442947387695,0.5224574208259583
1.165616045845272,0.0,0.0,0.5,289,1785358614.273718,1.0068966150283813,0.013294924981892109,0.4982711672782898,-14.498250961303711,5,7398,115,0,0,0.0015605958178639412,0,0,1.0,0.0,0,54,0,1,1023,0,16,0,0,0,0,0,0,1023,0,0,54,1,0,1,0,100,0,0,0,255,255,0.0,0.0,0.0,0.0,0.0,0.0,0.0,0.0,0.0,0.0,straight_run,3.373020648956299,0.06620188802480698,-0.0595121905207634,0.9394338726997375,0.009558314457535744,29.836442947387695,0.5224574208259583
1.169054441260745,0.0,0.0,0.5,289,1785358614.295872,0.9947440028190613,-0.0008735470473766327,0.49684152007102966,-14.179731369018555,5,8553,18,0,0,0.002080107107758522,0,0,1.0,0.0,0,54,0,1,1023,0,16,0,0,0,0,0,0,1023,0,0,54,1,0,1,0,100,0,0,0,255,255,0.0,0.0,0.0,0.0,0.0,0.0,0.0,0.0,0.0,0.0,straight_run,3.526099681854248,0.06776883453130722,-0.027466680854558945,0.9408388733863831,0.02290436625480652,21.565820693969727,0.526573121547699
1.1724928366762177,0.0,0.0,0.5,289,1785358614.316777,0.9947440028190613,-0.0008735470473766327,0.49684152007102966,-14.179731369018555,5,8553,18,0,0,0.002080107107758522,0,0,1.0,0.0,0,55,0,1,1023,0,0,0,3,0,0,0,0,1023,0,0,55,2,0,2,0,69,0,0,0,255,255,0.0,0.0,0.0,0.0,0.0,0.0,0.0,0.0,0.0,0.0,straight_run,3.526099681854248,0.06776883453130722,-0.027466680854558945,0.9408388733863831,0.02290436625480652,21.565820693969727,0.526573121547699
1.1759312320916906,0.0,0.0,0.5,289,1785358614.339691,0.9947440028190613,-0.0008735470473766327,0.49684152007102966,-14.179731369018555,5,8553,18,0,0,0.002080107107758522,0,0,1.0,0.0,0,55,0,1,1023,0,0,0,3,0,0,0,0,1023,0,0,55,2,0,2,0,69,0,0,0,255,255,0.0,0.0,0.0,0.0,0.0,0.0,0.0,0.0,0.0,0.0,straight_run,3.526099681854248,0.06776883453130722,-0.027466680854558945,0.9408388733863831,0.02290436625480652,21.565820693969727,0.526573121547699
1.1793696275071632,0.0,0.0,0.5,289,1785358614.3617332,0.9947440028190613,-0.0008735470473766327,0.49684152007102966,-14.179731369018555,5,8553,18,0,0,0.002080107107758522,0,0,1.0,0.0,0,55,0,1,1023,0,0,0,3,0,0,0,0,1023,0,0,55,2,0,2,0,69,0,0,0,255,255,0.0,0.0,0.0,0.0,0.0,0.0,0.0,0.0,0.0,0.0,straight_run,3.526099681854248,0.06776883453130722,-0.027466680854558945,0.9408388733863831,0.02290436625480652,21.565820693969727,0.526573121547699
1.182808022922636,0.0,0.0,0.5,289,1785358614.3828428,0.9947440028190613,-0.0008735470473766327,0.49684152007102966,-14.179731369018555,5,8553,58,0,0,0.002080107107758522,0,0,1.0,0.0,0,55,0,1,1023,0,0,0,3,0,0,0,0,1023,0,0,55,2,0,2,0,69,0,0,0,255,255,0.0,0.0,0.0,0.0,0.0,0.0,0.0,0.0,0.0,0.0,straight_run,3.526099681854248,0.06718742102384567,0.012090928852558136,0.9400441646575928,0.03897186368703842,14.105755805969238,0.5316269397735596
1.186246418338109,0.0,0.0,0.5,289,1785358614.407904,0.9878193140029907,0.03809310123324394,0.49768689274787903,4.15522575378418,5,7174,118,0,0,0.002080107107758522,0,0,1.0,0.0,0,55,0,1,1023,0,0,0,3,0,0,0,0,1023,0,0,55,2,0,2,0,69,0,0,0,255,255,0.0,0.0,0.0,0.0,0.0,0.0,0.0,0.0,0.0,0.0,straight_run,3.5736072063446045,0.05172714963555336,0.010199561715126038,0.9316582083702087,0.03470100834965706,10.015863418579102,0.5368897318840027
1.1896848137535816,0.0,0.0,0.5,289,1785358614.428573,0.9906682968139648,0.050923604518175125,0.4985365569591522,8.53475284576416,5,8019,118,0,0,0.002080107107758522,0,0,1.0,0.0,0,55,0,1,1023,0,0,0,3,0,0,0,0,1023,0,0,55,2,0,2,0,69,0,0,0,255,255,0.0,0.0,0.0,0.0,0.0,0.0,0.0,0.0,0.0,0.0,straight_run,3.5736072063446045,0.05172714963555336,0.010199561715126038,0.9316582083702087,0.03470100834965706,10.015863418579102,0.5368897318840027
1.1931232091690545,0.0,0.0,0.5,289,1785358614.449038,0.994052529335022,0.037497684359550476,0.4984695017337799,5.995138168334961,5,8459,26,0,0,0.0012502629542723298,0,0,1.0,0.0,0,55,0,1,1023,0,0,0,3,0,0,0,0,1023,0,0,55,2,0,2,0,69,0,0,0,255,255,0.0,0.0,0.0,0.0,0.0,0.0,0.0,0.0,0.0,0.0,straight_run,3.5736072063446045,0.03968733176589012,0.013977079652249813,0.9235451817512512,0.03304516151547432,7.652065277099609,0.539929211139679
1.196561604584527,0.0,0.0,0.5,289,1785358614.470695,0.994052529335022,0.037497684359550476,0.4984695017337799,5.995138168334961,5,8459,26,0,0,0.0012502629542723298,0,0,1.0,0.0,0,55,0,1,1023,0,0,0,3,0,0,0,0,1023,0,0,55,2,0,2,0,69,0,0,0,255,255,0.0,0.0,0.0,0.0,0.0,0.0,0.0,0.0,0.0,0.0,straight_run,3.5736072063446045,0.03968733176589012,0.013977079652249813,0.9235451817512512,0.03304516151547432,7.652065277099609,0.539929211139679
1.2,0.0,0.0,0.5,289,1785358614.491723,0.994052529335022,0.037497684359550476,0.4984695017337799,5.995138168334961,5,8459,26,0,0,0.0012502629542723298,0,0,1.0,0.0,0,55,0,1,1023,0,0,0,3,0,0,0,0,1023,0,0,55,2,0,2,0,69,0,0,0,255,255,0.0,0.0,0.0,0.0,0.0,0.0,0.0,0.0,0.0,0.0,straight_run,3.594721555709839,0.03968733176589012,0.013977079652249813,0.9235451817512512,0.03304516151547432,7.652065277099609,0.539929211139679
0.9408312439918518,0.03567991405725479,0.0,0.5389471054077148,289,1785358614.615722,0.9989876747131348,0.04120362550020218,0.4982919991016388,7.889840602874756,5,7995,3,0,0,0.0009117736481130123,0,0,1.0,0.0,0,57,0,1,1023,0,0,0,0,256,0,0,0,1023,0,0,57,1,0,1,0,59,0,0,0,255,255,0.0,0.0,0.0,0.0,0.0,0.0,0.0,0.0,0.0,0.0,land,3.7161290645599365,0.10034111887216568,0.0363038070499897,0.9408312439918518,0.03567991405725479,3.1876540184020996,0.5389471054077148
0.9408312439918518,0.03567991405725479,0.0,0.5340082457571319,289,1785358614.6386838,0.9989876747131348,0.04120362550020218,0.4982919991016388,7.889840602874756,5,7995,3,0,0,0.0009117736481130123,0,0,1.0,0.0,0,57,0,1,1023,0,0,0,0,256,0,0,0,1023,0,0,57,1,0,1,0,59,0,0,0,255,255,0.0,0.0,0.0,0.0,0.0,0.0,0.0,0.0,0.0,0.0,land,3.7161290645599365,0.10034111887216568,0.0363038070499897,0.9408312439918518,0.03567991405725479,3.1876540184020996,0.5389471054077148
0.9408312439918518,0.03567991405725479,0.0,0.5290693861065489,289,1785358614.6618161,0.9989876747131348,0.04120362550020218,0.4982919991016388,7.889840602874756,5,7995,3,0,0,0.0009117736481130123,0,0,1.0,0.0,0,57,0,1,1023,0,0,0,0,256,0,0,0,1023,0,0,57,1,0,1,0,59,0,0,0,255,255,0.0,0.0,0.0,0.0,0.0,0.0,0.0,0.0,0.0,0.0,land,3.7161290645599365,0.13834373652935028,0.04347904771566391,0.9509313702583313,0.044281817972660065,1.9594887495040894,0.5299952030181885
0.9408312439918518,0.03567991405725479,0.0,0.5241305264559659,289,1785358614.686893,0.9989876747131348,0.04120362550020218,0.4982919991016388,7.889840602874756,5,7995,3,0,0,0.0009117736481130123,0,0,1.0,0.0,0,57,0,1,1023,0,0,0,0,256,0,0,0,1023,0,0,57,1,0,1,0,59,0,0,0,255,255,0.0,0.0,0.0,0.0,0.0,0.0,0.0,0.0,0.0,0.0,land,3.7161290645599365,0.13834373652935028,0.04347904771566391,0.9509313702583313,0.044281817972660065,1.9594887495040894,0.5299952030181885
0.9408312439918518,0.03567991405725479,0.0,0.519191666805383,289,1785358614.710957,0.9989876747131348,0.04120362550020218,0.4982919991016388,7.889840602874756,5,7995,3,0,0,0.0009117736481130123,0,0,1.0,0.0,0,57,0,1,1023,0,0,0,0,256,0,0,0,1023,0,0,58,1,0,1,0,59,0,0,0,255,255,0.0,0.0,0.0,0.0,0.0,0.0,0.0,0.0,0.0,0.0,land,3.605278730392456,0.1845158040523529,0.024630693718791008,0.9587310552597046,0.043651845306158066,0.8790103197097778,0.5140212178230286
0.9408312439918518,0.03567991405725479,0.0,0.5142528071547999,289,1785358614.734752,0.9989876747131348,0.04120362550020218,0.4982919991016388,7.889840602874756,5,7995,3,0,0,0.0009117736481130123,0,0,1.0,0.0,0,57,0,1,1023,0,0,0,0,256,0,0,0,1023,0,0,58,1,0,1,0,59,0,0,0,255,255,0.0,0.0,0.0,0.0,0.0,0.0,0.0,0.0,0.0,0.0,land,3.605278730392456,0.1845158040523529,0.024630693718791008,0.9587310552597046,0.043651845306158066,0.8790103197097778,0.5140212178230286
0.9408312439918518,0.03567991405725479,0.0,0.509313947504217,289,1785358614.7559092,0.9989876747131348,0.04120362550020218,0.4982919991016388,7.889840602874756,5,7995,3,0,0,0.0009117736481130123,0,0,1.0,0.0,0,57,0,1,1023,0,0,0,0,256,0,0,0,1023,0,0,58,1,0,1,0,59,0,0,0,255,255,0.0,0.0,0.0,0.0,0.0,0.0,0.0,0.0,0.0,0.0,land,3.605278730392456,0.22927707433700562,0.0025484971702098846,0.9802417755126953,0.0385759137570858,0.04846746101975441,0.4936228394508362
0.9408312439918518,0.03567991405725479,0.0,0.5043750878536339,289,1785358614.776858,0.9989876747131348,0.04120362550020218,0.4982919991016388,7.889840602874756,5,7995,3,0,0,0.0009117736481130123,0,0,1.0,0.0,0,57,0,1,1023,0,0,0,0,256,0,0,0,1023,0,0,58,1,0,1,0,59,0,0,0,255,255,0.0,0.0,0.0,0.0,0.0,0.0,0.0,0.0,0.0,0.0,land,3.605278730392456,0.22927707433700562,0.0025484971702098846,0.9802417755126953,0.0385759137570858,0.04846746101975441,0.4936228394508362
0.9408312439918518,0.03567991405725479,0.0,0.499436228203051,289,1785358614.797715,0.9989876747131348,0.04120362550020218,0.4982919991016388,7.889840602874756,5,7995,3,0,0,0.0009117736481130123,0,0,1.0,0.0,0,57,0,1,1023,0,0,0,0,256,0,0,0,1023,0,0,59,1,0,1,0,59,0,0,0,255,255,0.0,0.0,0.0,0.0,0.0,0.0,0.0,0.0,0.0,0.0,land,3.4416422843933105,0.22250355780124664,-0.001427162322215736,0.9913226366043091,0.03861423581838608,-3.6233747005462646,0.47358280420303345
0.9408312439918518,0.03567991405725479,0.0,0.49449736855246806,289,1785358614.820309,0.9989876747131348,0.04120362550020218,0.4982919991016388,7.889840602874756,5,7995,3,0,0,0.0009117736481130123,0,0,1.0,0.0,0,57,0,1,1023,0,0,0,0,256,0,0,0,1023,0,0,59,1,0,1,0,59,0,0,0,255,255,0.0,0.0,0.0,0.0,0.0,0.0,0.0,0.0,0.0,0.0,land,3.4416422843933105,0.22250355780124664,-0.001427162322215736,0.9913226366043091,0.03861423581838608,-3.6233747005462646,0.47358280420303345
0.9408312439918518,0.03567991405725479,0.0,0.48955850890188507,289,1785358614.842714,0.9989876747131348,0.04120362550020218,0.4982919991016388,7.889840602874756,5,7995,3,0,0,0.0009117736481130123,0,0,1.0,0.0,0,57,0,1,1023,0,0,0,0,256,0,0,0,1023,0,0,59,1,0,1,0,59,0,0,0,255,255,0.0,0.0,0.0,0.0,0.0,0.0,0.0,0.0,0.0,0.0,land,3.4416422843933105,0.0898590013384819,0.05392524227499962,1.0008255243301392,0.03501847758889198,-8.447957038879395,0.4208628535270691
0.9408312439918518,0.03567991405725479,0.0,0.4846196492513021,289,1785358614.865563,0.9989876747131348,0.04120362550020218,0.4982919991016388,7.889840602874756,5,7995,3,0,0,0.0009117736481130123,0,0,1.0,0.0,0,57,0,1,1023,0,0,0,0,256,0,0,0,1023,0,0,59,1,0,1,0,59,0,0,0,255,255,0.0,0.0,0.0,0.0,0.0,0.0,0.0,0.0,0.0,0.0,land,3.4416422843933105,0.0898590013384819,0.05392524227499962,1.0008255243301392,0.03501847758889198,-8.447957038879395,0.4208628535270691
0.9408312439918518,0.03567991405725479,0.0,0.4796807896007191,289,1785358614.885726,0.9989876747131348,0.04120362550020218,0.4982919991016388,7.889840602874756,5,7995,3,0,0,0.0009117736481130123,0,0,1.0,0.0,0,57,0,1,1023,0,0,0,0,256,0,0,0,1023,0,0,59,1,0,1,0,59,0,0,0,255,255,0.0,0.0,0.0,0.0,0.0,0.0,0.0,0.0,0.0,0.0,land,3.4416422843933105,0.0898590013384819,0.05392524227499962,1.0008255243301392,0.03501847758889198,-8.447957038879395,0.4208628535270691
0.9408312439918518,0.03567991405725479,0.0,0.4747419299501361,289,1785358614.910912,0.9989876747131348,0.04120362550020218,0.4982919991016388,7.889840602874756,5,7995,3,0,0,0.0009117736481130123,0,0,1.0,0.0,0,57,0,1,1023,0,0,0,0,256,0,0,0,1023,0,0,60,1,0,1,0,59,0,0,0,255,255,0.0,0.0,0.0,0.0,0.0,0.0,0.0,0.0,0.0,0.0,land,3.4152493476867676,-0.13120900094509125,0.14282061159610748,1.0020415782928467,0.03257770463824272,-10.242295265197754,0.2630575895309448
0.9408312439918518,0.03567991405725479,0.0,0.46980307029955315,289,1785358614.93471,0.9989876747131348,0.04120362550020218,0.4982919991016388,7.889840602874756,5,7995,3,0,0,0.0009117736481130123,0,0,1.0,0.0,0,57,0,1,1023,0,0,0,0,256,0,0,0,1023,0,0,60,1,0,1,0,59,0,0,0,255,255,0.0,0.0,0.0,0.0,0.0,0.0,0.0,0.0,0.0,0.0,land,3.4152493476867676,-0.13120900094509125,0.14282061159610748,1.0020415782928467,0.03257770463824272,-10.242295265197754,0.2630575895309448
0.9408312439918518,0.03567991405725479,0.0,0.46486421064897016,289,1785358614.956737,0.9989876747131348,0.04120362550020218,0.4982919991016388,7.889840602874756,5,7995,3,0,0,0.0009117736481130123,0,0,1.0,0.0,0,57,0,1,1023,0,0,0,0,256,0,0,0,1023,0,0,60,1,0,1,0,59,0,0,0,255,255,0.0,0.0,0.0,0.0,0.0,0.0,0.0,0.0,0.0,0.0,land,3.4152493476867676,-0.24677543342113495,0.17115508019924164,1.0300098657608032,0.025870980694890022,-10.762626647949219,0.17963890731334686
0.9408312439918518,0.03567991405725479,0.0,0.45992535099838716,289,1785358614.981798,0.9989876747131348,0.04120362550020218,0.4982919991016388,7.889840602874756,5,7995,3,0,0,0.0009117736481130123,0,0,1.0,0.0,0,57,0,1,1023,0,0,0,0,256,0,0,0,1023,0,0,60,1,0,1,0,59,0,0,0,255,255,0.0,0.0,0.0,0.0,0.0,0.0,0.0,0.0,0.0,0.0,land,3.4152493476867676,-0.24677543342113495,0.17115508019924164,1.0300098657608032,0.025870980694890022,-10.762626647949219,0.17963890731334686
0.9408312439918518,0.03567991405725479,0.0,0.4549864913478042,289,1785358615.005779,0.9989876747131348,0.04120362550020218,0.4982919991016388,7.889840602874756,5,7995,3,0,0,0.0009117736481130123,0,0,1.0,0.0,0,57,0,1,1023,0,0,0,0,256,0,0,0,1023,0,0,61,1,0,1,0,59,0,0,0,255,255,0.0,0.0,0.0,0.0,0.0,0.0,0.0,0.0,0.0,0.0,land,3.3624634742736816,-0.517223596572876,0.24142159521579742,0.8859094977378845,0.06440143287181854,-10.830525398254395,0.3047959804534912
0.9408312439918518,0.03567991405725479,0.0,0.45004763169722123,289,1785358615.027982,0.9989876747131348,0.04120362550020218,0.4982919991016388,7.889840602874756,5,7995,3,0,0,0.0009117736481130123,0,0,1.0,0.0,0,57,0,1,1023,0,0,0,0,256,0,0,0,1023,0,0,61,1,0,1,0,59,0,0,0,255,255,0.0,0.0,0.0,0.0,0.0,0.0,0.0,0.0,0.0,0.0,land,3.3624634742736816,-0.517223596572876,0.24142159521579742,0.8859094977378845,0.06440143287181854,-10.830525398254395,0.3047959804534912
0.9408312439918518,0.03567991405725479,0.0,0.44510877204663823,289,1785358615.0526872,0.9989876747131348,0.04120362550020218,0.4982919991016388,7.889840602874756,5,7995,3,0,0,0.0009117736481130123,0,0,1.0,0.0,0,57,0,1,1023,0,0,0,0,256,0,0,0,1023,0,0,61,1,0,1,0,59,0,0,0,255,255,0.0,0.0,0.0,0.0,0.0,0.0,0.0,0.0,0.0,0.0,land,3.3624634742736816,-0.5619147419929504,0.2058568149805069,0.8191413879394531,0.07402003556489944,-9.615266799926758,0.35556167364120483
0.9408312439918518,0.03567991405725479,0.0,0.4401699123960553,289,1785358615.074678,0.9989876747131348,0.04120362550020218,0.4982919991016388,7.889840602874756,5,7995,3,0,0,0.0009117736481130123,0,0,1.0,0.0,0,57,0,1,1023,0,0,0,0,256,0,0,0,1023,0,0,61,1,0,1,0,59,0,0,0,255,255,0.0,0.0,0.0,0.0,0.0,0.0,0.0,0.0,0.0,0.0,land,3.3624634742736816,-0.5619147419929504,0.2058568149805069,0.8191413879394531,0.07402003556489944,-9.615266799926758,0.35556167364120483
0.9408312439918518,0.03567991405725479,0.0,0.4352310527454723,289,1785358615.0995781,0.9989876747131348,0.04120362550020218,0.4982919991016388,7.889840602874756,5,7995,3,0,0,0.0009117736481130123,0,0,1.0,0.0,0,57,0,1,1023,0,0,0,0,256,0,0,0,1023,0,0,62,1,0,1,0,59,0,0,0,255,255,0.0,0.0,0.0,0.0,0.0,0.0,0.0,0.0,0.0,0.0,land,3.7161290645599365,-0.5156172513961792,0.15265671908855438,0.7741354703903198,0.08030722290277481,-8.096625328063965,0.40253257751464844
0.9408312439918518,0.03567991405725479,0.0,0.4302921930948893,289,1785358615.123374,0.9989876747131348,0.04120362550020218,0.4982919991016388,7.889840602874756,5,7995,3,0,0,0.0009117736481130123,0,0,1.0,0.0,0,57,0,1,1023,0,0,0,0,256,0,0,0,1023,0,0,62,1,0,1,0,59,0,0,0,255,255,0.0,0.0,0.0,0.0,0.0,0.0,0.0,0.0,0.0,0.0,land,3.7161290645599365,-0.5156172513961792,0.15265671908855438,0.7741354703903198,0.08030722290277481,-8.096625328063965,0.40253257751464844
0.9408312439918518,0.03567991405725479,0.0,0.42535333344430637,289,1785358615.144825,0.9989876747131348,0.04120362550020218,0.4982919991016388,7.889840602874756,5,7995,3,0,0,0.0009117736481130123,0,0,1.0,0.0,0,57,0,1,1023,0,0,0,0,256,0,0,0,1023,0,0,62,1,0,1,0,59,0,0,0,255,255,0.0,0.0,0.0,0.0,0.0,0.0,0.0,0.0,0.0,0.0,land,3.7161290645599365,-0.44135382771492004,0.10626620799303055,0.7403994798660278,0.08702263236045837,-6.490952968597412,0.44029492139816284
0.9408312439918518,0.03567991405725479,0.0,0.4204144737937234,289,1785358615.169919,0.9989876747131348,0.04120362550020218,0.4982919991016388,7.889840602874756,5,7995,3,0,0,0.0009117736481130123,0,0,1.0,0.0,0,57,0,1,1023,0,0,0,0,256,0,0,0,1023,0,0,62,1,0,1,0,59,0,0,0,255,255,0.0,0.0,0.0,0.0,0.0,0.0,0.0,0.0,0.0,0.0,land,3.7161290645599365,-0.44135382771492004,0.10626620799303055,0.7403994798660278,0.08702263236045837,-6.490952968597412,0.44029492139816284
0.9408312439918518,0.03567991405725479,0.0,0.4154756141431404,289,1785358615.194714,0.9989876747131348,0.04120362550020218,0.4982919991016388,7.889840602874756,5,7995,3,0,0,0.0009117736481130123,0,0,1.0,0.0,0,57,0,1,1023,0,0,0,0,256,0,0,0,1023,0,0,62,1,0,1,0,59,0,0,0,255,255,0.0,0.0,0.0,0.0,0.0,0.0,0.0,0.0,0.0,0.0,land,3.7266862392425537,-0.34244242310523987,0.05520228296518326,0.7253274917602539,0.08758219331502914,-5.028147220611572,0.45623695850372314
0.9408312439918518,0.03567991405725479,0.0,0.4105367544925574,289,1785358615.219674,0.9989876747131348,0.04120362550020218,0.4982919991016388,7.889840602874756,5,7995,3,0,0,0.0009117736481130123,0,0,1.0,0.0,0,57,0,1,1023,0,0,0,0,256,0,0,0,1023,0,0,63,1,0,1,0,59,0,0,0,255,255,0.0,0.0,0.0,0.0,0.0,0.0,0.0,0.0,0.0,0.0,land,3.7266862392425537,-0.34244242310523987,0.05520228296518326,0.7253274917602539,0.08758219331502914,-5.028147220611572,0.45623695850372314
0.9408312439918518,0.03567991405725479,0.0,0.40559789484197445,289,1785358615.241688,0.9989876747131348,0.04120362550020218,0.4982919991016388,7.889840602874756,5,7995,3,0,0,0.0009117736481130123,0,0,1.0,0.0,0,57,0,1,1023,0,0,0,0,256,0,0,0,1023,0,0,63,1,0,1,0,59,0,0,0,255,255,0.0,0.0,0.0,0.0,0.0,0.0,0.0,0.0,0.0,0.0,land,3.7266862392425537,-0.23424267768859863,0.014009734615683556,0.7182323932647705,0.08767296373844147,-3.8310024738311768,0.45498067140579224
0.9408312439918518,0.03567991405725479,0.0,0.40065903519139145,289,1785358615.2619278,0.9989876747131348,0.04120362550020218,0.4982919991016388,7.889840602874756,5,7995,3,0,0,0.0009117736481130123,0,0,1.0,0.0,0,57,0,1,1023,0,0,0,0,256,0,0,0,1023,0,0,63,1,0,1,0,59,0,0,0,255,255,0.0,0.0,0.0,0.0,0.0,0.0,0.0,0.0,0.0,0.0,land,3.7266862392425537,-0.23424267768859863,0.014009734615683556,0.7182323932647705,0.08767296373844147,-3.8310024738311768,0.45498067140579224
0.9408312439918518,0.03567991405725479,0.0,0.39572017554080846,289,1785358615.2837372,0.9989876747131348,0.04120362550020218,0.4982919991016388,7.889840602874756,5,7995,3,0,0,0.0009117736481130123,0,0,1.0,0.0,0,57,0,1,1023,0,0,0,0,256,0,0,0,1023,0,0,63,1,0,1,0,59,0,0,0,255,255,0.0,0.0,0.0,0.0,0.0,0.0,0.0,0.0,0.0,0.0,land,3.7266862392425537,-0.23424267768859863,0.014009734615683556,0.7182323932647705,0.08767296373844147,-3.8310024738311768,0.45498067140579224
0.9408312439918518,0.03567991405725479,0.0,0.39078131589022547,289,1785358615.306974,0.9989876747131348,0.04120362550020218,0.4982919991016388,7.889840602874756,5,7995,3,0,0,0.0009117736481130123,0,0,1.0,0.0,0,57,0,1,1023,0,0,0,0,256,0,0,0,1023,0,0,64,1,0,1,0,59,0,0,0,255,255,0.0,0.0,0.0,0.0,0.0,0.0,0.0,0.0,0.0,0.0,land,3.6105573177337646,-0.10340412706136703,-0.030162841081619263,0.7140918374061584,0.08617240935564041,-2.9826462268829346,0.43602389097213745
0.9408312439918518,0.03567991405725479,0.0,0.38584245623964253,289,1785358615.327687,0.9989876747131348,0.04120362550020218,0.4982919991016388,7.889840602874756,5,7995,3,0,0,0.0009117736481130123,0,0,1.0,0.0,0,57,0,1,1023,0,0,0,0,256,0,0,0,1023,0,0,64,1,0,1,0,59,0,0,0,255,255,0.0,0.0,0.0,0.0,0.0,0.0,0.0,0.0,0.0,0.0,land,3.6105573177337646,-0.10340412706136703,-0.030162841081619263,0.7140918374061584,0.08617240935564041,-2.9826462268829346,0.43602389097213745
0.9408312439918518,0.03567991405725479,0.0,0.38090359658905953,289,1785358615.351866,0.9989876747131348,0.04120362550020218,0.4982919991016388,7.889840602874756,5,7995,3,0,0,0.0009117736481130123,0,0,1.0,0.0,0,57,0,1,1023,0,0,0,0,256,0,0,0,1023,0,0,64,1,0,1,0,59,0,0,0,255,255,0.0,0.0,0.0,0.0,0.0,0.0,0.0,0.0,0.0,0.0,land,3.6105573177337646,0.0565875843167305,-0.06886745244264603,0.7157190442085266,0.08444996923208237,-2.531630516052246,0.39189186692237854
0.9408312439918518,0.03567991405725479,0.0,0.37596473693847654,289,1785358615.372746,0.9989876747131348,0.04120362550020218,0.4982919991016388,7.889840602874756,5,7995,3,0,0,0.0009117736481130123,0,0,1.0,0.0,0,57,0,1,1023,0,0,0,0,256,0,0,0,1023,0,0,64,1,0,1,0,59,0,0,0,255,255,0.0,0.0,0.0,0.0,0.0,0.0,0.0,0.0,0.0,0.0,land,3.6105573177337646,0.0565875843167305,-0.06886745244264603,0.7157190442085266,0.08444996923208237,-2.531630516052246,0.39189186692237854
0.9408312439918518,0.03567991405725479,0.0,0.3710258772878936,289,1785358615.395693,0.9989876747131348,0.04120362550020218,0.4982919991016388,7.889840602874756,5,7995,3,0,0,0.0009117736481130123,0,0,1.0,0.0,0,57,0,1,1023,0,0,0,0,256,0,0,0,1023,0,0,64,1,0,1,0,59,0,0,0,255,255,0.0,0.0,0.0,0.0,0.0,0.0,0.0,0.0,0.0,0.0,land,3.4838709831237793,0.2524953782558441,-0.10814091563224792,0.7284529209136963,0.07913518697023392,-2.3720107078552246,0.35292893648147583
0.9408312439918518,0.03567991405725479,0.0,0.3660870176373106,289,1785358615.419221,0.9989876747131348,0.04120362550020218,0.4982919991016388,7.889840602874756,5,7995,3,0,0,0.0009117736481130123,0,0,1.0,0.0,0,57,0,1,1023,0,0,0,0,256,0,0,0,1023,0,0,64,1,0,1,0,59,0,0,0,255,255,0.0,0.0,0.0,0.0,0.0,0.0,0.0,0.0,0.0,0.0,land,3.4838709831237793,0.2524953782558441,-0.10814091563224792,0.7284529209136963,0.07913518697023392,-2.3720107078552246,0.35292893648147583
0.9408312439918518,0.03567991405725479,0.0,0.3611481579867276,289,1785358615.443754,0.9989876747131348,0.04120362550020218,0.4982919991016388,7.889840602874756,5,7995,3,0,0,0.0009117736481130123,0,0,1.0,0.0,0,57,0,1,1023,0,0,0,0,256,0,0,0,1023,0,0,64,1,0,1,0,59,0,0,0,255,255,0.0,0.0,0.0,0.0,0.0,0.0,0.0,0.0,0.0,0.0,land,3.4838709831237793,0.41369929909706116,-0.13829082250595093,0.7429934144020081,0.07346416264772415,-2.3880693912506104,0.3181911110877991
0.9408312439918518,0.03567991405725479,0.0,0.3562092983361447,289,1785358615.4657059,0.9989876747131348,0.04120362550020218,0.4982919991016388,7.889840602874756,5,7995,3,0,0,0.0009117736481130123,0,0,1.0,0.0,0,57,0,1,1023,0,0,0,0,256,0,0,0,1023,0,0,64,1,0,1,0,59,0,0,0,255,255,0.0,0.0,0.0,0.0,0.0,0.0,0.0,0.0,0.0,0.0,land,3.4838709831237793,0.41369929909706116,-0.13829082250595093,0.7429934144020081,0.07346416264772415,-2.3880693912506104,0.3181911110877991
0.9408312439918518,0.03567991405725479,0.0,0.3512704386855617,289,1785358615.4900339,0.9989876747131348,0.04120362550020218,0.4982919991016388,7.889840602874756,5,7995,3,0,0,0.0009117736481130123,0,0,1.0,0.0,0,57,0,1,1023,0,0,0,0,256,0,0,0,1023,0,0,64,1,0,1,0,59,0,0,0,255,255,0.0,0.0,0.0,0.0,0.0,0.0,0.0,0.0,0.0,0.0,land,3.4838709831237793,0.41369929909706116,-0.13829082250595093,0.7429934144020081,0.07346416264772415,-2.3880693912506104,0.3181911110877991
0.9408312439918518,0.03567991405725479,0.0,0.3463315790349787,289,1785358615.515102,0.9989876747131348,0.04120362550020218,0.4982919991016388,7.889840602874756,5,7995,3,0,0,0.0009117736481130123,0,0,1.0,0.0,0,57,0,1,1023,0,0,0,0,256,0,0,0,1023,0,0,64,1,0,1,0,59,0,0,0,255,255,0.0,0.0,0.0,0.0,0.0,0.0,0.0,0.0,0.0,0.0,land,3.4680352210998535,0.5931333303451538,-0.1700538694858551,0.7672376036643982,0.06398626416921616,-2.382169723510742,0.27778005599975586
0.9408312439918518,0.03567991405725479,0.0,0.34139271938439575,289,1785358615.5400372,0.9989876747131348,0.04120362550020218,0.4982919991016388,7.889840602874756,5,7995,3,0,0,0.0009117736481130123,0,0,1.0,0.0,0,57,0,1,1023,0,0,0,0,256,0,0,0,1023,0,0,65,1,0,1,0,59,0,0,0,255,255,0.0,0.0,0.0,0.0,0.0,0.0,0.0,0.0,0.0,0.0,land,3.4680352210998535,0.6340087652206421,-0.16557703912258148,0.7735101580619812,0.06317392736673355,-2.291393518447876,0.2529800832271576
0.9408312439918518,0.03567991405725479,0.0,0.3364538597338127,289,1785358615.5615969,0.9989876747131348,0.04120362550020218,0.4982919991016388,7.889840602874756,5,7995,3,0,0,0.0009117736481130123,0,0,1.0,0.0,0,57,0,1,1023,0,0,0,0,256,0,0,0,1023,0,0,65,1,0,1,0,59,0,0,0,255,255,0.0,0.0,0.0,0.0,0.0,0.0,0.0,0.0,0.0,0.0,land,3.4680352210998535,0.6340087652206421,-0.16557703912258148,0.7735101580619812,0.06317392736673355,-2.291393518447876,0.2529800832271576
0.9408312439918518,0.03567991405725479,0.0,0.33151500008322976,289,1785358615.5859299,0.9989876747131348,0.04120362550020218,0.4982919991016388,7.889840602874756,5,7995,3,0,0,0.0009117736481130123,0,0,1.0,0.0,0,57,0,1,1023,0,0,0,0,256,0,0,0,1023,0,0,65,1,0,1,0,59,0,0,0,255,255,0.0,0.0,0.0,0.0,0.0,0.0,0.0,0.0,0.0,0.0,land,3.4680352210998535,0.6340087652206421,-0.16557703912258148,0.7735101580619812,0.06317392736673355,-2.291393518447876,0.2529800832271576
0.9408312439918518,0.03567991405725479,0.0,0.32657614043264677,289,1785358615.6112268,0.9989876747131348,0.04120362550020218,0.4982919991016388,7.889840602874756,5,7995,3,0,0,0.0009117736481130123,0,0,1.0,0.0,0,57,0,1,1023,0,0,0,0,256,0,0,0,1023,0,0,66,1,0,1,0,59,0,0,0,255,255,0.0,0.0,0.0,0.0,0.0,0.0,0.0,0.0,0.0,0.0,land,3.499706745147705,0.6905547976493835,-0.16382519900798798,0.8111512660980225,0.05371897667646408,-1.9962807893753052,0.23109032213687897
0.9408312439918518,0.03567991405725479,0.0,0.3216372807820638,289,1785358615.6316721,0.9989876747131348,0.04120362550020218,0.4982919991016388,7.889840602874756,5,7995,3,0,0,0.0009117736481130123,0,0,1.0,0.0,0,57,0,1,1023,0,0,0,0,256,0,0,0,1023,0,0,66,1,0,1,0,59,0,0,0,255,255,0.0,0.0,0.0,0.0,0.0,0.0,0.0,0.0,0.0,0.0,land,3.499706745147705,0.6905547976493835,-0.16382519900798798,0.8111512660980225,0.05371897667646408,-1.9962807893753052,0.23109032213687897
0.9408312439918518,0.03567991405725479,0.0,0.31669842113148083,289,1785358615.651822,0.9989876747131348,0.04120362550020218,0.4982919991016388,7.889840602874756,5,7995,3,0,0,0.0009117736481130123,0,0,1.0,0.0,0,57,0,1,1023,0,0,0,0,256,0,0,0,1023,0,0,66,1,0,1,0,59,0,0,0,255,255,0.0,0.0,0.0,0.0,0.0,0.0,0.0,0.0,0.0,0.0,land,3.499706745147705,0.6753637790679932,-0.15104904770851135,0.8304796814918518,0.04997391626238823,-1.7381947040557861,0.21840760111808777
0.9408312439918518,0.03567991405725479,0.0,0.31175956148089784,289,1785358615.673347,0.9989876747131348,0.04120362550020218,0.4982919991016388,7.889840602874756,5,7995,3,0,0,0.0009117736481130123,0,0,1.0,0.0,0,57,0,1,1023,0,0,0,0,256,0,0,0,1023,0,0,66,1,0,1,0,59,0,0,0,255,255,0.0,0.0,0.0,0.0,0.0,0.0,0.0,0.0,0.0,0.0,land,3.499706745147705,0.6753637790679932,-0.15104904770851135,0.8304796814918518,0.04997391626238823,-1.7381947040557861,0.21840760111808777
0.9408312439918518,0.03567991405725479,0.0,0.30682070183031485,289,1785358615.6956968,0.9989876747131348,0.04120362550020218,0.4982919991016388,7.889840602874756,5,7995,3,0,0,0.0009117736481130123,0,0,1.0,0.0,0,57,0,1,1023,0,0,0,0,256,0,0,0,1023,0,0,66,1,0,1,0,59,0,0,0,255,255,0.0,0.0,0.0,0.0,0.0,0.0,0.0,0.0,0.0,0.0,land,3.4152493476867676,0.539630115032196,-0.11936860531568527,0.8323622345924377,0.0526854582130909,-6.922264575958252,0.215067520737648
0.9408312439918518,0.03567991405725479,0.0,0.3018818421797319,289,1785358615.720248,0.9989876747131348,0.04120362550020218,0.4982919991016388,7.889840602874756,5,7995,3,0,0,0.0009117736481130123,0,0,1.0,0.0,0,57,0,1,1023,0,0,0,0,256,0,0,0,1023,0,0,66,1,0,1,0,59,0,0,0,255,255,0.0,0.0,0.0,0.0,0.0,0.0,0.0,0.0,0.0,0.0,land,3.4152493476867676,0.539630115032196,-0.11936860531568527,0.8323622345924377,0.0526854582130909,-6.922264575958252,0.215067520737648
0.9408312439918518,0.03567991405725479,0.0,0.29694298252914886,289,1785358615.7427368,0.9989876747131348,0.04120362550020218,0.4982919991016388,7.889840602874756,5,7995,3,0,0,0.0009117736481130123,0,0,1.0,0.0,0,57,0,1,1023,0,0,0,0,256,0,0,0,1023,0,0,66,1,0,1,0,59,0,0,0,255,255,0.0,0.0,0.0,0.0,0.0,0.0,0.0,0.0,0.0,0.0,land,3.4152493476867676,0.2788075804710388,-0.04374175891280174,0.8194305300712585,0.05685555189847946,-9.357830047607422,0.20239748060703278
0.9408312439918518,0.03567991405725479,0.0,0.2920041228785659,289,1785358615.7657201,0.9989876747131348,0.04120362550020218,0.4982919991016388,7.889840602874756,5,7995,3,0,0,0.0009117736481130123,0,0,1.0,0.0,0,57,0,1,1023,0,0,0,0,256,0,0,0,1023,0,0,66,1,0,1,0,59,0,0,0,255,255,0.0,0.0,0.0,0.0,0.0,0.0,0.0,0.0,0.0,0.0,land,3.4152493476867676,0.2788075804710388,-0.04374175891280174,0.8194305300712585,0.05685555189847946,-9.357830047607422,0.20239748060703278
0.9408312439918518,0.03567991405725479,0.0,0.287065263227983,289,1785358615.7896802,0.9989876747131348,0.04120362550020218,0.4982919991016388,7.889840602874756,5,7995,3,0,0,0.0009117736481130123,0,0,1.0,0.0,0,57,0,1,1023,0,0,0,0,256,0,0,0,1023,0,0,66,1,0,1,0,59,0,0,0,255,255,0.0,0.0,0.0,0.0,0.0,0.0,0.0,0.0,0.0,0.0,land,3.5102639198303223,0.2788075804710388,-0.04374175891280174,0.8194305300712585,0.05685555189847946,-9.357830047607422,0.20239748060703278
0.9408312439918518,0.03567991405725479,0.0,0.28212640357739993,289,1785358615.8105679,0.9989876747131348,0.04120362550020218,0.4982919991016388,7.889840602874756,5,7995,3,0,0,0.0009117736481130123,0,0,1.0,0.0,0,57,0,1,1023,0,0,0,0,256,0,0,0,1023,0,0,67,1,0,1,0,59,0,0,0,255,255,0.0,0.0,0.0,0.0,0.0,0.0,0.0,0.0,0.0,0.0,land,3.5102639198303223,0.06561839580535889,0.03521133214235306,0.8089532256126404,0.059567369520664215,-10.892719268798828,0.2020769715309143
0.9408312439918518,0.03567991405725479,0.0,0.277187543926817,289,1785358615.831687,0.9989876747131348,0.04120362550020218,0.4982919991016388,7.889840602874756,5,7995,3,0,0,0.0009117736481130123,0,0,1.0,0.0,0,57,0,1,1023,0,0,0,0,256,0,0,0,1023,0,0,67,1,0,1,0,59,0,0,0,255,255,0.0,0.0,0.0,0.0,0.0,0.0,0.0,0.0,0.0,0.0,land,3.5102639198303223,0.06561839580535889,0.03521133214235306,0.8089532256126404,0.059567369520664215,-10.892719268798828,0.2020769715309143
0.9408312439918518,0.03567991405725479,0.0,0.27224868427623405,289,1785358615.8571389,0.9989876747131348,0.04120362550020218,0.4982919991016388,7.889840602874756,5,7995,3,0,0,0.0009117736481130123,0,0,1.0,0.0,0,57,0,1,1023,0,0,0,0,256,0,0,0,1023,0,0,67,1,0,1,0,59,0,0,0,255,255,0.0,0.0,0.0,0.0,0.0,0.0,0.0,0.0,0.0,0.0,land,3.5102639198303223,-0.08564823865890503,0.09106077253818512,0.7870387434959412,0.07207876443862915,-11.083215713500977,0.20409680902957916
0.9408312439918518,0.03567991405725479,0.0,0.267309824625651,289,1785358615.877687,0.9989876747131348,0.04120362550020218,0.4982919991016388,7.889840602874756,5,7995,3,0,0,0.0009117736481130123,0,0,1.0,0.0,0,57,0,1,1023,0,0,0,0,256,0,0,0,1023,0,0,67,1,0,1,0,59,0,0,0,255,255,0.0,0.0,0.0,0.0,0.0,0.0,0.0,0.0,0.0,0.0,land,3.5102639198303223,-0.08564823865890503,0.09106077253818512,0.7870387434959412,0.07207876443862915,-11.083215713500977,0.20409680902957916
0.9408312439918518,0.03567991405725479,0.0,0.26237096497506807,289,1785358615.90171,0.9989876747131348,0.04120362550020218,0.4982919991016388,7.889840602874756,5,7995,3,0,0,0.0009117736481130123,0,0,1.0,0.0,0,57,0,1,1023,0,0,0,0,256,0,0,0,1023,0,0,68,1,0,1,0,59,0,0,0,255,255,0.0,0.0,0.0,0.0,0.0,0.0,0.0,0.0,0.0,0.0,land,3.5894429683685303,-0.13854095339775085,0.09594333916902542,0.7712515592575073,0.07918799668550491,-10.343173027038574,0.20498046278953552
0.9408312439918518,0.03567991405725479,0.0,0.25743210532448507,289,1785358615.925143,0.9989876747131348,0.04120362550020218,0.4982919991016388,7.889840602874756,5,7995,3,0,0,0.0009117736481130123,0,0,1.0,0.0,0,57,0,1,1023,0,0,0,0,256,0,0,0,1023,0,0,68,1,0,1,0,59,0,0,0,255,255,0.0,0.0,0.0,0.0,0.0,0.0,0.0,0.0,0.0,0.0,land,3.5894429683685303,-0.13854095339775085,0.09594333916902542,0.7712515592575073,0.07918799668550491,-10.343173027038574,0.20498046278953552
0.9408312439918518,0.03567991405725479,0.0,0.2524932456739021,289,1785358615.945693,0.9989876747131348,0.04120362550020218,0.4982919991016388,7.889840602874756,5,7995,3,0,0,0.0009117736481130123,0,0,1.0,0.0,0,57,0,1,1023,0,0,0,0,256,0,0,0,1023,0,0,68,1,0,1,0,59,0,0,0,255,255,0.0,0.0,0.0,0.0,0.0,0.0,0.0,0.0,0.0,0.0,land,3.5894429683685303,-0.13136515021324158,0.08345742523670197,0.7580839395523071,0.08586207777261734,-9.120707511901855,0.20886950194835663
0.9408312439918518,0.03567991405725479,0.0,0.24755438602331914,289,1785358615.970283,0.9989876747131348,0.04120362550020218,0.4982919991016388,7.889840602874756,5,7995,3,0,0,0.0009117736481130123,0,0,1.0,0.0,0,57,0,1,1023,0,0,0,0,256,0,0,0,1023,0,0,68,1,0,1,0,59,0,0,0,255,255,0.0,0.0,0.0,0.0,0.0,0.0,0.0,0.0,0.0,0.0,land,3.5894429683685303,-0.13136515021324158,0.08345742523670197,0.7580839395523071,0.08586207777261734,-9.120707511901855,0.20886950194835663
0.9408312439918518,0.03567991405725479,0.0,0.24261552637273615,289,1785358615.995363,0.9989876747131348,0.04120362550020218,0.4982919991016388,7.889840602874756,5,7995,3,0,0,0.0009117736481130123,0,0,1.0,0.0,0,57,0,1,1023,0,0,0,0,256,0,0,0,1023,0,0,68,1,0,1,0,59,0,0,0,255,255,0.0,0.0,0.0,0.0,0.0,0.0,0.0,0.0,0.0,0.0,land,3.605278730392456,-0.08451563119888306,0.0637749657034874,0.7476732134819031,0.09267742931842804,-7.80631685256958,0.21424958109855652
0.9408312439918518,0.03567991405725479,0.0,0.2376766667221532,289,1785358616.0168,0.9989876747131348,0.04120362550020218,0.4982919991016388,7.889840602874756,5,7995,3,0,0,0.0009117736481130123,0,0,1.0,0.0,0,57,0,1,1023,0,0,0,0,256,0,0,0,1023,0,0,69,1,0,1,0,59,0,0,0,255,255,0.0,0.0,0.0,0.0,0.0,0.0,0.0,0.0,0.0,0.0,land,3.605278730392456,-0.08451563119888306,0.0637749657034874,0.7476732134819031,0.09267742931842804,-7.80631685256958,0.21424958109855652
0.9408312439918518,0.03567991405725479,0.0,0.23273780707157016,289,1785358616.039767,0.9989876747131348,0.04120362550020218,0.4982919991016388,7.889840602874756,5,7995,3,0,0,0.0009117736481130123,0,0,1.0,0.0,0,57,0,1,1023,0,0,0,0,256,0,0,0,1023,0,0,69,1,0,1,0,59,0,0,0,255,255,0.0,0.0,0.0,0.0,0.0,0.0,0.0,0.0,0.0,0.0,land,3.605278730392456,-0.08451563119888306,0.0637749657034874,0.7476732134819031,0.09267742931842804,-7.80631685256958,0.21424958109855652
0.9408312439918518,0.03567991405725479,0.0,0.22779894742098722,289,1785358616.061652,0.9989876747131348,0.04120362550020218,0.4982919991016388,7.889840602874756,5,7995,3,0,0,0.0009117736481130123,0,0,1.0,0.0,0,57,0,1,1023,0,0,0,0,256,0,0,0,1023,0,0,69,1,0,1,0,59,0,0,0,255,255,0.0,0.0,0.0,0.0,0.0,0.0,0.0,0.0,0.0,0.0,land,3.605278730392456,-0.005028133280575275,0.02716582454741001,0.7434760332107544,0.09541135281324387,-6.5575127601623535,0.21703961491584778
0.9408312439918518,0.03567991405725479,0.0,0.22286008777040422,289,1785358616.082537,0.9989876747131348,0.04120362550020218,0.4982919991016388,7.889840602874756,5,7995,3,0,0,0.0009117736481130123,0,0,1.0,0.0,0,57,0,1,1023,0,0,0,0,256,0,0,0,1023,0,0,69,1,0,1,0,59,0,0,0,255,255,0.0,0.0,0.0,0.0,0.0,0.0,0.0,0.0,0.0,0.0,land,3.605278730392456,-0.005028133280575275,0.02716582454741001,0.7434760332107544,0.09541135281324387,-6.5575127601623535,0.21703961491584778
0.9408312439918518,0.03567991405725479,0.0,0.21792122811982123,289,1785358616.106696,0.9989876747131348,0.04120362550020218,0.4982919991016388,7.889840602874756,5,7995,3,0,0,0.0009117736481130123,0,0,1.0,0.0,0,57,0,1,1023,0,0,0,0,256,0,0,0,1023,0,0,70,1,0,1,0,59,0,0,0,255,255,0.0,0.0,0.0,0.0,0.0,0.0,0.0,0.0,0.0,0.0,land,3.6000001430511475,0.08293242007493973,-0.00623460253700614,0.744030237197876,0.09698396176099777,-5.438224792480469,0.21711522340774536
0.9408312439918518,0.03567991405725479,0.0,0.2129823684692383,289,1785358616.128706,0.9989876747131348,0.04120362550020218,0.4982919991016388,7.889840602874756,5,7995,3,0,0,0.0009117736481130123,0,0,1.0,0.0,0,57,0,1,1023,0,0,0,0,256,0,0,0,1023,0,0,70,1,0,1,0,59,0,0,0,255,255,0.0,0.0,0.0,0.0,0.0,0.0,0.0,0.0,0.0,0.0,land,3.6000001430511475,0.08293242007493973,-0.00623460253700614,0.744030237197876,0.09698396176099777,-5.438224792480469,0.21711522340774536
0.9408312439918518,0.03567991405725479,0.0,0.2080435088186553,289,1785358616.1537228,0.9989876747131348,0.04120362550020218,0.4982919991016388,7.889840602874756,5,7995,3,0,0,0.0009117736481130123,0,0,1.0,0.0,0,57,0,1,1023,0,0,0,0,256,0,0,0,1023,0,0,70,1,0,1,0,59,0,0,0,255,255,0.0,0.0,0.0,0.0,0.0,0.0,0.0,0.0,0.0,0.0,land,3.6000001430511475,0.16848963499069214,-0.03555858135223389,0.7492185235023499,0.09712936729192734,-4.496487140655518,0.21107980608940125
0.9408312439918518,0.03567991405725479,0.0,0.2031046491680723,289,1785358616.177552,0.9989876747131348,0.04120362550020218,0.4982919991016388,7.889840602874756,5,7995,3,0,0,0.0009117736481130123,0,0,1.0,0.0,0,57,0,1,1023,0,0,0,0,256,0,0,0,1023,0,0,70,1,0,1,0,59,0,0,0,255,255,0.0,0.0,0.0,0.0,0.0,0.0,0.0,0.0,0.0,0.0,land,3.6000001430511475,0.16848963499069214,-0.03555858135223389,0.7492185235023499,0.09712936729192734,-4.496487140655518,0.21107980608940125
0.9408312439918518,0.03567991405725479,0.0,0.1981657895174893,289,1785358616.19904,0.9989876747131348,0.04120362550020218,0.4982919991016388,7.889840602874756,5,7995,3,0,0,0.0009117736481130123,0,0,1.0,0.0,0,57,0,1,1023,0,0,0,0,256,0,0,0,1023,0,0,71,1,0,1,0,59,0,0,0,255,255,0.0,0.0,0.0,0.0,0.0,0.0,0.0,0.0,0.0,0.0,land,3.5736072063446045,0.2759203612804413,-0.0738358125090599,0.7622323036193848,0.09424509853124619,-3.5077197551727295,0.20219026505947113
0.778975784778595,0.08962733298540115,0.0,0.19489791989326477,289,1785358616.25669,0.9989876747131348,0.04120362550020218,0.4982919991016388,7.889840602874756,5,7995,3,0,0,0.0009117736481130123,0,0,1.0,0.0,0,57,0,1,1023,0,0,0,0,256,0,0,0,1023,0,0,71,1,0,1,0,59,0,0,0,255,255,0.0,0.0,0.0,0.0,0.0,0.0,0.0,0.0,0.0,0.0,abort_land,3.5736072063446045,0.3616081178188324,-0.1005057543516159,0.778975784778595,0.08962733298540115,-2.7178804874420166,0.19489791989326477
0.778975784778595,0.08962733298540115,0.0,0.19343430454080754,289,1785358616.279231,0.9989876747131348,0.04120362550020218,0.4982919991016388,7.889840602874756,5,7995,3,0,0,0.0009117736481130123,0,0,1.0,0.0,0,57,0,1,1023,0,0,0,0,256,0,0,0,1023,0,0,71,1,0,1,0,59,0,0,0,255,255,0.0,0.0,0.0,0.0,0.0,0.0,0.0,0.0,0.0,0.0,abort_land,3.5736072063446045,0.3616081178188324,-0.1005057543516159,0.778975784778595,0.08962733298540115,-2.7178804874420166,0.19489791989326477
0.778975784778595,0.08962733298540115,0.0,0.19197068918835034,289,1785358616.304267,0.9989876747131348,0.04120362550020218,0.4982919991016388,7.889840602874756,5,7995,3,0,0,0.0009117736481130123,0,0,1.0,0.0,0,57,0,1,1023,0,0,0,0,256,0,0,0,1023,0,0,71,1,0,1,0,59,0,0,0,255,255,0.0,0.0,0.0,0.0,0.0,0.0,0.0,0.0,0.0,0.0,abort_land,3.5472140312194824,0.43111008405685425,-0.12136869877576828,0.7986896634101868,0.08410332351922989,-2.133881092071533,0.18442478775978088
0.778975784778595,0.08962733298540115,0.0,0.1905070738358931,289,1785358616.32934,0.9989876747131348,0.04120362550020218,0.4982919991016388,7.889840602874756,5,7995,3,0,0,0.0009117736481130123,0,0,1.0,0.0,0,57,0,1,1023,0,0,0,0,256,0,0,0,1023,0,0,71,1,0,1,0,59,0,0,0,255,255,0.0,0.0,0.0,0.0,0.0,0.0,0.0,0.0,0.0,0.0,abort_land,3.5472140312194824,0.43111008405685425,-0.12136869877576828,0.7986896634101868,0.08410332351922989,-2.133881092071533,0.18442478775978088
0.778975784778595,0.08962733298540115,0.0,0.1890434584834359,289,1785358616.3535519,0.9989876747131348,0.04120362550020218,0.4982919991016388,7.889840602874756,5,7995,3,0,0,0.0009117736481130123,0,0,1.0,0.0,0,57,0,1,1023,0,0,0,0,256,0,0,0,1023,0,0,71,1,0,1,0,59,0,0,0,255,255,0.0,0.0,0.0,0.0,0.0,0.0,0.0,0.0,0.0,0.0,abort_land,3.5472140312194824,0.445054292678833,-0.12698747217655182,0.8130785226821899,0.08139967173337936,-1.6639037132263184,0.17551328241825104
0.778975784778595,0.08962733298540115,0.0,0.18757984313097867,289,1785358616.377547,0.9989876747131348,0.04120362550020218,0.4982919991016388,7.889840602874756,5,7995,3,0,0,0.0009117736481130123,0,0,1.0,0.0,0,57,0,1,1023,0,0,0,0,256,0,0,0,1023,0,0,71,1,0,1,0,59,0,0,0,255,255,0.0,0.0,0.0,0.0,0.0,0.0,0.0,0.0,0.0,0.0,abort_land,3.5472140312194824,0.445054292678833,-0.12698747217655182,0.8130785226821899,0.08139967173337936,-1.6639037132263184,0.17551328241825104
0.778975784778595,0.08962733298540115,0.0,0.18611622777852144,289,1785358616.402625,0.9989876747131348,0.04120362550020218,0.4982919991016388,7.889840602874756,5,7995,3,0,0,0.0009117736481130123,0,0,1.0,0.0,0,57,0,1,1023,0,0,0,0,256,0,0,0,1023,0,0,72,1,0,1,0,59,0,0,0,255,255,0.0,0.0,0.0,0.0,0.0,0.0,0.0,0.0,0.0,0.0,abort_land,3.552492618560791,0.44623714685440063,-0.1372860074043274,0.8365184664726257,0.07452746480703354,-1.2301239967346191,0.168316051363945
0.778975784778595,0.08962733298540115,0.0,0.18465261242606423,289,1785358616.425676,0.9989876747131348,0.04120362550020218,0.4982919991016388,7.889840602874756,5,7995,3,0,0,0.0009117736481130123,0,0,1.0,0.0,0,57,0,1,1023,0,0,0,0,256,0,0,0,1023,0,0,72,1,0,1,0,59,0,0,0,255,255,0.0,0.0,0.0,0.0,0.0,0.0,0.0,0.0,0.0,0.0,abort_land,3.552492618560791,0.44623714685440063,-0.1372860074043274,0.8365184664726257,0.07452746480703354,-1.2301239967346191,0.168316051363945
0.778975784778595,0.08962733298540115,0.0,0.183188997073607,289,1785358616.449074,0.9989876747131348,0.04120362550020218,0.4982919991016388,7.889840602874756,5,7995,3,0,0,0.0009117736481130123,0,0,1.0,0.0,0,57,0,1,1023,0,0,0,0,256,0,0,0,1023,0,0,72,1,0,1,0,59,0,0,0,255,255,0.0,0.0,0.0,0.0,0.0,0.0,0.0,0.0,0.0,0.0,abort_land,3.552492618560791,0.3187381625175476,-0.10656148195266724,0.8512519001960754,0.07303871214389801,-5.915409564971924,0.16196060180664062
0.778975784778595,0.08962733298540115,0.0,0.1817253817211498,289,1785358616.47021,0.9989876747131348,0.04120362550020218,0.4982919991016388,7.889840602874756,5,7995,3,0,0,0.0009117736481130123,0,0,1.0,0.0,0,57,0,1,1023,0,0,0,0,256,0,0,0,1023,0,0,72,1,0,1,0,59,0,0,0,255,255,0.0,0.0,0.0,0.0,0.0,0.0,0.0,0.0,0.0,0.0,abort_land,3.552492618560791,0.3187381625175476,-0.10656148195266724,0.8512519001960754,0.07303871214389801,-5.915409564971924,0.16196060180664062
0.778975784778595,0.08962733298540115,0.0,0.18026176636869257,289,1785358616.493432,0.9989876747131348,0.04120362550020218,0.4982919991016388,7.889840602874756,5,7995,3,0,0,0.0009117736481130123,0,0,1.0,0.0,0,57,0,1,1023,0,0,0,0,256,0,0,0,1023,0,0,72,1,0,1,0,59,0,0,0,255,255,0.0,0.0,0.0,0.0,0.0,0.0,0.0,0.0,0.0,0.0,abort_land,3.552492618560791,0.10096774995326996,-0.023472776636481285,0.8572211265563965,0.0733637586236,-6.162012100219727,0.1577511429786682
0.778975784778595,0.08962733298540115,0.0,0.17879815101623536,289,1785358616.514675,0.9989876747131348,0.04120362550020218,0.4982919991016388,7.889840602874756,5,7995,3,0,0,0.0009117736481130123,0,0,1.0,0.0,0,57,0,1,1023,0,0,0,0,256,0,0,0,1023,0,0,73,1,0,1,0,59,0,0,0,255,255,0.0,0.0,0.0,0.0,0.0,0.0,0.0,0.0,0.0,0.0,abort_land,3.552492618560791,0.10096774995326996,-0.023472776636481285,0.8572211265563965,0.0733637586236,-6.162012100219727,0.1577511429786682
0.778975784778595,0.08962733298540115,0.0,0.17733453566377813,289,1785358616.536211,0.9989876747131348,0.04120362550020218,0.4982919991016388,7.889840602874756,5,7995,3,0,0,0.0009117736481130123,0,0,1.0,0.0,0,57,0,1,1023,0,0,0,0,256,0,0,0,1023,0,0,73,1,0,1,0,59,0,0,0,255,255,0.0,0.0,0.0,0.0,0.0,0.0,0.0,0.0,0.0,0.0,abort_land,3.552492618560791,0.10096774995326996,-0.023472776636481285,0.8572211265563965,0.0733637586236,-6.162012100219727,0.1577511429786682
0.778975784778595,0.08962733298540115,0.0,0.1758709203113209,289,1785358616.55868,0.9989876747131348,0.04120362550020218,0.4982919991016388,7.889840602874756,5,7995,3,0,0,0.0009117736481130123,0,0,1.0,0.0,0,57,0,1,1023,0,0,0,0,256,0,0,0,1023,0,0,73,1,0,1,0,59,0,0,0,255,255,0.0,0.0,0.0,0.0,0.0,0.0,0.0,0.0,0.0,0.0,abort_land,3.552492618560791,-0.07914496213197708,0.04559723660349846,0.8527960181236267,0.07864097505807877,-5.818835258483887,0.15320047736167908
0.778975784778595,0.08962733298540115,0.0,0.1744073049588637,289,1785358616.582703,0.9989876747131348,0.04120362550020218,0.4982919991016388,7.889840602874756,5,7995,3,0,0,0.0009117736481130123,0,0,1.0,0.0,0,57,0,1,1023,0,0,0,0,256,0,0,0,1023,0,0,73,1,0,1,0,59,0,0,0,255,255,0.0,0.0,0.0,0.0,0.0,0.0,0.0,0.0,0.0,0.0,abort_land,3.552492618560791,-0.07914496213197708,0.04559723660349846,0.8527960181236267,0.07864097505807877,-5.818835258483887,0.15320047736167908
0.778975784778595,0.08962733298540115,0.0,0.17294368960640646,289,1785358616.6056802,0.9989876747131348,0.04120362550020218,0.4982919991016388,7.889840602874756,5,7995,3,0,0,0.0009117736481130123,0,0,1.0,0.0,0,57,0,1,1023,0,0,0,0,256,0,0,0,1023,0,0,73,1,0,1,0,59,0,0,0,255,255,0.0,0.0,0.0,0.0,0.0,0.0,0.0,0.0,0.0,0.0,abort_land,3.578885793685913,-0.20481963455677032,0.08134306222200394,0.8427379727363586,0.08360695093870163,-4.959469318389893,0.14951419830322266
0.778975784778595,0.08962733298540115,0.0,0.17148007425394923,289,1785358616.626666,0.9989876747131348,0.04120362550020218,0.4982919991016388,7.889840602874756,5,7995,3,0,0,0.0009117736481130123,0,0,1.0,0.0,0,57,0,1,1023,0,0,0,0,256,0,0,0,1023,0,0,73,1,0,1,0,59,0,0,0,255,255,0.0,0.0,0.0,0.0,0.0,0.0,0.0,0.0,0.0,0.0,abort_land,3.578885793685913,-0.20481963455677032,0.08134306222200394,0.8427379727363586,0.08360695093870163,-4.959469318389893,0.14951419830322266
0.778975784778595,0.08962733298540115,0.0,0.17001645890149203,289,1785358616.65168,0.9989876747131348,0.04120362550020218,0.4982919991016388,7.889840602874756,5,7995,3,0,0,0.0009117736481130123,0,0,1.0,0.0,0,57,0,1,1023,0,0,0,0,256,0,0,0,1023,0,0,73,1,0,1,0,59,0,0,0,255,255,0.0,0.0,0.0,0.0,0.0,0.0,0.0,0.0,0.0,0.0,abort_land,3.578885793685913,-0.2627101540565491,0.08689206838607788,0.8310028314590454,0.08670296519994736,-3.969123363494873,0.1447119414806366
0.778975784778595,0.08962733298540115,0.0,0.1685528435490348,289,1785358616.67579,0.9989876747131348,0.04120362550020218,0.4982919991016388,7.889840602874756,5,7995,3,0,0,0.0009117736481130123,0,0,1.0,0.0,0,57,0,1,1023,0,0,0,0,256,0,0,0,1023,0,0,73,1,0,1,0,59,0,0,0,255,255,0.0,0.0,0.0,0.0,0.0,0.0,0.0,0.0,0.0,0.0,abort_land,3.578885793685913,-0.2627101540565491,0.08689206838607788,0.8310028314590454,0.08670296519994736,-3.969123363494873,0.1447119414806366
0.778975784778595,0.08962733298540115,0.0,0.1670892281965776,289,1785358616.698678,0.9989876747131348,0.04120362550020218,0.4982919991016388,7.889840602874756,5,7995,3,0,0,0.0009117736481130123,0,0,1.0,0.0,0,57,0,1,1023,0,0,0,0,256,0,0,0,1023,0,0,74,1,0,1,0,59,0,0,0,255,255,0.0,0.0,0.0,0.0,0.0,0.0,0.0,0.0,0.0,0.0,abort_land,3.5736072063446045,-0.2864551842212677,0.07698637992143631,0.8172215223312378,0.08929982036352158,-2.868253707885742,0.14062511920928955
0.778975784778595,0.08962733298540115,0.0,0.16562561284412036,289,1785358616.7198,0.9989876747131348,0.04120362550020218,0.4982919991016388,7.889840602874756,5,7995,3,0,0,0.0009117736481130123,0,0,1.0,0.0,0,57,0,1,1023,0,0,0,0,256,0,0,0,1023,0,0,74,1,0,1,0,59,0,0,0,255,255,0.0,0.0,0.0,0.0,0.0,0.0,0.0,0.0,0.0,0.0,abort_land,3.5736072063446045,-0.2864551842212677,0.07698637992143631,0.8172215223312378,0.08929982036352158,-2.868253707885742,0.14062511920928955
0.778975784778595,0.08962733298540115,0.0,0.16416199749166316,289,1785358616.743684,0.9989876747131348,0.04120362550020218,0.4982919991016388,7.889840602874756,5,7995,3,0,0,0.0009117736481130123,0,0,1.0,0.0,0,57,0,1,1023,0,0,0,0,256,0,0,0,1023,0,0,74,1,0,1,0,59,0,0,0,255,255,0.0,0.0,0.0,0.0,0.0,0.0,0.0,0.0,0.0,0.0,abort_land,3.5736072063446045,-0.27815181016921997,0.06053139269351959,0.8033819198608398,0.09208090603351593,-1.7546690702438354,0.13662999868392944
0.778975784778595,0.08962733298540115,0.0,0.16269838213920593,289,1785358616.76768,0.9989876747131348,0.04120362550020218,0.4982919991016388,7.889840602874756,5,7995,3,0,0,0.0009117736481130123,0,0,1.0,0.0,0,57,0,1,1023,0,0,0,0,256,0,0,0,1023,0,0,74,1,0,1,0,59,0,0,0,255,255,0.0,0.0,0.0,0.0,0.0,0.0,0.0,0.0,0.0,0.0,abort_land,3.5736072063446045,-0.27815181016921997,0.06053139269351959,0.8033819198608398,0.09208090603351593,-1.7546690702438354,0.13662999868392944
0.778975784778595,0.08962733298540115,0.0,0.1612347667867487,289,1785358616.792692,0.9989876747131348,0.04120362550020218,0.4982919991016388,7.889840602874756,5,7995,3,0,0,0.0009117736481130123,0,0,1.0,0.0,0,57,0,1,1023,0,0,0,0,256,0,0,0,1023,0,0,74,1,0,1,0,59,0,0,0,255,255,0.0,0.0,0.0,0.0,0.0,0.0,0.0,0.0,0.0,0.0,abort_land,3.568328619003296,-0.23038631677627563,0.0434330552816391,0.7912570238113403,0.09477745741605759,-0.8029096722602844,0.1350882649421692
0.778975784778595,0.08962733298540115,0.0,0.1597711514342915,289,1785358616.813689,0.9989876747131348,0.04120362550020218,0.4982919991016388,7.889840602874756,5,7995,3,0,0,0.0009117736481130123,0,0,1.0,0.0,0,57,0,1,1023,0,0,0,0,256,0,0,0,1023,0,0,75,1,0,1,0,59,0,0,0,255,255,0.0,0.0,0.0,0.0,0.0,0.0,0.0,0.0,0.0,0.0,abort_land,3.568328619003296,-0.23038631677627563,0.0434330552816391,0.7912570238113403,0.09477745741605759,-0.8029096722602844,0.1350882649421692
0.778975784778595,0.08962733298540115,0.0,0.15830753608183426,289,1785358616.8369448,0.9989876747131348,0.04120362550020218,0.4982919991016388,7.889840602874756,5,7995,3,0,0,0.0009117736481130123,0,0,1.0,0.0,0,57,0,1,1023,0,0,0,0,256,0,0,0,1023,0,0,75,1,0,1,0,59,0,0,0,255,255,0.0,0.0,0.0,0.0,0.0,0.0,0.0,0.0,0.0,0.0,abort_land,3.568328619003296,-0.23038631677627563,0.0434330552816391,0.7912570238113403,0.09477745741605759,-0.8029096722602844,0.1350882649421692
0.778975784778595,0.08962733298540115,0.0,0.15684392072937706,289,1785358616.8620842,0.9989876747131348,0.04120362550020218,0.4982919991016388,7.889840602874756,5,7995,3,0,0,0.0009117736481130123,0,0,1.0,0.0,0,57,0,1,1023,0,0,0,0,256,0,0,0,1023,0,0,75,1,0,1,0,59,0,0,0,255,255,0.0,0.0,0.0,0.0,0.0,0.0,0.0,0.0,0.0,0.0,abort_land,3.568328619003296,-0.1628226637840271,0.022099237889051437,0.7826783061027527,0.09540814161300659,-0.09641509503126144,0.13395993411540985
0.778975784778595,0.08962733298540115,0.0,0.15538030537691983,289,1785358616.8858829,0.9989876747131348,0.04120362550020218,0.4982919991016388,7.889840602874756,5,7995,3,0,0,0.0009117736481130123,0,0,1.0,0.0,0,57,0,1,1023,0,0,0,0,256,0,0,0,1023,0,0,75,1,0,1,0,59,0,0,0,255,255,0.0,0.0,0.0,0.0,0.0,0.0,0.0,0.0,0.0,0.0,abort_land,3.568328619003296,-0.1628226637840271,0.022099237889051437,0.7826783061027527,0.09540814161300659,-0.09641509503126144,0.13395993411540985
0.778975784778595,0.08962733298540115,0.0,0.15391669002446262,289,1785358616.9077451,0.9989876747131348,0.04120362550020218,0.4982919991016388,7.889840602874756,5,7995,3,0,0,0.0009117736481130123,0,0,1.0,0.0,0,57,0,1,1023,0,0,0,0,256,0,0,0,1023,0,0,76,1,0,1,0,59,0,0,0,255,255,0.0,0.0,0.0,0.0,0.0,0.0,0.0,0.0,0.0,0.0,abort_land,3.578885793685913,-0.10124716907739639,0.0032628346234560013,0.7765241265296936,0.0956481546163559,0.4606509208679199,0.13386772572994232
0.778975784778595,0.08962733298540115,0.0,0.1524530746720054,289,1785358616.931471,0.9989876747131348,0.04120362550020218,0.4982919991016388,7.889840602874756,5,7995,3,0,0,0.0009117736481130123,0,0,1.0,0.0,0,57,0,1,1023,0,0,0,0,256,0,0,0,1023,0,0,76,1,0,1,0,59,0,0,0,255,255,0.0,0.0,0.0,0.0,0.0,0.0,0.0,0.0,0.0,0.0,abort_land,3.578885793685913,-0.10124716907739639,0.0032628346234560013,0.7765241265296936,0.0956481546163559,0.4606509208679199,0.13386772572994232
0.778975784778595,0.08962733298540115,0.0,0.15098945931954816,289,1785358616.9565241,0.9989876747131348,0.04120362550020218,0.4982919991016388,7.889840602874756,5,7995,3,0,0,0.0009117736481130123,0,0,1.0,0.0,0,57,0,1,1023,0,0,0,0,256,0,0,0,1023,0,0,76,1,0,1,0,59,0,0,0,255,255,0.0,0.0,0.0,0.0,0.0,0.0,0.0,0.0,0.0,0.0,abort_land,3.578885793685913,-0.021321212872862816,-0.017519259825348854,0.775093674659729,0.09417203068733215,0.800331175327301,0.13480313122272491
0.778975784778595,0.08962733298540115,0.0,0.14952584396709095,289,1785358616.977542,0.9989876747131348,0.04120362550020218,0.4982919991016388,7.889840602874756,5,7995,3,0,0,0.0009117736481130123,0,0,1.0,0.0,0,57,0,1,1023,0,0,0,0,256,0,0,0,1023,0,0,76,1,0,1,0,59,0,0,0,255,255,0.0,0.0,0.0,0.0,0.0,0.0,0.0,0.0,0.0,0.0,abort_land,3.578885793685913,-0.021321212872862816,-0.017519259825348854,0.775093674659729,0.09417203068733215,0.800331175327301,0.13480313122272491
0.778975784778595,0.08962733298540115,0.0,0.14806222861463372,289,1785358617.002115,0.9989876747131348,0.04120362550020218,0.4982919991016388,7.889840602874756,5,7995,3,0,0,0.0009117736481130123,0,0,1.0,0.0,0,57,0,1,1023,0,0,0,0,256,0,0,0,1023,0,0,77,1,0,1,0,59,0,0,0,255,255,0.0,0.0,0.0,0.0,0.0,0.0,0.0,0.0,0.0,0.0,abort_land,3.5841643810272217,0.05534914880990982,-0.0389631912112236,0.7779562473297119,0.09147676080465317,0.984932005405426,0.1344909816980362
0.778975784778595,0.08962733298540115,0.0,0.14659861326217652,289,1785358617.023681,0.9989876747131348,0.04120362550020218,0.4982919991016388,7.889840602874756,5,7995,3,0,0,0.0009117736481130123,0,0,1.0,0.0,0,57,0,1,1023,0,0,0,0,256,0,0,0,1023,0,0,77,1,0,1,0,59,0,0,0,255,255,0.0,0.0,0.0,0.0,0.0,0.0,0.0,0.0,0.0,0.0,abort_land,3.5841643810272217,0.05534914880990982,-0.0389631912112236,0.7779562473297119,0.09147676080465317,0.984932005405426,0.1344909816980362
0.778975784778595,0.08962733298540115,0.0,0.1451349979097193,289,1785358617.047908,0.9989876747131348,0.04120362550020218,0.4982919991016388,7.889840602874756,5,7995,3,0,0,0.0009117736481130123,0,0,1.0,0.0,0,57,0,1,1023,0,0,0,0,256,0,0,0,1023,0,0,77,1,0,1,0,59,0,0,0,255,255,0.0,0.0,0.0,0.0,0.0,0.0,0.0,0.0,0.0,0.0,abort_land,3.5841643810272217,0.1280335783958435,-0.0560210719704628,0.784733772277832,0.0878913477063179,1.1051514148712158,0.13218826055526733
0.778975784778595,0.08962733298540115,0.0,0.14367138255726208,289,1785358617.070695,0.9989876747131348,0.04120362550020218,0.4982919991016388,7.889840602874756,5,7995,3,0,0,0.0009117736481130123,0,0,1.0,0.0,0,57,0,1,1023,0,0,0,0,256,0,0,0,1023,0,0,77,1,0,1,0,59,0,0,0,255,255,0.0,0.0,0.0,0.0,0.0,0.0,0.0,0.0,0.0,0.0,abort_land,3.5841643810272217,0.1280335783958435,-0.0560210719704628,0.784733772277832,0.0878913477063179,1.1051514148712158,0.13218826055526733
0.778975784778595,0.08962733298540115,0.0,0.14220776720480485,289,1785358617.092059,0.9989876747131348,0.04120362550020218,0.4982919991016388,7.889840602874756,5,7995,3,0,0,0.0009117736481130123,0,0,1.0,0.0,0,57,0,1,1023,0,0,0,0,256,0,0,0,1023,0,0,77,1,0,1,0,59,0,0,0,255,255,0.0,0.0,0.0,0.0,0.0,0.0,0.0,0.0,0.0,0.0,abort_land,3.578885793685913,0.18879303336143494,-0.06265012174844742,0.7949278950691223,0.0839630737900734,1.17253577709198,0.1293414682149887
0.778975784778595,0.08962733298540115,0.0,0.14074415185234762,289,1785358617.1126819,0.9989876747131348,0.04120362550020218,0.4982919991016388,7.889840602874756,5,7995,3,0,0,0.0009117736481130123,0,0,1.0,0.0,0,57,0,1,1023,0,0,0,0,256,0,0,0,1023,0,0,77,1,0,1,0,59,0,0,0,255,255,0.0,0.0,0.0,0.0,0.0,0.0,0.0,0.0,0.0,0.0,abort_land,3.578885793685913,0.18879303336143494,-0.06265012174844742,0.7949278950691223,0.0839630737900734,1.17253577709198,0.1293414682149887
0.778975784778595,0.08962733298540115,0.0,0.13928053649989042,289,1785358617.1366389,0.9989876747131348,0.04120362550020218,0.4982919991016388,7.889840602874756,5,7995,3,0,0,0.0009117736481130123,0,0,1.0,0.0,0,57,0,1,1023,0,0,0,0,256,0,0,0,1023,0,0,77,1,0,1,0,59,0,0,0,255,255,0.0,0.0,0.0,0.0,0.0,0.0,0.0,0.0,0.0,0.0,abort_land,3.578885793685913,0.18879303336143494,-0.06265012174844742,0.7949278950691223,0.0839630737900734,1.17253577709198,0.1293414682149887
0.778975784778595,0.08962733298540115,0.0,0.13781692114743319,289,1785358617.156986,0.9989876747131348,0.04120362550020218,0.4982919991016388,7.889840602874756,5,7995,3,0,0,0.0009117736481130123,0,0,1.0,0.0,0,57,0,1,1023,0,0,0,0,256,0,0,0,1023,0,0,77,1,0,1,0,59,0,0,0,255,255,0.0,0.0,0.0,0.0,0.0,0.0,0.0,0.0,0.0,0.0,abort_land,3.578885793685913,0.22932268679141998,-0.06319886445999146,0.8072540163993835,0.08023037761449814,1.2751604318618774,0.12699420750141144
0.778975784778595,0.08962733298540115,0.0,0.13635330579497595,289,1785358617.178696,0.9989876747131348,0.04120362550020218,0.4982919991016388,7.889840602874756,5,7995,3,0,0,0.0009117736481130123,0,0,1.0,0.0,0,57,0,1,1023,0,0,0,0,256,0,0,0,1023,0,0,77,1,0,1,0,59,0,0,0,255,255,0.0,0.0,0.0,0.0,0.0,0.0,0.0,0.0,0.0,0.0,abort_land,3.578885793685913,0.22932268679141998,-0.06319886445999146,0.8072540163993835,0.08023037761449814,1.2751604318618774,0.12699420750141144
0.778975784778595,0.08962733298540115,0.0,0.13488969044251875,289,1785358617.203763,0.9989876747131348,0.04120362550020218,0.4982919991016388,7.889840602874756,5,7995,3,0,0,0.0009117736481130123,0,0,1.0,0.0,0,57,0,1,1023,0,0,0,0,256,0,0,0,1023,0,0,78,1,0,1,0,59,0,0,0,255,255,0.0,0.0,0.0,0.0,0.0,0.0,0.0,0.0,0.0,0.0,abort_land,3.578885793685913,0.23647427558898926,-0.07046154886484146,0.8196185827255249,0.07603143900632858,1.4590957164764404,0.12614282965660095
0.778975784778595,0.08962733298540115,0.0,0.13342607509006152,289,1785358617.228817,0.9989876747131348,0.04120362550020218,0.4982919991016388,7.889840602874756,5,7995,3,0,0,0.0009117736481130123,0,0,1.0,0.0,0,57,0,1,1023,0,0,0,0,256,0,0,0,1023,0,0,78,1,0,1,0,59,0,0,0,255,255,0.0,0.0,0.0,0.0,0.0,0.0,0.0,0.0,0.0,0.0,abort_land,3.578885793685913,0.23647427558898926,-0.07046154886484146,0.8196185827255249,0.07603143900632858,1.4590957164764404,0.12614282965660095
0.778975784778595,0.08962733298540115,0.0,0.1319624597376043,289,1785358617.253877,0.9989876747131348,0.04120362550020218,0.4982919991016388,7.889840602874756,5,7995,3,0,0,0.0009117736481130123,0,0,1.0,0.0,0,57,0,1,1023,0,0,0,0,256,0,0,0,1023,0,0,78,1,0,1,0,59,0,0,0,255,255,0.0,0.0,0.0,0.0,0.0,0.0,0.0,0.0,0.0,0.0,abort_land,3.578885793685913,0.23744608461856842,-0.06878367811441422,0.8331581354141235,0.07197833806276321,1.6253994703292847,0.12432947009801865
0.778975784778595,0.08962733298540115,0.0,0.13049884438514708,289,1785358617.274795,0.9989876747131348,0.04120362550020218,0.4982919991016388,7.889840602874756,5,7995,3,0,0,0.0009117736481130123,0,0,1.0,0.0,0,57,0,1,1023,0,0,0,0,256,0,0,0,1023,0,0,78,1,0,1,0,59,0,0,0,255,255,0.0,0.0,0.0,0.0,0.0,0.0,0.0,0.0,0.0,0.0,abort_land,3.578885793685913,0.23744608461856842,-0.06878367811441422,0.8331581354141235,0.07197833806276321,1.6253994703292847,0.12432947009801865
0.778975784778595,0.08962733298540115,0.0,0.12903522903268988,289,1785358617.2952058,0.9989876747131348,0.04120362550020218,0.4982919991016388,7.889840602874756,5,7995,3,0,0,0.0009117736481130123,0,0,1.0,0.0,0,57,0,1,1023,0,0,0,0,256,0,0,0,1023,0,0,78,1,0,1,0,59,0,0,0,255,255,0.0,0.0,0.0,0.0,0.0,0.0,0.0,0.0,0.0,0.0,abort_land,3.578885793685913,0.2227158546447754,-0.0637209564447403,0.8466034531593323,0.06802240014076233,1.7573436498641968,0.1228976845741272
0.778975784778595,0.08962733298540115,0.0,0.12757161368023265,289,1785358617.316128,0.9989876747131348,0.04120362550020218,0.4982919991016388,7.889840602874756,5,7995,3,0,0,0.0009117736481130123,0,0,1.0,0.0,0,57,0,1,1023,0,0,0,0,256,0,0,0,1023,0,0,79,1,0,1,0,59,0,0,0,255,255,0.0,0.0,0.0,0.0,0.0,0.0,0.0,0.0,0.0,0.0,abort_land,3.578885793685913,0.2227158546447754,-0.0637209564447403,0.8466034531593323,0.06802240014076233,1.7573436498641968,0.1228976845741272
0.778975784778595,0.08962733298540115,0.0,0.12610799832777542,289,1785358617.3411908,0.9989876747131348,0.04120362550020218,0.4982919991016388,7.889840602874756,5,7995,3,0,0,0.0009117736481130123,0,0,1.0,0.0,0,57,0,1,1023,0,0,0,0,256,0,0,0,1023,0,0,79,1,0,1,0,59,0,0,0,255,255,0.0,0.0,0.0,0.0,0.0,0.0,0.0,0.0,0.0,0.0,abort_land,3.578885793685913,0.1386236995458603,-0.048122894018888474,0.8537395596504211,0.06475859135389328,-5.749896049499512,0.12234614789485931
0.778975784778595,0.08962733298540115,0.0,0.12464438297531821,289,1785358617.3628302,0.9989876747131348,0.04120362550020218,0.4982919991016388,7.889840602874756,5,7995,3,0,0,0.0009117736481130123,0,0,1.0,0.0,0,57,0,1,1023,0,0,0,0,256,0,0,0,1023,0,0,79,1,0,1,0,59,0,0,0,255,255,0.0,0.0,0.0,0.0,0.0,0.0,0.0,0.0,0.0,0.0,abort_land,3.578885793685913,0.1386236995458603,-0.048122894018888474,0.8537395596504211,0.06475859135389328,-5.749896049499512,0.12234614789485931
0.778975784778595,0.08962733298540115,0.0,0.12318076762286098,289,1785358617.3846872,0.9989876747131348,0.04120362550020218,0.4982919991016388,7.889840602874756,5,7995,3,0,0,0.0009117736481130123,0,0,1.0,0.0,0,57,0,1,1023,0,0,0,0,256,0,0,0,1023,0,0,79,1,0,1,0,59,0,0,0,255,255,0.0,0.0,0.0,0.0,0.0,0.0,0.0,0.0,0.0,0.0,abort_land,3.578885793685913,0.1386236995458603,-0.048122894018888474,0.8537395596504211,0.06475859135389328,-5.749896049499512,0.12234614789485931
0.778975784778595,0.08962733298540115,0.0,0.12171715227040376,289,1785358617.409701,0.9989876747131348,0.04120362550020218,0.4982919991016388,7.889840602874756,5,7995,3,0,0,0.0009117736481130123,0,0,1.0,0.0,0,57,0,1,1023,0,0,0,0,256,0,0,0,1023,0,0,79,1,0,1,0,59,0,0,0,255,255,0.0,0.0,0.0,0.0,0.0,0.0,0.0,0.0,0.0,0.0,abort_land,3.5472140312194824,0.001630338723771274,0.0006696600466966629,0.8546789884567261,0.062391117215156555,-7.329896450042725,0.12298408895730972
0.778975784778595,0.08962733298540115,0.0,0.12025353691794655,289,1785358617.431795,0.9989876747131348,0.04120362550020218,0.4982919991016388,7.889840602874756,5,7995,3,0,0,0.0009117736481130123,0,0,1.0,0.0,0,57,0,1,1023,0,0,0,0,256,0,0,0,1023,0,0,79,1,0,1,0,59,0,0,0,255,255,0.0,0.0,0.0,0.0,0.0,0.0,0.0,0.0,0.0,0.0,abort_land,3.5472140312194824,0.001630338723771274,0.0006696600466966629,0.8546789884567261,0.062391117215156555,-7.329896450042725,0.12298408895730972
0.778975784778595,0.08962733298540115,0.0,0.11878992156548933,289,1785358617.453676,0.9989876747131348,0.04120362550020218,0.4982919991016388,7.889840602874756,5,7995,3,0,0,0.0009117736481130123,0,0,1.0,0.0,0,57,0,1,1023,0,0,0,0,256,0,0,0,1023,0,0,79,1,0,1,0,59,0,0,0,255,255,0.0,0.0,0.0,0.0,0.0,0.0,0.0,0.0,0.0,0.0,abort_land,3.5472140312194824,-0.10965535789728165,0.05061196908354759,0.8501015305519104,0.06366173923015594,-7.950360298156738,0.12449681758880615
0.778975784778595,0.08962733298540115,0.0,0.11732630621303211,289,1785358617.4776058,0.9989876747131348,0.04120362550020218,0.4982919991016388,7.889840602874756,5,7995,3,0,0,0.0009117736481130123,0,0,1.0,0.0,0,57,0,1,1023,0,0,0,0,256,0,0,0,1023,0,0,79,1,0,1,0,59,0,0,0,255,255,0.0,0.0,0.0,0.0,0.0,0.0,0.0,0.0,0.0,0.0,abort_land,3.5472140312194824,-0.10965535789728165,0.05061196908354759,0.8501015305519104,0.06366173923015594,-7.950360298156738,0.12449681758880615
0.778975784778595,0.08962733298540115,0.0,0.1158626908605749,289,1785358617.502552,0.9989876747131348,0.04120362550020218,0.4982919991016388,7.889840602874756,5,7995,3,0,0,0.0009117736481130123,0,0,1.0,0.0,0,57,0,1,1023,0,0,0,0,256,0,0,0,1023,0,0,80,1,0,1,0,59,0,0,0,255,255,0.0,0.0,0.0,0.0,0.0,0.0,0.0,0.0,0.0,0.0,abort_land,3.5841643810272217,-0.1816532462835312,0.07969845831394196,0.8410307168960571,0.06904008984565735,-7.770505905151367,0.12375982850790024
0.778975784778595,0.08962733298540115,0.0,0.11439907550811766,289,1785358617.5226738,0.9989876747131348,0.04120362550020218,0.4982919991016388,7.889840602874756,5,7995,3,0,0,0.0009117736481130123,0,0,1.0,0.0,0,57,0,1,1023,0,0,0,0,256,0,0,0,1023,0,0,80,1,0,1,0,59,0,0,0,255,255,0.0,0.0,0.0,0.0,0.0,0.0,0.0,0.0,0.0,0.0,abort_land,3.5841643810272217,-0.1816532462835312,0.07969845831394196,0.8410307168960571,0.06904008984565735,-7.770505905151367,0.12375982850790024
0.778975784778595,0.08962733298540115,0.0,0.11293546015566046,289,1785358617.546378,0.9989876747131348,0.04120362550020218,0.4982919991016388,7.889840602874756,5,7995,3,0,0,0.0009117736481130123,0,0,1.0,0.0,0,57,0,1,1023,0,0,0,0,256,0,0,0,1023,0,0,80,1,0,1,0,59,0,0,0,255,255,0.0,0.0,0.0,0.0,0.0,0.0,0.0,0.0,0.0,0.0,abort_land,3.5841643810272217,-0.2154090702533722,0.08547580242156982,0.8313254117965698,0.07226484268903732,-7.202715873718262,0.12279240787029266
0.778975784778595,0.08962733298540115,0.0,0.11147184480320323,289,1785358617.570753,0.9989876747131348,0.04120362550020218,0.4982919991016388,7.889840602874756,5,7995,3,0,0,0.0009117736481130123,0,0,1.0,0.0,0,57,0,1,1023,0,0,0,0,256,0,0,0,1023,0,0,80,1,0,1,0,59,0,0,0,255,255,0.0,0.0,0.0,0.0,0.0,0.0,0.0,0.0,0.0,0.0,abort_land,3.5841643810272217,-0.2154090702533722,0.08547580242156982,0.8313254117965698,0.07226484268903732,-7.202715873718262,0.12279240787029266
0.778975784778595,0.08962733298540115,0.0,0.11000822945074601,289,1785358617.5927439,0.9989876747131348,0.04120362550020218,0.4982919991016388,7.889840602874756,5,7995,3,0,0,0.0009117736481130123,0,0,1.0,0.0,0,57,0,1,1023,0,0,0,0,256,0,0,0,1023,0,0,80,1,0,1,0,59,0,0,0,255,255,0.0,0.0,0.0,0.0,0.0,0.0,0.0,0.0,0.0,0.0,abort_land,3.5894429683685303,-0.23010919988155365,0.08426006138324738,0.8204265236854553,0.0753738209605217,-6.3979949951171875,0.12412715703248978
0.778975784778595,0.08962733298540115,0.0,0.10854461409828879,289,1785358617.616673,0.9989876747131348,0.04120362550020218,0.4982919991016388,7.889840602874756,5,7995,3,0,0,0.0009117736481130123,0,0,1.0,0.0,0,57,0,1,1023,0,0,0,0,256,0,0,0,1023,0,0,81,1,0,1,0,59,0,0,0,255,255,0.0,0.0,0.0,0.0,0.0,0.0,0.0,0.0,0.0,0.0,abort_land,3.5894429683685303,-0.23010919988155365,0.08426006138324738,0.8204265236854553,0.0753738209605217,-6.3979949951171875,0.12412715703248978
0.778975784778595,0.08962733298540115,0.0,0.10708099874583157,289,1785358617.640703,0.9989876747131348,0.04120362550020218,0.4982919991016388,7.889840602874756,5,7995,3,0,0,0.0009117736481130123,0,0,1.0,0.0,0,57,0,1,1023,0,0,0,0,256,0,0,0,1023,0,0,81,1,0,1,0,59,0,0,0,255,255,0.0,0.0,0.0,0.0,0.0,0.0,0.0,0.0,0.0,0.0,abort_land,3.5894429683685303,-0.21336904168128967,0.07111556828022003,0.8113111853599548,0.07722961157560349,-5.481910705566406,0.12459000945091248
0.778975784778595,0.08962733298540115,0.0,0.10561738339337436,289,1785358617.665515,0.9989876747131348,0.04120362550020218,0.4982919991016388,7.889840602874756,5,7995,3,0,0,0.0009117736481130123,0,0,1.0,0.0,0,57,0,1,1023,0,0,0,0,256,0,0,0,1023,0,0,81,1,0,1,0,59,0,0,0,255,255,0.0,0.0,0.0,0.0,0.0,0.0,0.0,0.0,0.0,0.0,abort_land,3.5894429683685303,-0.21336904168128967,0.07111556828022003,0.8113111853599548,0.07722961157560349,-5.481910705566406,0.12459000945091248
0.778975784778595,0.08962733298540115,0.0,0.10415376804091712,289,1785358617.690043,0.9989876747131348,0.04120362550020218,0.4982919991016388,7.889840602874756,5,7995,3,0,0,0.0009117736481130123,0,0,1.0,0.0,0,57,0,1,1023,0,0,0,0,256,0,0,0,1023,0,0,81,1,0,1,0,59,0,0,0,255,255,0.0,0.0,0.0,0.0,0.0,0.0,0.0,0.0,0.0,0.0,abort_land,3.594721555709839,-0.21336904168128967,0.07111556828022003,0.8113111853599548,0.07722961157560349,-5.481910705566406,0.12459000945091248
0.778975784778595,0.08962733298540115,0.0,0.10269015268845991,289,1785358617.7146828,0.9989876747131348,0.04120362550020218,0.4982919991016388,7.889840602874756,5,7995,3,0,0,0.0009117736481130123,0,0,1.0,0.0,0,57,0,1,1023,0,0,0,0,256,0,0,0,1023,0,0,81,1,0,1,0,59,0,0,0,255,255,0.0,0.0,0.0,0.0,0.0,0.0,0.0,0.0,0.0,0.0,abort_land,3.594721555709839,-0.175893172621727,0.04980769380927086,0.8047062158584595,0.07774673402309418,-4.481601715087891,0.12269621342420578
0.778975784778595,0.08962733298540115,0.0,0.10122653733600268,289,1785358617.739722,0.9989876747131348,0.04120362550020218,0.4982919991016388,7.889840602874756,5,7995,3,0,0,0.0009117736481130123,0,0,1.0,0.0,0,57,0,1,1023,0,0,0,0,256,0,0,0,1023,0,0,81,1,0,1,0,59,0,0,0,255,255,0.0,0.0,0.0,0.0,0.0,0.0,0.0,0.0,0.0,0.0,abort_land,3.594721555709839,-0.1280495524406433,0.032389938831329346,0.7999399900436401,0.07870666682720184,-3.3533875942230225,0.12261437624692917
0.778975784778595,0.08962733298540115,0.0,0.09976292198354547,289,1785358617.76475,0.9989876747131348,0.04120362550020218,0.4982919991016388,7.889840602874756,5,7995,3,0,0,0.0009117736481130123,0,0,1.0,0.0,0,57,0,1,1023,0,0,0,0,256,0,0,0,1023,0,0,81,1,0,1,0,59,0,0,0,255,255,0.0,0.0,0.0,0.0,0.0,0.0,0.0,0.0,0.0,0.0,abort_land,3.594721555709839,-0.1280495524406433,0.032389938831329346,0.7999399900436401,0.07870666682720184,-3.3533875942230225,0.12261437624692917
0.778975784778595,0.08962733298540115,0.0,0.09829930663108825,289,1785358617.7868721,0.9989876747131348,0.04120362550020218,0.4982919991016388,7.889840602874756,5,7995,3,0,0,0.0009117736481130123,0,0,1.0,0.0,0,57,0,1,1023,0,0,0,0,256,0,0,0,1023,0,0,81,1,0,1,0,59,0,0,0,255,255,0.0,0.0,0.0,0.0,0.0,0.0,0.0,0.0,0.0,0.0,abort_land,3.594721555709839,-0.1280495524406433,0.032389938831329346,0.7999399900436401,0.07870666682720184,-3.3533875942230225,0.12261437624692917
0.778975784778595,0.08962733298540115,0.0,0.09683569127863102,289,1785358617.8109288,0.9989876747131348,0.04120362550020218,0.4982919991016388,7.889840602874756,5,7995,3,0,0,0.0009117736481130123,0,0,1.0,0.0,0,57,0,1,1023,0,0,0,0,256,0,0,0,1023,0,0,82,1,0,1,0,59,0,0,0,255,255,0.0,0.0,0.0,0.0,0.0,0.0,0.0,0.0,0.0,0.0,abort_land,3.5736072063446045,-0.07671062648296356,0.009438402950763702,0.7975813150405884,0.07772094756364822,-2.2391998767852783,0.11941920220851898
0.778975784778595,0.08962733298540115,0.0,0.09537207592617382,289,1785358617.8326762,0.9989876747131348,0.04120362550020218,0.4982919991016388,7.889840602874756,5,7995,3,0,0,0.0009117736481130123,0,0,1.0,0.0,0,57,0,1,1023,0,0,0,0,256,0,0,0,1023,0,0,82,1,0,1,0,59,0,0,0,255,255,0.0,0.0,0.0,0.0,0.0,0.0,0.0,0.0,0.0,0.0,abort_land,3.5736072063446045,-0.07671062648296356,0.009438402950763702,0.7975813150405884,0.07772094756364822,-2.2391998767852783,0.11941920220851898
0.778975784778595,0.08962733298540115,0.0,0.09390846057371659,289,1785358617.853538,0.9989876747131348,0.04120362550020218,0.4982919991016388,7.889840602874756,5,7995,3,0,0,0.0009117736481130123,0,0,1.0,0.0,0,57,0,1,1023,0,0,0,0,256,0,0,0,1023,0,0,82,1,0,1,0,59,0,0,0,255,255,0.0,0.0,0.0,0.0,0.0,0.0,0.0,0.0,0.0,0.0,abort_land,3.5736072063446045,-0.021228915080428123,-0.005025879945605993,0.7980318069458008,0.07692907005548477,-1.1337883472442627,0.11635050922632217
0.778975784778595,0.08962733298540115,0.0,0.09244484522125937,289,1785358617.877752,0.9989876747131348,0.04120362550020218,0.4982919991016388,7.889840602874756,5,7995,3,0,0,0.0009117736481130123,0,0,1.0,0.0,0,57,0,1,1023,0,0,0,0,256,0,0,0,1023,0,0,82,1,0,1,0,59,0,0,0,255,255,0.0,0.0,0.0,0.0,0.0,0.0,0.0,0.0,0.0,0.0,abort_land,3.5736072063446045,-0.021228915080428123,-0.005025879945605993,0.7980318069458008,0.07692907005548477,-1.1337883472442627,0.11635050922632217
0.778975784778595,0.08962733298540115,0.0,0.09098122986880215,289,1785358617.900838,0.9989876747131348,0.04120362550020218,0.4982919991016388,7.889840602874756,5,7995,3,0,0,0.0009117736481130123,0,0,1.0,0.0,0,57,0,1,1023,0,0,0,0,256,0,0,0,1023,0,0,83,1,0,1,0,59,0,0,0,255,255,0.0,0.0,0.0,0.0,0.0,0.0,0.0,0.0,0.0,0.0,abort_land,3.568328619003296,0.03473547473549843,-0.02780815400183201,0.801609992980957,0.07377050071954727,-0.08072533458471298,0.11319220066070557
0.778975784778595,0.08962733298540115,0.0,0.08951761451634492,289,1785358617.921215,0.9989876747131348,0.04120362550020218,0.4982919991016388,7.889840602874756,5,7995,3,0,0,0.0009117736481130123,0,0,1.0,0.0,0,57,0,1,1023,0,0,0,0,256,0,0,0,1023,0,0,83,1,0,1,0,59,0,0,0,255,255,0.0,0.0,0.0,0.0,0.0,0.0,0.0,0.0,0.0,0.0,abort_land,3.568328619003296,0.03473547473549843,-0.02780815400183201,0.801609992980957,0.07377050071954727,-0.08072533458471298,0.11319220066070557
0.778975784778595,0.08962733298540115,0.0,0.08805399916388772,289,1785358617.944194,0.9989876747131348,0.04120362550020218,0.4982919991016388,7.889840602874756,5,7995,3,0,0,0.0009117736481130123,0,0,1.0,0.0,0,57,0,1,1023,0,0,0,0,256,0,0,0,1023,0,0,83,1,0,1,0,59,0,0,0,255,255,0.0,0.0,0.0,0.0,0.0,0.0,0.0,0.0,0.0,0.0,abort_land,3.568328619003296,0.08152516186237335,-0.03568371757864952,0.8077017068862915,0.0712299570441246,0.9194293022155762,0.1090354397892952
0.778975784778595,0.08962733298540115,0.0,0.08659038381143049,289,1785358617.965688,0.9989876747131348,0.04120362550020218,0.4982919991016388,7.889840602874756,5,7995,3,0,0,0.0009117736481130123,0,0,1.0,0.0,0,57,0,1,1023,0,0,0,0,256,0,0,0,1023,0,0,83,1,0,1,0,59,0,0,0,255,255,0.0,0.0,0.0,0.0,0.0,0.0,0.0,0.0,0.0,0.0,abort_land,3.568328619003296,0.08152516186237335,-0.03568371757864952,0.8077017068862915,0.0712299570441246,0.9194293022155762,0.1090354397892952
0.778975784778595,0.08962733298540115,0.0,0.08512676845897327,289,1785358617.989676,0.9989876747131348,0.04120362550020218,0.4982919991016388,7.889840602874756,5,7995,3,0,0,0.0009117736481130123,0,0,1.0,0.0,0,57,0,1,1023,0,0,0,0,256,0,0,0,1023,0,0,83,1,0,1,0,59,0,0,0,255,255,0.0,0.0,0.0,0.0,0.0,0.0,0.0,0.0,0.0,0.0,abort_land,3.578885793685913,0.08152516186237335,-0.03568371757864952,0.8077017068862915,0.0712299570441246,0.9194293022155762,0.1090354397892952
0.778975784778595,0.08962733298540115,0.0,0.08366315310651605,289,1785358618.010884,0.9989876747131348,0.04120362550020218,0.4982919991016388,7.889840602874756,5,7995,3,0,0,0.0009117736481130123,0,0,1.0,0.0,0,57,0,1,1023,0,0,0,0,256,0,0,0,1023,0,0,84,1,0,1,0,59,0,0,0,255,255,0.0,0.0,0.0,0.0,0.0,0.0,0.0,0.0,0.0,0.0,abort_land,3.578885793685913,0.1074458509683609,-0.03700105845928192,0.8143330812454224,0.06893177330493927,1.8848007917404175,0.10543906688690186
0.778975784778595,0.08962733298540115,0.0,0.08219953775405883,289,1785358618.031681,0.9989876747131348,0.04120362550020218,0.4982919991016388,7.889840602874756,5,7995,3,0,0,0.0009117736481130123,0,0,1.0,0.0,0,57,0,1,1023,0,0,0,0,256,0,0,0,1023,0,0,84,1,0,1,0,59,0,0,0,255,255,0.0,0.0,0.0,0.0,0.0,0.0,0.0,0.0,0.0,0.0,abort_land,3.578885793685913,0.1074458509683609,-0.03700105845928192,0.8143330812454224,0.06893177330493927,1.8848007917404175,0.10543906688690186
0.778975784778595,0.08962733298540115,0.0,0.08073592240160161,289,1785358618.054302,0.9989876747131348,0.04120362550020218,0.4982919991016388,7.889840602874756,5,7995,3,0,0,0.0009117736481130123,0,0,1.0,0.0,0,57,0,1,1023,0,0,0,0,256,0,0,0,1023,0,0,84,1,0,1,0,59,0,0,0,255,255,0.0,0.0,0.0,0.0,0.0,0.0,0.0,0.0,0.0,0.0,abort_land,3.578885793685913,0.13315853476524353,-0.03785060718655586,0.8240936398506165,0.06563030183315277,2.931903123855591,0.10122805833816528
0.778975784778595,0.08962733298540115,0.0,0.07927230704914438,289,1785358618.074571,0.9989876747131348,0.04120362550020218,0.4982919991016388,7.889840602874756,5,7995,3,0,0,0.0009117736481130123,0,0,1.0,0.0,0,57,0,1,1023,0,0,0,0,256,0,0,0,1023,0,0,84,1,0,1,0,59,0,0,0,255,255,0.0,0.0,0.0,0.0,0.0,0.0,0.0,0.0,0.0,0.0,abort_land,3.578885793685913,0.13315853476524353,-0.03785060718655586,0.8240936398506165,0.06563030183315277,2.931903123855591,0.10122805833816528
0.778975784778595,0.08962733298540115,0.0,0.07780869169668717,289,1785358618.0987031,0.9989876747131348,0.04120362550020218,0.4982919991016388,7.889840602874756,5,7995,3,0,0,0.0009117736481130123,0,0,1.0,0.0,0,57,0,1,1023,0,0,0,0,256,0,0,0,1023,0,0,84,1,0,1,0,59,0,0,0,255,255,0.0,0.0,0.0,0.0,0.0,0.0,0.0,0.0,0.0,0.0,abort_land,3.5736072063446045,0.14544713497161865,-0.032806217670440674,0.8347103595733643,0.06261958181858063,3.93843412399292,0.09784622490406036
0.778975784778595,0.08962733298540115,0.0,0.07634507634422995,289,1785358618.12384,0.9989876747131348,0.04120362550020218,0.4982919991016388,7.889840602874756,5,7995,3,0,0,0.0009117736481130123,0,0,1.0,0.0,0,57,0,1,1023,0,0,0,0,256,0,0,0,1023,0,0,84,1,0,1,0,59,0,0,0,255,255,0.0,0.0,0.0,0.0,0.0,0.0,0.0,0.0,0.0,0.0,abort_land,3.5736072063446045,0.14544713497161865,-0.032806217670440674,0.8347103595733643,0.06261958181858063,3.93843412399292,0.09784622490406036
0.778975784778595,0.08962733298540115,0.0,0.07488146099177273,289,1785358618.1473,0.9989876747131348,0.04120362550020218,0.4982919991016388,7.889840602874756,5,7995,3,0,0,0.0009117736481130123,0,0,1.0,0.0,0,57,0,1,1023,0,0,0,0,256,0,0,0,1023,0,0,84,1,0,1,0,59,0,0,0,255,255,0.0,0.0,0.0,0.0,0.0,0.0,0.0,0.0,0.0,0.0,abort_land,3.5736072063446045,0.13506697118282318,-0.018682431429624557,0.8442482352256775,0.06085876002907753,4.957408428192139,0.09685349464416504
0.778975784778595,0.08962733298540115,0.0,0.07341784563931551,289,1785358618.16879,0.9989876747131348,0.04120362550020218,0.4982919991016388,7.889840602874756,5,7995,3,0,0,0.0009117736481130123,0,0,1.0,0.0,0,57,0,1,1023,0,0,0,0,256,0,0,0,1023,0,0,84,1,0,1,0,59,0,0,0,255,255,0.0,0.0,0.0,0.0,0.0,0.0,0.0,0.0,0.0,0.0,abort_land,3.5736072063446045,0.13506697118282318,-0.018682431429624557,0.8442482352256775,0.06085876002907753,4.957408428192139,0.09685349464416504
0.778975784778595,0.08962733298540115,0.0,0.07195423028685828,289,1785358618.191721,0.9989876747131348,0.04120362550020218,0.4982919991016388,7.889840602874756,5,7995,3,0,0,0.0009117736481130123,0,0,1.0,0.0,0,57,0,1,1023,0,0,0,0,256,0,0,0,1023,0,0,84,1,0,1,0,59,0,0,0,255,255,0.0,0.0,0.0,0.0,0.0,0.0,0.0,0.0,0.0,0.0,abort_land,3.5102639198303223,0.08586569875478745,-0.001192285679280758,0.8483009338378906,0.05984072759747505,2.1382033824920654,0.09731361269950867
0.778975784778595,0.08962733298540115,0.0,0.07049061493440108,289,1785358618.2168682,0.9989876747131348,0.04120362550020218,0.4982919991016388,7.889840602874756,5,7995,3,0,0,0.0009117736481130123,0,0,1.0,0.0,0,57,0,1,1023,0,0,0,0,256,0,0,0,1023,0,0,85,1,0,1,0,59,0,0,0,255,255,0.0,0.0,0.0,0.0,0.0,0.0,0.0,0.0,0.0,0.0,abort_land,3.5102639198303223,0.08586569875478745,-0.001192285679280758,0.8483009338378906,0.05984072759747505,2.1382033824920654,0.09731361269950867
0.778975784778595,0.08962733298540115,0.0,0.06902699958194383,289,1785358618.23749,0.9989876747131348,0.04120362550020218,0.4982919991016388,7.889840602874756,5,7995,3,0,0,0.0009117736481130123,0,0,1.0,0.0,0,57,0,1,1023,0,0,0,0,256,0,0,0,1023,0,0,85,1,0,1,0,59,0,0,0,255,255,0.0,0.0,0.0,0.0,0.0,0.0,0.0,0.0,0.0,0.0,abort_land,3.5102639198303223,0.08586569875478745,-0.001192285679280758,0.8483009338378906,0.05984072759747505,2.1382033824920654,0.09731361269950867
0.778975784778595,0.08962733298540115,0.0,0.06756338422948663,289,1785358618.262551,0.9989876747131348,0.04120362550020218,0.4982919991016388,7.889840602874756,5,7995,3,0,0,0.0009117736481130123,0,0,1.0,0.0,0,57,0,1,1023,0,0,0,0,256,0,0,0,1023,0,0,85,1,0,1,0,59,0,0,0,255,255,0.0,0.0,0.0,0.0,0.0,0.0,0.0,0.0,0.0,0.0,abort_land,3.5102639198303223,0.011805098503828049,0.02846580743789673,0.8486523628234863,0.060361333191394806,0.5025010704994202,0.09933231770992279
0.778975784778595,0.08962733298540115,0.0,0.06609976887702942,289,1785358618.286718,0.9989876747131348,0.04120362550020218,0.4982919991016388,7.889840602874756,5,7995,3,0,0,0.0009117736481130123,0,0,1.0,0.0,0,57,0,1,1023,0,0,0,0,256,0,0,0,1023,0,0,85,1,0,1,0,59,0,0,0,255,255,0.0,0.0,0.0,0.0,0.0,0.0,0.0,0.0,0.0,0.0,abort_land,3.5102639198303223,0.011805098503828049,0.02846580743789673,0.8486523628234863,0.060361333191394806,0.5025010704994202,0.09933231770992279
0.778975784778595,0.08962733298540115,0.0,0.06463615352457219,289,1785358618.3072808,0.9989876747131348,0.04120362550020218,0.4982919991016388,7.889840602874756,5,7995,3,0,0,0.0009117736481130123,0,0,1.0,0.0,0,57,0,1,1023,0,0,0,0,256,0,0,0,1023,0,0,85,1,0,1,0,59,0,0,0,255,255,0.0,0.0,0.0,0.0,0.0,0.0,0.0,0.0,0.0,0.0,abort_land,3.605278730392456,-0.044803865253925323,0.053830068558454514,0.846933901309967,0.06246341019868851,0.024250146001577377,0.10007381439208984
0.778975784778595,0.08962733298540115,0.0,0.06317253817211496,289,1785358618.331819,0.9989876747131348,0.04120362550020218,0.4982919991016388,7.889840602874756,5,7995,3,0,0,0.0009117736481130123,0,0,1.0,0.0,0,57,0,1,1023,0,0,0,0,256,0,0,0,1023,0,0,85,1,0,1,0,59,0,0,0,255,255,0.0,0.0,0.0,0.0,0.0,0.0,0.0,0.0,0.0,0.0,abort_land,3.605278730392456,-0.044803865253925323,0.053830068558454514,0.846933901309967,0.06246341019868851,0.024250146001577377,0.10007381439208984
0.778975784778595,0.08962733298540115,0.0,0.06170892281965776,289,1785358618.3525279,0.9989876747131348,0.04120362550020218,0.4982919991016388,7.889840602874756,5,7995,3,0,0,0.0009117736481130123,0,0,1.0,0.0,0,57,0,1,1023,0,0,0,0,256,0,0,0,1023,0,0,85,1,0,1,0,59,0,0,0,255,255,0.0,0.0,0.0,0.0,0.0,0.0,0.0,0.0,0.0,0.0,abort_land,3.605278730392456,-0.09218356758356094,0.07197652012109756,0.8427411913871765,0.06568925082683563,0.19720740616321564,0.09848351031541824
0.778975784778595,0.08962733298540115,0.0,0.060245307467200526,289,1785358618.375484,0.9989876747131348,0.04120362550020218,0.4982919991016388,7.889840602874756,5,7995,3,0,0,0.0009117736481130123,0,0,1.0,0.0,0,57,0,1,1023,0,0,0,0,256,0,0,0,1023,0,0,85,1,0,1,0,59,0,0,0,255,255,0.0,0.0,0.0,0.0,0.0,0.0,0.0,0.0,0.0,0.0,abort_land,3.605278730392456,-0.09218356758356094,0.07197652012109756,0.8427411913871765,0.06568925082683563,0.19720740616321564,0.09848351031541824
0.778975784778595,0.08962733298540115,0.0,0.058781692114743295,289,1785358618.397729,0.9989876747131348,0.04120362550020218,0.4982919991016388,7.889840602874756,5,7995,3,0,0,0.0009117736481130123,0,0,1.0,0.0,0,57,0,1,1023,0,0,0,0,256,0,0,0,1023,0,0,86,1,0,1,0,59,0,0,0,255,255,0.0,0.0,0.0,0.0,0.0,0.0,0.0,0.0,0.0,0.0,abort_land,3.5894429683685303,-0.12632212042808533,0.0749577134847641,0.837592601776123,0.06709723174571991,0.6878417134284973,0.09539131075143814
0.778975784778595,0.08962733298540115,0.0,0.05731807676228609,289,1785358618.419193,0.9989876747131348,0.04120362550020218,0.4982919991016388,7.889840602874756,5,7995,3,0,0,0.0009117736481130123,0,0,1.0,0.0,0,57,0,1,1023,0,0,0,0,256,0,0,0,1023,0,0,86,1,0,1,0,59,0,0,0,255,255,0.0,0.0,0.0,0.0,0.0,0.0,0.0,0.0,0.0,0.0,abort_land,3.5894429683685303,-0.12632212042808533,0.0749577134847641,0.837592601776123,0.06709723174571991,0.6878417134284973,0.09539131075143814
0.778975784778595,0.08962733298540115,0.0,0.05585446140982889,289,1785358618.444758,0.9989876747131348,0.04120362550020218,0.4982919991016388,7.889840602874756,5,7995,3,0,0,0.0009117736481130123,0,0,1.0,0.0,0,57,0,1,1023,0,0,0,0,256,0,0,0,1023,0,0,86,1,0,1,0,59,0,0,0,255,255,0.0,0.0,0.0,0.0,0.0,0.0,0.0,0.0,0.0,0.0,abort_land,3.5894429683685303,-0.150347039103508,0.07839476317167282,0.831204354763031,0.0701489970088005,1.4811794757843018,0.09167472273111343
0.778975784778595,0.08962733298540115,0.0,0.054390846057371656,289,1785358618.468673,0.9989876747131348,0.04120362550020218,0.4982919991016388,7.889840602874756,5,7995,3,0,0,0.0009117736481130123,0,0,1.0,0.0,0,57,0,1,1023,0,0,0,0,256,0,0,0,1023,0,0,86,1,0,1,0,59,0,0,0,255,255,0.0,0.0,0.0,0.0,0.0,0.0,0.0,0.0,0.0,0.0,abort_land,3.5894429683685303,-0.150347039103508,0.07839476317167282,0.831204354763031,0.0701489970088005,1.4811794757843018,0.09167472273111343
0.778975784778595,0.08962733298540115,0.0,0.052927230704914424,289,1785358618.49117,0.9989876747131348,0.04120362550020218,0.4982919991016388,7.889840602874756,5,7995,3,0,0,0.0009117736481130123,0,0,1.0,0.0,0,57,0,1,1023,0,0,0,0,256,0,0,0,1023,0,0,86,1,0,1,0,59,0,0,0,255,255,0.0,0.0,0.0,0.0,0.0,0.0,0.0,0.0,0.0,0.0,abort_land,3.578885793685913,-0.16312505304813385,0.0773593932390213,0.8241248726844788,0.07331504672765732,2.404792070388794,0.08782663196325302
0.778975784778595,0.08962733298540115,0.0,0.05146361535245719,289,1785358618.51172,0.9989876747131348,0.04120362550020218,0.4982919991016388,7.889840602874756,5,7995,3,0,0,0.0009117736481130123,0,0,1.0,0.0,0,57,0,1,1023,0,0,0,0,256,0,0,0,1023,0,0,87,1,0,1,0,59,0,0,0,255,255,0.0,0.0,0.0,0.0,0.0,0.0,0.0,0.0,0.0,0.0,abort_land,3.578885793685913,-0.16312505304813385,0.0773593932390213,0.8241248726844788,0.07331504672765732,2.404792070388794,0.08782663196325302
0.778975784778595,0.08962733298540115,0.0,0.04999999999999999,289,1785358618.536402,0.9989876747131348,0.04120362550020218,0.4982919991016388,7.889840602874756,5,7995,3,0,0,0.0009117736481130123,0,0,1.0,0.0,0,57,0,1,1023,0,0,0,0,256,0,0,0,1023,0,0,87,1,0,1,0,59,0,0,0,255,255,0.0,0.0,0.0,0.0,0.0,0.0,0.0,0.0,0.0,0.0,abort_land,3.578885793685913,-0.16312505304813385,0.0773593932390213,0.8241248726844788,0.07331504672765732,2.404792070388794,0.08782663196325302
