cmd_x,cmd_y,cmd_yaw_deg,cmd_z,gate8.stackFree,host_time,mpcDiag.outX,mpcDiag.outY,mpcDiag.outZ,mpcDiag.yawCmd,obs.iter,obs.mpcUs,percept.ageMs,percept.applied,percept.corridor,percept.ctrDanger,percept.hold,percept.holdAge,percept.maxDanger,percept.minTtc,percept.nCstr,percept.sample,percept.side,percept.valid,perceptBox.cells,perceptBox.lineU,perceptBox.side,perceptBox.valid,perceptBox.x0,perceptBox.x1,perceptBox.y0,perceptBox.y1,perceptGridA.r0,perceptGridA.r1,perceptGridA.r2,perceptGridA.r3,perceptGridA.r4,perceptGridB.r5,perceptGridB.r6,perceptGridB.r7,perceptGridB.r8,perceptGridB.r9,perceptMap.crcErr,perceptMap.invalid,perceptMap.rxOk,perceptMass.cells,perceptMass.cluster,perceptMass.detected,perceptPlane.ax,perceptPlane.ay,perceptPlane.az,perceptPlane.b,perceptPlane.lineU,perceptPlane.safeU,phase,pm.vbat,stateEstimate.vx,stateEstimate.vy,stateEstimate.x,stateEstimate.y,stateEstimate.yaw,stateEstimate.z
0.0,0.0,0.0,0.05,0,1785353062.617732,0.0,0.0,0.0,0.0,0,0,0,0,0,0.0,0,0,0.0,0.0,0,0,0,0,0,0.0,0,0,0,0,0,0,0,0,0,0,0,0,0,0,0,0,0,0,0,0,0,0,0.0,0.0,0.0,0.0,0.0,0.0,takeoff,4.069794654846191,-0.004238615278154612,-0.0032291936222463846,-0.0013274109223857522,0.00019355516997165978,0.012731997296214104,0.011814938858151436
0.0,0.0,0.0,0.05454545454545455,0,1785353062.6427178,0.0,0.0,0.0,0.0,0,0,0,0,0,0.0,0,0,0.0,0.0,0,0,0,0,0,0.0,0,0,0,0,0,0,0,0,0,0,0,0,0,0,0,0,0,0,0,0,0,0,0.0,0.0,0.0,0.0,0.0,0.0,takeoff,4.069794654846191,-0.0072694262489676476,0.0014249980449676514,-0.0011203292524442077,0.00014793622540310025,0.014486006461083889,0.012297860346734524
0.0,0.0,0.0,0.0590909090909091,0,1785353062.664914,0.0,0.0,0.0,0.0,0,0,0,0,0,0.0,0,0,0.0,0.0,0,0,0,0,0,0.0,0,0,0,0,0,0,0,0,0,0,0,0,0,0,0,0,0,0,0,0,0,0,0.0,0.0,0.0,0.0,0.0,0.0,takeoff,4.069794654846191,-0.0072694262489676476,0.0014249980449676514,-0.0011203292524442077,0.00014793622540310025,0.014486006461083889,0.012297860346734524
0.0,0.0,0.0,0.06363636363636364,0,1785353062.685639,0.0,0.0,0.0,0.0,0,0,0,0,0,0.0,0,0,0.0,0.0,0,0,0,0,0,0.0,0,0,0,0,0,0,0,0,0,0,0,0,0,0,0,0,0,0,0,0,0,0,0.0,0.0,0.0,0.0,0.0,0.0,takeoff,4.069794654846191,-0.0016069236444309354,0.001395110972225666,-0.000370950874639675,7.265713065862656e-05,0.013113093562424183,0.013081632554531097
0.0,0.0,0.0,0.06818181818181819,0,1785353062.709942,0.0,0.0,0.0,0.0,0,0,0,0,0,0.0,0,0,0.0,0.0,0,0,0,0,0,0.0,0,0,0,0,0,0,0,0,0,0,0,0,0,0,0,0,0,0,0,0,0,0,0.0,0.0,0.0,0.0,0.0,0.0,takeoff,4.069794654846191,-0.0016069236444309354,0.001395110972225666,-0.000370950874639675,7.265713065862656e-05,0.013113093562424183,0.013081632554531097
0.0,0.0,0.0,0.07272727272727272,0,1785353062.733705,0.0,0.0,0.0,0.0,0,0,0,0,0,0.0,0,0,0.0,0.0,0,0,0,0,0,0.0,0,0,0,0,0,0,0,0,0,0,0,0,0,0,0,0,0,0,0,0,0,0,0.0,0.0,0.0,0.0,0.0,0.0,takeoff,3.906158447265625,-0.003437618725001812,0.00587480841204524,-0.002202356234192848,0.0005644658813253045,0.01024558674544096,0.01329113356769085
0.0,0.0,0.0,0.07727272727272727,0,1785353062.755467,0.0,0.0,0.0,0.0,0,0,0,0,0,0.0,0,0,0.0,0.0,0,0,0,0,0,0.0,0,0,0,0,0,0,0,0,0,0,0,0,0,0,0,0,0,0,0,0,0,0,0.0,0.0,0.0,0.0,0.0,0.0,takeoff,3.906158447265625,-0.003437618725001812,0.00587480841204524,-0.002202356234192848,0.0005644658813253045,0.01024558674544096,0.01329113356769085
0.0,0.0,0.0,0.08181818181818182,0,1785353062.779655,0.0,0.0,0.0,0.0,0,0,0,0,0,0.0,0,0,0.0,0.0,0,0,0,0,0,0.0,0,0,0,0,0,0,0,0,0,0,0,0,0,0,0,0,0,0,0,0,0,0,0.0,0.0,0.0,0.0,0.0,0.0,takeoff,3.906158447265625,-0.0035813436843454838,-0.007517197169363499,-0.002649647416546941,-0.002037986647337675,0.05240510776638985,0.01388725358992815
0.0,0.0,0.0,0.08636363636363636,0,1785353062.802593,0.0,0.0,0.0,0.0,0,0,0,0,0,0.0,0,0,0.0,0.0,0,0,0,0,0,0.0,0,0,0,0,0,0,0,0,0,0,0,0,0,0,0,0,0,0,0,0,0,0,0.0,0.0,0.0,0.0,0.0,0.0,takeoff,3.906158447265625,-0.0035813436843454838,-0.007517197169363499,-0.002649647416546941,-0.002037986647337675,0.05240510776638985,0.01388725358992815
0.0,0.0,0.0,0.09090909090909091,0,1785353062.823371,0.0,0.0,0.0,0.0,0,0,0,0,0,0.0,0,0,0.0,0.0,0,0,0,0,0,0.0,0,0,0,0,0,0,0,0,0,0,0,0,0,0,0,0,0,0,0,0,0,0,0.0,0.0,0.0,0.0,0.0,0.0,takeoff,3.921994209289551,0.012013805098831654,-0.026264430955052376,0.0001417425082763657,-0.005871686153113842,0.010044156573712826,0.013196826912462711
0.0,0.0,0.0,0.09545454545454546,0,1785353062.845438,0.0,0.0,0.0,0.0,0,0,0,0,0,0.0,0,0,0.0,0.0,0,0,0,0,0,0.0,0,0,0,0,0,0,0,0,0,0,0,0,0,0,0,0,0,0,0,0,0,0,0.0,0.0,0.0,0.0,0.0,0.0,takeoff,3.921994209289551,0.012013805098831654,-0.026264430955052376,0.0001417425082763657,-0.005871686153113842,0.010044156573712826,0.013196826912462711
0.0,0.0,0.0,0.1,0,1785353062.87051,0.0,0.0,0.0,0.0,0,0,0,0,0,0.0,0,0,0.0,0.0,0,0,0,0,0,0.0,0,0,0,0,0,0,0,0,0,0,0,0,0,0,0,0,0,0,0,0,0,0,0.0,0.0,0.0,0.0,0.0,0.0,takeoff,3.921994209289551,0.012013805098831654,-0.026264430955052376,0.0001417425082763657,-0.005871686153113842,0.010044156573712826,0.013196826912462711
0.0,0.0,0.0,0.10454545454545455,0,1785353062.8928268,0.0,0.0,0.0,0.0,0,0,0,0,0,0.0,0,0,0.0,0.0,0,0,0,0,0,0.0,0,0,0,0,0,0,0,0,0,0,0,0,0,0,0,0,0,0,0,0,0,0,0.0,0.0,0.0,0.0,0.0,0.0,takeoff,3.921994209289551,0.06237427890300751,-0.05282114818692207,0.010849607177078724,-0.01216402929276228,0.026520518586039543,0.011097870767116547
0.0,0.0,0.0,0.1090909090909091,0,1785353062.9160051,0.0,0.0,0.0,0.0,0,0,0,0,0,0.0,0,0,0.0,0.0,0,0,0,0,0,0.0,0,0,0,0,0,0,0,0,0,0,0,0,0,0,0,0,0,0,0,0,0,0,0.0,0.0,0.0,0.0,0.0,0.0,takeoff,3.921994209289551,0.06237427890300751,-0.05282114818692207,0.010849607177078724,-0.01216402929276228,0.026520518586039543,0.011097870767116547
0.0,0.0,0.0,0.11363636363636363,0,1785353062.936666,0.0,0.0,0.0,0.0,0,0,0,0,0,0.0,0,0,0.0,0.0,0,0,0,0,0,0.0,0,0,0,0,0,0,0,0,0,0,0,0,0,0,0,0,0,0,0,0,0,0,0.0,0.0,0.0,0.0,0.0,0.0,takeoff,3.916715621948242,0.1223205029964447,-0.109805166721344,0.02658054605126381,-0.026033218950033188,0.043680910021066666,0.01054403092712164
0.0,0.0,0.0,0.1181818181818182,0,1785353062.958935,0.0,0.0,0.0,0.0,0,0,0,0,0,0.0,0,0,0.0,0.0,0,0,0,0,0,0.0,0,0,0,0,0,0,0,0,0,0,0,0,0,0,0,0,0,0,0,0,0,0,0.0,0.0,0.0,0.0,0.0,0.0,takeoff,3.916715621948242,0.1223205029964447,-0.109805166721344,0.02658054605126381,-0.026033218950033188,0.043680910021066666,0.01054403092712164
0.0,0.0,0.0,0.12272727272727274,0,1785353062.979498,0.0,0.0,0.0,0.0,0,0,0,0,0,0.0,0,0,0.0,0.0,0,0,0,0,0,0.0,0,0,0,0,0,0,0,0,0,0,0,0,0,0,0,0,0,0,0,0,0,0,0.0,0.0,0.0,0.0,0.0,0.0,takeoff,3.916715621948242,0.1491609811782837,-0.10339786112308502,0.039213478565216064,-0.030405748635530472,0.1605159491300583,0.009008989669382572
0.0,0.0,0.0,0.12727272727272726,0,1785353063.0047019,0.0,0.0,0.0,0.0,0,0,0,0,0,0.0,0,0,0.0,0.0,0,0,0,0,0,0.0,0,0,0,0,0,0,0,0,0,0,0,0,0,0,0,0,0,0,0,0,0,0,0.0,0.0,0.0,0.0,0.0,0.0,takeoff,3.916715621948242,0.1491609811782837,-0.10339786112308502,0.039213478565216064,-0.030405748635530472,0.1605159491300583,0.009008989669382572
0.0,0.0,0.0,0.13181818181818183,0,1785353063.028832,0.0,0.0,0.0,0.0,0,0,0,0,0,0.0,0,0,0.0,0.0,0,0,0,0,0,0.0,0,0,0,0,0,0,0,0,0,0,0,0,0,0,0,0,0,0,0,0,0,0,0.0,0.0,0.0,0.0,0.0,0.0,takeoff,3.916715621948242,0.07057289779186249,-0.07928713411092758,0.034927912056446075,-0.03305765241384506,0.33862772583961487,0.00776502164080739
0.0,0.0,0.0,0.13636363636363635,0,1785353063.053443,0.0,0.0,0.0,0.0,0,0,0,0,0,0.0,0,0,0.0,0.0,0,0,0,0,0,0.0,0,0,0,0,0,0,0,0,0,0,0,0,0,0,0,0,0,0,0,0,0,0,0.0,0.0,0.0,0.0,0.0,0.0,takeoff,3.916715621948242,0.07057289779186249,-0.07928713411092758,0.034927912056446075,-0.03305765241384506,0.33862772583961487,0.00776502164080739
0.0,0.0,0.0,0.14090909090909093,0,1785353063.0749419,0.0,0.0,0.0,0.0,0,0,0,0,0,0.0,0,0,0.0,0.0,0,0,0,0,0,0.0,0,0,0,0,0,0,0,0,0,0,0,0,0,0,0,0,0,0,0,0,0,0,0.0,0.0,0.0,0.0,0.0,0.0,takeoff,3.916715621948242,-0.07031175494194031,-0.012257357127964497,0.016464104875922203,-0.02682189643383026,0.5475779175758362,0.004501123446971178
0.0,0.0,0.0,0.14545454545454545,0,1785353063.10003,0.0,0.0,0.0,0.0,0,0,0,0,0,0.0,0,0,0.0,0.0,0,0,0,0,0,0.0,0,0,0,0,0,0,0,0,0,0,0,0,0,0,0,0,0,0,0,0,0,0,0.0,0.0,0.0,0.0,0.0,0.0,takeoff,3.916715621948242,-0.07031175494194031,-0.012257357127964497,0.016464104875922203,-0.02682189643383026,0.5475779175758362,0.004501123446971178
0.0,0.0,0.0,0.15,0,1785353063.123989,0.0,0.0,0.0,0.0,0,0,0,0,0,0.0,0,0,0.0,0.0,0,0,0,0,0,0.0,0,0,0,0,0,0,0,0,0,0,0,0,0,0,0,0,0,0,0,0,0,0,0.0,0.0,0.0,0.0,0.0,0.0,takeoff,3.895601272583008,-0.22460804879665375,0.05182183161377907,-0.00969164352864027,-0.018953436985611916,0.49889934062957764,-0.001998170744627714
0.0,0.0,0.0,0.15454545454545454,0,1785353063.1476538,0.0,0.0,0.0,0.0,0,0,0,0,0,0.0,0,0,0.0,0.0,0,0,0,0,0,0.0,0,0,0,0,0,0,0,0,0,0,0,0,0,0,0,0,0,0,0,0,0,0,0.0,0.0,0.0,0.0,0.0,0.0,takeoff,3.895601272583008,-0.22460804879665375,0.05182183161377907,-0.00969164352864027,-0.018953436985611916,0.49889934062957764,-0.001998170744627714
0.0,0.0,0.0,0.15909090909090912,0,1785353063.169364,0.0,0.0,0.0,0.0,0,0,0,0,0,0.0,0,0,0.0,0.0,0,0,0,0,0,0.0,0,0,0,0,0,0,0,0,0,0,0,0,0,0,0,0,0,0,0,0,0,0,0.0,0.0,0.0,0.0,0.0,0.0,takeoff,3.895601272583008,-0.22460804879665375,0.05182183161377907,-0.00969164352864027,-0.018953436985611916,0.49889934062957764,-0.001998170744627714
0.0,0.0,0.0,0.16363636363636364,0,1785353063.191019,0.0,0.0,0.0,0.0,0,0,0,0,0,0.0,0,0,0.0,0.0,0,0,0,0,0,0.0,0,0,0,0,0,0,0,0,0,0,0,0,0,0,0,0,0,0,0,0,0,0,0.0,0.0,0.0,0.0,0.0,0.0,takeoff,3.895601272583008,-0.3475397229194641,0.10079408437013626,-0.03813721239566803,-0.011017140001058578,0.3458438217639923,-0.0031793781090527773
0.0,0.0,0.0,0.1681818181818182,0,1785353063.214721,0.0,0.0,0.0,0.0,0,0,0,0,0,0.0,0,0,0.0,0.0,0,0,0,0,0,0.0,0,0,0,0,0,0,0,0,0,0,0,0,0,0,0,0,0,0,0,0,0,0,0.0,0.0,0.0,0.0,0.0,0.0,takeoff,3.895601272583008,-0.3475397229194641,0.10079408437013626,-0.03813721239566803,-0.011017140001058578,0.3458438217639923,-0.0031793781090527773
0.0,0.0,0.0,0.17272727272727273,0,1785353063.236688,0.0,0.0,0.0,0.0,0,0,0,0,0,0.0,0,0,0.0,0.0,0,0,0,0,0,0.0,0,0,0,0,0,0,0,0,0,0,0,0,0,0,0,0,0,0,0,0,0,0,0.0,0.0,0.0,0.0,0.0,0.0,takeoff,3.895601272583008,-0.37850552797317505,0.1395210325717926,-0.05931713432073593,-0.0009820704581215978,0.3222349286079407,0.00753043545410037
0.0,0.0,0.0,0.17727272727272725,0,1785353063.261742,0.0,0.0,0.0,0.0,0,0,0,0,0,0.0,0,0,0.0,0.0,0,0,0,0,0,0.0,0,0,0,0,0,0,0,0,0,0,0,0,0,0,0,0,0,0,0,0,0,0,0.0,0.0,0.0,0.0,0.0,0.0,takeoff,3.895601272583008,-0.37850552797317505,0.1395210325717926,-0.05931713432073593,-0.0009820704581215978,0.3222349286079407,0.00753043545410037
0.0,0.0,0.0,0.18181818181818182,0,1785353063.286656,0.0,0.0,0.0,0.0,0,0,0,0,0,0.0,0,0,0.0,0.0,0,0,0,0,0,0.0,0,0,0,0,0,0,0,0,0,0,0,0,0,0,0,0,0,0,0,0,0,0,0.0,0.0,0.0,0.0,0.0,0.0,takeoff,3.895601272583008,-0.36846408247947693,0.15759219229221344,-0.08171378076076508,0.00937789585441351,0.3577002286911011,0.0291245449334383
0.0,0.0,0.0,0.1863636363636364,0,1785353063.3095732,0.0,0.0,0.0,0.0,0,0,0,0,0,0.0,0,0,0.0,0.0,0,0,0,0,0,0.0,0,0,0,0,0,0,0,0,0,0,0,0,0,0,0,0,0,0,0,0,0,0,0.0,0.0,0.0,0.0,0.0,0.0,takeoff,3.895601272583008,-0.36846408247947693,0.15759219229221344,-0.08171378076076508,0.00937789585441351,0.3577002286911011,0.0291245449334383
0.0,0.0,0.0,0.19090909090909092,0,1785353063.334167,0.0,0.0,0.0,0.0,0,0,0,0,0,0.0,0,0,0.0,0.0,0,0,0,0,0,0.0,0,0,0,0,0,0,0,0,0,0,0,0,0,0,0,0,0,0,0,0,0,0,0.0,0.0,0.0,0.0,0.0,0.0,takeoff,3.916715621948242,-0.28412923216819763,0.147478386759758,-0.09394967555999756,0.016747135668992996,0.43265342712402344,0.045750413089990616
0.0,0.0,0.0,0.1954545454545455,0,1785353063.3563678,0.0,0.0,0.0,0.0,0,0,0,0,0,0.0,0,0,0.0,0.0,0,0,0,0,0,0.0,0,0,0,0,0,0,0,0,0,0,0,0,0,0,0,0,0,0,0,0,0,0,0.0,0.0,0.0,0.0,0.0,0.0,takeoff,3.916715621948242,-0.28412923216819763,0.147478386759758,-0.09394967555999756,0.016747135668992996,0.43265342712402344,0.045750413089990616
0.0,0.0,0.0,0.2,0,1785353063.379643,0.0,0.0,0.0,0.0,0,0,0,0,0,0.0,0,0,0.0,0.0,0,0,0,0,0,0.0,0,0,0,0,0,0,0,0,0,0,0,0,0,0,0,0,0,0,0,0,0,0,0.0,0.0,0.0,0.0,0.0,0.0,takeoff,3.916715621948242,-0.15774808824062347,0.11634238809347153,-0.09733164310455322,0.02144116722047329,0.5292550921440125,0.06415459513664246
0.0,0.0,0.0,0.20454545454545453,0,1785353063.404704,0.0,0.0,0.0,0.0,0,0,0,0,0,0.0,0,0,0.0,0.0,0,0,0,0,0,0.0,0,0,0,0,0,0,0,0,0,0,0,0,0,0,0,0,0,0,0,0,0,0,0.0,0.0,0.0,0.0,0.0,0.0,takeoff,3.916715621948242,-0.15774808824062347,0.11634238809347153,-0.09733164310455322,0.02144116722047329,0.5292550921440125,0.06415459513664246
0.0,0.0,0.0,0.2090909090909091,0,1785353063.428355,0.0,0.0,0.0,0.0,0,0,0,0,0,0.0,0,0,0.0,0.0,0,0,0,0,0,0.0,0,0,0,0,0,0,0,0,0,0,0,0,0,0,0,0,0,0,0,0,0,0,0.0,0.0,0.0,0.0,0.0,0.0,takeoff,3.9114370346069336,-0.007205095607787371,0.07562936842441559,-0.090150848031044,0.02320774272084236,0.5659955143928528,0.07660752534866333
0.0,0.0,0.0,0.21363636363636362,0,1785353063.450978,0.0,0.0,0.0,0.0,0,0,0,0,0,0.0,0,0,0.0,0.0,0,0,0,0,0,0.0,0,0,0,0,0,0,0,0,0,0,0,0,0,0,0,0,0,0,0,0,0,0,0.0,0.0,0.0,0.0,0.0,0.0,takeoff,3.9114370346069336,-0.007205095607787371,0.07562936842441559,-0.090150848031044,0.02320774272084236,0.5659955143928528,0.07660752534866333
0.0,0.0,0.0,0.2181818181818182,0,1785353063.476028,0.0,0.0,0.0,0.0,0,0,0,0,0,0.0,0,0,0.0,0.0,0,0,0,0,0,0.0,0,0,0,0,0,0,0,0,0,0,0,0,0,0,0,0,0,0,0,0,0,0,0.0,0.0,0.0,0.0,0.0,0.0,takeoff,3.9114370346069336,0.1409621685743332,0.03629843145608902,-0.07525665313005447,0.02340366505086422,0.4893738925457001,0.08333975076675415
0.0,0.0,0.0,0.22272727272727272,0,1785353063.49969,0.0,0.0,0.0,0.0,0,0,0,0,0,0.0,0,0,0.0,0.0,0,0,0,0,0,0.0,0,0,0,0,0,0,0,0,0,0,0,0,0,0,0,0,0,0,0,0,0,0,0.0,0.0,0.0,0.0,0.0,0.0,takeoff,3.9114370346069336,0.1409621685743332,0.03629843145608902,-0.07525665313005447,0.02340366505086422,0.4893738925457001,0.08333975076675415
0.0,0.0,0.0,0.2272727272727273,0,1785353063.519796,0.0,0.0,0.0,0.0,0,0,0,0,0,0.0,0,0,0.0,0.0,0,0,0,0,0,0.0,0,0,0,0,0,0,0,0,0,0,0,0,0,0,0,0,0,0,0,0,0,0,0.0,0.0,0.0,0.0,0.0,0.0,takeoff,3.9114370346069336,0.1409621685743332,0.03629843145608902,-0.07525665313005447,0.02340366505086422,0.4893738925457001,0.08333975076675415
0.0,0.0,0.0,0.2318181818181818,0,1785353063.5448241,0.0,0.0,0.0,0.0,0,0,0,0,0,0.0,0,0,0.0,0.0,0,0,0,0,0,0.0,0,0,0,0,0,0,0,0,0,0,0,0,0,0,0,0,0,0,0,0,0,0,0.0,0.0,0.0,0.0,0.0,0.0,takeoff,3.8850440979003906,0.2578701674938202,-0.006435810588300228,-0.05716023966670036,0.020763056352734566,0.4481598436832428,0.0869256854057312
0.0,0.0,0.0,0.2363636363636364,0,1785353063.569876,0.0,0.0,0.0,0.0,0,0,0,0,0,0.0,0,0,0.0,0.0,0,0,0,0,0,0.0,0,0,0,0,0,0,0,0,0,0,0,0,0,0,0,0,0,0,0,0,0,0,0.0,0.0,0.0,0.0,0.0,0.0,takeoff,3.8850440979003906,0.2578701674938202,-0.006435810588300228,-0.05716023966670036,0.020763056352734566,0.4481598436832428,0.0869256854057312
0.0,0.0,0.0,0.2409090909090909,0,1785353063.590646,0.0,0.0,0.0,0.0,0,0,0,0,0,0.0,0,0,0.0,0.0,0,0,0,0,0,0.0,0,0,0,0,0,0,0,0,0,0,0,0,0,0,0,0,0,0,0,0,0,0,0.0,0.0,0.0,0.0,0.0,0.0,takeoff,3.8850440979003906,0.3660616874694824,-0.053689803928136826,-0.03128202259540558,0.014614870771765709,0.3507266342639923,0.08443580567836761
0.0,0.0,0.0,0.24545454545454548,0,1785353063.6128159,0.0,0.0,0.0,0.0,0,0,0,0,0,0.0,0,0,0.0,0.0,0,0,0,0,0,0.0,0,0,0,0,0,0,0,0,0,0,0,0,0,0,0,0,0,0,0,0,0,0,0.0,0.0,0.0,0.0,0.0,0.0,takeoff,3.8850440979003906,0.3660616874694824,-0.053689803928136826,-0.03128202259540558,0.014614870771765709,0.3507266342639923,0.08443580567836761
0.0,0.0,0.0,0.25,0,1785353063.6379268,0.0,0.0,0.0,0.0,0,0,0,0,0,0.0,0,0,0.0,0.0,0,0,0,0,0,0.0,0,0,0,0,0,0,0,0,0,0,0,0,0,0,0,0,0,0,0,0,0,0,0.0,0.0,0.0,0.0,0.0,0.0,takeoff,3.8586511611938477,0.41463586688041687,-0.08025022596120834,-0.007399250753223896,0.009851569309830666,0.2522170841693878,0.08606418967247009
0.0,0.0,0.0,0.2545454545454545,0,1785353063.658564,0.0,0.0,0.0,0.0,0,0,0,0,0,0.0,0,0,0.0,0.0,0,0,0,0,0,0.0,0,0,0,0,0,0,0,0,0,0,0,0,0,0,0,0,0,0,0,0,0,0,0.0,0.0,0.0,0.0,0.0,0.0,takeoff,3.8586511611938477,0.41463586688041687,-0.08025022596120834,-0.007399250753223896,0.009851569309830666,0.2522170841693878,0.08606418967247009
0.0,0.0,0.0,0.2590909090909091,0,1785353063.681986,0.0,0.0,0.0,0.0,0,0,0,0,0,0.0,0,0,0.0,0.0,0,0,0,0,0,0.0,0,0,0,0,0,0,0,0,0,0,0,0,0,0,0,0,0,0,0,0,0,0,0.0,0.0,0.0,0.0,0.0,0.0,takeoff,3.8586511611938477,0.43373677134513855,-0.09926389902830124,0.019000167027115822,0.003712108824402094,0.21628479659557343,0.08721679449081421
0.0,0.0,0.0,0.26363636363636367,0,1785353063.707065,0.0,0.0,0.0,0.0,0,0,0,0,0,0.0,0,0,0.0,0.0,0,0,0,0,0,0.0,0,0,0,0,0,0,0,0,0,0,0,0,0,0,0,0,0,0,0,0,0,0,0.0,0.0,0.0,0.0,0.0,0.0,takeoff,3.8586511611938477,0.43373677134513855,-0.09926389902830124,0.019000167027115822,0.003712108824402094,0.21628479659557343,0.08721679449081421
0.0,0.0,0.0,0.2681818181818182,0,1785353063.73071,0.0,0.0,0.0,0.0,0,0,0,0,0,0.0,0,0,0.0,0.0,0,0,0,0,0,0.0,0,0,0,0,0,0,0,0,0,0,0,0,0,0,0,0,0,0,0,0,0,0,0.0,0.0,0.0,0.0,0.0,0.0,takeoff,3.869208335876465,0.40981343388557434,-0.10285188257694244,0.043233472853899,-0.0018859951524063945,0.23557180166244507,0.0925338864326477
0.0,0.0,0.0,0.27272727272727276,0,1785353063.754671,0.0,0.0,0.0,0.0,0,0,0,0,0,0.0,0,0,0.0,0.0,0,0,0,0,0,0.0,0,0,0,0,0,0,0,0,0,0,0,0,0,0,0,0,0,0,0,0,0,0,0.0,0.0,0.0,0.0,0.0,0.0,takeoff,3.869208335876465,0.40981343388557434,-0.10285188257694244,0.043233472853899,-0.0018859951524063945,0.23557180166244507,0.0925338864326477
0.0,0.0,0.0,0.2772727272727273,0,1785353063.776617,0.0,0.0,0.0,0.0,0,0,0,0,0,0.0,0,0,0.0,0.0,0,0,0,0,0,0.0,0,0,0,0,0,0,0,0,0,0,0,0,0,0,0,0,0,0,0,0,0,0,0.0,0.0,0.0,0.0,0.0,0.0,takeoff,3.869208335876465,0.3173791468143463,-0.09172219783067703,0.056911952793598175,-0.00644729332998395,0.383770227432251,0.10372510552406311
0.0,0.0,0.0,0.2818181818181818,0,1785353063.798666,0.0,0.0,0.0,0.0,0,0,0,0,0,0.0,0,0,0.0,0.0,0,0,0,0,0,0.0,0,0,0,0,0,0,0,0,0,0,0,0,0,0,0,0,0,0,0,0,0,0,0.0,0.0,0.0,0.0,0.0,0.0,takeoff,3.869208335876465,0.3173791468143463,-0.09172219783067703,0.056911952793598175,-0.00644729332998395,0.383770227432251,0.10372510552406311
0.0,0.0,0.0,0.2863636363636364,0,1785353063.818752,0.0,0.0,0.0,0.0,0,0,0,0,0,0.0,0,0,0.0,0.0,0,0,0,0,0,0.0,0,0,0,0,0,0,0,0,0,0,0,0,0,0,0,0,0,0,0,0,0,0,0.0,0.0,0.0,0.0,0.0,0.0,takeoff,3.869208335876465,0.3173791468143463,-0.09172219783067703,0.056911952793598175,-0.00644729332998395,0.383770227432251,0.10372510552406311
0.0,0.0,0.0,0.2909090909090909,0,1785353063.8414998,0.0,0.0,0.0,0.0,0,0,0,0,0,0.0,0,0,0.0,0.0,0,0,0,0,0,0.0,0,0,0,0,0,0,0,0,0,0,0,0,0,0,0,0,0,0,0,0,0,0,0.0,0.0,0.0,0.0,0.0,0.0,takeoff,3.8744869232177734,0.22218142449855804,-0.0767999216914177,0.06728024780750275,-0.010425329208374023,0.47514379024505615,0.11107996106147766
0.0,0.0,0.0,0.29545454545454547,0,1785353063.8623,0.0,0.0,0.0,0.0,0,0,0,0,0,0.0,0,0,0.0,0.0,0,0,0,0,0,0.0,0,0,0,0,0,0,0,0,0,0,0,0,0,0,0,0,0,0,0,0,0,0,0.0,0.0,0.0,0.0,0.0,0.0,takeoff,3.8744869232177734,0.22218142449855804,-0.0767999216914177,0.06728024780750275,-0.010425329208374023,0.47514379024505615,0.11107996106147766
0.0,0.0,0.0,0.3,0,1785353063.885327,0.0,0.0,0.0,0.0,0,0,0,0,0,0.0,0,0,0.0,0.0,0,0,0,0,0,0.0,0,0,0,0,0,0,0,0,0,0,0,0,0,0,0,0,0,0,0,0,0,0,0.0,0.0,0.0,0.0,0.0,0.0,takeoff,3.8744869232177734,0.11643987894058228,-0.05440812557935715,0.07150604575872421,-0.012618625536561012,0.5564674139022827,0.11585406959056854
0.0,0.0,0.0,0.3045454545454545,0,1785353063.910027,0.0,0.0,0.0,0.0,0,0,0,0,0,0.0,0,0,0.0,0.0,0,0,0,0,0,0.0,0,0,0,0,0,0,0,0,0,0,0,0,0,0,0,0,0,0,0,0,0,0,0.0,0.0,0.0,0.0,0.0,0.0,takeoff,3.8744869232177734,0.11643987894058228,-0.05440812557935715,0.07150604575872421,-0.012618625536561012,0.5564674139022827,0.11585406959056854
0.0,0.0,0.0,0.3090909090909091,0,1785353063.931838,0.0,0.0,0.0,0.0,0,0,0,0,0,0.0,0,0,0.0,0.0,0,0,0,0,0,0.0,0,0,0,0,0,0,0,0,0,0,0,0,0,0,0,0,0,0,0,0,0,0,0.0,0.0,0.0,0.0,0.0,0.0,takeoff,3.853372573852539,0.011034885421395302,-0.0294356532394886,0.07127213478088379,-0.013654178939759731,0.5584150552749634,0.12130174040794373
0.0,0.0,0.0,0.31363636363636366,0,1785353063.953727,0.0,0.0,0.0,0.0,0,0,0,0,0,0.0,0,0,0.0,0.0,0,0,0,0,0,0.0,0,0,0,0,0,0,0,0,0,0,0,0,0,0,0,0,0,0,0,0,0,0,0.0,0.0,0.0,0.0,0.0,0.0,takeoff,3.853372573852539,0.011034885421395302,-0.0294356532394886,0.07127213478088379,-0.013654178939759731,0.5584150552749634,0.12130174040794373
0.0,0.0,0.0,0.3181818181818182,0,1785353063.978506,0.0,0.0,0.0,0.0,0,0,0,0,0,0.0,0,0,0.0,0.0,0,0,0,0,0,0.0,0,0,0,0,0,0,0,0,0,0,0,0,0,0,0,0,0,0,0,0,0,0,0.0,0.0,0.0,0.0,0.0,0.0,takeoff,3.853372573852539,-0.08777295798063278,-0.012899440713226795,0.06557143479585648,-0.015126372687518597,0.45644646883010864,0.12539389729499817
0.0,0.0,0.0,0.32272727272727275,0,1785353063.998625,0.0,0.0,0.0,0.0,0,0,0,0,0,0.0,0,0,0.0,0.0,0,0,0,0,0,0.0,0,0,0,0,0,0,0,0,0,0,0,0,0,0,0,0,0,0,0,0,0,0,0.0,0.0,0.0,0.0,0.0,0.0,takeoff,3.853372573852539,-0.08777295798063278,-0.012899440713226795,0.06557143479585648,-0.015126372687518597,0.45644646883010864,0.12539389729499817
0.0,0.0,0.0,0.32727272727272727,0,1785353064.022027,0.0,0.0,0.0,0.0,0,0,0,0,0,0.0,0,0,0.0,0.0,0,0,0,0,0,0.0,0,0,0,0,0,0,0,0,0,0,0,0,0,0,0,0,0,0,0,0,0,0,0.0,0.0,0.0,0.0,0.0,0.0,takeoff,3.8480939865112305,-0.16318903863430023,0.005243239458650351,0.05748603492975235,-0.015258652158081532,0.3698503375053406,0.13384509086608887
0.0,0.0,0.0,0.33181818181818185,0,1785353064.046166,0.0,0.0,0.0,0.0,0,0,0,0,0,0.0,0,0,0.0,0.0,0,0,0,0,0,0.0,0,0,0,0,0,0,0,0,0,0,0,0,0,0,0,0,0,0,0,0,0,0,0.0,0.0,0.0,0.0,0.0,0.0,takeoff,3.8480939865112305,-0.16318903863430023,0.005243239458650351,0.05748603492975235,-0.015258652158081532,0.3698503375053406,0.13384509086608887
0.0,0.0,0.0,0.33636363636363636,0,1785353064.070177,0.0,0.0,0.0,0.0,0,0,0,0,0,0.0,0,0,0.0,0.0,0,0,0,0,0,0.0,0,0,0,0,0,0,0,0,0,0,0,0,0,0,0,0,0,0,0,0,0,0,0.0,0.0,0.0,0.0,0.0,0.0,takeoff,3.8480939865112305,-0.16318903863430023,0.005243239458650351,0.05748603492975235,-0.015258652158081532,0.3698503375053406,0.13384509086608887
0.0,0.0,0.0,0.34090909090909094,0,1785353064.0916202,0.0,0.0,0.0,0.0,0,0,0,0,0,0.0,0,0,0.0,0.0,0,0,0,0,0,0.0,0,0,0,0,0,0,0,0,0,0,0,0,0,0,0,0,0,0,0,0,0,0,0.0,0.0,0.0,0.0,0.0,0.0,takeoff,3.8480939865112305,-0.2100396305322647,0.022456886246800423,0.04799199476838112,-0.01422162912786007,0.38153913617134094,0.14327599108219147
0.0,0.0,0.0,0.34545454545454546,0,1785353064.113589,0.0,0.0,0.0,0.0,0,0,0,0,0,0.0,0,0,0.0,0.0,0,0,0,0,0,0.0,0,0,0,0,0,0,0,0,0,0,0,0,0,0,0,0,0,0,0,0,0,0,0.0,0.0,0.0,0.0,0.0,0.0,takeoff,3.8480939865112305,-0.2100396305322647,0.022456886246800423,0.04799199476838112,-0.01422162912786007,0.38153913617134094,0.14327599108219147
0.0,0.0,0.0,0.35,0,1785353064.13725,0.0,0.0,0.0,0.0,0,0,0,0,0,0.0,0,0,0.0,0.0,0,0,0,0,0,0.0,0,0,0,0,0,0,0,0,0,0,0,0,0,0,0,0,0,0,0,0,0,0,0.0,0.0,0.0,0.0,0.0,0.0,takeoff,3.8586511611938477,-0.24995405972003937,0.040630631148815155,0.03351082280278206,-0.011483925394713879,0.39184409379959106,0.15550199151039124
0.0,0.0,0.0,0.35454545454545455,0,1785353064.158655,0.0,0.0,0.0,0.0,0,0,0,0,0,0.0,0,0,0.0,0.0,0,0,0,0,0,0.0,0,0,0,0,0,0,0,0,0,0,0,0,0,0,0,0,0,0,0,0,0,0,0.0,0.0,0.0,0.0,0.0,0.0,takeoff,3.8586511611938477,-0.24995405972003937,0.040630631148815155,0.03351082280278206,-0.011483925394713879,0.39184409379959106,0.15550199151039124
0.0,0.0,0.0,0.35909090909090907,0,1785353064.179708,0.0,0.0,0.0,0.0,0,0,0,0,0,0.0,0,0,0.0,0.0,0,0,0,0,0,0.0,0,0,0,0,0,0,0,0,0,0,0,0,0,0,0,0,0,0,0,0,0,0,0.0,0.0,0.0,0.0,0.0,0.0,takeoff,3.8586511611938477,-0.2625371813774109,0.0483899861574173,0.01936197653412819,-0.009449190460145473,0.38651975989341736,0.17001056671142578
0.0,0.0,0.0,0.36363636363636365,0,1785353064.202749,0.0,0.0,0.0,0.0,0,0,0,0,0,0.0,0,0,0.0,0.0,0,0,0,0,0,0.0,0,0,0,0,0,0,0,0,0,0,0,0,0,0,0,0,0,0,0,0,0,0,0.0,0.0,0.0,0.0,0.0,0.0,takeoff,3.8586511611938477,-0.2625371813774109,0.0483899861574173,0.01936197653412819,-0.009449190460145473,0.38651975989341736,0.17001056671142578
0.0,0.0,0.0,0.36818181818181817,0,1785353064.224318,0.0,0.0,0.0,0.0,0,0,0,0,0,0.0,0,0,0.0,0.0,0,0,0,0,0,0.0,0,0,0,0,0,0,0,0,0,0,0,0,0,0,0,0,0,0,0,0,0,0,0.0,0.0,0.0,0.0,0.0,0.0,takeoff,3.869208335876465,-0.2532142698764801,0.05105318874120712,0.005950940772891045,-0.0072982520796358585,0.3858592212200165,0.1857037991285324
0.0,0.0,0.0,0.3727272727272727,0,1785353064.2486532,0.0,0.0,0.0,0.0,0,0,0,0,0,0.0,0,0,0.0,0.0,0,0,0,0,0,0.0,0,0,0,0,0,0,0,0,0,0,0,0,0,0,0,0,0,0,0,0,0,0,0.0,0.0,0.0,0.0,0.0,0.0,takeoff,3.869208335876465,-0.2532142698764801,0.05105318874120712,0.005950940772891045,-0.0072982520796358585,0.3858592212200165,0.1857037991285324
0.0,0.0,0.0,0.37727272727272726,0,1785353064.271749,0.0,0.0,0.0,0.0,0,0,0,0,0,0.0,0,0,0.0,0.0,0,0,0,0,0,0.0,0,0,0,0,0,0,0,0,0,0,0,0,0,0,0,0,0,0,0,0,0,0,0.0,0.0,0.0,0.0,0.0,0.0,takeoff,3.869208335876465,-0.22461393475532532,0.052318353205919266,-0.005362203810364008,-0.004541259724646807,0.33439934253692627,0.2028990089893341
0.0,0.0,0.0,0.3818181818181818,0,1785353064.29565,0.0,0.0,0.0,0.0,0,0,0,0,0,0.0,0,0,0.0,0.0,0,0,0,0,0,0.0,0,0,0,0,0,0,0,0,0,0,0,0,0,0,0,0,0,0,0,0,0,0,0.0,0.0,0.0,0.0,0.0,0.0,takeoff,3.869208335876465,-0.22461393475532532,0.052318353205919266,-0.005362203810364008,-0.004541259724646807,0.33439934253692627,0.2028990089893341
0.0,0.0,0.0,0.38636363636363635,0,1785353064.319711,0.0,0.0,0.0,0.0,0,0,0,0,0,0.0,0,0,0.0,0.0,0,0,0,0,0,0.0,0,0,0,0,0,0,0,0,0,0,0,0,0,0,0,0,0,0,0,0,0,0,0.0,0.0,0.0,0.0,0.0,0.0,takeoff,3.869208335876465,-0.22461393475532532,0.052318353205919266,-0.005362203810364008,-0.004541259724646807,0.33439934253692627,0.2028990089893341
0.0,0.0,0.0,0.39090909090909093,0,1785353064.341001,0.0,0.0,0.0,0.0,0,0,0,0,0,0.0,0,0,0.0,0.0,0,0,0,0,0,0.0,0,0,0,0,0,0,0,0,0,0,0,0,0,0,0,0,0,0,0,0,0,0,0.0,0.0,0.0,0.0,0.0,0.0,takeoff,3.8586511611938477,-0.17822608351707458,0.04533398151397705,-0.012623138725757599,-0.0033367546275258064,0.22629797458648682,0.2124929428100586
0.0,0.0,0.0,0.39545454545454545,0,1785353064.362828,0.0,0.0,0.0,0.0,0,0,0,0,0,0.0,0,0,0.0,0.0,0,0,0,0,0,0.0,0,0,0,0,0,0,0,0,0,0,0,0,0,0,0,0,0,0,0,0,0,0,0.0,0.0,0.0,0.0,0.0,0.0,takeoff,3.8586511611938477,-0.17822608351707458,0.04533398151397705,-0.012623138725757599,-0.0033367546275258064,0.22629797458648682,0.2124929428100586
0.0,0.0,0.0,0.4,0,1785353064.387882,0.0,0.0,0.0,0.0,0,0,0,0,0,0.0,0,0,0.0,0.0,0,0,0,0,0,0.0,0,0,0,0,0,0,0,0,0,0,0,0,0,0,0,0,0,0,0,0,0,0,0.0,0.0,0.0,0.0,0.0,0.0,takeoff,3.8586511611938477,-0.13481776416301727,0.04136889800429344,-0.020515235140919685,-0.0010216707596555352,0.08999283611774445,0.22635792195796967
0.0,0.0,0.0,0.40454545454545454,0,1785353064.41267,0.0,0.0,0.0,0.0,0,0,0,0,0,0.0,0,0,0.0,0.0,0,0,0,0,0,0.0,0,0,0,0,0,0,0,0,0,0,0,0,0,0,0,0,0,0,0,0,0,0,0.0,0.0,0.0,0.0,0.0,0.0,takeoff,3.8586511611938477,-0.13481776416301727,0.04136889800429344,-0.020515235140919685,-0.0010216707596555352,0.08999283611774445,0.22635792195796967
0.0,0.0,0.0,0.4090909090909091,0,1785353064.437741,0.0,0.0,0.0,0.0,0,0,0,0,0,0.0,0,0,0.0,0.0,0,0,0,0,0,0.0,0,0,0,0,0,0,0,0,0,0,0,0,0,0,0,0,0,0,0,0,0,0,0.0,0.0,0.0,0.0,0.0,0.0,takeoff,3.8639297485351562,-0.08574952930212021,0.0345819890499115,-0.025270460173487663,0.0006294025806710124,-0.06740077584981918,0.24172131717205048
0.0,0.0,0.0,0.41363636363636364,0,1785353064.460392,0.0,0.0,0.0,0.0,0,0,0,0,0,0.0,0,0,0.0,0.0,0,0,0,0,0,0.0,0,0,0,0,0,0,0,0,0,0,0,0,0,0,0,0,0,0,0,0,0,0,0.0,0.0,0.0,0.0,0.0,0.0,takeoff,3.8639297485351562,-0.08574952930212021,0.0345819890499115,-0.025270460173487663,0.0006294025806710124,-0.06740077584981918,0.24172131717205048
0.0,0.0,0.0,0.4181818181818182,0,1785353064.482662,0.0,0.0,0.0,0.0,0,0,0,0,0,0.0,0,0,0.0,0.0,0,0,0,0,0,0.0,0,0,0,0,0,0,0,0,0,0,0,0,0,0,0,0,0,0,0,0,0,0,0.0,0.0,0.0,0.0,0.0,0.0,takeoff,3.8639297485351562,-0.036143891513347626,0.028638161718845367,-0.02715759351849556,0.0023233662359416485,-0.21912531554698944,0.25723597407341003
0.0,0.0,0.0,0.42272727272727273,0,1785353064.507652,0.0,0.0,0.0,0.0,0,0,0,0,0,0.0,0,0,0.0,0.0,0,0,0,0,0,0.0,0,0,0,0,0,0,0,0,0,0,0,0,0,0,0,0,0,0,0,0,0,0,0.0,0.0,0.0,0.0,0.0,0.0,takeoff,3.8639297485351562,-0.036143891513347626,0.028638161718845367,-0.02715759351849556,0.0023233662359416485,-0.21912531554698944,0.25723597407341003
0.0,0.0,0.0,0.42727272727272725,0,1785353064.53188,0.0,0.0,0.0,0.0,0,0,0,0,0,0.0,0,0,0.0,0.0,0,0,0,0,0,0.0,0,0,0,0,0,0,0,0,0,0,0,0,0,0,0,0,0,0,0,0,0,0,0.0,0.0,0.0,0.0,0.0,0.0,takeoff,3.869208335876465,0.014137250371277332,0.031131746247410774,-0.02522740140557289,0.006256680469959974,-0.3890048563480377,0.273940771818161
0.0,0.0,0.0,0.4318181818181818,0,1785353064.5546691,0.0,0.0,0.0,0.0,0,0,0,0,0,0.0,0,0,0.0,0.0,0,0,0,0,0,0.0,0,0,0,0,0,0,0,0,0,0,0,0,0,0,0,0,0,0,0,0,0,0,0.0,0.0,0.0,0.0,0.0,0.0,takeoff,3.869208335876465,0.014137250371277332,0.031131746247410774,-0.02522740140557289,0.006256680469959974,-0.3890048563480377,0.273940771818161
0.0,0.0,0.0,0.43636363636363634,0,1785353064.576836,0.0,0.0,0.0,0.0,0,0,0,0,0,0.0,0,0,0.0,0.0,0,0,0,0,0,0.0,0,0,0,0,0,0,0,0,0,0,0,0,0,0,0,0,0,0,0,0,0,0,0.0,0.0,0.0,0.0,0.0,0.0,takeoff,3.869208335876465,0.05359583720564842,0.025468066334724426,-0.022289736196398735,0.007800741586834192,-0.540536642074585,0.2905411422252655
0.0,0.0,0.0,0.4409090909090909,0,1785353064.6017861,0.0,0.0,0.0,0.0,0,0,0,0,0,0.0,0,0,0.0,0.0,0,0,0,0,0,0.0,0,0,0,0,0,0,0,0,0,0,0,0,0,0,0,0,0,0,0,0,0,0,0.0,0.0,0.0,0.0,0.0,0.0,takeoff,3.869208335876465,0.05359583720564842,0.025468066334724426,-0.022289736196398735,0.007800741586834192,-0.540536642074585,0.2905411422252655
0.0,0.0,0.0,0.44545454545454544,0,1785353064.6238542,0.0,0.0,0.0,0.0,0,0,0,0,0,0.0,0,0,0.0,0.0,0,0,0,0,0,0.0,0,0,0,0,0,0,0,0,0,0,0,0,0,0,0,0,0,0,0,0,0,0,0.0,0.0,0.0,0.0,0.0,0.0,takeoff,3.869208335876465,0.09032189100980759,0.013313221745193005,-0.015662601217627525,0.00720930052921176,-0.6832678318023682,0.3072691261768341
0.0,0.0,0.0,0.44999999999999996,0,1785353064.645838,0.0,0.0,0.0,0.0,0,0,0,0,0,0.0,0,0,0.0,0.0,0,0,0,0,0,0.0,0,0,0,0,0,0,0,0,0,0,0,0,0,0,0,0,0,0,0,0,0,0,0.0,0.0,0.0,0.0,0.0,0.0,takeoff,3.869208335876465,0.09032189100980759,0.013313221745193005,-0.015662601217627525,0.00720930052921176,-0.6832678318023682,0.3072691261768341
0.0,0.0,0.0,0.45454545454545453,0,1785353064.666655,0.0,0.0,0.0,0.0,0,0,0,0,0,0.0,0,0,0.0,0.0,0,0,0,0,0,0.0,0,0,0,0,0,0,0,0,0,0,0,0,0,0,0,0,0,0,0,0,0,0,0.0,0.0,0.0,0.0,0.0,0.0,takeoff,3.869208335876465,0.09032189100980759,0.013313221745193005,-0.015662601217627525,0.00720930052921176,-0.6832678318023682,0.3072691261768341
0.0,0.0,0.0,0.45909090909090905,0,1785353064.688662,0.0,0.0,0.0,0.0,0,0,0,0,0,0.0,0,0,0.0,0.0,0,0,0,0,0,0.0,0,0,0,0,0,0,0,0,0,0,0,0,0,0,0,0,0,0,0,0,0,0,0.0,0.0,0.0,0.0,0.0,0.0,takeoff,3.869208335876465,0.11228279769420624,0.006391396280378103,-0.009053471498191357,0.007773149758577347,-0.8025663495063782,0.32119816541671753
0.0,0.0,0.0,0.4636363636363636,0,1785353064.7118552,0.0,0.0,0.0,0.0,0,0,0,0,0,0.0,0,0,0.0,0.0,0,0,0,0,0,0.0,0,0,0,0,0,0,0,0,0,0,0,0,0,0,0,0,0,0,0,0,0,0,0.0,0.0,0.0,0.0,0.0,0.0,takeoff,3.869208335876465,0.11228279769420624,0.006391396280378103,-0.009053471498191357,0.007773149758577347,-0.8025663495063782,0.32119816541671753
0.0,0.0,0.0,0.4681818181818182,0,1785353064.7326798,0.0,0.0,0.0,0.0,0,0,0,0,0,0.0,0,0,0.0,0.0,0,0,0,0,0,0.0,0,0,0,0,0,0,0,0,0,0,0,0,0,0,0,0,0,0,0,0,0,0,0.0,0.0,0.0,0.0,0.0,0.0,takeoff,3.8639297485351562,0.12644895911216736,-0.001444268855266273,-0.000608825299423188,0.007465885952115059,-0.8909199237823486,0.33537381887435913
0.0,0.0,0.0,0.4727272727272728,0,1785353064.7533891,0.0,0.0,0.0,0.0,0,0,0,0,0,0.0,0,0,0.0,0.0,0,0,0,0,0,0.0,0,0,0,0,0,0,0,0,0,0,0,0,0,0,0,0,0,0,0,0,0,0,0.0,0.0,0.0,0.0,0.0,0.0,takeoff,3.8639297485351562,0.12644895911216736,-0.001444268855266273,-0.000608825299423188,0.007465885952115059,-0.8909199237823486,0.33537381887435913
0.0,0.0,0.0,0.4772727272727273,0,1785353064.773636,0.0,0.0,0.0,0.0,0,0,0,0,0,0.0,0,0,0.0,0.0,0,0,0,0,0,0.0,0,0,0,0,0,0,0,0,0,0,0,0,0,0,0,0,0,0,0,0,0,0,0.0,0.0,0.0,0.0,0.0,0.0,takeoff,3.8639297485351562,0.12668441236019135,-0.010231811553239822,0.0068544382229447365,0.006363370921462774,-0.9105764627456665,0.35006070137023926
0.0,0.0,0.0,0.4818181818181818,0,1785353064.799783,0.0,0.0,0.0,0.0,0,0,0,0,0,0.0,0,0,0.0,0.0,0,0,0,0,0,0.0,0,0,0,0,0,0,0,0,0,0,0,0,0,0,0,0,0,0,0,0,0,0,0.0,0.0,0.0,0.0,0.0,0.0,takeoff,3.8639297485351562,0.12668441236019135,-0.010231811553239822,0.0068544382229447365,0.006363370921462774,-0.9105764627456665,0.35006070137023926
0.0,0.0,0.0,0.4863636363636364,0,1785353064.824924,0.0,0.0,0.0,0.0,0,0,0,0,0,0.0,0,0,0.0,0.0,0,0,0,0,0,0.0,0,0,0,0,0,0,0,0,0,0,0,0,0,0,0,0,0,0,0,0,0,0,0.0,0.0,0.0,0.0,0.0,0.0,takeoff,3.869208335876465,0.11700789630413055,-0.01808658242225647,0.013814415782690048,0.004961800295859575,-0.9216119050979614,0.3657838702201843
0.0,0.0,0.0,0.4909090909090909,0,1785353064.8486478,0.0,0.0,0.0,0.0,0,0,0,0,0,0.0,0,0,0.0,0.0,0,0,0,0,0,0.0,0,0,0,0,0,0,0,0,0,0,0,0,0,0,0,0,0,0,0,0,0,0,0.0,0.0,0.0,0.0,0.0,0.0,takeoff,3.869208335876465,0.11700789630413055,-0.01808658242225647,0.013814415782690048,0.004961800295859575,-0.9216119050979614,0.3657838702201843
0.0,0.0,0.0,0.4954545454545455,0,1785353064.8728871,0.0,0.0,0.0,0.0,0,0,0,0,0,0.0,0,0,0.0,0.0,0,0,0,0,0,0.0,0,0,0,0,0,0,0,0,0,0,0,0,0,0,0,0,0,0,0,0,0,0,0.0,0.0,0.0,0.0,0.0,0.0,takeoff,3.869208335876465,0.09594694525003433,-0.023718971759080887,0.01825159601867199,0.0035411668941378593,-0.9027358293533325,0.3809742331504822
0.0,0.0,0.0,0.5,0,1785353064.8936892,0.0,0.0,0.0,0.0,0,0,0,0,0,0.0,0,0,0.0,0.0,0,0,0,0,0,0.0,0,0,0,0,0,0,0,0,0,0,0,0,0,0,0,0,0,0,0,0,0,0,0.0,0.0,0.0,0.0,0.0,0.0,takeoff,3.869208335876465,0.09594694525003433,-0.023718971759080887,0.01825159601867199,0.0035411668941378593,-0.9027358293533325,0.3809742331504822
0.0,0.0,0.0,0.5,0,1785353064.913793,0.0,0.0,0.0,0.0,0,0,0,0,0,0.0,0,0,0.0,0.0,0,0,0,0,0,0.0,0,0,0,0,0,0,0,0,0,0,0,0,0,0,0,0,0,0,0,0,0,0,0.0,0.0,0.0,0.0,0.0,0.0,settle,3.869208335876465,0.09594694525003433,-0.023718971759080887,0.01825159601867199,0.0035411668941378593,-0.9027358293533325,0.3809742331504822
0.0,0.0,0.0,0.5,0,1785353064.938667,0.0,0.0,0.0,0.0,0,0,0,0,0,0.0,0,0,0.0,0.0,0,0,0,0,0,0.0,0,0,0,0,0,0,0,0,0,0,0,0,0,0,0,0,0,0,0,0,0,0,0.0,0.0,0.0,0.0,0.0,0.0,settle,3.869208335876465,0.07256848365068436,-0.028785942122340202,0.022567179054021835,0.0013549206778407097,-0.8663082122802734,0.39634403586387634
0.0,0.0,0.0,0.5,0,1785353064.961845,0.0,0.0,0.0,0.0,0,0,0,0,0,0.0,0,0,0.0,0.0,0,0,0,0,0,0.0,0,0,0,0,0,0,0,0,0,0,0,0,0,0,0,0,0,0,0,0,0,0,0.0,0.0,0.0,0.0,0.0,0.0,settle,3.869208335876465,0.07256848365068436,-0.028785942122340202,0.022567179054021835,0.0013549206778407097,-0.8663082122802734,0.39634403586387634
0.0,0.0,0.0,0.5,0,1785353064.982651,0.0,0.0,0.0,0.0,0,0,0,0,0,0.0,0,0,0.0,0.0,0,0,0,0,0,0.0,0,0,0,0,0,0,0,0,0,0,0,0,0,0,0,0,0,0,0,0,0,0,0.0,0.0,0.0,0.0,0.0,0.0,settle,3.869208335876465,0.04202600568532944,-0.02961471490561962,0.024571264162659645,0.0004949700087308884,-0.7807106375694275,0.4104018211364746
0.0,0.0,0.0,0.5,0,1785353065.004918,0.0,0.0,0.0,0.0,0,0,0,0,0,0.0,0,0,0.0,0.0,0,0,0,0,0,0.0,0,0,0,0,0,0,0,0,0,0,0,0,0,0,0,0,0,0,0,0,0,0,0.0,0.0,0.0,0.0,0.0,0.0,settle,3.869208335876465,0.04202600568532944,-0.02961471490561962,0.024571264162659645,0.0004949700087308884,-0.7807106375694275,0.4104018211364746
0.0,0.0,0.0,0.5,0,1785353065.029071,0.0,0.0,0.0,0.0,0,0,0,0,0,0.0,0,0,0.0,0.0,0,0,0,0,0,0.0,0,0,0,0,0,0,0,0,0,0,0,0,0,0,0,0,0,0,0,0,0,0,0.0,0.0,0.0,0.0,0.0,0.0,settle,3.869208335876465,0.022188132628798485,-0.030804850161075592,0.027614491060376167,-0.002720765769481659,-0.6953133344650269,0.42317262291908264
0.0,0.0,0.0,0.5,0,1785353065.0514839,0.0,0.0,0.0,0.0,0,0,0,0,0,0.0,0,0,0.0,0.0,0,0,0,0,0,0.0,0,0,0,0,0,0,0,0,0,0,0,0,0,0,0,0,0,0,0,0,0,0,0.0,0.0,0.0,0.0,0.0,0.0,settle,3.869208335876465,0.022188132628798485,-0.030804850161075592,0.027614491060376167,-0.002720765769481659,-0.6953133344650269,0.42317262291908264
0.0,0.0,0.0,0.5,0,1785353065.072662,0.0,0.0,0.0,0.0,0,0,0,0,0,0.0,0,0,0.0,0.0,0,0,0,0,0,0.0,0,0,0,0,0,0,0,0,0,0,0,0,0,0,0,0,0,0,0,0,0,0,0.0,0.0,0.0,0.0,0.0,0.0,settle,3.869208335876465,-0.0017138421535491943,-0.028548216447234154,0.028453543782234192,-0.004485952202230692,-0.5734372138977051,0.434701144695282
0.0,0.0,0.0,0.5,0,1785353065.0954828,0.0,0.0,0.0,0.0,0,0,0,0,0,0.0,0,0,0.0,0.0,0,0,0,0,0,0.0,0,0,0,0,0,0,0,0,0,0,0,0,0,0,0,0,0,0,0,0,0,0,0.0,0.0,0.0,0.0,0.0,0.0,settle,3.869208335876465,-0.0017138421535491943,-0.028548216447234154,0.028453543782234192,-0.004485952202230692,-0.5734372138977051,0.434701144695282
0.0,0.0,0.0,0.5,0,1785353065.115676,0.0,0.0,0.0,0.0,0,0,0,0,0,0.0,0,0,0.0,0.0,0,0,0,0,0,0.0,0,0,0,0,0,0,0,0,0,0,0,0,0,0,0,0,0,0,0,0,0,0,0.0,0.0,0.0,0.0,0.0,0.0,settle,3.869208335876465,-0.0017138421535491943,-0.028548216447234154,0.028453543782234192,-0.004485952202230692,-0.5734372138977051,0.434701144695282
0.0,0.0,0.0,0.5,0,1785353065.139689,0.0,0.0,0.0,0.0,0,0,0,0,0,0.0,0,0,0.0,0.0,0,0,0,0,0,0.0,0,0,0,0,0,0,0,0,0,0,0,0,0,0,0,0,0,0,0,0,0,0,0.0,0.0,0.0,0.0,0.0,0.0,settle,3.8744869232177734,-0.02557210437953472,-0.027740485966205597,0.02713005803525448,-0.007500769570469856,-0.4449881911277771,0.4466859698295593
0.0,0.0,0.0,0.5,0,1785353065.1637802,0.0,0.0,0.0,0.0,0,0,0,0,0,0.0,0,0,0.0,0.0,0,0,0,0,0,0.0,0,0,0,0,0,0,0,0,0,0,0,0,0,0,0,0,0,0,0,0,0,0,0.0,0.0,0.0,0.0,0.0,0.0,settle,3.8744869232177734,-0.02557210437953472,-0.027740485966205597,0.02713005803525448,-0.007500769570469856,-0.4449881911277771,0.4466859698295593
0.0,0.0,0.0,0.5,0,1785353065.1878579,0.0,0.0,0.0,0.0,0,0,0,0,0,0.0,0,0,0.0,0.0,0,0,0,0,0,0.0,0,0,0,0,0,0,0,0,0,0,0,0,0,0,0,0,0,0,0,0,0,0,0.0,0.0,0.0,0.0,0.0,0.0,settle,3.8744869232177734,-0.05574759468436241,-0.020150570198893547,0.020083459094166756,-0.008021579124033451,-0.33024945855140686,0.4561309814453125
0.0,0.0,0.0,0.5,0,1785353065.209053,0.0,0.0,0.0,0.0,0,0,0,0,0,0.0,0,0,0.0,0.0,0,0,0,0,0,0.0,0,0,0,0,0,0,0,0,0,0,0,0,0,0,0,0,0,0,0,0,0,0,0.0,0.0,0.0,0.0,0.0,0.0,settle,3.8744869232177734,-0.05574759468436241,-0.020150570198893547,0.020083459094166756,-0.008021579124033451,-0.33024945855140686,0.4561309814453125
0.0,0.0,0.0,0.5,0,1785353065.230488,0.0,0.0,0.0,0.0,0,0,0,0,0,0.0,0,0,0.0,0.0,0,0,0,0,0,0.0,0,0,0,0,0,0,0,0,0,0,0,0,0,0,0,0,0,0,0,0,0,0,0.0,0.0,0.0,0.0,0.0,0.0,settle,3.869208335876465,-0.07103735208511353,-0.010665133595466614,0.016443556174635887,-0.007891837507486343,-0.1940450519323349,0.4649442136287689
0.0,0.0,0.0,0.5,0,1785353065.2516491,0.0,0.0,0.0,0.0,0,0,0,0,0,0.0,0,0,0.0,0.0,0,0,0,0,0,0.0,0,0,0,0,0,0,0,0,0,0,0,0,0,0,0,0,0,0,0,0,0,0,0.0,0.0,0.0,0.0,0.0,0.0,settle,3.869208335876465,-0.07103735208511353,-0.010665133595466614,0.016443556174635887,-0.007891837507486343,-0.1940450519323349,0.4649442136287689
0.0,0.0,0.0,0.5,0,1785353065.276721,0.0,0.0,0.0,0.0,0,0,0,0,0,0.0,0,0,0.0,0.0,0,0,0,0,0,0.0,0,0,0,0,0,0,0,0,0,0,0,0,0,0,0,0,0,0,0,0,0,0,0.0,0.0,0.0,0.0,0.0,0.0,settle,3.869208335876465,-0.08406060934066772,-0.004015789367258549,0.010207436978816986,-0.008906755596399307,-0.055408377200365067,0.47344619035720825
0.0,0.0,0.0,0.5,0,1785353065.301607,0.0,0.0,0.0,0.0,0,0,0,0,0,0.0,0,0,0.0,0.0,0,0,0,0,0,0.0,0,0,0,0,0,0,0,0,0,0,0,0,0,0,0,0,0,0,0,0,0,0,0.0,0.0,0.0,0.0,0.0,0.0,settle,3.869208335876465,-0.08406060934066772,-0.004015789367258549,0.010207436978816986,-0.008906755596399307,-0.055408377200365067,0.47344619035720825
0.0,0.0,0.0,0.5,0,1785353065.322041,0.0,0.0,0.0,0.0,0,0,0,0,0,0.0,0,0,0.0,0.0,0,0,0,0,0,0.0,0,0,0,0,0,0,0,0,0,0,0,0,0,0,0,0,0,0,0,0,0,0,0.0,0.0,0.0,0.0,0.0,0.0,settle,3.869208335876465,-0.09175703674554825,0.0026923317927867174,0.0028136209584772587,-0.009814764373004436,0.10617274791002274,0.4808560311794281
0.0,0.0,0.0,0.5,0,1785353065.345844,0.0,0.0,0.0,0.0,0,0,0,0,0,0.0,0,0,0.0,0.0,0,0,0,0,0,0.0,0,0,0,0,0,0,0,0,0,0,0,0,0,0,0,0,0,0,0,0,0,0,0.0,0.0,0.0,0.0,0.0,0.0,settle,3.869208335876465,-0.09175703674554825,0.0026923317927867174,0.0028136209584772587,-0.009814764373004436,0.10617274791002274,0.4808560311794281
0.0,0.0,0.0,0.5,0,1785353065.368542,0.0,0.0,0.0,0.0,0,0,0,0,0,0.0,0,0,0.0,0.0,0,0,0,0,0,0.0,0,0,0,0,0,0,0,0,0,0,0,0,0,0,0,0,0,0,0,0,0,0,0.0,0.0,0.0,0.0,0.0,0.0,settle,3.869208335876465,-0.09175703674554825,0.0026923317927867174,0.0028136209584772587,-0.009814764373004436,0.10617274791002274,0.4808560311794281
0.0,0.0,0.0,0.5,0,1785353065.3926852,0.0,0.0,0.0,0.0,0,0,0,0,0,0.0,0,0,0.0,0.0,0,0,0,0,0,0.0,0,0,0,0,0,0,0,0,0,0,0,0,0,0,0,0,0,0,0,0,0,0,0.0,0.0,0.0,0.0,0.0,0.0,settle,3.869208335876465,-0.08747168630361557,0.011802571825683117,-0.0015171708073467016,-0.008905668742954731,0.28012511134147644,0.48733755946159363
0.0,0.0,0.0,0.5,0,1785353065.4136908,0.0,0.0,0.0,0.0,0,0,0,0,0,0.0,0,0,0.0,0.0,0,0,0,0,0,0.0,0,0,0,0,0,0,0,0,0,0,0,0,0,0,0,0,0,0,0,0,0,0,0.0,0.0,0.0,0.0,0.0,0.0,settle,3.869208335876465,-0.08747168630361557,0.011802571825683117,-0.0015171708073467016,-0.008905668742954731,0.28012511134147644,0.48733755946159363
0.0,0.0,0.0,0.5,0,1785353065.437854,0.0,0.0,0.0,0.0,0,0,0,0,0,0.0,0,0,0.0,0.0,0,0,0,0,0,0.0,0,0,0,0,0,0,0,0,0,0,0,0,0,0,0,0,0,0,0,0,0,0,0.0,0.0,0.0,0.0,0.0,0.0,settle,3.8639297485351562,-0.08078153431415558,0.01882423460483551,-0.0065864743664860725,-0.007743494585156441,0.46583980321884155,0.49373742938041687
0.0,0.0,0.0,0.5,0,1785353065.461641,0.0,0.0,0.0,0.0,0,0,0,0,0,0.0,0,0,0.0,0.0,0,0,0,0,0,0.0,0,0,0,0,0,0,0,0,0,0,0,0,0,0,0,0,0,0,0,0,0,0,0.0,0.0,0.0,0.0,0.0,0.0,settle,3.8639297485351562,-0.08078153431415558,0.01882423460483551,-0.0065864743664860725,-0.007743494585156441,0.46583980321884155,0.49373742938041687
0.0,0.0,0.0,0.5,0,1785353065.486858,0.0,0.0,0.0,0.0,0,0,0,0,0,0.0,0,0,0.0,0.0,0,0,0,0,0,0.0,0,0,0,0,0,0,0,0,0,0,0,0,0,0,0,0,0,0,0,0,0,0,0.0,0.0,0.0,0.0,0.0,0.0,settle,3.8639297485351562,-0.0670434832572937,0.025374636054039,-0.009499059058725834,-0.0055059087462723255,0.6495265960693359,0.49712100625038147
0.0,0.0,0.0,0.5,0,1785353065.511938,0.0,0.0,0.0,0.0,0,0,0,0,0,0.0,0,0,0.0,0.0,0,0,0,0,0,0.0,0,0,0,0,0,0,0,0,0,0,0,0,0,0,0,0,0,0,0,0,0,0,0.0,0.0,0.0,0.0,0.0,0.0,settle,3.8639297485351562,-0.0670434832572937,0.025374636054039,-0.009499059058725834,-0.0055059087462723255,0.6495265960693359,0.49712100625038147
0.0,0.0,0.0,0.5,0,1785353065.532661,0.0,0.0,0.0,0.0,0,0,0,0,0,0.0,0,0,0.0,0.0,0,0,0,0,0,0.0,0,0,0,0,0,0,0,0,0,0,0,0,0,0,0,0,0,0,0,0,0,0,0.0,0.0,0.0,0.0,0.0,0.0,settle,3.8639297485351562,-0.05375959724187851,0.028887005522847176,-0.013657774776220322,-0.0034532565623521805,0.8229156136512756,0.5031030774116516
0.0,0.0,0.0,0.5,0,1785353065.555465,0.0,0.0,0.0,0.0,0,0,0,0,0,0.0,0,0,0.0,0.0,0,0,0,0,0,0.0,0,0,0,0,0,0,0,0,0,0,0,0,0,0,0,0,0,0,0,0,0,0,0.0,0.0,0.0,0.0,0.0,0.0,settle,3.8639297485351562,-0.05375959724187851,0.028887005522847176,-0.013657774776220322,-0.0034532565623521805,0.8229156136512756,0.5031030774116516
0.0,0.0,0.0,0.5,0,1785353065.579156,0.0,0.0,0.0,0.0,0,0,0,0,0,0.0,0,0,0.0,0.0,0,0,0,0,0,0.0,0,0,0,0,0,0,0,0,0,0,0,0,0,0,0,0,0,0,0,0,0,0,0.0,0.0,0.0,0.0,0.0,0.0,settle,3.8639297485351562,-0.03855883702635765,0.027998361736536026,-0.016953958198428154,-0.002844736911356449,0.9973270893096924,0.5091419219970703
0.0,0.0,0.0,0.5,0,1785353065.6041842,0.0,0.0,0.0,0.0,0,0,0,0,0,0.0,0,0,0.0,0.0,0,0,0,0,0,0.0,0,0,0,0,0,0,0,0,0,0,0,0,0,0,0,0,0,0,0,0,0,0,0.0,0.0,0.0,0.0,0.0,0.0,settle,3.8639297485351562,-0.03855883702635765,0.027998361736536026,-0.016953958198428154,-0.002844736911356449,0.9973270893096924,0.5091419219970703
0.0,0.0,0.0,0.5,0,1785353065.629202,0.0,0.0,0.0,0.0,0,0,0,0,0,0.0,0,0,0.0,0.0,0,0,0,0,0,0.0,0,0,0,0,0,0,0,0,0,0,0,0,0,0,0,0,0,0,0,0,0,0,0.0,0.0,0.0,0.0,0.0,0.0,settle,3.8639297485351562,-0.02277105301618576,0.031514737755060196,-0.019466709345579147,0.0012850943021476269,1.189731240272522,0.515626847743988
0.0,0.0,0.0,0.5,0,1785353065.649628,0.0,0.0,0.0,0.0,0,0,0,0,0,0.0,0,0,0.0,0.0,0,0,0,0,0,0.0,0,0,0,0,0,0,0,0,0,0,0,0,0,0,0,0,0,0,0,0,0,0,0.0,0.0,0.0,0.0,0.0,0.0,settle,3.8639297485351562,-0.02277105301618576,0.031514737755060196,-0.019466709345579147,0.0012850943021476269,1.189731240272522,0.515626847743988
0.0,0.0,0.0,0.5,0,1785353065.670429,0.0,0.0,0.0,0.0,0,0,0,0,0,0.0,0,0,0.0,0.0,0,0,0,0,0,0.0,0,0,0,0,0,0,0,0,0,0,0,0,0,0,0,0,0,0,0,0,0,0,0.0,0.0,0.0,0.0,0.0,0.0,settle,3.8639297485351562,-0.02277105301618576,0.031514737755060196,-0.019466709345579147,0.0012850943021476269,1.189731240272522,0.515626847743988
0.0,0.0,0.0,0.5,0,1785353065.695453,0.0,0.0,0.0,0.0,0,0,0,0,0,0.0,0,0,0.0,0.0,0,0,0,0,0,0.0,0,0,0,0,0,0,0,0,0,0,0,0,0,0,0,0,0,0,0,0,0,0,0.0,0.0,0.0,0.0,0.0,0.0,settle,3.8639297485351562,-0.0035524920094758272,0.023958280682563782,-0.018473973497748375,-0.0001825624203775078,1.3971902132034302,0.5200963020324707
0.0,0.0,0.0,0.5,0,1785353065.718747,0.0,0.0,0.0,0.0,0,0,0,0,0,0.0,0,0,0.0,0.0,0,0,0,0,0,0.0,0,0,0,0,0,0,0,0,0,0,0,0,0,0,0,0,0,0,0,0,0,0,0.0,0.0,0.0,0.0,0.0,0.0,settle,3.8639297485351562,-0.0035524920094758272,0.023958280682563782,-0.018473973497748375,-0.0001825624203775078,1.3971902132034302,0.5200963020324707
0.0,0.0,0.0,0.5,0,1785353065.741209,0.0,0.0,0.0,0.0,0,0,0,0,0,0.0,0,0,0.0,0.0,0,0,0,0,0,0.0,0,0,0,0,0,0,0,0,0,0,0,0,0,0,0,0,0,0,0,0,0,0,0.0,0.0,0.0,0.0,0.0,0.0,settle,3.869208335876465,0.017612576484680176,0.023731829598546028,-0.014708546921610832,0.003228893270716071,1.5781450271606445,0.5269361734390259
0.0,0.0,0.0,0.5,0,1785353065.7614012,0.0,0.0,0.0,0.0,0,0,0,0,0,0.0,0,0,0.0,0.0,0,0,0,0,0,0.0,0,0,0,0,0,0,0,0,0,0,0,0,0,0,0,0,0,0,0,0,0,0,0.0,0.0,0.0,0.0,0.0,0.0,settle,3.869208335876465,0.017612576484680176,0.023731829598546028,-0.014708546921610832,0.003228893270716071,1.5781450271606445,0.5269361734390259
0.0,0.0,0.0,0.5,0,1785353065.786437,0.0,0.0,0.0,0.0,0,0,0,0,0,0.0,0,0,0.0,0.0,0,0,0,0,0,0.0,0,0,0,0,0,0,0,0,0,0,0,0,0,0,0,0,0,0,0,0,0,0,0.0,0.0,0.0,0.0,0.0,0.0,settle,3.869208335876465,0.03326881676912308,0.017887424677610397,-0.011790193617343903,0.003659043228253722,1.740634799003601,0.5313050746917725
0.0,0.0,0.0,0.5,0,1785353065.811454,0.0,0.0,0.0,0.0,0,0,0,0,0,0.0,0,0,0.0,0.0,0,0,0,0,0,0.0,0,0,0,0,0,0,0,0,0,0,0,0,0,0,0,0,0,0,0,0,0,0,0.0,0.0,0.0,0.0,0.0,0.0,settle,3.869208335876465,0.03326881676912308,0.017887424677610397,-0.011790193617343903,0.003659043228253722,1.740634799003601,0.5313050746917725
0.0,0.0,0.0,0.5,0,1785353065.833602,0.0,0.0,0.0,0.0,0,0,0,0,0,0.0,0,0,0.0,0.0,0,0,0,0,0,0.0,0,0,0,0,0,0,0,0,0,0,0,0,0,0,0,0,0,0,0,0,0,0,0.0,0.0,0.0,0.0,0.0,0.0,settle,3.8639297485351562,0.05013304948806763,0.009382114745676517,-0.005381003022193909,0.0021078267600387335,1.844933032989502,0.534875750541687
0.0,0.0,0.0,0.5,0,1785353065.8551319,0.0,0.0,0.0,0.0,0,0,0,0,0,0.0,0,0,0.0,0.0,0,0,0,0,0,0.0,0,0,0,0,0,0,0,0,0,0,0,0,0,0,0,0,0,0,0,0,0,0,0.0,0.0,0.0,0.0,0.0,0.0,settle,3.8639297485351562,0.05013304948806763,0.009382114745676517,-0.005381003022193909,0.0021078267600387335,1.844933032989502,0.534875750541687
0.0,0.0,0.0,0.5,0,1785353065.878075,0.0,0.0,0.0,0.0,0,0,0,0,0,0.0,0,0,0.0,0.0,0,0,0,0,0,0.0,0,0,0,0,0,0,0,0,0,0,0,0,0,0,0,0,0,0,0,0,0,0,0.0,0.0,0.0,0.0,0.0,0.0,settle,3.8639297485351562,0.05994261056184769,0.0072793783619999886,-0.0001851841516327113,0.003879138035699725,1.9191306829452515,0.5380662083625793
0.0,0.0,0.0,0.5,0,1785353065.901462,0.0,0.0,0.0,0.0,0,0,0,0,0,0.0,0,0,0.0,0.0,0,0,0,0,0,0.0,0,0,0,0,0,0,0,0,0,0,0,0,0,0,0,0,0,0,0,0,0,0,0.0,0.0,0.0,0.0,0.0,0.0,settle,3.8639297485351562,0.05994261056184769,0.0072793783619999886,-0.0001851841516327113,0.003879138035699725,1.9191306829452515,0.5380662083625793
0.0,0.0,0.0,0.5,0,1785353065.9222999,0.0,0.0,0.0,0.0,0,0,0,0,0,0.0,0,0,0.0,0.0,0,0,0,0,0,0.0,0,0,0,0,0,0,0,0,0,0,0,0,0,0,0,0,0,0,0,0,0,0,0.0,0.0,0.0,0.0,0.0,0.0,settle,3.8639297485351562,0.06289416551589966,0.004099674988538027,0.0034354845993220806,0.00481119891628623,2.0160067081451416,0.5410253405570984
0.0,0.0,0.0,0.5,0,1785353065.9429739,0.0,0.0,0.0,0.0,0,0,0,0,0,0.0,0,0,0.0,0.0,0,0,0,0,0,0.0,0,0,0,0,0,0,0,0,0,0,0,0,0,0,0,0,0,0,0,0,0,0,0.0,0.0,0.0,0.0,0.0,0.0,settle,3.8639297485351562,0.06289416551589966,0.004099674988538027,0.0034354845993220806,0.00481119891628623,2.0160067081451416,0.5410253405570984
0.0,0.0,0.0,0.5,0,1785353065.967991,0.0,0.0,0.0,0.0,0,0,0,0,0,0.0,0,0,0.0,0.0,0,0,0,0,0,0.0,0,0,0,0,0,0,0,0,0,0,0,0,0,0,0,0,0,0,0,0,0,0,0.0,0.0,0.0,0.0,0.0,0.0,settle,3.8639297485351562,0.06289416551589966,0.004099674988538027,0.0034354845993220806,0.00481119891628623,2.0160067081451416,0.5410253405570984
0.0,0.0,0.0,0.5,0,1785353065.9901419,0.0,0.0,0.0,0.0,0,0,0,0,0,0.0,0,0,0.0,0.0,0,0,0,0,0,0.0,0,0,0,0,0,0,0,0,0,0,0,0,0,0,0,0,0,0,0,0,0,0,0.0,0.0,0.0,0.0,0.0,0.0,settle,3.8639297485351562,0.06829097121953964,-0.0015024770982563496,0.011439845897257328,0.0035440006759017706,2.1043570041656494,0.5428420305252075
0.0,0.0,0.0,0.5,0,1785353066.011622,0.0,0.0,0.0,0.0,0,0,0,0,0,0.0,0,0,0.0,0.0,0,0,0,0,0,0.0,0,0,0,0,0,0,0,0,0,0,0,0,0,0,0,0,0,0,0,0,0,0,0.0,0.0,0.0,0.0,0.0,0.0,settle,3.8639297485351562,0.06829097121953964,-0.0015024770982563496,0.011439845897257328,0.0035440006759017706,2.1043570041656494,0.5428420305252075
0.0,0.0,0.0,0.5,0,1785353066.0356228,0.0,0.0,0.0,0.0,0,0,0,0,0,0.0,0,0,0.0,0.0,0,0,0,0,0,0.0,0,0,0,0,0,0,0,0,0,0,0,0,0,0,0,0,0,0,0,0,0,0,0.0,0.0,0.0,0.0,0.0,0.0,settle,3.8586511611938477,0.06201137974858284,-0.005345948506146669,0.014695916324853897,0.0025380549486726522,2.195512294769287,0.5444710850715637
0.0,0.0,0.0,0.5,344,1785353066.213242,0.0224093459546566,-0.0035300133749842644,0.4980325996875763,2.485738754272461,5,6735,0,0,0,0.0,0,0,0.0,0.0,0,0,0,0,0,0.0,0,0,0,0,0,0,0,0,0,0,0,0,0,0,0,0,0,0,0,0,0,0,0.0,0.0,0.0,0.0,0.0,0.0,straight_run,3.9378299713134766,0.03399674594402313,-0.010801644064486027,0.0246282909065485,-0.00452393339946866,2.5755460262298584,0.5413684248924255
0.0034383954154727794,0.0,0.0,0.5,337,1785353066.238297,0.017641086131334305,-0.004331779666244984,0.49772143363952637,2.7321465015411377,5,6766,0,0,0,0.0,0,0,0.0,0.0,0,0,0,0,0,0.0,0,0,0,0,0,0,0,0,0,0,0,0,0,0,0,0,0,0,0,0,0,0,0.0,0.0,0.0,0.0,0.0,0.0,straight_run,3.890322685241699,0.01944287121295929,-0.009163939394056797,0.021931571885943413,-0.00636558560654521,2.7597873210906982,0.5323408246040344
0.006876790830945559,0.0,0.0,0.5,337,1785353066.260628,0.017641086131334305,-0.004331779666244984,0.49772143363952637,2.7321465015411377,5,6766,0,0,0,0.0,0,0,0.0,0.0,0,0,0,0,0,0.0,0,0,0,0,0,0,0,0,0,0,0,0,0,0,0,0,0,0,0,0,0,0,0.0,0.0,0.0,0.0,0.0,0.0,straight_run,3.890322685241699,0.01944287121295929,-0.009163939394056797,0.021931571885943413,-0.00636558560654521,2.7597873210906982,0.5323408246040344
0.010315186246418338,0.0,0.0,0.5,337,1785353066.28319,0.019944801926612854,-0.005312805529683828,0.49758750200271606,2.826936960220337,5,7801,0,0,0,0.0,0,0,0.0,0.0,0,0,0,0,0,0.0,0,0,0,0,0,0,0,0,0,0,0,0,0,0,0,0,0,0,0,0,0,0,0.0,0.0,0.0,0.0,0.0,0.0,straight_run,3.890322685241699,0.0070946174673736095,-0.00966800656169653,0.019224738702178,-0.009976115077733994,2.858163595199585,0.5186855792999268
0.013753581661891117,0.0,0.0,0.5,337,1785353066.308247,0.019944801926612854,-0.005312805529683828,0.49758750200271606,2.826936960220337,5,7801,0,0,0,0.0,0,0,0.0,0.0,0,0,0,0,0,0.0,0,0,0,0,0,0,0,0,0,0,0,0,0,0,0,0,0,0,0,0,0,0,0.0,0.0,0.0,0.0,0.0,0.0,straight_run,3.890322685241699,0.0070946174673736095,-0.00966800656169653,0.019224738702178,-0.009976115077733994,2.858163595199585,0.5186855792999268
0.017191977077363897,0.0,0.0,0.5,337,1785353066.332575,0.019677424803376198,-0.0025495782028883696,0.49752554297447205,2.8459255695343018,5,7558,0,0,0,0.0,0,0,0.0,0.0,0,0,0,0,0,0.0,0,0,0,0,0,0,0,0,0,0,0,0,0,0,0,0,0,0,0,0,0,0,0.0,0.0,0.0,0.0,0.0,0.0,straight_run,3.8586511611938477,-0.003647844074293971,-0.0017470623133704066,0.016065211966633797,-0.008215358480811119,2.824070930480957,0.5023038387298584
0.020630372492836675,0.0,0.0,0.5,337,1785353066.354795,0.019677424803376198,-0.0025495782028883696,0.49752554297447205,2.8459255695343018,5,7558,0,0,0,0.0,0,0,0.0,0.0,0,0,0,0,0,0.0,0,0,0,0,0,0,0,0,0,0,0,0,0,0,0,0,0,0,0,0,0,0,0.0,0.0,0.0,0.0,0.0,0.0,straight_run,3.8586511611938477,-0.003647844074293971,-0.0017470623133704066,0.016065211966633797,-0.008215358480811119,2.824070930480957,0.5023038387298584
0.024068767908309457,0.0,0.0,0.5,337,1785353066.37918,0.030700938776135445,-0.015052489936351776,0.49754610657691956,2.7440595626831055,5,6718,0,0,0,0.0,0,0,0.0,0.0,0,0,0,0,0,0.0,0,0,0,0,0,0,0,0,0,0,0,0,0,0,0,0,0,0,0,0,0,0,0.0,0.0,0.0,0.0,0.0,0.0,straight_run,3.8586511611938477,0.013509011827409267,-0.011167277581989765,0.030126547440886497,-0.017802787944674492,2.7089734077453613,0.48676759004592896
0.027507163323782235,0.0,0.0,0.5,337,1785353066.40364,0.030700938776135445,-0.015052489936351776,0.49754610657691956,2.7440595626831055,5,6718,0,0,0,0.0,0,0,0.0,0.0,0,0,0,0,0,0.0,0,0,0,0,0,0,0,0,0,0,0,0,0,0,0,0,0,0,0,0,0,0,0.0,0.0,0.0,0.0,0.0,0.0,straight_run,3.8586511611938477,0.013509011827409267,-0.011167277581989765,0.030126547440886497,-0.017802787944674492,2.7089734077453613,0.48676759004592896
0.030945558739255013,0.0,0.0,0.5,337,1785353066.428731,0.03528285771608353,-0.016308126971125603,0.4976753890514374,2.4880049228668213,5,6686,0,0,0,0.0,0,0,0.0,0.0,0,0,0,0,0,0.0,0,0,0,0,0,0,0,0,0,0,0,0,0,0,0,0,0,0,0,0,0,0,0.0,0.0,0.0,0.0,0.0,0.0,straight_run,3.8375368118286133,0.01454849075525999,-0.008463110774755478,0.03375944867730141,-0.02082781493663788,2.441183090209961,0.46409475803375244
0.034383954154727794,0.0,0.0,0.5,337,1785353066.4518661,0.03528285771608353,-0.016308126971125603,0.4976753890514374,2.4880049228668213,5,6686,0,0,0,0.0,0,0,0.0,0.0,0,0,0,0,0,0.0,0,0,0,0,0,0,0,0,0,0,0,0,0,0,0,0,0,0,0,0,0,0,0.0,0.0,0.0,0.0,0.0,0.0,straight_run,3.8375368118286133,0.01454849075525999,-0.008463110774755478,0.03375944867730141,-0.02082781493663788,2.441183090209961,0.46409475803375244
0.03782234957020057,0.0,0.0,0.5,337,1785353066.474634,0.029374992474913597,-0.012905735522508621,0.4978140592575073,2.3011927604675293,5,7420,0,0,0,0.0,0,0,0.0,0.0,0,0,0,0,0,0.0,0,0,0,0,0,0,0,0,0,0,0,0,0,0,0,0,0,0,0,0,0,0,0.0,0.0,0.0,0.0,0.0,0.0,straight_run,3.8375368118286133,0.00710573373362422,-0.0019291318021714687,0.030714984983205795,-0.019772028550505638,2.2477312088012695,0.4522065818309784
0.04126074498567335,0.0,0.0,0.5,337,1785353066.4956548,0.029374992474913597,-0.012905735522508621,0.4978140592575073,2.3011927604675293,5,7420,0,0,0,0.0,0,0,0.0,0.0,0,0,0,0,0,0.0,0,0,0,0,0,0,0,0,0,0,0,0,0,0,0,0,0,0,0,0,0,0,0.0,0.0,0.0,0.0,0.0,0.0,straight_run,3.8375368118286133,0.00710573373362422,-0.0019291318021714687,0.030714984983205795,-0.019772028550505638,2.2477312088012695,0.4522065818309784
0.044699140401146135,0.0,0.0,0.5,337,1785353066.517077,0.029374992474913597,-0.012905735522508621,0.4978140592575073,2.3011927604675293,5,7420,0,0,0,0.0,0,0,0.0,0.0,0,0,0,0,0,0.0,0,0,0,0,0,0,0,0,0,0,0,0,0,0,0,0,0,0,0,0,0,0,0.0,0.0,0.0,0.0,0.0,0.0,straight_run,3.8375368118286133,0.00710573373362422,-0.0019291318021714687,0.030714984983205795,-0.019772028550505638,2.2477312088012695,0.4522065818309784
0.048137535816618914,0.0,0.0,0.5,337,1785353066.541636,0.024351920932531357,-0.010238396003842354,0.4980317950248718,1.972322702407837,5,7765,0,0,0,0.0,0,0,0.0,0.0,0,0,0,0,0,0.0,0,0,0,0,0,0,0,0,0,0,0,0,0,0,0,0,0,0,0,0,0,0,0.0,0.0,0.0,0.0,0.0,0.0,straight_run,3.842815399169922,-0.006236466579139233,0.011428529396653175,0.024293530732393265,-0.014781801030039787,1.9161306619644165,0.4376959800720215
0.051575931232091685,0.0,0.0,0.5,337,1785353066.562639,0.024351920932531357,-0.010238396003842354,0.4980317950248718,1.972322702407837,5,7765,0,0,0,0.0,0,0,0.0,0.0,0,0,0,0,0,0.0,0,0,0,0,0,0,0,0,0,0,0,0,0,0,0,0,0,0,0,0,0,0,0.0,0.0,0.0,0.0,0.0,0.0,straight_run,3.842815399169922,-0.006236466579139233,0.011428529396653175,0.024293530732393265,-0.014781801030039787,1.9161306619644165,0.4376959800720215
0.05501432664756447,0.0,0.0,0.5,337,1785353066.5836768,0.03204008936882019,-0.012097653932869434,0.49815812706947327,1.7484939098358154,5,7262,0,0,0,0.0,0,0,0.0,0.0,0,0,0,0,0,0.0,0,0,0,0,0,0,0,0,0,0,0,0,0,0,0,0,0,0,0,0,0,0,0.0,0.0,0.0,0.0,0.0,0.0,straight_run,3.842815399169922,0.01779148355126381,0.009492376819252968,0.0420023538172245,-0.018137235194444656,1.6911102533340454,0.42653706669807434
0.05845272206303725,0.0,0.0,0.5,337,1785353066.6056871,0.03204008936882019,-0.012097653932869434,0.49815812706947327,1.7484939098358154,5,7262,0,0,0,0.0,0,0,0.0,0.0,0,0,0,0,0,0.0,0,0,0,0,0,0,0,0,0,0,0,0,0,0,0,0,0,0,0,0,0,0,0.0,0.0,0.0,0.0,0.0,0.0,straight_run,3.842815399169922,0.01779148355126381,0.009492376819252968,0.0420023538172245,-0.018137235194444656,1.6911102533340454,0.42653706669807434
0.061891117478510026,0.0,0.0,0.5,337,1785353066.627681,0.03204008936882019,-0.012097653932869434,0.49815812706947327,1.7484939098358154,5,7262,0,0,0,0.0,0,0,0.0,0.0,0,0,0,0,0,0.0,0,0,0,0,0,0,0,0,0,0,0,0,0,0,0,0,0,0,0,0,0,0,0.0,0.0,0.0,0.0,0.0,0.0,straight_run,3.8375368118286133,-0.0417943000793457,0.009083270095288754,0.002317639999091625,-0.020447708666324615,1.3097466230392456,0.412445068359375
0.06532951289398281,0.0,0.0,0.5,337,1785353066.652054,0.021081136539578438,-0.009150637313723564,0.49821725487709045,1.381226897239685,5,7471,0,0,0,0.0,0,0,0.0,0.0,0,0,0,0,0,0.0,0,0,0,0,0,0,0,0,0,0,0,0,0,0,0,0,0,0,0,0,0,0,0.0,0.0,0.0,0.0,0.0,0.0,straight_run,3.8375368118286133,-0.0417943000793457,0.009083270095288754,0.002317639999091625,-0.020447708666324615,1.3097466230392456,0.412445068359375
0.06876790830945559,0.0,0.0,0.5,337,1785353066.6771321,-0.004969514906406403,-0.011992931365966797,0.4980714023113251,1.1030747890472412,5,7445,0,0,0,0.0,0,0,0.0,0.0,0,0,0,0,0,0.0,0,0,0,0,0,0,0,0,0,0,0,0,0,0,0,0,0,0,0,0,0,0,0.0,0.0,0.0,0.0,0.0,0.0,straight_run,3.8375368118286133,-0.04387284070253372,0.012306313030421734,0.0014842342352494597,-0.019230931997299194,1.0337133407592773,0.40478163957595825
0.07220630372492837,0.0,0.0,0.5,337,1785353066.701646,-0.004969514906406403,-0.011992931365966797,0.4980714023113251,1.1030747890472412,5,7445,0,0,0,0.0,0,0,0.0,0.0,0,0,0,0,0,0.0,0,0,0,0,0,0,0,0,0,0,0,0,0,0,0,0,0,0,0,0,0,0,0.0,0.0,0.0,0.0,0.0,0.0,straight_run,3.8375368118286133,-0.04387284070253372,0.012306313030421734,0.0014842342352494597,-0.019230931997299194,1.0337133407592773,0.40478163957595825
0.07564469914040114,0.0,0.0,0.5,337,1785353066.722639,-0.004969514906406403,-0.011992931365966797,0.4980714023113251,1.1030747890472412,5,7445,0,0,0,0.0,0,0,0.0,0.0,0,0,0,0,0,0.0,0,0,0,0,0,0,0,0,0,0,0,0,0,0,0,0,0,0,0,0,0,0,0.0,0.0,0.0,0.0,0.0,0.0,straight_run,3.8375368118286133,-0.04387284070253372,0.012306313030421734,0.0014842342352494597,-0.019230931997299194,1.0337133407592773,0.40478163957595825
0.07908309455587391,0.0,0.0,0.5,337,1785353066.746835,-0.005770169664174318,-0.008875173516571522,0.4983019232749939,0.6851944327354431,5,7430,0,0,0,0.0,0,0,0.0,0.0,0,0,0,0,0,0.0,0,0,0,0,0,0,0,0,0,0,0,0,0,0,0,0,0,0,0,0,0,0,0.0,0.0,0.0,0.0,0.0,0.0,straight_run,3.8375368118286133,-0.04494136571884155,0.017801230773329735,-0.0018214306328445673,-0.015881363302469254,0.6125093102455139,0.3960135281085968
0.0825214899713467,0.0,0.0,0.5,337,1785353066.7682612,-0.005770169664174318,-0.008875173516571522,0.4983019232749939,0.6851944327354431,5,7430,0,0,0,0.0,0,0,0.0,0.0,0,0,0,0,0,0.0,0,0,0,0,0,0,0,0,0,0,0,0,0,0,0,0,0,0,0,0,0,0,0.0,0.0,0.0,0.0,0.0,0.0,straight_run,3.8375368118286133,-0.04494136571884155,0.017801230773329735,-0.0018214306328445673,-0.015881363302469254,0.6125093102455139,0.3960135281085968
0.08595988538681948,0.0,0.0,0.5,337,1785353066.7916958,-0.005169060081243515,-0.007344821467995644,0.4984113872051239,0.4064182639122009,5,7270,0,0,0,0.0,0,0,0.0,0.0,0,0,0,0,0,0.0,0,0,0,0,0,0,0,0,0,0,0,0,0,0,0,0,0,0,0,0,0,0,0.0,0.0,0.0,0.0,0.0,0.0,straight_run,3.8375368118286133,-0.04106343910098076,0.018011199310421944,-0.0019373941468074918,-0.015543095767498016,0.328498899936676,0.39038872718811035
0.08939828080229227,0.0,0.0,0.5,337,1785353066.815983,-0.005169060081243515,-0.007344821467995644,0.4984113872051239,0.4064182639122009,5,7270,0,0,0,0.0,0,0,0.0,0.0,0,0,0,0,0,0.0,0,0,0,0,0,0,0,0,0,0,0,0,0,0,0,0,0,0,0,0,0,0,0.0,0.0,0.0,0.0,0.0,0.0,straight_run,3.8375368118286133,-0.04106343910098076,0.018011199310421944,-0.0019373941468074918,-0.015543095767498016,0.328498899936676,0.39038872718811035
0.09283667621776504,0.0,0.0,0.5,289,1785353066.840968,-0.0022715989034622908,-0.01235579326748848,0.49857908487319946,-0.05401529371738434,5,8109,13,0,0,0.0012391583295539021,0,0,1.0,0.0,0,1,0,1,0,0.0,0,0,0,0,0,0,1023,0,0,0,0,0,0,0,0,1023,0,0,1,0,0,0,0.0,0.0,0.0,0.0,0.0,0.0,straight_run,3.842815399169922,-0.0356764942407608,0.01445151399821043,-0.0041733537800610065,-0.016878632828593254,-0.1337008774280548,0.3864428699016571
0.09627507163323783,0.0,0.0,0.5,289,1785353066.862676,-0.0022715989034622908,-0.01235579326748848,0.49857908487319946,-0.05401529371738434,5,8109,13,0,0,0.0012391583295539021,0,0,1.0,0.0,0,1,0,1,0,0.0,0,0,0,0,0,0,1023,0,0,0,0,0,0,0,0,1023,0,0,1,0,0,0,0.0,0.0,0.0,0.0,0.0,0.0,straight_run,3.842815399169922,-0.0356764942407608,0.01445151399821043,-0.0041733537800610065,-0.016878632828593254,-0.1337008774280548,0.3864428699016571
0.0997134670487106,0.0,0.0,0.5,289,1785353066.885854,0.004560563247650862,-0.013278722763061523,0.49864768981933594,-0.3860095143318176,5,6666,53,0,0,0.0012391583295539021,0,0,1.0,0.0,0,1,0,1,0,0.0,0,0,0,0,0,0,1023,0,0,0,0,0,0,0,0,1023,0,0,1,0,0,0,0.0,0.0,0.0,0.0,0.0,0.0,straight_run,3.842815399169922,-0.02854953706264496,0.010223589837551117,-0.004293153062462807,-0.018644288182258606,-0.46432235836982727,0.3832717537879944
0.10315186246418337,0.0,0.0,0.5,289,1785353066.90763,0.004560563247650862,-0.013278722763061523,0.49864768981933594,-0.3860095143318176,5,6666,53,0,0,0.0012391583295539021,0,0,1.0,0.0,0,1,0,1,0,0.0,0,0,0,0,0,0,1023,0,0,0,0,0,0,0,0,1023,0,0,1,0,0,0,0.0,0.0,0.0,0.0,0.0,0.0,straight_run,3.842815399169922,-0.02854953706264496,0.010223589837551117,-0.004293153062462807,-0.018644288182258606,-0.46432235836982727,0.3832717537879944
0.10659025787965616,0.0,0.0,0.5,289,1785353066.931833,0.007383944466710091,-0.013849583454430103,0.4987976551055908,-0.8877851963043213,5,7591,113,0,0,0.0012391583295539021,0,0,1.0,0.0,0,1,0,1,0,0.0,0,0,0,0,0,0,1023,0,0,0,0,0,0,0,0,1023,0,0,1,0,0,0,0.0,0.0,0.0,0.0,0.0,0.0,straight_run,3.8375368118286133,-0.016060667112469673,0.005422788672149181,-0.0038865376263856888,-0.0199220459908247,-0.9640602469444275,0.38188672065734863
0.11002865329512894,0.0,0.0,0.5,289,1785353066.9554482,0.007383944466710091,-0.013849583454430103,0.4987976551055908,-0.8877851963043213,5,7591,113,0,0,0.0012391583295539021,0,0,1.0,0.0,0,1,0,1,0,0.0,0,0,0,0,0,0,1023,0,0,0,0,0,0,0,0,1023,0,0,1,0,0,0,0.0,0.0,0.0,0.0,0.0,0.0,straight_run,3.8375368118286133,-0.016060667112469673,0.005422788672149181,-0.0038865376263856888,-0.0199220459908247,-0.9640602469444275,0.38188672065734863
0.11346704871060172,0.0,0.0,0.5,289,1785353066.979627,0.015365214087069035,-0.016715602949261665,0.4988457262516022,-1.2036776542663574,5,8105,153,0,0,0.0012391583295539021,0,0,1.0,0.0,0,1,0,1,0,0.0,0,0,0,0,0,0,1023,0,0,0,0,0,0,0,0,1023,0,0,1,0,0,0,0.0,0.0,0.0,0.0,0.0,0.0,straight_run,3.8375368118286133,-0.006903198082000017,0.003461733926087618,-0.00314045837149024,-0.019882291555404663,-1.2792595624923706,0.3813088834285736
0.1169054441260745,0.0,0.0,0.5,289,1785353067.004705,0.015365214087069035,-0.016715602949261665,0.4988457262516022,-1.2036776542663574,5,8105,153,0,0,0.0012391583295539021,0,0,1.0,0.0,0,1,0,1,0,0.0,0,0,0,0,0,0,1023,0,0,0,0,0,0,0,0,1023,0,0,1,0,0,0,0.0,0.0,0.0,0.0,0.0,0.0,straight_run,3.8375368118286133,-0.006903198082000017,0.003461733926087618,-0.00314045837149024,-0.019882291555404663,-1.2792595624923706,0.3813088834285736
0.12034383954154726,0.0,0.0,0.5,289,1785353067.028637,0.01973739266395569,-0.019229725003242493,0.49894410371780396,-1.6487494707107544,5,7274,55,0,0,9.447865886613727e-05,0,0,1.0,0.0,0,1,0,1,0,0.0,0,0,0,0,0,0,1023,0,0,0,0,0,0,0,0,1023,0,0,1,0,0,0,0.0,0.0,0.0,0.0,0.0,0.0,straight_run,3.8375368118286133,0.009051027707755566,-0.0011462861439213157,0.0002280065236845985,-0.021693311631679535,-1.7244138717651367,0.38277220726013184
0.12378223495702005,0.0,0.0,0.5,289,1785353067.053704,0.01973739266395569,-0.019229725003242493,0.49894410371780396,-1.6487494707107544,5,7274,55,0,0,9.447865886613727e-05,0,0,1.0,0.0,0,2,0,1,0,0.0,0,0,0,0,0,0,1023,0,0,0,8,0,0,0,0,1023,0,0,2,1,1,0,0.0,0.0,0.0,0.0,0.0,0.0,straight_run,3.8375368118286133,0.009051027707755566,-0.0011462861439213157,0.0002280065236845985,-0.021693311631679535,-1.7244138717651367,0.38277220726013184
0.12722063037249282,0.0,0.0,0.5,289,1785353067.0760498,0.026065275073051453,-0.021622309461236,0.4990106523036957,-1.9329988956451416,5,6669,95,0,0,9.447865886613727e-05,0,0,1.0,0.0,0,2,0,1,0,0.0,0,0,0,0,0,0,1023,0,0,0,8,0,0,0,0,1023,0,0,2,1,1,0,0.0,0.0,0.0,0.0,0.0,0.0,straight_run,3.8375368118286133,0.01484586764127016,-0.004288549069315195,-4.092582094017416e-05,-0.023097995668649673,-2.006772994995117,0.38501936197280884
0.13065902578796562,0.0,0.0,0.5,289,1785353067.1011121,0.026065275073051453,-0.021622309461236,0.4990106523036957,-1.9329988956451416,5,6669,95,0,0,9.447865886613727e-05,0,0,1.0,0.0,0,2,0,1,0,0.0,0,0,0,0,0,0,1023,0,0,0,8,0,0,0,0,1023,0,0,2,1,1,0,0.0,0.0,0.0,0.0,0.0,0.0,straight_run,3.8375368118286133,0.01484586764127016,-0.004288549069315195,-4.092582094017416e-05,-0.023097995668649673,-2.006772994995117,0.38501936197280884
0.1340974212034384,0.0,0.0,0.5,289,1785353067.122622,0.026065275073051453,-0.021622309461236,0.4990106523036957,-1.9329988956451416,5,6669,95,0,0,9.447865886613727e-05,0,0,1.0,0.0,0,2,0,1,0,0.0,0,0,0,0,0,0,1023,0,0,0,8,0,0,0,0,1023,0,0,2,1,1,0,0.0,0.0,0.0,0.0,0.0,0.0,straight_run,3.8375368118286133,0.01484586764127016,-0.004288549069315195,-4.092582094017416e-05,-0.023097995668649673,-2.006772994995117,0.38501936197280884
0.13753581661891118,0.0,0.0,0.5,289,1785353067.145133,0.03327737748622894,-0.02326759696006775,0.4990428388118744,-2.3714983463287354,5,8168,3,0,0,0.0007556923665106297,0,0,1.0,0.0,0,3,0,1,0,0.0,0,0,0,0,0,0,1023,0,0,0,16,0,64,0,0,1023,0,0,3,2,1,0,0.0,0.0,0.0,0.0,0.0,0.0,straight_run,3.842815399169922,0.028867483139038086,-0.0066263615153729916,0.0041208467446267605,-0.02393253892660141,-2.4520509243011475,0.38797619938850403
0.14097421203438396,0.0,0.0,0.5,289,1785353067.166118,0.03327737748622894,-0.02326759696006775,0.4990428388118744,-2.3714983463287354,5,8168,3,0,0,0.0007556923665106297,0,0,1.0,0.0,0,3,0,1,0,0.0,0,0,0,0,0,0,1023,0,0,0,16,0,64,0,0,1023,0,0,3,2,1,0,0.0,0.0,0.0,0.0,0.0,0.0,straight_run,3.842815399169922,0.028867483139038086,-0.0066263615153729916,0.0041208467446267605,-0.02393253892660141,-2.4520509243011475,0.38797619938850403
0.14441260744985673,0.0,0.0,0.5,289,1785353067.18735,0.03972698375582695,-0.02858889475464821,0.4990084767341614,-2.6944332122802734,5,7159,43,0,0,0.0007556923665106297,0,0,1.0,0.0,0,3,0,1,0,0.0,0,0,0,0,0,0,1023,0,0,0,16,0,64,0,0,1023,0,0,3,2,1,0,0.0,0.0,0.0,0.0,0.0,0.0,straight_run,3.842815399169922,0.038293708115816116,-0.01327526941895485,0.007985759526491165,-0.027911674231290817,-2.771860122680664,0.3883940875530243
0.1478510028653295,0.0,0.0,0.5,289,1785353067.2086349,0.03972698375582695,-0.02858889475464821,0.4990084767341614,-2.6944332122802734,5,7159,43,0,0,0.0007556923665106297,0,0,1.0,0.0,0,3,0,1,0,0.0,0,0,0,0,0,0,1023,0,0,0,16,0,64,0,0,1023,0,0,3,2,1,0,0.0,0.0,0.0,0.0,0.0,0.0,straight_run,3.842815399169922,0.038293708115816116,-0.01327526941895485,0.007985759526491165,-0.027911674231290817,-2.771860122680664,0.3883940875530243
0.1512893982808023,0.0,0.0,0.5,289,1785353067.23169,0.05030767619609833,-0.030665598809719086,0.49902790784835815,-3.1517136096954346,5,7280,103,0,0,0.0007556923665106297,0,0,1.0,0.0,0,3,0,1,0,0.0,0,0,0,0,0,0,1023,0,0,0,16,0,64,0,0,1023,0,0,3,2,1,0,0.0,0.0,0.0,0.0,0.0,0.0,straight_run,3.842815399169922,0.05409793555736542,-0.015152569860219955,0.016469627618789673,-0.028612757101655006,-3.2237045764923096,0.3914072811603546
0.15472779369627507,0.0,0.0,0.5,289,1785353067.253721,0.05030767619609833,-0.030665598809719086,0.49902790784835815,-3.1517136096954346,5,7280,103,0,0,0.0007556923665106297,0,0,1.0,0.0,0,3,0,1,0,0.0,0,0,0,0,0,0,1023,0,0,0,16,0,64,0,0,1023,0,0,3,2,1,0,0.0,0.0,0.0,0.0,0.0,0.0,straight_run,3.842815399169922,0.05409793555736542,-0.015152569860219955,0.016469627618789673,-0.028612757101655006,-3.2237045764923096,0.3914072811603546
0.15816618911174782,0.0,0.0,0.5,289,1785353067.2784781,0.057069871574640274,-0.03072226420044899,0.499015748500824,-3.4473800659179688,5,8352,143,0,0,0.0007556923665106297,0,0,1.0,0.0,0,3,0,1,0,0.0,0,0,0,0,0,0,1023,0,0,0,16,0,64,0,0,1023,0,0,3,2,1,0,0.0,0.0,0.0,0.0,0.0,0.0,straight_run,3.842815399169922,0.061431027948856354,-0.020306216552853584,0.02121073752641678,-0.03160620853304863,-3.5187435150146484,0.3923608064651489
0.16160458452722062,0.0,0.0,0.5,289,1785353067.302644,0.057069871574640274,-0.03072226420044899,0.499015748500824,-3.4473800659179688,5,8352,143,0,0,0.0007556923665106297,0,0,1.0,0.0,0,3,0,1,0,0.0,0,0,0,0,0,0,1023,0,0,0,16,0,64,0,0,1023,0,0,3,2,1,0,0.0,0.0,0.0,0.0,0.0,0.0,straight_run,3.842815399169922,0.061431027948856354,-0.020306216552853584,0.02121073752641678,-0.03160620853304863,-3.5187435150146484,0.3923608064651489
0.1650429799426934,0.0,0.0,0.5,289,1785353067.325312,0.057069871574640274,-0.03072226420044899,0.499015748500824,-3.4473800659179688,5,8352,143,0,0,0.0007556923665106297,0,0,1.0,0.0,0,3,0,1,0,0.0,0,0,0,0,0,0,1023,0,0,0,16,0,64,0,0,1023,0,0,3,2,1,0,0.0,0.0,0.0,0.0,0.0,0.0,straight_run,3.8375368118286133,0.06460889428853989,-0.02677498757839203,0.025268884375691414,-0.03607823699712753,-3.980940580368042,0.3958043158054352
0.16848137535816618,0.0,0.0,0.5,289,1785353067.350304,0.06502258032560349,-0.03683120757341385,0.49903082847595215,-3.9068405628204346,5,7544,46,0,0,0.0011984085431322455,0,0,1.0,0.0,0,4,0,1,0,0.0,0,0,0,0,0,0,1023,0,0,0,0,0,2,0,0,1023,0,0,4,1,1,0,0.0,0.0,0.0,0.0,0.0,0.0,straight_run,3.8375368118286133,0.06460889428853989,-0.02677498757839203,0.025268884375691414,-0.03607823699712753,-3.980940580368042,0.3958043158054352
0.17191977077363896,0.0,0.0,0.5,289,1785353067.37183,0.06502258032560349,-0.03683120757341385,0.49903082847595215,-3.9068405628204346,5,7544,86,0,0,0.0011984085431322455,0,0,1.0,0.0,0,4,0,1,0,0.0,0,0,0,0,0,0,1023,0,0,0,0,0,2,0,0,1023,0,0,4,1,1,0,0.0,0.0,0.0,0.0,0.0,0.0,straight_run,3.8375368118286133,0.06964646279811859,-0.030513746663928032,0.030637776479125023,-0.03907729685306549,-4.259891033172607,0.39962533116340637
0.17535816618911176,0.0,0.0,0.5,289,1785353067.395469,0.06918217241764069,-0.04465781897306442,0.49902957677841187,-4.19036340713501,5,7436,86,0,0,0.0011984085431322455,0,0,1.0,0.0,0,4,0,1,0,0.0,0,0,0,0,0,0,1023,0,0,0,0,0,2,0,0,1023,0,0,4,1,1,0,0.0,0.0,0.0,0.0,0.0,0.0,straight_run,3.8375368118286133,0.06964646279811859,-0.030513746663928032,0.030637776479125023,-0.03907729685306549,-4.259891033172607,0.39962533116340637
0.17879656160458454,0.0,0.0,0.5,289,1785353067.417372,0.06918217241764069,-0.04465781897306442,0.49902957677841187,-4.19036340713501,5,7436,86,0,0,0.0011984085431322455,0,0,1.0,0.0,0,4,0,1,0,0.0,0,0,0,0,0,0,1023,0,0,0,0,0,2,0,0,1023,0,0,4,1,1,0,0.0,0.0,0.0,0.0,0.0,0.0,straight_run,3.8375368118286133,0.06964646279811859,-0.030513746663928032,0.030637776479125023,-0.03907729685306549,-4.259891033172607,0.39962533116340637
0.1822349570200573,0.0,0.0,0.5,289,1785353067.441628,0.07440444827079773,-0.04603917524218559,0.4990115463733673,-4.60325813293457,5,8269,146,0,0,0.0011984085431322455,0,0,1.0,0.0,0,4,0,1,0,0.0,0,0,0,0,0,0,1023,0,0,0,0,0,2,0,0,1023,0,0,4,1,1,0,0.0,0.0,0.0,0.0,0.0,0.0,straight_run,3.8375368118286133,0.07366632670164108,-0.031569208949804306,0.03722964972257614,-0.041363753378391266,-4.673579692840576,0.40117642283439636
0.18567335243553007,0.0,0.0,0.5,289,1785353067.465638,0.07440444827079773,-0.04603917524218559,0.4990115463733673,-4.60325813293457,5,8269,146,0,0,0.0011984085431322455,0,0,1.0,0.0,0,4,0,1,0,0.0,0,0,0,0,0,0,1023,0,0,0,0,0,2,0,0,1023,0,0,4,1,1,0,0.0,0.0,0.0,0.0,0.0,0.0,straight_run,3.8375368118286133,0.07366632670164108,-0.031569208949804306,0.03722964972257614,-0.041363753378391266,-4.673579692840576,0.40117642283439636
0.18911174785100285,0.0,0.0,0.5,289,1785353067.48767,0.07826933264732361,-0.04912124201655388,0.4989970326423645,-4.865780830383301,5,8201,28,0,0,0.0014626929769292474,0,0,1.0,0.0,0,4,0,1,0,0.0,0,0,0,0,0,0,1023,0,0,0,0,0,2,0,0,1023,0,0,4,1,1,0,0.0,0.0,0.0,0.0,0.0,0.0,straight_run,3.8375368118286133,0.06795043498277664,-0.036903634667396545,0.03726782277226448,-0.04586157575249672,-4.925426006317139,0.40226972103118896
0.19255014326647565,0.0,0.0,0.5,289,1785353067.511348,0.07826933264732361,-0.04912124201655388,0.4989970326423645,-4.865780830383301,5,8201,28,0,0,0.0014626929769292474,0,0,1.0,0.0,0,4,0,1,0,0.0,0,0,0,0,0,0,1023,0,0,0,0,0,2,0,0,1023,0,0,4,1,1,0,0.0,0.0,0.0,0.0,0.0,0.0,straight_run,3.8375368118286133,0.06795043498277664,-0.036903634667396545,0.03726782277226448,-0.04586157575249672,-4.925426006317139,0.40226972103118896
0.19598853868194843,0.0,0.0,0.5,289,1785353067.532562,0.08148907870054245,-0.053028084337711334,0.49902039766311646,-5.188549041748047,5,7371,88,0,0,0.0014626929769292474,0,0,1.0,0.0,0,5,0,1,0,0.0,0,0,0,0,0,0,1023,0,0,0,272,0,0,0,0,1023,0,0,5,2,1,0,0.0,0.0,0.0,0.0,0.0,0.0,straight_run,3.8375368118286133,0.07419905066490173,-0.040639832615852356,0.045815709978342056,-0.050005894154310226,-5.238251686096191,0.40580713748931885
0.1994269340974212,0.0,0.0,0.5,289,1785353067.5576441,0.08148907870054245,-0.053028084337711334,0.49902039766311646,-5.188549041748047,5,7371,88,0,0,0.0014626929769292474,0,0,1.0,0.0,0,5,0,1,0,0.0,0,0,0,0,0,0,1023,0,0,0,272,0,0,0,0,1023,0,0,5,2,1,0,0.0,0.0,0.0,0.0,0.0,0.0,straight_run,3.8375368118286133,0.07419905066490173,-0.040639832615852356,0.045815709978342056,-0.050005894154310226,-5.238251686096191,0.40580713748931885
0.20286532951289396,0.0,0.0,0.5,289,1785353067.5816782,0.08658963441848755,-0.056555721908807755,0.4990559220314026,-5.367047309875488,5,7482,128,0,0,0.0014626929769292474,0,0,1.0,0.0,0,5,0,1,0,0.0,0,0,0,0,0,0,1023,0,0,0,272,0,0,0,0,1023,0,0,5,2,1,0,0.0,0.0,0.0,0.0,0.0,0.0,straight_run,3.8375368118286133,0.0694923996925354,-0.04064313322305679,0.04650024324655533,-0.05170060694217682,-5.398916244506836,0.4088849723339081
0.20630372492836674,0.0,0.0,0.5,289,1785353067.603657,0.08658963441848755,-0.056555721908807755,0.4990559220314026,-5.367047309875488,5,7482,128,0,0,0.0014626929769292474,0,0,1.0,0.0,0,5,0,1,0,0.0,0,0,0,0,0,0,1023,0,0,0,272,0,0,0,0,1023,0,0,5,2,1,0,0.0,0.0,0.0,0.0,0.0,0.0,straight_run,3.8375368118286133,0.0694923996925354,-0.04064313322305679,0.04650024324655533,-0.05170060694217682,-5.398916244506836,0.4088849723339081
0.20974212034383954,0.0,0.0,0.5,289,1785353067.6276321,0.08658963441848755,-0.056555721908807755,0.4990559220314026,-5.367047309875488,5,7482,28,0,0,0.0017303325003013015,0,0,1.0,0.0,0,5,0,1,0,0.0,0,0,0,0,0,0,1023,0,0,0,272,0,0,0,0,1023,0,0,5,2,1,0,0.0,0.0,0.0,0.0,0.0,0.0,straight_run,3.842815399169922,0.06692742556333542,-0.043590571731328964,0.04982803761959076,-0.0565623976290226,-5.566205024719238,0.41451454162597656
0.21318051575931232,0.0,0.0,0.5,289,1785353067.652132,0.08993175625801086,-0.060699138790369034,0.49910831451416016,-5.539677619934082,5,8628,28,0,0,0.0017303325003013015,0,0,1.0,0.0,0,6,0,1,0,0.0,0,0,0,0,0,0,1023,0,0,128,0,0,0,0,0,1023,0,0,6,1,1,0,0.0,0.0,0.0,0.0,0.0,0.0,straight_run,3.842815399169922,0.06692742556333542,-0.043590571731328964,0.04982803761959076,-0.0565623976290226,-5.566205024719238,0.41451454162597656
0.2166189111747851,0.0,0.0,0.5,289,1785353067.673693,0.08993175625801086,-0.060699138790369034,0.49910831451416016,-5.539677619934082,5,8628,68,0,0,0.0017303325003013015,0,0,1.0,0.0,0,6,0,1,0,0.0,0,0,0,0,0,0,1023,0,0,128,0,0,0,0,0,1023,0,0,6,1,1,0,0.0,0.0,0.0,0.0,0.0,0.0,straight_run,3.842815399169922,0.06250468641519547,-0.045935340225696564,0.05042838305234909,-0.060442399233579636,-5.668891429901123,0.4183601438999176
0.22005730659025788,0.0,0.0,0.5,289,1785353067.698752,0.0905764102935791,-0.06158734858036041,0.49909958243370056,-5.6468048095703125,5,7464,68,0,0,0.0017303325003013015,0,0,1.0,0.0,0,6,0,1,0,0.0,0,0,0,0,0,0,1023,0,0,128,0,0,0,0,0,1023,0,0,6,1,1,0,0.0,0.0,0.0,0.0,0.0,0.0,straight_run,3.842815399169922,0.06250468641519547,-0.045935340225696564,0.05042838305234909,-0.060442399233579636,-5.668891429901123,0.4183601438999176
0.22349570200573063,0.0,0.0,0.5,289,1785353067.721628,0.0905764102935791,-0.06158734858036041,0.49909958243370056,-5.6468048095703125,5,7464,68,0,0,0.0017303325003013015,0,0,1.0,0.0,0,6,0,1,0,0.0,0,0,0,0,0,0,1023,0,0,128,0,0,0,0,0,1023,0,0,6,1,1,0,0.0,0.0,0.0,0.0,0.0,0.0,straight_run,3.842815399169922,0.06250468641519547,-0.045935340225696564,0.05042838305234909,-0.060442399233579636,-5.668891429901123,0.4183601438999176
0.22693409742120343,0.0,0.0,0.5,289,1785353067.74265,0.09351757913827896,-0.06592940539121628,0.49907878041267395,-5.767344951629639,5,8613,127,0,0,0.0017303325003013015,0,0,1.0,0.0,0,6,0,1,0,0.0,0,0,0,0,0,0,1023,0,0,128,0,0,0,0,0,1023,0,0,6,1,1,0,0.0,0.0,0.0,0.0,0.0,0.0,straight_run,3.842815399169922,0.062427133321762085,-0.046500064432621,0.05416707694530487,-0.06507206708192825,-5.8012495040893555,0.4239533543586731
0.2303724928366762,0.0,0.0,0.5,289,1785353067.765687,0.09351757913827896,-0.06592940539121628,0.49907878041267395,-5.767344951629639,5,8613,127,0,0,0.0017303325003013015,0,0,1.0,0.0,0,6,0,1,0,0.0,0,0,0,0,0,0,1023,0,0,128,0,0,0,0,0,1023,0,0,6,1,1,0,0.0,0.0,0.0,0.0,0.0,0.0,straight_run,3.842815399169922,0.062427133321762085,-0.046500064432621,0.05416707694530487,-0.06507206708192825,-5.8012495040893555,0.4239533543586731
0.233810888252149,0.0,0.0,0.5,289,1785353067.7892869,0.09412658214569092,-0.06844530254602432,0.4990730881690979,-5.885378837585449,5,8675,16,0,0,0.0018086560303345323,0,0,1.0,0.0,0,6,0,1,0,0.0,0,0,0,0,0,0,1023,0,0,128,0,0,0,0,0,1023,0,0,6,1,1,0,0.0,0.0,0.0,0.0,0.0,0.0,straight_run,3.842815399169922,0.05732249096035957,-0.04363245889544487,0.05382401868700981,-0.06700209528207779,-5.911553859710693,0.4275270104408264
0.23724928366762177,0.0,0.0,0.5,289,1785353067.809624,0.09412658214569092,-0.06844530254602432,0.4990730881690979,-5.885378837585449,5,8675,16,0,0,0.0018086560303345323,0,0,1.0,0.0,0,6,0,1,0,0.0,0,0,0,0,0,0,1023,0,0,128,0,0,0,0,0,1023,0,0,6,1,1,0,0.0,0.0,0.0,0.0,0.0,0.0,straight_run,3.842815399169922,0.05732249096035957,-0.04363245889544487,0.05382401868700981,-0.06700209528207779,-5.911553859710693,0.4275270104408264
0.24068767908309452,0.0,0.0,0.5,289,1785353067.8310761,0.09641096740961075,-0.06752327084541321,0.499070405960083,-6.023430824279785,5,7167,76,0,0,0.0018086560303345323,0,0,1.0,0.0,0,7,0,1,0,0.0,0,0,0,0,0,0,1023,0,0,0,0,0,256,0,0,1023,0,0,6,1,1,0,0.0,0.0,0.0,0.0,0.0,0.0,straight_run,3.8480939865112305,0.05817212536931038,-0.03966974839568138,0.05718737840652466,-0.07053206861019135,-6.0491461753845215,0.43468165397644043
0.24412607449856732,0.0,0.0,0.5,289,1785353067.851674,0.09641096740961075,-0.06752327084541321,0.499070405960083,-6.023430824279785,5,7167,76,0,0,0.0018086560303345323,0,0,1.0,0.0,0,7,0,1,0,0.0,0,0,0,0,0,0,1023,0,0,0,0,0,256,0,0,1023,0,0,7,1,1,0,0.0,0.0,0.0,0.0,0.0,0.0,straight_run,3.8480939865112305,0.05817212536931038,-0.03966974839568138,0.05718737840652466,-0.07053206861019135,-6.0491461753845215,0.43468165397644043
0.2475644699140401,0.0,0.0,0.5,289,1785353067.874625,0.10229447484016418,-0.0687883198261261,0.49903592467308044,-6.1102614402771,5,7224,116,0,0,0.0018086560303345323,0,0,1.0,0.0,0,7,0,1,0,0.0,0,0,0,0,0,0,1023,0,0,0,0,0,256,0,0,1023,0,0,7,1,1,0,0.0,0.0,0.0,0.0,0.0,0.0,straight_run,3.8480939865112305,0.06056240573525429,-0.0373319648206234,0.06011694297194481,-0.07337852567434311,-6.134876728057861,0.4382709562778473
0.2510028653295129,0.0,0.0,0.5,289,1785353067.8997362,0.10229447484016418,-0.0687883198261261,0.49903592467308044,-6.1102614402771,5,7224,116,0,0,0.0018086560303345323,0,0,1.0,0.0,0,7,0,1,0,0.0,0,0,0,0,0,0,1023,0,0,0,0,0,256,0,0,1023,0,0,7,1,1,0,0.0,0.0,0.0,0.0,0.0,0.0,straight_run,3.8480939865112305,0.06056240573525429,-0.0373319648206234,0.06011694297194481,-0.07337852567434311,-6.134876728057861,0.4382709562778473
0.25444126074498563,0.0,0.0,0.5,289,1785353067.920152,0.10229447484016418,-0.0687883198261261,0.49903592467308044,-6.1102614402771,5,7224,116,0,0,0.0018086560303345323,0,0,1.0,0.0,0,7,0,1,0,0.0,0,0,0,0,0,0,1023,0,0,0,0,0,256,0,0,1023,0,0,7,1,1,0,0.0,0.0,0.0,0.0,0.0,0.0,straight_run,3.8480939865112305,0.06056240573525429,-0.0373319648206234,0.06011694297194481,-0.07337852567434311,-6.134876728057861,0.4382709562778473
0.25787965616045844,0.0,0.0,0.5,289,1785353067.945153,0.10301408916711807,-0.07188167423009872,0.49898895621299744,-6.223196029663086,5,7552,24,0,0,0.0014614169485867023,0,0,1.0,0.0,0,8,0,1,0,0.0,0,0,0,0,0,0,1023,0,0,0,0,0,0,0,0,1023,0,0,8,0,0,0,0.0,0.0,0.0,0.0,0.0,0.0,straight_run,3.842815399169922,0.05864529684185982,-0.03425010293722153,0.061538778245449066,-0.07845151424407959,-6.23654317855835,0.44292861223220825
0.26131805157593124,0.0,0.0,0.5,289,1785353067.96863,0.10301408916711807,-0.07188167423009872,0.49898895621299744,-6.223196029663086,5,7552,24,0,0,0.0014614169485867023,0,0,1.0,0.0,0,8,0,1,0,0.0,0,0,0,0,0,0,1023,0,0,0,0,0,0,0,0,1023,0,0,8,0,0,0,0.0,0.0,0.0,0.0,0.0,0.0,straight_run,3.842815399169922,0.05864529684185982,-0.03425010293722153,0.061538778245449066,-0.07845151424407959,-6.23654317855835,0.44292861223220825
0.264756446991404,0.0,0.0,0.5,289,1785353067.989621,0.10666612535715103,-0.07213157415390015,0.4989624619483948,-6.268115520477295,5,6638,64,0,0,0.0014614169485867023,0,0,1.0,0.0,0,8,0,1,0,0.0,0,0,0,0,0,0,1023,0,0,0,0,0,0,0,0,1023,0,0,8,0,0,0,0.0,0.0,0.0,0.0,0.0,0.0,straight_run,3.842815399169922,0.059305816888809204,-0.029752591624855995,0.06313440203666687,-0.08051742613315582,-6.2788286209106445,0.4456373453140259
0.2681948424068768,0.0,0.0,0.5,289,1785353068.0136268,0.10666612535715103,-0.07213157415390015,0.4989624619483948,-6.268115520477295,5,6638,64,0,0,0.0014614169485867023,0,0,1.0,0.0,0,8,0,1,0,0.0,0,0,0,0,0,0,1023,0,0,0,0,0,0,0,0,1023,0,0,8,0,0,0,0.0,0.0,0.0,0.0,0.0,0.0,straight_run,3.842815399169922,0.059305816888809204,-0.029752591624855995,0.06313440203666687,-0.08051742613315582,-6.2788286209106445,0.4456373453140259
0.27163323782234955,0.0,0.0,0.5,289,1785353068.0386848,0.1112842783331871,-0.07169976830482483,0.4989202618598938,-6.348923683166504,5,6964,124,0,0,0.0014614169485867023,0,0,1.0,0.0,0,8,0,1,0,0.0,0,0,0,0,0,0,1023,0,0,0,0,0,0,0,0,1023,0,0,8,0,0,0,0.0,0.0,0.0,0.0,0.0,0.0,straight_run,3.842815399169922,0.06217231601476669,-0.022526109591126442,0.0657968819141388,-0.08300068229436874,-6.359037399291992,0.44870811700820923
0.27507163323782235,0.0,0.0,0.5,289,1785353068.061955,0.1112842783331871,-0.07169976830482483,0.4989202618598938,-6.348923683166504,5,6964,124,0,0,0.0014614169485867023,0,0,1.0,0.0,0,8,0,1,0,0.0,0,0,0,0,0,0,1023,0,0,0,0,0,0,0,0,1023,0,0,8,0,0,0,0.0,0.0,0.0,0.0,0.0,0.0,straight_run,3.842815399169922,0.06217231601476669,-0.022526109591126442,0.0657968819141388,-0.08300068229436874,-6.359037399291992,0.44870811700820923
0.2785100286532951,0.0,0.0,0.5,289,1785353068.082708,0.11653169244527817,-0.07005993276834488,0.49890121817588806,15.230377197265625,5,8552,5,0,0,0.001196554978378117,0,0,1.0,0.0,0,8,0,1,0,0.0,0,0,0,0,0,0,1023,0,0,0,0,0,0,0,0,1023,0,0,8,0,0,0,0.0,0.0,0.0,0.0,0.0,0.0,straight_run,3.842815399169922,0.06467097997665405,-0.016465632244944572,0.06791552901268005,-0.08380857110023499,-6.395446300506592,0.45084482431411743
0.2819484240687679,0.0,0.0,0.5,289,1785353068.102802,0.11653169244527817,-0.07005993276834488,0.49890121817588806,15.230377197265625,5,8552,5,0,0,0.001196554978378117,0,0,1.0,0.0,0,8,0,1,0,0.0,0,0,0,0,0,0,1023,0,0,0,0,0,0,0,0,1023,0,0,8,0,0,0,0.0,0.0,0.0,0.0,0.0,0.0,straight_run,3.842815399169922,0.06467097997665405,-0.016465632244944572,0.06791552901268005,-0.08380857110023499,-6.395446300506592,0.45084482431411743
0.28538681948424066,0.0,0.0,0.5,289,1785353068.1242921,0.11653169244527817,-0.07005993276834488,0.49890121817588806,15.230377197265625,5,8552,5,0,0,0.001196554978378117,0,0,1.0,0.0,0,8,0,1,0,0.0,0,0,0,0,0,0,1023,0,0,0,0,0,0,0,0,1023,0,0,8,0,0,0,0.0,0.0,0.0,0.0,0.0,0.0,straight_run,3.8217010498046875,0.06846475601196289,-0.012758844532072544,0.07067134976387024,-0.08704414963722229,-4.144837379455566,0.45390915870666504
0.28882521489971347,0.0,0.0,0.5,289,1785353068.149354,0.12648236751556396,-0.07212571054697037,0.49893489480018616,13.93885612487793,5,7283,65,0,0,0.001196554978378117,0,0,1.0,0.0,0,9,0,1,0,0.0,0,0,0,0,0,0,1023,0,0,8,0,0,0,1,0,1023,0,0,9,2,1,0,0.0,0.0,0.0,0.0,0.0,0.0,straight_run,3.8217010498046875,0.06846475601196289,-0.012758844532072544,0.07067134976387024,-0.08704414963722229,-4.144837379455566,0.45390915870666504
0.2922636103151863,0.0,0.0,0.5,289,1785353068.174298,0.13193358480930328,-0.07442602515220642,0.49895331263542175,13.816835403442383,5,7288,105,0,0,0.001196554978378117,0,0,1.0,0.0,0,9,0,1,0,0.0,0,0,0,0,0,0,1023,0,0,8,0,0,0,1,0,1023,0,0,9,2,1,0,0.0,0.0,0.0,0.0,0.0,0.0,straight_run,3.8217010498046875,0.07510089874267578,-0.013436395674943924,0.07513400167226791,-0.0902278944849968,-1.7820253372192383,0.4564197361469269
0.295702005730659,0.0,0.0,0.5,289,1785353068.199368,0.13193358480930328,-0.07442602515220642,0.49895331263542175,13.816835403442383,5,7288,105,0,0,0.001196554978378117,0,0,1.0,0.0,0,9,0,1,0,0.0,0,0,0,0,0,0,1023,0,0,8,0,0,0,1,0,1023,0,0,9,2,1,0,0.0,0.0,0.0,0.0,0.0,0.0,straight_run,3.8217010498046875,0.07510089874267578,-0.013436395674943924,0.07513400167226791,-0.0902278944849968,-1.7820253372192383,0.4564197361469269
0.2991404011461318,0.0,0.0,0.5,289,1785353068.222933,0.13193358480930328,-0.07442602515220642,0.49895331263542175,13.816835403442383,5,7288,105,0,0,0.001196554978378117,0,0,1.0,0.0,0,9,0,1,0,0.0,0,0,0,0,0,0,1023,0,0,8,0,0,0,1,0,1023,0,0,9,2,1,0,0.0,0.0,0.0,0.0,0.0,0.0,straight_run,3.8217010498046875,0.07510089874267578,-0.013436395674943924,0.07513400167226791,-0.0902278944849968,-1.7820253372192383,0.4564197361469269
0.3025787965616046,0.0,0.0,0.5,289,1785353068.2456179,0.1381654143333435,-0.05856284871697426,0.4989642798900604,20.156755447387695,5,8453,6,0,0,0.001771526294760406,0,0,1.0,0.0,0,10,0,1,0,0.0,0,0,0,0,0,0,1023,0,0,0,0,0,0,8,0,1023,0,0,10,1,1,0,0.0,0.0,0.0,0.0,0.0,0.0,straight_run,3.8375368118286133,0.10996294766664505,-0.00809076800942421,0.09508232772350311,-0.09187936782836914,1.5210522413253784,0.46205249428749084
0.30601719197707733,0.0,0.0,0.5,289,1785353068.27011,0.1381654143333435,-0.05856284871697426,0.4989642798900604,20.156755447387695,5,8453,6,0,0,0.001771526294760406,0,0,1.0,0.0,0,10,0,1,0,0.0,0,0,0,0,0,0,1023,0,0,0,0,0,0,8,0,1023,0,0,10,1,1,0,0.0,0.0,0.0,0.0,0.0,0.0,straight_run,3.8375368118286133,0.10996294766664505,-0.00809076800942421,0.09508232772350311,-0.09187936782836914,1.5210522413253784,0.46205249428749084
0.30945558739255014,0.0,0.0,0.5,289,1785353068.293626,0.16595348715782166,-0.07717260718345642,0.4989423155784607,13.001723289489746,5,7491,46,0,0,0.001771526294760406,0,0,1.0,0.0,0,10,0,1,0,0.0,0,0,0,0,0,0,1023,0,0,0,0,0,0,8,0,1023,0,0,10,1,1,0,0.0,0.0,0.0,0.0,0.0,0.0,straight_run,3.8375368118286133,0.11473241448402405,-0.005063299555331469,0.0989547073841095,-0.09311307221651077,3.769099235534668,0.46568652987480164
0.3128939828080229,0.0,0.0,0.5,289,1785353068.3170938,0.16595348715782166,-0.07717260718345642,0.4989423155784607,13.001723289489746,5,7491,46,0,0,0.001771526294760406,0,0,1.0,0.0,0,10,0,1,0,0.0,0,0,0,0,0,0,1023,0,0,0,0,0,0,8,0,1023,0,0,10,1,1,0,0.0,0.0,0.0,0.0,0.0,0.0,straight_run,3.8375368118286133,0.11473241448402405,-0.005063299555331469,0.0989547073841095,-0.09311307221651077,3.769099235534668,0.46568652987480164
0.31633237822349564,0.0,0.0,0.5,289,1785353068.339371,0.17405302822589874,-0.07858243584632874,0.4988853633403778,13.648368835449219,5,7230,106,0,0,0.001771526294760406,0,0,1.0,0.0,0,10,0,1,0,0.0,0,0,0,0,0,0,1023,0,0,0,0,0,0,8,0,1023,0,0,10,1,1,0,0.0,0.0,0.0,0.0,0.0,0.0,straight_run,3.842815399169922,0.1190817728638649,-0.004356030374765396,0.10400952398777008,-0.09634736180305481,6.4940900802612305,0.46964600682258606
0.3197707736389685,0.0,0.0,0.5,289,1785353068.361732,0.17405302822589874,-0.07858243584632874,0.4988853633403778,13.648368835449219,5,7230,106,0,0,0.001771526294760406,0,0,1.0,0.0,0,10,0,1,0,0.0,0,0,0,0,0,0,1023,0,0,0,0,0,0,8,0,1023,0,0,10,1,1,0,0.0,0.0,0.0,0.0,0.0,0.0,straight_run,3.842815399169922,0.1190817728638649,-0.004356030374765396,0.10400952398777008,-0.09634736180305481,6.4940900802612305,0.46964600682258606
0.32320916905444125,0.0,0.0,0.5,289,1785353068.386794,0.17420516908168793,-0.08007282763719559,0.4988660514354706,14.552165031433105,5,8637,146,0,0,0.001771526294760406,0,0,1.0,0.0,0,10,0,1,0,0.0,0,0,0,0,0,0,1023,0,0,0,0,0,0,8,0,1023,0,0,10,1,1,0,0.0,0.0,0.0,0.0,0.0,0.0,straight_run,3.842815399169922,0.10441835969686508,-0.0036930881906300783,0.09807367622852325,-0.09874007850885391,8.032329559326172,0.4737180471420288
0.32664756446991405,0.0,0.0,0.5,289,1785353068.411957,0.17420516908168793,-0.08007282763719559,0.4988660514354706,14.552165031433105,5,8637,146,0,0,0.001771526294760406,0,0,1.0,0.0,0,10,0,1,0,0.0,0,0,0,0,0,0,1023,0,0,0,0,0,0,8,0,1023,0,0,10,1,1,0,0.0,0.0,0.0,0.0,0.0,0.0,straight_run,3.842815399169922,0.10441835969686508,-0.0036930881906300783,0.09807367622852325,-0.09874007850885391,8.032329559326172,0.4737180471420288
0.3300859598853868,0.0,0.0,0.5,289,1785353068.4327471,0.20782487094402313,-0.06358473747968674,0.4988040626049042,17.510730743408203,5,6766,47,0,0,0.0018400620901957154,0,0,1.0,0.0,0,11,0,1,0,0.0,0,0,0,0,0,0,1023,0,8,16,0,0,0,0,0,1023,0,0,11,2,1,0,0.0,0.0,0.0,0.0,0.0,0.0,straight_run,3.8375368118286133,0.153800368309021,0.0206217709928751,0.1280406415462494,-0.08875691890716553,9.83421802520752,0.47598811984062195
0.3335243553008596,0.0,0.0,0.5,289,1785353068.4577951,0.20782487094402313,-0.06358473747968674,0.4988040626049042,17.510730743408203,5,6766,47,0,0,0.0018400620901957154,0,0,1.0,0.0,0,11,0,1,0,0.0,0,0,0,0,0,0,1023,0,8,16,0,0,0,0,0,1023,0,0,11,2,1,0,0.0,0.0,0.0,0.0,0.0,0.0,straight_run,3.8375368118286133,0.153800368309021,0.0206217709928751,0.1280406415462494,-0.08875691890716553,9.83421802520752,0.47598811984062195
0.33696275071633236,0.0,0.0,0.5,289,1785353068.480744,0.2107096016407013,-0.061932630836963654,0.4987739622592926,18.450725555419922,5,7726,87,0,0,0.0018400620901957154,0,0,1.0,0.0,0,11,0,1,0,0.0,0,0,0,0,0,0,1023,0,8,16,0,0,0,0,0,1023,0,0,11,2,1,0,0.0,0.0,0.0,0.0,0.0,0.0,straight_run,3.8375368118286133,0.16383446753025055,0.028102166950702667,0.13797365128993988,-0.08720230311155319,11.665202140808105,0.4795280694961548
0.3404011461318051,0.0,0.0,0.5,289,1785353068.50581,0.2107096016407013,-0.061932630836963654,0.4987739622592926,18.450725555419922,5,7726,87,0,0,0.0018400620901957154,0,0,1.0,0.0,0,11,0,1,0,0.0,0,0,0,0,0,0,1023,0,8,16,0,0,0,0,0,1023,0,0,11,2,1,0,0.0,0.0,0.0,0.0,0.0,0.0,straight_run,3.8375368118286133,0.16383446753025055,0.028102166950702667,0.13797365128993988,-0.08720230311155319,11.665202140808105,0.4795280694961548
0.3438395415472779,0.0,0.0,0.5,289,1785353068.528666,0.2214455008506775,-0.058625802397727966,0.49874988198280334,19.82254981994629,5,8289,147,0,0,0.0018400620901957154,0,0,1.0,0.0,0,11,0,1,0,0.0,0,0,0,0,0,0,1023,0,8,16,0,0,0,0,0,1023,0,0,11,2,1,0,0.0,0.0,0.0,0.0,0.0,0.0,straight_run,3.842815399169922,0.16035395860671997,0.03380689397454262,0.1436707228422165,-0.08687970042228699,13.739663124084473,0.4833258092403412
0.34727793696275067,0.0,0.0,0.5,289,1785353068.5497558,0.2214455008506775,-0.058625802397727966,0.49874988198280334,19.82254981994629,5,8289,147,0,0,0.0018400620901957154,0,0,1.0,0.0,0,11,0,1,0,0.0,0,0,0,0,0,0,1023,0,8,16,0,0,0,0,0,1023,0,0,12,2,1,0,0.0,0.0,0.0,0.0,0.0,0.0,straight_run,3.842815399169922,0.16035395860671997,0.03380689397454262,0.1436707228422165,-0.08687970042228699,13.739663124084473,0.4833258092403412
0.3507163323782235,0.0,0.0,0.5,289,1785353068.574332,0.22755296528339386,-0.05647953599691391,0.4987240731716156,20.473604202270508,5,7613,34,0,0,0.0027143179904669523,0,0,1.0,0.0,0,11,0,1,0,0.0,0,0,0,0,0,0,1023,0,8,16,0,0,0,0,0,1023,0,0,12,2,1,0,0.0,0.0,0.0,0.0,0.0,0.0,straight_run,3.842815399169922,0.16085194051265717,0.04177330061793327,0.1494768261909485,-0.08406436443328857,15.003438949584961,0.48482146859169006
0.3541547277936963,0.0,0.0,0.5,289,1785353068.599224,0.22755296528339386,-0.05647953599691391,0.4987240731716156,20.473604202270508,5,7613,34,0,0,0.0027143179904669523,0,0,1.0,0.0,0,11,0,1,0,0.0,0,0,0,0,0,0,1023,0,8,16,0,0,0,0,0,1023,0,0,12,2,1,0,0.0,0.0,0.0,0.0,0.0,0.0,straight_run,3.842815399169922,0.16085194051265717,0.04177330061793327,0.1494768261909485,-0.08406436443328857,15.003438949584961,0.48482146859169006
0.3575931232091691,0.0,0.0,0.5,289,1785353068.619614,0.22755296528339386,-0.05647953599691391,0.4987240731716156,20.473604202270508,5,7613,34,0,0,0.0027143179904669523,0,0,1.0,0.0,0,11,0,1,0,0.0,0,0,0,0,0,0,1023,0,8,16,0,0,0,0,0,1023,0,0,12,2,1,0,0.0,0.0,0.0,0.0,0.0,0.0,straight_run,3.842815399169922,0.16085194051265717,0.04177330061793327,0.1494768261909485,-0.08406436443328857,15.003438949584961,0.48482146859169006
0.36103151862464183,0.0,0.0,0.5,289,1785353068.6418738,0.23266401886940002,-0.05237802863121033,0.4986985921859741,22.533172607421875,5,8590,94,0,0,0.0027143179904669523,0,0,1.0,0.0,0,12,0,1,0,0.0,0,0,0,0,0,0,1023,0,0,0,512,0,0,0,0,1023,0,0,13,1,1,0,0.0,0.0,0.0,0.0,0.0,0.0,straight_run,3.8375368118286133,0.16031235456466675,0.04666142910718918,0.15804629027843475,-0.08351188898086548,16.829160690307617,0.48792096972465515
0.3644699140401146,0.0,0.0,0.5,289,1785353068.662827,0.23266401886940002,-0.05237802863121033,0.4986985921859741,22.533172607421875,5,8590,94,0,0,0.0027143179904669523,0,0,1.0,0.0,0,12,0,1,0,0.0,0,0,0,0,0,0,1023,0,0,0,512,0,0,0,0,1023,0,0,13,1,1,0,0.0,0.0,0.0,0.0,0.0,0.0,straight_run,3.8375368118286133,0.16031235456466675,0.04666142910718918,0.15804629027843475,-0.08351188898086548,16.829160690307617,0.48792096972465515
0.3679083094555874,0.0,0.0,0.5,289,1785353068.6842592,0.233099564909935,-0.05163959041237831,0.49869275093078613,23.6281681060791,5,7136,36,0,0,0.0027318671345710754,0,0,1.0,0.0,0,12,0,1,0,0.0,0,0,0,0,0,0,1023,0,0,0,512,0,0,0,0,1023,0,0,13,1,1,0,0.0,0.0,0.0,0.0,0.0,0.0,straight_run,3.8375368118286133,0.15601342916488647,0.050332143902778625,0.16203315556049347,-0.08274691551923752,18.022506713867188,0.49124056100845337
0.37134670487106014,0.0,0.0,0.5,289,1785353068.709182,0.233099564909935,-0.05163959041237831,0.49869275093078613,23.6281681060791,5,7136,36,0,0,0.0027318671345710754,0,0,1.0,0.0,0,12,0,1,0,0.0,0,0,0,0,0,0,1023,0,0,0,512,0,0,0,0,1023,0,0,13,1,1,0,0.0,0.0,0.0,0.0,0.0,0.0,straight_run,3.8375368118286133,0.15601342916488647,0.050332143902778625,0.16203315556049347,-0.08274691551923752,18.022506713867188,0.49124056100845337
0.37478510028653295,0.0,0.0,0.5,289,1785353068.730029,0.23746512830257416,-0.04803701117634773,0.4986729621887207,25.473922729492188,5,8047,96,0,0,0.0027318671345710754,0,0,1.0,0.0,0,13,0,1,0,0.0,0,0,0,0,0,0,1023,0,0,0,0,16,0,0,0,1023,0,0,13,1,1,0,0.0,0.0,0.0,0.0,0.0,0.0,straight_run,3.8375368118286133,0.14669732749462128,0.04934846609830856,0.1652553230524063,-0.08498340845108032,19.39621925354004,0.4937449097633362
0.3782234957020057,0.0,0.0,0.5,289,1785353068.7503638,0.23746512830257416,-0.04803701117634773,0.4986729621887207,25.473922729492188,5,8047,96,0,0,0.0027318671345710754,0,0,1.0,0.0,0,13,0,1,0,0.0,0,0,0,0,0,0,1023,0,0,0,0,16,0,0,0,1023,0,0,14,1,1,0,0.0,0.0,0.0,0.0,0.0,0.0,straight_run,3.8375368118286133,0.14669732749462128,0.04934846609830856,0.1652553230524063,-0.08498340845108032,19.39621925354004,0.4937449097633362
0.38166189111747845,0.0,0.0,0.5,289,1785353068.774697,0.24001829326152802,-0.04869966581463814,0.4986354112625122,26.183277130126953,5,6938,38,0,0,0.0025990346912294626,0,0,1.0,0.0,0,13,0,1,0,0.0,0,0,0,0,0,0,1023,0,0,0,0,16,0,0,0,1023,0,0,14,1,1,0,0.0,0.0,0.0,0.0,0.0,0.0,straight_run,3.8375368118286133,0.14428816735744476,0.05745603144168854,0.17206412553787231,-0.08222053945064545,20.621658325195312,0.4945482909679413
0.3851002865329513,0.0,0.0,0.5,289,1785353068.799773,0.24001829326152802,-0.04869966581463814,0.4986354112625122,26.183277130126953,5,6938,38,0,0,0.0025990346912294626,0,0,1.0,0.0,0,13,0,1,0,0.0,0,0,0,0,0,0,1023,0,0,0,0,16,0,0,0,1023,0,0,14,1,1,0,0.0,0.0,0.0,0.0,0.0,0.0,straight_run,3.8375368118286133,0.14428816735744476,0.05745603144168854,0.17206412553787231,-0.08222053945064545,20.621658325195312,0.4945482909679413
0.38853868194842406,0.0,0.0,0.5,289,1785353068.822623,0.24001829326152802,-0.04869966581463814,0.4986354112625122,26.183277130126953,5,6938,38,0,0,0.0025990346912294626,0,0,1.0,0.0,0,13,0,1,0,0.0,0,0,0,0,0,0,1023,0,0,0,0,16,0,0,0,1023,0,0,14,1,1,0,0.0,0.0,0.0,0.0,0.0,0.0,straight_run,3.8375368118286133,0.14428816735744476,0.05745603144168854,0.17206412553787231,-0.08222053945064545,20.621658325195312,0.4945482909679413
0.39197707736389686,0.0,0.0,0.5,289,1785353068.845616,0.2480667233467102,-0.04357457533478737,0.49862271547317505,28.108911514282227,5,8025,98,0,0,0.0025990346912294626,0,0,1.0,0.0,0,14,0,1,0,0.0,0,0,0,0,0,0,1023,0,0,0,0,0,0,0,0,1023,0,0,14,0,0,0,0.0,0.0,0.0,0.0,0.0,0.0,straight_run,3.8375368118286133,0.14093682169914246,0.06262294203042984,0.1782587170600891,-0.0810520201921463,21.780061721801758,0.4969947934150696
0.3954154727793696,0.0,0.0,0.5,289,1785353068.8696299,0.2480667233467102,-0.04357457533478737,0.49862271547317505,28.108911514282227,5,8025,98,0,0,0.0025990346912294626,0,0,1.0,0.0,0,14,0,1,0,0.0,0,0,0,0,0,0,1023,0,0,0,0,0,0,0,0,1023,0,0,14,0,0,0,0.0,0.0,0.0,0.0,0.0,0.0,straight_run,3.8375368118286133,0.14093682169914246,0.06262294203042984,0.1782587170600891,-0.0810520201921463,21.780061721801758,0.4969947934150696
0.3988538681948424,0.0,0.0,0.5,289,1785353068.8946822,0.25298014283180237,-0.04105643182992935,0.49860838055610657,28.64556121826172,5,8865,24,0,0,0.0022160918451845646,0,0,1.0,0.0,0,14,0,1,0,0.0,0,0,0,0,0,0,1023,0,0,0,0,0,0,0,0,1023,0,0,14,0,0,0,0.0,0.0,0.0,0.0,0.0,0.0,straight_run,3.8375368118286133,0.136973574757576,0.06492087990045547,0.1838209629058838,-0.08103545010089874,22.914884567260742,0.4972011148929596
0.40229226361031517,0.0,0.0,0.5,289,1785353068.9156249,0.25298014283180237,-0.04105643182992935,0.49860838055610657,28.64556121826172,5,8865,24,0,0,0.0022160918451845646,0,0,1.0,0.0,0,14,0,1,0,0.0,0,0,0,0,0,0,1023,0,0,0,0,0,0,0,0,1023,0,0,14,0,0,0,0.0,0.0,0.0,0.0,0.0,0.0,straight_run,3.8375368118286133,0.136973574757576,0.06492087990045547,0.1838209629058838,-0.08103545010089874,22.914884567260742,0.4972011148929596
0.4057306590257879,0.0,0.0,0.5,289,1785353068.940694,0.2565297782421112,-0.03772815316915512,0.4985668659210205,29.67109489440918,5,6480,84,0,0,0.0022160918451845646,0,0,1.0,0.0,0,15,0,1,0,0.0,0,0,0,0,0,0,1023,0,0,0,0,0,0,0,0,1023,0,0,15,0,0,0,0.0,0.0,0.0,0.0,0.0,0.0,straight_run,3.8322582244873047,0.13255199790000916,0.07409794628620148,0.18837442994117737,-0.0765795111656189,23.992706298828125,0.4974594712257385
0.4091690544412607,0.0,0.0,0.5,289,1785353068.964767,0.2565297782421112,-0.03772815316915512,0.4985668659210205,29.67109489440918,5,6480,84,0,0,0.0022160918451845646,0,0,1.0,0.0,0,15,0,1,0,0.0,0,0,0,0,0,0,1023,0,0,0,0,0,0,0,0,1023,0,0,15,0,0,0,0.0,0.0,0.0,0.0,0.0,0.0,straight_run,3.8322582244873047,0.13255199790000916,0.07409794628620148,0.18837442994117737,-0.0765795111656189,23.992706298828125,0.4974594712257385
0.4126074498567335,0.0,0.0,0.5,289,1785353068.985615,0.2607186734676361,-0.03982297331094742,0.4985695481300354,29.157228469848633,5,8340,124,0,0,0.0022160918451845646,0,0,1.0,0.0,0,15,0,1,0,0.0,0,0,0,0,0,0,1023,0,0,0,0,0,0,0,0,1023,0,0,15,0,0,0,0.0,0.0,0.0,0.0,0.0,0.0,straight_run,3.8322582244873047,0.12259495258331299,0.0820482075214386,0.18934372067451477,-0.07234897464513779,25.014209747314453,0.4991757571697235
0.4160458452722063,0.0,0.0,0.5,289,1785353069.008615,0.2607186734676361,-0.03982297331094742,0.4985695481300354,29.157228469848633,5,8340,124,0,0,0.0022160918451845646,0,0,1.0,0.0,0,15,0,1,0,0.0,0,0,0,0,0,0,1023,0,0,0,0,0,0,0,0,1023,0,0,15,0,0,0,0.0,0.0,0.0,0.0,0.0,0.0,straight_run,3.8322582244873047,0.12259495258331299,0.0820482075214386,0.18934372067451477,-0.07234897464513779,25.014209747314453,0.4991757571697235
0.4194842406876791,0.0,0.0,0.5,289,1785353069.033674,0.26409003138542175,-0.02860429883003235,0.4985680878162384,30.929458618164062,5,6439,54,0,0,0.0023591292556375265,0,0,1.0,0.0,0,16,0,1,0,0.0,0,0,0,0,0,0,1023,0,0,0,128,0,0,0,0,1023,0,0,16,1,1,0,0.0,0.0,0.0,0.0,0.0,0.0,straight_run,3.8375368118286133,0.12353599816560745,0.08676720410585403,0.19575868546962738,-0.06942597776651382,25.86966896057129,0.5004022121429443
0.4229226361031519,0.0,0.0,0.5,289,1785353069.055808,0.26409003138542175,-0.02860429883003235,0.4985680878162384,30.929458618164062,5,6439,54,0,0,0.0023591292556375265,0,0,1.0,0.0,0,16,0,1,0,0.0,0,0,0,0,0,0,1023,0,0,0,128,0,0,0,0,1023,0,0,16,1,1,0,0.0,0.0,0.0,0.0,0.0,0.0,straight_run,3.8375368118286133,0.12353599816560745,0.08676720410585403,0.19575868546962738,-0.06942597776651382,25.86966896057129,0.5004022121429443
0.42636103151862464,0.0,0.0,0.5,289,1785353069.077606,0.2710101306438446,-0.02592271752655506,0.4985598921775818,30.257143020629883,5,7053,94,0,0,0.0023591292556375265,0,0,1.0,0.0,0,16,0,1,0,0.0,0,0,0,0,0,0,1023,0,0,0,128,0,0,0,0,1023,0,0,16,1,1,0,0.0,0.0,0.0,0.0,0.0,0.0,straight_run,3.8375368118286133,0.11920537799596786,0.11353316158056259,0.19812992215156555,-0.05317926034331322,26.739604949951172,0.5011691451072693
0.4297994269340974,0.0,0.0,0.5,289,1785353069.10269,0.2710101306438446,-0.02592271752655506,0.4985598921775818,30.257143020629883,5,7053,94,0,0,0.0023591292556375265,0,0,1.0,0.0,0,16,0,1,0,0.0,0,0,0,0,0,0,1023,0,0,0,128,0,0,0,0,1023,0,0,16,1,1,0,0.0,0.0,0.0,0.0,0.0,0.0,straight_run,3.8375368118286133,0.11920537799596786,0.11353316158056259,0.19812992215156555,-0.05317926034331322,26.739604949951172,0.5011691451072693
0.4332378223495702,0.0,0.0,0.5,289,1785353069.124643,0.2710101306438446,-0.02592271752655506,0.4985598921775818,30.257143020629883,5,7053,94,0,0,0.0023591292556375265,0,0,1.0,0.0,0,16,0,1,0,0.0,0,0,0,0,0,0,1023,0,0,0,128,0,0,0,0,1023,0,0,16,1,1,0,0.0,0.0,0.0,0.0,0.0,0.0,straight_run,3.826979637145996,0.11920537799596786,0.11353316158056259,0.19812992215156555,-0.05317926034331322,26.739604949951172,0.5011691451072693
0.43667621776504295,0.0,0.0,0.5,289,1785353069.1494908,0.2731417715549469,-0.008548316545784473,0.49854913353919983,32.28899002075195,5,8320,14,0,0,0.0025623419787734747,0,0,1.0,0.0,0,17,0,1,0,0.0,0,0,0,0,0,0,1023,0,0,0,0,0,0,0,0,1023,0,0,17,0,0,0,0.0,0.0,0.0,0.0,0.0,0.0,straight_run,3.826979637145996,0.11917401105165482,0.11017704010009766,0.20199768245220184,-0.05268615484237671,27.546098709106445,0.5023460984230042
0.44011461318051576,0.0,0.0,0.5,289,1785353069.1696231,0.2731417715549469,-0.008548316545784473,0.49854913353919983,32.28899002075195,5,8320,14,0,0,0.0025623419787734747,0,0,1.0,0.0,0,17,0,1,0,0.0,0,0,0,0,0,0,1023,0,0,0,0,0,0,0,0,1023,0,0,17,0,0,0,0.0,0.0,0.0,0.0,0.0,0.0,straight_run,3.826979637145996,0.11917401105165482,0.11017704010009766,0.20199768245220184,-0.05268615484237671,27.546098709106445,0.5023460984230042
0.4435530085959885,0.0,0.0,0.5,289,1785353069.1916192,0.2771199941635132,-0.00849175825715065,0.4985477924346924,31.06529998779297,5,6491,54,0,0,0.0025623419787734747,0,0,1.0,0.0,0,17,0,1,0,0.0,0,0,0,0,0,0,1023,0,0,0,0,0,0,0,0,1023,0,0,17,0,0,0,0.0,0.0,0.0,0.0,0.0,0.0,straight_run,3.826979637145996,0.1236419677734375,0.11673744022846222,0.20839275419712067,-0.04539189115166664,28.482643127441406,0.5044612288475037
0.44699140401146126,0.0,0.0,0.5,289,1785353069.21662,0.2771199941635132,-0.00849175825715065,0.4985477924346924,31.06529998779297,5,6491,54,0,0,0.0025623419787734747,0,0,1.0,0.0,0,17,0,1,0,0.0,0,0,0,0,0,0,1023,0,0,0,0,0,0,0,0,1023,0,0,17,0,0,0,0.0,0.0,0.0,0.0,0.0,0.0,straight_run,3.826979637145996,0.1236419677734375,0.11673744022846222,0.20839275419712067,-0.04539189115166664,28.482643127441406,0.5044612288475037
0.4504297994269341,0.0,0.0,0.5,289,1785353069.241686,0.28707894682884216,-0.004341559484601021,0.498548299074173,28.884321212768555,5,7373,114,0,0,0.0025623419787734747,0,0,1.0,0.0,0,17,0,1,0,0.0,0,0,0,0,0,0,1023,0,0,0,0,0,0,0,0,1023,0,0,17,0,0,0,0.0,0.0,0.0,0.0,0.0,0.0,straight_run,3.842815399169922,0.12716545164585114,0.11095406115055084,0.2138894498348236,-0.044308777898550034,29.079593658447266,0.5059161186218262
0.45386819484240687,0.0,0.0,0.5,289,1785353069.262636,0.28707894682884216,-0.004341559484601021,0.498548299074173,28.884321212768555,5,7373,114,0,0,0.0025623419787734747,0,0,1.0,0.0,0,17,0,1,0,0.0,0,0,0,0,0,0,1023,0,0,0,0,0,0,0,0,1023,0,0,17,0,0,0,0.0,0.0,0.0,0.0,0.0,0.0,straight_run,3.842815399169922,0.12716545164585114,0.11095406115055084,0.2138894498348236,-0.044308777898550034,29.079593658447266,0.5059161186218262
0.4573065902578797,0.0,0.0,0.5,289,1785353069.285484,0.291145920753479,-0.002973996102809906,0.4985194206237793,27.342458724975586,5,7155,18,0,0,0.00275799329392612,0,0,1.0,0.0,0,17,0,1,0,0.0,0,0,0,0,0,0,1023,0,0,0,0,0,0,0,0,1023,0,0,17,0,0,0,0.0,0.0,0.0,0.0,0.0,0.0,straight_run,3.842815399169922,0.1267857700586319,0.10356134921312332,0.2169494330883026,-0.042998865246772766,29.300823211669922,0.5062236189842224
0.4607449856733524,0.0,0.0,0.5,289,1785353069.307662,0.291145920753479,-0.002973996102809906,0.4985194206237793,27.342458724975586,5,7155,18,0,0,0.00275799329392612,0,0,1.0,0.0,0,17,0,1,0,0.0,0,0,0,0,0,0,1023,0,0,0,0,0,0,0,0,1023,0,0,17,0,0,0,0.0,0.0,0.0,0.0,0.0,0.0,straight_run,3.842815399169922,0.1267857700586319,0.10356134921312332,0.2169494330883026,-0.042998865246772766,29.300823211669922,0.5062236189842224
0.4641833810888252,0.0,0.0,0.5,289,1785353069.328614,0.2938145101070404,-0.012601127848029137,0.4984883964061737,22.96573257446289,5,6759,78,0,0,0.00275799329392612,0,0,1.0,0.0,0,18,0,1,0,0.0,0,0,0,0,0,0,1023,0,0,16,0,0,0,4,0,1023,0,0,18,2,1,0,0.0,0.0,0.0,0.0,0.0,0.0,straight_run,3.8375368118286133,0.1269252449274063,0.09104079008102417,0.22063355147838593,-0.043931543827056885,29.00419807434082,0.5063915252685547
0.467621776504298,0.0,0.0,0.5,289,1785353069.353795,0.2938145101070404,-0.012601127848029137,0.4984883964061737,22.96573257446289,5,6759,78,0,0,0.00275799329392612,0,0,1.0,0.0,0,18,0,1,0,0.0,0,0,0,0,0,0,1023,0,0,16,0,0,0,4,0,1023,0,0,18,2,1,0,0.0,0.0,0.0,0.0,0.0,0.0,straight_run,3.8375368118286133,0.1269252449274063,0.09104079008102417,0.22063355147838593,-0.043931543827056885,29.00419807434082,0.5063915252685547
0.47106017191977073,0.0,0.0,0.5,289,1785353069.378858,0.2931899130344391,-0.011739258654415607,0.49849262833595276,22.030508041381836,5,7253,118,0,0,0.00275799329392612,0,0,1.0,0.0,0,18,0,1,0,0.0,0,0,0,0,0,0,1023,0,0,16,0,0,0,4,0,1023,0,0,18,2,1,0,0.0,0.0,0.0,0.0,0.0,0.0,straight_run,3.8375368118286133,0.12439852952957153,0.08689866960048676,0.2227562516927719,-0.03948511928319931,28.181968688964844,0.5076614618301392
0.47449856733524354,0.0,0.0,0.5,289,1785353069.4027698,0.2931899130344391,-0.011739258654415607,0.49849262833595276,22.030508041381836,5,7253,118,0,0,0.00275799329392612,0,0,1.0,0.0,0,18,0,1,0,0.0,0,0,0,0,0,0,1023,0,0,16,0,0,0,4,0,1023,0,0,18,2,1,0,0.0,0.0,0.0,0.0,0.0,0.0,straight_run,3.8375368118286133,0.12439852952957153,0.08689866960048676,0.2227562516927719,-0.03948511928319931,28.181968688964844,0.5076614618301392
0.4779369627507163,0.0,0.0,0.5,289,1785353069.4278421,0.3005174398422241,-0.021738382056355476,0.4984866678714752,17.107667922973633,5,7051,41,0,0,0.0020580964628607035,0,0,1.0,0.0,0,19,0,1,0,0.0,0,0,0,0,0,0,1023,0,0,0,0,0,0,0,0,1023,0,0,18,2,1,0,0.0,0.0,0.0,0.0,0.0,0.0,straight_run,3.8322582244873047,0.12729492783546448,0.06527475267648697,0.2283107489347458,-0.04546111077070236,27.12882423400879,0.5076568722724915
0.48137535816618904,0.0,0.0,0.5,289,1785353069.451617,0.3005174398422241,-0.021738382056355476,0.4984866678714752,17.107667922973633,5,7051,41,0,0,0.0020580964628607035,0,0,1.0,0.0,0,19,0,1,0,0.0,0,0,0,0,0,0,1023,0,0,0,0,0,0,0,0,1023,0,0,19,0,0,0,0.0,0.0,0.0,0.0,0.0,0.0,straight_run,3.8322582244873047,0.12729492783546448,0.06527475267648697,0.2283107489347458,-0.04546111077070236,27.12882423400879,0.5076568722724915
0.4848137535816619,0.0,0.0,0.5,289,1785353069.474607,0.30567631125450134,-0.023522669449448586,0.49849727749824524,15.158299446105957,5,6517,81,0,0,0.0020580964628607035,0,0,1.0,0.0,0,19,0,1,0,0.0,0,0,0,0,0,0,1023,0,0,0,0,0,0,0,0,1023,0,0,19,0,0,0,0.0,0.0,0.0,0.0,0.0,0.0,straight_run,3.8322582244873047,0.1281551867723465,0.05414650961756706,0.232855424284935,-0.0455000065267086,25.57954216003418,0.5090888738632202
0.48825214899713465,0.0,0.0,0.5,289,1785353069.496716,0.30567631125450134,-0.023522669449448586,0.49849727749824524,15.158299446105957,5,6517,81,0,0,0.0020580964628607035,0,0,1.0,0.0,0,19,0,1,0,0.0,0,0,0,0,0,0,1023,0,0,0,0,0,0,0,0,1023,0,0,19,0,0,0,0.0,0.0,0.0,0.0,0.0,0.0,straight_run,3.8322582244873047,0.1281551867723465,0.05414650961756706,0.232855424284935,-0.0455000065267086,25.57954216003418,0.5090888738632202
0.49169054441260746,0.0,0.0,0.5,289,1785353069.5214431,0.30567631125450134,-0.023522669449448586,0.49849727749824524,15.158299446105957,5,6517,81,0,0,0.0020580964628607035,0,0,1.0,0.0,0,19,0,1,0,0.0,0,0,0,0,0,0,1023,0,0,0,0,0,0,0,0,1023,0,0,19,0,0,0,0.0,0.0,0.0,0.0,0.0,0.0,straight_run,3.8322582244873047,0.1281551867723465,0.05414650961756706,0.232855424284935,-0.0455000065267086,25.57954216003418,0.5090888738632202
0.4951289398280802,0.0,0.0,0.5,289,1785353069.5451589,0.30933865904808044,-0.03232620283961296,0.4984930753707886,11.653692245483398,5,7481,7,0,0,0.0019557648338377476,0,0,1.0,0.0,0,20,0,1,0,0.0,0,0,0,0,0,0,1023,0,0,0,0,0,32,0,0,1023,0,0,20,1,1,0,0.0,0.0,0.0,0.0,0.0,0.0,straight_run,3.826979637145996,0.1280578374862671,0.04172024503350258,0.23731236159801483,-0.047015510499477386,23.67244529724121,0.508618950843811
0.498567335243553,0.0,0.0,0.5,289,1785353069.570215,0.30933865904808044,-0.03232620283961296,0.4984930753707886,11.653692245483398,5,7481,7,0,0,0.0019557648338377476,0,0,1.0,0.0,0,20,0,1,0,0.0,0,0,0,0,0,0,1023,0,0,0,0,0,32,0,0,1023,0,0,20,1,1,0,0.0,0.0,0.0,0.0,0.0,0.0,straight_run,3.826979637145996,0.1280578374862671,0.04172024503350258,0.23731236159801483,-0.047015510499477386,23.67244529724121,0.508618950843811
0.5020057306590258,0.0,0.0,0.5,289,1785353069.591221,0.3174784481525421,-0.030872182920575142,0.4985109567642212,10.435221672058105,5,7264,47,0,0,0.0019557648338377476,0,0,1.0,0.0,0,20,0,1,0,0.0,0,0,0,0,0,0,1023,0,0,0,0,0,32,0,0,1023,0,0,20,1,1,0,0.0,0.0,0.0,0.0,0.0,0.0,straight_run,3.826979637145996,0.12962093949317932,0.037091903388500214,0.24326342344284058,-0.04454035311937332,21.62395477294922,0.5096904039382935
0.5054441260744985,0.0,0.0,0.5,289,1785353069.6126132,0.3174784481525421,-0.030872182920575142,0.4985109567642212,10.435221672058105,5,7264,47,0,0,0.0019557648338377476,0,0,1.0,0.0,0,20,0,1,0,0.0,0,0,0,0,0,0,1023,0,0,0,0,0,32,0,0,1023,0,0,20,1,1,0,0.0,0.0,0.0,0.0,0.0,0.0,straight_run,3.826979637145996,0.12962093949317932,0.037091903388500214,0.24326342344284058,-0.04454035311937332,21.62395477294922,0.5096904039382935
0.5088825214899713,0.0,0.0,0.5,289,1785353069.63361,0.31960102915763855,-0.05270698666572571,0.49850720167160034,4.867481708526611,5,7303,107,0,0,0.0019557648338377476,0,0,1.0,0.0,0,20,0,1,0,0.0,0,0,0,0,0,0,1023,0,0,0,0,0,32,0,0,1023,0,0,20,1,1,0,0.0,0.0,0.0,0.0,0.0,0.0,straight_run,3.8322582244873047,0.12765885889530182,0.00198866194114089,0.24711397290229797,-0.061196427792310715,19.589031219482422,0.5100836157798767
0.5123209169054441,0.0,0.0,0.5,289,1785353069.654604,0.31960102915763855,-0.05270698666572571,0.49850720167160034,4.867481708526611,5,7303,107,0,0,0.0019557648338377476,0,0,1.0,0.0,0,20,0,1,0,0.0,0,0,0,0,0,0,1023,0,0,0,0,0,32,0,0,1023,0,0,20,1,1,0,0.0,0.0,0.0,0.0,0.0,0.0,straight_run,3.8322582244873047,0.12765885889530182,0.00198866194114089,0.24711397290229797,-0.061196427792310715,19.589031219482422,0.5100836157798767
0.5157593123209169,0.0,0.0,0.5,289,1785353069.677432,0.31960102915763855,-0.05270698666572571,0.49850720167160034,4.867481708526611,5,7303,147,0,0,0.0019557648338377476,0,0,1.0,0.0,0,20,0,1,0,0.0,0,0,0,0,0,0,1023,0,0,0,0,0,32,0,0,1023,0,0,20,1,1,0,0.0,0.0,0.0,0.0,0.0,0.0,straight_run,3.8322582244873047,0.12547093629837036,-0.003431378398090601,0.25108885765075684,-0.06234219670295715,17.44571304321289,0.5106674432754517
0.5191977077363897,0.0,0.0,0.5,289,1785353069.698514,0.3243110179901123,-0.05582621321082115,0.49849629402160645,5.085311412811279,5,7728,147,0,0,0.0019557648338377476,0,0,1.0,0.0,0,20,0,1,0,0.0,0,0,0,0,0,0,1023,0,0,0,0,0,32,0,0,1023,0,0,20,1,1,0,0.0,0.0,0.0,0.0,0.0,0.0,straight_run,3.8322582244873047,0.12547093629837036,-0.003431378398090601,0.25108885765075684,-0.06234219670295715,17.44571304321289,0.5106674432754517
0.5226361031518625,0.0,0.0,0.5,289,1785353069.7186098,0.3243110179901123,-0.05582621321082115,0.49849629402160645,5.085311412811279,5,7728,147,0,0,0.0019557648338377476,0,0,1.0,0.0,0,20,0,1,0,0.0,0,0,0,0,0,0,1023,0,0,0,0,0,32,0,0,1023,0,0,20,1,1,0,0.0,0.0,0.0,0.0,0.0,0.0,straight_run,3.8322582244873047,0.12547093629837036,-0.003431378398090601,0.25108885765075684,-0.06234219670295715,17.44571304321289,0.5106674432754517
0.5260744985673352,0.0,0.0,0.5,289,1785353069.743723,0.3283458352088928,-0.06591582298278809,0.49850013852119446,3.5050673484802246,5,6818,51,0,0,0.001917805871926248,0,0,1.0,0.0,0,21,0,1,0,0.0,0,0,0,0,0,0,1023,0,0,0,0,0,0,0,0,1023,0,0,21,0,0,0,0.0,0.0,0.0,0.0,0.0,0.0,straight_run,3.8322582244873047,0.12540894746780396,-0.017496071755886078,0.2565239667892456,-0.07070821523666382,15.036255836486816,0.5123018026351929
0.529512893982808,0.0,0.0,0.5,289,1785353069.7670028,0.3283458352088928,-0.06591582298278809,0.49850013852119446,3.5050673484802246,5,6818,51,0,0,0.001917805871926248,0,0,1.0,0.0,0,21,0,1,0,0.0,0,0,0,0,0,0,1023,0,0,0,0,0,0,0,0,1023,0,0,21,0,0,0,0.0,0.0,0.0,0.0,0.0,0.0,straight_run,3.8322582244873047,0.12540894746780396,-0.017496071755886078,0.2565239667892456,-0.07070821523666382,15.036255836486816,0.5123018026351929
0.5329512893982807,0.0,0.0,0.5,289,1785353069.788608,0.32930243015289307,-0.06429658085107803,0.4984723627567291,5.8018975257873535,5,8421,91,0,0,0.001917805871926248,0,0,1.0,0.0,0,21,0,1,0,0.0,0,0,0,0,0,0,1023,0,0,0,0,0,0,0,0,1023,0,0,21,0,0,0,0.0,0.0,0.0,0.0,0.0,0.0,straight_run,3.8322582244873047,0.11993814259767532,-0.015948085114359856,0.25990158319473267,-0.07134838402271271,12.90048885345459,0.5123358964920044
0.5363896848137536,0.0,0.0,0.5,289,1785353069.811624,0.32930243015289307,-0.06429658085107803,0.4984723627567291,5.8018975257873535,5,8421,91,0,0,0.001917805871926248,0,0,1.0,0.0,0,21,0,1,0,0.0,0,0,0,0,0,0,1023,0,0,0,0,0,0,0,0,1023,0,0,21,0,0,0,0.0,0.0,0.0,0.0,0.0,0.0,straight_run,3.8322582244873047,0.11993814259767532,-0.015948085114359856,0.25990158319473267,-0.07134838402271271,12.90048885345459,0.5123358964920044
0.5398280802292263,0.0,0.0,0.5,289,1785353069.836685,0.33119118213653564,-0.07223261892795563,0.4984763264656067,5.116025924682617,5,7829,20,0,0,0.00199041492305696,0,0,1.0,0.0,0,22,0,1,0,0.0,0,0,0,0,0,0,1023,0,0,0,0,0,4,0,0,1023,0,0,22,1,1,0,0.0,0.0,0.0,0.0,0.0,0.0,straight_run,3.8322582244873047,0.11297120898962021,-0.019176919013261795,0.2628675401210785,-0.07604263722896576,11.07258129119873,0.5144171118736267
0.5432664756446991,0.0,0.0,0.5,289,1785353069.861801,0.33119118213653564,-0.07223261892795563,0.4984763264656067,5.116025924682617,5,7829,20,0,0,0.00199041492305696,0,0,1.0,0.0,0,22,0,1,0,0.0,0,0,0,0,0,0,1023,0,0,0,0,0,4,0,0,1023,0,0,22,1,1,0,0.0,0.0,0.0,0.0,0.0,0.0,straight_run,3.8322582244873047,0.11297120898962021,-0.019176919013261795,0.2628675401210785,-0.07604263722896576,11.07258129119873,0.5144171118736267
0.5467048710601718,0.0,0.0,0.5,289,1785353069.883787,0.33498504757881165,-0.07473479956388474,0.4984401762485504,7.391119956970215,5,7460,60,0,0,0.00199041492305696,0,0,1.0,0.0,0,22,0,1,0,0.0,0,0,0,0,0,0,1023,0,0,0,0,0,4,0,0,1023,0,0,22,1,1,0,0.0,0.0,0.0,0.0,0.0,0.0,straight_run,3.8322582244873047,0.11050121486186981,-0.025104068219661713,0.26822054386138916,-0.08339547365903854,9.568445205688477,0.5148527026176453
0.5501432664756447,0.0,0.0,0.5,289,1785353069.904642,0.33498504757881165,-0.07473479956388474,0.4984401762485504,7.391119956970215,5,7460,60,0,0,0.00199041492305696,0,0,1.0,0.0,0,22,0,1,0,0.0,0,0,0,0,0,0,1023,0,0,0,0,0,4,0,0,1023,0,0,22,1,1,0,0.0,0.0,0.0,0.0,0.0,0.0,straight_run,3.8322582244873047,0.11050121486186981,-0.025104068219661713,0.26822054386138916,-0.08339547365903854,9.568445205688477,0.5148527026176453
0.5535816618911175,0.0,0.0,0.5,289,1785353069.9297228,0.3354383409023285,-0.0751214325428009,0.49841591715812683,9.494099617004395,5,8551,120,0,0,0.00199041492305696,0,0,1.0,0.0,0,22,0,1,0,0.0,0,0,0,0,0,0,1023,0,0,0,0,0,4,0,0,1023,0,0,23,1,1,0,0.0,0.0,0.0,0.0,0.0,0.0,straight_run,3.8217010498046875,0.10632624477148056,-0.01943829096853733,0.2724335491657257,-0.0852166935801506,8.59136962890625,0.5136747360229492
0.5570200573065902,0.0,0.0,0.5,289,1785353069.952162,0.3354383409023285,-0.0751214325428009,0.49841591715812683,9.494099617004395,5,8551,120,0,0,0.00199041492305696,0,0,1.0,0.0,0,22,0,1,0,0.0,0,0,0,0,0,0,1023,0,0,0,0,0,4,0,0,1023,0,0,23,1,1,0,0.0,0.0,0.0,0.0,0.0,0.0,straight_run,3.8217010498046875,0.10632624477148056,-0.01943829096853733,0.2724335491657257,-0.0852166935801506,8.59136962890625,0.5136747360229492
0.5604584527220631,0.0,0.0,0.5,289,1785353069.976973,0.3354383409023285,-0.0751214325428009,0.49841591715812683,9.494099617004395,5,8551,36,0,0,0.001729304320178926,0,0,1.0,0.0,0,22,0,1,0,0.0,0,0,0,0,0,0,1023,0,0,0,0,0,4,0,0,1023,0,0,23,1,1,0,0.0,0.0,0.0,0.0,0.0,0.0,straight_run,3.8217010498046875,0.10264236479997635,-0.012772315181791782,0.2762647569179535,-0.08731280267238617,8.229776382446289,0.5144243836402893
0.5638968481375358,0.0,0.0,0.5,289,1785353069.9976242,0.34305503964424133,-0.07122215628623962,0.49843475222587585,13.545184135437012,5,7507,36,0,0,0.001729304320178926,0,0,1.0,0.0,0,22,0,1,0,0.0,0,0,0,0,0,0,1023,0,0,0,0,0,4,0,0,1023,0,0,23,1,1,0,0.0,0.0,0.0,0.0,0.0,0.0,straight_run,3.8217010498046875,0.10264236479997635,-0.012772315181791782,0.2762647569179535,-0.08731280267238617,8.229776382446289,0.5144243836402893
0.5673352435530086,0.0,0.0,0.5,289,1785353070.0216699,0.34305503964424133,-0.07122215628623962,0.49843475222587585,13.545184135437012,5,7507,36,0,0,0.001729304320178926,0,0,1.0,0.0,0,22,0,1,0,0.0,0,0,0,0,0,0,1023,0,0,0,0,0,4,0,0,1023,0,0,23,1,1,0,0.0,0.0,0.0,0.0,0.0,0.0,straight_run,3.8322582244873047,0.10264236479997635,-0.012772315181791782,0.2762647569179535,-0.08731280267238617,8.229776382446289,0.5144243836402893
0.5707736389684813,0.0,0.0,0.5,289,1785353070.0466108,0.34559476375579834,-0.07317173480987549,0.49844175577163696,15.341724395751953,5,7561,95,0,0,0.001729304320178926,0,0,1.0,0.0,0,23,0,1,0,0.0,0,0,0,0,0,0,1023,16,0,1,0,0,0,0,0,1023,0,0,23,2,1,0,0.0,0.0,0.0,0.0,0.0,0.0,straight_run,3.8322582244873047,0.10028233379125595,-0.008683317340910435,0.28007444739341736,-0.0915205106139183,8.44046688079834,0.5143454670906067
0.5742120343839541,0.0,0.0,0.5,289,1785353070.070744,0.34559476375579834,-0.07317173480987549,0.49844175577163696,15.341724395751953,5,7561,95,0,0,0.001729304320178926,0,0,1.0,0.0,0,23,0,1,0,0.0,0,0,0,0,0,0,1023,16,0,1,0,0,0,0,0,1023,0,0,23,2,1,0,0.0,0.0,0.0,0.0,0.0,0.0,straight_run,3.8322582244873047,0.10584322363138199,0.0031265791039913893,0.28816792368888855,-0.09164015203714371,9.105428695678711,0.5130877494812012
0.5776504297994269,0.0,0.0,0.5,289,1785353070.0928068,0.3580748736858368,-0.06848102062940598,0.49844875931739807,18.32926368713379,5,7472,18,0,0,0.0016415156424045563,0,0,1.0,0.0,0,23,0,1,0,0.0,0,0,0,0,0,0,1023,16,0,1,0,0,0,0,0,1023,0,0,23,2,1,0,0.0,0.0,0.0,0.0,0.0,0.0,straight_run,3.8322582244873047,0.10584322363138199,0.0031265791039913893,0.28816792368888855,-0.09164015203714371,9.105428695678711,0.5130877494812012
0.5810888252148997,0.0,0.0,0.5,289,1785353070.114589,0.3580748736858368,-0.06848102062940598,0.49844875931739807,18.32926368713379,5,7472,18,0,0,0.0016415156424045563,0,0,1.0,0.0,0,23,0,1,0,0.0,0,0,0,0,0,0,1023,16,0,1,0,0,0,0,0,1023,0,0,23,2,1,0,0.0,0.0,0.0,0.0,0.0,0.0,straight_run,3.8322582244873047,0.10584322363138199,0.0031265791039913893,0.28816792368888855,-0.09164015203714371,9.105428695678711,0.5130877494812012
0.5845272206303725,0.0,0.0,0.5,289,1785353070.135634,0.3604153096675873,-0.06715036183595657,0.4984569847583771,19.49297332763672,5,6623,78,0,0,0.0016415156424045563,0,0,1.0,0.0,0,24,0,1,0,0.0,0,0,0,0,0,0,1023,0,0,0,0,0,0,0,0,1023,0,0,24,0,0,0,0.0,0.0,0.0,0.0,0.0,0.0,straight_run,3.826979637145996,0.10286230593919754,0.013530206866562366,0.29053348302841187,-0.09212644398212433,10.105550765991211,0.5124298930168152
0.5879656160458453,0.0,0.0,0.5,289,1785353070.156608,0.3604153096675873,-0.06715036183595657,0.4984569847583771,19.49297332763672,5,6623,78,0,0,0.0016415156424045563,0,0,1.0,0.0,0,24,0,1,0,0.0,0,0,0,0,0,0,1023,0,0,0,0,0,0,0,0,1023,0,0,24,0,0,0,0.0,0.0,0.0,0.0,0.0,0.0,straight_run,3.826979637145996,0.10286230593919754,0.013530206866562366,0.29053348302841187,-0.09212644398212433,10.105550765991211,0.5124298930168152
0.591404011461318,0.0,0.0,0.5,289,1785353070.178614,0.3604153096675873,-0.06715036183595657,0.4984569847583771,19.49297332763672,5,6623,118,0,0,0.0016415156424045563,0,0,1.0,0.0,0,24,0,1,0,0.0,0,0,0,0,0,0,1023,0,0,0,0,0,0,0,0,1023,0,0,24,0,0,0,0.0,0.0,0.0,0.0,0.0,0.0,straight_run,3.826979637145996,0.106771320104599,0.024816244840621948,0.29543372988700867,-0.09087510406970978,11.391618728637695,0.5141350626945496
0.5948424068767908,0.0,0.0,0.5,289,1785353070.203694,0.3716733455657959,-0.062498580664396286,0.49849262833595276,20.41535758972168,5,7884,118,0,0,0.0016415156424045563,0,0,1.0,0.0,0,24,0,1,0,0.0,0,0,0,0,0,0,1023,0,0,0,0,0,0,0,0,1023,0,0,24,0,0,0,0.0,0.0,0.0,0.0,0.0,0.0,straight_run,3.826979637145996,0.106771320104599,0.024816244840621948,0.29543372988700867,-0.09087510406970978,11.391618728637695,0.5141350626945496
0.5982808022922635,0.0,0.0,0.5,289,1785353070.2275782,0.37613677978515625,-0.05883366987109184,0.49851149320602417,21.31424903869629,5,7236,58,0,0,0.0018211026908829808,0,0,1.0,0.0,0,24,0,1,0,0.0,0,0,0,0,0,0,1023,0,0,0,0,0,0,0,0,1023,0,0,24,0,0,0,0.0,0.0,0.0,0.0,0.0,0.0,straight_run,3.8322582244873047,0.10860384255647659,0.031760990619659424,0.29804569482803345,-0.0911153107881546,12.752861976623535,0.5161897540092468
0.6017191977077364,0.0,0.0,0.5,289,1785353070.252667,0.37613677978515625,-0.05883366987109184,0.49851149320602417,21.31424903869629,5,7236,58,0,0,0.0018211026908829808,0,0,1.0,0.0,0,25,0,1,0,0.0,0,0,0,0,0,0,1023,0,0,0,0,0,0,0,0,1023,0,0,25,0,0,0,0.0,0.0,0.0,0.0,0.0,0.0,straight_run,3.8322582244873047,0.10860384255647659,0.031760990619659424,0.29804569482803345,-0.0911153107881546,12.752861976623535,0.5161897540092468
0.6051575931232092,0.0,0.0,0.5,289,1785353070.2777228,0.37613677978515625,-0.05883366987109184,0.49851149320602417,21.31424903869629,5,7236,98,0,0,0.0018211026908829808,0,0,1.0,0.0,0,25,0,1,0,0.0,0,0,0,0,0,0,1023,0,0,0,0,0,0,0,0,1023,0,0,25,0,0,0,0.0,0.0,0.0,0.0,0.0,0.0,straight_run,3.8322582244873047,0.1191064864397049,0.05157773196697235,0.3056386411190033,-0.08278124034404755,14.07059097290039,0.5183308124542236
0.6085959885386819,0.0,0.0,0.5,289,1785353070.3020852,0.38836610317230225,-0.0483296662569046,0.4985097646713257,22.609121322631836,5,7474,98,0,0,0.0018211026908829808,0,0,1.0,0.0,0,25,0,1,0,0.0,0,0,0,0,0,0,1023,0,0,0,0,0,0,0,0,1023,0,0,25,0,0,0,0.0,0.0,0.0,0.0,0.0,0.0,straight_run,3.8322582244873047,0.1191064864397049,0.05157773196697235,0.3056386411190033,-0.08278124034404755,14.07059097290039,0.5183308124542236
0.6120343839541547,0.0,0.0,0.5,289,1785353070.326756,0.40012162923812866,-0.04341014847159386,0.4984893500804901,22.1461124420166,5,7492,21,0,0,0.0019293577643111348,0,0,1.0,0.0,0,26,0,1,0,0.0,0,0,0,0,0,0,1023,0,0,0,0,0,0,0,0,1023,0,0,25,0,0,0,0.0,0.0,0.0,0.0,0.0,0.0,straight_run,3.8322582244873047,0.13181081414222717,0.06235240027308464,0.31429433822631836,-0.07825782895088196,15.3753662109375,0.5196724534034729
0.6154727793696274,0.0,0.0,0.5,289,1785353070.3486972,0.40012162923812866,-0.04341014847159386,0.4984893500804901,22.1461124420166,5,7492,21,0,0,0.0019293577643111348,0,0,1.0,0.0,0,26,0,1,0,0.0,0,0,0,0,0,0,1023,0,0,0,0,0,0,0,0,1023,0,0,26,0,0,0,0.0,0.0,0.0,0.0,0.0,0.0,straight_run,3.8322582244873047,0.13181081414222717,0.06235240027308464,0.31429433822631836,-0.07825782895088196,15.3753662109375,0.5196724534034729
0.6189111747851003,0.0,0.0,0.5,289,1785353070.3742259,0.40012162923812866,-0.04341014847159386,0.4984893500804901,22.1461124420166,5,7492,61,0,0,0.0019293577643111348,0,0,1.0,0.0,0,26,0,1,0,0.0,0,0,0,0,0,0,1023,0,0,0,0,0,0,0,0,1023,0,0,26,0,0,0,0.0,0.0,0.0,0.0,0.0,0.0,straight_run,3.8322582244873047,0.1402917355298996,0.06369192898273468,0.32061752676963806,-0.07789088040590286,16.615947723388672,0.5206036567687988
0.622349570200573,0.0,0.0,0.5,289,1785353070.394641,0.41038572788238525,-0.04266756400465965,0.4984455406665802,21.42408561706543,5,6636,61,0,0,0.0019293577643111348,0,0,1.0,0.0,0,26,0,1,0,0.0,0,0,0,0,0,0,1023,0,0,0,0,0,0,0,0,1023,0,0,26,0,0,0,0.0,0.0,0.0,0.0,0.0,0.0,straight_run,3.8322582244873047,0.1402917355298996,0.06369192898273468,0.32061752676963806,-0.07789088040590286,16.615947723388672,0.5206036567687988
0.6257879656160458,0.0,0.0,0.5,289,1785353070.416607,0.41038572788238525,-0.04266756400465965,0.4984455406665802,21.42408561706543,5,6636,61,0,0,0.0019293577643111348,0,0,1.0,0.0,0,26,0,1,0,0.0,0,0,0,0,0,0,1023,0,0,0,0,0,0,0,0,1023,0,0,26,0,0,0,0.0,0.0,0.0,0.0,0.0,0.0,straight_run,3.8322582244873047,0.1402917355298996,0.06369192898273468,0.32061752676963806,-0.07789088040590286,16.615947723388672,0.5206036567687988
0.6292263610315185,0.0,0.0,0.5,289,1785353070.438425,0.4219086170196533,-0.041820842772722244,0.49842560291290283,20.747949600219727,5,7465,121,0,0,0.0019293577643111348,0,0,1.0,0.0,0,26,0,1,0,0.0,0,0,0,0,0,0,1023,0,0,0,0,0,0,0,0,1023,0,0,26,0,0,0,0.0,0.0,0.0,0.0,0.0,0.0,straight_run,3.8322582244873047,0.15159225463867188,0.06751962006092072,0.3295045495033264,-0.07564230263233185,17.599239349365234,0.5215874314308167
0.6326647564469913,0.0,0.0,0.5,289,1785353070.462338,0.4219086170196533,-0.041820842772722244,0.49842560291290283,20.747949600219727,5,7465,121,0,0,0.0019293577643111348,0,0,1.0,0.0,0,26,0,1,0,0.0,0,0,0,0,0,0,1023,0,0,0,0,0,0,0,0,1023,0,0,26,0,0,0,0.0,0.0,0.0,0.0,0.0,0.0,straight_run,3.8322582244873047,0.15159225463867188,0.06751962006092072,0.3295045495033264,-0.07564230263233185,17.599239349365234,0.5215874314308167
0.6361031518624642,0.0,0.0,0.5,289,1785353070.48353,0.42925286293029785,-0.03752351179718971,0.4983977675437927,20.83719253540039,5,7795,10,0,0,0.002546391449868679,0,0,1.0,0.0,0,26,0,1,0,0.0,0,0,0,0,0,0,1023,0,0,0,0,0,0,0,0,1023,0,0,26,0,0,0,0.0,0.0,0.0,0.0,0.0,0.0,straight_run,3.8322582244873047,0.1588856279850006,0.07157084345817566,0.3365098834037781,-0.07282277941703796,18.368501663208008,0.5198884606361389
0.639541547277937,0.0,0.0,0.5,289,1785353070.504618,0.42925286293029785,-0.03752351179718971,0.4983977675437927,20.83719253540039,5,7795,10,0,0,0.002546391449868679,0,0,1.0,0.0,0,26,0,1,0,0.0,0,0,0,0,0,0,1023,0,0,0,0,0,0,0,0,1023,0,0,26,0,0,0,0.0,0.0,0.0,0.0,0.0,0.0,straight_run,3.8322582244873047,0.1588856279850006,0.07157084345817566,0.3365098834037781,-0.07282277941703796,18.368501663208008,0.5198884606361389
0.6429799426934097,0.0,0.0,0.5,289,1785353070.529014,0.4370729625225067,-0.03858198598027229,0.49840548634529114,20.237546920776367,5,7474,70,0,0,0.002546391449868679,0,0,1.0,0.0,0,27,0,1,0,0.0,0,0,0,0,0,0,1023,4,0,0,0,0,16,0,0,1023,0,0,27,2,1,0,0.0,0.0,0.0,0.0,0.0,0.0,straight_run,3.8322582244873047,0.16617698967456818,0.06725911051034927,0.34440165758132935,-0.07449167966842651,18.888914108276367,0.5207108855247498
0.6464183381088825,0.0,0.0,0.5,289,1785353070.551893,0.4370729625225067,-0.03858198598027229,0.49840548634529114,20.237546920776367,5,7474,70,0,0,0.002546391449868679,0,0,1.0,0.0,0,27,0,1,0,0.0,0,0,0,0,0,0,1023,4,0,0,0,0,16,0,0,1023,0,0,27,2,1,0,0.0,0.0,0.0,0.0,0.0,0.0,straight_run,3.8322582244873047,0.16617698967456818,0.06725911051034927,0.34440165758132935,-0.07449167966842651,18.888914108276367,0.5207108855247498
0.6498567335243554,0.0,0.0,0.5,289,1785353070.572618,0.4370729625225067,-0.03858198598027229,0.49840548634529114,20.237546920776367,5,7474,110,0,0,0.002546391449868679,0,0,1.0,0.0,0,27,0,1,0,0.0,0,0,0,0,0,0,1023,4,0,0,0,0,16,0,0,1023,0,0,27,2,1,0,0.0,0.0,0.0,0.0,0.0,0.0,straight_run,3.8322582244873047,0.16953112185001373,0.06926793605089188,0.3507504463195801,-0.07241270691156387,19.335487365722656,0.5213417410850525
0.6532951289398281,0.0,0.0,0.5,289,1785353070.5956511,0.4452894628047943,-0.03583019599318504,0.4984034597873688,20.274471282958984,5,8551,110,0,0,0.002546391449868679,0,0,1.0,0.0,0,27,0,1,0,0.0,0,0,0,0,0,0,1023,4,0,0,0,0,16,0,0,1023,0,0,27,2,1,0,0.0,0.0,0.0,0.0,0.0,0.0,straight_run,3.8322582244873047,0.16953112185001373,0.06926793605089188,0.3507504463195801,-0.07241270691156387,19.335487365722656,0.5213417410850525
0.6567335243553009,0.0,0.0,0.5,289,1785353070.620615,0.4452894628047943,-0.03583019599318504,0.4984034597873688,20.274471282958984,5,8551,110,0,0,0.002546391449868679,0,0,1.0,0.0,0,27,0,1,0,0.0,0,0,0,0,0,0,1023,4,0,0,0,0,16,0,0,1023,0,0,27,2,1,0,0.0,0.0,0.0,0.0,0.0,0.0,straight_run,3.8322582244873047,0.16953112185001373,0.06926793605089188,0.3507504463195801,-0.07241270691156387,19.335487365722656,0.5213417410850525
0.6601719197707736,0.0,0.0,0.5,289,1785353070.641959,0.4523889422416687,-0.04027564451098442,0.4983978271484375,19.300365447998047,5,6936,51,0,0,0.0027480123098939657,0,0,1.0,0.0,0,28,0,1,0,0.0,0,0,0,0,0,0,1023,0,0,0,128,0,0,0,0,1023,0,0,28,1,1,0,0.0,0.0,0.0,0.0,0.0,0.0,straight_run,3.8322582244873047,0.1723659336566925,0.06585028767585754,0.35735905170440674,-0.07348567992448807,19.59668731689453,0.5223146080970764
0.6636103151862464,0.0,0.0,0.5,289,1785353070.665547,0.4523889422416687,-0.04027564451098442,0.4983978271484375,19.300365447998047,5,6936,51,0,0,0.0027480123098939657,0,0,1.0,0.0,0,28,0,1,0,0.0,0,0,0,0,0,0,1023,0,0,0,128,0,0,0,0,1023,0,0,28,1,1,0,0.0,0.0,0.0,0.0,0.0,0.0,straight_run,3.8322582244873047,0.1723659336566925,0.06585028767585754,0.35735905170440674,-0.07348567992448807,19.59668731689453,0.5223146080970764
0.6670487106017192,0.0,0.0,0.5,289,1785353070.687517,0.46351563930511475,-0.03575027734041214,0.4983993172645569,19.560510635375977,5,8642,91,0,0,0.0027480123098939657,0,0,1.0,0.0,0,28,0,1,0,0.0,0,0,0,0,0,0,1023,0,0,0,128,0,0,0,0,1023,0,0,28,1,1,0,0.0,0.0,0.0,0.0,0.0,0.0,straight_run,3.8322582244873047,0.1764070689678192,0.06924787163734436,0.3653271794319153,-0.07063738256692886,19.718299865722656,0.5219764113426208
0.670487106017192,0.0,0.0,0.5,289,1785353070.711324,0.46351563930511475,-0.03575027734041214,0.4983993172645569,19.560510635375977,5,8642,91,0,0,0.0027480123098939657,0,0,1.0,0.0,0,28,0,1,0,0.0,0,0,0,0,0,0,1023,0,0,0,128,0,0,0,0,1023,0,0,28,1,1,0,0.0,0.0,0.0,0.0,0.0,0.0,straight_run,3.8322582244873047,0.1764070689678192,0.06924787163734436,0.3653271794319153,-0.07063738256692886,19.718299865722656,0.5219764113426208
0.6739255014326647,0.0,0.0,0.5,289,1785353070.7315981,0.4681897461414337,-0.03410070016980171,0.49839261174201965,19.87270164489746,5,8314,22,0,0,0.002628020942211151,0,0,1.0,0.0,0,29,0,1,0,0.0,0,0,0,0,0,0,1023,0,0,0,0,0,256,0,0,1023,0,0,29,1,1,0,0.0,0.0,0.0,0.0,0.0,0.0,straight_run,3.826979637145996,0.178046315908432,0.06602287292480469,0.3723224997520447,-0.07154157757759094,19.65884017944336,0.5219748020172119
0.6773638968481375,0.0,0.0,0.5,289,1785353070.752728,0.4681897461414337,-0.03410070016980171,0.49839261174201965,19.87270164489746,5,8314,22,0,0,0.002628020942211151,0,0,1.0,0.0,0,29,0,1,0,0.0,0,0,0,0,0,0,1023,0,0,0,0,0,256,0,0,1023,0,0,29,1,1,0,0.0,0.0,0.0,0.0,0.0,0.0,straight_run,3.826979637145996,0.178046315908432,0.06602287292480469,0.3723224997520447,-0.07154157757759094,19.65884017944336,0.5219748020172119
0.6808022922636102,0.0,0.0,0.5,289,1785353070.77336,0.4681897461414337,-0.03410070016980171,0.49839261174201965,19.87270164489746,5,8314,62,0,0,0.002628020942211151,0,0,1.0,0.0,0,29,0,1,0,0.0,0,0,0,0,0,0,1023,0,0,0,0,0,256,0,0,1023,0,0,29,1,1,0,0.0,0.0,0.0,0.0,0.0,0.0,straight_run,3.826979637145996,0.1824941486120224,0.06865032762289047,0.38164547085762024,-0.06903370469808578,19.702884674072266,0.5218825340270996
0.6842406876790831,0.0,0.0,0.5,289,1785353070.798421,0.4798184633255005,-0.03436150401830673,0.4983850419521332,19.451921463012695,5,8627,62,0,0,0.002628020942211151,0,0,1.0,0.0,0,29,0,1,0,0.0,0,0,0,0,0,0,1023,0,0,0,0,0,256,0,0,1023,0,0,29,1,1,0,0.0,0.0,0.0,0.0,0.0,0.0,straight_run,3.826979637145996,0.1824941486120224,0.06865032762289047,0.38164547085762024,-0.06903370469808578,19.702884674072266,0.5218825340270996
0.6876790830945558,0.0,0.0,0.5,289,1785353070.8223732,0.4798184633255005,-0.03436150401830673,0.4983850419521332,19.451921463012695,5,8627,62,0,0,0.002628020942211151,0,0,1.0,0.0,0,29,0,1,0,0.0,0,0,0,0,0,0,1023,0,0,0,0,0,256,0,0,1023,0,0,29,1,1,0,0.0,0.0,0.0,0.0,0.0,0.0,straight_run,3.8217010498046875,0.1834516078233719,0.07252480834722519,0.3897562026977539,-0.06580539792776108,19.687223434448242,0.5204784274101257
0.6911174785100286,0.0,0.0,0.5,289,1785353070.84602,0.4851488471031189,-0.0306173637509346,0.4983763098716736,20.290874481201172,5,7690,21,0,0,0.0026771491393446922,0,0,1.0,0.0,0,30,0,1,0,0.0,0,0,0,0,0,0,1023,0,0,0,0,0,0,0,0,1023,0,0,30,0,0,0,0.0,0.0,0.0,0.0,0.0,0.0,straight_run,3.8217010498046875,0.1834516078233719,0.07252480834722519,0.3897562026977539,-0.06580539792776108,19.687223434448242,0.5204784274101257
0.6945558739255013,0.0,0.0,0.5,289,1785353070.868831,0.4851488471031189,-0.0306173637509346,0.4983763098716736,20.290874481201172,5,7690,21,0,0,0.0026771491393446922,0,0,1.0,0.0,0,30,0,1,0,0.0,0,0,0,0,0,0,1023,0,0,0,0,0,0,0,0,1023,0,0,30,0,0,0,0.0,0.0,0.0,0.0,0.0,0.0,straight_run,3.8217010498046875,0.1834516078233719,0.07252480834722519,0.3897562026977539,-0.06580539792776108,19.687223434448242,0.5204784274101257
0.6979942693409741,0.0,0.0,0.5,289,1785353070.891642,0.4923933744430542,-0.02328646555542946,0.498390257358551,21.982723236083984,5,7543,61,0,0,0.0026771491393446922,0,0,1.0,0.0,0,30,0,1,0,0.0,0,0,0,0,0,0,1023,0,0,0,0,0,0,0,0,1023,0,0,30,0,0,0,0.0,0.0,0.0,0.0,0.0,0.0,straight_run,3.8217010498046875,0.1817883849143982,0.07856052368879318,0.39735493063926697,-0.06165115907788277,19.852062225341797,0.5204141736030579
0.701432664756447,0.0,0.0,0.5,289,1785353070.915978,0.4923933744430542,-0.02328646555542946,0.498390257358551,21.982723236083984,5,7543,61,0,0,0.0026771491393446922,0,0,1.0,0.0,0,30,0,1,0,0.0,0,0,0,0,0,0,1023,0,0,0,0,0,0,0,0,1023,0,0,30,0,0,0,0.0,0.0,0.0,0.0,0.0,0.0,straight_run,3.8217010498046875,0.1817883849143982,0.07856052368879318,0.39735493063926697,-0.06165115907788277,19.852062225341797,0.5204141736030579
0.7048710601719198,0.0,0.0,0.5,289,1785353070.9376059,0.6016854643821716,-0.02335743047297001,0.502560019493103,11.755704879760742,5,11212,22,1,1,1.0,1,20,1.0,0.0,24,31,-1,1,1,80.0,-1,1,5,6,4,5,1023,0,0,0,32,0,32,0,0,1023,0,0,31,2,1,0,0.3519493043422699,-0.935936689376831,0.0124201076105237,0.2048283815383911,80.0,72.0,straight_run,3.8217010498046875,0.18231895565986633,0.07959415018558502,0.40686190128326416,-0.060721103101968765,20.053424835205078,0.5204797983169556
0.7083094555873926,0.0,0.0,0.5,289,1785353070.962615,0.6016854643821716,-0.02335743047297001,0.502560019493103,11.755704879760742,5,11212,22,1,1,1.0,1,20,1.0,0.0,24,31,-1,1,1,80.0,-1,1,5,6,4,5,1023,0,0,0,32,0,32,0,0,1023,0,0,31,2,1,0,0.3519493043422699,-0.935936689376831,0.0124201076105237,0.2048283815383911,80.0,72.0,straight_run,3.8217010498046875,0.18231895565986633,0.07959415018558502,0.40686190128326416,-0.060721103101968765,20.053424835205078,0.5204797983169556
0.7117478510028653,0.0,0.0,0.5,289,1785353070.984684,0.6092316508293152,-0.016421901062130928,0.5027167201042175,11.240259170532227,5,9860,62,1,1,1.0,1,60,1.0,0.0,24,31,-1,1,1,80.0,-1,1,5,6,4,5,1023,0,0,0,32,0,32,0,0,1023,0,0,31,2,1,0,0.3519493043422699,-0.935936689376831,0.0124201076105237,0.2048283815383911,80.0,72.0,straight_run,3.8217010498046875,0.18263155221939087,0.08889710903167725,0.415995329618454,-0.054802581667900085,19.240676879882812,0.5198236107826233
0.7151862464183382,0.0,0.0,0.5,289,1785353071.007809,0.6092316508293152,-0.016421901062130928,0.5027167201042175,11.240259170532227,5,9860,62,1,1,1.0,1,60,1.0,0.0,24,31,-1,1,1,80.0,-1,1,5,6,4,5,1023,0,0,0,32,0,32,0,0,1023,0,0,31,2,1,0,0.3519493043422699,-0.935936689376831,0.0124201076105237,0.2048283815383911,80.0,72.0,straight_run,3.8217010498046875,0.18263155221939087,0.08889710903167725,0.415995329618454,-0.054802581667900085,19.240676879882812,0.5198236107826233
0.7186246418338109,0.0,0.0,0.5,289,1785353071.028631,0.6077067255973816,-0.013391276821494102,0.5026414394378662,11.590007781982422,5,9403,122,1,1,1.0,1,120,1.0,0.0,24,31,-1,1,1,80.0,-1,1,5,6,4,5,1023,0,0,0,32,0,32,0,0,1023,0,0,31,2,1,0,0.3519493043422699,-0.935936689376831,0.0124201076105237,0.2048283815383911,80.0,72.0,straight_run,3.826979637145996,0.1895269900560379,0.09397895634174347,0.42205503582954407,-0.05090926215052605,18.18378257751465,0.5196137428283691
0.7220630372492837,0.0,0.0,0.5,289,1785353071.052737,0.6077067255973816,-0.013391276821494102,0.5026414394378662,11.590007781982422,5,9403,122,1,1,1.0,1,120,1.0,0.0,24,31,-1,1,1,80.0,-1,1,5,6,4,5,1023,0,0,0,32,0,32,0,0,1023,0,0,31,2,1,0,0.3519493043422699,-0.935936689376831,0.0124201076105237,0.2048283815383911,80.0,72.0,straight_run,3.826979637145996,0.1895269900560379,0.09397895634174347,0.42205503582954407,-0.05090926215052605,18.18378257751465,0.5196137428283691
0.7255014326647564,0.0,0.0,0.5,289,1785353071.0742369,0.6077067255973816,-0.013391276821494102,0.5026414394378662,11.590007781982422,5,9403,5,1,1,0.0030920812860131264,1,160,1.0,0.0,24,31,-1,1,1,80.0,-1,1,5,6,4,5,1023,0,0,0,32,0,32,0,0,1023,0,0,31,2,1,0,0.3519493043422699,-0.935936689376831,0.0124201076105237,0.2048283815383911,80.0,72.0,straight_run,3.826979637145996,0.2070016711950302,0.10715067386627197,0.4288860261440277,-0.04214378073811531,17.27039337158203,0.5218411087989807
0.7289398280802292,0.0,0.0,0.5,289,1785353071.0943842,0.6129662990570068,-0.00689775962382555,0.5021990537643433,10.839286804199219,5,10446,5,1,1,0.0030920812860131264,1,160,1.0,0.0,24,31,-1,1,0,0.0,0,0,0,0,0,0,1023,0,0,0,32,0,32,0,0,1023,0,0,31,2,1,0,0.3519493043422699,-0.935936689376831,0.0124201076105237,0.2048283815383911,80.0,72.0,straight_run,3.826979637145996,0.2070016711950302,0.10715067386627197,0.4288860261440277,-0.04214378073811531,17.27039337158203,0.5218411087989807
0.732378223495702,0.0,0.0,0.5,289,1785353071.114659,0.6129662990570068,-0.00689775962382555,0.5021990537643433,10.839286804199219,5,10446,5,1,1,0.0030920812860131264,1,160,1.0,0.0,24,31,-1,1,0,0.0,0,0,0,0,0,0,1023,0,0,0,32,0,32,0,0,1023,0,0,31,2,1,0,0.3519493043422699,-0.935936689376831,0.0124201076105237,0.2048283815383911,80.0,72.0,straight_run,3.826979637145996,0.2070016711950302,0.10715067386627197,0.4288860261440277,-0.04214378073811531,17.27039337158203,0.5218411087989807
0.7358166189111748,0.0,0.0,0.5,289,1785353071.138674,0.6185616254806519,-0.004517925437539816,0.5017778873443604,10.639540672302246,5,9730,64,1,1,0.0030920812860131264,1,220,1.0,0.0,24,32,-1,1,0,0.0,0,0,0,0,0,0,1023,0,0,0,0,0,0,0,0,1023,0,0,32,0,0,0,0.3519493043422699,-0.935936689376831,0.0124201076105237,0.2048283815383911,80.0,72.0,straight_run,3.8322582244873047,0.23088610172271729,0.11224368214607239,0.43746352195739746,-0.03685189411044121,16.371950149536133,0.5248215794563293
0.7392550143266475,0.0,0.0,0.5,289,1785353071.160154,0.6185616254806519,-0.004517925437539816,0.5017778873443604,10.639540672302246,5,9730,64,1,1,0.0030920812860131264,1,220,1.0,0.0,24,32,-1,1,0,0.0,0,0,0,0,0,0,1023,0,0,0,0,0,0,0,0,1023,0,0,32,0,0,0,0.3519493043422699,-0.935936689376831,0.0124201076105237,0.2048283815383911,80.0,72.0,straight_run,3.8322582244873047,0.23088610172271729,0.11224368214607239,0.43746352195739746,-0.03685189411044121,16.371950149536133,0.5248215794563293
0.7426934097421203,0.0,0.0,0.5,289,1785353071.1836102,0.6290132999420166,0.00041952909668907523,0.5018422603607178,11.193248748779297,5,9685,104,1,1,0.0030920812860131264,1,260,1.0,0.0,24,32,-1,1,0,0.0,0,0,0,0,0,0,1023,0,0,0,0,0,0,0,0,1023,0,0,32,0,0,0,0.3519493043422699,-0.935936689376831,0.0124201076105237,0.2048283815383911,80.0,72.0,straight_run,3.8322582244873047,0.25721898674964905,0.1071094423532486,0.4475550949573517,-0.03548794612288475,15.303730964660645,0.5248398780822754
0.746131805157593,0.0,0.0,0.5,289,1785353071.2086809,0.6290132999420166,0.00041952909668907523,0.5018422603607178,11.193248748779297,5,9685,104,1,1,0.0030920812860131264,1,260,1.0,0.0,24,32,-1,1,0,0.0,0,0,0,0,0,0,1023,0,0,0,0,0,0,0,0,1023,0,0,32,0,0,0,0.3519493043422699,-0.935936689376831,0.0124201076105237,0.2048283815383911,80.0,72.0,straight_run,3.8322582244873047,0.25721898674964905,0.1071094423532486,0.4475550949573517,-0.03548794612288475,15.303730964660645,0.5248398780822754
0.7495702005730659,0.0,0.0,0.5,289,1785353071.233748,0.6356816291809082,0.005779585801064968,0.501716136932373,12.005166053771973,5,11260,2,1,1,0.0041924575343728065,1,320,1.0,0.0,24,33,-1,1,0,0.0,0,0,0,0,0,0,1023,4,0,0,0,0,0,0,0,1023,0,0,33,1,1,0,0.3519493043422699,-0.935936689376831,0.0124201076105237,0.2048283815383911,80.0,72.0,straight_run,3.826979637145996,0.2921425998210907,0.10861055552959442,0.4645339250564575,-0.02867327816784382,14.211771965026855,0.5259993672370911
0.7530085959885386,0.0,0.0,0.5,289,1785353071.258604,0.6356816291809082,0.005779585801064968,0.501716136932373,12.005166053771973,5,11260,2,1,1,0.0041924575343728065,1,320,1.0,0.0,24,33,-1,1,0,0.0,0,0,0,0,0,0,1023,4,0,0,0,0,0,0,0,1023,0,0,33,1,1,0,0.3519493043422699,-0.935936689376831,0.0124201076105237,0.2048283815383911,80.0,72.0,straight_run,3.826979637145996,0.2921425998210907,0.10861055552959442,0.4645339250564575,-0.02867327816784382,14.211771965026855,0.5259993672370911
0.7564469914040114,0.0,0.0,0.5,289,1785353071.279766,0.6356816291809082,0.005779585801064968,0.501716136932373,12.005166053771973,5,11260,42,1,1,0.0041924575343728065,1,359,1.0,0.0,24,33,-1,1,0,0.0,0,0,0,0,0,0,1023,4,0,0,0,0,0,0,0,1023,0,0,33,1,1,0,0.3519493043422699,-0.935936689376831,0.0124201076105237,0.2048283815383911,80.0,72.0,straight_run,3.826979637145996,0.31761226058006287,0.10672721266746521,0.4783877432346344,-0.02221355400979519,13.251317977905273,0.52365642786026
0.7598853868194841,0.0,0.0,0.5,289,1785353071.302603,0.647657036781311,0.01547208707779646,0.5021259188652039,12.551462173461914,5,9819,42,1,1,0.0041924575343728065,1,359,1.0,0.0,24,33,-1,1,0,0.0,0,0,0,0,0,0,1023,4,0,0,0,0,0,0,0,1023,0,0,33,1,1,0,0.3519493043422699,-0.935936689376831,0.0124201076105237,0.2048283815383911,80.0,72.0,straight_run,3.826979637145996,0.31761226058006287,0.10672721266746521,0.4783877432346344,-0.02221355400979519,13.251317977905273,0.52365642786026
0.7633237822349569,0.0,0.0,0.5,289,1785353071.322908,0.647657036781311,0.01547208707779646,0.5021259188652039,12.551462173461914,5,9819,42,1,1,0.0041924575343728065,1,359,1.0,0.0,24,33,-1,1,0,0.0,0,0,0,0,0,0,1023,4,0,0,0,0,0,0,0,1023,0,0,33,1,1,0,0.3519493043422699,-0.935936689376831,0.0124201076105237,0.2048283815383911,80.0,72.0,straight_run,3.8217010498046875,0.3386424481868744,0.0965992659330368,0.493791788816452,-0.019208064302802086,12.506218910217285,0.5240546464920044
0.7667621776504299,0.0,0.0,0.5,289,1785353071.345674,0.65702223777771,0.020952042192220688,0.5020086169242859,13.727804183959961,5,9708,102,1,1,0.0041924575343728065,1,419,1.0,0.0,24,33,-1,1,0,0.0,0,0,0,0,0,0,1023,4,0,0,0,0,0,0,0,1023,0,0,33,1,1,0,0.3519493043422699,-0.935936689376831,0.0124201076105237,0.2048283815383911,80.0,72.0,straight_run,3.8217010498046875,0.3386424481868744,0.0965992659330368,0.493791788816452,-0.019208064302802086,12.506218910217285,0.5240546464920044
0.7702005730659026,0.0,0.0,0.5,289,1785353071.3695989,0.65702223777771,0.020952042192220688,0.5020086169242859,13.727804183959961,5,9708,102,1,1,0.0041924575343728065,1,419,1.0,0.0,24,33,-1,1,0,0.0,0,0,0,0,0,0,1023,4,0,0,0,0,0,0,0,1023,0,0,33,1,1,0,0.3519493043422699,-0.935936689376831,0.0124201076105237,0.2048283815383911,80.0,72.0,straight_run,3.8217010498046875,0.3386424481868744,0.0965992659330368,0.493791788816452,-0.019208064302802086,12.506218910217285,0.5240546464920044
0.7736389684813754,0.0,0.0,0.5,289,1785353071.3906,0.6685980558395386,0.031079748645424843,0.5025070905685425,17.025737762451172,5,10880,142,1,1,0.0041924575343728065,1,459,1.0,0.0,24,33,-1,1,0,0.0,0,0,0,0,0,0,1023,4,0,0,0,0,0,0,0,1023,0,0,33,1,1,0,0.3519493043422699,-0.935936689376831,0.0124201076105237,0.2048283815383911,80.0,72.0,straight_run,3.8217010498046875,0.3560238480567932,0.0844445675611496,0.5116408467292786,-0.016983995214104652,12.024949073791504,0.520656168460846
0.7770773638968481,0.0,0.0,0.5,289,1785353071.411814,0.6685980558395386,0.031079748645424843,0.5025070905685425,17.025737762451172,5,10880,142,1,1,0.0041924575343728065,1,459,1.0,0.0,24,33,-1,1,0,0.0,0,0,0,0,0,0,1023,4,0,0,0,0,0,0,0,1023,0,0,33,1,1,0,0.3519493043422699,-0.935936689376831,0.0124201076105237,0.2048283815383911,80.0,72.0,straight_run,3.8217010498046875,0.3560238480567932,0.0844445675611496,0.5116408467292786,-0.016983995214104652,12.024949073791504,0.520656168460846
0.780515759312321,0.0,0.0,0.5,289,1785353071.435949,0.6776174902915955,0.03869500756263733,0.5025252103805542,19.84634017944336,5,9786,46,1,1,0.0052535622380673885,1,519,1.0,0.0,24,34,-1,1,0,0.0,0,0,0,0,0,0,1023,0,0,0,0,0,0,0,0,1023,0,0,34,0,0,0,0.3519493043422699,-0.935936689376831,0.0124201076105237,0.2048283815383911,80.0,72.0,straight_run,3.8111438751220703,0.35859429836273193,0.07108417898416519,0.5257720351219177,-0.015612068586051464,11.87405014038086,0.5197901129722595
0.7839541547277937,0.0,0.0,0.5,289,1785353071.457639,0.6776174902915955,0.03869500756263733,0.5025252103805542,19.84634017944336,5,9786,46,1,1,0.0052535622380673885,1,519,1.0,0.0,24,34,-1,1,0,0.0,0,0,0,0,0,0,1023,0,0,0,0,0,0,0,0,1023,0,0,34,0,0,0,0.3519493043422699,-0.935936689376831,0.0124201076105237,0.2048283815383911,80.0,72.0,straight_run,3.8111438751220703,0.35859429836273193,0.07108417898416519,0.5257720351219177,-0.015612068586051464,11.87405014038086,0.5197901129722595
0.7873925501432665,0.0,0.0,0.5,289,1785353071.48057,0.6776174902915955,0.03869500756263733,0.5025252103805542,19.84634017944336,5,9786,86,1,1,0.0052535622380673885,1,559,1.0,0.0,24,34,-1,1,0,0.0,0,0,0,0,0,0,1023,0,0,0,0,0,0,0,0,1023,0,0,34,0,0,0,0.3519493043422699,-0.935936689376831,0.0124201076105237,0.2048283815383911,80.0,72.0,straight_run,3.8111438751220703,0.3625011444091797,0.054095420986413956,0.5447943806648254,-0.01690734177827835,12.214186668395996,0.519703209400177
0.7908309455587392,0.0,0.0,0.5,289,1785353071.501857,0.6883990168571472,0.051477912813425064,0.502366840839386,25.464025497436523,5,11002,86,1,1,0.0052535622380673885,1,559,1.0,0.0,24,34,-1,1,0,0.0,0,0,0,0,0,0,1023,0,0,0,0,0,0,0,0,1023,0,0,34,0,0,0,0.3519493043422699,-0.935936689376831,0.0124201076105237,0.2048283815383911,80.0,72.0,straight_run,3.8111438751220703,0.3625011444091797,0.054095420986413956,0.5447943806648254,-0.01690734177827835,12.214186668395996,0.519703209400177
0.794269340974212,0.0,0.0,0.5,289,1785353071.5257878,0.6883990168571472,0.051477912813425064,0.502366840839386,25.464025497436523,5,11002,40,1,1,0.004887151066213846,1,619,1.0,0.0,24,34,-1,1,0,0.0,0,0,0,0,0,0,1023,0,0,0,0,0,0,0,0,1023,0,0,34,0,0,0,0.3519493043422699,-0.935936689376831,0.0124201076105237,0.2048283815383911,80.0,72.0,straight_run,3.816422462463379,0.36209481954574585,0.04439743980765343,0.5645409226417542,-0.015507985837757587,13.132552146911621,0.5202838182449341
0.7977077363896848,0.0,0.0,0.5,289,1785353071.5465999,0.6952482461929321,0.06191013753414154,0.5021969676017761,28.77005386352539,5,9716,40,1,1,0.004887151066213846,1,619,1.0,0.0,24,35,-1,1,0,0.0,0,0,0,0,0,0,1023,0,0,0,136,0,0,0,0,1023,0,0,35,2,1,0,0.3519493043422699,-0.935936689376831,0.0124201076105237,0.2048283815383911,80.0,72.0,straight_run,3.816422462463379,0.36209481954574585,0.04439743980765343,0.5645409226417542,-0.015507985837757587,13.132552146911621,0.5202838182449341
0.8011461318051576,0.0,0.0,0.5,289,1785353071.567601,0.6952482461929321,0.06191013753414154,0.5021969676017761,28.77005386352539,5,9716,40,1,1,0.004887151066213846,1,619,1.0,0.0,24,35,-1,1,0,0.0,0,0,0,0,0,0,1023,0,0,0,136,0,0,0,0,1023,0,0,35,2,1,0,0.3519493043422699,-0.935936689376831,0.0124201076105237,0.2048283815383911,80.0,72.0,straight_run,3.816422462463379,0.36209481954574585,0.04439743980765343,0.5645409226417542,-0.015507985837757587,13.132552146911621,0.5202838182449341
0.8045845272206303,0.0,0.0,0.5,289,1785353071.590983,0.7031762003898621,0.07535794377326965,0.5019108653068542,37.21537399291992,5,10586,80,1,1,0.004887151066213846,1,659,1.0,0.0,24,35,-1,1,0,0.0,0,0,0,0,0,0,1023,0,0,0,136,0,0,0,0,1023,0,0,35,2,1,0,0.3519493043422699,-0.935936689376831,0.0124201076105237,0.2048283815383911,80.0,72.0,straight_run,3.816422462463379,0.3576240539550781,0.03551185876131058,0.5838587880134583,-0.015259379521012306,14.76148796081543,0.5211753845214844
0.8080229226361031,0.0,0.0,0.5,289,1785353071.615974,0.7031762003898621,0.07535794377326965,0.5019108653068542,37.21537399291992,5,10586,80,1,1,0.004887151066213846,1,659,1.0,0.0,24,35,-1,1,0,0.0,0,0,0,0,0,0,1023,0,0,0,136,0,0,0,0,1023,0,0,35,2,1,0,0.3519493043422699,-0.935936689376831,0.0124201076105237,0.2048283815383911,80.0,72.0,straight_run,3.816422462463379,0.3576240539550781,0.03551185876131058,0.5838587880134583,-0.015259379521012306,14.76148796081543,0.5211753845214844
0.8114613180515758,0.0,0.0,0.5,289,1785353071.6376472,0.7090608477592468,0.08385942131280899,0.5014921426773071,40.82443618774414,5,9847,40,1,1,0.0059490199200809,1,719,1.0,0.0,24,36,-1,1,0,0.0,0,0,0,0,0,0,1023,0,8,0,0,0,0,0,0,1023,0,0,36,1,1,0,0.3519493043422699,-0.935936689376831,0.0124201076105237,0.2048283815383911,80.0,72.0,straight_run,3.8058650493621826,0.34712275862693787,0.03353501483798027,0.6022096276283264,-0.014229852706193924,17.249099731445312,0.5237899422645569
0.8148997134670487,0.0,0.0,0.5,289,1785353071.662307,0.7090608477592468,0.08385942131280899,0.5014921426773071,40.82443618774414,5,9847,40,1,1,0.0059490199200809,1,719,1.0,0.0,24,36,-1,1,0,0.0,0,0,0,0,0,0,1023,0,8,0,0,0,0,0,0,1023,0,0,36,1,1,0,0.3519493043422699,-0.935936689376831,0.0124201076105237,0.2048283815383911,80.0,72.0,straight_run,3.8058650493621826,0.34712275862693787,0.03353501483798027,0.6022096276283264,-0.014229852706193924,17.249099731445312,0.5237899422645569
0.8183381088825215,0.0,0.0,0.5,289,1785353071.682594,0.7090608477592468,0.08385942131280899,0.5014921426773071,40.82443618774414,5,9847,80,1,1,0.0059490199200809,1,759,1.0,0.0,24,36,-1,1,0,0.0,0,0,0,0,0,0,1023,0,8,0,0,0,0,0,0,1023,0,0,36,1,1,0,0.3519493043422699,-0.935936689376831,0.0124201076105237,0.2048283815383911,80.0,72.0,straight_run,3.8058650493621826,0.3320768177509308,0.04211165010929108,0.6200448870658875,-0.011192305944859982,20.44574546813965,0.526930570602417
0.8217765042979942,0.0,0.0,0.5,289,1785353071.703607,0.7203791737556458,0.09370702505111694,0.5007690787315369,46.274227142333984,5,11532,80,1,1,0.0059490199200809,1,759,1.0,0.0,24,36,-1,1,0,0.0,0,0,0,0,0,0,1023,0,8,0,0,0,0,0,0,1023,0,0,36,1,1,0,0.3519493043422699,-0.935936689376831,0.0124201076105237,0.2048283815383911,80.0,72.0,straight_run,3.8058650493621826,0.3320768177509308,0.04211165010929108,0.6200448870658875,-0.011192305944859982,20.44574546813965,0.526930570602417
0.825214899713467,0.0,0.0,0.5,289,1785353071.725673,0.7203791737556458,0.09370702505111694,0.5007690787315369,46.274227142333984,5,11532,38,1,1,0.005486832931637764,1,819,1.0,0.0,24,36,-1,1,0,0.0,0,0,0,0,0,0,1023,0,8,0,0,0,0,0,0,1023,0,0,36,1,1,0,0.3519493043422699,-0.935936689376831,0.0124201076105237,0.2048283815383911,80.0,72.0,straight_run,3.816422462463379,0.31129083037376404,0.048393987119197845,0.6362583637237549,-0.012277835048735142,24.045486450195312,0.5323867797851562
0.8286532951289397,0.0,0.0,0.5,289,1785353071.750726,0.7281259894371033,0.09916293621063232,0.49975523352622986,50.88817596435547,5,9919,38,1,1,0.005486832931637764,1,819,1.0,0.0,24,37,-1,1,0,0.0,0,0,0,0,0,0,1023,0,0,0,0,0,0,0,0,1023,0,0,37,0,0,0,0.3519493043422699,-0.935936689376831,0.0124201076105237,0.2048283815383911,80.0,72.0,straight_run,3.816422462463379,0.31129083037376404,0.048393987119197845,0.6362583637237549,-0.012277835048735142,24.045486450195312,0.5323867797851562
0.8320916905444126,0.0,0.0,0.5,289,1785353071.771588,0.7281259894371033,0.09916293621063232,0.49975523352622986,50.88817596435547,5,9919,78,1,1,0.005486832931637764,1,859,1.0,0.0,24,37,-1,1,0,0.0,0,0,0,0,0,0,1023,0,0,0,0,0,0,0,0,1023,0,0,37,0,0,0,0.3519493043422699,-0.935936689376831,0.0124201076105237,0.2048283815383911,80.0,72.0,straight_run,3.816422462463379,0.2943617105484009,0.05853547528386116,0.6552289128303528,-0.013396522961556911,28.032634735107422,0.5363987684249878
0.8355300859598854,0.0,0.0,0.5,289,1785353071.7928,0.7346737384796143,0.10743506252765656,0.4983709454536438,57.130615234375,5,9850,78,1,1,0.005486832931637764,1,859,1.0,0.0,24,37,-1,1,0,0.0,0,0,0,0,0,0,1023,0,0,0,0,0,0,0,0,1023,0,0,37,0,0,0,0.3519493043422699,-0.935936689376831,0.0124201076105237,0.2048283815383911,80.0,72.0,straight_run,3.816422462463379,0.2943617105484009,0.05853547528386116,0.6552289128303528,-0.013396522961556911,28.032634735107422,0.5363987684249878
0.8389684813753582,0.0,0.0,0.5,289,1785353071.813504,0.7346737384796143,0.10743506252765656,0.4983709454536438,57.130615234375,5,9850,78,1,1,0.005486832931637764,1,859,1.0,0.0,24,37,-1,1,0,0.0,0,0,0,0,0,0,1023,0,0,0,0,0,0,0,0,1023,0,0,37,0,0,0,0.3519493043422699,-0.935936689376831,0.0124201076105237,0.2048283815383911,80.0,72.0,straight_run,3.816422462463379,0.2943617105484009,0.05853547528386116,0.6552289128303528,-0.013396522961556911,28.032634735107422,0.5363987684249878
0.8424068767908309,0.0,0.0,0.5,289,1785353071.838579,0.7403727173805237,0.11345543712377548,0.49638503789901733,60.76136016845703,5,11175,138,1,1,0.005486832931637764,1,919,1.0,0.0,24,37,-1,1,0,0.0,0,0,0,0,0,0,1023,0,0,0,0,0,0,0,0,1023,0,0,38,0,0,0,0.3519493043422699,-0.935936689376831,0.0124201076105237,0.2048283815383911,80.0,72.0,straight_run,3.8111438751220703,0.2776928246021271,0.07523257285356522,0.6738335490226746,-0.012361634522676468,32.46482849121094,0.5402123332023621
0.8458452722063038,0.0,0.0,0.5,289,1785353071.862605,0.7403727173805237,0.11345543712377548,0.49638503789901733,60.76136016845703,5,11175,138,1,1,0.005486832931637764,1,919,1.0,0.0,24,37,-1,1,0,0.0,0,0,0,0,0,0,1023,0,0,0,0,0,0,0,0,1023,0,0,38,0,0,0,0.3519493043422699,-0.935936689376831,0.0124201076105237,0.2048283815383911,80.0,72.0,straight_run,3.8111438751220703,0.2776928246021271,0.07523257285356522,0.6738335490226746,-0.012361634522676468,32.46482849121094,0.5402123332023621
0.8492836676217765,0.0,0.0,0.5,289,1785353071.8833869,0.7507081627845764,0.11754311621189117,0.49326521158218384,64.9701156616211,5,9693,35,1,1,0.004528074525296688,1,959,1.0,0.0,24,37,-1,1,0,0.0,0,0,0,0,0,0,1023,0,0,0,0,0,0,0,0,1023,0,0,38,0,0,0,0.3519493043422699,-0.935936689376831,0.0124201076105237,0.2048283815383911,80.0,72.0,straight_run,3.8111438751220703,0.25445041060447693,0.08513546735048294,0.6884258389472961,-0.01584010012447834,37.280887603759766,0.5401058793067932
0.8527220630372493,0.0,0.0,0.5,289,1785353071.9074612,0.7507081627845764,0.11754311621189117,0.49326521158218384,64.9701156616211,5,9693,35,1,1,0.004528074525296688,1,959,1.0,0.0,24,37,-1,1,0,0.0,0,0,0,0,0,0,1023,0,0,0,0,0,0,0,0,1023,0,0,38,0,0,0,0.3519493043422699,-0.935936689376831,0.0124201076105237,0.2048283815383911,80.0,72.0,straight_run,3.8111438751220703,0.25445041060447693,0.08513546735048294,0.6884258389472961,-0.01584010012447834,37.280887603759766,0.5401058793067932
0.856160458452722,0.0,0.0,0.5,289,1785353071.9297931,0.753456175327301,0.12143092602491379,0.490736722946167,66.0440444946289,5,10963,95,1,1,0.004528074525296688,1,1019,1.0,0.0,24,37,-1,1,0,0.0,0,0,0,0,0,0,1023,0,0,0,0,0,0,0,0,1023,0,0,38,0,0,0,0.3519493043422699,-0.935936689376831,0.0124201076105237,0.2048283815383911,80.0,72.0,straight_run,3.8058650493621826,0.2075473666191101,0.11178714781999588,0.6908885836601257,-0.01129995845258236,42.27372360229492,0.5411939024925232
0.8595988538681948,0.0,0.0,0.5,289,1785353071.954918,0.753456175327301,0.12143092602491379,0.490736722946167,66.0440444946289,5,10963,95,1,1,0.004528074525296688,1,1019,1.0,0.0,24,38,-1,1,0,0.0,0,0,0,0,0,0,1023,0,0,128,0,0,0,0,512,1023,0,0,38,2,1,0,0.3519493043422699,-0.935936689376831,0.0124201076105237,0.2048283815383911,80.0,72.0,straight_run,3.8058650493621826,0.2075473666191101,0.11178714781999588,0.6908885836601257,-0.01129995845258236,42.27372360229492,0.5411939024925232
0.8630372492836677,0.0,0.0,0.5,289,1785353071.979837,0.753456175327301,0.12143092602491379,0.490736722946167,66.0440444946289,5,10963,16,1,1,0.003945315256714821,1,1059,1.0,0.0,24,38,-1,1,0,0.0,0,0,0,0,0,0,1023,0,0,128,0,0,0,0,512,1023,0,0,38,2,1,0,0.3519493043422699,-0.935936689376831,0.0124201076105237,0.2048283815383911,80.0,72.0,straight_run,3.8058650493621826,0.1977737694978714,0.13225726783275604,0.7135123014450073,-0.010320928879082203,47.01622772216797,0.5411410927772522
0.8664756446991404,0.0,0.0,0.5,289,1785353072.004937,0.7647510766983032,0.12314603477716446,0.4870455861091614,68.99789428710938,5,9742,16,1,1,0.003945315256714821,1,1059,1.0,0.0,24,38,-1,1,0,0.0,0,0,0,0,0,0,1023,0,0,128,0,0,0,0,512,1023,0,0,38,2,1,0,0.3519493043422699,-0.935936689376831,0.0124201076105237,0.2048283815383911,80.0,72.0,straight_run,3.8058650493621826,0.1977737694978714,0.13225726783275604,0.7135123014450073,-0.010320928879082203,47.01622772216797,0.5411410927772522
0.8699140401146132,0.0,0.0,0.5,289,1785353072.02905,0.7692903280258179,0.12389682978391647,0.48541495203971863,69.30562591552734,5,9305,76,1,1,0.003945315256714821,1,1119,1.0,0.0,24,39,-1,1,0,0.0,0,0,0,0,0,0,1023,0,0,0,0,0,0,0,1,1023,0,0,39,1,1,0,0.3519493043422699,-0.935936689376831,0.0124201076105237,0.2048283815383911,80.0,72.0,straight_run,3.816422462463379,0.1625303030014038,0.15411914885044098,0.7203176021575928,-0.008611537516117096,51.49052810668945,0.5412503480911255
0.8733524355300859,0.0,0.0,0.5,289,1785353072.053617,0.7692903280258179,0.12389682978391647,0.48541495203971863,69.30562591552734,5,9305,76,1,1,0.003945315256714821,1,1119,1.0,0.0,24,39,-1,1,0,0.0,0,0,0,0,0,0,1023,0,0,0,0,0,0,0,1,1023,0,0,39,1,1,0,0.3519493043422699,-0.935936689376831,0.0124201076105237,0.2048283815383911,80.0,72.0,straight_run,3.816422462463379,0.1625303030014038,0.15411914885044098,0.7203176021575928,-0.008611537516117096,51.49052810668945,0.5412503480911255
0.8767908309455587,0.0,0.0,0.5,289,1785353072.0746,0.7692903280258179,0.12389682978391647,0.48541495203971863,69.30562591552734,5,9305,116,1,1,0.003945315256714821,1,1159,1.0,0.0,24,39,-1,1,0,0.0,0,0,0,0,0,0,1023,0,0,0,0,0,0,0,1,1023,0,0,39,1,1,0,0.3519493043422699,-0.935936689376831,0.0124201076105237,0.2048283815383911,80.0,72.0,straight_run,3.816422462463379,0.0948314294219017,0.15170137584209442,0.705207884311676,-0.01887093298137188,55.349205017089844,0.5417324304580688
0.8802292263610315,0.0,0.0,0.5,289,1785353072.0996659,0.7681559324264526,0.1208585873246193,0.4854705333709717,65.74846649169922,5,10996,116,1,1,0.003945315256714821,1,1159,1.0,0.0,24,39,-1,1,0,0.0,0,0,0,0,0,0,1023,0,0,0,0,0,0,0,1,1023,0,0,39,1,1,0,0.3519493043422699,-0.935936689376831,0.0124201076105237,0.2048283815383911,80.0,72.0,straight_run,3.816422462463379,0.0948314294219017,0.15170137584209442,0.705207884311676,-0.01887093298137188,55.349205017089844,0.5417324304580688
0.8836676217765043,0.0,0.0,0.5,289,1785353072.124589,0.7681559324264526,0.1208585873246193,0.4854705333709717,65.74846649169922,5,10996,58,1,1,0.002930087735876441,1,1219,1.0,0.0,24,39,-1,1,0,0.0,0,0,0,0,0,0,1023,0,0,0,0,0,0,0,1,1023,0,0,39,1,1,0,0.3519493043422699,-0.935936689376831,0.0124201076105237,0.2048283815383911,80.0,72.0,straight_run,3.8217010498046875,0.0784296840429306,0.17312151193618774,0.7117944955825806,-0.014866268262267113,58.255889892578125,0.5403303503990173
0.887106017191977,0.0,0.0,0.5,289,1785353072.149605,0.7722379565238953,0.12198745459318161,0.4872802197933197,65.59326934814453,5,10213,58,1,1,0.002930087735876441,1,1219,1.0,0.0,24,40,-1,1,0,0.0,0,0,0,0,0,0,1023,0,0,0,0,0,0,0,0,1023,0,0,40,0,0,0,0.3519493043422699,-0.935936689376831,0.0124201076105237,0.2048283815383911,80.0,72.0,straight_run,3.8217010498046875,0.0784296840429306,0.17312151193618774,0.7117944955825806,-0.014866268262267113,58.255889892578125,0.5403303503990173
0.8905444126074498,0.0,0.0,0.5,289,1785353072.170154,0.7722379565238953,0.12198745459318161,0.4872802197933197,65.59326934814453,5,10213,58,1,1,0.002930087735876441,1,1219,1.0,0.0,24,40,-1,1,0,0.0,0,0,0,0,0,0,1023,0,0,0,0,0,0,0,0,1023,0,0,40,0,0,0,0.3519493043422699,-0.935936689376831,0.0124201076105237,0.2048283815383911,80.0,72.0,straight_run,3.8217010498046875,0.0784296840429306,0.17312151193618774,0.7117944955825806,-0.014866268262267113,58.255889892578125,0.5403303503990173
0.8939828080229225,0.0,0.0,0.5,289,1785353072.194697,0.7760108113288879,0.12137267738580704,0.48848965764045715,62.80947494506836,5,11094,98,1,1,0.002930087735876441,1,1259,1.0,0.0,24,40,-1,1,0,0.0,0,0,0,0,0,0,1023,0,0,0,0,0,0,0,0,1023,0,0,40,0,0,0,0.3519493043422699,-0.935936689376831,0.0124201076105237,0.2048283815383911,80.0,72.0,straight_run,3.8217010498046875,0.0595913827419281,0.20681363344192505,0.7115047574043274,-0.004193618427962065,60.501060485839844,0.5388164520263672
0.8974212034383954,0.0,0.0,0.5,289,1785353072.2195961,0.7760108113288879,0.12137267738580704,0.48848965764045715,62.80947494506836,5,11094,98,1,1,0.002930087735876441,1,1259,1.0,0.0,24,40,-1,1,0,0.0,0,0,0,0,0,0,1023,0,0,0,0,0,0,0,0,1023,0,0,40,0,0,0,0.3519493043422699,-0.935936689376831,0.0124201076105237,0.2048283815383911,80.0,72.0,straight_run,3.8217010498046875,0.0595913827419281,0.20681363344192505,0.7115047574043274,-0.004193618427962065,60.501060485839844,0.5388164520263672
0.9008595988538682,0.0,0.0,0.5,289,1785353072.243677,0.7823720574378967,0.12178710103034973,0.4894813001155853,60.35227966308594,5,9791,43,1,1,0.0030750539153814316,1,1319,1.0,0.0,24,41,-1,1,0,0.0,0,0,0,0,0,0,1023,0,0,0,0,0,16,16,0,1023,0,0,41,2,2,0,0.3519493043422699,-0.935936689376831,0.0124201076105237,0.2048283815383911,80.0,72.0,straight_run,3.8217010498046875,0.06001627817749977,0.23669210076332092,0.7181939482688904,0.007196195889264345,62.0800895690918,0.5353769659996033
0.904297994269341,0.0,0.0,0.5,289,1785353072.265606,0.7823720574378967,0.12178710103034973,0.4894813001155853,60.35227966308594,5,9791,43,1,1,0.0030750539153814316,1,1319,1.0,0.0,24,41,-1,1,0,0.0,0,0,0,0,0,0,1023,0,0,0,0,0,16,16,0,1023,0,0,41,2,2,0,0.3519493043422699,-0.935936689376831,0.0124201076105237,0.2048283815383911,80.0,72.0,straight_run,3.8217010498046875,0.06001627817749977,0.23669210076332092,0.7181939482688904,0.007196195889264345,62.0800895690918,0.5353769659996033
0.9077363896848137,0.0,0.0,0.5,289,1785353072.2902138,0.7940208315849304,0.11925996094942093,0.4924658536911011,53.85965347290039,5,11365,83,1,1,0.0030750539153814316,1,1359,1.0,0.0,24,41,-1,1,0,0.0,0,0,0,0,0,0,1023,0,0,0,0,0,16,16,0,1023,0,0,41,2,2,0,0.3519493043422699,-0.935936689376831,0.0124201076105237,0.2048283815383911,80.0,72.0,straight_run,3.8217010498046875,0.06006347015500069,0.26002195477485657,0.7206947803497314,0.01885341666638851,62.589881896972656,0.5330860018730164
0.9111747851002865,0.0,0.0,0.5,289,1785353072.315294,0.7940208315849304,0.11925996094942093,0.4924658536911011,53.85965347290039,5,11365,83,1,1,0.0030750539153814316,1,1359,1.0,0.0,24,41,-1,1,0,0.0,0,0,0,0,0,0,1023,0,0,0,0,0,16,16,0,1023,0,0,41,2,2,0,0.3519493043422699,-0.935936689376831,0.0124201076105237,0.2048283815383911,80.0,72.0,straight_run,3.8217010498046875,0.06006347015500069,0.26002195477485657,0.7206947803497314,0.01885341666638851,62.589881896972656,0.5330860018730164
0.9146131805157593,0.0,0.0,0.5,289,1785353072.336133,0.8025946617126465,0.11956076323986053,0.4956400394439697,48.80604934692383,5,10462,30,1,1,0.0041763936169445515,1,1418,1.0,0.0,24,42,-1,1,0,0.0,0,0,0,0,0,0,1023,0,0,0,0,12,0,0,0,1023,0,0,42,2,2,0,0.3519493043422699,-0.935936689376831,0.0124201076105237,0.2048283815383911,80.0,72.0,straight_run,3.816422462463379,0.07220085710287094,0.27269914746284485,0.726352334022522,0.031023507937788963,61.902984619140625,0.5272055864334106
0.9180515759312321,0.0,0.0,0.5,289,1785353072.357715,0.8025946617126465,0.11956076323986053,0.4956400394439697,48.80604934692383,5,10462,30,1,1,0.0041763936169445515,1,1418,1.0,0.0,24,42,-1,1,0,0.0,0,0,0,0,0,0,1023,0,0,0,0,12,0,0,0,1023,0,0,42,2,2,0,0.3519493043422699,-0.935936689376831,0.0124201076105237,0.2048283815383911,80.0,72.0,straight_run,3.816422462463379,0.07220085710287094,0.27269914746284485,0.726352334022522,0.031023507937788963,61.902984619140625,0.5272055864334106
0.9214899713467049,0.0,0.0,0.5,289,1785353072.3827012,0.8025946617126465,0.11956076323986053,0.4956400394439697,48.80604934692383,5,10462,70,1,1,0.0041763936169445515,1,1458,1.0,0.0,24,42,-1,1,0,0.0,0,0,0,0,0,0,1023,0,0,0,0,12,0,0,0,1023,0,0,42,2,2,0,0.3519493043422699,-0.935936689376831,0.0124201076105237,0.2048283815383911,80.0,72.0,straight_run,3.816422462463379,0.09080719947814941,0.2825666666030884,0.734015703201294,0.04791276156902313,60.03507995605469,0.5235363245010376
0.9249283667621776,0.0,0.0,0.5,289,1785353072.403604,0.8217161893844604,0.11476355791091919,0.499630868434906,37.31691360473633,5,11302,70,1,1,0.0041763936169445515,1,1458,1.0,0.0,24,42,-1,1,0,0.0,0,0,0,0,0,0,1023,0,0,0,0,12,0,0,0,1023,0,0,42,2,2,0,0.3519493043422699,-0.935936689376831,0.0124201076105237,0.2048283815383911,80.0,72.0,straight_run,3.816422462463379,0.09080719947814941,0.2825666666030884,0.734015703201294,0.04791276156902313,60.03507995605469,0.5235363245010376
0.9283667621776504,0.0,0.0,0.5,289,1785353072.428659,0.835341215133667,0.11391223222017288,0.5026994347572327,30.666366577148438,5,11283,20,1,1,0.003990470431745052,1,1518,1.0,0.0,24,42,-1,1,0,0.0,0,0,0,0,0,0,1023,0,0,0,0,12,0,0,0,1023,0,0,42,2,2,0,0.3519493043422699,-0.935936689376831,0.0124201076105237,0.2048283815383911,80.0,72.0,straight_run,3.7953078746795654,0.10957126319408417,0.2725212275981903,0.7411448955535889,0.05995805189013481,56.76266098022461,0.5209962725639343
0.9318051575931232,0.0,0.0,0.5,289,1785353072.453846,0.835341215133667,0.11391223222017288,0.5026994347572327,30.666366577148438,5,11283,20,1,1,0.003990470431745052,1,1518,1.0,0.0,24,43,-1,1,0,0.0,0,0,0,0,0,0,1023,0,0,0,0,0,0,0,0,1023,0,0,43,0,0,0,0.3519493043422699,-0.935936689376831,0.0124201076105237,0.2048283815383911,80.0,72.0,straight_run,3.7953078746795654,0.10957126319408417,0.2725212275981903,0.7411448955535889,0.05995805189013481,56.76266098022461,0.5209962725639343
0.935243553008596,0.0,0.0,0.5,289,1785353072.478754,0.835341215133667,0.11391223222017288,0.5026994347572327,30.666366577148438,5,11283,60,1,1,0.003990470431745052,1,1558,1.0,0.0,24,43,-1,1,0,0.0,0,0,0,0,0,0,1023,0,0,0,0,0,0,0,0,1023,0,0,43,0,0,0,0.3519493043422699,-0.935936689376831,0.0124201076105237,0.2048283815383911,80.0,72.0,straight_run,3.7953078746795654,0.1316203773021698,0.2507719099521637,0.7495371103286743,0.07201500236988068,52.55323791503906,0.5182073712348938
0.9386819484240687,0.0,0.0,0.5,289,1785353072.502692,0.852253794670105,0.11303097754716873,0.5051197409629822,20.962820053100586,5,9934,60,1,1,0.003990470431745052,1,1558,1.0,0.0,24,43,-1,1,0,0.0,0,0,0,0,0,0,1023,0,0,0,0,0,0,0,0,1023,0,0,43,0,0,0,0.3519493043422699,-0.935936689376831,0.0124201076105237,0.2048283815383911,80.0,72.0,straight_run,3.7953078746795654,0.1316203773021698,0.2507719099521637,0.7495371103286743,0.07201500236988068,52.55323791503906,0.5182073712348938
0.9421203438395415,0.0,0.0,0.5,289,1785353072.523602,0.852253794670105,0.11303097754716873,0.5051197409629822,20.962820053100586,5,9934,60,1,1,0.003990470431745052,1,1558,1.0,0.0,24,43,-1,1,0,0.0,0,0,0,0,0,0,1023,0,0,0,0,0,0,0,0,1023,0,0,43,0,0,0,0.3519493043422699,-0.935936689376831,0.0124201076105237,0.2048283815383911,80.0,72.0,straight_run,3.7794721126556396,0.1536814272403717,0.22037620842456818,0.7605399489402771,0.08366578072309494,47.34951400756836,0.5180891156196594
0.9455587392550142,0.0,0.0,0.5,289,1785353072.5451388,0.8646571636199951,0.11062484234571457,0.5060494542121887,13.355987548828125,5,11389,8,1,1,0.00411577383056283,1,1619,1.0,0.0,24,44,-1,1,0,0.0,0,0,0,0,0,0,1023,0,0,0,0,0,0,0,0,1023,0,0,44,0,0,0,0.3519493043422699,-0.935936689376831,0.0124201076105237,0.2048283815383911,80.0,72.0,straight_run,3.7794721126556396,0.1536814272403717,0.22037620842456818,0.7605399489402771,0.08366578072309494,47.34951400756836,0.5180891156196594
0.9489971346704871,0.0,0.0,0.5,289,1785353072.566596,0.8646571636199951,0.11062484234571457,0.5060494542121887,13.355987548828125,5,11389,8,1,1,0.00411577383056283,1,1619,1.0,0.0,24,44,-1,1,0,0.0,0,0,0,0,0,0,1023,0,0,0,0,0,0,0,0,1023,0,0,44,0,0,0,0.3519493043422699,-0.935936689376831,0.0124201076105237,0.2048283815383911,80.0,72.0,straight_run,3.7794721126556396,0.1536814272403717,0.22037620842456818,0.7605399489402771,0.08366578072309494,47.34951400756836,0.5180891156196594
0.9524355300859598,0.0,0.0,0.5,289,1785353072.591599,0.882989227771759,0.10228867083787918,0.5062175989151001,5.275500774383545,5,9888,48,1,1,0.00411577383056283,1,1658,1.0,0.0,24,44,-1,1,0,0.0,0,0,0,0,0,0,1023,0,0,0,0,0,0,0,0,1023,0,0,44,0,0,0,0.3519493043422699,-0.935936689376831,0.0124201076105237,0.2048283815383911,80.0,72.0,straight_run,3.7794721126556396,0.17265485227108002,0.18347690999507904,0.7739548683166504,0.09222088009119034,41.17387008666992,0.5208544731140137
0.9558739255014326,0.0,0.0,0.5,289,1785353072.615982,0.882989227771759,0.10228867083787918,0.5062175989151001,5.275500774383545,5,9888,48,1,1,0.00411577383056283,1,1658,1.0,0.0,24,44,-1,1,0,0.0,0,0,0,0,0,0,1023,0,0,0,0,0,0,0,0,1023,0,0,44,0,0,0,0.3519493043422699,-0.935936689376831,0.0124201076105237,0.2048283815383911,80.0,72.0,straight_run,3.7794721126556396,0.17265485227108002,0.18347690999507904,0.7739548683166504,0.09222088009119034,41.17387008666992,0.5208544731140137
0.9593123209169053,0.0,0.0,0.5,289,1785353072.640602,0.8901085257530212,0.10199765861034393,0.5057382583618164,-2.1567282676696777,5,11293,108,1,1,0.00411577383056283,1,1718,1.0,0.0,24,44,-1,1,0,0.0,0,0,0,0,0,0,1023,0,0,0,0,0,0,0,0,1023,0,0,45,0,0,0,0.3519493043422699,-0.935936689376831,0.0124201076105237,0.2048283815383911,80.0,72.0,straight_run,3.8058650493621826,0.17237217724323273,0.1571958065032959,0.7792837023735046,0.10424567759037018,34.5825080871582,0.5238383412361145
0.9627507163323781,0.0,0.0,0.5,289,1785353072.665699,0.8901085257530212,0.10199765861034393,0.5057382583618164,-2.1567282676696777,5,11293,108,1,1,0.00411577383056283,1,1718,1.0,0.0,24,44,-1,1,0,0.0,0,0,0,0,0,0,1023,0,0,0,0,0,0,0,0,1023,0,0,45,0,0,0,0.3519493043422699,-0.935936689376831,0.0124201076105237,0.2048283815383911,80.0,72.0,straight_run,3.8058650493621826,0.17237217724323273,0.1571958065032959,0.7792837023735046,0.10424567759037018,34.5825080871582,0.5238383412361145
0.9661891117478509,0.0,0.0,0.5,289,1785353072.688576,0.9080425500869751,0.09872853010892868,0.5049827694892883,-7.343165874481201,5,9787,33,1,1,0.0037694936618208885,1,1758,1.0,0.0,24,44,-1,1,0,0.0,0,0,0,0,0,0,1023,0,0,0,0,0,0,0,0,1023,0,0,45,0,0,0,0.3519493043422699,-0.935936689376831,0.0124201076105237,0.2048283815383911,80.0,72.0,straight_run,3.8058650493621826,0.21300934255123138,0.1282050907611847,0.8054503202438354,0.11194946616888046,27.658496856689453,0.5278723239898682
0.9696275071633238,0.0,0.0,0.5,289,1785353072.7097259,0.9080425500869751,0.09872853010892868,0.5049827694892883,-7.343165874481201,5,9787,33,1,1,0.0037694936618208885,1,1758,1.0,0.0,24,44,-1,1,0,0.0,0,0,0,0,0,0,1023,0,0,0,0,0,0,0,0,1023,0,0,45,0,0,0,0.3519493043422699,-0.935936689376831,0.0124201076105237,0.2048283815383911,80.0,72.0,straight_run,3.8058650493621826,0.21300934255123138,0.1282050907611847,0.8054503202438354,0.11194946616888046,27.658496856689453,0.5278723239898682
0.9730659025787965,0.0,0.0,0.5,289,1785353072.7316182,0.9111694097518921,0.10259806364774704,0.504482626914978,-5.685874938964844,5,10978,93,1,1,0.0037694936618208885,1,1818,1.0,0.0,24,45,-1,1,0,0.0,0,0,0,0,0,0,1023,0,0,0,0,0,0,0,0,1023,0,0,46,0,0,0,0.3519493043422699,-0.935936689376831,0.0124201076105237,0.2048283815383911,80.0,72.0,straight_run,3.7953078746795654,0.22560319304466248,0.09992469102144241,0.8181048631668091,0.1183549016714096,20.647750854492188,0.5297465324401855
0.9765042979942693,0.0,0.0,0.5,289,1785353072.75559,0.9111694097518921,0.10259806364774704,0.504482626914978,-5.685874938964844,5,10978,93,1,1,0.0037694936618208885,1,1818,1.0,0.0,24,45,-1,1,0,0.0,0,0,0,0,0,0,1023,0,0,0,0,0,0,0,0,1023,0,0,46,0,0,0,0.3519493043422699,-0.935936689376831,0.0124201076105237,0.2048283815383911,80.0,72.0,straight_run,3.7953078746795654,0.22560319304466248,0.09992469102144241,0.8181048631668091,0.1183549016714096,20.647750854492188,0.5297465324401855
0.9799426934097422,0.0,0.0,0.5,289,1785353072.7803671,0.9111694097518921,0.10259806364774704,0.504482626914978,-5.685874938964844,5,10978,27,1,1,0.003633257932960987,1,1858,1.0,0.0,24,45,-1,1,0,0.0,0,0,0,0,0,0,1023,0,0,0,0,0,0,0,0,1023,0,0,46,0,0,0,0.3519493043422699,-0.935936689376831,0.0124201076105237,0.2048283815383911,80.0,72.0,straight_run,3.7953078746795654,0.22959844768047333,0.060999635607004166,0.8287749290466309,0.12085230648517609,14.484161376953125,0.5336987972259521
0.9833810888252149,0.0,0.0,0.5,289,1785353072.801594,0.9253188371658325,0.11365789920091629,0.5028272271156311,-4.261777400970459,5,10251,27,1,1,0.003633257932960987,1,1858,1.0,0.0,24,45,-1,1,0,0.0,0,0,0,0,0,0,1023,0,0,0,0,0,0,0,0,1023,0,0,46,0,0,0,0.3519493043422699,-0.935936689376831,0.0124201076105237,0.2048283815383911,80.0,72.0,straight_run,3.7953078746795654,0.22959844768047333,0.060999635607004166,0.8287749290466309,0.12085230648517609,14.484161376953125,0.5336987972259521
0.9868194842406877,0.0,0.0,0.5,289,1785353072.825629,0.9253188371658325,0.11365789920091629,0.5028272271156311,-4.261777400970459,5,10251,87,1,1,0.003633257932960987,1,1918,1.0,0.0,24,45,-1,1,0,0.0,0,0,0,0,0,0,1023,0,0,0,0,0,0,0,0,1023,0,0,46,0,0,0,0.3519493043422699,-0.935936689376831,0.0124201076105237,0.2048283815383911,80.0,72.0,straight_run,3.800586462020874,0.23480169475078583,0.01626245677471161,0.8438616991043091,0.12061989307403564,9.455918312072754,0.5358009338378906
0.9902578796561604,0.0,0.0,0.5,289,1785353072.849299,0.9323772192001343,0.12118536978960037,0.5019367933273315,-0.8390743136405945,5,11201,87,1,1,0.003633257932960987,1,1918,1.0,0.0,24,46,-1,1,0,0.0,0,0,0,0,0,0,1023,0,0,0,0,4,0,0,2,1023,0,0,46,2,1,0,0.3519493043422699,-0.935936689376831,0.0124201076105237,0.2048283815383911,80.0,72.0,straight_run,3.800586462020874,0.23480169475078583,0.01626245677471161,0.8438616991043091,0.12061989307403564,9.455918312072754,0.5358009338378906
0.9936962750716332,0.0,0.0,0.5,289,1785353072.873039,0.9323772192001343,0.12118536978960037,0.5019367933273315,-0.8390743136405945,5,11201,87,1,1,0.003633257932960987,1,1918,1.0,0.0,24,46,-1,1,0,0.0,0,0,0,0,0,0,1023,0,0,0,0,4,0,0,2,1023,0,0,46,2,1,0,0.3519493043422699,-0.935936689376831,0.0124201076105237,0.2048283815383911,80.0,72.0,straight_run,3.800586462020874,0.2395768016576767,-0.02183922752737999,0.8599694967269897,0.11893757432699203,4.626566410064697,0.5371536612510681
0.997134670487106,0.0,0.0,0.5,289,1785353072.89462,0.9437623023986816,0.1275632530450821,0.4997316300868988,5.051215648651123,5,9814,39,1,1,0.004034378100186586,1,1978,1.0,0.0,24,46,-1,1,0,0.0,0,0,0,0,0,0,1023,0,0,0,0,4,0,0,2,1023,0,0,46,2,1,0,0.3519493043422699,-0.935936689376831,0.0124201076105237,0.2048283815383911,80.0,72.0,straight_run,3.800586462020874,0.2395768016576767,-0.02183922752737999,0.8599694967269897,0.11893757432699203,4.626566410064697,0.5371536612510681
1.0005730659025787,0.0,0.0,0.5,289,1785353072.919683,0.9437623023986816,0.1275632530450821,0.4997316300868988,5.051215648651123,5,9814,39,1,1,0.004034378100186586,1,1978,1.0,0.0,24,46,-1,1,0,0.0,0,0,0,0,0,0,1023,0,0,0,0,4,0,0,2,1023,0,0,46,2,1,0,0.3519493043422699,-0.935936689376831,0.0124201076105237,0.2048283815383911,80.0,72.0,straight_run,3.800586462020874,0.2395768016576767,-0.02183922752737999,0.8599694967269897,0.11893757432699203,4.626566410064697,0.5371536612510681
1.0040114613180515,0.0,0.0,0.5,289,1785353072.9417868,0.9330436587333679,0.1317697912454605,0.5002011060714722,13.189517974853516,5,10306,79,1,1,0.004034378100186586,1,2018,1.0,0.0,24,47,-1,1,0,0.0,0,0,0,0,0,0,1023,0,0,0,0,0,0,0,0,1023,0,0,47,0,0,0,0.3519493043422699,-0.935936689376831,0.0124201076105237,0.2048283815383911,80.0,72.0,straight_run,3.7583577632904053,0.19733597338199615,-0.06307677179574966,0.8561417460441589,0.10874062776565552,-2.417509078979492,0.5353924036026001
1.0074498567335244,0.0,0.0,0.5,289,1785353072.96682,0.9330436587333679,0.1317697912454605,0.5002011060714722,13.189517974853516,5,10306,79,1,1,0.004034378100186586,1,2018,1.0,0.0,24,47,-1,1,0,0.0,0,0,0,0,0,0,1023,0,0,0,0,0,0,0,0,1023,0,0,47,0,0,0,0.3519493043422699,-0.935936689376831,0.0124201076105237,0.2048283815383911,80.0,72.0,straight_run,3.7583577632904053,0.19733597338199615,-0.06307677179574966,0.8561417460441589,0.10874062776565552,-2.417509078979492,0.5353924036026001
1.010888252148997,0.0,0.0,0.5,289,1785353072.991939,0.9306097626686096,0.13284698128700256,0.4999845623970032,25.409833908081055,5,10265,33,1,1,0.002946114167571068,1,2078,1.0,0.0,24,47,-1,1,0,0.0,0,0,0,0,0,0,1023,0,0,0,0,0,0,0,0,1023,0,0,47,0,0,0,0.3519493043422699,-0.935936689376831,0.0124201076105237,0.2048283815383911,80.0,72.0,straight_run,3.7583577632904053,0.14439022541046143,-0.07585884630680084,0.8569872975349426,0.09639187902212143,-1.9592549800872803,0.5350463390350342
1.0143266475644699,0.0,0.0,0.5,289,1785353073.0170088,0.9306097626686096,0.13284698128700256,0.4999845623970032,25.409833908081055,5,10265,33,1,1,0.002946114167571068,1,2078,1.0,0.0,24,47,-1,1,0,0.0,0,0,0,0,0,0,1023,0,0,0,0,0,0,0,0,1023,0,0,47,0,0,0,0.3519493043422699,-0.935936689376831,0.0124201076105237,0.2048283815383911,80.0,72.0,straight_run,3.7583577632904053,0.14439022541046143,-0.07585884630680084,0.8569872975349426,0.09639187902212143,-1.9592549800872803,0.5350463390350342
1.0177650429799425,0.0,0.0,0.5,289,1785353073.0416949,0.9212148189544678,0.14793993532657623,0.4991682171821594,38.911102294921875,5,9867,73,1,1,0.002946114167571068,1,2118,1.0,0.0,24,48,-1,1,0,0.0,0,0,0,0,0,0,1023,0,0,0,0,32,0,0,0,1023,0,0,48,1,1,0,0.3519493043422699,-0.935936689376831,0.0124201076105237,0.2048283815383911,80.0,72.0,straight_run,3.7953078746795654,0.11234597861766815,-0.07311797142028809,0.8517546653747559,0.09328492730855942,-0.33264657855033875,0.5360811948776245
1.0212034383954154,0.0,0.0,0.5,289,1785353073.064249,0.9212148189544678,0.14793993532657623,0.4991682171821594,38.911102294921875,5,9867,73,1,1,0.002946114167571068,1,2118,1.0,0.0,24,48,-1,1,0,0.0,0,0,0,0,0,0,1023,0,0,0,0,32,0,0,0,1023,0,0,48,1,1,0,0.3519493043422699,-0.935936689376831,0.0124201076105237,0.2048283815383911,80.0,72.0,straight_run,3.7953078746795654,0.11234597861766815,-0.07311797142028809,0.8517546653747559,0.09328492730855942,-0.33264657855033875,0.5360811948776245
1.0246418338108882,0.0,0.0,0.5,289,1785353073.085063,0.9212148189544678,0.14793993532657623,0.4991682171821594,38.911102294921875,5,9867,15,1,1,0.0018582007614895701,1,2178,1.0,0.0,24,48,-1,1,0,0.0,0,0,0,0,0,0,1023,0,0,0,0,32,0,0,0,1023,0,0,48,1,1,0,0.3519493043422699,-0.935936689376831,0.0124201076105237,0.2048283815383911,80.0,72.0,straight_run,3.7953078746795654,0.09344623237848282,-0.06054886430501938,0.8485170006752014,0.09255146980285645,5.3612871170043945,0.5391045808792114
1.0280802292263609,0.0,0.0,0.5,289,1785353073.108298,0.9109724760055542,0.16046582162380219,0.49242860078811646,46.80830764770508,5,11112,15,1,1,0.0018582007614895701,1,2178,1.0,0.0,24,48,-1,1,0,0.0,0,0,0,0,0,0,1023,0,0,0,0,32,0,0,0,1023,0,0,48,1,1,0,0.3519493043422699,-0.935936689376831,0.0124201076105237,0.2048283815383911,80.0,72.0,straight_run,3.7953078746795654,0.09344623237848282,-0.06054886430501938,0.8485170006752014,0.09255146980285645,5.3612871170043945,0.5391045808792114
1.0315186246418337,0.0,0.0,0.5,289,1785353073.128942,0.9075236916542053,0.16181960701942444,0.4871365427970886,52.56135559082031,5,9859,55,1,1,0.0018582007614895701,1,2218,1.0,0.0,24,49,-1,1,0,0.0,0,0,0,0,0,0,1023,0,0,0,0,0,0,0,128,1023,0,0,49,1,1,0,0.3519493043422699,-0.935936689376831,0.0124201076105237,0.2048283815383911,80.0,72.0,straight_run,3.7953078746795654,0.08703833818435669,-0.055150702595710754,0.8485597372055054,0.08578626066446304,10.350852012634277,0.542517900466919
1.0349570200573066,0.0,0.0,0.5,289,1785353073.150024,0.9075236916542053,0.16181960701942444,0.4871365427970886,52.56135559082031,5,9859,55,1,1,0.0018582007614895701,1,2218,1.0,0.0,24,49,-1,1,0,0.0,0,0,0,0,0,0,1023,0,0,0,0,0,0,0,128,1023,0,0,49,1,1,0,0.3519493043422699,-0.935936689376831,0.0124201076105237,0.2048283815383911,80.0,72.0,straight_run,3.7953078746795654,0.08703833818435669,-0.055150702595710754,0.8485597372055054,0.08578626066446304,10.350852012634277,0.542517900466919
1.0383954154727795,0.0,0.0,0.5,289,1785353073.1715991,0.9075236916542053,0.16181960701942444,0.4871365427970886,52.56135559082031,5,9859,55,1,1,0.0018582007614895701,1,2218,1.0,0.0,24,49,-1,1,0,0.0,0,0,0,0,0,0,1023,0,0,0,0,0,0,0,128,1023,0,0,49,1,1,0,0.3519493043422699,-0.935936689376831,0.0124201076105237,0.2048283815383911,80.0,72.0,straight_run,3.7953078746795654,0.08703833818435669,-0.055150702595710754,0.8485597372055054,0.08578626066446304,10.350852012634277,0.542517900466919
1.041833810888252,0.0,0.0,0.5,289,1785353073.195456,0.9115918874740601,0.17015258967876434,0.4802600145339966,57.89156723022461,5,11784,115,1,1,0.0018582007614895701,1,2278,1.0,0.0,24,49,-1,1,0,0.0,0,0,0,0,0,0,1023,0,0,0,0,0,0,0,128,1023,0,0,49,1,1,0,0.3519493043422699,-0.935936689376831,0.0124201076105237,0.2048283815383911,80.0,72.0,straight_run,3.7953078746795654,0.11164777725934982,0.01505451649427414,0.8662649393081665,0.10264798253774643,18.579879760742188,0.5477691888809204
1.045272206303725,0.0,0.0,0.5,289,1785353073.215656,0.9115918874740601,0.17015258967876434,0.4802600145339966,57.89156723022461,5,11784,115,1,1,0.0018582007614895701,1,2278,1.0,0.0,24,49,-1,1,0,0.0,0,0,0,0,0,0,1023,0,0,0,0,0,0,0,128,1023,0,0,49,1,1,0,0.3519493043422699,-0.935936689376831,0.0124201076105237,0.2048283815383911,80.0,72.0,straight_run,3.7953078746795654,0.11164777725934982,0.01505451649427414,0.8662649393081665,0.10264798253774643,18.579879760742188,0.5477691888809204
1.0487106017191976,0.0,0.0,0.5,289,1785353073.2390559,0.9155579209327698,0.1735248863697052,0.47642433643341064,53.91352462768555,5,10335,34,1,1,0.001991871977224946,1,2318,1.0,0.0,24,50,-1,1,0,0.0,0,0,0,0,0,0,1023,32,0,0,0,0,0,0,0,1023,0,0,50,1,1,0,0.3519493043422699,-0.935936689376831,0.0124201076105237,0.2048283815383911,80.0,72.0,straight_run,3.8058650493621826,0.12076538056135178,0.06437983363866806,0.8737668991088867,0.1161750927567482,24.376535415649414,0.5478140115737915
1.0521489971346705,0.0,0.0,0.5,289,1785353073.263154,0.9155579209327698,0.1735248863697052,0.47642433643341064,53.91352462768555,5,10335,34,1,1,0.001991871977224946,1,2318,1.0,0.0,24,50,-1,1,0,0.0,0,0,0,0,0,0,1023,32,0,0,0,0,0,0,0,1023,0,0,50,1,1,0,0.3519493043422699,-0.935936689376831,0.0124201076105237,0.2048283815383911,80.0,72.0,straight_run,3.8058650493621826,0.12076538056135178,0.06437983363866806,0.8737668991088867,0.1161750927567482,24.376535415649414,0.5478140115737915
1.0555873925501433,0.0,0.0,0.5,289,1785353073.28822,0.9324336051940918,0.16934463381767273,0.46728357672691345,38.70252990722656,5,10609,93,1,1,0.001991871977224946,1,2378,1.0,0.0,24,50,-1,1,0,0.0,0,0,0,0,0,0,1023,32,0,0,0,0,0,0,0,1023,0,0,50,1,1,0,0.3519493043422699,-0.935936689376831,0.0124201076105237,0.2048283815383911,80.0,72.0,straight_run,3.8058650493621826,0.12378599494695663,0.11548128724098206,0.8819774389266968,0.1290508210659027,31.966882705688477,0.5498441457748413
1.059025787965616,0.0,0.0,0.5,289,1785353073.312591,0.9324336051940918,0.16934463381767273,0.46728357672691345,38.70252990722656,5,10609,93,1,1,0.001991871977224946,1,2378,1.0,0.0,24,50,-1,1,0,0.0,0,0,0,0,0,0,1023,32,0,0,0,0,0,0,0,1023,0,0,50,1,1,0,0.3519493043422699,-0.935936689376831,0.0124201076105237,0.2048283815383911,80.0,72.0,straight_run,3.8058650493621826,0.12378599494695663,0.11548128724098206,0.8819774389266968,0.1290508210659027,31.966882705688477,0.5498441457748413
1.0624641833810888,0.0,0.0,0.5,289,1785353073.337643,0.944210946559906,0.15841127932071686,0.4621398150920868,34.44197463989258,5,9784,37,1,1,0.002756190486252308,1,2418,1.0,0.0,24,51,-1,1,0,0.0,0,0,0,0,0,0,1023,0,0,0,0,0,0,0,0,1023,0,0,51,0,0,0,0.3519493043422699,-0.935936689376831,0.0124201076105237,0.2048283815383911,80.0,72.0,straight_run,3.8111438751220703,0.07621413469314575,0.12089329212903976,0.8638708591461182,0.12652920186519623,35.31956481933594,0.5459557771682739
1.0659025787965615,0.0,0.0,0.5,289,1785353073.362701,0.944210946559906,0.15841127932071686,0.4621398150920868,34.44197463989258,5,9784,37,1,1,0.002756190486252308,1,2418,1.0,0.0,24,51,-1,1,0,0.0,0,0,0,0,0,0,1023,0,0,0,0,0,0,0,0,1023,0,0,51,0,0,0,0.3519493043422699,-0.935936689376831,0.0124201076105237,0.2048283815383911,80.0,72.0,straight_run,3.8111438751220703,0.07621413469314575,0.12089329212903976,0.8638708591461182,0.12652920186519623,35.31956481933594,0.5459557771682739
1.0693409742120343,0.0,0.0,0.5,289,1785353073.386612,0.9560170769691467,0.15027335286140442,0.4764263927936554,11.543044090270996,5,9717,97,1,1,0.002756190486252308,1,2478,1.0,0.0,24,51,-1,1,0,0.0,0,0,0,0,0,0,1023,0,0,0,0,0,0,0,0,1023,0,0,51,0,0,0,0.3519493043422699,-0.935936689376831,0.0124201076105237,0.2048283815383911,80.0,72.0,straight_run,3.8111438751220703,0.0538083016872406,0.1341104358434677,0.8604699969291687,0.13263726234436035,37.02819061279297,0.5388665199279785
1.0727793696275072,0.0,0.0,0.5,289,1785353073.411654,0.9560170769691467,0.15027335286140442,0.4764263927936554,11.543044090270996,5,9717,97,1,1,0.002756190486252308,1,2478,1.0,0.0,24,51,-1,1,0,0.0,0,0,0,0,0,0,1023,0,0,0,0,0,0,0,0,1023,0,0,51,0,0,0,0.3519493043422699,-0.935936689376831,0.0124201076105237,0.2048283815383911,80.0,72.0,straight_run,3.8111438751220703,0.0538083016872406,0.1341104358434677,0.8604699969291687,0.13263726234436035,37.02819061279297,0.5388665199279785
1.0762177650429798,0.0,0.0,0.5,289,1785353073.434602,0.9657886028289795,0.14368289709091187,0.4925847351551056,4.2431721687316895,5,11344,137,1,1,0.002756190486252308,1,2518,1.0,0.0,24,51,-1,1,0,0.0,0,0,0,0,0,0,1023,0,0,0,0,0,0,0,0,1023,0,0,52,0,0,0,0.3519493043422699,-0.935936689376831,0.0124201076105237,0.2048283815383911,80.0,72.0,straight_run,3.7953078746795654,0.04347115755081177,0.1327669769525528,0.8573615550994873,0.13585208356380463,35.68852615356445,0.5341575741767883
1.0796561604584527,0.0,0.0,0.5,289,1785353073.4577558,0.9657886028289795,0.14368289709091187,0.4925847351551056,4.2431721687316895,5,11344,137,1,1,0.002756190486252308,1,2518,1.0,0.0,24,51,-1,1,0,0.0,0,0,0,0,0,0,1023,0,0,0,0,0,0,0,0,1023,0,0,52,0,0,0,0.3519493043422699,-0.935936689376831,0.0124201076105237,0.2048283815383911,80.0,72.0,straight_run,3.7953078746795654,0.04347115755081177,0.1327669769525528,0.8573615550994873,0.13585208356380463,35.68852615356445,0.5341575741767883
1.0830945558739253,0.0,0.0,0.5,289,1785353073.479702,0.9657886028289795,0.14368289709091187,0.4925847351551056,4.2431721687316895,5,11344,137,1,1,0.002756190486252308,1,2518,1.0,0.0,24,51,-1,1,0,0.0,0,0,0,0,0,0,1023,0,0,0,0,0,0,0,0,1023,0,0,52,0,0,0,0.3519493043422699,-0.935936689376831,0.0124201076105237,0.2048283815383911,80.0,72.0,straight_run,3.7953078746795654,0.04347115755081177,0.1327669769525528,0.8573615550994873,0.13585208356380463,35.68852615356445,0.5341575741767883
1.0865329512893982,0.0,0.0,0.5,289,1785353073.5047529,0.9783517718315125,0.13901883363723755,0.5033647418022156,-0.7755926251411438,5,9047,54,1,1,0.002842399524524808,1,2577,1.0,0.0,24,51,-1,1,0,0.0,0,0,0,0,0,0,1023,0,0,0,0,0,0,0,0,1023,0,0,52,0,0,0,0.3519493043422699,-0.935936689376831,0.0124201076105237,0.2048283815383911,80.0,72.0,straight_run,3.7953078746795654,0.04110224172472954,0.12191536277532578,0.8526366949081421,0.1418827474117279,31.732196807861328,0.5291991829872131
1.089971346704871,0.0,0.0,0.5,289,1785353073.529706,0.9840071201324463,0.13627633452415466,0.5040292739868164,-2.452822208404541,5,10928,94,1,1,0.002842399524524808,1,2617,1.0,0.0,24,52,-1,1,0,0.0,0,0,0,0,0,0,1023,0,0,0,0,16,0,0,256,1023,0,0,52,2,1,0,0.3519493043422699,-0.935936689376831,0.0124201076105237,0.2048283815383911,80.0,72.0,straight_run,3.790029287338257,0.05121713876724243,0.10012726485729218,0.8516498804092407,0.1419796645641327,28.3742733001709,0.5260302424430847
1.0934097421203437,0.0,0.0,0.5,289,1785353073.552653,0.9840071201324463,0.13627633452415466,0.5040292739868164,-2.452822208404541,5,10928,94,1,1,0.002842399524524808,1,2617,1.0,0.0,24,52,-1,1,0,0.0,0,0,0,0,0,0,1023,0,0,0,0,16,0,0,256,1023,0,0,52,2,1,0,0.3519493043422699,-0.935936689376831,0.0124201076105237,0.2048283815383911,80.0,72.0,straight_run,3.790029287338257,0.05121713876724243,0.10012726485729218,0.8516498804092407,0.1419796645641327,28.3742733001709,0.5260302424430847
1.0968481375358166,0.0,0.0,0.5,289,1785353073.578965,0.9840071201324463,0.13627633452415466,0.5040292739868164,-2.452822208404541,5,10928,94,1,1,0.002842399524524808,1,2617,1.0,0.0,24,52,-1,1,0,0.0,0,0,0,0,0,0,1023,0,0,0,0,16,0,0,256,1023,0,0,52,2,1,0,0.3519493043422699,-0.935936689376831,0.0124201076105237,0.2048283815383911,80.0,72.0,straight_run,3.790029287338257,0.05121713876724243,0.10012726485729218,0.8516498804092407,0.1419796645641327,28.3742733001709,0.5260302424430847
1.1002865329512894,0.0,0.0,0.5,289,1785353073.601771,0.9865567088127136,0.13840483129024506,0.5041134357452393,-3.7662181854248047,5,9504,42,1,1,0.0018127229996025562,1,2677,1.0,0.0,24,52,-1,1,0,0.0,0,0,0,0,0,0,1023,0,0,0,0,16,0,0,256,1023,0,0,52,2,1,0,0.3519493043422699,-0.935936689376831,0.0124201076105237,0.2048283815383911,80.0,72.0,straight_run,3.790029287338257,0.07658529281616211,0.07274458557367325,0.850622832775116,0.14738349616527557,23.124757766723633,0.5228243470191956
1.1037249283667623,0.0,0.0,0.5,289,1785353073.626821,0.9896470904350281,0.14090493321418762,0.5037887692451477,-3.892127275466919,5,10897,82,1,1,0.0018127229996025562,1,2717,1.0,0.0,24,53,-1,1,0,0.0,0,0,0,0,0,0,1023,0,0,0,0,0,0,512,0,1023,0,0,52,2,1,0,0.3519493043422699,-0.935936689376831,0.0124201076105237,0.2048283815383911,80.0,72.0,straight_run,3.790029287338257,0.10152066498994827,0.05768998712301254,0.8519101738929749,0.1528160572052002,19.72869110107422,0.5210108757019043
1.107163323782235,0.0,0.0,0.5,289,1785353073.651873,0.9896470904350281,0.14090493321418762,0.5037887692451477,-3.892127275466919,5,10897,82,1,1,0.0018127229996025562,1,2717,1.0,0.0,24,53,-1,1,0,0.0,0,0,0,0,0,0,1023,0,0,0,0,0,0,512,0,1023,0,0,54,1,1,0,0.3519493043422699,-0.935936689376831,0.0124201076105237,0.2048283815383911,80.0,72.0,straight_run,3.790029287338257,0.10152066498994827,0.05768998712301254,0.8519101738929749,0.1528160572052002,19.72869110107422,0.5210108757019043
1.1106017191977078,0.0,0.0,0.5,289,1785353073.6737752,0.9896470904350281,0.14090493321418762,0.5037887692451477,-3.892127275466919,5,10897,82,1,1,0.0018127229996025562,1,2717,1.0,0.0,24,53,-1,1,0,0.0,0,0,0,0,0,0,1023,0,0,0,0,0,0,512,0,1023,0,0,54,1,1,0,0.3519493043422699,-0.935936689376831,0.0124201076105237,0.2048283815383911,80.0,72.0,straight_run,3.790029287338257,0.10152066498994827,0.05768998712301254,0.8519101738929749,0.1528160572052002,19.72869110107422,0.5210108757019043
1.1140401146131804,0.0,0.0,0.5,289,1785353073.6951292,0.9922785758972168,0.14239190518856049,0.5034600496292114,-4.178586483001709,5,9651,45,1,1,0.001792240422219038,1,2777,1.0,0.0,24,53,-1,1,0,0.0,0,0,0,0,0,0,1023,0,0,0,0,0,0,512,0,1023,0,0,54,1,1,0,0.3519493043422699,-0.935936689376831,0.0124201076105237,0.2048283815383911,80.0,72.0,straight_run,3.790029287338257,0.1416473537683487,0.0249237809330225,0.8552933931350708,0.15359601378440857,15.220718383789062,0.5185596346855164
1.1174785100286533,0.0,0.0,0.5,289,1785353073.71985,0.9922785758972168,0.14239190518856049,0.5034600496292114,-4.178586483001709,5,9651,45,1,1,0.001792240422219038,1,2777,1.0,0.0,24,53,-1,1,0,0.0,0,0,0,0,0,0,1023,0,0,0,0,0,0,512,0,1023,0,0,54,1,1,0,0.3519493043422699,-0.935936689376831,0.0124201076105237,0.2048283815383911,80.0,72.0,straight_run,3.790029287338257,0.1416473537683487,0.0249237809330225,0.8552933931350708,0.15359601378440857,15.220718383789062,0.5185596346855164
1.1209169054441261,0.0,0.0,0.5,289,1785353073.740027,0.9971717000007629,0.14530660212039948,0.5032358765602112,-4.666515827178955,5,10421,85,1,1,0.001792240422219038,1,2817,1.0,0.0,24,54,-1,1,0,0.0,0,0,0,0,0,0,1023,0,0,16,0,0,0,8,0,1023,0,0,54,2,1,0,0.3519493043422699,-0.935936689376831,0.0124201076105237,0.2048283815383911,80.0,72.0,straight_run,3.816422462463379,0.15908236801624298,0.011600111611187458,0.8547513484954834,0.15570159256458282,12.471057891845703,0.5175685882568359
1.1243553008595988,0.0,0.0,0.5,289,1785353073.762666,0.9971717000007629,0.14530660212039948,0.5032358765602112,-4.666515827178955,5,10421,85,1,1,0.001792240422219038,1,2817,1.0,0.0,24,54,-1,1,0,0.0,0,0,0,0,0,0,1023,0,0,16,0,0,0,8,0,1023,0,0,54,2,1,0,0.3519493043422699,-0.935936689376831,0.0124201076105237,0.2048283815383911,80.0,72.0,straight_run,3.816422462463379,0.15908236801624298,0.011600111611187458,0.8547513484954834,0.15570159256458282,12.471057891845703,0.5175685882568359
1.1277936962750716,0.0,0.0,0.5,289,1785353073.787735,1.0016038417816162,0.13802005350589752,0.5033890604972839,-7.919162273406982,5,10298,30,1,1,0.0021095306146889925,1,2877,1.0,0.0,24,54,-1,1,0,0.0,0,0,0,0,0,0,1023,0,0,16,0,0,0,8,0,1023,0,0,54,2,1,0,0.3519493043422699,-0.935936689376831,0.0124201076105237,0.2048283815383911,80.0,72.0,straight_run,3.816422462463379,0.1363205909729004,0.04665818437933922,0.8338644504547119,0.18285322189331055,3.588365077972412,0.5141517519950867
1.1312320916905443,0.0,0.0,0.5,289,1785353073.809653,1.0016038417816162,0.13802005350589752,0.5033890604972839,-7.919162273406982,5,10298,30,1,1,0.0021095306146889925,1,2877,1.0,0.0,24,54,-1,1,0,0.0,0,0,0,0,0,0,1023,0,0,16,0,0,0,8,0,1023,0,0,54,2,1,0,0.3519493043422699,-0.935936689376831,0.0124201076105237,0.2048283815383911,80.0,72.0,straight_run,3.816422462463379,0.1363205909729004,0.04665818437933922,0.8338644504547119,0.18285322189331055,3.588365077972412,0.5141517519950867
1.1346704871060171,0.0,0.0,0.5,289,1785353073.8313222,1.0018327236175537,0.12579317390918732,0.5036722421646118,-9.038163185119629,5,9694,70,1,1,0.0021095306146889925,1,2917,1.0,0.0,24,55,-1,1,0,0.0,0,0,0,0,0,0,1023,0,0,64,0,0,2,0,0,1023,0,0,55,2,1,0,0.3519493043422699,-0.935936689376831,0.0124201076105237,0.2048283815383911,80.0,72.0,straight_run,3.8058650493621826,0.12659180164337158,-0.02306685782968998,0.8229712247848511,0.1512109637260437,-0.13227300345897675,0.5126484632492065
1.13810888252149,0.0,0.0,0.5,289,1785353073.855602,1.0018327236175537,0.12579317390918732,0.5036722421646118,-9.038163185119629,5,9694,70,1,1,0.0021095306146889925,1,2917,1.0,0.0,24,55,-1,1,0,0.0,0,0,0,0,0,0,1023,0,0,64,0,0,2,0,0,1023,0,0,55,2,1,0,0.3519493043422699,-0.935936689376831,0.0124201076105237,0.2048283815383911,80.0,72.0,straight_run,3.8058650493621826,0.12659180164337158,-0.02306685782968998,0.8229712247848511,0.1512109637260437,-0.13227300345897675,0.5126484632492065
1.1415472779369626,0.0,0.0,0.5,289,1785353073.879444,1.0018327236175537,0.12579317390918732,0.5036722421646118,-9.038163185119629,5,9694,70,1,1,0.0021095306146889925,1,2917,1.0,0.0,24,55,-1,1,0,0.0,0,0,0,0,0,0,1023,0,0,64,0,0,2,0,0,1023,0,0,55,2,1,0,0.3519493043422699,-0.935936689376831,0.0124201076105237,0.2048283815383911,80.0,72.0,straight_run,3.8058650493621826,0.12659180164337158,-0.02306685782968998,0.8229712247848511,0.1512109637260437,-0.13227300345897675,0.5126484632492065
1.1449856733524355,0.0,0.0,0.5,289,1785353073.904512,1.004731297492981,0.129927858710289,0.503244161605835,-5.948206424713135,5,11197,130,1,1,0.0021095306146889925,1,2977,1.0,0.0,24,55,-1,1,0,0.0,0,0,0,0,0,0,1023,0,0,64,0,0,2,0,0,1023,0,0,55,2,1,0,0.3519493043422699,-0.935936689376831,0.0124201076105237,0.2048283815383911,80.0,72.0,straight_run,3.8058650493621826,0.15044422447681427,-0.03379175066947937,0.828363299369812,0.1478489190340042,0.7921509146690369,0.5130221843719482
1.1484240687679081,0.0,0.0,0.5,289,1785353073.925581,1.0042790174484253,0.13572081923484802,0.503290057182312,-4.126539707183838,5,9225,39,1,1,0.0025470457039773464,1,3017,1.0,0.0,24,56,-1,1,0,0.0,0,0,0,0,0,0,1023,0,0,0,0,0,0,0,0,1023,0,0,56,0,0,0,0.3519493043422699,-0.935936689376831,0.0124201076105237,0.2048283815383911,80.0,72.0,straight_run,3.826979637145996,0.159216046333313,-0.03887578845024109,0.8267947435379028,0.14729581773281097,0.5725313425064087,0.5125893354415894
1.151862464183381,0.0,0.0,0.5,289,1785353073.950643,1.0042790174484253,0.13572081923484802,0.503290057182312,-4.126539707183838,5,9225,39,1,1,0.0025470457039773464,1,3017,1.0,0.0,24,56,-1,1,0,0.0,0,0,0,0,0,0,1023,0,0,0,0,0,0,0,0,1023,0,0,56,0,0,0,0.3519493043422699,-0.935936689376831,0.0124201076105237,0.2048283815383911,80.0,72.0,straight_run,3.826979637145996,0.159216046333313,-0.03887578845024109,0.8267947435379028,0.14729581773281097,0.5725313425064087,0.5125893354415894
1.1553008595988539,0.0,0.0,0.5,289,1785353073.9715798,1.0042790174484253,0.13572081923484802,0.503290057182312,-4.126539707183838,5,9225,39,1,1,0.0025470457039773464,1,3017,1.0,0.0,24,56,-1,1,0,0.0,0,0,0,0,0,0,1023,0,0,0,0,0,0,0,0,1023,0,0,56,0,0,0,0.3519493043422699,-0.935936689376831,0.0124201076105237,0.2048283815383911,80.0,72.0,straight_run,3.826979637145996,0.159216046333313,-0.03887578845024109,0.8267947435379028,0.14729581773281097,0.5725313425064087,0.5125893354415894
1.1587392550143265,0.0,0.0,0.5,289,1785353073.995581,1.0019211769104004,0.13984613120555878,0.503468930721283,-0.8439818620681763,5,9772,99,1,1,0.0025470457039773464,1,3077,1.0,0.0,24,56,-1,1,0,0.0,0,0,0,0,0,0,1023,0,0,0,0,0,0,0,0,1023,0,0,56,0,0,0,0.3519493043422699,-0.935936689376831,0.0124201076105237,0.2048283815383911,80.0,72.0,straight_run,3.826979637145996,0.17881274223327637,-0.049098871648311615,0.8261529803276062,0.14167681336402893,0.699819028377533,0.5127965807914734
1.1621776504297994,0.0,0.0,0.5,289,1785353074.019609,1.0019211769104004,0.13984613120555878,0.503468930721283,-0.8439818620681763,5,9772,99,1,1,0.0025470457039773464,1,3077,1.0,0.0,24,56,-1,1,0,0.0,0,0,0,0,0,0,1023,0,0,0,0,0,0,0,0,1023,0,0,56,0,0,0,0.3519493043422699,-0.935936689376831,0.0124201076105237,0.2048283815383911,80.0,72.0,straight_run,3.826979637145996,0.17881274223327637,-0.049098871648311615,0.8261529803276062,0.14167681336402893,0.699819028377533,0.5127965807914734
1.165616045845272,0.0,0.0,0.5,289,1785353074.041384,1.0055497884750366,0.1456204354763031,0.5035123825073242,1.6091314554214478,5,11285,10,1,1,0.003053683554753661,1,3118,1.0,0.0,24,57,-1,1,0,0.0,0,0,0,0,0,0,1023,64,0,0,0,0,0,0,0,1023,0,0,57,1,1,0,0.3519493043422699,-0.935936689376831,0.0124201076105237,0.2048283815383911,80.0,72.0,straight_run,3.816422462463379,0.1979854255914688,-0.05140653997659683,0.8292920589447021,0.13939537107944489,0.5700119733810425,0.5120635032653809
1.169054441260745,0.0,0.0,0.5,289,1785353074.0643148,1.0055497884750366,0.1456204354763031,0.5035123825073242,1.6091314554214478,5,11285,10,1,1,0.003053683554753661,1,3118,1.0,0.0,24,57,-1,1,0,0.0,0,0,0,0,0,0,1023,64,0,0,0,0,0,0,0,1023,0,0,57,1,1,0,0.3519493043422699,-0.935936689376831,0.0124201076105237,0.2048283815383911,80.0,72.0,straight_run,3.816422462463379,0.1979854255914688,-0.05140653997659683,0.8292920589447021,0.13939537107944489,0.5700119733810425,0.5120635032653809
1.1724928366762177,0.0,0.0,0.5,289,1785353074.084764,1.006207823753357,0.15183697640895844,0.5036085844039917,4.428406715393066,5,9021,70,1,1,0.003053683554753661,1,3177,1.0,0.0,24,57,-1,1,0,0.0,0,0,0,0,0,0,1023,64,0,0,0,0,0,0,0,1023,0,0,57,1,1,0,0.3519493043422699,-0.935936689376831,0.0124201076105237,0.2048283815383911,80.0,72.0,straight_run,3.816422462463379,0.20893758535385132,-0.05289560183882713,0.8267505168914795,0.13546106219291687,0.5303332805633545,0.5107637643814087
0.827805757522583,0.13315662741661072,0.0,0.5087001919746399,289,1785353074.141587,1.0067485570907593,0.15308310091495514,0.5037851333618164,5.824840545654297,5,8953,90,1,1,0.003053683554753661,1,3197,1.0,0.0,24,57,-1,1,0,0.0,0,0,0,0,0,0,1023,64,0,0,0,0,0,0,0,1023,0,0,57,1,1,0,0.3519493043422699,-0.935936689376831,0.0124201076105237,0.2048283815383911,80.0,72.0,abort_land,3.816422462463379,0.22391480207443237,-0.044015396386384964,0.827805757522583,0.13315662741661072,0.4178287386894226,0.5087001919746399
0.827805757522583,0.13315662741661072,0.0,0.5040668567021688,289,1785353074.166629,1.0067485570907593,0.15308310091495514,0.5037851333618164,5.824840545654297,5,8953,90,1,1,0.003053683554753661,1,3197,1.0,0.0,24,57,-1,1,0,0.0,0,0,0,0,0,0,1023,64,0,0,0,0,0,0,0,1023,0,0,57,1,1,0,0.3519493043422699,-0.935936689376831,0.0124201076105237,0.2048283815383911,80.0,72.0,abort_land,3.816422462463379,0.22391480207443237,-0.044015396386384964,0.827805757522583,0.13315662741661072,0.4178287386894226,0.5087001919746399
0.827805757522583,0.13315662741661072,0.0,0.49943352142969766,289,1785353074.189543,1.0067485570907593,0.15308310091495514,0.5037851333618164,5.824840545654297,5,8953,90,1,1,0.003053683554753661,1,3197,1.0,0.0,24,57,-1,1,0,0.0,0,0,0,0,0,0,1023,64,0,0,0,0,0,0,0,1023,0,0,57,1,1,0,0.3519493043422699,-0.935936689376831,0.0124201076105237,0.2048283815383911,80.0,72.0,abort_land,3.816422462463379,0.23361065983772278,-0.03839101269841194,0.8280127048492432,0.12855452299118042,0.35874149203300476,0.5051518678665161
0.827805757522583,0.13315662741661072,0.0,0.49480018615722654,289,1785353074.2115688,1.0067485570907593,0.15308310091495514,0.5037851333618164,5.824840545654297,5,8953,90,1,1,0.003053683554753661,1,3197,1.0,0.0,24,57,-1,1,0,0.0,0,0,0,0,0,0,1023,64,0,0,0,0,0,0,0,1023,0,0,57,1,1,0,0.3519493043422699,-0.935936689376831,0.0124201076105237,0.2048283815383911,80.0,72.0,abort_land,3.816422462463379,0.23361065983772278,-0.03839101269841194,0.8280127048492432,0.12855452299118042,0.35874149203300476,0.5051518678665161
0.827805757522583,0.13315662741661072,0.0,0.4901668508847554,289,1785353074.2359731,1.0067485570907593,0.15308310091495514,0.5037851333618164,5.824840545654297,5,8953,90,1,1,0.003053683554753661,1,3197,1.0,0.0,24,57,-1,1,0,0.0,0,0,0,0,0,0,1023,64,0,0,0,0,0,0,0,1023,0,0,58,1,1,0,0.3519493043422699,-0.935936689376831,0.0124201076105237,0.2048283815383911,80.0,72.0,abort_land,3.853372573852539,0.22589808702468872,-0.02809736505150795,0.8194519281387329,0.13205111026763916,0.4597974121570587,0.5005069375038147
0.827805757522583,0.13315662741661072,0.0,0.48553351561228436,289,1785353074.258923,1.0067485570907593,0.15308310091495514,0.5037851333618164,5.824840545654297,5,8953,90,1,1,0.003053683554753661,1,3197,1.0,0.0,24,57,-1,1,0,0.0,0,0,0,0,0,0,1023,64,0,0,0,0,0,0,0,1023,0,0,58,1,1,0,0.3519493043422699,-0.935936689376831,0.0124201076105237,0.2048283815383911,80.0,72.0,abort_land,3.853372573852539,0.22589808702468872,-0.02809736505150795,0.8194519281387329,0.13205111026763916,0.4597974121570587,0.5005069375038147
0.827805757522583,0.13315662741661072,0.0,0.48090018033981324,289,1785353074.2839801,1.0067485570907593,0.15308310091495514,0.5037851333618164,5.824840545654297,5,8953,90,1,1,0.003053683554753661,1,3197,1.0,0.0,24,57,-1,1,0,0.0,0,0,0,0,0,0,1023,64,0,0,0,0,0,0,0,1023,0,0,58,1,1,0,0.3519493043422699,-0.935936689376831,0.0124201076105237,0.2048283815383911,80.0,72.0,abort_land,3.853372573852539,0.21977871656417847,-0.02605041116476059,0.8202683329582214,0.13168440759181976,0.2982754707336426,0.48984959721565247
0.827805757522583,0.13315662741661072,0.0,0.4762668450673421,289,1785353074.309027,1.0067485570907593,0.15308310091495514,0.5037851333618164,5.824840545654297,5,8953,90,1,1,0.003053683554753661,1,3197,1.0,0.0,24,57,-1,1,0,0.0,0,0,0,0,0,0,1023,64,0,0,0,0,0,0,0,1023,0,0,58,1,1,0,0.3519493043422699,-0.935936689376831,0.0124201076105237,0.2048283815383911,80.0,72.0,abort_land,3.853372573852539,0.21977871656417847,-0.02605041116476059,0.8202683329582214,0.13168440759181976,0.2982754707336426,0.48984959721565247
0.827805757522583,0.13315662741661072,0.0,0.471633509794871,289,1785353074.332575,1.0067485570907593,0.15308310091495514,0.5037851333618164,5.824840545654297,5,8953,90,1,1,0.003053683554753661,1,3197,1.0,0.0,24,57,-1,1,0,0.0,0,0,0,0,0,0,1023,64,0,0,0,0,0,0,0,1023,0,0,59,1,1,0,0.3519493043422699,-0.935936689376831,0.0124201076105237,0.2048283815383911,80.0,72.0,abort_land,3.8217010498046875,0.19340544939041138,-0.021135961636900902,0.8216568827629089,0.13093623518943787,0.27308201789855957,0.475430428981781
0.827805757522583,0.13315662741661072,0.0,0.4670001745223999,289,1785353074.353614,1.0067485570907593,0.15308310091495514,0.5037851333618164,5.824840545654297,5,8953,90,1,1,0.003053683554753661,1,3197,1.0,0.0,24,57,-1,1,0,0.0,0,0,0,0,0,0,1023,64,0,0,0,0,0,0,0,1023,0,0,59,1,1,0,0.3519493043422699,-0.935936689376831,0.0124201076105237,0.2048283815383911,80.0,72.0,abort_land,3.8217010498046875,0.19340544939041138,-0.021135961636900902,0.8216568827629089,0.13093623518943787,0.27308201789855957,0.475430428981781
0.827805757522583,0.13315662741661072,0.0,0.4623668392499288,289,1785353074.3755898,1.0067485570907593,0.15308310091495514,0.5037851333618164,5.824840545654297,5,8953,90,1,1,0.003053683554753661,1,3197,1.0,0.0,24,57,-1,1,0,0.0,0,0,0,0,0,0,1023,64,0,0,0,0,0,0,0,1023,0,0,59,1,1,0,0.3519493043422699,-0.935936689376831,0.0124201076105237,0.2048283815383911,80.0,72.0,abort_land,3.8217010498046875,0.17231151461601257,-0.017693761736154556,0.828851044178009,0.1309887170791626,0.24713699519634247,0.4598776698112488
0.827805757522583,0.13315662741661072,0.0,0.4577335039774577,289,1785353074.400644,1.0067485570907593,0.15308310091495514,0.5037851333618164,5.824840545654297,5,8953,90,1,1,0.003053683554753661,1,3197,1.0,0.0,24,57,-1,1,0,0.0,0,0,0,0,0,0,1023,64,0,0,0,0,0,0,0,1023,0,0,59,1,1,0,0.3519493043422699,-0.935936689376831,0.0124201076105237,0.2048283815383911,80.0,72.0,abort_land,3.8217010498046875,0.17231151461601257,-0.017693761736154556,0.828851044178009,0.1309887170791626,0.24713699519634247,0.4598776698112488
0.827805757522583,0.13315662741661072,0.0,0.4531001687049866,289,1785353074.424582,1.0067485570907593,0.15308310091495514,0.5037851333618164,5.824840545654297,5,8953,90,1,1,0.003053683554753661,1,3197,1.0,0.0,24,57,-1,1,0,0.0,0,0,0,0,0,0,1023,64,0,0,0,0,0,0,0,1023,0,0,59,1,1,0,0.3519493043422699,-0.935936689376831,0.0124201076105237,0.2048283815383911,80.0,72.0,abort_land,3.8058650493621826,0.13334102928638458,-0.020636197179555893,0.8268184065818787,0.12900319695472717,0.21336384117603302,0.441258043050766
0.827805757522583,0.13315662741661072,0.0,0.4484668334325155,289,1785353074.4457228,1.0067485570907593,0.15308310091495514,0.5037851333618164,5.824840545654297,5,8953,90,1,1,0.003053683554753661,1,3197,1.0,0.0,24,57,-1,1,0,0.0,0,0,0,0,0,0,1023,64,0,0,0,0,0,0,0,1023,0,0,60,1,1,0,0.3519493043422699,-0.935936689376831,0.0124201076105237,0.2048283815383911,80.0,72.0,abort_land,3.8058650493621826,0.13334102928638458,-0.020636197179555893,0.8268184065818787,0.12900319695472717,0.21336384117603302,0.441258043050766
0.827805757522583,0.13315662741661072,0.0,0.44383349816004436,289,1785353074.469588,1.0067485570907593,0.15308310091495514,0.5037851333618164,5.824840545654297,5,8953,90,1,1,0.003053683554753661,1,3197,1.0,0.0,24,57,-1,1,0,0.0,0,0,0,0,0,0,1023,64,0,0,0,0,0,0,0,1023,0,0,60,1,1,0,0.3519493043422699,-0.935936689376831,0.0124201076105237,0.2048283815383911,80.0,72.0,abort_land,3.8058650493621826,0.11419606953859329,-0.02104237675666809,0.8360673785209656,0.1285841315984726,0.18728403747081757,0.4232315123081207
0.827805757522583,0.13315662741661072,0.0,0.43920016288757324,289,1785353074.492584,1.0067485570907593,0.15308310091495514,0.5037851333618164,5.824840545654297,5,8953,90,1,1,0.003053683554753661,1,3197,1.0,0.0,24,57,-1,1,0,0.0,0,0,0,0,0,0,1023,64,0,0,0,0,0,0,0,1023,0,0,60,1,1,0,0.3519493043422699,-0.935936689376831,0.0124201076105237,0.2048283815383911,80.0,72.0,abort_land,3.8058650493621826,0.11419606953859329,-0.02104237675666809,0.8360673785209656,0.1285841315984726,0.18728403747081757,0.4232315123081207
0.827805757522583,0.13315662741661072,0.0,0.4345668276151021,289,1785353074.514614,1.0067485570907593,0.15308310091495514,0.5037851333618164,5.824840545654297,5,8953,90,1,1,0.003053683554753661,1,3197,1.0,0.0,24,57,-1,1,0,0.0,0,0,0,0,0,0,1023,64,0,0,0,0,0,0,0,1023,0,0,60,1,1,0,0.3519493043422699,-0.935936689376831,0.0124201076105237,0.2048283815383911,80.0,72.0,abort_land,3.8058650493621826,0.11419606953859329,-0.02104237675666809,0.8360673785209656,0.1285841315984726,0.18728403747081757,0.4232315123081207
0.827805757522583,0.13315662741661072,0.0,0.429933492342631,289,1785353074.5387242,1.0067485570907593,0.15308310091495514,0.5037851333618164,5.824840545654297,5,8953,90,1,1,0.003053683554753661,1,3197,1.0,0.0,24,57,-1,1,0,0.0,0,0,0,0,0,0,1023,64,0,0,0,0,0,0,0,1023,0,0,60,1,1,0,0.3519493043422699,-0.935936689376831,0.0124201076105237,0.2048283815383911,80.0,72.0,abort_land,3.8058650493621826,0.08097042143344879,-0.024438180029392242,0.8365916609764099,0.126116544008255,0.22243967652320862,0.40701454877853394
0.827805757522583,0.13315662741661072,0.0,0.4253001570701599,289,1785353074.5632699,1.0067485570907593,0.15308310091495514,0.5037851333618164,5.824840545654297,5,8953,90,1,1,0.003053683554753661,1,3197,1.0,0.0,24,57,-1,1,0,0.0,0,0,0,0,0,0,1023,64,0,0,0,0,0,0,0,1023,0,0,60,1,1,0,0.3519493043422699,-0.935936689376831,0.0124201076105237,0.2048283815383911,80.0,72.0,abort_land,3.8058650493621826,0.08097042143344879,-0.024438180029392242,0.8365916609764099,0.126116544008255,0.22243967652320862,0.40701454877853394
0.827805757522583,0.13315662741661072,0.0,0.4206668217976888,289,1785353074.58792,1.0067485570907593,0.15308310091495514,0.5037851333618164,5.824840545654297,5,8953,90,1,1,0.003053683554753661,1,3197,1.0,0.0,24,57,-1,1,0,0.0,0,0,0,0,0,0,1023,64,0,0,0,0,0,0,0,1023,0,0,60,1,1,0,0.3519493043422699,-0.935936689376831,0.0124201076105237,0.2048283815383911,80.0,72.0,abort_land,3.8058650493621826,0.0605936199426651,-0.028736038133502007,0.8423401117324829,0.1233023926615715,0.23730751872062683,0.3934840261936188
0.827805757522583,0.13315662741661072,0.0,0.4160334865252177,289,1785353074.6126652,1.0067485570907593,0.15308310091495514,0.5037851333618164,5.824840545654297,5,8953,90,1,1,0.003053683554753661,1,3197,1.0,0.0,24,57,-1,1,0,0.0,0,0,0,0,0,0,1023,64,0,0,0,0,0,0,0,1023,0,0,60,1,1,0,0.3519493043422699,-0.935936689376831,0.0124201076105237,0.2048283815383911,80.0,72.0,abort_land,3.8058650493621826,0.0605936199426651,-0.028736038133502007,0.8423401117324829,0.1233023926615715,0.23730751872062683,0.3934840261936188
0.827805757522583,0.13315662741661072,0.0,0.4114001512527466,289,1785353074.637581,1.0067485570907593,0.15308310091495514,0.5037851333618164,5.824840545654297,5,8953,90,1,1,0.003053683554753661,1,3197,1.0,0.0,24,57,-1,1,0,0.0,0,0,0,0,0,0,1023,64,0,0,0,0,0,0,0,1023,0,0,61,1,1,0,0.3519493043422699,-0.935936689376831,0.0124201076105237,0.2048283815383911,80.0,72.0,abort_land,3.8111438751220703,0.04218016192317009,-0.04234221577644348,0.8465579152107239,0.11530601233243942,0.3491348624229431,0.3804064095020294
0.827805757522583,0.13315662741661072,0.0,0.4067668159802755,289,1785353074.661852,1.0067485570907593,0.15308310091495514,0.5037851333618164,5.824840545654297,5,8953,90,1,1,0.003053683554753661,1,3197,1.0,0.0,24,57,-1,1,0,0.0,0,0,0,0,0,0,1023,64,0,0,0,0,0,0,0,1023,0,0,61,1,1,0,0.3519493043422699,-0.935936689376831,0.0124201076105237,0.2048283815383911,80.0,72.0,abort_land,3.8111438751220703,0.04218016192317009,-0.04234221577644348,0.8465579152107239,0.11530601233243942,0.3491348624229431,0.3804064095020294
0.827805757522583,0.13315662741661072,0.0,0.40213348070780436,289,1785353074.686569,1.0067485570907593,0.15308310091495514,0.5037851333618164,5.824840545654297,5,8953,90,1,1,0.003053683554753661,1,3197,1.0,0.0,24,57,-1,1,0,0.0,0,0,0,0,0,0,1023,64,0,0,0,0,0,0,0,1023,0,0,61,1,1,0,0.3519493043422699,-0.935936689376831,0.0124201076105237,0.2048283815383911,80.0,72.0,abort_land,3.8111438751220703,0.023954814299941063,-0.046809252351522446,0.8485305309295654,0.11038543283939362,0.3881642818450928,0.3702155649662018
0.827805757522583,0.13315662741661072,0.0,0.39750014543533324,289,1785353074.711636,1.0067485570907593,0.15308310091495514,0.5037851333618164,5.824840545654297,5,8953,90,1,1,0.003053683554753661,1,3197,1.0,0.0,24,57,-1,1,0,0.0,0,0,0,0,0,0,1023,64,0,0,0,0,0,0,0,1023,0,0,61,1,1,0,0.3519493043422699,-0.935936689376831,0.0124201076105237,0.2048283815383911,80.0,72.0,abort_land,3.8111438751220703,0.023954814299941063,-0.046809252351522446,0.8485305309295654,0.11038543283939362,0.3881642818450928,0.3702155649662018
0.827805757522583,0.13315662741661072,0.0,0.3928668101628621,289,1785353074.7335858,1.0067485570907593,0.15308310091495514,0.5037851333618164,5.824840545654297,5,8953,90,1,1,0.003053683554753661,1,3197,1.0,0.0,24,57,-1,1,0,0.0,0,0,0,0,0,0,1023,64,0,0,0,0,0,0,0,1023,0,0,61,1,1,0,0.3519493043422699,-0.935936689376831,0.0124201076105237,0.2048283815383911,80.0,72.0,abort_land,3.8111438751220703,0.006982124410569668,-0.0509444884955883,0.8505422472953796,0.10328392684459686,0.46571946144104004,0.3596173822879791
0.827805757522583,0.13315662741661072,0.0,0.388233474890391,289,1785353074.757879,1.0067485570907593,0.15308310091495514,0.5037851333618164,5.824840545654297,5,8953,90,1,1,0.003053683554753661,1,3197,1.0,0.0,24,57,-1,1,0,0.0,0,0,0,0,0,0,1023,64,0,0,0,0,0,0,0,1023,0,0,61,1,1,0,0.3519493043422699,-0.935936689376831,0.0124201076105237,0.2048283815383911,80.0,72.0,abort_land,3.8111438751220703,0.006982124410569668,-0.0509444884955883,0.8505422472953796,0.10328392684459686,0.46571946144104004,0.3596173822879791
0.827805757522583,0.13315662741661072,0.0,0.38360013961791994,289,1785353074.7785878,1.0067485570907593,0.15308310091495514,0.5037851333618164,5.824840545654297,5,8953,90,1,1,0.003053683554753661,1,3197,1.0,0.0,24,57,-1,1,0,0.0,0,0,0,0,0,0,1023,64,0,0,0,0,0,0,0,1023,0,0,61,1,1,0,0.3519493043422699,-0.935936689376831,0.0124201076105237,0.2048283815383911,80.0,72.0,abort_land,3.8111438751220703,-0.008051769807934761,-0.045617811381816864,0.8518896698951721,0.09905467182397842,0.4211083948612213,0.34997299313545227
0.827805757522583,0.13315662741661072,0.0,0.3789668043454488,289,1785353074.800578,1.0067485570907593,0.15308310091495514,0.5037851333618164,5.824840545654297,5,8953,90,1,1,0.003053683554753661,1,3197,1.0,0.0,24,57,-1,1,0,0.0,0,0,0,0,0,0,1023,64,0,0,0,0,0,0,0,1023,0,0,61,1,1,0,0.3519493043422699,-0.935936689376831,0.0124201076105237,0.2048283815383911,80.0,72.0,abort_land,3.8111438751220703,-0.008051769807934761,-0.045617811381816864,0.8518896698951721,0.09905467182397842,0.4211083948612213,0.34997299313545227
0.827805757522583,0.13315662741661072,0.0,0.3743334690729777,289,1785353074.822575,1.0067485570907593,0.15308310091495514,0.5037851333618164,5.824840545654297,5,8953,90,1,1,0.003053683554753661,1,3197,1.0,0.0,24,57,-1,1,0,0.0,0,0,0,0,0,0,1023,64,0,0,0,0,0,0,0,1023,0,0,61,1,1,0,0.3519493043422699,-0.935936689376831,0.0124201076105237,0.2048283815383911,80.0,72.0,abort_land,3.816422462463379,-0.021486271172761917,-0.03671726584434509,0.8520305752754211,0.09519118070602417,0.4232978820800781,0.3407430946826935
0.827805757522583,0.13315662741661072,0.0,0.3697001338005066,289,1785353074.84774,1.0067485570907593,0.15308310091495514,0.5037851333618164,5.824840545654297,5,8953,90,1,1,0.003053683554753661,1,3197,1.0,0.0,24,57,-1,1,0,0.0,0,0,0,0,0,0,1023,64,0,0,0,0,0,0,0,1023,0,0,62,1,1,0,0.3519493043422699,-0.935936689376831,0.0124201076105237,0.2048283815383911,80.0,72.0,abort_land,3.816422462463379,-0.021486271172761917,-0.03671726584434509,0.8520305752754211,0.09519118070602417,0.4232978820800781,0.3407430946826935
0.827805757522583,0.13315662741661072,0.0,0.3650667985280355,289,1785353074.8728042,1.0067485570907593,0.15308310091495514,0.5037851333618164,5.824840545654297,5,8953,90,1,1,0.003053683554753661,1,3197,1.0,0.0,24,57,-1,1,0,0.0,0,0,0,0,0,0,1023,64,0,0,0,0,0,0,0,1023,0,0,62,1,1,0,0.3519493043422699,-0.935936689376831,0.0124201076105237,0.2048283815383911,80.0,72.0,abort_land,3.816422462463379,-0.03311505168676376,-0.021920310333371162,0.8523036241531372,0.09308106452226639,0.4577493667602539,0.33244195580482483
0.827805757522583,0.13315662741661072,0.0,0.36043346325556436,289,1785353074.897567,1.0067485570907593,0.15308310091495514,0.5037851333618164,5.824840545654297,5,8953,90,1,1,0.003053683554753661,1,3197,1.0,0.0,24,57,-1,1,0,0.0,0,0,0,0,0,0,1023,64,0,0,0,0,0,0,0,1023,0,0,62,1,1,0,0.3519493043422699,-0.935936689376831,0.0124201076105237,0.2048283815383911,80.0,72.0,abort_land,3.816422462463379,-0.03311505168676376,-0.021920310333371162,0.8523036241531372,0.09308106452226639,0.4577493667602539,0.33244195580482483
0.827805757522583,0.13315662741661072,0.0,0.35580012798309324,289,1785353074.922624,1.0067485570907593,0.15308310091495514,0.5037851333618164,5.824840545654297,5,8953,90,1,1,0.003053683554753661,1,3197,1.0,0.0,24,57,-1,1,0,0.0,0,0,0,0,0,0,1023,64,0,0,0,0,0,0,0,1023,0,0,62,1,1,0,0.3519493043422699,-0.935936689376831,0.0124201076105237,0.2048283815383911,80.0,72.0,abort_land,3.8111438751220703,-0.03970418497920036,-0.009051790460944176,0.8526141047477722,0.09020829200744629,0.5041495561599731,0.3232679069042206
0.827805757522583,0.13315662741661072,0.0,0.3511667927106221,289,1785353074.943578,1.0067485570907593,0.15308310091495514,0.5037851333618164,5.824840545654297,5,8953,90,1,1,0.003053683554753661,1,3197,1.0,0.0,24,57,-1,1,0,0.0,0,0,0,0,0,0,1023,64,0,0,0,0,0,0,0,1023,0,0,63,1,1,0,0.3519493043422699,-0.935936689376831,0.0124201076105237,0.2048283815383911,80.0,72.0,abort_land,3.8111438751220703,-0.03970418497920036,-0.009051790460944176,0.8526141047477722,0.09020829200744629,0.5041495561599731,0.3232679069042206
0.827805757522583,0.13315662741661072,0.0,0.346533457438151,289,1785353074.966042,1.0067485570907593,0.15308310091495514,0.5037851333618164,5.824840545654297,5,8953,90,1,1,0.003053683554753661,1,3197,1.0,0.0,24,57,-1,1,0,0.0,0,0,0,0,0,0,1023,64,0,0,0,0,0,0,0,1023,0,0,63,1,1,0,0.3519493043422699,-0.935936689376831,0.0124201076105237,0.2048283815383911,80.0,72.0,abort_land,3.8111438751220703,-0.03970418497920036,-0.009051790460944176,0.8526141047477722,0.09020829200744629,0.5041495561599731,0.3232679069042206
0.827805757522583,0.13315662741661072,0.0,0.3419001221656799,289,1785353074.988898,1.0067485570907593,0.15308310091495514,0.5037851333618164,5.824840545654297,5,8953,90,1,1,0.003053683554753661,1,3197,1.0,0.0,24,57,-1,1,0,0.0,0,0,0,0,0,0,1023,64,0,0,0,0,0,0,0,1023,0,0,63,1,1,0,0.3519493043422699,-0.935936689376831,0.0124201076105237,0.2048283815383911,80.0,72.0,abort_land,3.8111438751220703,-0.04669875651597977,0.004651985131204128,0.852091372013092,0.0883745402097702,0.4880547821521759,0.31351348757743835
0.827805757522583,0.13315662741661072,0.0,0.33726678689320877,289,1785353075.012618,1.0067485570907593,0.15308310091495514,0.5037851333618164,5.824840545654297,5,8953,90,1,1,0.003053683554753661,1,3197,1.0,0.0,24,57,-1,1,0,0.0,0,0,0,0,0,0,1023,64,0,0,0,0,0,0,0,1023,0,0,63,1,1,0,0.3519493043422699,-0.935936689376831,0.0124201076105237,0.2048283815383911,80.0,72.0,abort_land,3.8111438751220703,-0.04669875651597977,0.004651985131204128,0.852091372013092,0.0883745402097702,0.4880547821521759,0.31351348757743835
0.827805757522583,0.13315662741661072,0.0,0.3326334516207377,289,1785353075.036148,1.0067485570907593,0.15308310091495514,0.5037851333618164,5.824840545654297,5,8953,90,1,1,0.003053683554753661,1,3197,1.0,0.0,24,57,-1,1,0,0.0,0,0,0,0,0,0,1023,64,0,0,0,0,0,0,0,1023,0,0,63,1,1,0,0.3519493043422699,-0.935936689376831,0.0124201076105237,0.2048283815383911,80.0,72.0,abort_land,3.816422462463379,-0.04503794386982918,0.0255290400236845,0.855193555355072,0.0903777927160263,0.5475671887397766,0.30640271306037903
0.827805757522583,0.13315662741661072,0.0,0.32800011634826665,289,1785353075.05807,1.0067485570907593,0.15308310091495514,0.5037851333618164,5.824840545654297,5,8953,90,1,1,0.003053683554753661,1,3197,1.0,0.0,24,57,-1,1,0,0.0,0,0,0,0,0,0,1023,64,0,0,0,0,0,0,0,1023,0,0,63,1,1,0,0.3519493043422699,-0.935936689376831,0.0124201076105237,0.2048283815383911,80.0,72.0,abort_land,3.816422462463379,-0.04503794386982918,0.0255290400236845,0.855193555355072,0.0903777927160263,0.5475671887397766,0.30640271306037903
0.827805757522583,0.13315662741661072,0.0,0.32336678107579553,289,1785353075.081663,1.0067485570907593,0.15308310091495514,0.5037851333618164,5.824840545654297,5,8953,90,1,1,0.003053683554753661,1,3197,1.0,0.0,24,57,-1,1,0,0.0,0,0,0,0,0,0,1023,64,0,0,0,0,0,0,0,1023,0,0,63,1,1,0,0.3519493043422699,-0.935936689376831,0.0124201076105237,0.2048283815383911,80.0,72.0,abort_land,3.816422462463379,-0.0316040962934494,0.08169519156217575,0.8634143471717834,0.10944075882434845,0.6271616220474243,0.2964959740638733
0.827805757522583,0.13315662741661072,0.0,0.3187334458033244,289,1785353075.106744,1.0067485570907593,0.15308310091495514,0.5037851333618164,5.824840545654297,5,8953,90,1,1,0.003053683554753661,1,3197,1.0,0.0,24,57,-1,1,0,0.0,0,0,0,0,0,0,1023,64,0,0,0,0,0,0,0,1023,0,0,63,1,1,0,0.3519493043422699,-0.935936689376831,0.0124201076105237,0.2048283815383911,80.0,72.0,abort_land,3.816422462463379,-0.0316040962934494,0.08169519156217575,0.8634143471717834,0.10944075882434845,0.6271616220474243,0.2964959740638733
0.827805757522583,0.13315662741661072,0.0,0.3141001105308533,289,1785353075.127579,1.0067485570907593,0.15308310091495514,0.5037851333618164,5.824840545654297,5,8953,90,1,1,0.003053683554753661,1,3197,1.0,0.0,24,57,-1,1,0,0.0,0,0,0,0,0,0,1023,64,0,0,0,0,0,0,0,1023,0,0,64,1,1,0,0.3519493043422699,-0.935936689376831,0.0124201076105237,0.2048283815383911,80.0,72.0,abort_land,3.8111438751220703,-0.02909768745303154,0.08903349190950394,0.8666902184486389,0.11015281826257706,0.7153273820877075,0.2886696755886078
0.827805757522583,0.13315662741661072,0.0,0.3094667752583822,289,1785353075.152645,1.0067485570907593,0.15308310091495514,0.5037851333618164,5.824840545654297,5,8953,90,1,1,0.003053683554753661,1,3197,1.0,0.0,24,57,-1,1,0,0.0,0,0,0,0,0,0,1023,64,0,0,0,0,0,0,0,1023,0,0,64,1,1,0,0.3519493043422699,-0.935936689376831,0.0124201076105237,0.2048283815383911,80.0,72.0,abort_land,3.8111438751220703,-0.02909768745303154,0.08903349190950394,0.8666902184486389,0.11015281826257706,0.7153273820877075,0.2886696755886078
0.827805757522583,0.13315662741661072,0.0,0.30483343998591106,289,1785353075.175348,1.0067485570907593,0.15308310091495514,0.5037851333618164,5.824840545654297,5,8953,90,1,1,0.003053683554753661,1,3197,1.0,0.0,24,57,-1,1,0,0.0,0,0,0,0,0,0,1023,64,0,0,0,0,0,0,0,1023,0,0,64,1,1,0,0.3519493043422699,-0.935936689376831,0.0124201076105237,0.2048283815383911,80.0,72.0,abort_land,3.8111438751220703,-0.03715291991829872,0.09243638068437576,0.866013765335083,0.11212819814682007,0.7757486701011658,0.2814211845397949
0.827805757522583,0.13315662741661072,0.0,0.30020010471343994,289,1785353075.1995862,1.0067485570907593,0.15308310091495514,0.5037851333618164,5.824840545654297,5,8953,90,1,1,0.003053683554753661,1,3197,1.0,0.0,24,57,-1,1,0,0.0,0,0,0,0,0,0,1023,64,0,0,0,0,0,0,0,1023,0,0,64,1,1,0,0.3519493043422699,-0.935936689376831,0.0124201076105237,0.2048283815383911,80.0,72.0,abort_land,3.8111438751220703,-0.03715291991829872,0.09243638068437576,0.866013765335083,0.11212819814682007,0.7757486701011658,0.2814211845397949
0.827805757522583,0.13315662741661072,0.0,0.2955667694409688,289,1785353075.2215848,1.0067485570907593,0.15308310091495514,0.5037851333618164,5.824840545654297,5,8953,90,1,1,0.003053683554753661,1,3197,1.0,0.0,24,57,-1,1,0,0.0,0,0,0,0,0,0,1023,64,0,0,0,0,0,0,0,1023,0,0,64,1,1,0,0.3519493043422699,-0.935936689376831,0.0124201076105237,0.2048283815383911,80.0,72.0,abort_land,3.816422462463379,-0.033017903566360474,0.08172661811113358,0.8709713220596313,0.11063960939645767,0.7952790260314941,0.27528518438339233
0.827805757522583,0.13315662741661072,0.0,0.2909334341684977,289,1785353075.245737,1.0067485570907593,0.15308310091495514,0.5037851333618164,5.824840545654297,5,8953,90,1,1,0.003053683554753661,1,3197,1.0,0.0,24,57,-1,1,0,0.0,0,0,0,0,0,0,1023,64,0,0,0,0,0,0,0,1023,0,0,65,1,1,0,0.3519493043422699,-0.935936689376831,0.0124201076105237,0.2048283815383911,80.0,72.0,abort_land,3.816422462463379,-0.033017903566360474,0.08172661811113358,0.8709713220596313,0.11063960939645767,0.7952790260314941,0.27528518438339233
0.827805757522583,0.13315662741661072,0.0,0.2863000988960266,289,1785353075.2707999,1.0067485570907593,0.15308310091495514,0.5037851333618164,5.824840545654297,5,8953,90,1,1,0.003053683554753661,1,3197,1.0,0.0,24,57,-1,1,0,0.0,0,0,0,0,0,0,1023,64,0,0,0,0,0,0,0,1023,0,0,65,1,1,0,0.3519493043422699,-0.935936689376831,0.0124201076105237,0.2048283815383911,80.0,72.0,abort_land,3.816422462463379,-0.040838081389665604,0.08363968133926392,0.870422899723053,0.11537132412195206,0.8603017926216125,0.2691155672073364
0.827805757522583,0.13315662741661072,0.0,0.28166676362355547,289,1785353075.2925901,1.0067485570907593,0.15308310091495514,0.5037851333618164,5.824840545654297,5,8953,90,1,1,0.003053683554753661,1,3197,1.0,0.0,24,57,-1,1,0,0.0,0,0,0,0,0,0,1023,64,0,0,0,0,0,0,0,1023,0,0,65,1,1,0,0.3519493043422699,-0.935936689376831,0.0124201076105237,0.2048283815383911,80.0,72.0,abort_land,3.816422462463379,-0.040838081389665604,0.08363968133926392,0.870422899723053,0.11537132412195206,0.8603017926216125,0.2691155672073364
0.827805757522583,0.13315662741661072,0.0,0.27703342835108435,289,1785353075.313952,1.0067485570907593,0.15308310091495514,0.5037851333618164,5.824840545654297,5,8953,90,1,1,0.003053683554753661,1,3197,1.0,0.0,24,57,-1,1,0,0.0,0,0,0,0,0,0,1023,64,0,0,0,0,0,0,0,1023,0,0,65,1,1,0,0.3519493043422699,-0.935936689376831,0.0124201076105237,0.2048283815383911,80.0,72.0,abort_land,3.816422462463379,-0.040838081389665604,0.08363968133926392,0.870422899723053,0.11537132412195206,0.8603017926216125,0.2691155672073364
0.827805757522583,0.13315662741661072,0.0,0.2724000930786133,289,1785353075.335692,1.0067485570907593,0.15308310091495514,0.5037851333618164,5.824840545654297,5,8953,90,1,1,0.003053683554753661,1,3197,1.0,0.0,24,57,-1,1,0,0.0,0,0,0,0,0,0,1023,64,0,0,0,0,0,0,0,1023,0,0,65,1,1,0,0.3519493043422699,-0.935936689376831,0.0124201076105237,0.2048283815383911,80.0,72.0,abort_land,3.8217010498046875,-0.040519993752241135,0.07264093309640884,0.8731091022491455,0.11533339321613312,0.8729313611984253,0.2641792297363281
0.827805757522583,0.13315662741661072,0.0,0.2677667578061421,289,1785353075.3607712,1.0067485570907593,0.15308310091495514,0.5037851333618164,5.824840545654297,5,8953,90,1,1,0.003053683554753661,1,3197,1.0,0.0,24,57,-1,1,0,0.0,0,0,0,0,0,0,1023,64,0,0,0,0,0,0,0,1023,0,0,65,1,1,0,0.3519493043422699,-0.935936689376831,0.0124201076105237,0.2048283815383911,80.0,72.0,abort_land,3.8217010498046875,-0.040519993752241135,0.07264093309640884,0.8731091022491455,0.11533339321613312,0.8729313611984253,0.2641792297363281
0.827805757522583,0.13315662741661072,0.0,0.26313342253367106,289,1785353075.385827,1.0067485570907593,0.15308310091495514,0.5037851333618164,5.824840545654297,5,8953,90,1,1,0.003053683554753661,1,3197,1.0,0.0,24,57,-1,1,0,0.0,0,0,0,0,0,0,1023,64,0,0,0,0,0,0,0,1023,0,0,65,1,1,0,0.3519493043422699,-0.935936689376831,0.0124201076105237,0.2048283815383911,80.0,72.0,abort_land,3.8217010498046875,-0.05082488805055618,0.07133973389863968,0.8717904686927795,0.11842837929725647,0.918114423751831,0.25718390941619873
0.827805757522583,0.13315662741661072,0.0,0.25850008726119994,289,1785353075.4076889,1.0067485570907593,0.15308310091495514,0.5037851333618164,5.824840545654297,5,8953,90,1,1,0.003053683554753661,1,3197,1.0,0.0,24,57,-1,1,0,0.0,0,0,0,0,0,0,1023,64,0,0,0,0,0,0,0,1023,0,0,65,1,1,0,0.3519493043422699,-0.935936689376831,0.0124201076105237,0.2048283815383911,80.0,72.0,abort_land,3.8217010498046875,-0.05082488805055618,0.07133973389863968,0.8717904686927795,0.11842837929725647,0.918114423751831,0.25718390941619873
0.827805757522583,0.13315662741661072,0.0,0.2538667519887288,289,1785353075.430583,1.0067485570907593,0.15308310091495514,0.5037851333618164,5.824840545654297,5,8953,90,1,1,0.003053683554753661,1,3197,1.0,0.0,24,57,-1,1,0,0.0,0,0,0,0,0,0,1023,64,0,0,0,0,0,0,0,1023,0,0,66,1,1,0,0.3519493043422699,-0.935936689376831,0.0124201076105237,0.2048283815383911,80.0,72.0,abort_land,3.8111438751220703,-0.055823154747486115,0.05531406030058861,0.8722525238990784,0.11652787774801254,0.9399347305297852,0.24779240787029266
0.827805757522583,0.13315662741661072,0.0,0.24923341671625776,289,1785353075.451079,1.0067485570907593,0.15308310091495514,0.5037851333618164,5.824840545654297,5,8953,90,1,1,0.003053683554753661,1,3197,1.0,0.0,24,57,-1,1,0,0.0,0,0,0,0,0,0,1023,64,0,0,0,0,0,0,0,1023,0,0,66,1,1,0,0.3519493043422699,-0.935936689376831,0.0124201076105237,0.2048283815383911,80.0,72.0,abort_land,3.8111438751220703,-0.055823154747486115,0.05531406030058861,0.8722525238990784,0.11652787774801254,0.9399347305297852,0.24779240787029266
0.827805757522583,0.13315662741661072,0.0,0.2446000814437866,289,1785353075.472579,1.0067485570907593,0.15308310091495514,0.5037851333618164,5.824840545654297,5,8953,90,1,1,0.003053683554753661,1,3197,1.0,0.0,24,57,-1,1,0,0.0,0,0,0,0,0,0,1023,64,0,0,0,0,0,0,0,1023,0,0,66,1,1,0,0.3519493043422699,-0.935936689376831,0.0124201076105237,0.2048283815383911,80.0,72.0,abort_land,3.8111438751220703,-0.11009758710861206,0.008280142210423946,0.8572284579277039,0.10384812951087952,0.8510332703590393,0.23922505974769592
0.827805757522583,0.13315662741661072,0.0,0.23996674617131553,289,1785353075.497626,1.0067485570907593,0.15308310091495514,0.5037851333618164,5.824840545654297,5,8953,90,1,1,0.003053683554753661,1,3197,1.0,0.0,24,57,-1,1,0,0.0,0,0,0,0,0,0,1023,64,0,0,0,0,0,0,0,1023,0,0,66,1,1,0,0.3519493043422699,-0.935936689376831,0.0124201076105237,0.2048283815383911,80.0,72.0,abort_land,3.8111438751220703,-0.11009758710861206,0.008280142210423946,0.8572284579277039,0.10384812951087952,0.8510332703590393,0.23922505974769592
0.827805757522583,0.13315662741661072,0.0,0.2353334108988444,289,1785353075.518624,1.0067485570907593,0.15308310091495514,0.5037851333618164,5.824840545654297,5,8953,90,1,1,0.003053683554753661,1,3197,1.0,0.0,24,57,-1,1,0,0.0,0,0,0,0,0,0,1023,64,0,0,0,0,0,0,0,1023,0,0,66,1,1,0,0.3519493043422699,-0.935936689376831,0.0124201076105237,0.2048283815383911,80.0,72.0,abort_land,3.8111438751220703,-0.11009758710861206,0.008280142210423946,0.8572284579277039,0.10384812951087952,0.8510332703590393,0.23922505974769592
0.827805757522583,0.13315662741661072,0.0,0.2307000756263733,289,1785353075.54295,1.0067485570907593,0.15308310091495514,0.5037851333618164,5.824840545654297,5,8953,90,1,1,0.003053683554753661,1,3197,1.0,0.0,24,57,-1,1,0,0.0,0,0,0,0,0,0,1023,64,0,0,0,0,0,0,0,1023,0,0,67,1,1,0,0.3519493043422699,-0.935936689376831,0.0124201076105237,0.2048283815383911,80.0,72.0,abort_land,3.816422462463379,-0.10360922664403915,0.001826147548854351,0.8578122854232788,0.10327053815126419,0.8919779658317566,0.23196879029273987
0.827805757522583,0.13315662741661072,0.0,0.22606674035390217,289,1785353075.563571,1.0067485570907593,0.15308310091495514,0.5037851333618164,5.824840545654297,5,8953,90,1,1,0.003053683554753661,1,3197,1.0,0.0,24,57,-1,1,0,0.0,0,0,0,0,0,0,1023,64,0,0,0,0,0,0,0,1023,0,0,67,1,1,0,0.3519493043422699,-0.935936689376831,0.0124201076105237,0.2048283815383911,80.0,72.0,abort_land,3.816422462463379,-0.10360922664403915,0.001826147548854351,0.8578122854232788,0.10327053815126419,0.8919779658317566,0.23196879029273987
0.827805757522583,0.13315662741661072,0.0,0.22143340508143106,289,1785353075.5885792,1.0067485570907593,0.15308310091495514,0.5037851333618164,5.824840545654297,5,8953,90,1,1,0.003053683554753661,1,3197,1.0,0.0,24,57,-1,1,0,0.0,0,0,0,0,0,0,1023,64,0,0,0,0,0,0,0,1023,0,0,67,1,1,0,0.3519493043422699,-0.935936689376831,0.0124201076105237,0.2048283815383911,80.0,72.0,abort_land,3.816422462463379,-0.09210195392370224,0.0031662064138799906,0.8586903214454651,0.10311738401651382,0.9101879596710205,0.22709161043167114
0.827805757522583,0.13315662741661072,0.0,0.21680006980895994,289,1785353075.612611,1.0067485570907593,0.15308310091495514,0.5037851333618164,5.824840545654297,5,8953,90,1,1,0.003053683554753661,1,3197,1.0,0.0,24,57,-1,1,0,0.0,0,0,0,0,0,0,1023,64,0,0,0,0,0,0,0,1023,0,0,67,1,1,0,0.3519493043422699,-0.935936689376831,0.0124201076105237,0.2048283815383911,80.0,72.0,abort_land,3.816422462463379,-0.09210195392370224,0.0031662064138799906,0.8586903214454651,0.10311738401651382,0.9101879596710205,0.22709161043167114
0.827805757522583,0.13315662741661072,0.0,0.21216673453648882,289,1785353075.635635,1.0067485570907593,0.15308310091495514,0.5037851333618164,5.824840545654297,5,8953,90,1,1,0.003053683554753661,1,3197,1.0,0.0,24,57,-1,1,0,0.0,0,0,0,0,0,0,1023,64,0,0,0,0,0,0,0,1023,0,0,68,1,1,0,0.3519493043422699,-0.935936689376831,0.0124201076105237,0.2048283815383911,80.0,72.0,abort_land,3.8217010498046875,-0.08750207722187042,0.00848963763564825,0.8568333983421326,0.10254644602537155,0.9207680225372314,0.2212085872888565
0.827805757522583,0.13315662741661072,0.0,0.2075333992640177,289,1785353075.6607108,1.0067485570907593,0.15308310091495514,0.5037851333618164,5.824840545654297,5,8953,90,1,1,0.003053683554753661,1,3197,1.0,0.0,24,57,-1,1,0,0.0,0,0,0,0,0,0,1023,64,0,0,0,0,0,0,0,1023,0,0,68,1,1,0,0.3519493043422699,-0.935936689376831,0.0124201076105237,0.2048283815383911,80.0,72.0,abort_land,3.8217010498046875,-0.08750207722187042,0.00848963763564825,0.8568333983421326,0.10254644602537155,0.9207680225372314,0.2212085872888565
0.827805757522583,0.13315662741661072,0.0,0.20290006399154664,289,1785353075.682666,1.0067485570907593,0.15308310091495514,0.5037851333618164,5.824840545654297,5,8953,90,1,1,0.003053683554753661,1,3197,1.0,0.0,24,57,-1,1,0,0.0,0,0,0,0,0,0,1023,64,0,0,0,0,0,0,0,1023,0,0,68,1,1,0,0.3519493043422699,-0.935936689376831,0.0124201076105237,0.2048283815383911,80.0,72.0,abort_land,3.8217010498046875,-0.08616352826356888,0.020283468067646027,0.853758692741394,0.1032325029373169,0.9595548510551453,0.21457135677337646
0.827805757522583,0.13315662741661072,0.0,0.19826672871907552,289,1785353075.706679,1.0067485570907593,0.15308310091495514,0.5037851333618164,5.824840545654297,5,8953,90,1,1,0.003053683554753661,1,3197,1.0,0.0,24,57,-1,1,0,0.0,0,0,0,0,0,0,1023,64,0,0,0,0,0,0,0,1023,0,0,68,1,1,0,0.3519493043422699,-0.935936689376831,0.0124201076105237,0.2048283815383911,80.0,72.0,abort_land,3.8217010498046875,-0.08616352826356888,0.020283468067646027,0.853758692741394,0.1032325029373169,0.9595548510551453,0.21457135677337646
0.827805757522583,0.13315662741661072,0.0,0.1936333934466044,289,1785353075.730554,1.0067485570907593,0.15308310091495514,0.5037851333618164,5.824840545654297,5,8953,90,1,1,0.003053683554753661,1,3197,1.0,0.0,24,57,-1,1,0,0.0,0,0,0,0,0,0,1023,64,0,0,0,0,0,0,0,1023,0,0,68,1,1,0,0.3519493043422699,-0.935936689376831,0.0124201076105237,0.2048283815383911,80.0,72.0,abort_land,3.8217010498046875,-0.06819945573806763,0.03548813238739967,0.8549062013626099,0.10527557134628296,0.9888949990272522,0.20827162265777588
0.827805757522583,0.13315662741661072,0.0,0.1890000581741333,289,1785353075.754546,1.0067485570907593,0.15308310091495514,0.5037851333618164,5.824840545654297,5,8953,90,1,1,0.003053683554753661,1,3197,1.0,0.0,24,57,-1,1,0,0.0,0,0,0,0,0,0,1023,64,0,0,0,0,0,0,0,1023,0,0,68,1,1,0,0.3519493043422699,-0.935936689376831,0.0124201076105237,0.2048283815383911,80.0,72.0,abort_land,3.8217010498046875,-0.06819945573806763,0.03548813238739967,0.8549062013626099,0.10527557134628296,0.9888949990272522,0.20827162265777588
0.827805757522583,0.13315662741661072,0.0,0.18436672290166217,289,1785353075.777787,1.0067485570907593,0.15308310091495514,0.5037851333618164,5.824840545654297,5,8953,90,1,1,0.003053683554753661,1,3197,1.0,0.0,24,57,-1,1,0,0.0,0,0,0,0,0,0,1023,64,0,0,0,0,0,0,0,1023,0,0,68,1,1,0,0.3519493043422699,-0.935936689376831,0.0124201076105237,0.2048283815383911,80.0,72.0,abort_land,3.8217010498046875,-0.04491649195551872,0.04372275620698929,0.8574820756912231,0.10618924349546432,0.9898382425308228,0.20025648176670074
0.827805757522583,0.13315662741661072,0.0,0.1797333876291911,289,1785353075.802847,1.0067485570907593,0.15308310091495514,0.5037851333618164,5.824840545654297,5,8953,90,1,1,0.003053683554753661,1,3197,1.0,0.0,24,57,-1,1,0,0.0,0,0,0,0,0,0,1023,64,0,0,0,0,0,0,0,1023,0,0,68,1,1,0,0.3519493043422699,-0.935936689376831,0.0124201076105237,0.2048283815383911,80.0,72.0,abort_land,3.8217010498046875,-0.04491649195551872,0.04372275620698929,0.8574820756912231,0.10618924349546432,0.9898382425308228,0.20025648176670074
0.827805757522583,0.13315662741661072,0.0,0.17510005235671994,289,1785353075.825732,1.0067485570907593,0.15308310091495514,0.5037851333618164,5.824840545654297,5,8953,90,1,1,0.003053683554753661,1,3197,1.0,0.0,24,57,-1,1,0,0.0,0,0,0,0,0,0,1023,64,0,0,0,0,0,0,0,1023,0,0,69,1,1,0,0.3519493043422699,-0.935936689376831,0.0124201076105237,0.2048283815383911,80.0,72.0,abort_land,3.816422462463379,-0.0348329059779644,0.048925817012786865,0.8576086163520813,0.10709936916828156,1.024598479270935,0.1924247145652771
0.827805757522583,0.13315662741661072,0.0,0.17046671708424888,289,1785353075.846623,1.0067485570907593,0.15308310091495514,0.5037851333618164,5.824840545654297,5,8953,90,1,1,0.003053683554753661,1,3197,1.0,0.0,24,57,-1,1,0,0.0,0,0,0,0,0,0,1023,64,0,0,0,0,0,0,0,1023,0,0,69,1,1,0,0.3519493043422699,-0.935936689376831,0.0124201076105237,0.2048283815383911,80.0,72.0,abort_land,3.816422462463379,-0.0348329059779644,0.048925817012786865,0.8576086163520813,0.10709936916828156,1.024598479270935,0.1924247145652771
0.827805757522583,0.13315662741661072,0.0,0.1658333818117777,289,1785353075.869761,1.0067485570907593,0.15308310091495514,0.5037851333618164,5.824840545654297,5,8953,90,1,1,0.003053683554753661,1,3197,1.0,0.0,24,57,-1,1,0,0.0,0,0,0,0,0,0,1023,64,0,0,0,0,0,0,0,1023,0,0,69,1,1,0,0.3519493043422699,-0.935936689376831,0.0124201076105237,0.2048283815383911,80.0,72.0,abort_land,3.816422462463379,-0.02819911204278469,0.06388659030199051,0.8577266335487366,0.11086033284664154,1.0481116771697998,0.18799905478954315
0.827805757522583,0.13315662741661072,0.0,0.16120004653930664,289,1785353075.8948128,1.0067485570907593,0.15308310091495514,0.5037851333618164,5.824840545654297,5,8953,90,1,1,0.003053683554753661,1,3197,1.0,0.0,24,57,-1,1,0,0.0,0,0,0,0,0,0,1023,64,0,0,0,0,0,0,0,1023,0,0,69,1,1,0,0.3519493043422699,-0.935936689376831,0.0124201076105237,0.2048283815383911,80.0,72.0,abort_land,3.816422462463379,-0.02819911204278469,0.06388659030199051,0.8577266335487366,0.11086033284664154,1.0481116771697998,0.18799905478954315
0.827805757522583,0.13315662741661072,0.0,0.15656671126683552,289,1785353075.919154,1.0067485570907593,0.15308310091495514,0.5037851333618164,5.824840545654297,5,8953,90,1,1,0.003053683554753661,1,3197,1.0,0.0,24,57,-1,1,0,0.0,0,0,0,0,0,0,1023,64,0,0,0,0,0,0,0,1023,0,0,69,1,1,0,0.3519493043422699,-0.935936689376831,0.0124201076105237,0.2048283815383911,80.0,72.0,abort_land,3.8217010498046875,-0.02819911204278469,0.06388659030199051,0.8577266335487366,0.11086033284664154,1.0481116771697998,0.18799905478954315
0.827805757522583,0.13315662741661072,0.0,0.1519333759943644,289,1785353075.9426649,1.0067485570907593,0.15308310091495514,0.5037851333618164,5.824840545654297,5,8953,90,1,1,0.003053683554753661,1,3197,1.0,0.0,24,57,-1,1,0,0.0,0,0,0,0,0,0,1023,64,0,0,0,0,0,0,0,1023,0,0,70,1,1,0,0.3519493043422699,-0.935936689376831,0.0124201076105237,0.2048283815383911,80.0,72.0,abort_land,3.8217010498046875,-0.026942525058984756,0.07358503341674805,0.85724276304245,0.1145247295498848,1.0736507177352905,0.1791628897190094
0.827805757522583,0.13315662741661072,0.0,0.14730004072189334,289,1785353075.963572,1.0067485570907593,0.15308310091495514,0.5037851333618164,5.824840545654297,5,8953,90,1,1,0.003053683554753661,1,3197,1.0,0.0,24,57,-1,1,0,0.0,0,0,0,0,0,0,1023,64,0,0,0,0,0,0,0,1023,0,0,70,1,1,0,0.3519493043422699,-0.935936689376831,0.0124201076105237,0.2048283815383911,80.0,72.0,abort_land,3.8217010498046875,-0.026942525058984756,0.07358503341674805,0.85724276304245,0.1145247295498848,1.0736507177352905,0.1791628897190094
0.827805757522583,0.13315662741661072,0.0,0.14266670544942217,289,1785353075.984565,1.0067485570907593,0.15308310091495514,0.5037851333618164,5.824840545654297,5,8953,90,1,1,0.003053683554753661,1,3197,1.0,0.0,24,57,-1,1,0,0.0,0,0,0,0,0,0,1023,64,0,0,0,0,0,0,0,1023,0,0,70,1,1,0,0.3519493043422699,-0.935936689376831,0.0124201076105237,0.2048283815383911,80.0,72.0,abort_land,3.8217010498046875,-0.027304941788315773,0.08238168060779572,0.8568384647369385,0.1191265657544136,1.0804567337036133,0.17506636679172516
0.827805757522583,0.13315662741661072,0.0,0.1380333701769511,289,1785353076.0055969,1.0067485570907593,0.15308310091495514,0.5037851333618164,5.824840545654297,5,8953,90,1,1,0.003053683554753661,1,3197,1.0,0.0,24,57,-1,1,0,0.0,0,0,0,0,0,0,1023,64,0,0,0,0,0,0,0,1023,0,0,70,1,1,0,0.3519493043422699,-0.935936689376831,0.0124201076105237,0.2048283815383911,80.0,72.0,abort_land,3.8217010498046875,-0.027304941788315773,0.08238168060779572,0.8568384647369385,0.1191265657544136,1.0804567337036133,0.17506636679172516
0.827805757522583,0.13315662741661072,0.0,0.13340003490447994,289,1785353076.028627,1.0067485570907593,0.15308310091495514,0.5037851333618164,5.824840545654297,5,8953,90,1,1,0.003053683554753661,1,3197,1.0,0.0,24,57,-1,1,0,0.0,0,0,0,0,0,0,1023,64,0,0,0,0,0,0,0,1023,0,0,70,1,1,0,0.3519493043422699,-0.935936689376831,0.0124201076105237,0.2048283815383911,80.0,72.0,abort_land,3.8217010498046875,-0.02710040844976902,0.08973342925310135,0.8565070629119873,0.1243262067437172,1.0569952726364136,0.16771644353866577
0.827805757522583,0.13315662741661072,0.0,0.12876669963200887,289,1785353076.05357,1.0067485570907593,0.15308310091495514,0.5037851333618164,5.824840545654297,5,8953,90,1,1,0.003053683554753661,1,3197,1.0,0.0,24,57,-1,1,0,0.0,0,0,0,0,0,0,1023,64,0,0,0,0,0,0,0,1023,0,0,70,1,1,0,0.3519493043422699,-0.935936689376831,0.0124201076105237,0.2048283815383911,80.0,72.0,abort_land,3.8217010498046875,-0.02710040844976902,0.08973342925310135,0.8565070629119873,0.1243262067437172,1.0569952726364136,0.16771644353866577
0.827805757522583,0.13315662741661072,0.0,0.12413336435953776,289,1785353076.07455,1.0067485570907593,0.15308310091495514,0.5037851333618164,5.824840545654297,5,8953,90,1,1,0.003053683554753661,1,3197,1.0,0.0,24,57,-1,1,0,0.0,0,0,0,0,0,0,1023,64,0,0,0,0,0,0,0,1023,0,0,70,1,1,0,0.3519493043422699,-0.935936689376831,0.0124201076105237,0.2048283815383911,80.0,72.0,abort_land,3.8217010498046875,-0.0257968008518219,0.079124815762043,0.8564329743385315,0.12717877328395844,1.0791096687316895,0.15998779237270355
0.827805757522583,0.13315662741661072,0.0,0.11950002908706664,289,1785353076.099055,1.0067485570907593,0.15308310091495514,0.5037851333618164,5.824840545654297,5,8953,90,1,1,0.003053683554753661,1,3197,1.0,0.0,24,57,-1,1,0,0.0,0,0,0,0,0,0,1023,64,0,0,0,0,0,0,0,1023,0,0,70,1,1,0,0.3519493043422699,-0.935936689376831,0.0124201076105237,0.2048283815383911,80.0,72.0,abort_land,3.8217010498046875,-0.0257968008518219,0.079124815762043,0.8564329743385315,0.12717877328395844,1.0791096687316895,0.15998779237270355
0.827805757522583,0.13315662741661072,0.0,0.11486669381459552,289,1785353076.121783,1.0067485570907593,0.15308310091495514,0.5037851333618164,5.824840545654297,5,8953,90,1,1,0.003053683554753661,1,3197,1.0,0.0,24,57,-1,1,0,0.0,0,0,0,0,0,0,1023,64,0,0,0,0,0,0,0,1023,0,0,70,1,1,0,0.3519493043422699,-0.935936689376831,0.0124201076105237,0.2048283815383911,80.0,72.0,abort_land,3.8111438751220703,-0.017245251685380936,0.07532292604446411,0.857265293598175,0.1315116435289383,1.0492364168167114,0.14961035549640656
0.827805757522583,0.13315662741661072,0.0,0.1102333585421244,289,1785353076.143567,1.0067485570907593,0.15308310091495514,0.5037851333618164,5.824840545654297,5,8953,90,1,1,0.003053683554753661,1,3197,1.0,0.0,24,57,-1,1,0,0.0,0,0,0,0,0,0,1023,64,0,0,0,0,0,0,0,1023,0,0,71,1,1,0,0.3519493043422699,-0.935936689376831,0.0124201076105237,0.2048283815383911,80.0,72.0,abort_land,3.8111438751220703,-0.017245251685380936,0.07532292604446411,0.857265293598175,0.1315116435289383,1.0492364168167114,0.14961035549640656
0.827805757522583,0.13315662741661072,0.0,0.10560002326965329,289,1785353076.167565,1.0067485570907593,0.15308310091495514,0.5037851333618164,5.824840545654297,5,8953,90,1,1,0.003053683554753661,1,3197,1.0,0.0,24,57,-1,1,0,0.0,0,0,0,0,0,0,1023,64,0,0,0,0,0,0,0,1023,0,0,71,1,1,0,0.3519493043422699,-0.935936689376831,0.0124201076105237,0.2048283815383911,80.0,72.0,abort_land,3.8111438751220703,-0.017245251685380936,0.07532292604446411,0.857265293598175,0.1315116435289383,1.0492364168167114,0.14961035549640656
0.827805757522583,0.13315662741661072,0.0,0.10096668799718223,289,1785353076.19086,1.0067485570907593,0.15308310091495514,0.5037851333618164,5.824840545654297,5,8953,90,1,1,0.003053683554753661,1,3197,1.0,0.0,24,57,-1,1,0,0.0,0,0,0,0,0,0,1023,64,0,0,0,0,0,0,0,1023,0,0,71,1,1,0,0.3519493043422699,-0.935936689376831,0.0124201076105237,0.2048283815383911,80.0,72.0,abort_land,3.8111438751220703,-0.01832781359553337,0.06469897925853729,0.8569690585136414,0.13478495180606842,1.02199125289917,0.14139598608016968
0.827805757522583,0.13315662741661072,0.0,0.09633335272471111,289,1785353076.2119591,1.0067485570907593,0.15308310091495514,0.5037851333618164,5.824840545654297,5,8953,90,1,1,0.003053683554753661,1,3197,1.0,0.0,24,57,-1,1,0,0.0,0,0,0,0,0,0,1023,64,0,0,0,0,0,0,0,1023,0,0,71,1,1,0,0.3519493043422699,-0.935936689376831,0.0124201076105237,0.2048283815383911,80.0,72.0,abort_land,3.8111438751220703,-0.01832781359553337,0.06469897925853729,0.8569690585136414,0.13478495180606842,1.02199125289917,0.14139598608016968
0.827805757522583,0.13315662741661072,0.0,0.09170001745223999,289,1785353076.233846,1.0067485570907593,0.15308310091495514,0.5037851333618164,5.824840545654297,5,8953,90,1,1,0.003053683554753661,1,3197,1.0,0.0,24,57,-1,1,0,0.0,0,0,0,0,0,0,1023,64,0,0,0,0,0,0,0,1023,0,0,72,1,1,0,0.3519493043422699,-0.935936689376831,0.0124201076105237,0.2048283815383911,80.0,72.0,abort_land,3.816422462463379,-0.017799723893404007,0.05615322291851044,0.8569406867027283,0.13803888857364655,0.9121758937835693,0.1338222324848175
0.827805757522583,0.13315662741661072,0.0,0.08706668217976887,289,1785353076.258293,1.0067485570907593,0.15308310091495514,0.5037851333618164,5.824840545654297,5,8953,90,1,1,0.003053683554753661,1,3197,1.0,0.0,24,57,-1,1,0,0.0,0,0,0,0,0,0,1023,64,0,0,0,0,0,0,0,1023,0,0,72,1,1,0,0.3519493043422699,-0.935936689376831,0.0124201076105237,0.2048283815383911,80.0,72.0,abort_land,3.816422462463379,-0.017799723893404007,0.05615322291851044,0.8569406867027283,0.13803888857364655,0.9121758937835693,0.1338222324848175
0.827805757522583,0.13315662741661072,0.0,0.08243334690729776,289,1785353076.2818198,1.0067485570907593,0.15308310091495514,0.5037851333618164,5.824840545654297,5,8953,90,1,1,0.003053683554753661,1,3197,1.0,0.0,24,57,-1,1,0,0.0,0,0,0,0,0,0,1023,64,0,0,0,0,0,0,0,1023,0,0,72,1,1,0,0.3519493043422699,-0.935936689376831,0.0124201076105237,0.2048283815383911,80.0,72.0,abort_land,3.816422462463379,-0.018154039978981018,0.04062732681632042,0.8566197156906128,0.14001283049583435,0.826862633228302,0.12474285066127777
0.827805757522583,0.13315662741661072,0.0,0.07780001163482664,289,1785353076.302567,1.0067485570907593,0.15308310091495514,0.5037851333618164,5.824840545654297,5,8953,90,1,1,0.003053683554753661,1,3197,1.0,0.0,24,57,-1,1,0,0.0,0,0,0,0,0,0,1023,64,0,0,0,0,0,0,0,1023,0,0,72,1,1,0,0.3519493043422699,-0.935936689376831,0.0124201076105237,0.2048283815383911,80.0,72.0,abort_land,3.816422462463379,-0.018154039978981018,0.04062732681632042,0.8566197156906128,0.14001283049583435,0.826862633228302,0.12474285066127777
0.827805757522583,0.13315662741661072,0.0,0.07316667636235552,289,1785353076.325572,1.0067485570907593,0.15308310091495514,0.5037851333618164,5.824840545654297,5,8953,90,1,1,0.003053683554753661,1,3197,1.0,0.0,24,57,-1,1,0,0.0,0,0,0,0,0,0,1023,64,0,0,0,0,0,0,0,1023,0,0,72,1,1,0,0.3519493043422699,-0.935936689376831,0.0124201076105237,0.2048283815383911,80.0,72.0,abort_land,3.816422462463379,-0.0018186771776527166,0.04866805300116539,0.8579043745994568,0.1431363821029663,0.8129866719245911,0.11493320763111115
0.827805757522583,0.13315662741661072,0.0,0.06853334108988446,289,1785353076.3484428,1.0067485570907593,0.15308310091495514,0.5037851333618164,5.824840545654297,5,8953,90,1,1,0.003053683554753661,1,3197,1.0,0.0,24,57,-1,1,0,0.0,0,0,0,0,0,0,1023,64,0,0,0,0,0,0,0,1023,0,0,72,1,1,0,0.3519493043422699,-0.935936689376831,0.0124201076105237,0.2048283815383911,80.0,72.0,abort_land,3.816422462463379,-0.0018186771776527166,0.04866805300116539,0.8579043745994568,0.1431363821029663,0.8129866719245911,0.11493320763111115
0.827805757522583,0.13315662741661072,0.0,0.06390000581741329,289,1785353076.368874,1.0067485570907593,0.15308310091495514,0.5037851333618164,5.824840545654297,5,8953,90,1,1,0.003053683554753661,1,3197,1.0,0.0,24,57,-1,1,0,0.0,0,0,0,0,0,0,1023,64,0,0,0,0,0,0,0,1023,0,0,72,1,1,0,0.3519493043422699,-0.935936689376831,0.0124201076105237,0.2048283815383911,80.0,72.0,abort_land,3.816422462463379,-0.0018186771776527166,0.04866805300116539,0.8579043745994568,0.1431363821029663,0.8129866719245911,0.11493320763111115
0.827805757522583,0.13315662741661072,0.0,0.059266670544942224,289,1785353076.3915431,1.0067485570907593,0.15308310091495514,0.5037851333618164,5.824840545654297,5,8953,90,1,1,0.003053683554753661,1,3197,1.0,0.0,24,57,-1,1,0,0.0,0,0,0,0,0,0,1023,64,0,0,0,0,0,0,0,1023,0,0,72,1,1,0,0.3519493043422699,-0.935936689376831,0.0124201076105237,0.2048283815383911,80.0,72.0,abort_land,3.816422462463379,-0.009328552521765232,0.022926045581698418,0.857644259929657,0.14415299892425537,0.7873563170433044,0.10761338472366333
0.827805757522583,0.13315662741661072,0.0,0.05463333527247105,289,1785353076.4166,1.0067485570907593,0.15308310091495514,0.5037851333618164,5.824840545654297,5,8953,90,1,1,0.003053683554753661,1,3197,1.0,0.0,24,57,-1,1,0,0.0,0,0,0,0,0,0,1023,64,0,0,0,0,0,0,0,1023,0,0,72,1,1,0,0.3519493043422699,-0.935936689376831,0.0124201076105237,0.2048283815383911,80.0,72.0,abort_land,3.816422462463379,-0.009328552521765232,0.022926045581698418,0.857644259929657,0.14415299892425537,0.7873563170433044,0.10761338472366333
0.827805757522583,0.13315662741661072,0.0,0.04999999999999999,289,1785353076.441149,1.0067485570907593,0.15308310091495514,0.5037851333618164,5.824840545654297,5,8953,90,1,1,0.003053683554753661,1,3197,1.0,0.0,24,57,-1,1,0,0.0,0,0,0,0,0,0,1023,64,0,0,0,0,0,0,0,1023,0,0,73,1,1,0,0.3519493043422699,-0.935936689376831,0.0124201076105237,0.2048283815383911,80.0,72.0,abort_land,3.8217010498046875,-0.015730705112218857,0.006335980258882046,0.8572487235069275,0.14456985890865326,0.7491844296455383,0.09926893562078476
