cmd_x,cmd_y,cmd_yaw_deg,cmd_z,gate8.stackFree,host_time,mpcDiag.outX,mpcDiag.outY,mpcDiag.outZ,mpcDiag.yawCmd,obs.iter,obs.mpcUs,percept.ageMs,percept.applied,percept.corridor,percept.ctrDanger,percept.hold,percept.holdAge,percept.maxDanger,percept.minTtc,percept.nCstr,percept.sample,percept.side,percept.valid,perceptGridA.r0,perceptGridA.r1,perceptGridA.r2,perceptGridA.r3,perceptGridA.r4,perceptGridB.r5,perceptGridB.r6,perceptGridB.r7,perceptGridB.r8,perceptGridB.r9,perceptMap.crcErr,perceptMap.invalid,perceptMap.rxOk,perceptMass.cells,perceptMass.centerQ,perceptMass.cluster,perceptMass.detected,perceptMass.maxQ,perceptPath.hit,perceptPath.knot,perceptPath.q,perceptPath.safeL,perceptPath.safeR,perceptPath.u,perceptPath.v,perceptPlane.ax,perceptPlane.ay,perceptPlane.az,perceptPlane.b,perceptPlane.lineU,perceptPlane.safeU,perceptVio.plan,perceptVio.state,phase,pm.vbat,stateEstimate.vx,stateEstimate.vy,stateEstimate.x,stateEstimate.y,stateEstimate.yaw,stateEstimate.z
0.0,0.0,0.0,0.05,0,1785358372.793673,0.0,0.0,0.0,0.0,0,0,0,0,0,0.0,0,0,0.0,0.0,0,0,0,0,0,0,0,0,0,0,0,0,0,0,0,0,0,0,0,0,0,0,0,0,0,255,255,0.0,0.0,0.0,0.0,0.0,0.0,0.0,0.0,0.0,0.0,takeoff,3.9800586700439453,-0.002312116092070937,-0.0017325914232060313,-0.00023320017498917878,-0.0002600110019557178,0.03146623447537422,0.0132322171702981
0.0,0.0,0.0,0.05454545454545455,0,1785358372.8150558,0.0,0.0,0.0,0.0,0,0,0,0,0,0.0,0,0,0.0,0.0,0,0,0,0,0,0,0,0,0,0,0,0,0,0,0,0,0,0,0,0,0,0,0,0,0,255,255,0.0,0.0,0.0,0.0,0.0,0.0,0.0,0.0,0.0,0.0,takeoff,3.9800586700439453,-0.002312116092070937,-0.0017325914232060313,-0.00023320017498917878,-0.0002600110019557178,0.03146623447537422,0.0132322171702981
0.0,0.0,0.0,0.0590909090909091,0,1785358372.8352041,0.0,0.0,0.0,0.0,0,0,0,0,0,0.0,0,0,0.0,0.0,0,0,0,0,0,0,0,0,0,0,0,0,0,0,0,0,0,0,0,0,0,0,0,0,0,255,255,0.0,0.0,0.0,0.0,0.0,0.0,0.0,0.0,0.0,0.0,takeoff,3.9800586700439453,-0.0042768255807459354,0.004803299438208342,-0.0005438303924165666,0.000931688817217946,0.033486682921648026,0.013435655273497105
0.0,0.0,0.0,0.06363636363636364,0,1785358372.855989,0.0,0.0,0.0,0.0,0,0,0,0,0,0.0,0,0,0.0,0.0,0,0,0,0,0,0,0,0,0,0,0,0,0,0,0,0,0,0,0,0,0,0,0,0,0,255,255,0.0,0.0,0.0,0.0,0.0,0.0,0.0,0.0,0.0,0.0,takeoff,3.9800586700439453,-0.0042768255807459354,0.004803299438208342,-0.0005438303924165666,0.000931688817217946,0.033486682921648026,0.013435655273497105
0.0,0.0,0.0,0.06818181818181819,0,1785358372.881067,0.0,0.0,0.0,0.0,0,0,0,0,0,0.0,0,0,0.0,0.0,0,0,0,0,0,0,0,0,0,0,0,0,0,0,0,0,0,0,0,0,0,0,0,0,0,255,255,0.0,0.0,0.0,0.0,0.0,0.0,0.0,0.0,0.0,0.0,takeoff,3.7266862392425537,-0.006512760650366545,0.003618006594479084,-0.00043444879702292383,0.0008072621421888471,0.023878544569015503,0.013406616635620594
0.0,0.0,0.0,0.07272727272727272,0,1785358372.9059782,0.0,0.0,0.0,0.0,0,0,0,0,0,0.0,0,0,0.0,0.0,0,0,0,0,0,0,0,0,0,0,0,0,0,0,0,0,0,0,0,0,0,0,0,0,0,255,255,0.0,0.0,0.0,0.0,0.0,0.0,0.0,0.0,0.0,0.0,takeoff,3.7266862392425537,-0.006512760650366545,0.003618006594479084,-0.00043444879702292383,0.0008072621421888471,0.023878544569015503,0.013406616635620594
0.0,0.0,0.0,0.07727272727272727,0,1785358372.9293592,0.0,0.0,0.0,0.0,0,0,0,0,0,0.0,0,0,0.0,0.0,0,0,0,0,0,0,0,0,0,0,0,0,0,0,0,0,0,0,0,0,0,0,0,0,0,255,255,0.0,0.0,0.0,0.0,0.0,0.0,0.0,0.0,0.0,0.0,takeoff,3.7266862392425537,-0.009944413788616657,0.0002169622021028772,-0.0005519786500371993,0.0001225225132657215,0.05563269555568695,0.013177424669265747
0.0,0.0,0.0,0.08181818181818182,0,1785358372.9508102,0.0,0.0,0.0,0.0,0,0,0,0,0,0.0,0,0,0.0,0.0,0,0,0,0,0,0,0,0,0,0,0,0,0,0,0,0,0,0,0,0,0,0,0,0,0,255,255,0.0,0.0,0.0,0.0,0.0,0.0,0.0,0.0,0.0,0.0,takeoff,3.7266862392425537,-0.009944413788616657,0.0002169622021028772,-0.0005519786500371993,0.0001225225132657215,0.05563269555568695,0.013177424669265747
0.0,0.0,0.0,0.08636363636363636,0,1785358372.973471,0.0,0.0,0.0,0.0,0,0,0,0,0,0.0,0,0,0.0,0.0,0,0,0,0,0,0,0,0,0,0,0,0,0,0,0,0,0,0,0,0,0,0,0,0,0,255,255,0.0,0.0,0.0,0.0,0.0,0.0,0.0,0.0,0.0,0.0,takeoff,3.7847506999969482,-0.014803123660385609,-0.005545377265661955,-0.001140287145972252,-0.0010641755070537329,-0.04387931525707245,0.013566579669713974
0.0,0.0,0.0,0.09090909090909091,0,1785358372.995776,0.0,0.0,0.0,0.0,0,0,0,0,0,0.0,0,0,0.0,0.0,0,0,0,0,0,0,0,0,0,0,0,0,0,0,0,0,0,0,0,0,0,0,0,0,0,255,255,0.0,0.0,0.0,0.0,0.0,0.0,0.0,0.0,0.0,0.0,takeoff,3.7847506999969482,-0.014803123660385609,-0.005545377265661955,-0.001140287145972252,-0.0010641755070537329,-0.04387931525707245,0.013566579669713974
0.0,0.0,0.0,0.09545454545454546,0,1785358373.017034,0.0,0.0,0.0,0.0,0,0,0,0,0,0.0,0,0,0.0,0.0,0,0,0,0,0,0,0,0,0,0,0,0,0,0,0,0,0,0,0,0,0,0,0,0,0,255,255,0.0,0.0,0.0,0.0,0.0,0.0,0.0,0.0,0.0,0.0,takeoff,3.7847506999969482,-0.014803123660385609,-0.005545377265661955,-0.001140287145972252,-0.0010641755070537329,-0.04387931525707245,0.013566579669713974
0.0,0.0,0.0,0.1,0,1785358373.041013,0.0,0.0,0.0,0.0,0,0,0,0,0,0.0,0,0,0.0,0.0,0,0,0,0,0,0,0,0,0,0,0,0,0,0,0,0,0,0,0,0,0,0,0,0,0,255,255,0.0,0.0,0.0,0.0,0.0,0.0,0.0,0.0,0.0,0.0,takeoff,3.7847506999969482,-0.020118124783039093,-0.0036816741339862347,-0.001949105178937316,-0.0009011509828269482,-0.14407628774642944,0.013807610608637333
0.0,0.0,0.0,0.10454545454545455,0,1785358373.061364,0.0,0.0,0.0,0.0,0,0,0,0,0,0.0,0,0,0.0,0.0,0,0,0,0,0,0,0,0,0,0,0,0,0,0,0,0,0,0,0,0,0,0,0,0,0,255,255,0.0,0.0,0.0,0.0,0.0,0.0,0.0,0.0,0.0,0.0,takeoff,3.7847506999969482,-0.020118124783039093,-0.0036816741339862347,-0.001949105178937316,-0.0009011509828269482,-0.14407628774642944,0.013807610608637333
0.0,0.0,0.0,0.1090909090909091,0,1785358373.0864131,0.0,0.0,0.0,0.0,0,0,0,0,0,0.0,0,0,0.0,0.0,0,0,0,0,0,0,0,0,0,0,0,0,0,0,0,0,0,0,0,0,0,0,0,0,0,255,255,0.0,0.0,0.0,0.0,0.0,0.0,0.0,0.0,0.0,0.0,takeoff,3.7794721126556396,-0.05321335047483444,-0.016022946685552597,-0.008492784574627876,-0.003505582455545664,-0.06437133997678757,0.014239359647035599
0.0,0.0,0.0,0.11363636363636363,0,1785358373.1091251,0.0,0.0,0.0,0.0,0,0,0,0,0,0.0,0,0,0.0,0.0,0,0,0,0,0,0,0,0,0,0,0,0,0,0,0,0,0,0,0,0,0,0,0,0,0,255,255,0.0,0.0,0.0,0.0,0.0,0.0,0.0,0.0,0.0,0.0,takeoff,3.7794721126556396,-0.05321335047483444,-0.016022946685552597,-0.008492784574627876,-0.003505582455545664,-0.06437133997678757,0.014239359647035599
0.0,0.0,0.0,0.1181818181818182,0,1785358373.133201,0.0,0.0,0.0,0.0,0,0,0,0,0,0.0,0,0,0.0,0.0,0,0,0,0,0,0,0,0,0,0,0,0,0,0,0,0,0,0,0,0,0,0,0,0,0,255,255,0.0,0.0,0.0,0.0,0.0,0.0,0.0,0.0,0.0,0.0,takeoff,3.7794721126556396,-0.050536978989839554,-0.01725664921104908,-0.009156622923910618,-0.004360327497124672,-0.0034791133366525173,0.0143871009349823
0.0,0.0,0.0,0.12272727272727274,0,1785358373.158166,0.0,0.0,0.0,0.0,0,0,0,0,0,0.0,0,0,0.0,0.0,0,0,0,0,0,0,0,0,0,0,0,0,0,0,0,0,0,0,0,0,0,0,0,0,0,255,255,0.0,0.0,0.0,0.0,0.0,0.0,0.0,0.0,0.0,0.0,takeoff,3.7794721126556396,-0.050536978989839554,-0.01725664921104908,-0.009156622923910618,-0.004360327497124672,-0.0034791133366525173,0.0143871009349823
0.0,0.0,0.0,0.12727272727272726,0,1785358373.18115,0.0,0.0,0.0,0.0,0,0,0,0,0,0.0,0,0,0.0,0.0,0,0,0,0,0,0,0,0,0,0,0,0,0,0,0,0,0,0,0,0,0,0,0,0,0,255,255,0.0,0.0,0.0,0.0,0.0,0.0,0.0,0.0,0.0,0.0,takeoff,3.774193525314331,-0.039668723940849304,-0.010235175490379333,-0.008786932565271854,-0.003932961728423834,-0.040107451379299164,0.01609577052295208
0.0,0.0,0.0,0.13181818181818183,0,1785358373.204138,0.0,0.0,0.0,0.0,0,0,0,0,0,0.0,0,0,0.0,0.0,0,0,0,0,0,0,0,0,0,0,0,0,0,0,0,0,0,0,0,0,0,0,0,0,0,255,255,0.0,0.0,0.0,0.0,0.0,0.0,0.0,0.0,0.0,0.0,takeoff,3.774193525314331,-0.039668723940849304,-0.010235175490379333,-0.008786932565271854,-0.003932961728423834,-0.040107451379299164,0.01609577052295208
0.0,0.0,0.0,0.13636363636363635,0,1785358373.229125,0.0,0.0,0.0,0.0,0,0,0,0,0,0.0,0,0,0.0,0.0,0,0,0,0,0,0,0,0,0,0,0,0,0,0,0,0,0,0,0,0,0,0,0,0,0,255,255,0.0,0.0,0.0,0.0,0.0,0.0,0.0,0.0,0.0,0.0,takeoff,3.774193525314331,-0.0316152423620224,0.028943408280611038,-0.010080027393996716,0.0035696502309292555,-0.04340799152851105,0.012767814099788666
0.0,0.0,0.0,0.14090909090909093,0,1785358373.249269,0.0,0.0,0.0,0.0,0,0,0,0,0,0.0,0,0,0.0,0.0,0,0,0,0,0,0,0,0,0,0,0,0,0,0,0,0,0,0,0,0,0,0,0,0,0,255,255,0.0,0.0,0.0,0.0,0.0,0.0,0.0,0.0,0.0,0.0,takeoff,3.774193525314331,-0.0316152423620224,0.028943408280611038,-0.010080027393996716,0.0035696502309292555,-0.04340799152851105,0.012767814099788666
0.0,0.0,0.0,0.14545454545454545,0,1785358373.272693,0.0,0.0,0.0,0.0,0,0,0,0,0,0.0,0,0,0.0,0.0,0,0,0,0,0,0,0,0,0,0,0,0,0,0,0,0,0,0,0,0,0,0,0,0,0,255,255,0.0,0.0,0.0,0.0,0.0,0.0,0.0,0.0,0.0,0.0,takeoff,3.7583577632904053,-0.008142512291669846,-0.02926497906446457,-0.007962989620864391,-0.008081117644906044,0.029054943472146988,0.008702591061592102
0.0,0.0,0.0,0.15,0,1785358373.2929962,0.0,0.0,0.0,0.0,0,0,0,0,0,0.0,0,0,0.0,0.0,0,0,0,0,0,0,0,0,0,0,0,0,0,0,0,0,0,0,0,0,0,0,0,0,0,255,255,0.0,0.0,0.0,0.0,0.0,0.0,0.0,0.0,0.0,0.0,takeoff,3.7583577632904053,-0.008142512291669846,-0.02926497906446457,-0.007962989620864391,-0.008081117644906044,0.029054943472146988,0.008702591061592102
0.0,0.0,0.0,0.15454545454545454,0,1785358373.3140101,0.0,0.0,0.0,0.0,0,0,0,0,0,0.0,0,0,0.0,0.0,0,0,0,0,0,0,0,0,0,0,0,0,0,0,0,0,0,0,0,0,0,0,0,0,0,255,255,0.0,0.0,0.0,0.0,0.0,0.0,0.0,0.0,0.0,0.0,takeoff,3.7583577632904053,-0.008142512291669846,-0.02926497906446457,-0.007962989620864391,-0.008081117644906044,0.029054943472146988,0.008702591061592102
0.0,0.0,0.0,0.15909090909090912,0,1785358373.334534,0.0,0.0,0.0,0.0,0,0,0,0,0,0.0,0,0,0.0,0.0,0,0,0,0,0,0,0,0,0,0,0,0,0,0,0,0,0,0,0,0,0,0,0,0,0,255,255,0.0,0.0,0.0,0.0,0.0,0.0,0.0,0.0,0.0,0.0,takeoff,3.7583577632904053,0.030108742415905,-0.0778503566980362,-0.001896464265882969,-0.019121410325169563,0.0648789331316948,0.0050835516303777695
0.0,0.0,0.0,0.16363636363636364,0,1785358373.355018,0.0,0.0,0.0,0.0,0,0,0,0,0,0.0,0,0,0.0,0.0,0,0,0,0,0,0,0,0,0,0,0,0,0,0,0,0,0,0,0,0,0,0,0,0,0,255,255,0.0,0.0,0.0,0.0,0.0,0.0,0.0,0.0,0.0,0.0,takeoff,3.7583577632904053,0.030108742415905,-0.0778503566980362,-0.001896464265882969,-0.019121410325169563,0.0648789331316948,0.0050835516303777695
0.0,0.0,0.0,0.1681818181818182,0,1785358373.376848,0.0,0.0,0.0,0.0,0,0,0,0,0,0.0,0,0,0.0,0.0,0,0,0,0,0,0,0,0,0,0,0,0,0,0,0,0,0,0,0,0,0,0,0,0,0,255,255,0.0,0.0,0.0,0.0,0.0,0.0,0.0,0.0,0.0,0.0,takeoff,3.7266862392425537,0.05061739683151245,-0.10001347959041595,0.002172637265175581,-0.027252594009041786,0.1007915735244751,0.0031265642028301954
0.0,0.0,0.0,0.17272727272727273,0,1785358373.396996,0.0,0.0,0.0,0.0,0,0,0,0,0,0.0,0,0,0.0,0.0,0,0,0,0,0,0,0,0,0,0,0,0,0,0,0,0,0,0,0,0,0,0,0,0,0,255,255,0.0,0.0,0.0,0.0,0.0,0.0,0.0,0.0,0.0,0.0,takeoff,3.7266862392425537,0.05061739683151245,-0.10001347959041595,0.002172637265175581,-0.027252594009041786,0.1007915735244751,0.0031265642028301954
0.0,0.0,0.0,0.17727272727272725,0,1785358373.420205,0.0,0.0,0.0,0.0,0,0,0,0,0,0.0,0,0,0.0,0.0,0,0,0,0,0,0,0,0,0,0,0,0,0,0,0,0,0,0,0,0,0,0,0,0,0,255,255,0.0,0.0,0.0,0.0,0.0,0.0,0.0,0.0,0.0,0.0,takeoff,3.7266862392425537,0.06265318393707275,-0.11983847618103027,0.006581190973520279,-0.03744640201330185,0.15600097179412842,0.002722632372751832
0.0,0.0,0.0,0.18181818181818182,0,1785358373.442451,0.0,0.0,0.0,0.0,0,0,0,0,0,0.0,0,0,0.0,0.0,0,0,0,0,0,0,0,0,0,0,0,0,0,0,0,0,0,0,0,0,0,0,0,0,0,255,255,0.0,0.0,0.0,0.0,0.0,0.0,0.0,0.0,0.0,0.0,takeoff,3.7266862392425537,0.06265318393707275,-0.11983847618103027,0.006581190973520279,-0.03744640201330185,0.15600097179412842,0.002722632372751832
0.0,0.0,0.0,0.1863636363636364,0,1785358373.466462,0.0,0.0,0.0,0.0,0,0,0,0,0,0.0,0,0,0.0,0.0,0,0,0,0,0,0,0,0,0,0,0,0,0,0,0,0,0,0,0,0,0,0,0,0,0,255,255,0.0,0.0,0.0,0.0,0.0,0.0,0.0,0.0,0.0,0.0,takeoff,3.7266862392425537,0.06265318393707275,-0.11983847618103027,0.006581190973520279,-0.03744640201330185,0.15600097179412842,0.002722632372751832
0.0,0.0,0.0,0.19090909090909092,0,1785358373.490078,0.0,0.0,0.0,0.0,0,0,0,0,0,0.0,0,0,0.0,0.0,0,0,0,0,0,0,0,0,0,0,0,0,0,0,0,0,0,0,0,0,0,0,0,0,0,255,255,0.0,0.0,0.0,0.0,0.0,0.0,0.0,0.0,0.0,0.0,takeoff,3.7319648265838623,0.051279470324516296,-0.10814881324768066,0.007781073451042175,-0.04390062391757965,0.21200232207775116,0.008517959155142307
0.0,0.0,0.0,0.1954545454545455,0,1785358373.512991,0.0,0.0,0.0,0.0,0,0,0,0,0,0.0,0,0,0.0,0.0,0,0,0,0,0,0,0,0,0,0,0,0,0,0,0,0,0,0,0,0,0,0,0,0,0,255,255,0.0,0.0,0.0,0.0,0.0,0.0,0.0,0.0,0.0,0.0,takeoff,3.7319648265838623,0.051279470324516296,-0.10814881324768066,0.007781073451042175,-0.04390062391757965,0.21200232207775116,0.008517959155142307
0.0,0.0,0.0,0.2,0,1785358373.5340002,0.0,0.0,0.0,0.0,0,0,0,0,0,0.0,0,0,0.0,0.0,0,0,0,0,0,0,0,0,0,0,0,0,0,0,0,0,0,0,0,0,0,0,0,0,0,255,255,0.0,0.0,0.0,0.0,0.0,0.0,0.0,0.0,0.0,0.0,takeoff,3.7319648265838623,0.029222849756479263,-0.07468622922897339,0.007493324112147093,-0.04747752845287323,0.29564952850341797,0.020241912454366684
0.0,0.0,0.0,0.20454545454545453,0,1785358373.557345,0.0,0.0,0.0,0.0,0,0,0,0,0,0.0,0,0,0.0,0.0,0,0,0,0,0,0,0,0,0,0,0,0,0,0,0,0,0,0,0,0,0,0,0,0,0,255,255,0.0,0.0,0.0,0.0,0.0,0.0,0.0,0.0,0.0,0.0,takeoff,3.7319648265838623,0.029222849756479263,-0.07468622922897339,0.007493324112147093,-0.04747752845287323,0.29564952850341797,0.020241912454366684
0.0,0.0,0.0,0.2090909090909091,0,1785358373.5820742,0.0,0.0,0.0,0.0,0,0,0,0,0,0.0,0,0,0.0,0.0,0,0,0,0,0,0,0,0,0,0,0,0,0,0,0,0,0,0,0,0,0,0,0,0,0,255,255,0.0,0.0,0.0,0.0,0.0,0.0,0.0,0.0,0.0,0.0,takeoff,3.7530791759490967,0.034295257180929184,-0.09136489778757095,0.012391221709549427,-0.060840073972940445,0.42419448494911194,0.038051873445510864
0.0,0.0,0.0,0.21363636363636362,0,1785358373.60413,0.0,0.0,0.0,0.0,0,0,0,0,0,0.0,0,0,0.0,0.0,0,0,0,0,0,0,0,0,0,0,0,0,0,0,0,0,0,0,0,0,0,0,0,0,0,255,255,0.0,0.0,0.0,0.0,0.0,0.0,0.0,0.0,0.0,0.0,takeoff,3.7530791759490967,0.034295257180929184,-0.09136489778757095,0.012391221709549427,-0.060840073972940445,0.42419448494911194,0.038051873445510864
0.0,0.0,0.0,0.2181818181818182,0,1785358373.624845,0.0,0.0,0.0,0.0,0,0,0,0,0,0.0,0,0,0.0,0.0,0,0,0,0,0,0,0,0,0,0,0,0,0,0,0,0,0,0,0,0,0,0,0,0,0,255,255,0.0,0.0,0.0,0.0,0.0,0.0,0.0,0.0,0.0,0.0,takeoff,3.7530791759490967,0.009041279554367065,-0.02495923452079296,0.011465725488960743,-0.05822363868355751,0.5020145773887634,0.05545574054121971
0.0,0.0,0.0,0.22272727272727272,0,1785358373.649886,0.0,0.0,0.0,0.0,0,0,0,0,0,0.0,0,0,0.0,0.0,0,0,0,0,0,0,0,0,0,0,0,0,0,0,0,0,0,0,0,0,0,0,0,0,0,255,255,0.0,0.0,0.0,0.0,0.0,0.0,0.0,0.0,0.0,0.0,takeoff,3.7530791759490967,0.009041279554367065,-0.02495923452079296,0.011465725488960743,-0.05822363868355751,0.5020145773887634,0.05545574054121971
0.0,0.0,0.0,0.2272727272727273,0,1785358373.674792,0.0,0.0,0.0,0.0,0,0,0,0,0,0.0,0,0,0.0,0.0,0,0,0,0,0,0,0,0,0,0,0,0,0,0,0,0,0,0,0,0,0,0,0,0,0,255,255,0.0,0.0,0.0,0.0,0.0,0.0,0.0,0.0,0.0,0.0,takeoff,3.763636350631714,0.011720347218215466,0.031902920454740524,0.014974657446146011,-0.054747387766838074,0.596444845199585,0.06987190991640091
0.0,0.0,0.0,0.2318181818181818,0,1785358373.699787,0.0,0.0,0.0,0.0,0,0,0,0,0,0.0,0,0,0.0,0.0,0,0,0,0,0,0,0,0,0,0,0,0,0,0,0,0,0,0,0,0,0,0,0,0,0,255,255,0.0,0.0,0.0,0.0,0.0,0.0,0.0,0.0,0.0,0.0,takeoff,3.763636350631714,0.011720347218215466,0.031902920454740524,0.014974657446146011,-0.054747387766838074,0.596444845199585,0.06987190991640091
0.0,0.0,0.0,0.2363636363636364,0,1785358373.722028,0.0,0.0,0.0,0.0,0,0,0,0,0,0.0,0,0,0.0,0.0,0,0,0,0,0,0,0,0,0,0,0,0,0,0,0,0,0,0,0,0,0,0,0,0,0,255,255,0.0,0.0,0.0,0.0,0.0,0.0,0.0,0.0,0.0,0.0,takeoff,3.763636350631714,-0.0068016196601092815,0.10491299629211426,0.013950523920357227,-0.04467843845486641,0.6002902984619141,0.08185077458620071
0.0,0.0,0.0,0.2409090909090909,0,1785358373.743019,0.0,0.0,0.0,0.0,0,0,0,0,0,0.0,0,0,0.0,0.0,0,0,0,0,0,0,0,0,0,0,0,0,0,0,0,0,0,0,0,0,0,0,0,0,0,255,255,0.0,0.0,0.0,0.0,0.0,0.0,0.0,0.0,0.0,0.0,takeoff,3.763636350631714,-0.0068016196601092815,0.10491299629211426,0.013950523920357227,-0.04467843845486641,0.6002902984619141,0.08185077458620071
0.0,0.0,0.0,0.24545454545454548,0,1785358373.768092,0.0,0.0,0.0,0.0,0,0,0,0,0,0.0,0,0,0.0,0.0,0,0,0,0,0,0,0,0,0,0,0,0,0,0,0,0,0,0,0,0,0,0,0,0,0,255,255,0.0,0.0,0.0,0.0,0.0,0.0,0.0,0.0,0.0,0.0,takeoff,3.763636350631714,-0.0068016196601092815,0.10491299629211426,0.013950523920357227,-0.04467843845486641,0.6002902984619141,0.08185077458620071
0.0,0.0,0.0,0.25,0,1785358373.792466,0.0,0.0,0.0,0.0,0,0,0,0,0,0.0,0,0,0.0,0.0,0,0,0,0,0,0,0,0,0,0,0,0,0,0,0,0,0,0,0,0,0,0,0,0,0,255,255,0.0,0.0,0.0,0.0,0.0,0.0,0.0,0.0,0.0,0.0,takeoff,3.7425220012664795,-0.019398001953959465,0.1570550948381424,0.013227423653006554,-0.03446998447179794,0.5375808477401733,0.09038406610488892
0.0,0.0,0.0,0.2545454545454545,0,1785358373.816449,0.0,0.0,0.0,0.0,0,0,0,0,0,0.0,0,0,0.0,0.0,0,0,0,0,0,0,0,0,0,0,0,0,0,0,0,0,0,0,0,0,0,0,0,0,0,255,255,0.0,0.0,0.0,0.0,0.0,0.0,0.0,0.0,0.0,0.0,takeoff,3.7425220012664795,-0.019398001953959465,0.1570550948381424,0.013227423653006554,-0.03446998447179794,0.5375808477401733,0.09038406610488892
0.0,0.0,0.0,0.2590909090909091,0,1785358373.8414469,0.0,0.0,0.0,0.0,0,0,0,0,0,0.0,0,0,0.0,0.0,0,0,0,0,0,0,0,0,0,0,0,0,0,0,0,0,0,0,0,0,0,0,0,0,0,255,255,0.0,0.0,0.0,0.0,0.0,0.0,0.0,0.0,0.0,0.0,takeoff,3.7425220012664795,-0.02979869581758976,0.19576826691627502,0.011786640621721745,-0.02265509031713009,0.452910840511322,0.09541304409503937
0.0,0.0,0.0,0.26363636363636367,0,1785358373.8664541,0.0,0.0,0.0,0.0,0,0,0,0,0,0.0,0,0,0.0,0.0,0,0,0,0,0,0,0,0,0,0,0,0,0,0,0,0,0,0,0,0,0,0,0,0,0,255,255,0.0,0.0,0.0,0.0,0.0,0.0,0.0,0.0,0.0,0.0,takeoff,3.7425220012664795,-0.02979869581758976,0.19576826691627502,0.011786640621721745,-0.02265509031713009,0.452910840511322,0.09541304409503937
0.0,0.0,0.0,0.2681818181818182,0,1785358373.891446,0.0,0.0,0.0,0.0,0,0,0,0,0,0.0,0,0,0.0,0.0,0,0,0,0,0,0,0,0,0,0,0,0,0,0,0,0,0,0,0,0,0,0,0,0,0,255,255,0.0,0.0,0.0,0.0,0.0,0.0,0.0,0.0,0.0,0.0,takeoff,3.7002933025360107,-0.03327212855219841,0.2128186821937561,0.010750532150268555,-0.011448971927165985,0.36221063137054443,0.09671615064144135
0.0,0.0,0.0,0.27272727272727276,0,1785358373.9160142,0.0,0.0,0.0,0.0,0,0,0,0,0,0.0,0,0,0.0,0.0,0,0,0,0,0,0,0,0,0,0,0,0,0,0,0,0,0,0,0,0,0,0,0,0,0,255,255,0.0,0.0,0.0,0.0,0.0,0.0,0.0,0.0,0.0,0.0,takeoff,3.7002933025360107,-0.03327212855219841,0.2128186821937561,0.010750532150268555,-0.011448971927165985,0.36221063137054443,0.09671615064144135
0.0,0.0,0.0,0.2772727272727273,0,1785358373.94108,0.0,0.0,0.0,0.0,0,0,0,0,0,0.0,0,0,0.0,0.0,0,0,0,0,0,0,0,0,0,0,0,0,0,0,0,0,0,0,0,0,0,0,0,0,0,255,255,0.0,0.0,0.0,0.0,0.0,0.0,0.0,0.0,0.0,0.0,takeoff,3.7002933025360107,-0.03417013958096504,0.2119566649198532,0.00943013746291399,-0.0007947665289975703,0.2437126338481903,0.0954471156001091
0.0,0.0,0.0,0.2818181818181818,0,1785358373.962002,0.0,0.0,0.0,0.0,0,0,0,0,0,0.0,0,0,0.0,0.0,0,0,0,0,0,0,0,0,0,0,0,0,0,0,0,0,0,0,0,0,0,0,0,0,0,255,255,0.0,0.0,0.0,0.0,0.0,0.0,0.0,0.0,0.0,0.0,takeoff,3.7002933025360107,-0.03417013958096504,0.2119566649198532,0.00943013746291399,-0.0007947665289975703,0.2437126338481903,0.0954471156001091
0.0,0.0,0.0,0.2863636363636364,0,1785358373.987061,0.0,0.0,0.0,0.0,0,0,0,0,0,0.0,0,0,0.0,0.0,0,0,0,0,0,0,0,0,0,0,0,0,0,0,0,0,0,0,0,0,0,0,0,0,0,255,255,0.0,0.0,0.0,0.0,0.0,0.0,0.0,0.0,0.0,0.0,takeoff,3.684457540512085,-0.029617000371217728,0.19730108976364136,0.00875016488134861,0.009616388939321041,0.16832399368286133,0.09767735749483109
0.0,0.0,0.0,0.2909090909090909,0,1785358374.012023,0.0,0.0,0.0,0.0,0,0,0,0,0,0.0,0,0,0.0,0.0,0,0,0,0,0,0,0,0,0,0,0,0,0,0,0,0,0,0,0,0,0,0,0,0,0,255,255,0.0,0.0,0.0,0.0,0.0,0.0,0.0,0.0,0.0,0.0,takeoff,3.684457540512085,-0.029617000371217728,0.19730108976364136,0.00875016488134861,0.009616388939321041,0.16832399368286133,0.09767735749483109
0.0,0.0,0.0,0.29545454545454547,0,1785358374.032545,0.0,0.0,0.0,0.0,0,0,0,0,0,0.0,0,0,0.0,0.0,0,0,0,0,0,0,0,0,0,0,0,0,0,0,0,0,0,0,0,0,0,0,0,0,0,255,255,0.0,0.0,0.0,0.0,0.0,0.0,0.0,0.0,0.0,0.0,takeoff,3.684457540512085,-0.025858629494905472,0.17447176575660706,0.007781718857586384,0.01948900893330574,0.08203639090061188,0.10238619148731232
0.0,0.0,0.0,0.3,0,1785358374.053178,0.0,0.0,0.0,0.0,0,0,0,0,0,0.0,0,0,0.0,0.0,0,0,0,0,0,0,0,0,0,0,0,0,0,0,0,0,0,0,0,0,0,0,0,0,0,255,255,0.0,0.0,0.0,0.0,0.0,0.0,0.0,0.0,0.0,0.0,takeoff,3.684457540512085,-0.025858629494905472,0.17447176575660706,0.007781718857586384,0.01948900893330574,0.08203639090061188,0.10238619148731232
0.0,0.0,0.0,0.3045454545454545,0,1785358374.075171,0.0,0.0,0.0,0.0,0,0,0,0,0,0.0,0,0,0.0,0.0,0,0,0,0,0,0,0,0,0,0,0,0,0,0,0,0,0,0,0,0,0,0,0,0,0,255,255,0.0,0.0,0.0,0.0,0.0,0.0,0.0,0.0,0.0,0.0,takeoff,3.695014715194702,-0.019721847027540207,0.1250651478767395,0.007604740560054779,0.02395094372332096,0.028031274676322937,0.1039954349398613
0.0,0.0,0.0,0.3090909090909091,0,1785358374.097117,0.0,0.0,0.0,0.0,0,0,0,0,0,0.0,0,0,0.0,0.0,0,0,0,0,0,0,0,0,0,0,0,0,0,0,0,0,0,0,0,0,0,0,0,0,0,255,255,0.0,0.0,0.0,0.0,0.0,0.0,0.0,0.0,0.0,0.0,takeoff,3.695014715194702,-0.019721847027540207,0.1250651478767395,0.007604740560054779,0.02395094372332096,0.028031274676322937,0.1039954349398613
0.0,0.0,0.0,0.31363636363636366,0,1785358374.1221828,0.0,0.0,0.0,0.0,0,0,0,0,0,0.0,0,0,0.0,0.0,0,0,0,0,0,0,0,0,0,0,0,0,0,0,0,0,0,0,0,0,0,0,0,0,0,255,255,0.0,0.0,0.0,0.0,0.0,0.0,0.0,0.0,0.0,0.0,takeoff,3.695014715194702,-0.01620357856154442,0.08252562582492828,0.006873485632240772,0.028370093554258347,-0.016011107712984085,0.10775595158338547
0.0,0.0,0.0,0.3181818181818182,0,1785358374.147252,0.0,0.0,0.0,0.0,0,0,0,0,0,0.0,0,0,0.0,0.0,0,0,0,0,0,0,0,0,0,0,0,0,0,0,0,0,0,0,0,0,0,0,0,0,0,255,255,0.0,0.0,0.0,0.0,0.0,0.0,0.0,0.0,0.0,0.0,takeoff,3.695014715194702,-0.01620357856154442,0.08252562582492828,0.006873485632240772,0.028370093554258347,-0.016011107712984085,0.10775595158338547
0.0,0.0,0.0,0.32272727272727275,0,1785358374.1674812,0.0,0.0,0.0,0.0,0,0,0,0,0,0.0,0,0,0.0,0.0,0,0,0,0,0,0,0,0,0,0,0,0,0,0,0,0,0,0,0,0,0,0,0,0,0,255,255,0.0,0.0,0.0,0.0,0.0,0.0,0.0,0.0,0.0,0.0,takeoff,3.695014715194702,-0.01620357856154442,0.08252562582492828,0.006873485632240772,0.028370093554258347,-0.016011107712984085,0.10775595158338547
0.0,0.0,0.0,0.32727272727272727,0,1785358374.1900082,0.0,0.0,0.0,0.0,0,0,0,0,0,0.0,0,0,0.0,0.0,0,0,0,0,0,0,0,0,0,0,0,0,0,0,0,0,0,0,0,0,0,0,0,0,0,255,255,0.0,0.0,0.0,0.0,0.0,0.0,0.0,0.0,0.0,0.0,takeoff,3.684457540512085,-0.017365433275699615,0.043247949331998825,0.005532868672162294,0.03158927336335182,-0.04153478145599365,0.11697710305452347
0.0,0.0,0.0,0.33181818181818185,0,1785358374.212807,0.0,0.0,0.0,0.0,0,0,0,0,0,0.0,0,0,0.0,0.0,0,0,0,0,0,0,0,0,0,0,0,0,0,0,0,0,0,0,0,0,0,0,0,0,0,255,255,0.0,0.0,0.0,0.0,0.0,0.0,0.0,0.0,0.0,0.0,takeoff,3.684457540512085,-0.017365433275699615,0.043247949331998825,0.005532868672162294,0.03158927336335182,-0.04153478145599365,0.11697710305452347
0.0,0.0,0.0,0.33636363636363636,0,1785358374.235415,0.0,0.0,0.0,0.0,0,0,0,0,0,0.0,0,0,0.0,0.0,0,0,0,0,0,0,0,0,0,0,0,0,0,0,0,0,0,0,0,0,0,0,0,0,0,255,255,0.0,0.0,0.0,0.0,0.0,0.0,0.0,0.0,0.0,0.0,takeoff,3.684457540512085,-0.013153818435966969,0.010233127512037754,0.00546584278345108,0.03352857753634453,-0.044561415910720825,0.12575247883796692
0.0,0.0,0.0,0.34090909090909094,0,1785358374.25646,0.0,0.0,0.0,0.0,0,0,0,0,0,0.0,0,0,0.0,0.0,0,0,0,0,0,0,0,0,0,0,0,0,0,0,0,0,0,0,0,0,0,0,0,0,0,255,255,0.0,0.0,0.0,0.0,0.0,0.0,0.0,0.0,0.0,0.0,takeoff,3.684457540512085,-0.013153818435966969,0.010233127512037754,0.00546584278345108,0.03352857753634453,-0.044561415910720825,0.12575247883796692
0.0,0.0,0.0,0.34545454545454546,0,1785358374.280232,0.0,0.0,0.0,0.0,0,0,0,0,0,0.0,0,0,0.0,0.0,0,0,0,0,0,0,0,0,0,0,0,0,0,0,0,0,0,0,0,0,0,0,0,0,0,255,255,0.0,0.0,0.0,0.0,0.0,0.0,0.0,0.0,0.0,0.0,takeoff,3.684457540512085,0.009560994803905487,-0.01920873112976551,0.009360465221107006,0.03374342620372772,-0.11954404413700104,0.13730746507644653
0.0,0.0,0.0,0.35,0,1785358374.3047118,0.0,0.0,0.0,0.0,0,0,0,0,0,0.0,0,0,0.0,0.0,0,0,0,0,0,0,0,0,0,0,0,0,0,0,0,0,0,0,0,0,0,0,0,0,0,255,255,0.0,0.0,0.0,0.0,0.0,0.0,0.0,0.0,0.0,0.0,takeoff,3.684457540512085,0.009560994803905487,-0.01920873112976551,0.009360465221107006,0.03374342620372772,-0.11954404413700104,0.13730746507644653
0.0,0.0,0.0,0.35454545454545455,0,1785358374.328062,0.0,0.0,0.0,0.0,0,0,0,0,0,0.0,0,0,0.0,0.0,0,0,0,0,0,0,0,0,0,0,0,0,0,0,0,0,0,0,0,0,0,0,0,0,0,255,255,0.0,0.0,0.0,0.0,0.0,0.0,0.0,0.0,0.0,0.0,takeoff,3.684457540512085,0.012469531036913395,-0.04177325963973999,0.010324946604669094,0.03287619724869728,-0.08918823301792145,0.15116429328918457
0.0,0.0,0.0,0.35909090909090907,0,1785358374.349783,0.0,0.0,0.0,0.0,0,0,0,0,0,0.0,0,0,0.0,0.0,0,0,0,0,0,0,0,0,0,0,0,0,0,0,0,0,0,0,0,0,0,0,0,0,0,255,255,0.0,0.0,0.0,0.0,0.0,0.0,0.0,0.0,0.0,0.0,takeoff,3.684457540512085,0.012469531036913395,-0.04177325963973999,0.010324946604669094,0.03287619724869728,-0.08918823301792145,0.15116429328918457
0.0,0.0,0.0,0.36363636363636365,0,1785358374.373,0.0,0.0,0.0,0.0,0,0,0,0,0,0.0,0,0,0.0,0.0,0,0,0,0,0,0,0,0,0,0,0,0,0,0,0,0,0,0,0,0,0,0,0,0,0,255,255,0.0,0.0,0.0,0.0,0.0,0.0,0.0,0.0,0.0,0.0,takeoff,3.684457540512085,0.012469531036913395,-0.04177325963973999,0.010324946604669094,0.03287619724869728,-0.08918823301792145,0.15116429328918457
0.0,0.0,0.0,0.36818181818181817,0,1785358374.398176,0.0,0.0,0.0,0.0,0,0,0,0,0,0.0,0,0,0.0,0.0,0,0,0,0,0,0,0,0,0,0,0,0,0,0,0,0,0,0,0,0,0,0,0,0,0,255,255,0.0,0.0,0.0,0.0,0.0,0.0,0.0,0.0,0.0,0.0,takeoff,3.695014715194702,0.0024033035151660442,-0.06672734767198563,0.008924094960093498,0.02911810390651226,-0.013409777544438839,0.1661604791879654
0.0,0.0,0.0,0.3727272727272727,0,1785358374.422267,0.0,0.0,0.0,0.0,0,0,0,0,0,0.0,0,0,0.0,0.0,0,0,0,0,0,0,0,0,0,0,0,0,0,0,0,0,0,0,0,0,0,0,0,0,0,255,255,0.0,0.0,0.0,0.0,0.0,0.0,0.0,0.0,0.0,0.0,takeoff,3.695014715194702,-0.000608414295129478,-0.09023436158895493,0.008999377489089966,0.023219844326376915,0.03445463255047798,0.1827191859483719
0.0,0.0,0.0,0.37727272727272726,0,1785358374.444256,0.0,0.0,0.0,0.0,0,0,0,0,0,0.0,0,0,0.0,0.0,0,0,0,0,0,0,0,0,0,0,0,0,0,0,0,0,0,0,0,0,0,0,0,0,0,255,255,0.0,0.0,0.0,0.0,0.0,0.0,0.0,0.0,0.0,0.0,takeoff,3.695014715194702,-0.000608414295129478,-0.09023436158895493,0.008999377489089966,0.023219844326376915,0.03445463255047798,0.1827191859483719
0.0,0.0,0.0,0.3818181818181818,0,1785358374.466214,0.0,0.0,0.0,0.0,0,0,0,0,0,0.0,0,0,0.0,0.0,0,0,0,0,0,0,0,0,0,0,0,0,0,0,0,0,0,0,0,0,0,0,0,0,0,255,255,0.0,0.0,0.0,0.0,0.0,0.0,0.0,0.0,0.0,0.0,takeoff,3.695014715194702,-0.000608414295129478,-0.09023436158895493,0.008999377489089966,0.023219844326376915,0.03445463255047798,0.1827191859483719
0.0,0.0,0.0,0.38636363636363635,0,1785358374.4880571,0.0,0.0,0.0,0.0,0,0,0,0,0,0.0,0,0,0.0,0.0,0,0,0,0,0,0,0,0,0,0,0,0,0,0,0,0,0,0,0,0,0,0,0,0,0,255,255,0.0,0.0,0.0,0.0,0.0,0.0,0.0,0.0,0.0,0.0,takeoff,3.7055718898773193,-0.007196460384875536,-0.09739100933074951,0.00804809108376503,0.018889857456088066,0.11529650539159775,0.19881924986839294
0.0,0.0,0.0,0.39090909090909093,0,1785358374.5119412,0.0,0.0,0.0,0.0,0,0,0,0,0,0.0,0,0,0.0,0.0,0,0,0,0,0,0,0,0,0,0,0,0,0,0,0,0,0,0,0,0,0,0,0,0,0,255,255,0.0,0.0,0.0,0.0,0.0,0.0,0.0,0.0,0.0,0.0,takeoff,3.7055718898773193,-0.007196460384875536,-0.09739100933074951,0.00804809108376503,0.018889857456088066,0.11529650539159775,0.19881924986839294
0.0,0.0,0.0,0.39545454545454545,0,1785358374.533037,0.0,0.0,0.0,0.0,0,0,0,0,0,0.0,0,0,0.0,0.0,0,0,0,0,0,0,0,0,0,0,0,0,0,0,0,0,0,0,0,0,0,0,0,0,0,255,255,0.0,0.0,0.0,0.0,0.0,0.0,0.0,0.0,0.0,0.0,takeoff,3.7055718898773193,-0.011401871219277382,-0.10322882235050201,0.00723847933113575,0.013249729759991169,0.1789352297782898,0.20961330831050873
0.0,0.0,0.0,0.4,0,1785358374.557083,0.0,0.0,0.0,0.0,0,0,0,0,0,0.0,0,0,0.0,0.0,0,0,0,0,0,0,0,0,0,0,0,0,0,0,0,0,0,0,0,0,0,0,0,0,0,255,255,0.0,0.0,0.0,0.0,0.0,0.0,0.0,0.0,0.0,0.0,takeoff,3.7055718898773193,-0.011401871219277382,-0.10322882235050201,0.00723847933113575,0.013249729759991169,0.1789352297782898,0.20961330831050873
0.0,0.0,0.0,0.40454545454545454,0,1785358374.578031,0.0,0.0,0.0,0.0,0,0,0,0,0,0.0,0,0,0.0,0.0,0,0,0,0,0,0,0,0,0,0,0,0,0,0,0,0,0,0,0,0,0,0,0,0,0,255,255,0.0,0.0,0.0,0.0,0.0,0.0,0.0,0.0,0.0,0.0,takeoff,3.6791789531707764,-0.011423932388424873,-0.10082920640707016,0.007213391829282045,0.008063161745667458,0.2629331648349762,0.22072720527648926
0.0,0.0,0.0,0.4090909090909091,0,1785358374.599801,0.0,0.0,0.0,0.0,0,0,0,0,0,0.0,0,0,0.0,0.0,0,0,0,0,0,0,0,0,0,0,0,0,0,0,0,0,0,0,0,0,0,0,0,0,0,255,255,0.0,0.0,0.0,0.0,0.0,0.0,0.0,0.0,0.0,0.0,takeoff,3.6791789531707764,-0.011423932388424873,-0.10082920640707016,0.007213391829282045,0.008063161745667458,0.2629331648349762,0.22072720527648926
0.0,0.0,0.0,0.41363636363636364,0,1785358374.624856,0.0,0.0,0.0,0.0,0,0,0,0,0,0.0,0,0,0.0,0.0,0,0,0,0,0,0,0,0,0,0,0,0,0,0,0,0,0,0,0,0,0,0,0,0,0,255,255,0.0,0.0,0.0,0.0,0.0,0.0,0.0,0.0,0.0,0.0,takeoff,3.6791789531707764,-0.0169182438403368,-0.09576444327831268,0.005482874345034361,0.0024246047250926495,0.38249078392982483,0.2355620265007019
0.0,0.0,0.0,0.4181818181818182,0,1785358374.6480489,0.0,0.0,0.0,0.0,0,0,0,0,0,0.0,0,0,0.0,0.0,0,0,0,0,0,0,0,0,0,0,0,0,0,0,0,0,0,0,0,0,0,0,0,0,0,255,255,0.0,0.0,0.0,0.0,0.0,0.0,0.0,0.0,0.0,0.0,takeoff,3.6791789531707764,-0.0169182438403368,-0.09576444327831268,0.005482874345034361,0.0024246047250926495,0.38249078392982483,0.2355620265007019
0.0,0.0,0.0,0.42272727272727273,0,1785358374.672097,0.0,0.0,0.0,0.0,0,0,0,0,0,0.0,0,0,0.0,0.0,0,0,0,0,0,0,0,0,0,0,0,0,0,0,0,0,0,0,0,0,0,0,0,0,0,255,255,0.0,0.0,0.0,0.0,0.0,0.0,0.0,0.0,0.0,0.0,takeoff,3.695014715194702,-0.016914401203393936,-0.08623213320970535,0.004881298169493675,-0.0028199851512908936,0.48988473415374756,0.25243955850601196
0.0,0.0,0.0,0.42727272727272725,0,1785358374.6966882,0.0,0.0,0.0,0.0,0,0,0,0,0,0.0,0,0,0.0,0.0,0,0,0,0,0,0,0,0,0,0,0,0,0,0,0,0,0,0,0,0,0,0,0,0,0,255,255,0.0,0.0,0.0,0.0,0.0,0.0,0.0,0.0,0.0,0.0,takeoff,3.695014715194702,-0.016914401203393936,-0.08623213320970535,0.004881298169493675,-0.0028199851512908936,0.48988473415374756,0.25243955850601196
0.0,0.0,0.0,0.4318181818181818,0,1785358374.717012,0.0,0.0,0.0,0.0,0,0,0,0,0,0.0,0,0,0.0,0.0,0,0,0,0,0,0,0,0,0,0,0,0,0,0,0,0,0,0,0,0,0,0,0,0,0,255,255,0.0,0.0,0.0,0.0,0.0,0.0,0.0,0.0,0.0,0.0,takeoff,3.695014715194702,-0.016914401203393936,-0.08623213320970535,0.004881298169493675,-0.0028199851512908936,0.48988473415374756,0.25243955850601196
0.0,0.0,0.0,0.43636363636363634,0,1785358374.74001,0.0,0.0,0.0,0.0,0,0,0,0,0,0.0,0,0,0.0,0.0,0,0,0,0,0,0,0,0,0,0,0,0,0,0,0,0,0,0,0,0,0,0,0,0,0,255,255,0.0,0.0,0.0,0.0,0.0,0.0,0.0,0.0,0.0,0.0,takeoff,3.695014715194702,-0.01443359162658453,-0.07432588934898376,0.00477545615285635,-0.007865208201110363,0.5894775986671448,0.26811057329177856
0.0,0.0,0.0,0.4409090909090909,0,1785358374.763018,0.0,0.0,0.0,0.0,0,0,0,0,0,0.0,0,0,0.0,0.0,0,0,0,0,0,0,0,0,0,0,0,0,0,0,0,0,0,0,0,0,0,0,0,0,0,255,255,0.0,0.0,0.0,0.0,0.0,0.0,0.0,0.0,0.0,0.0,takeoff,3.695014715194702,-0.01443359162658453,-0.07432588934898376,0.00477545615285635,-0.007865208201110363,0.5894775986671448,0.26811057329177856
0.0,0.0,0.0,0.44545454545454544,0,1785358374.786009,0.0,0.0,0.0,0.0,0,0,0,0,0,0.0,0,0,0.0,0.0,0,0,0,0,0,0,0,0,0,0,0,0,0,0,0,0,0,0,0,0,0,0,0,0,0,255,255,0.0,0.0,0.0,0.0,0.0,0.0,0.0,0.0,0.0,0.0,takeoff,3.695014715194702,-0.01255506370216608,-0.06245039030909538,0.004260669462382793,-0.012633882462978363,0.6726639866828918,0.28334227204322815
0.0,0.0,0.0,0.44999999999999996,0,1785358374.809058,0.0,0.0,0.0,0.0,0,0,0,0,0,0.0,0,0,0.0,0.0,0,0,0,0,0,0,0,0,0,0,0,0,0,0,0,0,0,0,0,0,0,0,0,0,0,255,255,0.0,0.0,0.0,0.0,0.0,0.0,0.0,0.0,0.0,0.0,takeoff,3.695014715194702,-0.01255506370216608,-0.06245039030909538,0.004260669462382793,-0.012633882462978363,0.6726639866828918,0.28334227204322815
0.0,0.0,0.0,0.45454545454545453,0,1785358374.834003,0.0,0.0,0.0,0.0,0,0,0,0,0,0.0,0,0,0.0,0.0,0,0,0,0,0,0,0,0,0,0,0,0,0,0,0,0,0,0,0,0,0,0,0,0,0,255,255,0.0,0.0,0.0,0.0,0.0,0.0,0.0,0.0,0.0,0.0,takeoff,3.695014715194702,-0.006150816101580858,-0.05202673375606537,0.005163014866411686,-0.017579834908246994,0.728945255279541,0.30054599046707153
0.0,0.0,0.0,0.45909090909090905,0,1785358374.858046,0.0,0.0,0.0,0.0,0,0,0,0,0,0.0,0,0,0.0,0.0,0,0,0,0,0,0,0,0,0,0,0,0,0,0,0,0,0,0,0,0,0,0,0,0,0,255,255,0.0,0.0,0.0,0.0,0.0,0.0,0.0,0.0,0.0,0.0,takeoff,3.695014715194702,-0.006150816101580858,-0.05202673375606537,0.005163014866411686,-0.017579834908246994,0.728945255279541,0.30054599046707153
0.0,0.0,0.0,0.4636363636363636,0,1785358374.883114,0.0,0.0,0.0,0.0,0,0,0,0,0,0.0,0,0,0.0,0.0,0,0,0,0,0,0,0,0,0,0,0,0,0,0,0,0,0,0,0,0,0,0,0,0,0,255,255,0.0,0.0,0.0,0.0,0.0,0.0,0.0,0.0,0.0,0.0,takeoff,3.695014715194702,-0.003099872265011072,-0.03352625295519829,0.00524434819817543,-0.019539227709174156,0.7556270956993103,0.3137896955013275
0.0,0.0,0.0,0.4681818181818182,0,1785358374.908521,0.0,0.0,0.0,0.0,0,0,0,0,0,0.0,0,0,0.0,0.0,0,0,0,0,0,0,0,0,0,0,0,0,0,0,0,0,0,0,0,0,0,0,0,0,0,255,255,0.0,0.0,0.0,0.0,0.0,0.0,0.0,0.0,0.0,0.0,takeoff,3.695014715194702,-0.003099872265011072,-0.03352625295519829,0.00524434819817543,-0.019539227709174156,0.7556270956993103,0.3137896955013275
0.0,0.0,0.0,0.4727272727272728,0,1785358374.933471,0.0,0.0,0.0,0.0,0,0,0,0,0,0.0,0,0,0.0,0.0,0,0,0,0,0,0,0,0,0,0,0,0,0,0,0,0,0,0,0,0,0,0,0,0,0,255,255,0.0,0.0,0.0,0.0,0.0,0.0,0.0,0.0,0.0,0.0,takeoff,3.695014715194702,0.0009872918017208576,-0.015202092938125134,0.005859021563082933,-0.020642360672354698,0.7607037425041199,0.32620692253112793
0.0,0.0,0.0,0.4772727272727273,0,1785358374.955165,0.0,0.0,0.0,0.0,0,0,0,0,0,0.0,0,0,0.0,0.0,0,0,0,0,0,0,0,0,0,0,0,0,0,0,0,0,0,0,0,0,0,0,0,0,0,255,255,0.0,0.0,0.0,0.0,0.0,0.0,0.0,0.0,0.0,0.0,takeoff,3.695014715194702,0.0009872918017208576,-0.015202092938125134,0.005859021563082933,-0.020642360672354698,0.7607037425041199,0.32620692253112793
0.0,0.0,0.0,0.4818181818181818,0,1785358374.976927,0.0,0.0,0.0,0.0,0,0,0,0,0,0.0,0,0,0.0,0.0,0,0,0,0,0,0,0,0,0,0,0,0,0,0,0,0,0,0,0,0,0,0,0,0,0,255,255,0.0,0.0,0.0,0.0,0.0,0.0,0.0,0.0,0.0,0.0,takeoff,3.6897361278533936,0.019368860870599747,-0.016469638794660568,0.012026173993945122,-0.02749454788863659,0.7829821109771729,0.3407334089279175
0.0,0.0,0.0,0.4863636363636364,0,1785358375.000043,0.0,0.0,0.0,0.0,0,0,0,0,0,0.0,0,0,0.0,0.0,0,0,0,0,0,0,0,0,0,0,0,0,0,0,0,0,0,0,0,0,0,0,0,0,0,255,255,0.0,0.0,0.0,0.0,0.0,0.0,0.0,0.0,0.0,0.0,takeoff,3.6897361278533936,0.019368860870599747,-0.016469638794660568,0.012026173993945122,-0.02749454788863659,0.7829821109771729,0.3407334089279175
0.0,0.0,0.0,0.4909090909090909,0,1785358375.0247722,0.0,0.0,0.0,0.0,0,0,0,0,0,0.0,0,0,0.0,0.0,0,0,0,0,0,0,0,0,0,0,0,0,0,0,0,0,0,0,0,0,0,0,0,0,0,255,255,0.0,0.0,0.0,0.0,0.0,0.0,0.0,0.0,0.0,0.0,takeoff,3.6897361278533936,0.023075075820088387,-0.0025622514076530933,0.014263196848332882,-0.028280455619096756,0.7710137963294983,0.3548735976219177
0.0,0.0,0.0,0.4954545454545455,0,1785358375.045233,0.0,0.0,0.0,0.0,0,0,0,0,0,0.0,0,0,0.0,0.0,0,0,0,0,0,0,0,0,0,0,0,0,0,0,0,0,0,0,0,0,0,0,0,0,0,255,255,0.0,0.0,0.0,0.0,0.0,0.0,0.0,0.0,0.0,0.0,takeoff,3.6897361278533936,0.023075075820088387,-0.0025622514076530933,0.014263196848332882,-0.028280455619096756,0.7710137963294983,0.3548735976219177
0.0,0.0,0.0,0.5,0,1785358375.065547,0.0,0.0,0.0,0.0,0,0,0,0,0,0.0,0,0,0.0,0.0,0,0,0,0,0,0,0,0,0,0,0,0,0,0,0,0,0,0,0,0,0,0,0,0,0,255,255,0.0,0.0,0.0,0.0,0.0,0.0,0.0,0.0,0.0,0.0,takeoff,3.6897361278533936,0.023075075820088387,-0.0025622514076530933,0.014263196848332882,-0.028280455619096756,0.7710137963294983,0.3548735976219177
0.0,0.0,0.0,0.5,0,1785358375.088827,0.0,0.0,0.0,0.0,0,0,0,0,0,0.0,0,0,0.0,0.0,0,0,0,0,0,0,0,0,0,0,0,0,0,0,0,0,0,0,0,0,0,0,0,0,0,255,255,0.0,0.0,0.0,0.0,0.0,0.0,0.0,0.0,0.0,0.0,settle,3.6897361278533936,0.01879950985312462,0.010310560464859009,0.014360389672219753,-0.028404273092746735,0.7673839926719666,0.3694702684879303
0.0,0.0,0.0,0.5,0,1785358375.1120079,0.0,0.0,0.0,0.0,0,0,0,0,0,0.0,0,0,0.0,0.0,0,0,0,0,0,0,0,0,0,0,0,0,0,0,0,0,0,0,0,0,0,0,0,0,0,255,255,0.0,0.0,0.0,0.0,0.0,0.0,0.0,0.0,0.0,0.0,settle,3.6897361278533936,0.01879950985312462,0.010310560464859009,0.014360389672219753,-0.028404273092746735,0.7673839926719666,0.3694702684879303
0.0,0.0,0.0,0.5,0,1785358375.135076,0.0,0.0,0.0,0.0,0,0,0,0,0,0.0,0,0,0.0,0.0,0,0,0,0,0,0,0,0,0,0,0,0,0,0,0,0,0,0,0,0,0,0,0,0,0,255,255,0.0,0.0,0.0,0.0,0.0,0.0,0.0,0.0,0.0,0.0,settle,3.6897361278533936,0.022447846829891205,0.022726764902472496,0.018634483218193054,-0.028049634769558907,0.7416270971298218,0.383135586977005
0.0,0.0,0.0,0.5,0,1785358375.159034,0.0,0.0,0.0,0.0,0,0,0,0,0,0.0,0,0,0.0,0.0,0,0,0,0,0,0,0,0,0,0,0,0,0,0,0,0,0,0,0,0,0,0,0,0,0,255,255,0.0,0.0,0.0,0.0,0.0,0.0,0.0,0.0,0.0,0.0,settle,3.6897361278533936,0.022447846829891205,0.022726764902472496,0.018634483218193054,-0.028049634769558907,0.7416270971298218,0.383135586977005
0.0,0.0,0.0,0.5,0,1785358375.1831129,0.0,0.0,0.0,0.0,0,0,0,0,0,0.0,0,0,0.0,0.0,0,0,0,0,0,0,0,0,0,0,0,0,0,0,0,0,0,0,0,0,0,0,0,0,0,255,255,0.0,0.0,0.0,0.0,0.0,0.0,0.0,0.0,0.0,0.0,settle,3.7002933025360107,0.01872766576707363,0.033070486038923264,0.020840343087911606,-0.02742648683488369,0.7200775146484375,0.39717596769332886
0.0,0.0,0.0,0.5,0,1785358375.204063,0.0,0.0,0.0,0.0,0,0,0,0,0,0.0,0,0,0.0,0.0,0,0,0,0,0,0,0,0,0,0,0,0,0,0,0,0,0,0,0,0,0,0,0,0,0,255,255,0.0,0.0,0.0,0.0,0.0,0.0,0.0,0.0,0.0,0.0,settle,3.7002933025360107,0.01872766576707363,0.033070486038923264,0.020840343087911606,-0.02742648683488369,0.7200775146484375,0.39717596769332886
0.0,0.0,0.0,0.5,0,1785358375.225987,0.0,0.0,0.0,0.0,0,0,0,0,0,0.0,0,0,0.0,0.0,0,0,0,0,0,0,0,0,0,0,0,0,0,0,0,0,0,0,0,0,0,0,0,0,0,255,255,0.0,0.0,0.0,0.0,0.0,0.0,0.0,0.0,0.0,0.0,settle,3.7002933025360107,0.007200199645012617,0.041261591017246246,0.01999630220234394,-0.026290006935596466,0.6972703337669373,0.41046634316444397
0.0,0.0,0.0,0.5,0,1785358375.246999,0.0,0.0,0.0,0.0,0,0,0,0,0,0.0,0,0,0.0,0.0,0,0,0,0,0,0,0,0,0,0,0,0,0,0,0,0,0,0,0,0,0,0,0,0,0,255,255,0.0,0.0,0.0,0.0,0.0,0.0,0.0,0.0,0.0,0.0,settle,3.7002933025360107,0.007200199645012617,0.041261591017246246,0.01999630220234394,-0.026290006935596466,0.6972703337669373,0.41046634316444397
0.0,0.0,0.0,0.5,0,1785358375.268996,0.0,0.0,0.0,0.0,0,0,0,0,0,0.0,0,0,0.0,0.0,0,0,0,0,0,0,0,0,0,0,0,0,0,0,0,0,0,0,0,0,0,0,0,0,0,255,255,0.0,0.0,0.0,0.0,0.0,0.0,0.0,0.0,0.0,0.0,settle,3.695014715194702,-0.006015123799443245,0.05549687519669533,0.01820734329521656,-0.02106025628745556,0.6840285062789917,0.4220803380012512
0.0,0.0,0.0,0.5,0,1785358375.290012,0.0,0.0,0.0,0.0,0,0,0,0,0,0.0,0,0,0.0,0.0,0,0,0,0,0,0,0,0,0,0,0,0,0,0,0,0,0,0,0,0,0,0,0,0,0,255,255,0.0,0.0,0.0,0.0,0.0,0.0,0.0,0.0,0.0,0.0,settle,3.695014715194702,-0.006015123799443245,0.05549687519669533,0.01820734329521656,-0.02106025628745556,0.6840285062789917,0.4220803380012512
0.0,0.0,0.0,0.5,0,1785358375.312022,0.0,0.0,0.0,0.0,0,0,0,0,0,0.0,0,0,0.0,0.0,0,0,0,0,0,0,0,0,0,0,0,0,0,0,0,0,0,0,0,0,0,0,0,0,0,255,255,0.0,0.0,0.0,0.0,0.0,0.0,0.0,0.0,0.0,0.0,settle,3.695014715194702,-0.006015123799443245,0.05549687519669533,0.01820734329521656,-0.02106025628745556,0.6840285062789917,0.4220803380012512
0.0,0.0,0.0,0.5,0,1785358375.334104,0.0,0.0,0.0,0.0,0,0,0,0,0,0.0,0,0,0.0,0.0,0,0,0,0,0,0,0,0,0,0,0,0,0,0,0,0,0,0,0,0,0,0,0,0,0,255,255,0.0,0.0,0.0,0.0,0.0,0.0,0.0,0.0,0.0,0.0,settle,3.695014715194702,-0.01711631380021572,0.06319275498390198,0.016922075301408768,-0.01730564422905445,0.6570141911506653,0.43497434258461
0.0,0.0,0.0,0.5,0,1785358375.357213,0.0,0.0,0.0,0.0,0,0,0,0,0,0.0,0,0,0.0,0.0,0,0,0,0,0,0,0,0,0,0,0,0,0,0,0,0,0,0,0,0,0,0,0,0,0,255,255,0.0,0.0,0.0,0.0,0.0,0.0,0.0,0.0,0.0,0.0,settle,3.695014715194702,-0.01711631380021572,0.06319275498390198,0.016922075301408768,-0.01730564422905445,0.6570141911506653,0.43497434258461
0.0,0.0,0.0,0.5,0,1785358375.377994,0.0,0.0,0.0,0.0,0,0,0,0,0,0.0,0,0,0.0,0.0,0,0,0,0,0,0,0,0,0,0,0,0,0,0,0,0,0,0,0,0,0,0,0,0,0,255,255,0.0,0.0,0.0,0.0,0.0,0.0,0.0,0.0,0.0,0.0,settle,3.7002933025360107,-0.02562936581671238,0.06695748120546341,0.015587341971695423,-0.013747827149927616,0.6501758098602295,0.44642797112464905
0.0,0.0,0.0,0.5,0,1785358375.3998,0.0,0.0,0.0,0.0,0,0,0,0,0,0.0,0,0,0.0,0.0,0,0,0,0,0,0,0,0,0,0,0,0,0,0,0,0,0,0,0,0,0,0,0,0,0,255,255,0.0,0.0,0.0,0.0,0.0,0.0,0.0,0.0,0.0,0.0,settle,3.7002933025360107,-0.02562936581671238,0.06695748120546341,0.015587341971695423,-0.013747827149927616,0.6501758098602295,0.44642797112464905
0.0,0.0,0.0,0.5,0,1785358375.420187,0.0,0.0,0.0,0.0,0,0,0,0,0,0.0,0,0,0.0,0.0,0,0,0,0,0,0,0,0,0,0,0,0,0,0,0,0,0,0,0,0,0,0,0,0,0,255,255,0.0,0.0,0.0,0.0,0.0,0.0,0.0,0.0,0.0,0.0,settle,3.7002933025360107,-0.02772705629467964,0.06638193130493164,0.016035722568631172,-0.010619559325277805,0.5850680470466614,0.45520225167274475
0.0,0.0,0.0,0.5,0,1785358375.440984,0.0,0.0,0.0,0.0,0,0,0,0,0,0.0,0,0,0.0,0.0,0,0,0,0,0,0,0,0,0,0,0,0,0,0,0,0,0,0,0,0,0,0,0,0,0,255,255,0.0,0.0,0.0,0.0,0.0,0.0,0.0,0.0,0.0,0.0,settle,3.7002933025360107,-0.02772705629467964,0.06638193130493164,0.016035722568631172,-0.010619559325277805,0.5850680470466614,0.45520225167274475
0.0,0.0,0.0,0.5,0,1785358375.466035,0.0,0.0,0.0,0.0,0,0,0,0,0,0.0,0,0,0.0,0.0,0,0,0,0,0,0,0,0,0,0,0,0,0,0,0,0,0,0,0,0,0,0,0,0,0,255,255,0.0,0.0,0.0,0.0,0.0,0.0,0.0,0.0,0.0,0.0,settle,3.7002933025360107,-0.02772705629467964,0.06638193130493164,0.016035722568631172,-0.010619559325277805,0.5850680470466614,0.45520225167274475
0.0,0.0,0.0,0.5,0,1785358375.489341,0.0,0.0,0.0,0.0,0,0,0,0,0,0.0,0,0,0.0,0.0,0,0,0,0,0,0,0,0,0,0,0,0,0,0,0,0,0,0,0,0,0,0,0,0,0,255,255,0.0,0.0,0.0,0.0,0.0,0.0,0.0,0.0,0.0,0.0,settle,3.695014715194702,-0.037169188261032104,0.06629449874162674,0.011904027312994003,-0.006121439393609762,0.5018500089645386,0.4654849171638489
0.0,0.0,0.0,0.5,0,1785358375.511307,0.0,0.0,0.0,0.0,0,0,0,0,0,0.0,0,0,0.0,0.0,0,0,0,0,0,0,0,0,0,0,0,0,0,0,0,0,0,0,0,0,0,0,0,0,0,255,255,0.0,0.0,0.0,0.0,0.0,0.0,0.0,0.0,0.0,0.0,settle,3.695014715194702,-0.037169188261032104,0.06629449874162674,0.011904027312994003,-0.006121439393609762,0.5018500089645386,0.4654849171638489
0.0,0.0,0.0,0.5,0,1785358375.536364,0.0,0.0,0.0,0.0,0,0,0,0,0,0.0,0,0,0.0,0.0,0,0,0,0,0,0,0,0,0,0,0,0,0,0,0,0,0,0,0,0,0,0,0,0,0,255,255,0.0,0.0,0.0,0.0,0.0,0.0,0.0,0.0,0.0,0.0,settle,3.695014715194702,-0.03587505593895912,0.061683591455221176,0.011820856481790543,-0.0027382103726267815,0.42109665274620056,0.47358453273773193
0.0,0.0,0.0,0.5,0,1785358375.561541,0.0,0.0,0.0,0.0,0,0,0,0,0,0.0,0,0,0.0,0.0,0,0,0,0,0,0,0,0,0,0,0,0,0,0,0,0,0,0,0,0,0,0,0,0,0,255,255,0.0,0.0,0.0,0.0,0.0,0.0,0.0,0.0,0.0,0.0,settle,3.695014715194702,-0.03587505593895912,0.061683591455221176,0.011820856481790543,-0.0027382103726267815,0.42109665274620056,0.47358453273773193
0.0,0.0,0.0,0.5,0,1785358375.584001,0.0,0.0,0.0,0.0,0,0,0,0,0,0.0,0,0,0.0,0.0,0,0,0,0,0,0,0,0,0,0,0,0,0,0,0,0,0,0,0,0,0,0,0,0,0,255,255,0.0,0.0,0.0,0.0,0.0,0.0,0.0,0.0,0.0,0.0,settle,3.7002933025360107,-0.03436007723212242,0.05305405333638191,0.010973336175084114,-0.0005810334114357829,0.31154659390449524,0.4827054738998413
0.0,0.0,0.0,0.5,0,1785358375.607069,0.0,0.0,0.0,0.0,0,0,0,0,0,0.0,0,0,0.0,0.0,0,0,0,0,0,0,0,0,0,0,0,0,0,0,0,0,0,0,0,0,0,0,0,0,0,255,255,0.0,0.0,0.0,0.0,0.0,0.0,0.0,0.0,0.0,0.0,settle,3.7002933025360107,-0.03436007723212242,0.05305405333638191,0.010973336175084114,-0.0005810334114357829,0.31154659390449524,0.4827054738998413
0.0,0.0,0.0,0.5,0,1785358375.628031,0.0,0.0,0.0,0.0,0,0,0,0,0,0.0,0,0,0.0,0.0,0,0,0,0,0,0,0,0,0,0,0,0,0,0,0,0,0,0,0,0,0,0,0,0,0,255,255,0.0,0.0,0.0,0.0,0.0,0.0,0.0,0.0,0.0,0.0,settle,3.7002933025360107,-0.032759521156549454,0.04439261183142662,0.009555577300488949,0.001896303496323526,0.20319195091724396,0.4889991283416748
0.0,0.0,0.0,0.5,0,1785358375.650966,0.0,0.0,0.0,0.0,0,0,0,0,0,0.0,0,0,0.0,0.0,0,0,0,0,0,0,0,0,0,0,0,0,0,0,0,0,0,0,0,0,0,0,0,0,0,255,255,0.0,0.0,0.0,0.0,0.0,0.0,0.0,0.0,0.0,0.0,settle,3.7002933025360107,-0.032759521156549454,0.04439261183142662,0.009555577300488949,0.001896303496323526,0.20319195091724396,0.4889991283416748
0.0,0.0,0.0,0.5,0,1785358375.67603,0.0,0.0,0.0,0.0,0,0,0,0,0,0.0,0,0,0.0,0.0,0,0,0,0,0,0,0,0,0,0,0,0,0,0,0,0,0,0,0,0,0,0,0,0,0,255,255,0.0,0.0,0.0,0.0,0.0,0.0,0.0,0.0,0.0,0.0,settle,3.695014715194702,-0.03176866099238396,0.0338699109852314,0.007431517820805311,0.00339571968652308,0.09139154851436615,0.4957529604434967
0.0,0.0,0.0,0.5,0,1785358375.6978052,0.0,0.0,0.0,0.0,0,0,0,0,0,0.0,0,0,0.0,0.0,0,0,0,0,0,0,0,0,0,0,0,0,0,0,0,0,0,0,0,0,0,0,0,0,0,255,255,0.0,0.0,0.0,0.0,0.0,0.0,0.0,0.0,0.0,0.0,settle,3.695014715194702,-0.03176866099238396,0.0338699109852314,0.007431517820805311,0.00339571968652308,0.09139154851436615,0.4957529604434967
0.0,0.0,0.0,0.5,0,1785358375.7214441,0.0,0.0,0.0,0.0,0,0,0,0,0,0.0,0,0,0.0,0.0,0,0,0,0,0,0,0,0,0,0,0,0,0,0,0,0,0,0,0,0,0,0,0,0,0,255,255,0.0,0.0,0.0,0.0,0.0,0.0,0.0,0.0,0.0,0.0,settle,3.695014715194702,-0.02971644140779972,0.022540312260389328,0.005517680663615465,0.004173744935542345,-0.006148231215775013,0.5012713074684143
0.0,0.0,0.0,0.5,0,1785358375.7420192,0.0,0.0,0.0,0.0,0,0,0,0,0,0.0,0,0,0.0,0.0,0,0,0,0,0,0,0,0,0,0,0,0,0,0,0,0,0,0,0,0,0,0,0,0,0,255,255,0.0,0.0,0.0,0.0,0.0,0.0,0.0,0.0,0.0,0.0,settle,3.695014715194702,-0.02971644140779972,0.022540312260389328,0.005517680663615465,0.004173744935542345,-0.006148231215775013,0.5012713074684143
0.0,0.0,0.0,0.5,0,1785358375.766443,0.0,0.0,0.0,0.0,0,0,0,0,0,0.0,0,0,0.0,0.0,0,0,0,0,0,0,0,0,0,0,0,0,0,0,0,0,0,0,0,0,0,0,0,0,0,255,255,0.0,0.0,0.0,0.0,0.0,0.0,0.0,0.0,0.0,0.0,settle,3.695014715194702,-0.02971644140779972,0.022540312260389328,0.005517680663615465,0.004173744935542345,-0.006148231215775013,0.5012713074684143
0.0,0.0,0.0,0.5,0,1785358375.789577,0.0,0.0,0.0,0.0,0,0,0,0,0,0.0,0,0,0.0,0.0,0,0,0,0,0,0,0,0,0,0,0,0,0,0,0,0,0,0,0,0,0,0,0,0,0,255,255,0.0,0.0,0.0,0.0,0.0,0.0,0.0,0.0,0.0,0.0,settle,3.695014715194702,-0.025732025504112244,0.00915002916008234,0.004511989653110504,0.002908183028921485,-0.09707636386156082,0.507810115814209
0.0,0.0,0.0,0.5,0,1785358375.814636,0.0,0.0,0.0,0.0,0,0,0,0,0,0.0,0,0,0.0,0.0,0,0,0,0,0,0,0,0,0,0,0,0,0,0,0,0,0,0,0,0,0,0,0,0,0,255,255,0.0,0.0,0.0,0.0,0.0,0.0,0.0,0.0,0.0,0.0,settle,3.695014715194702,-0.025732025504112244,0.00915002916008234,0.004511989653110504,0.002908183028921485,-0.09707636386156082,0.507810115814209
0.0,0.0,0.0,0.5,0,1785358375.839668,0.0,0.0,0.0,0.0,0,0,0,0,0,0.0,0,0,0.0,0.0,0,0,0,0,0,0,0,0,0,0,0,0,0,0,0,0,0,0,0,0,0,0,0,0,0,255,255,0.0,0.0,0.0,0.0,0.0,0.0,0.0,0.0,0.0,0.0,settle,3.695014715194702,-0.020861702039837837,-0.005203810520470142,0.003932449966669083,-0.00018096677376888692,-0.2008635699748993,0.5123766660690308
0.0,0.0,0.0,0.5,0,1785358375.861999,0.0,0.0,0.0,0.0,0,0,0,0,0,0.0,0,0,0.0,0.0,0,0,0,0,0,0,0,0,0,0,0,0,0,0,0,0,0,0,0,0,0,0,0,0,0,255,255,0.0,0.0,0.0,0.0,0.0,0.0,0.0,0.0,0.0,0.0,settle,3.695014715194702,-0.020861702039837837,-0.005203810520470142,0.003932449966669083,-0.00018096677376888692,-0.2008635699748993,0.5123766660690308
0.0,0.0,0.0,0.5,0,1785358375.88313,0.0,0.0,0.0,0.0,0,0,0,0,0,0.0,0,0,0.0,0.0,0,0,0,0,0,0,0,0,0,0,0,0,0,0,0,0,0,0,0,0,0,0,0,0,0,255,255,0.0,0.0,0.0,0.0,0.0,0.0,0.0,0.0,0.0,0.0,settle,3.684457540512085,-0.014578156173229218,-0.013474088162183762,0.004233474377542734,-0.0011718504829332232,-0.30049312114715576,0.5169162154197693
0.0,0.0,0.0,0.5,0,1785358375.908115,0.0,0.0,0.0,0.0,0,0,0,0,0,0.0,0,0,0.0,0.0,0,0,0,0,0,0,0,0,0,0,0,0,0,0,0,0,0,0,0,0,0,0,0,0,0,255,255,0.0,0.0,0.0,0.0,0.0,0.0,0.0,0.0,0.0,0.0,settle,3.684457540512085,-0.014578156173229218,-0.013474088162183762,0.004233474377542734,-0.0011718504829332232,-0.30049312114715576,0.5169162154197693
0.0,0.0,0.0,0.5,0,1785358375.9290738,0.0,0.0,0.0,0.0,0,0,0,0,0,0.0,0,0,0.0,0.0,0,0,0,0,0,0,0,0,0,0,0,0,0,0,0,0,0,0,0,0,0,0,0,0,0,255,255,0.0,0.0,0.0,0.0,0.0,0.0,0.0,0.0,0.0,0.0,settle,3.684457540512085,-0.009703898802399635,-0.020002182573080063,0.004492531530559063,-0.0032103732228279114,-0.4037785232067108,0.5191624164581299
0.0,0.0,0.0,0.5,0,1785358375.955105,0.0,0.0,0.0,0.0,0,0,0,0,0,0.0,0,0,0.0,0.0,0,0,0,0,0,0,0,0,0,0,0,0,0,0,0,0,0,0,0,0,0,0,0,0,0,255,255,0.0,0.0,0.0,0.0,0.0,0.0,0.0,0.0,0.0,0.0,settle,3.684457540512085,-0.009703898802399635,-0.020002182573080063,0.004492531530559063,-0.0032103732228279114,-0.4037785232067108,0.5191624164581299
0.0,0.0,0.0,0.5,0,1785358375.9757628,0.0,0.0,0.0,0.0,0,0,0,0,0,0.0,0,0,0.0,0.0,0,0,0,0,0,0,0,0,0,0,0,0,0,0,0,0,0,0,0,0,0,0,0,0,0,255,255,0.0,0.0,0.0,0.0,0.0,0.0,0.0,0.0,0.0,0.0,settle,3.684457540512085,-0.007735221181064844,-0.03110872395336628,0.003772601718083024,-0.010014585219323635,-0.48904097080230713,0.5219394564628601
0.0,0.0,0.0,0.5,0,1785358375.996,0.0,0.0,0.0,0.0,0,0,0,0,0,0.0,0,0,0.0,0.0,0,0,0,0,0,0,0,0,0,0,0,0,0,0,0,0,0,0,0,0,0,0,0,0,0,255,255,0.0,0.0,0.0,0.0,0.0,0.0,0.0,0.0,0.0,0.0,settle,3.684457540512085,-0.007735221181064844,-0.03110872395336628,0.003772601718083024,-0.010014585219323635,-0.48904097080230713,0.5219394564628601
0.0,0.0,0.0,0.5,0,1785358376.0179899,0.0,0.0,0.0,0.0,0,0,0,0,0,0.0,0,0,0.0,0.0,0,0,0,0,0,0,0,0,0,0,0,0,0,0,0,0,0,0,0,0,0,0,0,0,0,255,255,0.0,0.0,0.0,0.0,0.0,0.0,0.0,0.0,0.0,0.0,settle,3.684457540512085,-0.007735221181064844,-0.03110872395336628,0.003772601718083024,-0.010014585219323635,-0.48904097080230713,0.5219394564628601
0.0,0.0,0.0,0.5,0,1785358376.040597,0.0,0.0,0.0,0.0,0,0,0,0,0,0.0,0,0,0.0,0.0,0,0,0,0,0,0,0,0,0,0,0,0,0,0,0,0,0,0,0,0,0,0,0,0,0,255,255,0.0,0.0,0.0,0.0,0.0,0.0,0.0,0.0,0.0,0.0,settle,3.684457540512085,-0.006068479269742966,-0.033181481063365936,0.0032819893676787615,-0.013316450640559196,-0.5576378107070923,0.5235008001327515
0.0,0.0,0.0,0.5,0,1785358376.0649831,0.0,0.0,0.0,0.0,0,0,0,0,0,0.0,0,0,0.0,0.0,0,0,0,0,0,0,0,0,0,0,0,0,0,0,0,0,0,0,0,0,0,0,0,0,0,255,255,0.0,0.0,0.0,0.0,0.0,0.0,0.0,0.0,0.0,0.0,settle,3.684457540512085,-0.006068479269742966,-0.033181481063365936,0.0032819893676787615,-0.013316450640559196,-0.5576378107070923,0.5235008001327515
0.0,0.0,0.0,0.5,0,1785358376.088277,0.0,0.0,0.0,0.0,0,0,0,0,0,0.0,0,0,0.0,0.0,0,0,0,0,0,0,0,0,0,0,0,0,0,0,0,0,0,0,0,0,0,0,0,0,0,255,255,0.0,0.0,0.0,0.0,0.0,0.0,0.0,0.0,0.0,0.0,settle,3.6791789531707764,-0.0065323058515787125,-0.033513154834508896,0.0020018538925796747,-0.01788421906530857,-0.6057859063148499,0.5250366926193237
0.0,0.0,0.0,0.5,0,1785358376.111684,0.0,0.0,0.0,0.0,0,0,0,0,0,0.0,0,0,0.0,0.0,0,0,0,0,0,0,0,0,0,0,0,0,0,0,0,0,0,0,0,0,0,0,0,0,0,255,255,0.0,0.0,0.0,0.0,0.0,0.0,0.0,0.0,0.0,0.0,settle,3.6791789531707764,-0.0065323058515787125,-0.033513154834508896,0.0020018538925796747,-0.01788421906530857,-0.6057859063148499,0.5250366926193237
0.0,0.0,0.0,0.5,0,1785358376.1331131,0.0,0.0,0.0,0.0,0,0,0,0,0,0.0,0,0,0.0,0.0,0,0,0,0,0,0,0,0,0,0,0,0,0,0,0,0,0,0,0,0,0,0,0,0,0,255,255,0.0,0.0,0.0,0.0,0.0,0.0,0.0,0.0,0.0,0.0,settle,3.6791789531707764,0.0005507204332388937,-0.030229544267058372,0.0058805374428629875,-0.021950826048851013,-0.625959575176239,0.5293898582458496
0.0,0.0,0.0,0.5,0,1785358376.155272,0.0,0.0,0.0,0.0,0,0,0,0,0,0.0,0,0,0.0,0.0,0,0,0,0,0,0,0,0,0,0,0,0,0,0,0,0,0,0,0,0,0,0,0,0,0,255,255,0.0,0.0,0.0,0.0,0.0,0.0,0.0,0.0,0.0,0.0,settle,3.6791789531707764,0.0005507204332388937,-0.030229544267058372,0.0058805374428629875,-0.021950826048851013,-0.625959575176239,0.5293898582458496
0.0,0.0,0.0,0.5,0,1785358376.179008,0.0,0.0,0.0,0.0,0,0,0,0,0,0.0,0,0,0.0,0.0,0,0,0,0,0,0,0,0,0,0,0,0,0,0,0,0,0,0,0,0,0,0,0,0,0,255,255,0.0,0.0,0.0,0.0,0.0,0.0,0.0,0.0,0.0,0.0,settle,3.684457540512085,0.001694546896032989,-0.020940249785780907,0.006417000666260719,-0.023331644013524055,-0.6335005760192871,0.5311095714569092
0.0,0.0,0.0,0.5,0,1785358376.201468,0.0,0.0,0.0,0.0,0,0,0,0,0,0.0,0,0,0.0,0.0,0,0,0,0,0,0,0,0,0,0,0,0,0,0,0,0,0,0,0,0,0,0,0,0,0,255,255,0.0,0.0,0.0,0.0,0.0,0.0,0.0,0.0,0.0,0.0,settle,3.684457540512085,0.001694546896032989,-0.020940249785780907,0.006417000666260719,-0.023331644013524055,-0.6335005760192871,0.5311095714569092
0.0,0.0,0.0,0.5,337,1785358376.379052,0.014403192326426506,-0.015604926273226738,0.49786967039108276,-0.6932124495506287,5,7187,0,0,0,0.0,0,0,0.0,0.0,0,0,0,0,0,0,0,0,0,0,0,0,0,0,0,0,0,0,0,0,0,0,0,0,0,255,255,0.0,0.0,0.0,0.0,0.0,0.0,0.0,0.0,0.0,0.0,straight_run,3.7583577632904053,0.007801725063472986,0.0162556953728199,0.015639444813132286,-0.025354979559779167,-0.7135807871818542,0.5312841534614563
0.0034383954154727794,0.0,0.0,0.5,337,1785358376.402326,0.014403192326426506,-0.015604926273226738,0.49786967039108276,-0.6932124495506287,5,7187,0,0,0,0.0,0,0,0.0,0.0,0,0,0,0,0,0,0,0,0,0,0,0,0,0,0,0,0,0,0,0,0,0,0,0,0,255,255,0.0,0.0,0.0,0.0,0.0,0.0,0.0,0.0,0.0,0.0,straight_run,3.7583577632904053,0.007801725063472986,0.0162556953728199,0.015639444813132286,-0.025354979559779167,-0.7135807871818542,0.5312841534614563
0.006876790830945559,0.0,0.0,0.5,337,1785358376.427098,0.014403192326426506,-0.015604926273226738,0.49786967039108276,-0.6932124495506287,5,7187,0,0,0,0.0,0,0,0.0,0.0,0,0,0,0,0,0,0,0,0,0,0,0,0,0,0,0,0,0,0,0,0,0,0,0,0,255,255,0.0,0.0,0.0,0.0,0.0,0.0,0.0,0.0,0.0,0.0,straight_run,3.7583577632904053,0.0046755606308579445,0.02423391491174698,0.014775522984564304,-0.020695572718977928,-0.8223820328712463,0.5206513404846191
0.010315186246418338,0.0,0.0,0.5,337,1785358376.450987,0.012794080190360546,-0.012721274048089981,0.4975939989089966,-0.822356641292572,5,7196,0,0,0,0.0,0,0,0.0,0.0,0,0,0,0,0,0,0,0,0,0,0,0,0,0,0,0,0,0,0,0,0,0,0,0,0,255,255,0.0,0.0,0.0,0.0,0.0,0.0,0.0,0.0,0.0,0.0,straight_run,3.7583577632904053,0.0046755606308579445,0.02423391491174698,0.014775522984564304,-0.020695572718977928,-0.8223820328712463,0.5206513404846191
0.013753581661891117,0.0,0.0,0.5,337,1785358376.474995,0.014438365586102009,-0.009270433336496353,0.4975019097328186,-0.9142259955406189,5,6518,0,0,0,0.0,0,0,0.0,0.0,0,0,0,0,0,0,0,0,0,0,0,0,0,0,0,0,0,0,0,0,0,0,0,0,0,255,255,0.0,0.0,0.0,0.0,0.0,0.0,0.0,0.0,0.0,0.0,straight_run,3.7055718898773193,0.0035643328446894884,0.02551632933318615,0.01507461816072464,-0.018450090661644936,-0.9394744038581848,0.5049121975898743
0.017191977077363897,0.0,0.0,0.5,337,1785358376.497026,0.014438365586102009,-0.009270433336496353,0.4975019097328186,-0.9142259955406189,5,6518,0,0,0,0.0,0,0,0.0,0.0,0,0,0,0,0,0,0,0,0,0,0,0,0,0,0,0,0,0,0,0,0,0,0,0,0,255,255,0.0,0.0,0.0,0.0,0.0,0.0,0.0,0.0,0.0,0.0,straight_run,3.7055718898773193,0.0035643328446894884,0.02551632933318615,0.01507461816072464,-0.018450090661644936,-0.9394744038581848,0.5049121975898743
0.020630372492836675,0.0,0.0,0.5,337,1785358376.520721,0.014438365586102009,-0.009270433336496353,0.4975019097328186,-0.9142259955406189,5,6518,0,0,0,0.0,0,0,0.0,0.0,0,0,0,0,0,0,0,0,0,0,0,0,0,0,0,0,0,0,0,0,0,0,0,0,0,255,255,0.0,0.0,0.0,0.0,0.0,0.0,0.0,0.0,0.0,0.0,straight_run,3.7055718898773193,0.0035643328446894884,0.02551632933318615,0.01507461816072464,-0.018450090661644936,-0.9394744038581848,0.5049121975898743
0.024068767908309457,0.0,0.0,0.5,337,1785358376.545012,0.028386391699314117,-0.018267864361405373,0.4974743127822876,-1.0978893041610718,5,6519,0,0,0,0.0,0,0,0.0,0.0,0,0,0,0,0,0,0,0,0,0,0,0,0,0,0,0,0,0,0,0,0,0,0,0,0,255,255,0.0,0.0,0.0,0.0,0.0,0.0,0.0,0.0,0.0,0.0,straight_run,3.7055718898773193,0.016370616853237152,0.014943869784474373,0.02525380253791809,-0.02343740500509739,-1.0978891849517822,0.4851727783679962
0.027507163323782235,0.0,0.0,0.5,337,1785358376.569994,0.028386391699314117,-0.018267864361405373,0.4974743127822876,-1.0978893041610718,5,6519,0,0,0,0.0,0,0,0.0,0.0,0,0,0,0,0,0,0,0,0,0,0,0,0,0,0,0,0,0,0,0,0,0,0,0,0,255,255,0.0,0.0,0.0,0.0,0.0,0.0,0.0,0.0,0.0,0.0,straight_run,3.6633431911468506,0.02014780044555664,0.012275018729269505,0.02970850095152855,-0.022646144032478333,-1.2963887453079224,0.465732216835022
0.030945558739255013,0.0,0.0,0.5,337,1785358376.590385,0.03128534555435181,-0.018000585958361626,0.49749475717544556,-1.2598553895950317,5,7439,0,0,0,0.0,0,0,0.0,0.0,0,0,0,0,0,0,0,0,0,0,0,0,0,0,0,0,0,0,0,0,0,0,0,0,0,255,255,0.0,0.0,0.0,0.0,0.0,0.0,0.0,0.0,0.0,0.0,straight_run,3.6633431911468506,0.02014780044555664,0.012275018729269505,0.02970850095152855,-0.022646144032478333,-1.2963887453079224,0.465732216835022
0.034383954154727794,0.0,0.0,0.5,337,1785358376.611084,0.03128534555435181,-0.018000585958361626,0.49749475717544556,-1.2598553895950317,5,7439,0,0,0,0.0,0,0,0.0,0.0,0,0,0,0,0,0,0,0,0,0,0,0,0,0,0,0,0,0,0,0,0,0,0,0,0,255,255,0.0,0.0,0.0,0.0,0.0,0.0,0.0,0.0,0.0,0.0,straight_run,3.6633431911468506,0.02014780044555664,0.012275018729269505,0.02970850095152855,-0.022646144032478333,-1.2963887453079224,0.465732216835022
0.03782234957020057,0.0,0.0,0.5,337,1785358376.633116,0.03762323036789894,-0.01773192547261715,0.49759605526924133,-1.5165868997573853,5,6565,0,0,0,0.0,0,0,0.0,0.0,0,0,0,0,0,0,0,0,0,0,0,0,0,0,0,0,0,0,0,0,0,0,0,0,0,255,255,0.0,0.0,0.0,0.0,0.0,0.0,0.0,0.0,0.0,0.0,straight_run,3.6633431911468506,0.02168457582592964,0.00905622635036707,0.03332045301795006,-0.023156777024269104,-1.5165865421295166,0.4475213289260864
0.04126074498567335,0.0,0.0,0.5,337,1785358376.653992,0.03762323036789894,-0.01773192547261715,0.49759605526924133,-1.5165868997573853,5,6565,0,0,0,0.0,0,0,0.0,0.0,0,0,0,0,0,0,0,0,0,0,0,0,0,0,0,0,0,0,0,0,0,0,0,0,0,255,255,0.0,0.0,0.0,0.0,0.0,0.0,0.0,0.0,0.0,0.0,straight_run,3.6633431911468506,0.02168457582592964,0.00905622635036707,0.03332045301795006,-0.023156777024269104,-1.5165865421295166,0.4475213289260864
0.044699140401146135,0.0,0.0,0.5,337,1785358376.6755369,0.0341896153986454,-0.016319122165441513,0.49765199422836304,-1.6913032531738281,5,7084,0,0,0,0.0,0,0,0.0,0.0,0,0,0,0,0,0,0,0,0,0,0,0,0,0,0,0,0,0,0,0,0,0,0,0,0,255,255,0.0,0.0,0.0,0.0,0.0,0.0,0.0,0.0,0.0,0.0,straight_run,3.6527860164642334,0.028138305991888046,-0.0026110243052244186,0.04086604714393616,-0.030594075098633766,-1.7292364835739136,0.4284314513206482
0.048137535816618914,0.0,0.0,0.5,337,1785358376.6980321,0.0341896153986454,-0.016319122165441513,0.49765199422836304,-1.6913032531738281,5,7084,0,0,0,0.0,0,0,0.0,0.0,0,0,0,0,0,0,0,0,0,0,0,0,0,0,0,0,0,0,0,0,0,0,0,0,0,255,255,0.0,0.0,0.0,0.0,0.0,0.0,0.0,0.0,0.0,0.0,straight_run,3.6527860164642334,0.028138305991888046,-0.0026110243052244186,0.04086604714393616,-0.030594075098633766,-1.7292364835739136,0.4284314513206482
0.051575931232091685,0.0,0.0,0.5,337,1785358376.722198,0.0341896153986454,-0.016319122165441513,0.49765199422836304,-1.6913032531738281,5,7084,0,0,0,0.0,0,0,0.0,0.0,0,0,0,0,0,0,0,0,0,0,0,0,0,0,0,0,0,0,0,0,0,0,0,0,0,255,255,0.0,0.0,0.0,0.0,0.0,0.0,0.0,0.0,0.0,0.0,straight_run,3.6527860164642334,0.028138305991888046,-0.0026110243052244186,0.04086604714393616,-0.030594075098633766,-1.7292364835739136,0.4284314513206482
0.05501432664756447,0.0,0.0,0.5,337,1785358376.743602,0.012416700832545757,-0.10180184990167618,0.492125004529953,-1.9449806213378906,5,7123,0,0,0,0.0,0,0,0.0,0.0,0,0,0,0,0,0,0,0,0,0,0,0,0,0,0,0,0,0,0,0,0,0,0,0,0,255,255,0.0,0.0,0.0,0.0,0.0,0.0,0.0,0.0,0.0,0.0,straight_run,3.6527860164642334,-0.013835063204169273,-0.07892123609781265,0.013777323067188263,-0.08643357455730438,-1.945168137550354,0.41254791617393494
0.05845272206303725,0.0,0.0,0.5,337,1785358376.764593,0.012416700832545757,-0.10180184990167618,0.492125004529953,-1.9449806213378906,5,7123,0,0,0,0.0,0,0,0.0,0.0,0,0,0,0,0,0,0,0,0,0,0,0,0,0,0,0,0,0,0,0,0,0,0,0,0,255,255,0.0,0.0,0.0,0.0,0.0,0.0,0.0,0.0,0.0,0.0,straight_run,3.6527860164642334,-0.013835063204169273,-0.07892123609781265,0.013777323067188263,-0.08643357455730438,-1.945168137550354,0.41254791617393494
0.061891117478510026,0.0,0.0,0.5,337,1785358376.785053,0.004519191104918718,-0.09334743022918701,0.4923463463783264,-2.0962352752685547,5,7048,0,0,0,0.0,0,0,0.0,0.0,0,0,0,0,0,0,0,0,0,0,0,0,0,0,0,0,0,0,0,0,0,0,0,0,0,255,255,0.0,0.0,0.0,0.0,0.0,0.0,0.0,0.0,0.0,0.0,straight_run,3.6527860164642334,-0.018458031117916107,-0.06999636441469193,0.01151981670409441,-0.08632294833660126,-2.1404433250427246,0.39735761284828186
0.06532951289398281,0.0,0.0,0.5,337,1785358376.8081222,0.004519191104918718,-0.09334743022918701,0.4923463463783264,-2.0962352752685547,5,7048,0,0,0,0.0,0,0,0.0,0.0,0,0,0,0,0,0,0,0,0,0,0,0,0,0,0,0,0,0,0,0,0,0,0,0,0,255,255,0.0,0.0,0.0,0.0,0.0,0.0,0.0,0.0,0.0,0.0,straight_run,3.6527860164642334,-0.018458031117916107,-0.06999636441469193,0.01151981670409441,-0.08632294833660126,-2.1404433250427246,0.39735761284828186
0.06876790830945559,0.0,0.0,0.5,337,1785358376.832117,0.003985139541327953,-0.08514759689569473,0.49356552958488464,-2.3364462852478027,5,7747,0,0,0,0.0,0,0,0.0,0.0,0,0,0,0,0,0,0,0,0,0,0,0,0,0,0,0,0,0,0,0,0,0,0,0,0,255,255,0.0,0.0,0.0,0.0,0.0,0.0,0.0,0.0,0.0,0.0,straight_run,3.6527860164642334,-0.01842019334435463,-0.051757775247097015,0.011583059094846249,-0.08187424391508102,-2.3364033699035645,0.3847842216491699
0.07220630372492837,0.0,0.0,0.5,337,1785358376.85499,0.003985139541327953,-0.08514759689569473,0.49356552958488464,-2.3364462852478027,5,7747,0,0,0,0.0,0,0,0.0,0.0,0,0,0,0,0,0,0,0,0,0,0,0,0,0,0,0,0,0,0,0,0,0,0,0,0,255,255,0.0,0.0,0.0,0.0,0.0,0.0,0.0,0.0,0.0,0.0,straight_run,3.6527860164642334,-0.01842019334435463,-0.051757775247097015,0.011583059094846249,-0.08187424391508102,-2.3364033699035645,0.3847842216491699
0.07564469914040114,0.0,0.0,0.5,337,1785358376.876975,0.014139710925519466,-0.06223275512456894,0.49440497159957886,-2.500113010406494,5,6692,0,0,0,0.0,0,0,0.0,0.0,0,0,0,0,0,0,0,0,0,0,0,0,0,0,0,0,0,0,0,0,0,0,0,0,0,255,255,0.0,0.0,0.0,0.0,0.0,0.0,0.0,0.0,0.0,0.0,straight_run,3.6527860164642334,-0.012719780206680298,-0.021127665415406227,0.015371284447610378,-0.07014717906713486,-2.5425891876220703,0.37664318084716797
0.07908309455587391,0.0,0.0,0.5,337,1785358376.897999,0.014139710925519466,-0.06223275512456894,0.49440497159957886,-2.500113010406494,5,6692,0,0,0,0.0,0,0,0.0,0.0,0,0,0,0,0,0,0,0,0,0,0,0,0,0,0,0,0,0,0,0,0,0,0,0,0,255,255,0.0,0.0,0.0,0.0,0.0,0.0,0.0,0.0,0.0,0.0,straight_run,3.6527860164642334,-0.012719780206680298,-0.021127665415406227,0.015371284447610378,-0.07014717906713486,-2.5425891876220703,0.37664318084716797
0.0825214899713467,0.0,0.0,0.5,337,1785358376.9220428,0.014139710925519466,-0.06223275512456894,0.49440497159957886,-2.500113010406494,5,6692,0,0,0,0.0,0,0,0.0,0.0,0,0,0,0,0,0,0,0,0,0,0,0,0,0,0,0,0,0,0,0,0,0,0,0,0,255,255,0.0,0.0,0.0,0.0,0.0,0.0,0.0,0.0,0.0,0.0,straight_run,3.6527860164642334,-0.012719780206680298,-0.021127665415406227,0.015371284447610378,-0.07014717906713486,-2.5425891876220703,0.37664318084716797
0.08595988538681948,0.0,0.0,0.5,337,1785358376.944003,-0.01071939617395401,-0.045723605901002884,0.49670079350471497,-2.7479639053344727,5,7157,0,0,0,0.0,0,0,0.0,0.0,0,0,0,0,0,0,0,0,0,0,0,0,0,0,0,0,0,0,0,0,0,0,0,0,0,255,255,0.0,0.0,0.0,0.0,0.0,0.0,0.0,0.0,0.0,0.0,straight_run,3.6527860164642334,-0.040190692991018295,0.0028476216830313206,-0.00462746387347579,-0.06257869303226471,-2.7481229305267334,0.37045541405677795
0.08939828080229227,0.0,0.0,0.5,337,1785358376.9690711,-0.01071939617395401,-0.045723605901002884,0.49670079350471497,-2.7479639053344727,5,7157,0,0,0,0.0,0,0,0.0,0.0,0,0,0,0,0,0,0,0,0,0,0,0,0,0,0,0,0,0,0,0,0,0,0,0,0,255,255,0.0,0.0,0.0,0.0,0.0,0.0,0.0,0.0,0.0,0.0,straight_run,3.6633431911468506,-0.03524176776409149,0.017825860530138016,-0.0037926798686385155,-0.05956045538187027,-2.9732797145843506,0.3666946291923523
0.09283667621776504,0.0,0.0,0.5,337,1785358376.992037,-0.0053763496689498425,-0.03881995752453804,0.4973803162574768,-2.9269347190856934,5,7776,0,0,0,0.0,0,0,0.0,0.0,0,0,0,0,0,0,0,0,0,0,0,0,0,0,0,0,0,0,0,0,0,0,0,0,0,255,255,0.0,0.0,0.0,0.0,0.0,0.0,0.0,0.0,0.0,0.0,straight_run,3.6633431911468506,-0.03524176776409149,0.017825860530138016,-0.0037926798686385155,-0.05956045538187027,-2.9732797145843506,0.3666946291923523
0.09627507163323783,0.0,0.0,0.5,337,1785358377.013022,-0.0053763496689498425,-0.03881995752453804,0.4973803162574768,-2.9269347190856934,5,7776,0,0,0,0.0,0,0,0.0,0.0,0,0,0,0,0,0,0,0,0,0,0,0,0,0,0,0,0,0,0,0,0,0,0,0,0,255,255,0.0,0.0,0.0,0.0,0.0,0.0,0.0,0.0,0.0,0.0,straight_run,3.6633431911468506,-0.03524176776409149,0.017825860530138016,-0.0037926798686385155,-0.05956045538187027,-2.9732797145843506,0.3666946291923523
0.0997134670487106,0.0,0.0,0.5,337,1785358377.034003,-0.0020525206346064806,-0.028704149648547173,0.49790334701538086,-3.142454147338867,5,7166,34,0,0,0.0009889259235933423,0,0,1.0,0.0,0,0,0,1,0,0,0,0,0,0,0,0,0,0,0,0,0,0,0,0,0,0,0,0,0,255,255,0.0,0.0,0.0,0.0,0.0,0.0,0.0,0.0,0.0,0.0,straight_run,3.6633431911468506,-0.029939861968159676,0.03393159061670303,-0.004368635360151529,-0.05404498428106308,-3.1838321685791016,0.36366868019104004
0.10315186246418337,0.0,0.0,0.5,337,1785358377.055974,-0.0020525206346064806,-0.028704149648547173,0.49790334701538086,-3.142454147338867,5,7166,34,0,0,0.0009889259235933423,0,0,1.0,0.0,0,0,0,1,0,0,0,0,0,0,0,0,0,0,0,0,0,0,0,0,0,0,0,0,0,255,255,0.0,0.0,0.0,0.0,0.0,0.0,0.0,0.0,0.0,0.0,straight_run,3.6633431911468506,-0.029939861968159676,0.03393159061670303,-0.004368635360151529,-0.05404498428106308,-3.1838321685791016,0.36366868019104004
0.10659025787965616,0.0,0.0,0.5,289,1785358377.078615,0.008651945739984512,-0.02106550522148609,0.4981357157230377,-3.308246374130249,5,7552,74,0,0,0.0009889259235933423,0,0,1.0,0.0,0,1,0,1,1023,0,0,0,0,0,0,0,512,1023,0,0,1,1,0,1,0,52,0,0,0,255,255,0.0,0.0,0.0,0.0,0.0,0.0,0.0,0.0,0.0,0.0,straight_run,3.6527860164642334,-0.01511840708553791,0.05048569291830063,0.0014067207230255008,-0.04653603583574295,-3.3937199115753174,0.3628063499927521
0.11002865329512894,0.0,0.0,0.5,289,1785358377.1021,0.008651945739984512,-0.02106550522148609,0.4981357157230377,-3.308246374130249,5,7552,74,0,0,0.0009889259235933423,0,0,1.0,0.0,0,1,0,1,1023,0,0,0,0,0,0,0,512,1023,0,0,1,1,0,1,0,52,0,0,0,255,255,0.0,0.0,0.0,0.0,0.0,0.0,0.0,0.0,0.0,0.0,straight_run,3.6527860164642334,-0.01511840708553791,0.05048569291830063,0.0014067207230255008,-0.04653603583574295,-3.3937199115753174,0.3628063499927521
0.11346704871060172,0.0,0.0,0.5,289,1785358377.1242418,0.008651945739984512,-0.02106550522148609,0.4981357157230377,-3.308246374130249,5,7552,74,0,0,0.0009889259235933423,0,0,1.0,0.0,0,1,0,1,1023,0,0,0,0,0,0,0,512,1023,0,0,1,1,0,1,0,52,0,0,0,255,255,0.0,0.0,0.0,0.0,0.0,0.0,0.0,0.0,0.0,0.0,straight_run,3.6527860164642334,-0.01511840708553791,0.05048569291830063,0.0014067207230255008,-0.04653603583574295,-3.3937199115753174,0.3628063499927521
0.1169054441260745,0.0,0.0,0.5,289,1785358377.149087,0.015701331198215485,-0.009084707126021385,0.498512864112854,-3.55291748046875,5,8173,134,0,0,0.0009889259235933423,0,0,1.0,0.0,0,1,0,1,1023,0,0,0,0,0,0,0,512,1023,0,0,1,1,0,1,0,52,0,0,0,255,255,0.0,0.0,0.0,0.0,0.0,0.0,0.0,0.0,0.0,0.0,straight_run,3.6527860164642334,-0.0044553931802511215,0.0630587637424469,0.004425226245075464,-0.04020821675658226,-3.5857410430908203,0.36218178272247314
0.12034383954154726,0.0,0.0,0.5,289,1785358377.1724532,0.015701331198215485,-0.009084707126021385,0.498512864112854,-3.55291748046875,5,8173,16,0,0,0.001185790402814746,0,0,1.0,0.0,0,1,0,1,1023,0,0,0,0,0,0,0,512,1023,0,0,1,1,0,1,0,52,0,0,0,255,255,0.0,0.0,0.0,0.0,0.0,0.0,0.0,0.0,0.0,0.0,straight_run,3.647507429122925,0.00368105317465961,0.07673992961645126,0.005838361568748951,-0.031184861436486244,-3.773545742034912,0.35979992151260376
0.12378223495702005,0.0,0.0,0.5,289,1785358377.195638,0.02329493686556816,-0.0008677594014443457,0.49857214093208313,-3.7032272815704346,5,8170,16,0,0,0.001185790402814746,0,0,1.0,0.0,0,2,0,1,1023,0,16,0,0,0,0,64,0,1023,0,0,2,2,0,1,0,107,0,0,0,255,255,0.0,0.0,0.0,0.0,0.0,0.0,0.0,0.0,0.0,0.0,straight_run,3.647507429122925,0.00368105317465961,0.07673992961645126,0.005838361568748951,-0.031184861436486244,-3.773545742034912,0.35979992151260376
0.12722063037249282,0.0,0.0,0.5,289,1785358377.2179909,0.02329493686556816,-0.0008677594014443457,0.49857214093208313,-3.7032272815704346,5,8170,16,0,0,0.001185790402814746,0,0,1.0,0.0,0,2,0,1,1023,0,16,0,0,0,0,64,0,1023,0,0,2,2,0,1,0,107,0,0,0,255,255,0.0,0.0,0.0,0.0,0.0,0.0,0.0,0.0,0.0,0.0,straight_run,3.647507429122925,0.00368105317465961,0.07673992961645126,0.005838361568748951,-0.031184861436486244,-3.773545742034912,0.35979992151260376
0.13065902578796562,0.0,0.0,0.5,289,1785358377.2430642,0.03124982677400112,0.003924341406673193,0.49872398376464844,-3.9077794551849365,5,7456,76,0,0,0.001185790402814746,0,0,1.0,0.0,0,2,0,1,1023,0,16,0,0,0,0,64,0,1023,0,0,2,2,0,1,0,107,0,0,0,255,255,0.0,0.0,0.0,0.0,0.0,0.0,0.0,0.0,0.0,0.0,straight_run,3.647507429122925,0.019705243408679962,0.07861367613077164,0.012059149332344532,-0.027898361906409264,-3.941260576248169,0.3597373962402344
0.1340974212034384,0.0,0.0,0.5,289,1785358377.267193,0.03124982677400112,0.003924341406673193,0.49872398376464844,-3.9077794551849365,5,7456,76,0,0,0.001185790402814746,0,0,1.0,0.0,0,2,0,1,1023,0,16,0,0,0,0,64,0,1023,0,0,2,2,0,1,0,107,0,0,0,255,255,0.0,0.0,0.0,0.0,0.0,0.0,0.0,0.0,0.0,0.0,straight_run,3.647507429122925,0.019705243408679962,0.07861367613077164,0.012059149332344532,-0.027898361906409264,-3.941260576248169,0.3597373962402344
0.13753581661891118,0.0,0.0,0.5,289,1785358377.291442,0.04005110636353493,0.006817398127168417,0.49891573190689087,-4.045783519744873,5,7791,115,0,0,0.001185790402814746,0,0,1.0,0.0,0,2,0,1,1023,0,16,0,0,0,0,64,0,1023,0,0,2,2,0,1,0,107,0,0,0,255,255,0.0,0.0,0.0,0.0,0.0,0.0,0.0,0.0,0.0,0.0,straight_run,3.658064603805542,0.032410185784101486,0.07868975400924683,0.0167074054479599,-0.02452305518090725,-4.10780668258667,0.35962995886802673
0.14097421203438396,0.0,0.0,0.5,289,1785358377.31651,0.04005110636353493,0.006817398127168417,0.49891573190689087,-4.045783519744873,5,7791,115,0,0,0.001185790402814746,0,0,1.0,0.0,0,2,0,1,1023,0,16,0,0,0,0,64,0,1023,0,0,2,2,0,1,0,107,0,0,0,255,255,0.0,0.0,0.0,0.0,0.0,0.0,0.0,0.0,0.0,0.0,straight_run,3.658064603805542,0.032410185784101486,0.07868975400924683,0.0167074054479599,-0.02452305518090725,-4.10780668258667,0.35962995886802673
0.14441260744985673,0.0,0.0,0.5,289,1785358377.33935,0.050125401467084885,0.004959085024893284,0.4990740418434143,-4.229456901550293,5,8274,23,0,0,0.0013374915579333901,0,0,1.0,0.0,0,2,0,1,1023,0,16,0,0,0,0,64,0,1023,0,0,2,2,0,1,0,107,0,0,0,255,255,0.0,0.0,0.0,0.0,0.0,0.0,0.0,0.0,0.0,0.0,straight_run,3.658064603805542,0.0375235415995121,0.07648925483226776,0.017353558912873268,-0.021255919709801674,-4.26726770401001,0.36365607380867004
0.1478510028653295,0.0,0.0,0.5,289,1785358377.3622751,0.050125401467084885,0.004959085024893284,0.4990740418434143,-4.229456901550293,5,8274,23,0,0,0.0013374915579333901,0,0,1.0,0.0,0,2,0,1,1023,0,16,0,0,0,0,64,0,1023,0,0,2,2,0,1,0,107,0,0,0,255,255,0.0,0.0,0.0,0.0,0.0,0.0,0.0,0.0,0.0,0.0,straight_run,3.658064603805542,0.0375235415995121,0.07648925483226776,0.017353558912873268,-0.021255919709801674,-4.26726770401001,0.36365607380867004
0.1512893982808023,0.0,0.0,0.5,289,1785358377.383169,0.057560261338949203,0.003426714800298214,0.4991426467895508,-4.3589253425598145,5,7446,63,0,0,0.0013374915579333901,0,0,1.0,0.0,0,3,0,1,1023,0,0,0,0,0,0,0,32,1023,0,0,3,1,0,1,0,52,0,0,0,255,255,0.0,0.0,0.0,0.0,0.0,0.0,0.0,0.0,0.0,0.0,straight_run,3.668621778488159,0.05136566236615181,0.07123282551765442,0.023998213931918144,-0.02001945674419403,-4.389364719390869,0.36573490500450134
0.15472779369627507,0.0,0.0,0.5,289,1785358377.404248,0.057560261338949203,0.003426714800298214,0.4991426467895508,-4.3589253425598145,5,7446,63,0,0,0.0013374915579333901,0,0,1.0,0.0,0,3,0,1,1023,0,0,0,0,0,0,0,32,1023,0,0,3,1,0,1,0,52,0,0,0,255,255,0.0,0.0,0.0,0.0,0.0,0.0,0.0,0.0,0.0,0.0,straight_run,3.668621778488159,0.05136566236615181,0.07123282551765442,0.023998213931918144,-0.02001945674419403,-4.389364719390869,0.36573490500450134
0.15816618911174782,0.0,0.0,0.5,289,1785358377.425278,0.057560261338949203,0.003426714800298214,0.4991426467895508,-4.3589253425598145,5,7446,123,0,0,0.0013374915579333901,0,0,1.0,0.0,0,3,0,1,1023,0,0,0,0,0,0,0,32,1023,0,0,3,1,0,1,0,52,0,0,0,255,255,0.0,0.0,0.0,0.0,0.0,0.0,0.0,0.0,0.0,0.0,straight_run,3.668621778488159,0.061779920011758804,0.06894481182098389,0.028919480741024017,-0.0147072309628129,-4.547333717346191,0.37008827924728394
0.16160458452722062,0.0,0.0,0.5,289,1785358377.448514,0.06653675436973572,0.004450314678251743,0.4992092549800873,-4.521516799926758,5,7391,123,0,0,0.0013374915579333901,0,0,1.0,0.0,0,3,0,1,1023,0,0,0,0,0,0,0,32,1023,0,0,3,1,0,1,0,52,0,0,0,255,255,0.0,0.0,0.0,0.0,0.0,0.0,0.0,0.0,0.0,0.0,straight_run,3.668621778488159,0.061779920011758804,0.06894481182098389,0.028919480741024017,-0.0147072309628129,-4.547333717346191,0.37008827924728394
0.1650429799426934,0.0,0.0,0.5,289,1785358377.469008,0.06653675436973572,0.004450314678251743,0.4992092549800873,-4.521516799926758,5,7391,123,0,0,0.0013374915579333901,0,0,1.0,0.0,0,3,0,1,1023,0,0,0,0,0,0,0,32,1023,0,0,3,1,0,1,0,52,0,0,0,255,255,0.0,0.0,0.0,0.0,0.0,0.0,0.0,0.0,0.0,0.0,straight_run,3.6633431911468506,0.06641216576099396,0.06214392930269241,0.03176308423280716,-0.014072883874177933,-4.6517839431762695,0.3731468915939331
0.16848137535816618,0.0,0.0,0.5,289,1785358377.494087,0.07243768870830536,0.00551105011254549,0.4992392659187317,-4.627329349517822,5,8146,5,0,0,0.00169301254209131,0,0,1.0,0.0,0,4,0,1,1023,0,0,0,0,0,0,0,0,1023,0,0,4,0,0,0,0,0,0,0,0,255,255,0.0,0.0,0.0,0.0,0.0,0.0,0.0,0.0,0.0,0.0,straight_run,3.6633431911468506,0.06641216576099396,0.06214392930269241,0.03176308423280716,-0.014072883874177933,-4.6517839431762695,0.3731468915939331
0.17191977077363896,0.0,0.0,0.5,289,1785358377.516004,0.07243768870830536,0.00551105011254549,0.4992392659187317,-4.627329349517822,5,8146,5,0,0,0.00169301254209131,0,0,1.0,0.0,0,4,0,1,1023,0,0,0,0,0,0,0,0,1023,0,0,4,0,0,0,0,0,0,0,0,255,255,0.0,0.0,0.0,0.0,0.0,0.0,0.0,0.0,0.0,0.0,straight_run,3.6633431911468506,0.06641216576099396,0.06214392930269241,0.03176308423280716,-0.014072883874177933,-4.6517839431762695,0.3731468915939331
0.17535816618911176,0.0,0.0,0.5,289,1785358377.5394728,0.08053495734930038,0.00027814466739073396,0.4992799758911133,-4.77549409866333,5,7424,65,0,0,0.00169301254209131,0,0,1.0,0.0,0,4,0,1,1023,0,0,0,0,0,0,0,0,1023,0,0,4,0,0,0,0,0,0,0,0,255,255,0.0,0.0,0.0,0.0,0.0,0.0,0.0,0.0,0.0,0.0,straight_run,3.6633431911468506,0.074266716837883,0.04994487017393112,0.03736777976155281,-0.013749401085078716,-4.796497344970703,0.3790222108364105
0.17879656160458454,0.0,0.0,0.5,289,1785358377.56285,0.08053495734930038,0.00027814466739073396,0.4992799758911133,-4.77549409866333,5,7424,65,0,0,0.00169301254209131,0,0,1.0,0.0,0,4,0,1,1023,0,0,0,0,0,0,0,0,1023,0,0,4,0,0,0,0,0,0,0,0,255,255,0.0,0.0,0.0,0.0,0.0,0.0,0.0,0.0,0.0,0.0,straight_run,3.6633431911468506,0.074266716837883,0.04994487017393112,0.03736777976155281,-0.013749401085078716,-4.796497344970703,0.3790222108364105
0.1822349570200573,0.0,0.0,0.5,289,1785358377.58318,0.08516933023929596,-9.753627091413364e-05,0.49930861592292786,-4.8732500076293945,5,7112,105,0,0,0.00169301254209131,0,0,1.0,0.0,0,4,0,1,1023,0,0,0,0,0,0,0,0,1023,0,0,4,0,0,0,0,0,0,0,0,255,255,0.0,0.0,0.0,0.0,0.0,0.0,0.0,0.0,0.0,0.0,straight_run,3.668621778488159,0.07754451036453247,0.046603623777627945,0.04033070430159569,-0.010939693078398705,-4.890050888061523,0.38341566920280457
0.18567335243553007,0.0,0.0,0.5,289,1785358377.604107,0.08516933023929596,-9.753627091413364e-05,0.49930861592292786,-4.8732500076293945,5,7112,105,0,0,0.00169301254209131,0,0,1.0,0.0,0,4,0,1,1023,0,0,0,0,0,0,0,0,1023,0,0,4,0,0,0,0,0,0,0,0,255,255,0.0,0.0,0.0,0.0,0.0,0.0,0.0,0.0,0.0,0.0,straight_run,3.668621778488159,0.07754451036453247,0.046603623777627945,0.04033070430159569,-0.010939693078398705,-4.890050888061523,0.38341566920280457
0.18911174785100285,0.0,0.0,0.5,289,1785358377.626132,0.08516933023929596,-9.753627091413364e-05,0.49930861592292786,-4.8732500076293945,5,7112,105,0,0,0.00169301254209131,0,0,1.0,0.0,0,4,0,1,1023,0,0,0,0,0,0,0,0,1023,0,0,4,0,0,0,0,0,0,0,0,255,255,0.0,0.0,0.0,0.0,0.0,0.0,0.0,0.0,0.0,0.0,straight_run,3.668621778488159,0.08502557128667831,0.0342724546790123,0.04688599705696106,-0.01084266696125269,-5.0239434242248535,0.388908326625824
0.19255014326647565,0.0,0.0,0.5,289,1785358377.6480372,0.09634152054786682,-0.003117318730801344,0.49927887320518494,-5.002651691436768,5,8576,8,0,0,0.0018923956668004394,0,0,1.0,0.0,0,4,0,1,1023,0,0,0,0,0,0,0,0,1023,0,0,4,0,0,0,0,0,0,0,0,255,255,0.0,0.0,0.0,0.0,0.0,0.0,0.0,0.0,0.0,0.0,straight_run,3.668621778488159,0.08502557128667831,0.0342724546790123,0.04688599705696106,-0.01084266696125269,-5.0239434242248535,0.388908326625824
0.19598853868194843,0.0,0.0,0.5,289,1785358377.672993,0.0976417139172554,-0.005133879370987415,0.49925652146339417,-5.069284915924072,5,7660,48,0,0,0.0018923956668004394,0,0,1.0,0.0,0,4,0,1,1023,0,0,0,0,0,0,0,0,1023,0,0,4,0,0,0,0,0,0,0,0,255,255,0.0,0.0,0.0,0.0,0.0,0.0,0.0,0.0,0.0,0.0,straight_run,3.6633431911468506,0.09100078791379929,0.03043544664978981,0.05223769322037697,-0.00912757683545351,-5.089814186096191,0.3916929066181183
0.1994269340974212,0.0,0.0,0.5,289,1785358377.696108,0.0976417139172554,-0.005133879370987415,0.49925652146339417,-5.069284915924072,5,7660,48,0,0,0.0018923956668004394,0,0,1.0,0.0,0,5,0,1,1023,0,256,0,0,0,0,0,0,1023,0,0,5,1,0,1,0,72,0,0,0,255,255,0.0,0.0,0.0,0.0,0.0,0.0,0.0,0.0,0.0,0.0,straight_run,3.6633431911468506,0.09100078791379929,0.03043544664978981,0.05223769322037697,-0.00912757683545351,-5.089814186096191,0.3916929066181183
0.20286532951289396,0.0,0.0,0.5,289,1785358377.717998,0.0976417139172554,-0.005133879370987415,0.49925652146339417,-5.069284915924072,5,7660,48,0,0,0.0018923956668004394,0,0,1.0,0.0,0,5,0,1,1023,0,256,0,0,0,0,0,0,1023,0,0,5,1,0,1,0,72,0,0,0,255,255,0.0,0.0,0.0,0.0,0.0,0.0,0.0,0.0,0.0,0.0,straight_run,3.6633431911468506,0.09100078791379929,0.03043544664978981,0.05223769322037697,-0.00912757683545351,-5.089814186096191,0.3916929066181183
0.20630372492836674,0.0,0.0,0.5,289,1785358377.741785,0.10538604855537415,-0.006587932351976633,0.4992438554763794,-5.1811652183532715,5,7243,108,0,0,0.0018923956668004394,0,0,1.0,0.0,0,5,0,1,1023,0,256,0,0,0,0,0,0,1023,0,0,5,1,0,1,0,72,0,0,0,255,255,0.0,0.0,0.0,0.0,0.0,0.0,0.0,0.0,0.0,0.0,straight_run,3.6633431911468506,0.09404412657022476,0.018662093207240105,0.058144472539424896,-0.01027749665081501,-5.20019006729126,0.39730051159858704
0.20974212034383954,0.0,0.0,0.5,289,1785358377.762039,0.10538604855537415,-0.006587932351976633,0.4992438554763794,-5.1811652183532715,5,7243,108,0,0,0.0018923956668004394,0,0,1.0,0.0,0,5,0,1,1023,0,256,0,0,0,0,0,0,1023,0,0,5,1,0,1,0,72,0,0,0,255,255,0.0,0.0,0.0,0.0,0.0,0.0,0.0,0.0,0.0,0.0,straight_run,3.6633431911468506,0.09404412657022476,0.018662093207240105,0.058144472539424896,-0.01027749665081501,-5.20019006729126,0.39730051159858704
0.21318051575931232,0.0,0.0,0.5,289,1785358377.7859268,0.11272750049829483,-0.007667978759855032,0.4992386996746063,2.699467182159424,5,8344,148,0,0,0.0018923956668004394,0,0,1.0,0.0,0,5,0,1,1023,0,256,0,0,0,0,0,0,1023,0,0,6,1,0,1,0,72,0,0,0,255,255,0.0,0.0,0.0,0.0,0.0,0.0,0.0,0.0,0.0,0.0,straight_run,3.6633431911468506,0.0962052270770073,0.014959622174501419,0.06338058412075043,-0.00895785354077816,-5.272514820098877,0.4018278121948242
0.2166189111747851,0.0,0.0,0.5,289,1785358377.809997,0.11272750049829483,-0.007667978759855032,0.4992386996746063,2.699467182159424,5,8344,148,0,0,0.0018923956668004394,0,0,1.0,0.0,0,5,0,1,1023,0,256,0,0,0,0,0,0,1023,0,0,6,1,0,1,0,72,0,0,0,255,255,0.0,0.0,0.0,0.0,0.0,0.0,0.0,0.0,0.0,0.0,straight_run,3.6633431911468506,0.0962052270770073,0.014959622174501419,0.06338058412075043,-0.00895785354077816,-5.272514820098877,0.4018278121948242
0.22005730659025788,0.0,0.0,0.5,289,1785358377.832025,0.11853832751512527,-0.009802879765629768,0.4992291033267975,0.8973049521446228,5,6598,48,0,0,0.001903753262013197,0,0,1.0,0.0,0,5,0,1,1023,0,256,0,0,0,0,0,0,1023,0,0,6,1,0,1,0,72,0,0,0,255,255,0.0,0.0,0.0,0.0,0.0,0.0,0.0,0.0,0.0,0.0,straight_run,3.6633431911468506,0.09796329587697983,0.007184568792581558,0.0690348893404007,-0.010253510437905788,-4.572810173034668,0.40533629059791565
0.22349570200573063,0.0,0.0,0.5,289,1785358377.854026,0.11853832751512527,-0.009802879765629768,0.4992291033267975,0.8973049521446228,5,6598,48,0,0,0.001903753262013197,0,0,1.0,0.0,0,5,0,1,1023,0,256,0,0,0,0,0,0,1023,0,0,6,1,0,1,0,72,0,0,0,255,255,0.0,0.0,0.0,0.0,0.0,0.0,0.0,0.0,0.0,0.0,straight_run,3.6633431911468506,0.09796329587697983,0.007184568792581558,0.0690348893404007,-0.010253510437905788,-4.572810173034668,0.40533629059791565
0.22693409742120343,0.0,0.0,0.5,289,1785358377.874656,0.12350992858409882,-0.00989417266100645,0.4992101192474365,0.561786949634552,5,8612,88,0,0,0.001903753262013197,0,0,1.0,0.0,0,6,0,1,1023,0,32,0,0,0,0,0,0,1023,0,0,7,1,0,1,0,123,0,0,0,255,255,0.0,0.0,0.0,0.0,0.0,0.0,0.0,0.0,0.0,0.0,straight_run,3.658064603805542,0.09976784884929657,0.001825783052481711,0.07527688145637512,-0.011125707998871803,-3.7624945640563965,0.40803128480911255
0.2303724928366762,0.0,0.0,0.5,289,1785358377.895,0.12350992858409882,-0.00989417266100645,0.4992101192474365,0.561786949634552,5,8612,88,0,0,0.001903753262013197,0,0,1.0,0.0,0,6,0,1,1023,0,32,0,0,0,0,0,0,1023,0,0,7,1,0,1,0,123,0,0,0,255,255,0.0,0.0,0.0,0.0,0.0,0.0,0.0,0.0,0.0,0.0,straight_run,3.658064603805542,0.09976784884929657,0.001825783052481711,0.07527688145637512,-0.011125707998871803,-3.7624945640563965,0.40803128480911255
0.233810888252149,0.0,0.0,0.5,289,1785358377.918549,0.12350992858409882,-0.00989417266100645,0.4992101192474365,0.561786949634552,5,8612,88,0,0,0.001903753262013197,0,0,1.0,0.0,0,6,0,1,1023,0,32,0,0,0,0,0,0,1023,0,0,7,1,0,1,0,123,0,0,0,255,255,0.0,0.0,0.0,0.0,0.0,0.0,0.0,0.0,0.0,0.0,straight_run,3.658064603805542,0.09976784884929657,0.001825783052481711,0.07527688145637512,-0.011125707998871803,-3.7624945640563965,0.40803128480911255
0.23724928366762177,0.0,0.0,0.5,289,1785358377.940414,0.12931761145591736,-0.012945651076734066,0.49918949604034424,-1.2639803886413574,5,7568,48,0,0,0.0018592431442812085,0,0,1.0,0.0,0,6,0,1,1023,0,32,0,0,0,0,0,0,1023,0,0,7,1,0,1,0,123,0,0,0,255,255,0.0,0.0,0.0,0.0,0.0,0.0,0.0,0.0,0.0,0.0,straight_run,3.658064603805542,0.09872058033943176,-0.002234404906630516,0.08010822534561157,-0.01184473279863596,-3.3430733680725098,0.41158580780029297
0.24068767908309452,0.0,0.0,0.5,289,1785358377.962285,0.12931761145591736,-0.012945651076734066,0.49918949604034424,-1.2639803886413574,5,7568,48,0,0,0.0018592431442812085,0,0,1.0,0.0,0,6,0,1,1023,0,32,0,0,0,0,0,0,1023,0,0,7,1,0,1,0,123,0,0,0,255,255,0.0,0.0,0.0,0.0,0.0,0.0,0.0,0.0,0.0,0.0,straight_run,3.658064603805542,0.09872058033943176,-0.002234404906630516,0.08010822534561157,-0.01184473279863596,-3.3430733680725098,0.41158580780029297
0.24412607449856732,0.0,0.0,0.5,289,1785358377.984997,0.13631479442119598,-0.014941040426492691,0.49917489290237427,-2.290173292160034,5,8057,88,0,0,0.0018592431442812085,0,0,1.0,0.0,0,7,0,1,1023,0,0,0,16,0,0,0,0,1023,0,0,8,1,0,1,0,125,0,0,0,255,255,0.0,0.0,0.0,0.0,0.0,0.0,0.0,0.0,0.0,0.0,straight_run,3.658064603805542,0.10095883160829544,-0.006197889801114798,0.086359903216362,-0.012813936918973923,-2.91788387298584,0.41681668162345886
0.2475644699140401,0.0,0.0,0.5,289,1785358378.0100648,0.13631479442119598,-0.014941040426492691,0.49917489290237427,-2.290173292160034,5,8057,88,0,0,0.0018592431442812085,0,0,1.0,0.0,0,7,0,1,1023,0,0,0,16,0,0,0,0,1023,0,0,8,1,0,1,0,125,0,0,0,255,255,0.0,0.0,0.0,0.0,0.0,0.0,0.0,0.0,0.0,0.0,straight_run,3.658064603805542,0.10095883160829544,-0.006197889801114798,0.086359903216362,-0.012813936918973923,-2.91788387298584,0.41681668162345886
0.2510028653295129,0.0,0.0,0.5,289,1785358378.035168,0.14305998384952545,-0.01673724874854088,0.4991626739501953,-2.9228246212005615,5,7149,51,0,0,0.0020104763098061085,0,0,1.0,0.0,0,7,0,1,1023,0,0,0,16,0,0,0,0,1023,0,0,8,1,0,1,0,125,0,0,0,255,255,0.0,0.0,0.0,0.0,0.0,0.0,0.0,0.0,0.0,0.0,straight_run,3.658064603805542,0.10167131572961807,-0.010318995453417301,0.0917452871799469,-0.014166997745633125,-2.5979771614074707,0.4206465482711792
0.25444126074498563,0.0,0.0,0.5,289,1785358378.059115,0.14305998384952545,-0.01673724874854088,0.4991626739501953,-2.9228246212005615,5,7149,51,0,0,0.0020104763098061085,0,0,1.0,0.0,0,7,0,1,1023,0,0,0,16,0,0,0,0,1023,0,0,8,1,0,1,0,125,0,0,0,255,255,0.0,0.0,0.0,0.0,0.0,0.0,0.0,0.0,0.0,0.0,straight_run,3.658064603805542,0.10167131572961807,-0.010318995453417301,0.0917452871799469,-0.014166997745633125,-2.5979771614074707,0.4206465482711792
0.25787965616045844,0.0,0.0,0.5,289,1785358378.082992,0.14819985628128052,-0.018222467973828316,0.49913766980171204,-3.3980000019073486,5,7537,91,0,0,0.0020104763098061085,0,0,1.0,0.0,0,8,0,1,1023,0,0,0,0,0,4,0,8,1023,0,0,8,2,0,1,0,125,0,0,0,255,255,0.0,0.0,0.0,0.0,0.0,0.0,0.0,0.0,0.0,0.0,straight_run,3.6633431911468506,0.10314478725194931,-0.014407643117010593,0.09735569357872009,-0.015910189598798752,-2.407534599304199,0.42472147941589355
0.26131805157593124,0.0,0.0,0.5,289,1785358378.104175,0.14819985628128052,-0.018222467973828316,0.49913766980171204,-3.3980000019073486,5,7537,91,0,0,0.0020104763098061085,0,0,1.0,0.0,0,8,0,1,1023,0,0,0,0,0,4,0,8,1023,0,0,8,2,0,1,0,125,0,0,0,255,255,0.0,0.0,0.0,0.0,0.0,0.0,0.0,0.0,0.0,0.0,straight_run,3.6633431911468506,0.10314478725194931,-0.014407643117010593,0.09735569357872009,-0.015910189598798752,-2.407534599304199,0.42472147941589355
0.264756446991404,0.0,0.0,0.5,289,1785358378.129111,0.14819985628128052,-0.018222467973828316,0.49913766980171204,-3.3980000019073486,5,7537,151,0,0,0.0020104763098061085,0,0,1.0,0.0,0,8,0,1,1023,0,0,0,0,0,4,0,8,1023,0,0,8,2,0,1,0,125,0,0,0,255,255,0.0,0.0,0.0,0.0,0.0,0.0,0.0,0.0,0.0,0.0,straight_run,3.6633431911468506,0.10652408003807068,-0.016778260469436646,0.10370197147130966,-0.017241882160305977,-2.386065721511841,0.42992496490478516
0.2681948424068768,0.0,0.0,0.5,289,1785358378.150765,0.15904992818832397,-0.019601820036768913,0.4991105794906616,-3.1764743328094482,5,8638,151,0,0,0.0020104763098061085,0,0,1.0,0.0,0,8,0,1,1023,0,0,0,0,0,4,0,8,1023,0,0,8,2,0,1,0,125,0,0,0,255,255,0.0,0.0,0.0,0.0,0.0,0.0,0.0,0.0,0.0,0.0,straight_run,3.6633431911468506,0.10652408003807068,-0.016778260469436646,0.10370197147130966,-0.017241882160305977,-2.386065721511841,0.42992496490478516
0.27163323782234955,0.0,0.0,0.5,289,1785358378.172557,0.15904992818832397,-0.019601820036768913,0.4991105794906616,-3.1764743328094482,5,8638,39,0,0,0.0022695211227983236,0,0,1.0,0.0,0,8,0,1,1023,0,0,0,0,0,4,0,8,1023,0,0,8,2,0,1,0,125,0,0,0,255,255,0.0,0.0,0.0,0.0,0.0,0.0,0.0,0.0,0.0,0.0,straight_run,3.6633431911468506,0.11213552206754684,-0.019544485956430435,0.10996346175670624,-0.018954241648316383,-2.3478896617889404,0.43380019068717957
0.27507163323782235,0.0,0.0,0.5,289,1785358378.195992,0.16483043134212494,-0.022805972024798393,0.49909088015556335,-3.9085636138916016,5,6867,39,0,0,0.0022695211227983236,0,0,1.0,0.0,0,9,0,1,1023,0,0,256,0,0,0,0,0,1023,0,0,9,1,0,1,0,61,0,0,0,255,255,0.0,0.0,0.0,0.0,0.0,0.0,0.0,0.0,0.0,0.0,straight_run,3.6633431911468506,0.11213552206754684,-0.019544485956430435,0.10996346175670624,-0.018954241648316383,-2.3478896617889404,0.43380019068717957
0.2785100286532951,0.0,0.0,0.5,289,1785358378.219711,0.16483043134212494,-0.022805972024798393,0.49909088015556335,-3.9085636138916016,5,6867,39,0,0,0.0022695211227983236,0,0,1.0,0.0,0,9,0,1,1023,0,0,256,0,0,0,0,0,1023,0,0,9,1,0,1,0,61,0,0,0,255,255,0.0,0.0,0.0,0.0,0.0,0.0,0.0,0.0,0.0,0.0,straight_run,3.6633431911468506,0.11213552206754684,-0.019544485956430435,0.10996346175670624,-0.018954241648316383,-2.3478896617889404,0.43380019068717957
0.2819484240687679,0.0,0.0,0.5,289,1785358378.243445,0.17538447678089142,-0.02380099520087242,0.4990311861038208,-3.051602602005005,5,7157,99,0,0,0.0022695211227983236,0,0,1.0,0.0,0,9,0,1,1023,0,0,256,0,0,0,0,0,1023,0,0,9,1,0,1,0,61,0,0,0,255,255,0.0,0.0,0.0,0.0,0.0,0.0,0.0,0.0,0.0,0.0,straight_run,3.6633431911468506,0.11667906492948532,-0.019864507019519806,0.11787597090005875,-0.02042241580784321,-2.4004504680633545,0.4373253881931305
0.28538681948424066,0.0,0.0,0.5,289,1785358378.267045,0.17538447678089142,-0.02380099520087242,0.4990311861038208,-3.051602602005005,5,7157,99,0,0,0.0022695211227983236,0,0,1.0,0.0,0,9,0,1,1023,0,0,256,0,0,0,0,0,1023,0,0,9,1,0,1,0,61,0,0,0,255,255,0.0,0.0,0.0,0.0,0.0,0.0,0.0,0.0,0.0,0.0,straight_run,3.6633431911468506,0.11667906492948532,-0.019864507019519806,0.11787597090005875,-0.02042241580784321,-2.4004504680633545,0.4373253881931305
0.28882521489971347,0.0,0.0,0.5,289,1785358378.292277,0.18088291585445404,-0.024234924465417862,0.49901190400123596,-2.1365344524383545,5,8263,139,0,0,0.0022695211227983236,0,0,1.0,0.0,0,9,0,1,1023,0,0,256,0,0,0,0,0,1023,0,0,10,1,0,1,0,61,0,0,0,255,255,0.0,0.0,0.0,0.0,0.0,0.0,0.0,0.0,0.0,0.0,straight_run,3.658064603805542,0.1189640685915947,-0.020441178232431412,0.1231689453125,-0.021951347589492798,-2.4331464767456055,0.4408924877643585
0.2922636103151863,0.0,0.0,0.5,289,1785358378.3170109,0.18088291585445404,-0.024234924465417862,0.49901190400123596,-2.1365344524383545,5,8263,139,0,0,0.0022695211227983236,0,0,1.0,0.0,0,9,0,1,1023,0,0,256,0,0,0,0,0,1023,0,0,10,1,0,1,0,61,0,0,0,255,255,0.0,0.0,0.0,0.0,0.0,0.0,0.0,0.0,0.0,0.0,straight_run,3.658064603805542,0.1189640685915947,-0.020441178232431412,0.1231689453125,-0.021951347589492798,-2.4331464767456055,0.4408924877643585
0.295702005730659,0.0,0.0,0.5,289,1785358378.34143,0.18977667391300201,-0.023494943976402283,0.4989856779575348,-0.10572028160095215,5,6914,43,0,0,0.0019914715085178614,0,0,1.0,0.0,0,9,0,1,1023,0,0,256,0,0,0,0,0,1023,0,0,10,1,0,1,0,61,0,0,0,255,255,0.0,0.0,0.0,0.0,0.0,0.0,0.0,0.0,0.0,0.0,straight_run,3.658064603805542,0.12339743226766586,-0.018289783969521523,0.1320691555738449,-0.023571163415908813,-2.264585494995117,0.44630858302116394
0.2991404011461318,0.0,0.0,0.5,289,1785358378.366444,0.18977667391300201,-0.023494943976402283,0.4989856779575348,-0.10572028160095215,5,6914,43,0,0,0.0019914715085178614,0,0,1.0,0.0,0,9,0,1,1023,0,0,256,0,0,0,0,0,1023,0,0,10,1,0,1,0,61,0,0,0,255,255,0.0,0.0,0.0,0.0,0.0,0.0,0.0,0.0,0.0,0.0,straight_run,3.658064603805542,0.12339743226766586,-0.018289783969521523,0.1320691555738449,-0.023571163415908813,-2.264585494995117,0.44630858302116394
0.3025787965616046,0.0,0.0,0.5,289,1785358378.391427,0.19655278325080872,-0.02525927871465683,0.49896636605262756,0.11364174634218216,5,7125,83,0,0,0.0019914715085178614,0,0,1.0,0.0,0,10,0,1,1023,0,0,0,0,0,0,0,0,1023,0,0,10,0,0,0,0,21,0,0,0,255,255,0.0,0.0,0.0,0.0,0.0,0.0,0.0,0.0,0.0,0.0,straight_run,3.6633431911468506,0.12719158828258514,-0.018363595008850098,0.13861314952373505,-0.02544975094497204,-1.975359559059143,0.4490240812301636
0.30601719197707733,0.0,0.0,0.5,289,1785358378.4160461,0.19655278325080872,-0.02525927871465683,0.49896636605262756,0.11364174634218216,5,7125,83,0,0,0.0019914715085178614,0,0,1.0,0.0,0,10,0,1,1023,0,0,0,0,0,0,0,0,1023,0,0,10,0,0,0,0,21,0,0,0,255,255,0.0,0.0,0.0,0.0,0.0,0.0,0.0,0.0,0.0,0.0,straight_run,3.6633431911468506,0.12719158828258514,-0.018363595008850098,0.13861314952373505,-0.02544975094497204,-1.975359559059143,0.4490240812301636
0.30945558739255014,0.0,0.0,0.5,289,1785358378.440112,0.20756350457668304,-0.02623680606484413,0.49893736839294434,1.3114887475967407,5,7684,143,0,0,0.0019914715085178614,0,0,1.0,0.0,0,10,0,1,1023,0,0,0,0,0,0,0,0,1023,0,0,10,0,0,0,0,21,0,0,0,255,255,0.0,0.0,0.0,0.0,0.0,0.0,0.0,0.0,0.0,0.0,straight_run,3.6633431911468506,0.13145026564598083,-0.017133675515651703,0.1482136994600296,-0.02780081145465374,-1.3869043588638306,0.4534927010536194
0.3128939828080229,0.0,0.0,0.5,289,1785358378.465044,0.20756350457668304,-0.02623680606484413,0.49893736839294434,1.3114887475967407,5,7684,143,0,0,0.0019914715085178614,0,0,1.0,0.0,0,10,0,1,1023,0,0,0,0,0,0,0,0,1023,0,0,10,0,0,0,0,21,0,0,0,255,255,0.0,0.0,0.0,0.0,0.0,0.0,0.0,0.0,0.0,0.0,straight_run,3.6633431911468506,0.13145026564598083,-0.017133675515651703,0.1482136994600296,-0.02780081145465374,-1.3869043588638306,0.4534927010536194
0.31633237822349564,0.0,0.0,0.5,289,1785358378.490015,0.21300537884235382,-0.026526710018515587,0.49892085790634155,2.4610307216644287,5,8549,22,0,0,0.0020199420396238565,0,0,1.0,0.0,0,11,0,1,1023,1,0,0,16,0,0,0,0,1023,0,0,11,2,0,1,0,52,0,0,0,255,255,0.0,0.0,0.0,0.0,0.0,0.0,0.0,0.0,0.0,0.0,straight_run,3.6633431911468506,0.13105128705501556,-0.01517041027545929,0.15362125635147095,-0.029101798310875893,-0.9876371622085571,0.4567010700702667
0.3197707736389685,0.0,0.0,0.5,289,1785358378.512297,0.21300537884235382,-0.026526710018515587,0.49892085790634155,2.4610307216644287,5,8549,22,0,0,0.0020199420396238565,0,0,1.0,0.0,0,11,0,1,1023,1,0,0,16,0,0,0,0,1023,0,0,11,2,0,1,0,52,0,0,0,255,255,0.0,0.0,0.0,0.0,0.0,0.0,0.0,0.0,0.0,0.0,straight_run,3.6633431911468506,0.13105128705501556,-0.01517041027545929,0.15362125635147095,-0.029101798310875893,-0.9876371622085571,0.4567010700702667
0.32320916905444125,0.0,0.0,0.5,289,1785358378.53424,0.2158662974834442,-0.02512453682720661,0.4988831579685211,4.702148914337158,5,6956,82,0,0,0.0020199420396238565,0,0,1.0,0.0,0,11,0,1,1023,1,0,0,16,0,0,0,0,1023,0,0,11,2,0,1,0,52,0,0,0,255,255,0.0,0.0,0.0,0.0,0.0,0.0,0.0,0.0,0.0,0.0,straight_run,3.6633431911468506,0.12465772777795792,-0.009404424577951431,0.15949858725070953,-0.029962757602334023,-0.12543699145317078,0.46055862307548523
0.32664756446991405,0.0,0.0,0.5,289,1785358378.559094,0.2158662974834442,-0.02512453682720661,0.4988831579685211,4.702148914337158,5,6956,82,0,0,0.0020199420396238565,0,0,1.0,0.0,0,11,0,1,1023,1,0,0,16,0,0,0,0,1023,0,0,11,2,0,1,0,52,0,0,0,255,255,0.0,0.0,0.0,0.0,0.0,0.0,0.0,0.0,0.0,0.0,straight_run,3.6633431911468506,0.12465772777795792,-0.009404424577951431,0.15949858725070953,-0.029962757602334023,-0.12543699145317078,0.46055862307548523
0.3300859598853868,0.0,0.0,0.5,289,1785358378.582073,0.22405818104743958,-0.025818219408392906,0.49885469675064087,5.155086040496826,5,6996,122,0,0,0.0020199420396238565,0,0,1.0,0.0,0,11,0,1,1023,1,0,0,16,0,0,0,0,1023,0,0,11,2,0,1,0,52,0,0,0,255,255,0.0,0.0,0.0,0.0,0.0,0.0,0.0,0.0,0.0,0.0,straight_run,3.658064603805542,0.12691959738731384,-0.007499621249735355,0.16623878479003906,-0.03122432343661785,0.5913931131362915,0.4623221457004547
0.3335243553008596,0.0,0.0,0.5,289,1785358378.6061969,0.22405818104743958,-0.025818219408392906,0.49885469675064087,5.155086040496826,5,6996,122,0,0,0.0020199420396238565,0,0,1.0,0.0,0,11,0,1,1023,1,0,0,16,0,0,0,0,1023,0,0,11,2,0,1,0,52,0,0,0,255,255,0.0,0.0,0.0,0.0,0.0,0.0,0.0,0.0,0.0,0.0,straight_run,3.658064603805542,0.12691959738731384,-0.007499621249735355,0.16623878479003906,-0.03122432343661785,0.5913931131362915,0.4623221457004547
0.33696275071633236,0.0,0.0,0.5,289,1785358378.6290739,0.23056216537952423,-0.024464359506964684,0.49882224202156067,6.947082042694092,5,7588,21,0,0,0.001827096100896597,0,0,1.0,0.0,0,11,0,1,1023,1,0,0,16,0,0,0,0,1023,0,0,11,2,0,1,0,52,0,0,0,255,255,0.0,0.0,0.0,0.0,0.0,0.0,0.0,0.0,0.0,0.0,straight_run,3.658064603805542,0.12449759244918823,-0.0019492032006382942,0.17379668354988098,-0.031557224690914154,1.7891427278518677,0.4646614193916321
0.3404011461318051,0.0,0.0,0.5,289,1785358378.653319,0.23056216537952423,-0.024464359506964684,0.49882224202156067,6.947082042694092,5,7588,21,0,0,0.001827096100896597,0,0,1.0,0.0,0,11,0,1,1023,1,0,0,16,0,0,0,0,1023,0,0,11,2,0,1,0,52,0,0,0,255,255,0.0,0.0,0.0,0.0,0.0,0.0,0.0,0.0,0.0,0.0,straight_run,3.658064603805542,0.12449759244918823,-0.0019492032006382942,0.17379668354988098,-0.031557224690914154,1.7891427278518677,0.4646614193916321
0.3438395415472779,0.0,0.0,0.5,289,1785358378.6761541,0.23098832368850708,-0.022489115595817566,0.49879559874534607,8.808378219604492,5,7518,61,0,0,0.001827096100896597,0,0,1.0,0.0,0,12,0,1,1023,0,0,0,0,0,0,0,0,1023,0,0,12,0,0,0,0,0,0,0,0,255,255,0.0,0.0,0.0,0.0,0.0,0.0,0.0,0.0,0.0,0.0,straight_run,3.647507429122925,0.12147870659828186,0.003255831776186824,0.17813189327716827,-0.030861349776387215,2.6636059284210205,0.4643137454986572
0.34727793696275067,0.0,0.0,0.5,289,1785358378.700763,0.23098832368850708,-0.022489115595817566,0.49879559874534607,8.808378219604492,5,7518,61,0,0,0.001827096100896597,0,0,1.0,0.0,0,12,0,1,1023,0,0,0,0,0,0,0,0,1023,0,0,12,0,0,0,0,0,0,0,0,255,255,0.0,0.0,0.0,0.0,0.0,0.0,0.0,0.0,0.0,0.0,straight_run,3.647507429122925,0.12147870659828186,0.003255831776186824,0.17813189327716827,-0.030861349776387215,2.6636059284210205,0.4643137454986572
0.3507163323782235,0.0,0.0,0.5,289,1785358378.722616,0.23098832368850708,-0.022489115595817566,0.49879559874534607,8.808378219604492,5,7518,61,0,0,0.001827096100896597,0,0,1.0,0.0,0,12,0,1,1023,0,0,0,0,0,0,0,0,1023,0,0,12,0,0,0,0,0,0,0,0,255,255,0.0,0.0,0.0,0.0,0.0,0.0,0.0,0.0,0.0,0.0,straight_run,3.647507429122925,0.12147870659828186,0.003255831776186824,0.17813189327716827,-0.030861349776387215,2.6636059284210205,0.4643137454986572
0.3541547277936963,0.0,0.0,0.5,289,1785358378.743985,0.2465171366930008,-0.018976842984557152,0.4987845718860626,10.343743324279785,5,7189,121,0,0,0.001827096100896597,0,0,1.0,0.0,0,12,0,1,1023,0,0,0,0,0,0,0,0,1023,0,0,12,0,0,0,0,0,0,0,0,255,255,0.0,0.0,0.0,0.0,0.0,0.0,0.0,0.0,0.0,0.0,straight_run,3.647507429122925,0.12594211101531982,0.010851574130356312,0.1889185905456543,-0.029616013169288635,4.187580108642578,0.46551522612571716
0.3575931232091691,0.0,0.0,0.5,289,1785358378.769087,0.2465171366930008,-0.018976842984557152,0.4987845718860626,10.343743324279785,5,7189,121,0,0,0.001827096100896597,0,0,1.0,0.0,0,12,0,1,1023,0,0,0,0,0,0,0,0,1023,0,0,12,0,0,0,0,0,0,0,0,255,255,0.0,0.0,0.0,0.0,0.0,0.0,0.0,0.0,0.0,0.0,straight_run,3.642228841781616,0.12538504600524902,0.01350343693047762,0.19446437060832977,-0.0295542161911726,5.2963457107543945,0.46700066328048706
0.36103151862464183,0.0,0.0,0.5,289,1785358378.7930071,0.2520635724067688,-0.017791200429201126,0.498789519071579,11.039649963378906,5,8368,0,0,0,0.0017712023109197617,0,0,1.0,0.0,0,13,0,1,1023,0,128,0,0,12,0,0,0,1023,0,0,13,3,0,2,0,125,0,0,0,255,255,0.0,0.0,0.0,0.0,0.0,0.0,0.0,0.0,0.0,0.0,straight_run,3.642228841781616,0.12538504600524902,0.01350343693047762,0.19446437060832977,-0.0295542161911726,5.2963457107543945,0.46700066328048706
0.3644699140401146,0.0,0.0,0.5,289,1785358378.8141708,0.2520635724067688,-0.017791200429201126,0.498789519071579,11.039649963378906,5,8368,0,0,0,0.0017712023109197617,0,0,1.0,0.0,0,13,0,1,1023,0,128,0,0,12,0,0,0,1023,0,0,13,3,0,2,0,125,0,0,0,255,255,0.0,0.0,0.0,0.0,0.0,0.0,0.0,0.0,0.0,0.0,straight_run,3.642228841781616,0.12538504600524902,0.01350343693047762,0.19446437060832977,-0.0295542161911726,5.2963457107543945,0.46700066328048706
0.3679083094555874,0.0,0.0,0.5,289,1785358378.8361259,0.2701306641101837,-0.015035093761980534,0.4988056719303131,11.424761772155762,5,7004,60,0,0,0.0017712023109197617,0,0,1.0,0.0,0,13,0,1,1023,0,128,0,0,12,0,0,0,1023,0,0,13,3,0,2,0,125,0,0,0,255,255,0.0,0.0,0.0,0.0,0.0,0.0,0.0,0.0,0.0,0.0,straight_run,3.642228841781616,0.13761897385120392,0.020390208810567856,0.20924976468086243,-0.027416333556175232,6.8746137619018555,0.46986982226371765
0.37134670487106014,0.0,0.0,0.5,289,1785358378.8590899,0.2701306641101837,-0.015035093761980534,0.4988056719303131,11.424761772155762,5,7004,60,0,0,0.0017712023109197617,0,0,1.0,0.0,0,13,0,1,1023,0,128,0,0,12,0,0,0,1023,0,0,13,3,0,2,0,125,0,0,0,255,255,0.0,0.0,0.0,0.0,0.0,0.0,0.0,0.0,0.0,0.0,straight_run,3.642228841781616,0.13761897385120392,0.020390208810567856,0.20924976468086243,-0.027416333556175232,6.8746137619018555,0.46986982226371765
0.37478510028653295,0.0,0.0,0.5,289,1785358378.884105,0.273844450712204,-0.016162678599357605,0.4988001585006714,10.823525428771973,5,6962,100,0,0,0.0017712023109197617,0,0,1.0,0.0,0,13,0,1,1023,0,128,0,0,12,0,0,0,1023,0,0,13,3,0,2,0,125,0,0,0,255,255,0.0,0.0,0.0,0.0,0.0,0.0,0.0,0.0,0.0,0.0,straight_run,3.6527860164642334,0.1329667568206787,0.022281963378190994,0.21293899416923523,-0.02681330218911171,7.856137752532959,0.4715820550918579
0.3782234957020057,0.0,0.0,0.5,289,1785358378.907377,0.273844450712204,-0.016162678599357605,0.4988001585006714,10.823525428771973,5,6962,100,0,0,0.0017712023109197617,0,0,1.0,0.0,0,13,0,1,1023,0,128,0,0,12,0,0,0,1023,0,0,13,3,0,2,0,125,0,0,0,255,255,0.0,0.0,0.0,0.0,0.0,0.0,0.0,0.0,0.0,0.0,straight_run,3.6527860164642334,0.1329667568206787,0.022281963378190994,0.21293899416923523,-0.02681330218911171,7.856137752532959,0.4715820550918579
0.38166189111747845,0.0,0.0,0.5,289,1785358378.9324532,0.27894049882888794,-0.014458182267844677,0.49880990386009216,11.059599876403809,5,8231,8,0,0,0.002145123900845647,0,0,1.0,0.0,0,13,0,1,1023,0,128,0,0,12,0,0,0,1023,0,0,13,3,0,2,0,125,0,0,0,255,255,0.0,0.0,0.0,0.0,0.0,0.0,0.0,0.0,0.0,0.0,straight_run,3.6527860164642334,0.1400536298751831,0.024646302685141563,0.22546052932739258,-0.025304526090621948,9.042110443115234,0.47694602608680725
0.3851002865329513,0.0,0.0,0.5,289,1785358378.953999,0.27894049882888794,-0.014458182267844677,0.49880990386009216,11.059599876403809,5,8231,8,0,0,0.002145123900845647,0,0,1.0,0.0,0,13,0,1,1023,0,128,0,0,12,0,0,0,1023,0,0,13,3,0,2,0,125,0,0,0,255,255,0.0,0.0,0.0,0.0,0.0,0.0,0.0,0.0,0.0,0.0,straight_run,3.6527860164642334,0.1400536298751831,0.024646302685141563,0.22546052932739258,-0.025304526090621948,9.042110443115234,0.47694602608680725
0.38853868194842406,0.0,0.0,0.5,289,1785358378.977997,0.29233187437057495,-0.012659172527492046,0.4987909197807312,10.745610237121582,5,6701,48,0,0,0.002145123900845647,0,0,1.0,0.0,0,14,0,1,1023,0,0,0,0,0,0,0,0,1023,0,0,13,3,0,2,0,125,0,0,0,255,255,0.0,0.0,0.0,0.0,0.0,0.0,0.0,0.0,0.0,0.0,straight_run,3.658064603805542,0.1439954936504364,0.028668833896517754,0.23496918380260468,-0.022548487409949303,9.87237548828125,0.4797973036766052
0.39197707736389686,0.0,0.0,0.5,289,1785358379.000766,0.29233187437057495,-0.012659172527492046,0.4987909197807312,10.745610237121582,5,6701,48,0,0,0.002145123900845647,0,0,1.0,0.0,0,14,0,1,1023,0,0,0,0,0,0,0,0,1023,0,0,14,0,0,0,0,0,0,0,0,255,255,0.0,0.0,0.0,0.0,0.0,0.0,0.0,0.0,0.0,0.0,straight_run,3.658064603805542,0.1439954936504364,0.028668833896517754,0.23496918380260468,-0.022548487409949303,9.87237548828125,0.4797973036766052
0.3954154727793696,0.0,0.0,0.5,289,1785358379.024768,0.29233187437057495,-0.012659172527492046,0.4987909197807312,10.745610237121582,5,6701,108,0,0,0.002145123900845647,0,0,1.0,0.0,0,14,0,1,1023,0,0,0,0,0,0,0,0,1023,0,0,14,0,0,0,0,0,0,0,0,255,255,0.0,0.0,0.0,0.0,0.0,0.0,0.0,0.0,0.0,0.0,straight_run,3.658064603805542,0.13839636743068695,0.02499135211110115,0.24002371728420258,-0.023278677836060524,10.503791809082031,0.48290613293647766
0.3988538681948424,0.0,0.0,0.5,289,1785358379.046247,0.3000304102897644,-0.012544211931526661,0.49875518679618835,10.143962860107422,5,7493,108,0,0,0.002145123900845647,0,0,1.0,0.0,0,14,0,1,1023,0,0,0,0,0,0,0,0,1023,0,0,14,0,0,0,0,0,0,0,0,255,255,0.0,0.0,0.0,0.0,0.0,0.0,0.0,0.0,0.0,0.0,straight_run,3.658064603805542,0.13839636743068695,0.02499135211110115,0.24002371728420258,-0.023278677836060524,10.503791809082031,0.48290613293647766
0.40229226361031517,0.0,0.0,0.5,289,1785358379.067991,0.3000304102897644,-0.012544211931526661,0.49875518679618835,10.143962860107422,5,7493,108,0,0,0.002145123900845647,0,0,1.0,0.0,0,14,0,1,1023,0,0,0,0,0,0,0,0,1023,0,0,14,0,0,0,0,0,0,0,0,255,255,0.0,0.0,0.0,0.0,0.0,0.0,0.0,0.0,0.0,0.0,straight_run,3.658064603805542,0.13839636743068695,0.02499135211110115,0.24002371728420258,-0.023278677836060524,10.503791809082031,0.48290613293647766
0.4057306590257879,0.0,0.0,0.5,289,1785358379.090998,0.3010667860507965,-0.013179418630897999,0.49873822927474976,9.951969146728516,5,7852,16,0,0,0.002315543359145522,0,0,1.0,0.0,0,15,0,1,1023,0,0,0,0,0,0,0,0,1023,0,0,15,0,0,0,0,0,0,0,0,255,255,0.0,0.0,0.0,0.0,0.0,0.0,0.0,0.0,0.0,0.0,straight_run,3.658064603805542,0.1349671483039856,0.023533029481768608,0.24626955389976501,-0.022900415584445,10.88563346862793,0.48707544803619385
0.4091690544412607,0.0,0.0,0.5,289,1785358379.1160161,0.3010667860507965,-0.013179418630897999,0.49873822927474976,9.951969146728516,5,7852,16,0,0,0.002315543359145522,0,0,1.0,0.0,0,15,0,1,1023,0,0,0,0,0,0,0,0,1023,0,0,15,0,0,0,0,0,0,0,0,255,255,0.0,0.0,0.0,0.0,0.0,0.0,0.0,0.0,0.0,0.0,straight_run,3.658064603805542,0.1349671483039856,0.023533029481768608,0.24626955389976501,-0.022900415584445,10.88563346862793,0.48707544803619385
0.4126074498567335,0.0,0.0,0.5,289,1785358379.141088,0.31083086133003235,-0.012812936678528786,0.49870920181274414,9.75455379486084,5,6224,76,0,0,0.002315543359145522,0,0,1.0,0.0,0,15,0,1,1023,0,0,0,0,0,0,0,0,1023,0,0,15,0,0,0,0,0,0,0,0,255,255,0.0,0.0,0.0,0.0,0.0,0.0,0.0,0.0,0.0,0.0,straight_run,3.658064603805542,0.1324577033519745,0.021819032728672028,0.2529827952384949,-0.022767996415495872,11.104456901550293,0.49075591564178467
0.4160458452722063,0.0,0.0,0.5,289,1785358379.166183,0.31083086133003235,-0.012812936678528786,0.49870920181274414,9.75455379486084,5,6224,76,0,0,0.002315543359145522,0,0,1.0,0.0,0,15,0,1,1023,0,0,0,0,0,0,0,0,1023,0,0,15,0,0,0,0,0,0,0,0,255,255,0.0,0.0,0.0,0.0,0.0,0.0,0.0,0.0,0.0,0.0,straight_run,3.658064603805542,0.1324577033519745,0.021819032728672028,0.2529827952384949,-0.022767996415495872,11.104456901550293,0.49075591564178467
0.4194842406876791,0.0,0.0,0.5,289,1785358379.191253,0.31565940380096436,-0.011721477843821049,0.4986811876296997,9.969436645507812,5,8527,116,0,0,0.002315543359145522,0,0,1.0,0.0,0,15,0,1,1023,0,0,0,0,0,0,0,0,1023,0,0,16,0,0,0,0,0,1,12,57,1,1,80.02619934082031,58.68767547607422,0.0,0.0,0.0,0.0,0.0,0.0,0.02556201070547104,0.0,straight_run,3.6633431911468506,0.13422951102256775,0.023675428703427315,0.26208603382110596,-0.02085210010409355,11.238569259643555,0.4926488697528839
0.4229226361031519,0.0,0.0,0.5,289,1785358379.2121751,0.31565940380096436,-0.011721477843821049,0.4986811876296997,9.969436645507812,5,8527,116,0,0,0.002315543359145522,0,0,1.0,0.0,0,15,0,1,1023,0,0,0,0,0,0,0,0,1023,0,0,16,0,0,0,0,0,1,12,57,1,1,80.02619934082031,58.68767547607422,0.0,0.0,0.0,0.0,0.0,0.0,0.02556201070547104,0.0,straight_run,3.6633431911468506,0.13422951102256775,0.023675428703427315,0.26208603382110596,-0.02085210010409355,11.238569259643555,0.4926488697528839
0.42636103151862464,0.0,0.0,0.5,289,1785358379.235819,0.36891984939575195,-0.0027011074125766754,0.5057888627052307,11.60134220123291,5,8953,49,1,1,0.002063102088868618,1,40,1.0,0.0,24,15,-1,1,1023,0,0,0,0,0,0,0,0,1023,0,0,16,0,0,0,0,0,1,12,57,1,1,80.02619934082031,58.68767547607422,0.37591180205345154,-0.9266502261161804,0.0031083570793271065,0.12009108811616898,64.02619934082031,56.02619934082031,0.022665388882160187,0.003479883074760437,straight_run,3.6633431911468506,0.12842722237110138,0.017116503790020943,0.2670714557170868,-0.02370375767350197,11.260048866271973,0.49461886286735535
0.4297994269340974,0.0,0.0,0.5,289,1785358379.260003,0.36891984939575195,-0.0027011074125766754,0.5057888627052307,11.60134220123291,5,8953,49,1,1,0.002063102088868618,1,40,1.0,0.0,24,15,-1,1,1023,0,0,0,0,0,0,0,0,1023,0,0,16,0,0,0,0,0,1,12,57,1,1,80.02619934082031,58.68767547607422,0.37591180205345154,-0.9266502261161804,0.0031083570793271065,0.12009108811616898,64.02619934082031,56.02619934082031,0.022665388882160187,0.003479883074760437,straight_run,3.6633431911468506,0.12842722237110138,0.017116503790020943,0.2670714557170868,-0.02370375767350197,11.260048866271973,0.49461886286735535
0.4332378223495702,0.0,0.0,0.5,289,1785358379.2829828,0.3708552420139313,0.0032694428227841854,0.5053626894950867,14.515320777893066,5,8999,89,1,1,0.002063102088868618,1,80,1.0,0.0,24,16,-1,1,1023,0,0,32,0,0,0,64,0,1023,0,0,16,2,0,1,0,108,1,12,57,1,1,80.02619934082031,58.68767547607422,0.37591180205345154,-0.9266502261161804,0.0031083570793271065,0.12009108811616898,64.02619934082031,56.02619934082031,0.022665388882160187,0.003479883074760437,straight_run,3.6527860164642334,0.12655343115329742,0.018559737130999565,0.2717946171760559,-0.02252071350812912,11.331969261169434,0.49753087759017944
0.43667621776504295,0.0,0.0,0.5,289,1785358379.308083,0.3708552420139313,0.0032694428227841854,0.5053626894950867,14.515320777893066,5,8999,89,1,1,0.002063102088868618,1,80,1.0,0.0,24,16,-1,1,1023,0,0,32,0,0,0,64,0,1023,0,0,16,2,0,1,0,108,1,12,57,1,1,80.02619934082031,58.68767547607422,0.37591180205345154,-0.9266502261161804,0.0031083570793271065,0.12009108811616898,64.02619934082031,56.02619934082031,0.015729226171970367,0.004799142479896545,straight_run,3.6527860164642334,0.12655343115329742,0.018559737130999565,0.2717946171760559,-0.02252071350812912,11.331969261169434,0.49753087759017944
0.44011461318051576,0.0,0.0,0.5,289,1785358379.3315341,0.33994749188423157,-0.011708219535648823,0.4986219108104706,9.83104133605957,5,8299,15,0,0,0.0020675715059041977,0,0,1.0,0.0,0,16,0,1,1023,0,0,32,0,0,0,64,0,1023,0,0,16,2,0,1,0,108,0,0,0,255,255,0.0,0.0,0.0,0.0,0.0,0.0,0.0,0.0,0.0,0.0,straight_run,3.6527860164642334,0.12437853217124939,0.018656307831406593,0.27528950572013855,-0.022943727672100067,12.10179328918457,0.4998156428337097
0.4435530085959885,0.0,0.0,0.5,289,1785358379.355139,0.33994749188423157,-0.011708219535648823,0.4986219108104706,9.83104133605957,5,8299,15,0,0,0.0020675715059041977,0,0,1.0,0.0,0,16,0,1,1023,0,0,32,0,0,0,64,0,1023,0,0,16,2,0,1,0,108,0,0,0,255,255,0.0,0.0,0.0,0.0,0.0,0.0,0.0,0.0,0.0,0.0,straight_run,3.6527860164642334,0.12437853217124939,0.018656307831406593,0.27528950572013855,-0.022943727672100067,12.10179328918457,0.4998156428337097
0.44699140401146126,0.0,0.0,0.5,289,1785358379.378965,0.3456196188926697,-0.011951717548072338,0.4985924959182739,10.316815376281738,5,6255,54,0,0,0.0020675715059041977,0,0,1.0,0.0,0,17,0,1,1023,0,0,0,0,4,0,0,0,1023,0,0,17,1,0,1,0,76,0,0,0,255,255,0.0,0.0,0.0,0.0,0.0,0.0,0.0,0.0,0.0,0.0,straight_run,3.6527860164642334,0.1293153315782547,0.0186969842761755,0.27979302406311035,-0.023985590785741806,12.127833366394043,0.49893656373023987
0.4504297994269341,0.0,0.0,0.5,289,1785358379.402244,0.3456196188926697,-0.011951717548072338,0.4985924959182739,10.316815376281738,5,6255,54,0,0,0.0020675715059041977,0,0,1.0,0.0,0,17,0,1,1023,0,0,0,0,4,0,0,0,1023,0,0,17,1,0,1,0,76,0,0,0,255,255,0.0,0.0,0.0,0.0,0.0,0.0,0.0,0.0,0.0,0.0,straight_run,3.6527860164642334,0.1293153315782547,0.0186969842761755,0.27979302406311035,-0.023985590785741806,12.127833366394043,0.49893656373023987
0.45386819484240687,0.0,0.0,0.5,289,1785358379.425122,0.3566877543926239,-0.01125817745923996,0.49857473373413086,10.433810234069824,5,6963,114,0,0,0.0020675715059041977,0,0,1.0,0.0,0,17,0,1,1023,0,0,0,0,4,0,0,0,1023,0,0,17,1,0,1,0,76,0,0,0,255,255,0.0,0.0,0.0,0.0,0.0,0.0,0.0,0.0,0.0,0.0,straight_run,3.6527860164642334,0.13941137492656708,0.02158910594880581,0.289395809173584,-0.023705022409558296,12.09714412689209,0.49938204884529114
0.4573065902578797,0.0,0.0,0.5,289,1785358379.449771,0.3566877543926239,-0.01125817745923996,0.49857473373413086,10.433810234069824,5,6963,114,0,0,0.0020675715059041977,0,0,1.0,0.0,0,17,0,1,1023,0,0,0,0,4,0,0,0,1023,0,0,17,1,0,1,0,76,0,0,0,255,255,0.0,0.0,0.0,0.0,0.0,0.0,0.0,0.0,0.0,0.0,straight_run,3.6527860164642334,0.13941137492656708,0.02158910594880581,0.289395809173584,-0.023705022409558296,12.09714412689209,0.49938204884529114
0.4607449856733524,0.0,0.0,0.5,289,1785358379.473997,0.36252138018608093,-0.009153156541287899,0.4985538721084595,10.998266220092773,5,7911,154,0,0,0.0020675715059041977,0,0,1.0,0.0,0,17,0,1,1023,0,0,0,0,4,0,0,0,1023,0,0,17,1,0,1,0,76,0,0,0,255,255,0.0,0.0,0.0,0.0,0.0,0.0,0.0,0.0,0.0,0.0,straight_run,3.647507429122925,0.14439429342746735,0.02226037159562111,0.2958400547504425,-0.023921066895127296,12.056465148925781,0.4992417097091675
0.4641833810888252,0.0,0.0,0.5,289,1785358379.498634,0.36252138018608093,-0.009153156541287899,0.4985538721084595,10.998266220092773,5,7911,154,0,0,0.0020675715059041977,0,0,1.0,0.0,0,17,0,1,1023,0,0,0,0,4,0,0,0,1023,0,0,18,1,0,1,0,76,0,0,0,255,255,0.0,0.0,0.0,0.0,0.0,0.0,0.0,0.0,0.0,0.0,straight_run,3.647507429122925,0.14439429342746735,0.02226037159562111,0.2958400547504425,-0.023921066895127296,12.056465148925781,0.4992417097091675
0.467621776504298,0.0,0.0,0.5,289,1785358379.5233212,0.36252138018608093,-0.009153156541287899,0.4985538721084595,10.998266220092773,5,7911,55,0,0,0.0023737966548651457,0,0,1.0,0.0,0,17,0,1,1023,0,0,0,0,4,0,0,0,1023,0,0,18,1,0,1,0,76,0,0,0,255,255,0.0,0.0,0.0,0.0,0.0,0.0,0.0,0.0,0.0,0.0,straight_run,3.647507429122925,0.15285399556159973,0.027216393500566483,0.3077547252178192,-0.02139069139957428,12.096244812011719,0.49927353858947754
0.47106017191977073,0.0,0.0,0.5,289,1785358379.546174,0.3761346936225891,-0.008214850910007954,0.4985421895980835,10.887009620666504,5,6455,55,0,0,0.0023737966548651457,0,0,1.0,0.0,0,17,0,1,1023,0,0,0,0,4,0,0,0,1023,0,0,18,1,0,1,0,76,0,0,0,255,255,0.0,0.0,0.0,0.0,0.0,0.0,0.0,0.0,0.0,0.0,straight_run,3.647507429122925,0.15285399556159973,0.027216393500566483,0.3077547252178192,-0.02139069139957428,12.096244812011719,0.49927353858947754
0.47449856733524354,0.0,0.0,0.5,289,1785358379.5700061,0.3761346936225891,-0.008214850910007954,0.4985421895980835,10.887009620666504,5,6455,55,0,0,0.0023737966548651457,0,0,1.0,0.0,0,17,0,1,1023,0,0,0,0,4,0,0,0,1023,0,0,18,1,0,1,0,76,0,0,0,255,255,0.0,0.0,0.0,0.0,0.0,0.0,0.0,0.0,0.0,0.0,straight_run,3.647507429122925,0.15172041952610016,0.027651460841298103,0.31256553530693054,-0.021014446392655373,12.133145332336426,0.5003812313079834
0.4779369627507163,0.0,0.0,0.5,289,1785358379.595077,0.38149428367614746,-0.00805611815303564,0.49855703115463257,10.667708396911621,5,6464,95,0,0,0.0023737966548651457,0,0,1.0,0.0,0,18,0,1,1023,0,0,4,0,512,0,0,0,1023,0,0,18,2,0,1,0,125,0,0,0,255,255,0.0,0.0,0.0,0.0,0.0,0.0,0.0,0.0,0.0,0.0,straight_run,3.647507429122925,0.15172041952610016,0.027651460841298103,0.31256553530693054,-0.021014446392655373,12.133145332336426,0.5003812313079834
0.48137535816618904,0.0,0.0,0.5,289,1785358379.619029,0.38149428367614746,-0.00805611815303564,0.49855703115463257,10.667708396911621,5,6464,95,0,0,0.0023737966548651457,0,0,1.0,0.0,0,18,0,1,1023,0,0,4,0,512,0,0,0,1023,0,0,18,2,0,1,0,125,0,0,0,255,255,0.0,0.0,0.0,0.0,0.0,0.0,0.0,0.0,0.0,0.0,straight_run,3.647507429122925,0.15172041952610016,0.027651460841298103,0.31256553530693054,-0.021014446392655373,12.133145332336426,0.5003812313079834
0.4848137535816619,0.0,0.0,0.5,289,1785358379.64205,0.38698896765708923,-0.006449268665164709,0.4985821545124054,11.032246589660645,5,8332,155,0,0,0.0023737966548651457,0,0,1.0,0.0,0,18,0,1,1023,0,0,4,0,512,0,0,0,1023,0,0,18,2,0,1,0,125,0,0,0,255,255,0.0,0.0,0.0,0.0,0.0,0.0,0.0,0.0,0.0,0.0,straight_run,3.647507429122925,0.15103638172149658,0.029628852382302284,0.32156774401664734,-0.01920388638973236,12.114113807678223,0.5038871169090271
0.48825214899713465,0.0,0.0,0.5,289,1785358379.663003,0.38698896765708923,-0.006449268665164709,0.4985821545124054,11.032246589660645,5,8332,155,0,0,0.0023737966548651457,0,0,1.0,0.0,0,18,0,1,1023,0,0,4,0,512,0,0,0,1023,0,0,18,2,0,1,0,125,0,0,0,255,255,0.0,0.0,0.0,0.0,0.0,0.0,0.0,0.0,0.0,0.0,straight_run,3.647507429122925,0.15103638172149658,0.029628852382302284,0.32156774401664734,-0.01920388638973236,12.114113807678223,0.5038871169090271
0.49169054441260746,0.0,0.0,0.5,289,1785358379.6881459,0.391666054725647,-0.006539587397128344,0.49857497215270996,11.053418159484863,5,6406,35,0,0,0.0024670539423823357,0,0,1.0,0.0,0,19,0,1,1023,0,0,0,0,1,0,0,0,1023,0,0,19,1,0,1,0,68,0,0,0,255,255,0.0,0.0,0.0,0.0,0.0,0.0,0.0,0.0,0.0,0.0,straight_run,3.6527860164642334,0.14962172508239746,0.028755882754921913,0.32735198736190796,-0.01910940557718277,12.127197265625,0.5049912333488464
0.4951289398280802,0.0,0.0,0.5,289,1785358379.712268,0.391666054725647,-0.006539587397128344,0.49857497215270996,11.053418159484863,5,6406,35,0,0,0.0024670539423823357,0,0,1.0,0.0,0,19,0,1,1023,0,0,0,0,1,0,0,0,1023,0,0,19,1,0,1,0,68,0,0,0,255,255,0.0,0.0,0.0,0.0,0.0,0.0,0.0,0.0,0.0,0.0,straight_run,3.6527860164642334,0.14962172508239746,0.028755882754921913,0.32735198736190796,-0.01910940557718277,12.127197265625,0.5049912333488464
0.498567335243553,0.0,0.0,0.5,289,1785358379.733873,0.40104764699935913,-0.008063482120633125,0.49855849146842957,10.422744750976562,5,6270,95,0,0,0.0024670539423823357,0,0,1.0,0.0,0,19,0,1,1023,0,0,0,0,1,0,0,0,1023,0,0,19,1,0,1,0,68,0,0,0,255,255,0.0,0.0,0.0,0.0,0.0,0.0,0.0,0.0,0.0,0.0,straight_run,3.6527860164642334,0.14945244789123535,0.026341555640101433,0.3378489017486572,-0.019701378419995308,12.117792129516602,0.5074111819267273
0.5020057306590258,0.0,0.0,0.5,289,1785358379.758204,0.40104764699935913,-0.008063482120633125,0.49855849146842957,10.422744750976562,5,6270,95,0,0,0.0024670539423823357,0,0,1.0,0.0,0,19,0,1,1023,0,0,0,0,1,0,0,0,1023,0,0,19,1,0,1,0,68,0,0,0,255,255,0.0,0.0,0.0,0.0,0.0,0.0,0.0,0.0,0.0,0.0,straight_run,3.6527860164642334,0.14945244789123535,0.026341555640101433,0.3378489017486572,-0.019701378419995308,12.117792129516602,0.5074111819267273
0.5054441260744985,0.0,0.0,0.5,289,1785358379.780042,0.40567952394485474,-0.006297586485743523,0.4985511898994446,10.461421966552734,5,7546,135,0,0,0.0024670539423823357,0,0,1.0,0.0,0,19,0,1,1023,0,0,0,0,1,0,0,0,1023,0,0,20,1,0,1,0,68,0,0,0,255,255,0.0,0.0,0.0,0.0,0.0,0.0,0.0,0.0,0.0,0.0,straight_run,3.6527860164642334,0.14817124605178833,0.028213372454047203,0.3444444239139557,-0.017835017293691635,12.071343421936035,0.5093137621879578
0.5088825214899713,0.0,0.0,0.5,289,1785358379.8029928,0.40567952394485474,-0.006297586485743523,0.4985511898994446,10.461421966552734,5,7546,135,0,0,0.0024670539423823357,0,0,1.0,0.0,0,19,0,1,1023,0,0,0,0,1,0,0,0,1023,0,0,20,1,0,1,0,68,0,0,0,255,255,0.0,0.0,0.0,0.0,0.0,0.0,0.0,0.0,0.0,0.0,straight_run,3.6527860164642334,0.14817124605178833,0.028213372454047203,0.3444444239139557,-0.017835017293691635,12.071343421936035,0.5093137621879578
0.5123209169054441,0.0,0.0,0.5,289,1785358379.8239932,0.42123621702194214,-0.005420865956693888,0.4985238313674927,9.96112060546875,5,6665,45,0,0,0.0021827227901667356,0,0,1.0,0.0,0,19,0,1,1023,0,0,0,0,1,0,0,0,1023,0,0,20,1,0,1,0,68,0,0,0,255,255,0.0,0.0,0.0,0.0,0.0,0.0,0.0,0.0,0.0,0.0,straight_run,3.6527860164642334,0.15244551002979279,0.027891039848327637,0.35850828886032104,-0.016427049413323402,12.060253143310547,0.5102364420890808
0.5157593123209169,0.0,0.0,0.5,289,1785358379.846059,0.42123621702194214,-0.005420865956693888,0.4985238313674927,9.96112060546875,5,6665,45,0,0,0.0021827227901667356,0,0,1.0,0.0,0,19,0,1,1023,0,0,0,0,1,0,0,0,1023,0,0,20,1,0,1,0,68,0,0,0,255,255,0.0,0.0,0.0,0.0,0.0,0.0,0.0,0.0,0.0,0.0,straight_run,3.6527860164642334,0.15244551002979279,0.027891039848327637,0.35850828886032104,-0.016427049413323402,12.060253143310547,0.5102364420890808
0.5191977077363897,0.0,0.0,0.5,289,1785358379.867425,0.42123621702194214,-0.005420865956693888,0.4985238313674927,9.96112060546875,5,6665,45,0,0,0.0021827227901667356,0,0,1.0,0.0,0,19,0,1,1023,0,0,0,0,1,0,0,0,1023,0,0,20,1,0,1,0,68,0,0,0,255,255,0.0,0.0,0.0,0.0,0.0,0.0,0.0,0.0,0.0,0.0,straight_run,3.647507429122925,0.15244551002979279,0.027891039848327637,0.35850828886032104,-0.016427049413323402,12.060253143310547,0.5102364420890808
0.5226361031518625,0.0,0.0,0.5,289,1785358379.8879979,0.4269099235534668,-0.00166513177100569,0.49851498007774353,10.703680992126465,5,6693,85,0,0,0.0021827227901667356,0,0,1.0,0.0,0,20,0,1,1023,0,0,0,0,0,0,0,0,1023,0,0,20,0,0,0,0,19,0,0,0,255,255,0.0,0.0,0.0,0.0,0.0,0.0,0.0,0.0,0.0,0.0,straight_run,3.647507429122925,0.15077941119670868,0.0313839465379715,0.36547982692718506,-0.013102457858622074,12.004379272460938,0.5098994970321655
0.5260744985673352,0.0,0.0,0.5,289,1785358379.911474,0.4269099235534668,-0.00166513177100569,0.49851498007774353,10.703680992126465,5,6693,85,0,0,0.0021827227901667356,0,0,1.0,0.0,0,20,0,1,1023,0,0,0,0,0,0,0,0,1023,0,0,20,0,0,0,0,19,0,0,0,255,255,0.0,0.0,0.0,0.0,0.0,0.0,0.0,0.0,0.0,0.0,straight_run,3.647507429122925,0.15077941119670868,0.0313839465379715,0.36547982692718506,-0.013102457858622074,12.004379272460938,0.5098994970321655
0.529512893982808,0.0,0.0,0.5,289,1785358379.935282,0.43340039253234863,-0.003829669440165162,0.4984931945800781,10.057913780212402,5,7582,145,0,0,0.0021827227901667356,0,0,1.0,0.0,0,20,0,1,1023,0,0,0,0,0,0,0,0,1023,0,0,20,0,0,0,0,19,0,0,0,255,255,0.0,0.0,0.0,0.0,0.0,0.0,0.0,0.0,0.0,0.0,straight_run,3.647507429122925,0.14572319388389587,0.026797641068696976,0.37518417835235596,-0.014146888628602028,11.963946342468262,0.5109471678733826
0.5329512893982807,0.0,0.0,0.5,289,1785358379.958664,0.43340039253234863,-0.003829669440165162,0.4984931945800781,10.057913780212402,5,7582,145,0,0,0.0021827227901667356,0,0,1.0,0.0,0,20,0,1,1023,0,0,0,0,0,0,0,0,1023,0,0,20,0,0,0,0,19,0,0,0,255,255,0.0,0.0,0.0,0.0,0.0,0.0,0.0,0.0,0.0,0.0,straight_run,3.647507429122925,0.14572319388389587,0.026797641068696976,0.37518417835235596,-0.014146888628602028,11.963946342468262,0.5109471678733826
0.5363896848137536,0.0,0.0,0.5,289,1785358379.980792,0.43858402967453003,0.0007098049973137677,0.4984927475452423,11.464371681213379,5,6843,31,0,0,0.002284253016114235,0,0,1.0,0.0,0,20,0,1,1023,0,0,0,0,0,0,0,0,1023,0,0,20,0,0,0,0,19,0,0,0,255,255,0.0,0.0,0.0,0.0,0.0,0.0,0.0,0.0,0.0,0.0,straight_run,3.647507429122925,0.14231601357460022,0.030505282804369926,0.382065087556839,-0.010737597942352295,11.844376564025879,0.5114527940750122
0.5398280802292263,0.0,0.0,0.5,289,1785358380.003204,0.43858402967453003,0.0007098049973137677,0.4984927475452423,11.464371681213379,5,6843,31,0,0,0.002284253016114235,0,0,1.0,0.0,0,21,0,1,1023,0,8,0,0,0,0,0,0,1023,0,0,21,1,0,1,0,61,0,0,0,255,255,0.0,0.0,0.0,0.0,0.0,0.0,0.0,0.0,0.0,0.0,straight_run,3.647507429122925,0.14231601357460022,0.030505282804369926,0.382065087556839,-0.010737597942352295,11.844376564025879,0.5114527940750122
0.5432664756446991,0.0,0.0,0.5,289,1785358380.027483,0.43858402967453003,0.0007098049973137677,0.4984927475452423,11.464371681213379,5,6843,31,0,0,0.002284253016114235,0,0,1.0,0.0,0,21,0,1,1023,0,8,0,0,0,0,0,0,1023,0,0,21,1,0,1,0,61,0,0,0,255,255,0.0,0.0,0.0,0.0,0.0,0.0,0.0,0.0,0.0,0.0,straight_run,3.647507429122925,0.14231601357460022,0.030505282804369926,0.382065087556839,-0.010737597942352295,11.844376564025879,0.5114527940750122
0.5467048710601718,0.0,0.0,0.5,289,1785358380.052423,0.43858402967453003,0.0007098049973137677,0.4984927475452423,11.464371681213379,5,6843,91,0,0,0.002284253016114235,0,0,1.0,0.0,0,21,0,1,1023,0,8,0,0,0,0,0,0,1023,0,0,21,1,0,1,0,61,0,0,0,255,255,0.0,0.0,0.0,0.0,0.0,0.0,0.0,0.0,0.0,0.0,straight_run,3.647507429122925,0.1320464313030243,0.02399469166994095,0.3890652656555176,-0.013191340491175652,11.825423240661621,0.5124987959861755
0.5501432664756447,0.0,0.0,0.5,289,1785358380.0775402,0.4430151581764221,-0.003909044433385134,0.49849459528923035,9.774256706237793,5,7087,91,0,0,0.002284253016114235,0,0,1.0,0.0,0,21,0,1,1023,0,8,0,0,0,0,0,0,1023,0,0,21,1,0,1,0,61,0,0,0,255,255,0.0,0.0,0.0,0.0,0.0,0.0,0.0,0.0,0.0,0.0,straight_run,3.642228841781616,0.1277640014886856,0.02203521691262722,0.39480337500572205,-0.013385109603404999,11.745260238647461,0.5133833289146423
0.5535816618911175,0.0,0.0,0.5,289,1785358380.1025121,0.4478360414505005,-0.00433717668056488,0.49849551916122437,9.553179740905762,5,6459,34,0,0,0.0020958709064871073,0,0,1.0,0.0,0,21,0,1,1023,0,8,0,0,0,0,0,0,1023,0,0,21,1,0,1,0,61,0,0,0,255,255,0.0,0.0,0.0,0.0,0.0,0.0,0.0,0.0,0.0,0.0,straight_run,3.642228841781616,0.1277640014886856,0.02203521691262722,0.39480337500572205,-0.013385109603404999,11.745260238647461,0.5133833289146423
0.5570200573065902,0.0,0.0,0.5,289,1785358380.1255522,0.4478360414505005,-0.00433717668056488,0.49849551916122437,9.553179740905762,5,6459,94,0,0,0.0020958709064871073,0,0,1.0,0.0,0,22,0,1,1023,0,0,0,0,0,0,0,0,1023,0,0,22,0,0,0,0,0,0,0,0,255,255,0.0,0.0,0.0,0.0,0.0,0.0,0.0,0.0,0.0,0.0,straight_run,3.642228841781616,0.12072993069887161,0.019678227603435516,0.4025611877441406,-0.013412551023066044,11.573054313659668,0.515201985836029
0.5604584527220631,0.0,0.0,0.5,289,1785358380.150039,0.45311325788497925,-0.0054895877838134766,0.4984957277774811,8.91477108001709,5,7138,94,0,0,0.0020958709064871073,0,0,1.0,0.0,0,22,0,1,1023,0,0,0,0,0,0,0,0,1023,0,0,22,0,0,0,0,0,0,0,0,255,255,0.0,0.0,0.0,0.0,0.0,0.0,0.0,0.0,0.0,0.0,straight_run,3.642228841781616,0.12072993069887161,0.019678227603435516,0.4025611877441406,-0.013412551023066044,11.573054313659668,0.515201985836029
0.5638968481375358,0.0,0.0,0.5,289,1785358380.172023,0.45311325788497925,-0.0054895877838134766,0.4984957277774811,8.91477108001709,5,7138,36,0,0,0.001960908295586705,0,0,1.0,0.0,0,22,0,1,1023,0,0,0,0,0,0,0,0,1023,0,0,22,0,0,0,0,0,0,0,0,255,255,0.0,0.0,0.0,0.0,0.0,0.0,0.0,0.0,0.0,0.0,straight_run,3.647507429122925,0.11336246877908707,0.016820598393678665,0.4058331549167633,-0.014343987219035625,11.490988731384277,0.5153903365135193
0.5673352435530086,0.0,0.0,0.5,289,1785358380.1964312,0.45336851477622986,-0.007015890441834927,0.4984889626502991,11.517419815063477,5,6211,36,0,0,0.001960908295586705,0,0,1.0,0.0,0,23,0,1,1023,0,0,0,0,136,0,0,0,1023,0,0,23,2,0,1,0,72,0,0,0,255,255,0.0,0.0,0.0,0.0,0.0,0.0,0.0,0.0,0.0,0.0,straight_run,3.647507429122925,0.11336246877908707,0.016820598393678665,0.4058331549167633,-0.014343987219035625,11.490988731384277,0.5153903365135193
0.5707736389684813,0.0,0.0,0.5,289,1785358380.216927,0.45336851477622986,-0.007015890441834927,0.4984889626502991,11.517419815063477,5,6211,36,0,0,0.001960908295586705,0,0,1.0,0.0,0,23,0,1,1023,0,0,0,0,136,0,0,0,1023,0,0,23,2,0,1,0,72,0,0,0,255,255,0.0,0.0,0.0,0.0,0.0,0.0,0.0,0.0,0.0,0.0,straight_run,3.647507429122925,0.11336246877908707,0.016820598393678665,0.4058331549167633,-0.014343987219035625,11.490988731384277,0.5153903365135193
0.5742120343839541,0.0,0.0,0.5,289,1785358380.240771,0.46238404512405396,-0.005614256951957941,0.49847495555877686,11.63117504119873,5,6200,96,0,0,0.001960908295586705,0,0,1.0,0.0,0,23,0,1,1023,0,0,0,0,136,0,0,0,1023,0,0,23,2,0,1,0,72,0,0,0,255,255,0.0,0.0,0.0,0.0,0.0,0.0,0.0,0.0,0.0,0.0,straight_run,3.647507429122925,0.10955608636140823,0.017522722482681274,0.4145878255367279,-0.012720547616481781,11.664031982421875,0.5163975358009338
0.5776504297994269,0.0,0.0,0.5,289,1785358380.262,0.46238404512405396,-0.005614256951957941,0.49847495555877686,11.63117504119873,5,6200,96,0,0,0.001960908295586705,0,0,1.0,0.0,0,23,0,1,1023,0,0,0,0,136,0,0,0,1023,0,0,23,2,0,1,0,72,0,0,0,255,255,0.0,0.0,0.0,0.0,0.0,0.0,0.0,0.0,0.0,0.0,straight_run,3.647507429122925,0.10955608636140823,0.017522722482681274,0.4145878255367279,-0.012720547616481781,11.664031982421875,0.5163975358009338
0.5810888252148997,0.0,0.0,0.5,289,1785358380.287114,0.46647223830223083,-0.005243559833616018,0.49847015738487244,11.690164566040039,5,7746,136,0,0,0.001960908295586705,0,0,1.0,0.0,0,23,0,1,1023,0,0,0,0,136,0,0,0,1023,0,0,24,2,0,1,0,72,0,0,0,255,255,0.0,0.0,0.0,0.0,0.0,0.0,0.0,0.0,0.0,0.0,straight_run,3.647507429122925,0.1058492362499237,0.01745905913412571,0.419632226228714,-0.01182679645717144,11.756647109985352,0.5167350769042969
0.5845272206303725,0.0,0.0,0.5,289,1785358380.311997,0.46647223830223083,-0.005243559833616018,0.49847015738487244,11.690164566040039,5,7746,136,0,0,0.001960908295586705,0,0,1.0,0.0,0,23,0,1,1023,0,0,0,0,136,0,0,0,1023,0,0,24,2,0,1,0,72,0,0,0,255,255,0.0,0.0,0.0,0.0,0.0,0.0,0.0,0.0,0.0,0.0,straight_run,3.647507429122925,0.1058492362499237,0.01745905913412571,0.419632226228714,-0.01182679645717144,11.756647109985352,0.5167350769042969
0.5879656160458453,0.0,0.0,0.5,289,1785358380.33708,0.4736679494380951,-0.00954383984208107,0.4984646737575531,12.106755256652832,5,6159,36,0,0,0.0017376067116856575,0,0,1.0,0.0,0,23,0,1,1023,0,0,0,0,136,0,0,0,1023,0,0,24,2,0,1,0,72,0,0,0,255,255,0.0,0.0,0.0,0.0,0.0,0.0,0.0,0.0,0.0,0.0,straight_run,3.647507429122925,0.10255414992570877,0.011319048702716827,0.42665019631385803,-0.014300305396318436,12.106754302978516,0.5171021223068237
0.591404011461318,0.0,0.0,0.5,289,1785358380.362043,0.4736679494380951,-0.00954383984208107,0.4984646737575531,12.106755256652832,5,6159,36,0,0,0.0017376067116856575,0,0,1.0,0.0,0,23,0,1,1023,0,0,0,0,136,0,0,0,1023,0,0,24,2,0,1,0,72,0,0,0,255,255,0.0,0.0,0.0,0.0,0.0,0.0,0.0,0.0,0.0,0.0,straight_run,3.647507429122925,0.10255414992570877,0.011319048702716827,0.42665019631385803,-0.014300305396318436,12.106754302978516,0.5171021223068237
0.5948424068767908,0.0,0.0,0.5,289,1785358380.383113,0.48197197914123535,-0.0072486065328121185,0.4984719455242157,12.403369903564453,5,7120,76,0,0,0.0017376067116856575,0,0,1.0,0.0,0,24,0,1,1023,0,0,0,0,4,0,0,0,1023,0,0,25,1,0,1,0,125,0,0,0,255,255,0.0,0.0,0.0,0.0,0.0,0.0,0.0,0.0,0.0,0.0,straight_run,3.647507429122925,0.10305600613355637,0.012490350753068924,0.43537676334381104,-0.012499812059104443,12.478419303894043,0.5181698203086853
0.5982808022922635,0.0,0.0,0.5,289,1785358380.406997,0.48197197914123535,-0.0072486065328121185,0.4984719455242157,12.403369903564453,5,7120,76,0,0,0.0017376067116856575,0,0,1.0,0.0,0,24,0,1,1023,0,0,0,0,4,0,0,0,1023,0,0,25,1,0,1,0,125,0,0,0,255,255,0.0,0.0,0.0,0.0,0.0,0.0,0.0,0.0,0.0,0.0,straight_run,3.647507429122925,0.10305600613355637,0.012490350753068924,0.43537676334381104,-0.012499812059104443,12.478419303894043,0.5181698203086853
0.6017191977077364,0.0,0.0,0.5,289,1785358380.427992,0.487965852022171,-0.0070502678863704205,0.4984608292579651,12.893708229064941,5,6038,37,0,0,0.4910433292388916,0,0,1.0,0.0,0,24,0,1,1023,0,0,0,0,4,0,0,0,1023,0,0,25,1,0,1,0,125,0,0,0,255,255,0.0,0.0,0.0,0.0,0.0,0.0,0.0,0.0,0.0,0.0,straight_run,3.647507429122925,0.09911958128213882,0.012038175947964191,0.4408458173274994,-0.01185499969869852,12.893706321716309,0.5180923342704773
0.6051575931232092,0.0,0.0,0.5,289,1785358380.452234,0.487965852022171,-0.0070502678863704205,0.4984608292579651,12.893708229064941,5,6038,37,0,0,0.4910433292388916,0,0,1.0,0.0,0,24,0,1,1023,0,0,0,0,4,0,0,0,1023,0,0,25,1,0,1,0,125,0,0,0,255,255,0.0,0.0,0.0,0.0,0.0,0.0,0.0,0.0,0.0,0.0,straight_run,3.647507429122925,0.09911958128213882,0.012038175947964191,0.4408458173274994,-0.01185499969869852,12.893706321716309,0.5180923342704773
0.6085959885386819,0.0,0.0,0.5,289,1785358380.4770439,0.49117496609687805,-0.009179805405437946,0.4984743595123291,13.252981185913086,5,7522,77,0,0,0.4910433292388916,0,0,1.0,0.0,0,25,0,1,1023,0,0,32,96,0,0,0,0,1023,0,0,25,1,0,1,0,125,0,0,0,255,255,0.0,0.0,0.0,0.0,0.0,0.0,0.0,0.0,0.0,0.0,straight_run,3.6527860164642334,0.09533290565013885,0.008703581057488918,0.44601672887802124,-0.01290675438940525,13.344533920288086,0.5206853151321411
0.6120343839541547,0.0,0.0,0.5,289,1785358380.501484,0.49117496609687805,-0.009179805405437946,0.4984743595123291,13.252981185913086,5,7522,77,0,0,0.4910433292388916,0,0,1.0,0.0,0,25,0,1,1023,0,0,32,96,0,0,0,0,1023,0,0,26,3,125,3,0,125,0,0,0,255,255,0.0,0.0,0.0,0.0,0.0,0.0,0.0,0.0,0.0,0.0,straight_run,3.6527860164642334,0.09533290565013885,0.008703581057488918,0.44601672887802124,-0.01290675438940525,13.344533920288086,0.5206853151321411
0.6154727793696274,0.0,0.0,0.5,289,1785358380.526538,0.5574514269828796,0.013178221881389618,0.5021892786026001,14.077486038208008,5,9418,38,1,1,0.0016546206315979362,1,20,1.0,0.0,24,25,-1,1,1023,0,0,32,96,0,0,0,0,1023,0,0,26,3,125,3,0,125,0,0,0,255,255,0.0,0.0,0.28467291593551636,-0.9586244821548462,0.0007247423054650426,0.14193251729011536,76.58401489257812,68.58401489257812,0.0,0.0,straight_run,3.6527860164642334,0.08880038559436798,0.005656813737004995,0.45065248012542725,-0.013769729994237423,13.926880836486816,0.522264301776886
0.6189111747851003,0.0,0.0,0.5,289,1785358380.550986,0.5574514269828796,0.013178221881389618,0.5021892786026001,14.077486038208008,5,9418,38,1,1,0.0016546206315979362,1,20,1.0,0.0,24,25,-1,1,1023,0,0,32,96,0,0,0,0,1023,0,0,26,3,125,3,0,125,1,23,90,1,1,92.58401489257812,126.67710876464844,0.28467291593551636,-0.9586244821548462,0.0007247423054650426,0.14193251729011536,76.58401489257812,68.58401489257812,0.004489794373512268,-0.000264778733253479,straight_run,3.6527860164642334,0.08880038559436798,0.005656813737004995,0.45065248012542725,-0.013769729994237423,13.926880836486816,0.522264301776886
0.622349570200573,0.0,0.0,0.5,289,1785358380.574002,0.5587562918663025,0.01570257544517517,0.5020596981048584,15.155050277709961,5,11434,78,1,1,0.0016546206315979362,1,60,1.0,0.0,24,26,-1,1,1023,0,0,256,0,0,0,32,0,1023,0,0,26,3,125,3,0,125,1,23,90,1,1,92.58401489257812,126.67710876464844,0.28467291593551636,-0.9586244821548462,0.0007247423054650426,0.14193251729011536,76.58401489257812,68.58401489257812,0.004489794373512268,-0.000264778733253479,straight_run,3.647507429122925,0.08325748145580292,0.006105455569922924,0.45222535729408264,-0.012823304161429405,14.378966331481934,0.5227461457252502
0.6257879656160458,0.0,0.0,0.5,289,1785358380.599058,0.5587562918663025,0.01570257544517517,0.5020596981048584,15.155050277709961,5,11434,78,1,1,0.0016546206315979362,1,60,1.0,0.0,24,26,-1,1,1023,0,0,256,0,0,0,32,0,1023,0,0,27,2,0,1,0,90,1,23,90,1,1,92.58401489257812,126.67710876464844,0.28467291593551636,-0.9586244821548462,0.0007247423054650426,0.14193251729011536,76.58401489257812,68.58401489257812,0.0016506463289260864,-0.0012437403202056885,straight_run,3.647507429122925,0.08325748145580292,0.006105455569922924,0.45222535729408264,-0.012823304161429405,14.378966331481934,0.5227461457252502
0.6292263610315185,0.0,0.0,0.5,289,1785358380.620234,0.5587562918663025,0.01570257544517517,0.5020596981048584,15.155050277709961,5,11434,78,1,1,0.0016546206315979362,1,60,1.0,0.0,24,26,-1,1,1023,0,0,256,0,0,0,32,0,1023,0,0,27,2,0,1,0,90,1,23,90,1,1,92.58401489257812,126.67710876464844,0.28467291593551636,-0.9586244821548462,0.0007247423054650426,0.14193251729011536,76.58401489257812,68.58401489257812,0.0016506463289260864,-0.0012437403202056885,straight_run,3.647507429122925,0.07877349108457565,0.00875315722078085,0.45095041394233704,-0.011850206181406975,15.023882865905762,0.5243542790412903
0.6326647564469913,0.0,0.0,0.5,289,1785358380.643044,0.5074357390403748,-0.0048958128318190575,0.49844497442245483,7.018852710723877,5,6064,37,0,0,0.0013713366352021694,0,0,1.0,0.0,0,26,0,1,1023,0,0,256,0,0,0,32,0,1023,0,0,27,2,0,1,0,90,0,0,0,255,255,0.0,0.0,0.0,0.0,0.0,0.0,0.0,0.0,0.0,0.0,straight_run,3.647507429122925,0.07877349108457565,0.00875315722078085,0.45095041394233704,-0.011850206181406975,15.023882865905762,0.5243542790412903
0.6361031518624642,0.0,0.0,0.5,289,1785358380.66747,0.5074357390403748,-0.0048958128318190575,0.49844497442245483,7.018852710723877,5,6064,37,0,0,0.0013713366352021694,0,0,1.0,0.0,0,26,0,1,1023,0,0,256,0,0,0,32,0,1023,0,0,27,2,0,1,0,90,0,0,0,255,255,0.0,0.0,0.0,0.0,0.0,0.0,0.0,0.0,0.0,0.0,straight_run,3.6263930797576904,0.07877349108457565,0.00875315722078085,0.45095041394233704,-0.011850206181406975,15.023882865905762,0.5243542790412903
0.639541547277937,0.0,0.0,0.5,289,1785358380.692002,0.5168449878692627,-0.0028775548562407494,0.4984467327594757,7.9124603271484375,5,6076,77,0,0,0.0013713366352021694,0,0,1.0,0.0,0,27,0,1,1023,0,128,0,0,0,0,0,0,1023,0,0,27,1,0,1,0,113,0,0,0,255,255,0.0,0.0,0.0,0.0,0.0,0.0,0.0,0.0,0.0,0.0,straight_run,3.6263930797576904,0.09044195711612701,0.013161008246243,0.4549008011817932,-0.011484014801681042,15.184775352478027,0.5262150764465332
0.6429799426934097,0.0,0.0,0.5,289,1785358380.715101,0.5168449878692627,-0.0028775548562407494,0.4984467327594757,7.9124603271484375,5,6076,77,0,0,0.0013713366352021694,0,0,1.0,0.0,0,27,0,1,1023,0,128,0,0,0,0,0,0,1023,0,0,27,1,0,1,0,113,0,0,0,255,255,0.0,0.0,0.0,0.0,0.0,0.0,0.0,0.0,0.0,0.0,straight_run,3.6263930797576904,0.09044195711612701,0.013161008246243,0.4549008011817932,-0.011484014801681042,15.184775352478027,0.5262150764465332
0.6464183381088825,0.0,0.0,0.5,289,1785358380.738011,0.5238152146339417,-0.005357204005122185,0.49843016266822815,6.847447872161865,5,6837,137,0,0,0.0013713366352021694,0,0,1.0,0.0,0,27,0,1,1023,0,128,0,0,0,0,0,0,1023,0,0,27,1,0,1,0,113,0,0,0,255,255,0.0,0.0,0.0,0.0,0.0,0.0,0.0,0.0,0.0,0.0,straight_run,3.6263930797576904,0.10320468246936798,0.014530469663441181,0.4591047465801239,-0.013127815909683704,14.614645004272461,0.5262569785118103
0.6498567335243554,0.0,0.0,0.5,289,1785358380.758603,0.5238152146339417,-0.005357204005122185,0.49843016266822815,6.847447872161865,5,6837,137,0,0,0.0013713366352021694,0,0,1.0,0.0,0,27,0,1,1023,0,128,0,0,0,0,0,0,1023,0,0,27,1,0,1,0,113,0,0,0,255,255,0.0,0.0,0.0,0.0,0.0,0.0,0.0,0.0,0.0,0.0,straight_run,3.6263930797576904,0.10320468246936798,0.014530469663441181,0.4591047465801239,-0.013127815909683704,14.614645004272461,0.5262569785118103
0.6532951289398281,0.0,0.0,0.5,289,1785358380.783081,0.5305781364440918,-0.004892902914434671,0.4984152019023895,5.969738483428955,5,7087,17,0,0,0.0018671454163268209,0,0,1.0,0.0,0,28,0,1,1023,0,0,0,0,0,0,0,0,1023,0,0,28,0,0,0,0,0,0,0,0,255,255,0.0,0.0,0.0,0.0,0.0,0.0,0.0,0.0,0.0,0.0,straight_run,3.642228841781616,0.1089216023683548,0.0150844631716609,0.46108531951904297,-0.013308091089129448,13.892199516296387,0.5265214443206787
0.6567335243553009,0.0,0.0,0.5,289,1785358380.808086,0.5305781364440918,-0.004892902914434671,0.4984152019023895,5.969738483428955,5,7087,17,0,0,0.0018671454163268209,0,0,1.0,0.0,0,28,0,1,1023,0,0,0,0,0,0,0,0,1023,0,0,28,0,0,0,0,0,0,0,0,255,255,0.0,0.0,0.0,0.0,0.0,0.0,0.0,0.0,0.0,0.0,straight_run,3.642228841781616,0.1089216023683548,0.0150844631716609,0.46108531951904297,-0.013308091089129448,13.892199516296387,0.5265214443206787
0.6601719197707736,0.0,0.0,0.5,289,1785358380.832026,0.5414174199104309,-0.00538146635517478,0.4984130263328552,4.837282180786133,5,6127,77,0,0,0.0018671454163268209,0,0,1.0,0.0,0,28,0,1,1023,0,0,0,0,0,0,0,0,1023,0,0,28,0,0,0,0,0,0,0,0,255,255,0.0,0.0,0.0,0.0,0.0,0.0,0.0,0.0,0.0,0.0,straight_run,3.642228841781616,0.12628263235092163,0.01701251231133938,0.47242864966392517,-0.011219825595617294,12.956130027770996,0.5282555222511292
0.6636103151862464,0.0,0.0,0.5,289,1785358380.857143,0.5414174199104309,-0.00538146635517478,0.4984130263328552,4.837282180786133,5,6127,77,0,0,0.0018671454163268209,0,0,1.0,0.0,0,28,0,1,1023,0,0,0,0,0,0,0,0,1023,0,0,28,0,0,0,0,0,0,0,0,255,255,0.0,0.0,0.0,0.0,0.0,0.0,0.0,0.0,0.0,0.0,straight_run,3.642228841781616,0.12628263235092163,0.01701251231133938,0.47242864966392517,-0.011219825595617294,12.956130027770996,0.5282555222511292
0.6670487106017192,0.0,0.0,0.5,289,1785358380.881994,0.5468648672103882,-0.003785917069762945,0.49841129779815674,4.39619779586792,5,6130,117,0,0,0.0018671454163268209,0,0,1.0,0.0,0,28,0,1,1023,0,0,0,0,0,0,0,0,1023,0,0,28,0,0,0,0,0,0,0,0,255,255,0.0,0.0,0.0,0.0,0.0,0.0,0.0,0.0,0.0,0.0,straight_run,3.6527860164642334,0.13274720311164856,0.017414582893252373,0.47843992710113525,-0.009449486620724201,11.880810737609863,0.5298362374305725
0.670487106017192,0.0,0.0,0.5,289,1785358380.907064,0.5468648672103882,-0.003785917069762945,0.49841129779815674,4.39619779586792,5,6130,117,0,0,0.0018671454163268209,0,0,1.0,0.0,0,28,0,1,1023,0,0,0,0,0,0,0,0,1023,0,0,28,0,0,0,0,0,0,0,0,255,255,0.0,0.0,0.0,0.0,0.0,0.0,0.0,0.0,0.0,0.0,straight_run,3.6527860164642334,0.13274720311164856,0.017414582893252373,0.47843992710113525,-0.009449486620724201,11.880810737609863,0.5298362374305725
0.6739255014326647,0.0,0.0,0.5,289,1785358380.932095,0.5573228001594543,-0.005630329716950655,0.4983874261379242,2.1560654640197754,5,7832,18,0,0,0.002315748715773225,0,0,1.0,0.0,0,28,0,1,1023,0,0,0,0,0,0,0,0,1023,0,0,28,0,0,0,0,0,0,0,0,255,255,0.0,0.0,0.0,0.0,0.0,0.0,0.0,0.0,0.0,0.0,straight_run,3.6527860164642334,0.14135438203811646,0.014888474717736244,0.48774096369743347,-0.008152855560183525,10.489933967590332,0.5319814682006836
0.6773638968481375,0.0,0.0,0.5,289,1785358380.957014,0.5573228001594543,-0.005630329716950655,0.4983874261379242,2.1560654640197754,5,7832,18,0,0,0.002315748715773225,0,0,1.0,0.0,0,28,0,1,1023,0,0,0,0,0,0,0,0,1023,0,0,28,0,0,0,0,0,0,0,0,255,255,0.0,0.0,0.0,0.0,0.0,0.0,0.0,0.0,0.0,0.0,straight_run,3.6527860164642334,0.14135438203811646,0.014888474717736244,0.48774096369743347,-0.008152855560183525,10.489933967590332,0.5319814682006836
0.6808022922636102,0.0,0.0,0.5,289,1785358380.981962,0.5576640367507935,-0.005689295008778572,0.4983716309070587,1.1120238304138184,5,6057,58,0,0,0.002315748715773225,0,0,1.0,0.0,0,29,0,1,1023,0,0,0,8,8,0,0,0,1023,0,0,29,2,0,2,0,78,0,0,0,255,255,0.0,0.0,0.0,0.0,0.0,0.0,0.0,0.0,0.0,0.0,straight_run,3.647507429122925,0.14052556455135345,0.012815335765480995,0.49046790599823,-0.0068674893118441105,9.468358039855957,0.5335150957107544
0.6842406876790831,0.0,0.0,0.5,289,1785358381.007025,0.5576640367507935,-0.005689295008778572,0.4983716309070587,1.1120238304138184,5,6057,58,0,0,0.002315748715773225,0,0,1.0,0.0,0,29,0,1,1023,0,0,0,8,8,0,0,0,1023,0,0,29,2,0,2,0,78,0,0,0,255,255,0.0,0.0,0.0,0.0,0.0,0.0,0.0,0.0,0.0,0.0,straight_run,3.647507429122925,0.14052556455135345,0.012815335765480995,0.49046790599823,-0.0068674893118441105,9.468358039855957,0.5335150957107544
0.6876790830945558,0.0,0.0,0.5,289,1785358381.0309849,0.5730773210525513,-0.0061108628287911415,0.4983464777469635,-1.1143834590911865,5,6926,1,0,0,0.002041236963123083,0,0,1.0,0.0,0,29,0,1,1023,0,0,0,8,8,0,0,0,1023,0,0,29,2,0,2,0,78,0,0,0,255,255,0.0,0.0,0.0,0.0,0.0,0.0,0.0,0.0,0.0,0.0,straight_run,3.647507429122925,0.15079553425312042,0.010250004008412361,0.502784788608551,-0.004743524361401796,8.041078567504883,0.5336565375328064
0.6911174785100286,0.0,0.0,0.5,289,1785358381.055417,0.5730773210525513,-0.0061108628287911415,0.4983464777469635,-1.1143834590911865,5,6926,1,0,0,0.002041236963123083,0,0,1.0,0.0,0,29,0,1,1023,0,0,0,8,8,0,0,0,1023,0,0,29,2,0,2,0,78,0,0,0,255,255,0.0,0.0,0.0,0.0,0.0,0.0,0.0,0.0,0.0,0.0,straight_run,3.647507429122925,0.15079553425312042,0.010250004008412361,0.502784788608551,-0.004743524361401796,8.041078567504883,0.5336565375328064
0.6945558739255013,0.0,0.0,0.5,289,1785358381.077628,0.5784112811088562,-0.007020796649158001,0.4983353018760681,-2.9729366302490234,5,5984,41,0,0,0.002041236963123083,0,0,1.0,0.0,0,30,0,1,1023,0,0,0,0,0,0,0,0,1023,0,0,29,2,0,2,0,78,0,0,0,255,255,0.0,0.0,0.0,0.0,0.0,0.0,0.0,0.0,0.0,0.0,straight_run,3.642228841781616,0.155037522315979,0.005644659046083689,0.5125252604484558,-0.0031823692843317986,6.581703186035156,0.5338289141654968
0.6979942693409741,0.0,0.0,0.5,289,1785358381.098988,0.5784112811088562,-0.007020796649158001,0.4983353018760681,-2.9729366302490234,5,5984,41,0,0,0.002041236963123083,0,0,1.0,0.0,0,30,0,1,1023,0,0,0,0,0,0,0,0,1023,0,0,30,0,0,0,0,45,0,0,0,255,255,0.0,0.0,0.0,0.0,0.0,0.0,0.0,0.0,0.0,0.0,straight_run,3.642228841781616,0.155037522315979,0.005644659046083689,0.5125252604484558,-0.0031823692843317986,6.581703186035156,0.5338289141654968
0.701432664756447,0.0,0.0,0.5,289,1785358381.121579,0.5784112811088562,-0.007020796649158001,0.4983353018760681,-2.9729366302490234,5,5984,101,0,0,0.002041236963123083,0,0,1.0,0.0,0,30,0,1,1023,0,0,0,0,0,0,0,0,1023,0,0,30,0,0,0,0,45,0,0,0,255,255,0.0,0.0,0.0,0.0,0.0,0.0,0.0,0.0,0.0,0.0,straight_run,3.642228841781616,0.14906246960163116,-0.004292952828109264,0.5175036787986755,-0.00462992861866951,4.95346736907959,0.5333669781684875
0.7048710601719198,0.0,0.0,0.5,289,1785358381.14202,0.5837697386741638,-0.009894859045743942,0.498319149017334,-6.142775058746338,5,6707,101,0,0,0.002041236963123083,0,0,1.0,0.0,0,30,0,1,1023,0,0,0,0,0,0,0,0,1023,0,0,30,0,0,0,0,45,0,0,0,255,255,0.0,0.0,0.0,0.0,0.0,0.0,0.0,0.0,0.0,0.0,straight_run,3.642228841781616,0.14906246960163116,-0.004292952828109264,0.5175036787986755,-0.00462992861866951,4.95346736907959,0.5333669781684875
0.7083094555873926,0.0,0.0,0.5,289,1785358381.165997,0.5837697386741638,-0.009894859045743942,0.498319149017334,-6.142775058746338,5,6707,101,0,0,0.002041236963123083,0,0,1.0,0.0,0,30,0,1,1023,0,0,0,0,0,0,0,0,1023,0,0,30,0,0,0,0,45,0,0,0,255,255,0.0,0.0,0.0,0.0,0.0,0.0,0.0,0.0,0.0,0.0,straight_run,3.642228841781616,0.14906246960163116,-0.004292952828109264,0.5175036787986755,-0.00462992861866951,4.95346736907959,0.5333669781684875
0.7117478510028653,0.0,0.0,0.5,289,1785358381.1870248,0.5896952748298645,-0.011467025615274906,0.49831563234329224,-7.959167957305908,5,7121,7,0,0,0.0021762968972325325,0,0,1.0,0.0,0,31,0,1,1023,0,0,0,0,0,0,0,0,1023,0,0,31,0,0,0,0,0,0,0,0,255,255,0.0,0.0,0.0,0.0,0.0,0.0,0.0,0.0,0.0,0.0,straight_run,3.6369502544403076,0.15075325965881348,-0.008334904909133911,0.5288768410682678,-0.0022750874049961567,3.1340694427490234,0.5328888893127441
0.7151862464183382,0.0,0.0,0.5,289,1785358381.208077,0.5896952748298645,-0.011467025615274906,0.49831563234329224,-7.959167957305908,5,7121,7,0,0,0.0021762968972325325,0,0,1.0,0.0,0,31,0,1,1023,0,0,0,0,0,0,0,0,1023,0,0,31,0,0,0,0,0,0,0,0,255,255,0.0,0.0,0.0,0.0,0.0,0.0,0.0,0.0,0.0,0.0,straight_run,3.6369502544403076,0.15075325965881348,-0.008334904909133911,0.5288768410682678,-0.0022750874049961567,3.1340694427490234,0.5328888893127441
0.7186246418338109,0.0,0.0,0.5,289,1785358381.2284229,0.5995886921882629,-0.014833645895123482,0.4983236789703369,-10.325448036193848,5,5936,67,0,0,0.0021762968972325325,0,0,1.0,0.0,0,31,0,1,1023,0,0,0,0,0,0,0,0,1023,0,0,31,0,0,0,0,0,0,0,0,255,255,0.0,0.0,0.0,0.0,0.0,0.0,0.0,0.0,0.0,0.0,straight_run,3.6369502544403076,0.14715197682380676,-0.017225824296474457,0.5370596647262573,-0.003441503504291177,1.1693075895309448,0.5326261520385742
0.7220630372492837,0.0,0.0,0.5,289,1785358381.2519429,0.5995886921882629,-0.014833645895123482,0.4983236789703369,-10.325448036193848,5,5936,67,0,0,0.0021762968972325325,0,0,1.0,0.0,0,31,0,1,1023,0,0,0,0,0,0,0,0,1023,0,0,31,0,0,0,0,0,0,0,0,255,255,0.0,0.0,0.0,0.0,0.0,0.0,0.0,0.0,0.0,0.0,straight_run,3.6369502544403076,0.14715197682380676,-0.017225824296474457,0.5370596647262573,-0.003441503504291177,1.1693075895309448,0.5326261520385742
0.7255014326647564,0.0,0.0,0.5,289,1785358381.274749,0.6107233166694641,-0.01974206604063511,0.4983280301094055,-11.8104248046875,5,7192,107,0,0,0.0021762968972325325,0,0,1.0,0.0,0,31,0,1,1023,0,0,0,0,0,0,0,0,1023,0,0,31,0,0,0,0,0,0,0,0,255,255,0.0,0.0,0.0,0.0,0.0,0.0,0.0,0.0,0.0,0.0,straight_run,3.6369502544403076,0.1495824009180069,-0.02756437472999096,0.5493486523628235,-0.006530308164656162,-0.836738646030426,0.533096969127655
0.7289398280802292,0.0,0.0,0.5,289,1785358381.296275,0.6107233166694641,-0.01974206604063511,0.4983280301094055,-11.8104248046875,5,7192,107,0,0,0.0021762968972325325,0,0,1.0,0.0,0,32,0,1,1023,0,0,0,0,0,0,0,0,1023,0,0,32,0,0,0,0,40,0,0,0,255,255,0.0,0.0,0.0,0.0,0.0,0.0,0.0,0.0,0.0,0.0,straight_run,3.6369502544403076,0.1495824009180069,-0.02756437472999096,0.5493486523628235,-0.006530308164656162,-0.836738646030426,0.533096969127655
0.732378223495702,0.0,0.0,0.5,289,1785358381.31742,0.6107233166694641,-0.01974206604063511,0.4983280301094055,-11.8104248046875,5,7192,107,0,0,0.0021762968972325325,0,0,1.0,0.0,0,32,0,1,1023,0,0,0,0,0,0,0,0,1023,0,0,32,0,0,0,0,40,0,0,0,255,255,0.0,0.0,0.0,0.0,0.0,0.0,0.0,0.0,0.0,0.0,straight_run,3.6369502544403076,0.1495824009180069,-0.02756437472999096,0.5493486523628235,-0.006530308164656162,-0.836738646030426,0.533096969127655
0.7358166189111748,0.0,0.0,0.5,289,1785358381.3390222,0.6183589696884155,-0.024301262572407722,0.49833574891090393,-13.104236602783203,5,6329,45,0,0,0.002142917364835739,0,0,1.0,0.0,0,32,0,1,1023,0,0,0,0,0,0,0,0,1023,0,0,32,0,0,0,0,40,0,0,0,255,255,0.0,0.0,0.0,0.0,0.0,0.0,0.0,0.0,0.0,0.0,straight_run,3.6369502544403076,0.147176131606102,-0.04004058986902237,0.5590863227844238,-0.012544732540845871,-2.8242197036743164,0.5318422913551331
0.7392550143266475,0.0,0.0,0.5,289,1785358381.3609831,0.6183589696884155,-0.024301262572407722,0.49833574891090393,-13.104236602783203,5,6329,45,0,0,0.002142917364835739,0,0,1.0,0.0,0,32,0,1,1023,0,0,0,0,0,0,0,0,1023,0,0,32,0,0,0,0,40,0,0,0,255,255,0.0,0.0,0.0,0.0,0.0,0.0,0.0,0.0,0.0,0.0,straight_run,3.6369502544403076,0.147176131606102,-0.04004058986902237,0.5590863227844238,-0.012544732540845871,-2.8242197036743164,0.5318422913551331
0.7426934097421203,0.0,0.0,0.5,289,1785358381.384083,0.6287659406661987,-0.028450900688767433,0.4983261227607727,-13.597668647766113,5,6591,85,0,0,0.002142917364835739,0,0,1.0,0.0,0,32,0,1,1023,0,0,0,0,0,0,0,0,1023,0,0,32,0,0,0,0,40,0,0,0,255,255,0.0,0.0,0.0,0.0,0.0,0.0,0.0,0.0,0.0,0.0,straight_run,3.6369502544403076,0.14226123690605164,-0.042565565556287766,0.567704975605011,-0.013735025189816952,-4.763751029968262,0.5320579409599304
0.746131805157593,0.0,0.0,0.5,289,1785358381.404993,0.6287659406661987,-0.028450900688767433,0.4983261227607727,-13.597668647766113,5,6591,85,0,0,0.002142917364835739,0,0,1.0,0.0,0,32,0,1,1023,0,0,0,0,0,0,0,0,1023,0,0,32,0,0,0,0,40,0,0,0,255,255,0.0,0.0,0.0,0.0,0.0,0.0,0.0,0.0,0.0,0.0,straight_run,3.6369502544403076,0.14226123690605164,-0.042565565556287766,0.567704975605011,-0.013735025189816952,-4.763751029968262,0.5320579409599304
0.7495702005730659,0.0,0.0,0.5,289,1785358381.425969,0.6314045786857605,-0.0299553070217371,0.49832683801651,-12.884934425354004,5,7402,20,0,0,0.0019261204870417714,0,0,1.0,0.0,0,32,0,1,1023,0,0,0,0,0,0,0,0,1023,0,0,32,0,0,0,0,40,0,0,0,255,255,0.0,0.0,0.0,0.0,0.0,0.0,0.0,0.0,0.0,0.0,straight_run,3.6369502544403076,0.13354426622390747,-0.04643618315458298,0.5733328461647034,-0.017174476757645607,-6.5603790283203125,0.5310816764831543
0.7530085959885386,0.0,0.0,0.5,289,1785358381.449806,0.6314045786857605,-0.0299553070217371,0.49832683801651,-12.884934425354004,5,7402,20,0,0,0.0019261204870417714,0,0,1.0,0.0,0,32,0,1,1023,0,0,0,0,0,0,0,0,1023,0,0,32,0,0,0,0,40,0,0,0,255,255,0.0,0.0,0.0,0.0,0.0,0.0,0.0,0.0,0.0,0.0,straight_run,3.6369502544403076,0.13354426622390747,-0.04643618315458298,0.5733328461647034,-0.017174476757645607,-6.5603790283203125,0.5310816764831543
0.7564469914040114,0.0,0.0,0.5,289,1785358381.4721391,0.6314045786857605,-0.0299553070217371,0.49832683801651,-12.884934425354004,5,7402,60,0,0,0.0019261204870417714,0,0,1.0,0.0,0,32,0,1,1023,0,0,0,0,0,0,0,0,1023,0,0,32,0,0,0,0,40,0,0,0,255,255,0.0,0.0,0.0,0.0,0.0,0.0,0.0,0.0,0.0,0.0,straight_run,3.6369502544403076,0.12546056509017944,-0.0550154373049736,0.5787699818611145,-0.025600727647542953,-8.047964096069336,0.5306935906410217
0.7598853868194841,0.0,0.0,0.5,289,1785358381.497206,0.6284115314483643,-0.028233548626303673,0.49832332134246826,-10.607088088989258,5,6703,60,0,0,0.0019261204870417714,0,0,1.0,0.0,0,33,0,1,1023,0,0,0,0,0,0,0,256,1023,0,0,33,1,0,1,0,52,0,0,0,255,255,0.0,0.0,0.0,0.0,0.0,0.0,0.0,0.0,0.0,0.0,straight_run,3.6369502544403076,0.12546056509017944,-0.0550154373049736,0.5787699818611145,-0.025600727647542953,-8.047964096069336,0.5306935906410217
0.7633237822349569,0.0,0.0,0.5,289,1785358381.521918,0.6284115314483643,-0.028233548626303673,0.49832332134246826,-10.607088088989258,5,6703,60,0,0,0.0019261204870417714,0,0,1.0,0.0,0,33,0,1,1023,0,0,0,0,0,0,0,256,1023,0,0,33,1,0,1,0,52,0,0,0,255,255,0.0,0.0,0.0,0.0,0.0,0.0,0.0,0.0,0.0,0.0,straight_run,3.6369502544403076,0.12546056509017944,-0.0550154373049736,0.5787699818611145,-0.025600727647542953,-8.047964096069336,0.5306935906410217
0.7667621776504299,0.0,0.0,0.5,289,1785358381.546049,0.6330551505088806,-0.03507557883858681,0.4983193278312683,-7.755805969238281,5,7447,3,0,0,0.0017689102096483111,0,0,1.0,0.0,0,33,0,1,1023,0,0,0,0,0,0,0,256,1023,0,0,33,1,0,1,0,52,0,0,0,255,255,0.0,0.0,0.0,0.0,0.0,0.0,0.0,0.0,0.0,0.0,straight_run,3.6369502544403076,0.11779793351888657,-0.05093942582607269,0.5831195116043091,-0.028590692207217216,-9.00216007232666,0.5295196175575256
0.7702005730659026,0.0,0.0,0.5,289,1785358381.5685172,0.6330551505088806,-0.03507557883858681,0.4983193278312683,-7.755805969238281,5,7447,3,0,0,0.0017689102096483111,0,0,1.0,0.0,0,33,0,1,1023,0,0,0,0,0,0,0,256,1023,0,0,33,1,0,1,0,52,0,0,0,255,255,0.0,0.0,0.0,0.0,0.0,0.0,0.0,0.0,0.0,0.0,straight_run,3.6369502544403076,0.11779793351888657,-0.05093942582607269,0.5831195116043091,-0.028590692207217216,-9.00216007232666,0.5295196175575256
0.7736389684813754,0.0,0.0,0.5,289,1785358381.592683,0.6380637884140015,-0.03706704452633858,0.4983219504356384,-5.064738750457764,5,6441,43,0,0,0.0017689102096483111,0,0,1.0,0.0,0,34,0,1,1023,0,0,0,0,32,0,0,0,1023,0,0,34,1,0,1,0,90,0,0,0,255,255,0.0,0.0,0.0,0.0,0.0,0.0,0.0,0.0,0.0,0.0,straight_run,3.6369502544403076,0.11080954968929291,-0.046233516186475754,0.5869651436805725,-0.03305178880691528,-9.43240737915039,0.5283336043357849
0.7770773638968481,0.0,0.0,0.5,289,1785358381.616089,0.6380637884140015,-0.03706704452633858,0.4983219504356384,-5.064738750457764,5,6441,43,0,0,0.0017689102096483111,0,0,1.0,0.0,0,34,0,1,1023,0,0,0,0,32,0,0,0,1023,0,0,34,1,0,1,0,90,0,0,0,255,255,0.0,0.0,0.0,0.0,0.0,0.0,0.0,0.0,0.0,0.0,straight_run,3.6369502544403076,0.11080954968929291,-0.046233516186475754,0.5869651436805725,-0.03305178880691528,-9.43240737915039,0.5283336043357849
0.780515759312321,0.0,0.0,0.5,289,1785358381.63699,0.6440664529800415,-0.04231122508645058,0.49834150075912476,-1.5368329286575317,5,6928,102,0,0,0.0017689102096483111,0,0,1.0,0.0,0,34,0,1,1023,0,0,0,0,32,0,0,0,1023,0,0,34,1,0,1,0,90,0,0,0,255,255,0.0,0.0,0.0,0.0,0.0,0.0,0.0,0.0,0.0,0.0,straight_run,3.6369502544403076,0.1076197475194931,-0.046406812965869904,0.5918731093406677,-0.04135613143444061,-9.03669261932373,0.5272690653800964
0.7839541547277937,0.0,0.0,0.5,289,1785358381.6580858,0.6440664529800415,-0.04231122508645058,0.49834150075912476,-1.5368329286575317,5,6928,102,0,0,0.0017689102096483111,0,0,1.0,0.0,0,34,0,1,1023,0,0,0,0,32,0,0,0,1023,0,0,34,1,0,1,0,90,0,0,0,255,255,0.0,0.0,0.0,0.0,0.0,0.0,0.0,0.0,0.0,0.0,straight_run,3.6369502544403076,0.1076197475194931,-0.046406812965869904,0.5918731093406677,-0.04135613143444061,-9.03669261932373,0.5272690653800964
0.7873925501432665,0.0,0.0,0.5,289,1785358381.68203,0.6491028070449829,-0.03967485949397087,0.49836933612823486,3.562173366546631,5,7024,16,0,0,0.0018363712588325143,0,0,1.0,0.0,0,35,0,1,1023,0,0,0,0,0,0,0,0,1023,0,0,35,0,0,0,0,45,0,0,0,255,255,0.0,0.0,0.0,0.0,0.0,0.0,0.0,0.0,0.0,0.0,straight_run,3.6369502544403076,0.10734036564826965,-0.0364001989364624,0.5973536372184753,-0.0442296527326107,-8.112066268920898,0.529883086681366
0.7908309455587392,0.0,0.0,0.5,289,1785358381.707099,0.6491028070449829,-0.03967485949397087,0.49836933612823486,3.562173366546631,5,7024,16,0,0,0.0018363712588325143,0,0,1.0,0.0,0,35,0,1,1023,0,0,0,0,0,0,0,0,1023,0,0,35,0,0,0,0,45,0,0,0,255,255,0.0,0.0,0.0,0.0,0.0,0.0,0.0,0.0,0.0,0.0,straight_run,3.6369502544403076,0.10734036564826965,-0.0364001989364624,0.5973536372184753,-0.0442296527326107,-8.112066268920898,0.529883086681366
0.794269340974212,0.0,0.0,0.5,289,1785358381.729005,0.6567949652671814,-0.039367325603961945,0.4983990788459778,9.531856536865234,5,6029,75,0,0,0.0018363712588325143,0,0,1.0,0.0,0,35,0,1,1023,0,0,0,0,0,0,0,0,1023,0,0,35,0,0,0,0,45,0,0,0,255,255,0.0,0.0,0.0,0.0,0.0,0.0,0.0,0.0,0.0,0.0,straight_run,3.6369502544403076,0.1085868626832962,-0.0276536475867033,0.6034731864929199,-0.04879390075802803,-6.497980117797852,0.5304971933364868
0.7977077363896848,0.0,0.0,0.5,289,1785358381.754139,0.6567949652671814,-0.039367325603961945,0.4983990788459778,9.531856536865234,5,6029,75,0,0,0.0018363712588325143,0,0,1.0,0.0,0,35,0,1,1023,0,0,0,0,0,0,0,0,1023,0,0,35,0,0,0,0,45,0,0,0,255,255,0.0,0.0,0.0,0.0,0.0,0.0,0.0,0.0,0.0,0.0,straight_run,3.6369502544403076,0.1085868626832962,-0.0276536475867033,0.6034731864929199,-0.04879390075802803,-6.497980117797852,0.5304971933364868
0.8011461318051576,0.0,0.0,0.5,289,1785358381.7790048,0.6639614105224609,-0.029599687084555626,0.4984007179737091,15.916889190673828,5,7532,115,0,0,0.0018363712588325143,0,0,1.0,0.0,0,35,0,1,1023,0,0,0,0,0,0,0,0,1023,0,0,35,0,0,0,0,45,0,0,0,255,255,0.0,0.0,0.0,0.0,0.0,0.0,0.0,0.0,0.0,0.0,straight_run,3.631671667098999,0.11513803154230118,-0.012995352037250996,0.612949550151825,-0.05015461519360542,-4.151412010192871,0.5313307046890259
0.8045845272206303,0.0,0.0,0.5,289,1785358381.803835,0.6639614105224609,-0.029599687084555626,0.4984007179737091,15.916889190673828,5,7532,115,0,0,0.0018363712588325143,0,0,1.0,0.0,0,36,0,1,1023,0,0,36,0,16,0,0,0,1023,0,0,36,3,0,1,0,125,0,0,0,255,255,0.0,0.0,0.0,0.0,0.0,0.0,0.0,0.0,0.0,0.0,straight_run,3.631671667098999,0.11513803154230118,-0.012995352037250996,0.612949550151825,-0.05015461519360542,-4.151412010192871,0.5313307046890259
0.8080229226361031,0.0,0.0,0.5,289,1785358381.828893,0.6761020421981812,-0.028709925711154938,0.49842193722724915,19.901674270629883,5,6078,48,0,0,0.0017048553563654423,0,0,1.0,0.0,0,36,0,1,1023,0,0,36,0,16,0,0,0,1023,0,0,36,3,0,1,0,125,0,0,0,255,255,0.0,0.0,0.0,0.0,0.0,0.0,0.0,0.0,0.0,0.0,straight_run,3.631671667098999,0.11372068524360657,0.0026876372285187244,0.6180086731910706,-0.05064133554697037,-1.0279544591903687,0.5345641374588013
0.8114613180515758,0.0,0.0,0.5,289,1785358381.852996,0.6761020421981812,-0.028709925711154938,0.49842193722724915,19.901674270629883,5,6078,48,0,0,0.0017048553563654423,0,0,1.0,0.0,0,36,0,1,1023,0,0,36,0,16,0,0,0,1023,0,0,36,3,0,1,0,125,0,0,0,255,255,0.0,0.0,0.0,0.0,0.0,0.0,0.0,0.0,0.0,0.0,straight_run,3.631671667098999,0.11372068524360657,0.0026876372285187244,0.6180086731910706,-0.05064133554697037,-1.0279544591903687,0.5345641374588013
0.8148997134670487,0.0,0.0,0.5,289,1785358381.874045,0.6744163632392883,-0.021471090614795685,0.49842989444732666,25.670000076293945,5,6345,88,0,0,0.0017048553563654423,0,0,1.0,0.0,0,36,0,1,1023,0,0,36,0,16,0,0,0,1023,0,0,36,3,0,1,0,125,0,0,0,255,255,0.0,0.0,0.0,0.0,0.0,0.0,0.0,0.0,0.0,0.0,straight_run,3.631671667098999,0.1033003106713295,0.009687080979347229,0.6179534196853638,-0.056100890040397644,2.411457061767578,0.5347270369529724
0.8183381088825215,0.0,0.0,0.5,289,1785358381.896052,0.6744163632392883,-0.021471090614795685,0.49842989444732666,25.670000076293945,5,6345,88,0,0,0.0017048553563654423,0,0,1.0,0.0,0,36,0,1,1023,0,0,36,0,16,0,0,0,1023,0,0,36,3,0,1,0,125,0,0,0,255,255,0.0,0.0,0.0,0.0,0.0,0.0,0.0,0.0,0.0,0.0,straight_run,3.631671667098999,0.1033003106713295,0.009687080979347229,0.6179534196853638,-0.056100890040397644,2.411457061767578,0.5347270369529724
0.8217765042979942,0.0,0.0,0.5,289,1785358381.918369,0.6744163632392883,-0.021471090614795685,0.49842989444732666,25.670000076293945,5,6345,88,0,0,0.0017048553563654423,0,0,1.0,0.0,0,36,0,1,1023,0,0,36,0,16,0,0,0,1023,0,0,36,3,0,1,0,125,0,0,0,255,255,0.0,0.0,0.0,0.0,0.0,0.0,0.0,0.0,0.0,0.0,straight_run,3.631671667098999,0.1033003106713295,0.009687080979347229,0.6179534196853638,-0.056100890040397644,2.411457061767578,0.5347270369529724
0.825214899713467,0.0,0.0,0.5,289,1785358381.9430249,0.6804496645927429,-0.039019037038087845,0.4984559714794159,25.118391036987305,5,6968,0,0,0,0.0014682700857520103,0,0,1.0,0.0,0,36,0,1,1023,0,0,36,0,16,0,0,0,1023,0,0,36,3,0,1,0,125,0,0,0,255,255,0.0,0.0,0.0,0.0,0.0,0.0,0.0,0.0,0.0,0.0,straight_run,3.631671667098999,0.10701530426740646,0.011929983273148537,0.6265734434127808,-0.06467799842357635,6.360751628875732,0.536171555519104
0.8286532951289397,0.0,0.0,0.5,289,1785358381.968101,0.6804496645927429,-0.039019037038087845,0.4984559714794159,25.118391036987305,5,6968,0,0,0,0.0014682700857520103,0,0,1.0,0.0,0,36,0,1,1023,0,0,36,0,16,0,0,0,1023,0,0,36,3,0,1,0,125,0,0,0,255,255,0.0,0.0,0.0,0.0,0.0,0.0,0.0,0.0,0.0,0.0,straight_run,3.631671667098999,0.10701530426740646,0.011929983273148537,0.6265734434127808,-0.06467799842357635,6.360751628875732,0.536171555519104
0.8320916905444126,0.0,0.0,0.5,289,1785358381.9920902,0.6837368011474609,-0.03680674359202385,0.49840447306632996,28.568992614746094,5,6242,40,0,0,0.0014682700857520103,0,0,1.0,0.0,0,37,0,1,1023,0,0,0,0,0,0,0,0,1023,0,0,37,0,0,0,0,0,0,0,0,255,255,0.0,0.0,0.0,0.0,0.0,0.0,0.0,0.0,0.0,0.0,straight_run,3.631671667098999,0.10150986164808273,0.017352962866425514,0.6297899484634399,-0.07123653590679169,9.940431594848633,0.5356281995773315
0.8355300859598854,0.0,0.0,0.5,289,1785358382.016068,0.6837368011474609,-0.03680674359202385,0.49840447306632996,28.568992614746094,5,6242,40,0,0,0.0014682700857520103,0,0,1.0,0.0,0,37,0,1,1023,0,0,0,0,0,0,0,0,1023,0,0,37,0,0,0,0,0,0,0,0,255,255,0.0,0.0,0.0,0.0,0.0,0.0,0.0,0.0,0.0,0.0,straight_run,3.631671667098999,0.10150986164808273,0.017352962866425514,0.6297899484634399,-0.07123653590679169,9.940431594848633,0.5356281995773315
0.8389684813753582,0.0,0.0,0.5,289,1785358382.039003,0.70334792137146,-0.04396263137459755,0.498361200094223,27.98335838317871,5,6365,100,0,0,0.0014682700857520103,0,0,1.0,0.0,0,37,0,1,1023,0,0,0,0,0,0,0,0,1023,0,0,37,0,0,0,0,0,0,0,0,255,255,0.0,0.0,0.0,0.0,0.0,0.0,0.0,0.0,0.0,0.0,straight_run,3.631671667098999,0.1168907955288887,0.025980960577726364,0.6446390151977539,-0.07550166547298431,13.548762321472168,0.5342533588409424
0.8424068767908309,0.0,0.0,0.5,289,1785358382.0629451,0.70334792137146,-0.04396263137459755,0.498361200094223,27.98335838317871,5,6365,100,0,0,0.0014682700857520103,0,0,1.0,0.0,0,37,0,1,1023,0,0,0,0,0,0,0,0,1023,0,0,37,0,0,0,0,0,0,0,0,255,255,0.0,0.0,0.0,0.0,0.0,0.0,0.0,0.0,0.0,0.0,straight_run,3.631671667098999,0.1168907955288887,0.025980960577726364,0.6446390151977539,-0.07550166547298431,13.548762321472168,0.5342533588409424
0.8458452722063038,0.0,0.0,0.5,289,1785358382.084954,0.7120009064674377,-0.03407822176814079,0.4983488917350769,31.742626190185547,5,6949,140,0,0,0.0014682700857520103,0,0,1.0,0.0,0,38,0,1,1023,0,0,0,0,0,17,0,128,1023,0,0,38,3,0,1,0,125,0,0,0,255,255,0.0,0.0,0.0,0.0,0.0,0.0,0.0,0.0,0.0,0.0,straight_run,3.621114492416382,0.1157592162489891,0.04836083948612213,0.6496666669845581,-0.07111571729183197,16.864635467529297,0.5337839126586914
0.8492836676217765,0.0,0.0,0.5,289,1785358382.105998,0.7120009064674377,-0.03407822176814079,0.4983488917350769,31.742626190185547,5,6949,140,0,0,0.0014682700857520103,0,0,1.0,0.0,0,38,0,1,1023,0,0,0,0,0,17,0,128,1023,0,0,38,3,0,1,0,125,0,0,0,255,255,0.0,0.0,0.0,0.0,0.0,0.0,0.0,0.0,0.0,0.0,straight_run,3.621114492416382,0.1157592162489891,0.04836083948612213,0.6496666669845581,-0.07111571729183197,16.864635467529297,0.5337839126586914
0.8527220630372493,0.0,0.0,0.5,289,1785358382.1291761,0.7098233699798584,-0.03652985766530037,0.498361200094223,34.18086624145508,5,6408,59,0,0,0.0020700094755738974,0,0,1.0,0.0,0,38,0,1,1023,0,0,0,0,0,17,0,128,1023,0,0,38,3,0,1,0,125,0,0,0,255,255,0.0,0.0,0.0,0.0,0.0,0.0,0.0,0.0,0.0,0.0,straight_run,3.621114492416382,0.08732351660728455,0.04178209975361824,0.638953685760498,-0.08283153921365738,19.845657348632812,0.5339084267616272
0.856160458452722,0.0,0.0,0.5,289,1785358382.154239,0.7098233699798584,-0.03652985766530037,0.498361200094223,34.18086624145508,5,6408,59,0,0,0.0020700094755738974,0,0,1.0,0.0,0,38,0,1,1023,0,0,0,0,0,17,0,128,1023,0,0,38,3,0,1,0,125,0,0,0,255,255,0.0,0.0,0.0,0.0,0.0,0.0,0.0,0.0,0.0,0.0,straight_run,3.621114492416382,0.08732351660728455,0.04178209975361824,0.638953685760498,-0.08283153921365738,19.845657348632812,0.5339084267616272
0.8595988538681948,0.0,0.0,0.5,289,1785358382.178932,0.7098233699798584,-0.03652985766530037,0.498361200094223,34.18086624145508,5,6408,99,0,0,0.0020700094755738974,0,0,1.0,0.0,0,38,0,1,1023,0,0,0,0,0,17,0,128,1023,0,0,38,3,0,1,0,125,0,0,0,255,255,0.0,0.0,0.0,0.0,0.0,0.0,0.0,0.0,0.0,0.0,straight_run,3.642228841781616,0.09709390252828598,0.049605585634708405,0.6503302454948425,-0.08469505608081818,22.6638126373291,0.5349377989768982
0.8630372492836677,0.0,0.0,0.5,289,1785358382.20351,0.7060285210609436,-0.04590865969657898,0.4983544945716858,34.852046966552734,5,7265,99,0,0,0.0020700094755738974,0,0,1.0,0.0,0,38,0,1,1023,0,0,0,0,0,17,0,128,1023,0,0,39,3,0,1,0,125,0,0,0,255,255,0.0,0.0,0.0,0.0,0.0,0.0,0.0,0.0,0.0,0.0,straight_run,3.642228841781616,0.09709390252828598,0.049605585634708405,0.6503302454948425,-0.08469505608081818,22.6638126373291,0.5349377989768982
0.8664756446991404,0.0,0.0,0.5,289,1785358382.224888,0.7420634031295776,-0.036075543612241745,0.498367577791214,32.463924407958984,5,6469,35,0,0,0.0016689082840457559,0,0,1.0,0.0,0,38,0,1,1023,0,0,0,0,0,17,0,128,1023,0,0,39,3,0,1,0,125,0,0,0,255,255,0.0,0.0,0.0,0.0,0.0,0.0,0.0,0.0,0.0,0.0,straight_run,3.642228841781616,0.13267840445041656,0.06850066781044006,0.6763731837272644,-0.07883621007204056,25.293228149414062,0.5366591215133667
0.8699140401146132,0.0,0.0,0.5,289,1785358382.246101,0.7420634031295776,-0.036075543612241745,0.498367577791214,32.463924407958984,5,6469,35,0,0,0.0016689082840457559,0,0,1.0,0.0,0,38,0,1,1023,0,0,0,0,0,17,0,128,1023,0,0,39,3,0,1,0,125,0,0,0,255,255,0.0,0.0,0.0,0.0,0.0,0.0,0.0,0.0,0.0,0.0,straight_run,3.642228841781616,0.13267840445041656,0.06850066781044006,0.6763731837272644,-0.07883621007204056,25.293228149414062,0.5366591215133667
0.8733524355300859,0.0,0.0,0.5,289,1785358382.268685,0.7420634031295776,-0.036075543612241745,0.498367577791214,32.463924407958984,5,6469,35,0,0,0.0016689082840457559,0,0,1.0,0.0,0,38,0,1,1023,0,0,0,0,0,17,0,128,1023,0,0,39,3,0,1,0,125,0,0,0,255,255,0.0,0.0,0.0,0.0,0.0,0.0,0.0,0.0,0.0,0.0,straight_run,3.6527860164642334,0.13100408017635345,0.09087777882814407,0.680715799331665,-0.0688963457942009,27.049650192260742,0.5374513864517212
0.8767908309455587,0.0,0.0,0.5,289,1785358382.291423,0.7476962208747864,-0.023693159222602844,0.49834874272346497,34.01429748535156,5,7095,75,0,0,0.0016689082840457559,0,0,1.0,0.0,0,39,0,1,1023,0,2,64,0,0,0,0,0,1023,0,0,39,2,0,1,0,100,0,0,0,255,255,0.0,0.0,0.0,0.0,0.0,0.0,0.0,0.0,0.0,0.0,straight_run,3.6527860164642334,0.13100408017635345,0.09087777882814407,0.680715799331665,-0.0688963457942009,27.049650192260742,0.5374513864517212
0.8802292263610315,0.0,0.0,0.5,289,1785358382.3122308,0.7476962208747864,-0.023693159222602844,0.49834874272346497,34.01429748535156,5,7095,75,0,0,0.0016689082840457559,0,0,1.0,0.0,0,39,0,1,1023,0,2,64,0,0,0,0,0,1023,0,0,39,2,0,1,0,100,0,0,0,255,255,0.0,0.0,0.0,0.0,0.0,0.0,0.0,0.0,0.0,0.0,straight_run,3.6527860164642334,0.13100408017635345,0.09087777882814407,0.680715799331665,-0.0688963457942009,27.049650192260742,0.5374513864517212
0.8836676217765043,0.0,0.0,0.5,289,1785358382.334194,0.7509023547172546,-0.01594446413218975,0.4983193278312683,33.9257926940918,5,6890,18,0,0,0.0027196079026907682,0,0,1.0,0.0,0,39,0,1,1023,0,2,64,0,0,0,0,0,1023,0,0,39,2,0,1,0,100,0,0,0,255,255,0.0,0.0,0.0,0.0,0.0,0.0,0.0,0.0,0.0,0.0,straight_run,3.6527860164642334,0.12881839275360107,0.11219585686922073,0.6846627593040466,-0.05578607693314552,28.321168899536133,0.5383225083351135
0.887106017191977,0.0,0.0,0.5,289,1785358382.359026,0.7509023547172546,-0.01594446413218975,0.4983193278312683,33.9257926940918,5,6890,18,0,0,0.0027196079026907682,0,0,1.0,0.0,0,39,0,1,1023,0,2,64,0,0,0,0,0,1023,0,0,39,2,0,1,0,100,0,0,0,255,255,0.0,0.0,0.0,0.0,0.0,0.0,0.0,0.0,0.0,0.0,straight_run,3.6527860164642334,0.12881839275360107,0.11219585686922073,0.6846627593040466,-0.05578607693314552,28.321168899536133,0.5383225083351135
0.8905444126074498,0.0,0.0,0.5,289,1785358382.380003,0.7578722834587097,-0.013285009190440178,0.4982728064060211,31.064197540283203,5,6843,58,0,0,0.0027196079026907682,0,0,1.0,0.0,0,39,0,1,1023,0,2,64,0,0,0,0,0,1023,0,0,39,2,0,1,0,100,0,0,0,255,255,0.0,0.0,0.0,0.0,0.0,0.0,0.0,0.0,0.0,0.0,straight_run,3.642228841781616,0.13165678083896637,0.10958439856767654,0.6918501257896423,-0.05306514725089073,29.313831329345703,0.5373651385307312
0.8939828080229225,0.0,0.0,0.5,289,1785358382.403418,0.7578722834587097,-0.013285009190440178,0.4982728064060211,31.064197540283203,5,6843,58,0,0,0.0027196079026907682,0,0,1.0,0.0,0,40,0,1,1023,0,0,0,0,256,0,0,0,1023,0,0,40,1,0,1,0,100,0,0,0,255,255,0.0,0.0,0.0,0.0,0.0,0.0,0.0,0.0,0.0,0.0,straight_run,3.642228841781616,0.13165678083896637,0.10958439856767654,0.6918501257896423,-0.05306514725089073,29.313831329345703,0.5373651385307312
0.8974212034383954,0.0,0.0,0.5,289,1785358382.424026,0.7578722834587097,-0.013285009190440178,0.4982728064060211,31.064197540283203,5,6843,21,0,0,0.0023409430868923664,0,0,1.0,0.0,0,40,0,1,1023,0,0,0,0,256,0,0,0,1023,0,0,40,1,0,1,0,100,0,0,0,255,255,0.0,0.0,0.0,0.0,0.0,0.0,0.0,0.0,0.0,0.0,straight_run,3.642228841781616,0.12893564999103546,0.11660667508840561,0.6959510445594788,-0.04168138653039932,29.812763214111328,0.5355464816093445
0.9008595988538682,0.0,0.0,0.5,289,1785358382.449117,0.7587481141090393,-0.0031547099351882935,0.4982517957687378,30.824785232543945,5,7232,21,0,0,0.0023409430868923664,0,0,1.0,0.0,0,40,0,1,1023,0,0,0,0,256,0,0,0,1023,0,0,40,1,0,1,0,100,0,0,0,255,255,0.0,0.0,0.0,0.0,0.0,0.0,0.0,0.0,0.0,0.0,straight_run,3.642228841781616,0.12893564999103546,0.11660667508840561,0.6959510445594788,-0.04168138653039932,29.812763214111328,0.5355464816093445
0.904297994269341,0.0,0.0,0.5,289,1785358382.471016,0.7587481141090393,-0.0031547099351882935,0.4982517957687378,30.824785232543945,5,7232,21,0,0,0.0023409430868923664,0,0,1.0,0.0,0,40,0,1,1023,0,0,0,0,256,0,0,0,1023,0,0,40,1,0,1,0,100,0,0,0,255,255,0.0,0.0,0.0,0.0,0.0,0.0,0.0,0.0,0.0,0.0,straight_run,3.642228841781616,0.12893564999103546,0.11660667508840561,0.6959510445594788,-0.04168138653039932,29.812763214111328,0.5355464816093445
0.9077363896848137,0.0,0.0,0.5,289,1785358382.496072,0.7587481141090393,-0.0031547099351882935,0.4982517957687378,30.824785232543945,5,7232,61,0,0,0.0023409430868923664,0,0,1.0,0.0,0,40,0,1,1023,0,0,0,0,256,0,0,0,1023,0,0,40,1,0,1,0,100,0,0,0,255,255,0.0,0.0,0.0,0.0,0.0,0.0,0.0,0.0,0.0,0.0,straight_run,3.631671667098999,0.12553685903549194,0.10890895128250122,0.6994621157646179,-0.03655503690242767,29.728574752807617,0.5337359309196472
0.9111747851002865,0.0,0.0,0.5,289,1785358382.521114,0.7587481141090393,-0.0031547099351882935,0.4982517957687378,30.824785232543945,5,7232,61,0,0,0.0023409430868923664,0,0,1.0,0.0,0,40,0,1,1023,0,0,0,0,256,0,0,0,1023,0,0,40,1,0,1,0,100,0,0,0,255,255,0.0,0.0,0.0,0.0,0.0,0.0,0.0,0.0,0.0,0.0,straight_run,3.631671667098999,0.12553685903549194,0.10890895128250122,0.6994621157646179,-0.03655503690242767,29.728574752807617,0.5337359309196472
0.9146131805157593,0.0,0.0,0.5,289,1785358382.541992,0.7631916999816895,-0.005980263464152813,0.4982337951660156,25.629730224609375,5,7225,61,0,0,0.0023409430868923664,0,0,1.0,0.0,0,40,0,1,1023,0,0,0,0,256,0,0,0,1023,0,0,40,1,0,1,0,100,0,0,0,255,255,0.0,0.0,0.0,0.0,0.0,0.0,0.0,0.0,0.0,0.0,straight_run,3.631671667098999,0.12553685903549194,0.10890895128250122,0.6994621157646179,-0.03655503690242767,29.728574752807617,0.5337359309196472
0.9180515759312321,0.0,0.0,0.5,289,1785358382.568738,0.7631916999816895,-0.005980263464152813,0.4982337951660156,25.629730224609375,5,7225,61,0,0,0.0023409430868923664,0,0,1.0,0.0,0,41,0,1,1023,0,0,0,0,0,0,0,8,1023,0,0,40,1,0,1,0,100,0,0,0,255,255,0.0,0.0,0.0,0.0,0.0,0.0,0.0,0.0,0.0,0.0,straight_run,3.631671667098999,0.12553685903549194,0.10890895128250122,0.6994621157646179,-0.03655503690242767,29.728574752807617,0.5337359309196472
0.9214899713467049,0.0,0.0,0.5,289,1785358382.591447,0.7751105427742004,0.007859602570533752,0.49825194478034973,19.440351486206055,5,6771,63,0,0,0.002486047800630331,0,0,1.0,0.0,0,41,0,1,1023,0,0,0,0,0,0,0,8,1023,0,0,41,1,0,1,0,52,0,0,0,255,255,0.0,0.0,0.0,0.0,0.0,0.0,0.0,0.0,0.0,0.0,straight_run,3.631671667098999,0.12772706151008606,0.10508953034877777,0.711012065410614,-0.014763789251446724,27.869014739990234,0.528599739074707
0.9249283667621776,0.0,0.0,0.5,289,1785358382.612994,0.7751105427742004,0.007859602570533752,0.49825194478034973,19.440351486206055,5,6771,63,0,0,0.002486047800630331,0,0,1.0,0.0,0,42,0,1,1023,0,0,0,0,0,0,0,0,1023,0,0,42,0,0,0,0,10,0,0,0,255,255,0.0,0.0,0.0,0.0,0.0,0.0,0.0,0.0,0.0,0.0,straight_run,3.631671667098999,0.12772706151008606,0.10508953034877777,0.711012065410614,-0.014763789251446724,27.869014739990234,0.528599739074707
0.9283667621776504,0.0,0.0,0.5,289,1785358382.633754,0.7790700793266296,0.0021510759834200144,0.4982790946960449,13.714000701904297,5,7785,123,0,0,0.002486047800630331,0,0,1.0,0.0,0,42,0,1,1023,0,0,0,0,0,0,0,0,1023,0,0,42,0,0,0,0,10,0,0,0,255,255,0.0,0.0,0.0,0.0,0.0,0.0,0.0,0.0,0.0,0.0,straight_run,3.631671667098999,0.13126873970031738,0.08583619445562363,0.7179216146469116,-0.012261481955647469,26.07357406616211,0.5268910527229309
0.9318051575931232,0.0,0.0,0.5,289,1785358382.6569998,0.7790700793266296,0.0021510759834200144,0.4982790946960449,13.714000701904297,5,7785,123,0,0,0.002486047800630331,0,0,1.0,0.0,0,42,0,1,1023,0,0,0,0,0,0,0,0,1023,0,0,42,0,0,0,0,10,0,0,0,255,255,0.0,0.0,0.0,0.0,0.0,0.0,0.0,0.0,0.0,0.0,straight_run,3.631671667098999,0.13126873970031738,0.08583619445562363,0.7179216146469116,-0.012261481955647469,26.07357406616211,0.5268910527229309
0.935243553008596,0.0,0.0,0.5,289,1785358382.6808908,0.7905521988868713,0.002830286743119359,0.4983225464820862,8.388328552246094,5,6846,26,0,0,0.0022950752172619104,0,0,1.0,0.0,0,43,0,1,1023,0,0,0,0,0,0,0,0,1023,0,0,42,0,0,0,0,10,0,0,0,255,255,0.0,0.0,0.0,0.0,0.0,0.0,0.0,0.0,0.0,0.0,straight_run,3.621114492416382,0.13507546484470367,0.07206025719642639,0.7256572246551514,-0.0067390622571110725,23.795278549194336,0.5263463258743286
0.9386819484240687,0.0,0.0,0.5,289,1785358382.700974,0.7905521988868713,0.002830286743119359,0.4983225464820862,8.388328552246094,5,6846,26,0,0,0.0022950752172619104,0,0,1.0,0.0,0,43,0,1,1023,0,0,0,0,0,0,0,0,1023,0,0,43,0,0,0,0,0,0,0,0,255,255,0.0,0.0,0.0,0.0,0.0,0.0,0.0,0.0,0.0,0.0,straight_run,3.621114492416382,0.13507546484470367,0.07206025719642639,0.7256572246551514,-0.0067390622571110725,23.795278549194336,0.5263463258743286
0.9421203438395415,0.0,0.0,0.5,289,1785358382.7230248,0.7912725210189819,-0.0037258805241435766,0.4983345866203308,2.5903806686401367,5,6865,86,0,0,0.0022950752172619104,0,0,1.0,0.0,0,43,0,1,1023,0,0,0,0,0,0,0,0,1023,0,0,43,0,0,0,0,0,0,0,0,255,255,0.0,0.0,0.0,0.0,0.0,0.0,0.0,0.0,0.0,0.0,straight_run,3.621114492416382,0.13225986063480377,0.050751131027936935,0.7304157614707947,-0.005921183153986931,20.878948211669922,0.5241221189498901
0.9455587392550142,0.0,0.0,0.5,289,1785358382.745024,0.7912725210189819,-0.0037258805241435766,0.4983345866203308,2.5903806686401367,5,6865,86,0,0,0.0022950752172619104,0,0,1.0,0.0,0,43,0,1,1023,0,0,0,0,0,0,0,0,1023,0,0,43,0,0,0,0,0,0,0,0,255,255,0.0,0.0,0.0,0.0,0.0,0.0,0.0,0.0,0.0,0.0,straight_run,3.621114492416382,0.13225986063480377,0.050751131027936935,0.7304157614707947,-0.005921183153986931,20.878948211669922,0.5241221189498901
0.9489971346704871,0.0,0.0,0.5,289,1785358382.7681851,0.7912725210189819,-0.0037258805241435766,0.4983345866203308,2.5903806686401367,5,6865,86,0,0,0.0022950752172619104,0,0,1.0,0.0,0,43,0,1,1023,0,0,0,0,0,0,0,0,1023,0,0,43,0,0,0,0,0,0,0,0,255,255,0.0,0.0,0.0,0.0,0.0,0.0,0.0,0.0,0.0,0.0,straight_run,3.6158359050750732,0.13225986063480377,0.050751131027936935,0.7304157614707947,-0.005921183153986931,20.878948211669922,0.5241221189498901
0.9524355300859598,0.0,0.0,0.5,289,1785358382.79207,0.7964667677879333,-0.007773641496896744,0.49839580059051514,-3.778475284576416,5,8099,126,0,0,0.0022950752172619104,0,0,1.0,0.0,0,43,0,1,1023,0,0,0,0,0,0,0,0,1023,0,0,44,0,0,0,0,0,0,0,0,255,255,0.0,0.0,0.0,0.0,0.0,0.0,0.0,0.0,0.0,0.0,straight_run,3.6158359050750732,0.12670813500881195,0.032857414335012436,0.7338392734527588,-0.003637558314949274,17.368392944335938,0.5243619680404663
0.9558739255014326,0.0,0.0,0.5,289,1785358382.8130271,0.7964667677879333,-0.007773641496896744,0.49839580059051514,-3.778475284576416,5,8099,126,0,0,0.0022950752172619104,0,0,1.0,0.0,0,43,0,1,1023,0,0,0,0,0,0,0,0,1023,0,0,44,0,0,0,0,0,0,0,0,255,255,0.0,0.0,0.0,0.0,0.0,0.0,0.0,0.0,0.0,0.0,straight_run,3.6158359050750732,0.12670813500881195,0.032857414335012436,0.7338392734527588,-0.003637558314949274,17.368392944335938,0.5243619680404663
0.9593123209169053,0.0,0.0,0.5,289,1785358382.837012,0.815654993057251,-0.02016172744333744,0.49851691722869873,-9.7720947265625,5,6762,34,0,0,0.00219875224865973,0,0,1.0,0.0,0,43,0,1,1023,0,0,0,0,0,0,0,0,1023,0,0,44,0,0,0,0,0,0,0,0,255,255,0.0,0.0,0.0,0.0,0.0,0.0,0.0,0.0,0.0,0.0,straight_run,3.6158359050750732,0.14049504697322845,0.0022386263590306044,0.7476382851600647,-0.009418351575732231,13.264899253845215,0.5257100462913513
0.9627507163323781,0.0,0.0,0.5,289,1785358382.862082,0.815654993057251,-0.02016172744333744,0.49851691722869873,-9.7720947265625,5,6762,34,0,0,0.00219875224865973,0,0,1.0,0.0,0,43,0,1,1023,0,0,0,0,0,0,0,0,1023,0,0,44,0,0,0,0,0,0,0,0,255,255,0.0,0.0,0.0,0.0,0.0,0.0,0.0,0.0,0.0,0.0,straight_run,3.6158359050750732,0.14049504697322845,0.0022386263590306044,0.7476382851600647,-0.009418351575732231,13.264899253845215,0.5257100462913513
0.9661891117478509,0.0,0.0,0.5,289,1785358382.886487,0.8288854360580444,-0.02378482185304165,0.49872887134552,-12.681390762329102,5,7144,74,0,0,0.00219875224865973,0,0,1.0,0.0,0,44,0,1,1023,0,0,0,0,0,128,0,0,1023,0,0,44,1,0,1,0,59,0,0,0,255,255,0.0,0.0,0.0,0.0,0.0,0.0,0.0,0.0,0.0,0.0,straight_run,3.621114492416382,0.15115921199321747,-0.012710360810160637,0.7603933811187744,-0.008372844196856022,8.690403938293457,0.5279326438903809
0.9696275071633238,0.0,0.0,0.5,289,1785358382.9080698,0.8288854360580444,-0.02378482185304165,0.49872887134552,-12.681390762329102,5,7144,74,0,0,0.00219875224865973,0,0,1.0,0.0,0,44,0,1,1023,0,0,0,0,0,128,0,0,1023,0,0,44,1,0,1,0,59,0,0,0,255,255,0.0,0.0,0.0,0.0,0.0,0.0,0.0,0.0,0.0,0.0,straight_run,3.621114492416382,0.15115921199321747,-0.012710360810160637,0.7603933811187744,-0.008372844196856022,8.690403938293457,0.5279326438903809
0.9730659025787965,0.0,0.0,0.5,289,1785358382.933152,0.8284143805503845,-0.025958934798836708,0.49870020151138306,-15.00032901763916,5,7179,134,0,0,0.00219875224865973,0,0,1.0,0.0,0,44,0,1,1023,0,0,0,0,0,128,0,0,1023,0,0,44,1,0,1,0,59,0,0,0,255,255,0.0,0.0,0.0,0.0,0.0,0.0,0.0,0.0,0.0,0.0,straight_run,3.621114492416382,0.1607545018196106,-0.024055730551481247,0.7739235162734985,-0.007658375892788172,4.167658805847168,0.5280546545982361
0.9765042979942693,0.0,0.0,0.5,289,1785358382.9542441,0.8284143805503845,-0.025958934798836708,0.49870020151138306,-15.00032901763916,5,7179,134,0,0,0.00219875224865973,0,0,1.0,0.0,0,44,0,1,1023,0,0,0,0,0,128,0,0,1023,0,0,44,1,0,1,0,59,0,0,0,255,255,0.0,0.0,0.0,0.0,0.0,0.0,0.0,0.0,0.0,0.0,straight_run,3.621114492416382,0.1607545018196106,-0.024055730551481247,0.7739235162734985,-0.007658375892788172,4.167658805847168,0.5280546545982361
0.9799426934097422,0.0,0.0,0.5,289,1785358382.97892,0.8474854230880737,-0.03399267792701721,0.49873626232147217,-18.19980812072754,5,6929,23,0,0,0.002286772709339857,0,0,1.0,0.0,0,45,0,1,1023,0,0,0,0,0,0,0,0,1023,0,0,44,1,0,1,0,59,0,0,0,255,255,0.0,0.0,0.0,0.0,0.0,0.0,0.0,0.0,0.0,0.0,straight_run,3.6158359050750732,0.15672075748443604,-0.04253532364964485,0.7817950248718262,-0.012395016849040985,-0.040965739637613297,0.5303951501846313
0.9833810888252149,0.0,0.0,0.5,289,1785358383.000031,0.8474854230880737,-0.03399267792701721,0.49873626232147217,-18.19980812072754,5,6929,23,0,0,0.002286772709339857,0,0,1.0,0.0,0,45,0,1,1023,0,0,0,0,0,0,0,0,1023,0,0,45,0,0,0,0,6,0,0,0,255,255,0.0,0.0,0.0,0.0,0.0,0.0,0.0,0.0,0.0,0.0,straight_run,3.6158359050750732,0.15672075748443604,-0.04253532364964485,0.7817950248718262,-0.012395016849040985,-0.040965739637613297,0.5303951501846313
0.9868194842406877,0.0,0.0,0.5,289,1785358383.025131,0.8609192967414856,-0.0333700105547905,0.4987218976020813,-17.846155166625977,5,7235,83,0,0,0.002286772709339857,0,0,1.0,0.0,0,45,0,1,1023,0,0,0,0,0,0,0,0,1023,0,0,45,0,0,0,0,6,0,0,0,255,255,0.0,0.0,0.0,0.0,0.0,0.0,0.0,0.0,0.0,0.0,straight_run,3.6158359050750732,0.15834224224090576,-0.051098477095365524,0.7938530445098877,-0.013527738861739635,-3.965587615966797,0.5313820242881775
0.9902578796561604,0.0,0.0,0.5,289,1785358383.047499,0.8609192967414856,-0.0333700105547905,0.4987218976020813,-17.846155166625977,5,7235,83,0,0,0.002286772709339857,0,0,1.0,0.0,0,45,0,1,1023,0,0,0,0,0,0,0,0,1023,0,0,45,0,0,0,0,6,0,0,0,255,255,0.0,0.0,0.0,0.0,0.0,0.0,0.0,0.0,0.0,0.0,straight_run,3.6158359050750732,0.15834224224090576,-0.051098477095365524,0.7938530445098877,-0.013527738861739635,-3.965587615966797,0.5313820242881775
0.9936962750716332,0.0,0.0,0.5,289,1785358383.070071,0.8609192967414856,-0.0333700105547905,0.4987218976020813,-17.846155166625977,5,7235,123,0,0,0.002286772709339857,0,0,1.0,0.0,0,45,0,1,1023,0,0,0,0,0,0,0,0,1023,0,0,45,0,0,0,0,6,0,0,0,255,255,0.0,0.0,0.0,0.0,0.0,0.0,0.0,0.0,0.0,0.0,straight_run,3.642228841781616,0.14941559731960297,-0.05212511867284775,0.8008731603622437,-0.012690134346485138,-7.5942864418029785,0.53155118227005
0.997134670487106,0.0,0.0,0.5,289,1785358383.0936341,0.8604498505592346,-0.03131955862045288,0.4985889196395874,-17.364280700683594,5,8462,123,0,0,0.002286772709339857,0,0,1.0,0.0,0,46,0,1,1023,0,0,0,0,0,0,0,0,1023,0,0,46,0,0,0,0,0,0,0,0,255,255,0.0,0.0,0.0,0.0,0.0,0.0,0.0,0.0,0.0,0.0,straight_run,3.642228841781616,0.14941559731960297,-0.05212511867284775,0.8008731603622437,-0.012690134346485138,-7.5942864418029785,0.53155118227005
1.0005730659025787,0.0,0.0,0.5,289,1785358383.116002,0.8604498505592346,-0.03131955862045288,0.4985889196395874,-17.364280700683594,5,8462,123,0,0,0.002286772709339857,0,0,1.0,0.0,0,46,0,1,1023,0,0,0,0,0,0,0,0,1023,0,0,46,0,0,0,0,0,0,0,0,255,255,0.0,0.0,0.0,0.0,0.0,0.0,0.0,0.0,0.0,0.0,straight_run,3.642228841781616,0.14941559731960297,-0.05212511867284775,0.8008731603622437,-0.012690134346485138,-7.5942864418029785,0.53155118227005
1.0040114613180515,0.0,0.0,0.5,289,1785358383.138178,0.866037130355835,-0.03742647543549538,0.498494952917099,-17.766115188598633,5,7192,58,0,0,0.002594643970951438,0,0,1.0,0.0,0,46,0,1,1023,0,0,0,0,0,0,0,0,1023,0,0,46,0,0,0,0,0,0,0,0,255,255,0.0,0.0,0.0,0.0,0.0,0.0,0.0,0.0,0.0,0.0,straight_run,3.642228841781616,0.13920950889587402,-0.06151697784662247,0.807819128036499,-0.018984230235219002,-10.603368759155273,0.5322666764259338
1.0074498567335244,0.0,0.0,0.5,289,1785358383.160189,0.866037130355835,-0.03742647543549538,0.498494952917099,-17.766115188598633,5,7192,58,0,0,0.002594643970951438,0,0,1.0,0.0,0,46,0,1,1023,0,0,0,0,0,0,0,0,1023,0,0,46,0,0,0,0,0,0,0,0,255,255,0.0,0.0,0.0,0.0,0.0,0.0,0.0,0.0,0.0,0.0,straight_run,3.642228841781616,0.13920950889587402,-0.06151697784662247,0.807819128036499,-0.018984230235219002,-10.603368759155273,0.5322666764259338
1.010888252148997,0.0,0.0,0.5,289,1785358383.1819708,0.8670241832733154,-0.048725128173828125,0.4984264075756073,-19.76325798034668,5,7137,98,0,0,0.002594643970951438,0,0,1.0,0.0,0,47,0,1,1023,0,0,0,0,0,0,0,0,1023,0,0,47,0,0,0,0,50,0,0,0,255,255,0.0,0.0,0.0,0.0,0.0,0.0,0.0,0.0,0.0,0.0,straight_run,3.647507429122925,0.128144308924675,-0.07518234848976135,0.8137810230255127,-0.029594970867037773,-12.945296287536621,0.5353339910507202
1.0143266475644699,0.0,0.0,0.5,289,1785358383.2033842,0.8670241832733154,-0.048725128173828125,0.4984264075756073,-19.76325798034668,5,7137,98,0,0,0.002594643970951438,0,0,1.0,0.0,0,47,0,1,1023,0,0,0,0,0,0,0,0,1023,0,0,47,0,0,0,0,50,0,0,0,255,255,0.0,0.0,0.0,0.0,0.0,0.0,0.0,0.0,0.0,0.0,straight_run,3.647507429122925,0.128144308924675,-0.07518234848976135,0.8137810230255127,-0.029594970867037773,-12.945296287536621,0.5353339910507202
1.0177650429799425,0.0,0.0,0.5,289,1785358383.227494,0.866901695728302,-0.04741019383072853,0.4984038770198822,-16.795324325561523,5,7419,46,0,0,0.0021435103844851255,0,0,1.0,0.0,0,47,0,1,1023,0,0,0,0,0,0,0,0,1023,0,0,47,0,0,0,0,50,0,0,0,255,255,0.0,0.0,0.0,0.0,0.0,0.0,0.0,0.0,0.0,0.0,straight_run,3.647507429122925,0.11748848855495453,-0.06951479613780975,0.8189501166343689,-0.0318552665412426,-14.691747665405273,0.5356307029724121
1.0212034383954154,0.0,0.0,0.5,289,1785358383.251423,0.866901695728302,-0.04741019383072853,0.4984038770198822,-16.795324325561523,5,7419,46,0,0,0.0021435103844851255,0,0,1.0,0.0,0,47,0,1,1023,0,0,0,0,0,0,0,0,1023,0,0,47,0,0,0,0,50,0,0,0,255,255,0.0,0.0,0.0,0.0,0.0,0.0,0.0,0.0,0.0,0.0,straight_run,3.647507429122925,0.11748848855495453,-0.06951479613780975,0.8189501166343689,-0.0318552665412426,-14.691747665405273,0.5356307029724121
1.0246418338108882,0.0,0.0,0.5,289,1785358383.275747,0.866901695728302,-0.04741019383072853,0.4984038770198822,-16.795324325561523,5,7419,86,0,0,0.0021435103844851255,0,0,1.0,0.0,0,47,0,1,1023,0,0,0,0,0,0,0,0,1023,0,0,47,0,0,0,0,50,0,0,0,255,255,0.0,0.0,0.0,0.0,0.0,0.0,0.0,0.0,0.0,0.0,straight_run,3.642228841781616,0.10211954265832901,-0.057517796754837036,0.8206499218940735,-0.032460976392030716,-15.91948127746582,0.5353993773460388
1.0280802292263609,0.0,0.0,0.5,289,1785358383.3002582,0.8666822910308838,-0.0389457605779171,0.49831074476242065,-15.919485092163086,5,8158,86,0,0,0.0021435103844851255,0,0,1.0,0.0,0,47,0,1,1023,0,0,0,0,0,0,0,0,1023,0,0,48,0,0,0,0,50,0,0,0,255,255,0.0,0.0,0.0,0.0,0.0,0.0,0.0,0.0,0.0,0.0,straight_run,3.642228841781616,0.10211954265832901,-0.057517796754837036,0.8206499218940735,-0.032460976392030716,-15.91948127746582,0.5353993773460388
1.0315186246418337,0.0,0.0,0.5,289,1785358383.322998,0.8666822910308838,-0.0389457605779171,0.49831074476242065,-15.919485092163086,5,8158,35,0,0,0.0019170750165358186,0,0,1.0,0.0,0,47,0,1,1023,0,0,0,0,0,0,0,0,1023,0,0,48,0,0,0,0,50,0,0,0,255,255,0.0,0.0,0.0,0.0,0.0,0.0,0.0,0.0,0.0,0.0,straight_run,3.642228841781616,0.0949215218424797,-0.06046469509601593,0.8255833387374878,-0.042483143508434296,-16.37999725341797,0.5369343161582947
1.0349570200573066,0.0,0.0,0.5,289,1785358383.34405,0.8701085448265076,-0.0474993996322155,0.49830859899520874,-16.302888870239258,5,6685,35,0,0,0.0019170750165358186,0,0,1.0,0.0,0,47,0,1,1023,0,0,0,0,0,0,0,0,1023,0,0,48,0,0,0,0,50,0,0,0,255,255,0.0,0.0,0.0,0.0,0.0,0.0,0.0,0.0,0.0,0.0,straight_run,3.642228841781616,0.0949215218424797,-0.06046469509601593,0.8255833387374878,-0.042483143508434296,-16.37999725341797,0.5369343161582947
1.0383954154727795,0.0,0.0,0.5,289,1785358383.3691142,0.8701085448265076,-0.0474993996322155,0.49830859899520874,-16.302888870239258,5,6685,35,0,0,0.0019170750165358186,0,0,1.0,0.0,0,47,0,1,1023,0,0,0,0,0,0,0,0,1023,0,0,48,0,0,0,0,50,0,0,0,255,255,0.0,0.0,0.0,0.0,0.0,0.0,0.0,0.0,0.0,0.0,straight_run,3.642228841781616,0.0949215218424797,-0.06046469509601593,0.8255833387374878,-0.042483143508434296,-16.37999725341797,0.5369343161582947
1.041833810888252,0.0,0.0,0.5,289,1785358383.392341,0.8755106329917908,-0.04496017098426819,0.4982549548149109,-16.62334442138672,5,8011,75,0,0,0.0019170750165358186,0,0,1.0,0.0,0,47,0,1,1023,0,0,0,0,0,0,0,0,1023,0,0,48,0,0,0,0,50,0,0,0,255,255,0.0,0.0,0.0,0.0,0.0,0.0,0.0,0.0,0.0,0.0,straight_run,3.658064603805542,0.0895460695028305,-0.050153814256191254,0.8300132751464844,-0.04603738710284233,-16.623340606689453,0.5347048044204712
1.045272206303725,0.0,0.0,0.5,289,1785358383.4129941,0.8755106329917908,-0.04496017098426819,0.4982549548149109,-16.62334442138672,5,8011,75,0,0,0.0019170750165358186,0,0,1.0,0.0,0,48,0,1,1023,0,0,0,0,0,0,0,0,1023,0,0,49,0,0,0,0,45,0,0,0,255,255,0.0,0.0,0.0,0.0,0.0,0.0,0.0,0.0,0.0,0.0,straight_run,3.658064603805542,0.0895460695028305,-0.050153814256191254,0.8300132751464844,-0.04603738710284233,-16.623340606689453,0.5347048044204712
1.0487106017191976,0.0,0.0,0.5,289,1785358383.433989,0.8820542097091675,-0.04154830425977707,0.4982466995716095,-16.696977615356445,5,6977,38,0,0,0.0017051148461177945,0,0,1.0,0.0,0,48,0,1,1023,0,0,0,0,0,0,0,0,1023,0,0,49,0,0,0,0,45,0,0,0,255,255,0.0,0.0,0.0,0.0,0.0,0.0,0.0,0.0,0.0,0.0,straight_run,3.658064603805542,0.08540438115596771,-0.03645673021674156,0.8337954878807068,-0.04790312424302101,-16.693134307861328,0.5339181423187256
1.0521489971346705,0.0,0.0,0.5,289,1785358383.458056,0.8820542097091675,-0.04154830425977707,0.4982466995716095,-16.696977615356445,5,6977,38,0,0,0.0017051148461177945,0,0,1.0,0.0,0,48,0,1,1023,0,0,0,0,0,0,0,0,1023,0,0,49,0,0,0,0,45,0,0,0,255,255,0.0,0.0,0.0,0.0,0.0,0.0,0.0,0.0,0.0,0.0,straight_run,3.658064603805542,0.08540438115596771,-0.03645673021674156,0.8337954878807068,-0.04790312424302101,-16.693134307861328,0.5339181423187256
1.0555873925501433,0.0,0.0,0.5,289,1785358383.481736,0.8876287937164307,-0.03776771202683449,0.49823859333992004,-16.661869049072266,5,8501,78,0,0,0.0017051148461177945,0,0,1.0,0.0,0,48,0,1,1023,0,0,0,0,0,0,0,0,1023,0,0,49,0,0,0,0,45,0,0,0,255,255,0.0,0.0,0.0,0.0,0.0,0.0,0.0,0.0,0.0,0.0,straight_run,3.642228841781616,0.08672314137220383,-0.022613439708948135,0.8394941091537476,-0.04946934059262276,-16.661869049072266,0.5305914282798767
1.059025787965616,0.0,0.0,0.5,289,1785358383.501896,0.8876287937164307,-0.03776771202683449,0.49823859333992004,-16.661869049072266,5,8501,78,0,0,0.0017051148461177945,0,0,1.0,0.0,0,49,0,1,1023,0,0,0,0,0,0,0,0,1023,0,0,50,0,0,0,0,0,0,0,0,255,255,0.0,0.0,0.0,0.0,0.0,0.0,0.0,0.0,0.0,0.0,straight_run,3.642228841781616,0.08672314137220383,-0.022613439708948135,0.8394941091537476,-0.04946934059262276,-16.661869049072266,0.5305914282798767
1.0624641833810888,0.0,0.0,0.5,289,1785358383.526964,0.8938480019569397,-0.03863992914557457,0.4982527792453766,15.612422943115234,5,7652,40,0,0,0.0016698786057531834,0,0,1.0,0.0,0,49,0,1,1023,0,0,0,0,0,0,0,0,1023,0,0,50,0,0,0,0,0,0,0,0,255,255,0.0,0.0,0.0,0.0,0.0,0.0,0.0,0.0,0.0,0.0,straight_run,3.642228841781616,0.08786594122648239,-0.010412124916911125,0.8444744944572449,-0.051368001848459244,-16.541780471801758,0.5273837447166443
1.0659025787965615,0.0,0.0,0.5,289,1785358383.552036,0.8938480019569397,-0.03863992914557457,0.4982527792453766,15.612422943115234,5,7652,40,0,0,0.0016698786057531834,0,0,1.0,0.0,0,49,0,1,1023,0,0,0,0,0,0,0,0,1023,0,0,50,0,0,0,0,0,0,0,0,255,255,0.0,0.0,0.0,0.0,0.0,0.0,0.0,0.0,0.0,0.0,straight_run,3.642228841781616,0.08786594122648239,-0.010412124916911125,0.8444744944572449,-0.051368001848459244,-16.541780471801758,0.5273837447166443
1.0693409742120343,0.0,0.0,0.5,289,1785358383.574733,0.8938480019569397,-0.03863992914557457,0.4982527792453766,15.612422943115234,5,7652,80,0,0,0.0016698786057531834,0,0,1.0,0.0,0,49,0,1,1023,0,0,0,0,0,0,0,0,1023,0,0,50,0,0,0,0,0,0,0,0,255,255,0.0,0.0,0.0,0.0,0.0,0.0,0.0,0.0,0.0,0.0,straight_run,3.6000001430511475,0.09075640887022018,0.012289589270949364,0.8504531979560852,-0.047249797731637955,-12.731779098510742,0.5265200734138489
1.0727793696275072,0.0,0.0,0.5,289,1785358383.599741,0.9025173783302307,-0.026529893279075623,0.4984562397003174,21.70099639892578,5,7517,80,0,0,0.0016698786057531834,0,0,1.0,0.0,0,50,0,1,1023,0,0,0,0,0,0,0,0,1023,0,0,50,0,0,0,0,36,0,0,0,255,255,0.0,0.0,0.0,0.0,0.0,0.0,0.0,0.0,0.0,0.0,straight_run,3.6000001430511475,0.09075640887022018,0.012289589270949364,0.8504531979560852,-0.047249797731637955,-12.731779098510742,0.5265200734138489
1.0762177650429798,0.0,0.0,0.5,289,1785358383.621255,0.8982296586036682,-0.015808332711458206,0.49864766001701355,26.536096572875977,5,7617,140,0,0,0.0016698786057531834,0,0,1.0,0.0,0,50,0,1,1023,0,0,0,0,0,0,0,0,1023,0,0,50,0,0,0,0,36,0,0,0,255,255,0.0,0.0,0.0,0.0,0.0,0.0,0.0,0.0,0.0,0.0,straight_run,3.6000001430511475,0.07740659266710281,0.03573025390505791,0.848220705986023,-0.0408240407705307,-7.402384281158447,0.5278365612030029
1.0796561604584527,0.0,0.0,0.5,289,1785358383.641518,0.8982296586036682,-0.015808332711458206,0.49864766001701355,26.536096572875977,5,7617,140,0,0,0.0016698786057531834,0,0,1.0,0.0,0,50,0,1,1023,0,0,0,0,0,0,0,0,1023,0,0,50,0,0,0,0,36,0,0,0,255,255,0.0,0.0,0.0,0.0,0.0,0.0,0.0,0.0,0.0,0.0,straight_run,3.6000001430511475,0.07740659266710281,0.03573025390505791,0.848220705986023,-0.0408240407705307,-7.402384281158447,0.5278365612030029
1.0830945558739253,0.0,0.0,0.5,289,1785358383.665094,0.8982296586036682,-0.015808332711458206,0.49864766001701355,26.536096572875977,5,7617,140,0,0,0.0016698786057531834,0,0,1.0,0.0,0,50,0,1,1023,0,0,0,0,0,0,0,0,1023,0,0,50,0,0,0,0,36,0,0,0,255,255,0.0,0.0,0.0,0.0,0.0,0.0,0.0,0.0,0.0,0.0,straight_run,3.6000001430511475,0.07740659266710281,0.03573025390505791,0.848220705986023,-0.0408240407705307,-7.402384281158447,0.5278365612030029
1.0865329512893982,0.0,0.0,0.5,289,1785358383.689022,0.9009037613868713,0.02047303505241871,0.4985430836677551,36.219268798828125,5,7489,27,0,0,0.0013779037399217486,0,0,1.0,0.0,0,51,0,1,1023,0,0,0,0,0,0,0,0,1023,0,0,51,0,0,0,0,21,0,0,0,255,255,0.0,0.0,0.0,0.0,0.0,0.0,0.0,0.0,0.0,0.0,straight_run,3.6158359050750732,0.07109171152114868,0.08529621362686157,0.8487258553504944,-0.017742376774549484,-1.4894111156463623,0.5300532579421997
1.089971346704871,0.0,0.0,0.5,289,1785358383.711988,0.9009037613868713,0.02047303505241871,0.4985430836677551,36.219268798828125,5,7489,27,0,0,0.0013779037399217486,0,0,1.0,0.0,0,51,0,1,1023,0,0,0,0,0,0,0,0,1023,0,0,51,0,0,0,0,21,0,0,0,255,255,0.0,0.0,0.0,0.0,0.0,0.0,0.0,0.0,0.0,0.0,straight_run,3.6158359050750732,0.07109171152114868,0.08529621362686157,0.8487258553504944,-0.017742376774549484,-1.4894111156463623,0.5300532579421997
1.0934097421203437,0.0,0.0,0.5,289,1785358383.736131,0.9073915481567383,0.0035327784717082977,0.497648149728775,29.678577423095703,5,7375,86,0,0,0.0013779037399217486,0,0,1.0,0.0,0,51,0,1,1023,0,0,0,0,0,0,0,0,1023,0,0,51,0,0,0,0,21,0,0,0,255,255,0.0,0.0,0.0,0.0,0.0,0.0,0.0,0.0,0.0,0.0,straight_run,3.6158359050750732,0.054015547037124634,0.07430163025856018,0.8428488373756409,-0.024984359741210938,5.08554744720459,0.5332273840904236
1.0968481375358166,0.0,0.0,0.5,289,1785358383.757185,0.9073915481567383,0.0035327784717082977,0.497648149728775,29.678577423095703,5,7375,86,0,0,0.0013779037399217486,0,0,1.0,0.0,0,51,0,1,1023,0,0,0,0,0,0,0,0,1023,0,0,51,0,0,0,0,21,0,0,0,255,255,0.0,0.0,0.0,0.0,0.0,0.0,0.0,0.0,0.0,0.0,straight_run,3.6158359050750732,0.054015547037124634,0.07430163025856018,0.8428488373756409,-0.024984359741210938,5.08554744720459,0.5332273840904236
1.1002865329512894,0.0,0.0,0.5,289,1785358383.7789152,0.8481743931770325,0.0052436175756156445,0.4989366829395294,11.019657135009766,5,8274,126,0,0,0.0013779037399217486,0,0,1.0,0.0,0,51,0,1,1023,0,0,0,0,0,0,0,0,1023,0,0,51,0,0,0,0,21,0,0,0,255,255,0.0,0.0,0.0,0.0,0.0,0.0,0.0,0.0,0.0,0.0,straight_run,3.552492618560791,-0.004668757785111666,0.0725054144859314,0.8121498227119446,-0.02562412992119789,11.01965618133545,0.5364789962768555
1.1037249283667623,0.0,0.0,0.5,289,1785358383.801949,0.8481743931770325,0.0052436175756156445,0.4989366829395294,11.019657135009766,5,8274,126,0,0,0.0013779037399217486,0,0,1.0,0.0,0,51,0,1,1023,0,0,0,0,0,0,0,0,1023,0,0,51,0,0,0,0,21,0,0,0,255,255,0.0,0.0,0.0,0.0,0.0,0.0,0.0,0.0,0.0,0.0,straight_run,3.552492618560791,-0.004668757785111666,0.0725054144859314,0.8121498227119446,-0.02562412992119789,11.01965618133545,0.5364789962768555
1.107163323782235,0.0,0.0,0.5,289,1785358383.8271968,0.8597981333732605,-0.0012639811029657722,0.4985366463661194,32.64575958251953,5,7900,28,0,0,0.001354740932583809,0,0,1.0,0.0,0,51,0,1,1023,0,0,0,0,0,0,0,0,1023,0,0,51,0,0,0,0,21,0,0,0,255,255,0.0,0.0,0.0,0.0,0.0,0.0,0.0,0.0,0.0,0.0,straight_run,3.552492618560791,0.010462670587003231,0.05497625842690468,0.8180146813392639,-0.03490700572729111,13.553764343261719,0.5410309433937073
1.1106017191977078,0.0,0.0,0.5,289,1785358383.852107,0.8597981333732605,-0.0012639811029657722,0.4985366463661194,32.64575958251953,5,7900,28,0,0,0.001354740932583809,0,0,1.0,0.0,0,51,0,1,1023,0,0,0,0,0,0,0,0,1023,0,0,51,0,0,0,0,21,0,0,0,255,255,0.0,0.0,0.0,0.0,0.0,0.0,0.0,0.0,0.0,0.0,straight_run,3.552492618560791,0.010462670587003231,0.05497625842690468,0.8180146813392639,-0.03490700572729111,13.553764343261719,0.5410309433937073
1.1140401146131804,0.0,0.0,0.5,289,1785358383.873,0.8597981333732605,-0.0012639811029657722,0.4985366463661194,32.64575958251953,5,7900,68,0,0,0.001354740932583809,0,0,1.0,0.0,0,51,0,1,1023,0,0,0,0,0,0,0,0,1023,0,0,51,0,0,0,0,21,0,0,0,255,255,0.0,0.0,0.0,0.0,0.0,0.0,0.0,0.0,0.0,0.0,straight_run,3.6527860164642334,0.10017811506986618,0.09283747524023056,0.8632965683937073,-0.014527757652103901,16.757532119750977,0.542959988117218
1.1174785100286533,0.0,0.0,0.5,289,1785358383.893985,0.9417319297790527,0.021822750568389893,0.4992709755897522,24.860795974731445,5,7130,68,0,0,0.001354740932583809,0,0,1.0,0.0,0,52,0,1,1023,0,0,0,0,0,0,0,0,1023,0,0,52,0,0,0,0,50,0,0,0,255,255,0.0,0.0,0.0,0.0,0.0,0.0,0.0,0.0,0.0,0.0,straight_run,3.6527860164642334,0.10017811506986618,0.09283747524023056,0.8632965683937073,-0.014527757652103901,16.757532119750977,0.542959988117218
1.1209169054441261,0.0,0.0,0.5,289,1785358383.917989,0.9417319297790527,0.021822750568389893,0.4992709755897522,24.860795974731445,5,7130,68,0,0,0.001354740932583809,0,0,1.0,0.0,0,52,0,1,1023,0,0,0,0,0,0,0,0,1023,0,0,52,0,0,0,0,50,0,0,0,255,255,0.0,0.0,0.0,0.0,0.0,0.0,0.0,0.0,0.0,0.0,straight_run,3.6527860164642334,0.10017811506986618,0.09283747524023056,0.8632965683937073,-0.014527757652103901,16.757532119750977,0.542959988117218
1.1243553008595988,0.0,0.0,0.5,289,1785358383.9428391,0.9490712285041809,0.018376249819993973,0.4986923038959503,23.414047241210938,5,8075,128,0,0,0.001354740932583809,0,0,1.0,0.0,0,52,0,1,1023,0,0,0,0,0,0,0,0,1023,0,0,52,0,0,0,0,50,0,0,0,255,255,0.0,0.0,0.0,0.0,0.0,0.0,0.0,0.0,0.0,0.0,straight_run,3.6527860164642334,0.11680620163679123,0.09091293811798096,0.8698142170906067,-0.015314433723688126,20.329063415527344,0.545471727848053
1.1277936962750716,0.0,0.0,0.5,289,1785358383.9630542,0.9490712285041809,0.018376249819993973,0.4986923038959503,23.414047241210938,5,8075,128,0,0,0.001354740932583809,0,0,1.0,0.0,0,52,0,1,1023,0,0,0,0,0,0,0,0,1023,0,0,52,0,0,0,0,50,0,0,0,255,255,0.0,0.0,0.0,0.0,0.0,0.0,0.0,0.0,0.0,0.0,straight_run,3.6527860164642334,0.11680620163679123,0.09091293811798096,0.8698142170906067,-0.015314433723688126,20.329063415527344,0.545471727848053
1.1312320916905443,0.0,0.0,0.5,289,1785358383.988246,0.9614920020103455,0.027185659855604172,0.4982815682888031,22.26240348815918,5,7472,14,0,0,0.0024583530612289906,0,0,1.0,0.0,0,53,0,1,1023,0,0,0,0,0,0,0,0,1023,0,0,53,0,0,0,0,0,0,0,0,255,255,0.0,0.0,0.0,0.0,0.0,0.0,0.0,0.0,0.0,0.0,straight_run,3.647507429122925,0.13161788880825043,0.10240509361028671,0.8773431777954102,-0.00726180337369442,22.788564682006836,0.5446924567222595
1.1346704871060171,0.0,0.0,0.5,289,1785358384.0090802,0.9614920020103455,0.027185659855604172,0.4982815682888031,22.26240348815918,5,7472,14,0,0,0.0024583530612289906,0,0,1.0,0.0,0,53,0,1,1023,0,0,0,0,0,0,0,0,1023,0,0,53,0,0,0,0,0,0,0,0,255,255,0.0,0.0,0.0,0.0,0.0,0.0,0.0,0.0,0.0,0.0,straight_run,3.647507429122925,0.13161788880825043,0.10240509361028671,0.8773431777954102,-0.00726180337369442,22.788564682006836,0.5446924567222595
1.13810888252149,0.0,0.0,0.5,289,1785358384.031609,0.9749013781547546,0.03707246854901314,0.4982210397720337,22.0087833404541,5,7150,74,0,0,0.0024583530612289906,0,0,1.0,0.0,0,53,0,1,1023,0,0,0,0,0,0,0,0,1023,0,0,53,0,0,0,0,0,0,0,0,255,255,0.0,0.0,0.0,0.0,0.0,0.0,0.0,0.0,0.0,0.0,straight_run,3.647507429122925,0.15362894535064697,0.11138364672660828,0.889883816242218,0.0011277507292106748,24.50465202331543,0.5440809726715088
1.1415472779369626,0.0,0.0,0.5,289,1785358384.053899,0.9749013781547546,0.03707246854901314,0.4982210397720337,22.0087833404541,5,7150,74,0,0,0.0024583530612289906,0,0,1.0,0.0,0,53,0,1,1023,0,0,0,0,0,0,0,0,1023,0,0,53,0,0,0,0,0,0,0,0,255,255,0.0,0.0,0.0,0.0,0.0,0.0,0.0,0.0,0.0,0.0,straight_run,3.647507429122925,0.15362894535064697,0.11138364672660828,0.889883816242218,0.0011277507292106748,24.50465202331543,0.5440809726715088
1.1449856733524355,0.0,0.0,0.5,289,1785358384.078969,0.9925423860549927,0.042314570397138596,0.4981674253940582,20.50111198425293,5,8358,4,0,0,0.03416622057557106,0,0,1.0,0.0,0,53,0,1,1023,0,0,0,0,0,0,0,0,1023,0,0,53,0,0,0,0,0,0,0,0,255,255,0.0,0.0,0.0,0.0,0.0,0.0,0.0,0.0,0.0,0.0,straight_run,3.6369502544403076,0.1711842119693756,0.11600133031606674,0.9018813371658325,0.008415783755481243,25.62543487548828,0.5423960089683533
1.1484240687679081,0.0,0.0,0.5,289,1785358384.101612,0.9925423860549927,0.042314570397138596,0.4981674253940582,20.50111198425293,5,8358,4,0,0,0.03416622057557106,0,0,1.0,0.0,0,54,0,1,1023,0,0,0,0,0,8,0,0,1023,0,0,54,1,8,1,0,81,0,0,0,255,255,0.0,0.0,0.0,0.0,0.0,0.0,0.0,0.0,0.0,0.0,straight_run,3.6369502544403076,0.1711842119693756,0.11600133031606674,0.9018813371658325,0.008415783755481243,25.62543487548828,0.5423960089683533
1.151862464183381,0.0,0.0,0.5,289,1785358384.12675,0.9988497495651245,0.04525043070316315,0.498164564371109,19.552310943603516,5,7538,64,0,0,0.03416622057557106,0,0,1.0,0.0,0,54,0,1,1023,0,0,0,0,0,8,0,0,1023,0,0,54,1,8,1,0,81,0,0,0,255,255,0.0,0.0,0.0,0.0,0.0,0.0,0.0,0.0,0.0,0.0,straight_run,3.6369502544403076,0.18380852043628693,0.11192625761032104,0.9136344790458679,0.012331195175647736,26.159015655517578,0.5410821437835693
1.1553008595988539,0.0,0.0,0.5,289,1785358384.1470459,0.9988497495651245,0.04525043070316315,0.498164564371109,19.552310943603516,5,7538,64,0,0,0.03416622057557106,0,0,1.0,0.0,0,54,0,1,1023,0,0,0,0,0,8,0,0,1023,0,0,54,1,8,1,0,81,0,0,0,255,255,0.0,0.0,0.0,0.0,0.0,0.0,0.0,0.0,0.0,0.0,straight_run,3.6369502544403076,0.18380852043628693,0.11192625761032104,0.9136344790458679,0.012331195175647736,26.159015655517578,0.5410821437835693
1.1587392550143265,0.0,0.0,0.5,289,1785358384.169499,0.9988497495651245,0.04525043070316315,0.498164564371109,19.552310943603516,5,7538,64,0,0,0.03416622057557106,0,0,1.0,0.0,0,54,0,1,1023,0,0,0,0,0,8,0,0,1023,0,0,54,1,8,1,0,81,0,0,0,255,255,0.0,0.0,0.0,0.0,0.0,0.0,0.0,0.0,0.0,0.0,straight_run,3.642228841781616,0.18380852043628693,0.11192625761032104,0.9136344790458679,0.012331195175647736,26.159015655517578,0.5410821437835693
1.1621776504297994,0.0,0.0,0.5,289,1785358384.1932402,1.0102119445800781,0.048726145178079605,0.49813488125801086,18.58379364013672,5,8817,104,0,0,0.03416622057557106,0,0,1.0,0.0,0,55,0,1,1023,0,0,0,0,0,16,0,0,1023,0,0,55,1,0,1,0,78,0,0,0,255,255,0.0,0.0,0.0,0.0,0.0,0.0,0.0,0.0,0.0,0.0,straight_run,3.642228841781616,0.18800191581249237,0.11114747822284698,0.9231887459754944,0.019466999918222427,26.152780532836914,0.536884605884552
1.165616045845272,0.0,0.0,0.5,289,1785358384.2184598,1.0102119445800781,0.048726145178079605,0.49813488125801086,18.58379364013672,5,8817,104,0,0,0.03416622057557106,0,0,1.0,0.0,0,55,0,1,1023,0,0,0,0,0,16,0,0,1023,0,0,55,1,0,1,0,78,0,0,0,255,255,0.0,0.0,0.0,0.0,0.0,0.0,0.0,0.0,0.0,0.0,straight_run,3.642228841781616,0.19094206392765045,0.10401357710361481,0.9344067573547363,0.022718852385878563,25.719709396362305,0.5327416062355042
1.169054441260745,0.0,0.0,0.5,289,1785358384.241317,1.0192863941192627,0.049567513167858124,0.4981241822242737,18.097393035888672,5,6786,51,0,0,0.0034630673471838236,0,0,1.0,0.0,0,55,0,1,1023,0,0,0,0,0,16,0,0,1023,0,0,55,1,0,1,0,78,0,0,0,255,255,0.0,0.0,0.0,0.0,0.0,0.0,0.0,0.0,0.0,0.0,straight_run,3.642228841781616,0.19094206392765045,0.10401357710361481,0.9344067573547363,0.022718852385878563,25.719709396362305,0.5327416062355042
1.1724928366762177,0.0,0.0,0.5,289,1785358384.266405,1.0192863941192627,0.049567513167858124,0.4981241822242737,18.097393035888672,5,6786,51,0,0,0.0034630673471838236,0,0,1.0,0.0,0,55,0,1,1023,0,0,0,0,0,16,0,0,1023,0,0,55,1,0,1,0,78,0,0,0,255,255,0.0,0.0,0.0,0.0,0.0,0.0,0.0,0.0,0.0,0.0,straight_run,3.642228841781616,0.19094206392765045,0.10401357710361481,0.9344067573547363,0.022718852385878563,25.719709396362305,0.5327416062355042
1.1759312320916906,0.0,0.0,0.5,289,1785358384.291476,1.0290379524230957,0.045950766652822495,0.4981357157230377,16.155624389648438,5,8425,91,0,0,0.0034630673471838236,0,0,1.0,0.0,0,55,0,1,1023,0,0,0,0,0,16,0,0,1023,0,0,56,1,0,1,0,78,0,0,0,255,255,0.0,0.0,0.0,0.0,0.0,0.0,0.0,0.0,0.0,0.0,straight_run,3.6369502544403076,0.19060857594013214,0.09079775959253311,0.944794774055481,0.02154659666121006,24.92945098876953,0.5273271799087524
1.1793696275071632,0.0,0.0,0.5,289,1785358384.312997,1.0290379524230957,0.045950766652822495,0.4981357157230377,16.155624389648438,5,8425,91,0,0,0.0034630673471838236,0,0,1.0,0.0,0,55,0,1,1023,0,0,0,0,0,16,0,0,1023,0,0,56,1,0,1,0,78,0,0,0,255,255,0.0,0.0,0.0,0.0,0.0,0.0,0.0,0.0,0.0,0.0,straight_run,3.6369502544403076,0.19060857594013214,0.09079775959253311,0.944794774055481,0.02154659666121006,24.92945098876953,0.5273271799087524
1.182808022922636,0.0,0.0,0.5,289,1785358384.337333,1.0372639894485474,0.05105360597372055,0.4981663227081299,16.40732765197754,5,7451,36,0,0,0.0036487539764493704,0,0,1.0,0.0,0,55,0,1,1023,0,0,0,0,0,16,0,0,1023,0,0,56,1,0,1,0,78,0,0,0,255,255,0.0,0.0,0.0,0.0,0.0,0.0,0.0,0.0,0.0,0.0,straight_run,3.6369502544403076,0.19291914999485016,0.08983621746301651,0.9573543071746826,0.02696862444281578,24.073476791381836,0.524350106716156
1.186246418338109,0.0,0.0,0.5,289,1785358384.36007,1.0372639894485474,0.05105360597372055,0.4981663227081299,16.40732765197754,5,7451,36,0,0,0.0036487539764493704,0,0,1.0,0.0,0,55,0,1,1023,0,0,0,0,0,16,0,0,1023,0,0,56,1,0,1,0,78,0,0,0,255,255,0.0,0.0,0.0,0.0,0.0,0.0,0.0,0.0,0.0,0.0,straight_run,3.6369502544403076,0.19291914999485016,0.08983621746301651,0.9573543071746826,0.02696862444281578,24.073476791381836,0.524350106716156
1.1896848137535816,0.0,0.0,0.5,289,1785358384.3826509,1.0483163595199585,0.05804009363055229,0.4982317388057709,17.80508041381836,5,7480,76,0,0,0.0036487539764493704,0,0,1.0,0.0,0,56,0,1,1023,0,0,0,0,0,0,0,0,1023,0,0,56,0,0,0,0,0,0,0,0,255,255,0.0,0.0,0.0,0.0,0.0,0.0,0.0,0.0,0.0,0.0,straight_run,3.6369502544403076,0.18921582400798798,0.0897592082619667,0.9673154354095459,0.032025616616010666,23.089330673217773,0.5227667689323425
1.1931232091690545,0.0,0.0,0.5,289,1785358384.40592,1.0483163595199585,0.05804009363055229,0.4982317388057709,17.80508041381836,5,7480,76,0,0,0.0036487539764493704,0,0,1.0,0.0,0,56,0,1,1023,0,0,0,0,0,0,0,0,1023,0,0,56,0,0,0,0,0,0,0,0,255,255,0.0,0.0,0.0,0.0,0.0,0.0,0.0,0.0,0.0,0.0,straight_run,3.6369502544403076,0.18921582400798798,0.0897592082619667,0.9673154354095459,0.032025616616010666,23.089330673217773,0.5227667689323425
1.196561604584527,0.0,0.0,0.5,289,1785358384.431097,1.0553427934646606,0.057657234370708466,0.49823644757270813,16.979631423950195,5,8219,136,0,0,0.0036487539764493704,0,0,1.0,0.0,0,56,0,1,1023,0,0,0,0,0,0,0,0,1023,0,0,56,0,0,0,0,0,0,0,0,255,255,0.0,0.0,0.0,0.0,0.0,0.0,0.0,0.0,0.0,0.0,straight_run,3.6369502544403076,0.1854017823934555,0.08572763949632645,0.9776907563209534,0.03406877815723419,22.121572494506836,0.5193809866905212
1.2,0.0,0.0,0.5,289,1785358384.4562051,1.0553427934646606,0.057657234370708466,0.49823644757270813,16.979631423950195,5,8219,136,0,0,0.0036487539764493704,0,0,1.0,0.0,0,56,0,1,1023,0,0,0,0,0,0,0,0,1023,0,0,56,0,0,0,0,0,0,0,0,255,255,0.0,0.0,0.0,0.0,0.0,0.0,0.0,0.0,0.0,0.0,straight_run,3.6369502544403076,0.1854017823934555,0.08572763949632645,0.9776907563209534,0.03406877815723419,22.121572494506836,0.5193809866905212
1.0048612356185913,0.0444885715842247,0.0,0.5123792290687561,289,1785358384.583135,1.061212182044983,0.060804642736911774,0.49826472997665405,17.029481887817383,5,7441,51,0,0,0.0032130349427461624,0,0,1.0,0.0,0,57,0,1,1023,0,0,0,0,0,0,0,0,1023,0,0,58,0,0,0,0,45,0,0,0,255,255,0.0,0.0,0.0,0.0,0.0,0.0,0.0,0.0,0.0,0.0,land,3.7319648265838623,0.17226189374923706,0.07308147102594376,1.0048612356185913,0.0444885715842247,17.53681182861328,0.5123792290687561
1.0048612356185913,0.0444885715842247,0.0,0.5077087318054353,289,1785358384.608107,1.061212182044983,0.060804642736911774,0.49826472997665405,17.029481887817383,5,7441,51,0,0,0.0032130349427461624,0,0,1.0,0.0,0,57,0,1,1023,0,0,0,0,0,0,0,0,1023,0,0,58,0,0,0,0,45,0,0,0,255,255,0.0,0.0,0.0,0.0,0.0,0.0,0.0,0.0,0.0,0.0,land,3.7319648265838623,0.17226189374923706,0.07308147102594376,1.0048612356185913,0.0444885715842247,17.53681182861328,0.5123792290687561
1.0048612356185913,0.0444885715842247,0.0,0.5030382345421146,289,1785358384.631027,1.061212182044983,0.060804642736911774,0.49826472997665405,17.029481887817383,5,7441,51,0,0,0.0032130349427461624,0,0,1.0,0.0,0,57,0,1,1023,0,0,0,0,0,0,0,0,1023,0,0,58,0,0,0,0,45,0,0,0,255,255,0.0,0.0,0.0,0.0,0.0,0.0,0.0,0.0,0.0,0.0,land,3.7319648265838623,0.1826810985803604,0.0625535175204277,1.0111197233200073,0.050059180706739426,14.725569725036621,0.5029460191726685
1.0048612356185913,0.0444885715842247,0.0,0.4983677372787938,289,1785358384.6530151,1.061212182044983,0.060804642736911774,0.49826472997665405,17.029481887817383,5,7441,51,0,0,0.0032130349427461624,0,0,1.0,0.0,0,57,0,1,1023,0,0,0,0,0,0,0,0,1023,0,0,58,0,0,0,0,45,0,0,0,255,255,0.0,0.0,0.0,0.0,0.0,0.0,0.0,0.0,0.0,0.0,land,3.7319648265838623,0.1826810985803604,0.0625535175204277,1.0111197233200073,0.050059180706739426,14.725569725036621,0.5029460191726685
1.0048612356185913,0.0444885715842247,0.0,0.49369724001547305,289,1785358384.676012,1.061212182044983,0.060804642736911774,0.49826472997665405,17.029481887817383,5,7441,51,0,0,0.0032130349427461624,0,0,1.0,0.0,0,57,0,1,1023,0,0,0,0,0,0,0,0,1023,0,0,58,0,0,0,0,45,0,0,0,255,255,0.0,0.0,0.0,0.0,0.0,0.0,0.0,0.0,0.0,0.0,land,3.6369502544403076,0.20379459857940674,0.04391377791762352,1.0231422185897827,0.052984386682510376,11.773653030395508,0.4866097569465637
1.0048612356185913,0.0444885715842247,0.0,0.48902674275215224,289,1785358384.698399,1.061212182044983,0.060804642736911774,0.49826472997665405,17.029481887817383,5,7441,51,0,0,0.0032130349427461624,0,0,1.0,0.0,0,57,0,1,1023,0,0,0,0,0,0,0,0,1023,0,0,58,0,0,0,0,45,0,0,0,255,255,0.0,0.0,0.0,0.0,0.0,0.0,0.0,0.0,0.0,0.0,land,3.6369502544403076,0.20379459857940674,0.04391377791762352,1.0231422185897827,0.052984386682510376,11.773653030395508,0.4866097569465637
1.0048612356185913,0.0444885715842247,0.0,0.4843562454888315,289,1785358384.723198,1.061212182044983,0.060804642736911774,0.49826472997665405,17.029481887817383,5,7441,51,0,0,0.0032130349427461624,0,0,1.0,0.0,0,57,0,1,1023,0,0,0,0,0,0,0,0,1023,0,0,58,0,0,0,0,45,0,0,0,255,255,0.0,0.0,0.0,0.0,0.0,0.0,0.0,0.0,0.0,0.0,land,3.6369502544403076,0.19745109975337982,0.017436955124139786,1.0325138568878174,0.052652645856142044,9.121969223022461,0.47018468379974365
1.0048612356185913,0.0444885715842247,0.0,0.47968574822551074,289,1785358384.748291,1.061212182044983,0.060804642736911774,0.49826472997665405,17.029481887817383,5,7441,51,0,0,0.0032130349427461624,0,0,1.0,0.0,0,57,0,1,1023,0,0,0,0,0,0,0,0,1023,0,0,58,0,0,0,0,45,0,0,0,255,255,0.0,0.0,0.0,0.0,0.0,0.0,0.0,0.0,0.0,0.0,land,3.6369502544403076,0.19745109975337982,0.017436955124139786,1.0325138568878174,0.052652645856142044,9.121969223022461,0.47018468379974365
1.0048612356185913,0.0444885715842247,0.0,0.47501525096218994,289,1785358384.771963,1.061212182044983,0.060804642736911774,0.49826472997665405,17.029481887817383,5,7441,51,0,0,0.0032130349427461624,0,0,1.0,0.0,0,57,0,1,1023,0,0,0,0,0,0,0,0,1023,0,0,58,0,0,0,0,45,0,0,0,255,255,0.0,0.0,0.0,0.0,0.0,0.0,0.0,0.0,0.0,0.0,land,3.6263930797576904,0.18680892884731293,-0.005881947930902243,1.0482616424560547,0.054493967443704605,6.701694488525391,0.45187410712242126
1.0048612356185913,0.0444885715842247,0.0,0.4703447536988692,289,1785358384.797058,1.061212182044983,0.060804642736911774,0.49826472997665405,17.029481887817383,5,7441,51,0,0,0.0032130349427461624,0,0,1.0,0.0,0,57,0,1,1023,0,0,0,0,0,0,0,0,1023,0,0,59,0,0,0,0,45,0,0,0,255,255,0.0,0.0,0.0,0.0,0.0,0.0,0.0,0.0,0.0,0.0,land,3.6263930797576904,0.18680892884731293,-0.005881947930902243,1.0482616424560547,0.054493967443704605,6.701694488525391,0.45187410712242126
1.0048612356185913,0.0444885715842247,0.0,0.46567425643554844,289,1785358384.820116,1.061212182044983,0.060804642736911774,0.49826472997665405,17.029481887817383,5,7441,51,0,0,0.0032130349427461624,0,0,1.0,0.0,0,57,0,1,1023,0,0,0,0,0,0,0,0,1023,0,0,59,0,0,0,0,45,0,0,0,255,255,0.0,0.0,0.0,0.0,0.0,0.0,0.0,0.0,0.0,0.0,land,3.6263930797576904,0.16232457756996155,-0.028301391750574112,1.060795783996582,0.05393991246819496,4.473898887634277,0.4308312237262726
1.0048612356185913,0.0444885715842247,0.0,0.46100375917222763,289,1785358384.841009,1.061212182044983,0.060804642736911774,0.49826472997665405,17.029481887817383,5,7441,51,0,0,0.0032130349427461624,0,0,1.0,0.0,0,57,0,1,1023,0,0,0,0,0,0,0,0,1023,0,0,59,0,0,0,0,45,0,0,0,255,255,0.0,0.0,0.0,0.0,0.0,0.0,0.0,0.0,0.0,0.0,land,3.6263930797576904,0.16232457756996155,-0.028301391750574112,1.060795783996582,0.05393991246819496,4.473898887634277,0.4308312237262726
1.0048612356185913,0.0444885715842247,0.0,0.4563332619089069,289,1785358384.8630059,1.061212182044983,0.060804642736911774,0.49826472997665405,17.029481887817383,5,7441,51,0,0,0.0032130349427461624,0,0,1.0,0.0,0,57,0,1,1023,0,0,0,0,0,0,0,0,1023,0,0,59,0,0,0,0,45,0,0,0,255,255,0.0,0.0,0.0,0.0,0.0,0.0,0.0,0.0,0.0,0.0,land,3.6263930797576904,0.16232457756996155,-0.028301391750574112,1.060795783996582,0.05393991246819496,4.473898887634277,0.4308312237262726
1.0048612356185913,0.0444885715842247,0.0,0.4516627646455861,289,1785358384.888096,1.061212182044983,0.060804642736911774,0.49826472997665405,17.029481887817383,5,7441,51,0,0,0.0032130349427461624,0,0,1.0,0.0,0,57,0,1,1023,0,0,0,0,0,0,0,0,1023,0,0,60,0,0,0,0,45,0,0,0,255,255,0.0,0.0,0.0,0.0,0.0,0.0,0.0,0.0,0.0,0.0,land,3.605278730392456,0.12365684658288956,-0.049514222890138626,1.071073055267334,0.05042785406112671,2.538888692855835,0.4110974073410034
1.0048612356185913,0.0444885715842247,0.0,0.44699226738226533,289,1785358384.913131,1.061212182044983,0.060804642736911774,0.49826472997665405,17.029481887817383,5,7441,51,0,0,0.0032130349427461624,0,0,1.0,0.0,0,57,0,1,1023,0,0,0,0,0,0,0,0,1023,0,0,60,0,0,0,0,45,0,0,0,255,255,0.0,0.0,0.0,0.0,0.0,0.0,0.0,0.0,0.0,0.0,land,3.605278730392456,0.12365684658288956,-0.049514222890138626,1.071073055267334,0.05042785406112671,2.538888692855835,0.4110974073410034
1.0048612356185913,0.0444885715842247,0.0,0.4423217701189446,289,1785358384.935033,1.061212182044983,0.060804642736911774,0.49826472997665405,17.029481887817383,5,7441,51,0,0,0.0032130349427461624,0,0,1.0,0.0,0,57,0,1,1023,0,0,0,0,0,0,0,0,1023,0,0,60,0,0,0,0,45,0,0,0,255,255,0.0,0.0,0.0,0.0,0.0,0.0,0.0,0.0,0.0,0.0,land,3.605278730392456,0.058741938322782516,-0.05715253949165344,1.0819144248962402,0.04791170731186867,1.0639522075653076,0.39390257000923157
1.0048612356185913,0.0444885715842247,0.0,0.4376512728556238,289,1785358384.9580858,1.061212182044983,0.060804642736911774,0.49826472997665405,17.029481887817383,5,7441,51,0,0,0.0032130349427461624,0,0,1.0,0.0,0,57,0,1,1023,0,0,0,0,0,0,0,0,1023,0,0,60,0,0,0,0,45,0,0,0,255,255,0.0,0.0,0.0,0.0,0.0,0.0,0.0,0.0,0.0,0.0,land,3.605278730392456,0.058741938322782516,-0.05715253949165344,1.0819144248962402,0.04791170731186867,1.0639522075653076,0.39390257000923157
1.0048612356185913,0.0444885715842247,0.0,0.432980775592303,289,1785358384.98308,1.061212182044983,0.060804642736911774,0.49826472997665405,17.029481887817383,5,7441,51,0,0,0.0032130349427461624,0,0,1.0,0.0,0,57,0,1,1023,0,0,0,0,0,0,0,0,1023,0,0,61,0,0,0,0,45,0,0,0,255,255,0.0,0.0,0.0,0.0,0.0,0.0,0.0,0.0,0.0,0.0,land,3.526099681854248,-0.08850216865539551,-0.03481215611100197,1.094549536705017,0.04103577882051468,-0.21270526945590973,0.3445427715778351
1.0048612356185913,0.0444885715842247,0.0,0.4283102783289823,289,1785358385.006104,1.061212182044983,0.060804642736911774,0.49826472997665405,17.029481887817383,5,7441,51,0,0,0.0032130349427461624,0,0,1.0,0.0,0,57,0,1,1023,0,0,0,0,0,0,0,0,1023,0,0,61,0,0,0,0,45,0,0,0,255,255,0.0,0.0,0.0,0.0,0.0,0.0,0.0,0.0,0.0,0.0,land,3.526099681854248,-0.08850216865539551,-0.03481215611100197,1.094549536705017,0.04103577882051468,-0.21270526945590973,0.3445427715778351
1.0048612356185913,0.0444885715842247,0.0,0.42363978106566147,289,1785358385.0314538,1.061212182044983,0.060804642736911774,0.49826472997665405,17.029481887817383,5,7441,51,0,0,0.0032130349427461624,0,0,1.0,0.0,0,57,0,1,1023,0,0,0,0,0,0,0,0,1023,0,0,61,0,0,0,0,45,0,0,0,255,255,0.0,0.0,0.0,0.0,0.0,0.0,0.0,0.0,0.0,0.0,land,3.526099681854248,-0.08850216865539551,-0.03481215611100197,1.094549536705017,0.04103577882051468,-0.21270526945590973,0.3445427715778351
1.0048612356185913,0.0444885715842247,0.0,0.4189692838023407,289,1785358385.054057,1.061212182044983,0.060804642736911774,0.49826472997665405,17.029481887817383,5,7441,51,0,0,0.0032130349427461624,0,0,1.0,0.0,0,57,0,1,1023,0,0,0,0,0,0,0,0,1023,0,0,61,0,0,0,0,45,0,0,0,255,255,0.0,0.0,0.0,0.0,0.0,0.0,0.0,0.0,0.0,0.0,land,3.526099681854248,-0.2271777093410492,-0.008442912250757217,1.1028484106063843,0.040553849190473557,-1.3702079057693481,0.26743191480636597
1.0048612356185913,0.0444885715842247,0.0,0.41429878653901997,289,1785358385.078927,1.061212182044983,0.060804642736911774,0.49826472997665405,17.029481887817383,5,7441,51,0,0,0.0032130349427461624,0,0,1.0,0.0,0,57,0,1,1023,0,0,0,0,0,0,0,0,1023,0,0,62,0,0,0,0,45,0,0,0,255,255,0.0,0.0,0.0,0.0,0.0,0.0,0.0,0.0,0.0,0.0,land,3.473313808441162,-0.3660520911216736,0.017579039558768272,1.064982533454895,0.045839253813028336,-1.6744638681411743,0.2923690378665924
1.0048612356185913,0.0444885715842247,0.0,0.40962828927569916,289,1785358385.1007528,1.061212182044983,0.060804642736911774,0.49826472997665405,17.029481887817383,5,7441,51,0,0,0.0032130349427461624,0,0,1.0,0.0,0,57,0,1,1023,0,0,0,0,0,0,0,0,1023,0,0,62,0,0,0,0,45,0,0,0,255,255,0.0,0.0,0.0,0.0,0.0,0.0,0.0,0.0,0.0,0.0,land,3.473313808441162,-0.3660520911216736,0.017579039558768272,1.064982533454895,0.045839253813028336,-1.6744638681411743,0.2923690378665924
1.0048612356185913,0.0444885715842247,0.0,0.4049577920123784,289,1785358385.124744,1.061212182044983,0.060804642736911774,0.49826472997665405,17.029481887817383,5,7441,51,0,0,0.0032130349427461624,0,0,1.0,0.0,0,57,0,1,1023,0,0,0,0,0,0,0,0,1023,0,0,62,0,0,0,0,45,0,0,0,255,255,0.0,0.0,0.0,0.0,0.0,0.0,0.0,0.0,0.0,0.0,land,3.473313808441162,-0.4210081696510315,0.0332636721432209,1.0282336473464966,0.05123632028698921,-1.6286741495132446,0.3256996273994446
1.0048612356185913,0.0444885715842247,0.0,0.40028729474905766,289,1785358385.1498828,1.061212182044983,0.060804642736911774,0.49826472997665405,17.029481887817383,5,7441,51,0,0,0.0032130349427461624,0,0,1.0,0.0,0,57,0,1,1023,0,0,0,0,0,0,0,0,1023,0,0,62,0,0,0,0,45,0,0,0,255,255,0.0,0.0,0.0,0.0,0.0,0.0,0.0,0.0,0.0,0.0,land,3.473313808441162,-0.4210081696510315,0.0332636721432209,1.0282336473464966,0.05123632028698921,-1.6286741495132446,0.3256996273994446
1.0048612356185913,0.0444885715842247,0.0,0.39561679748573686,289,1785358385.171011,1.061212182044983,0.060804642736911774,0.49826472997665405,17.029481887817383,5,7441,51,0,0,0.0032130349427461624,0,0,1.0,0.0,0,57,0,1,1023,0,0,0,0,0,0,0,0,1023,0,0,62,0,0,0,0,45,0,0,0,255,255,0.0,0.0,0.0,0.0,0.0,0.0,0.0,0.0,0.0,0.0,land,3.473313808441162,-0.4210081696510315,0.0332636721432209,1.0282336473464966,0.05123632028698921,-1.6286741495132446,0.3256996273994446
1.0048612356185913,0.0444885715842247,0.0,0.3909463002224161,289,1785358385.194062,1.061212182044983,0.060804642736911774,0.49826472997665405,17.029481887817383,5,7441,51,0,0,0.0032130349427461624,0,0,1.0,0.0,0,57,0,1,1023,0,0,0,0,0,0,0,0,1023,0,0,62,0,0,0,0,45,0,0,0,255,255,0.0,0.0,0.0,0.0,0.0,0.0,0.0,0.0,0.0,0.0,land,3.7319648265838623,-0.41905349493026733,0.04083375632762909,0.9960345029830933,0.05557743459939957,-1.3058418035507202,0.3563089370727539
1.0048612356185913,0.0444885715842247,0.0,0.38627580295909536,289,1785358385.218195,1.061212182044983,0.060804642736911774,0.49826472997665405,17.029481887817383,5,7441,51,0,0,0.0032130349427461624,0,0,1.0,0.0,0,57,0,1,1023,0,0,0,0,0,0,0,0,1023,0,0,62,0,0,0,0,45,0,0,0,255,255,0.0,0.0,0.0,0.0,0.0,0.0,0.0,0.0,0.0,0.0,land,3.7319648265838623,-0.374492347240448,0.043705422431230545,0.9749681353569031,0.058870866894721985,-0.7511492371559143,0.37777745723724365
1.0048612356185913,0.0444885715842247,0.0,0.38160530569577455,289,1785358385.239993,1.061212182044983,0.060804642736911774,0.49826472997665405,17.029481887817383,5,7441,51,0,0,0.0032130349427461624,0,0,1.0,0.0,0,57,0,1,1023,0,0,0,0,0,0,0,0,1023,0,0,62,0,0,0,0,45,0,0,0,255,255,0.0,0.0,0.0,0.0,0.0,0.0,0.0,0.0,0.0,0.0,land,3.7319648265838623,-0.374492347240448,0.043705422431230545,0.9749681353569031,0.058870866894721985,-0.7511492371559143,0.37777745723724365
1.0048612356185913,0.0444885715842247,0.0,0.3769348084324538,289,1785358385.263008,1.061212182044983,0.060804642736911774,0.49826472997665405,17.029481887817383,5,7441,51,0,0,0.0032130349427461624,0,0,1.0,0.0,0,57,0,1,1023,0,0,0,0,0,0,0,0,1023,0,0,62,0,0,0,0,45,0,0,0,255,255,0.0,0.0,0.0,0.0,0.0,0.0,0.0,0.0,0.0,0.0,land,3.7319648265838623,-0.374492347240448,0.043705422431230545,0.9749681353569031,0.058870866894721985,-0.7511492371559143,0.37777745723724365
1.0048612356185913,0.0444885715842247,0.0,0.37226431116913306,289,1785358385.285011,1.061212182044983,0.060804642736911774,0.49826472997665405,17.029481887817383,5,7441,51,0,0,0.0032130349427461624,0,0,1.0,0.0,0,57,0,1,1023,0,0,0,0,0,0,0,0,1023,0,0,63,0,0,0,0,45,0,0,0,255,255,0.0,0.0,0.0,0.0,0.0,0.0,0.0,0.0,0.0,0.0,land,3.7266862392425537,-0.30171018838882446,0.03797030821442604,0.9633535146713257,0.060274604707956314,-0.20543599128723145,0.3879319727420807
1.0048612356185913,0.0444885715842247,0.0,0.36759381390581225,289,1785358385.308078,1.061212182044983,0.060804642736911774,0.49826472997665405,17.029481887817383,5,7441,51,0,0,0.0032130349427461624,0,0,1.0,0.0,0,57,0,1,1023,0,0,0,0,0,0,0,0,1023,0,0,63,0,0,0,0,45,0,0,0,255,255,0.0,0.0,0.0,0.0,0.0,0.0,0.0,0.0,0.0,0.0,land,3.7266862392425537,-0.30171018838882446,0.03797030821442604,0.9633535146713257,0.060274604707956314,-0.20543599128723145,0.3879319727420807
1.0048612356185913,0.0444885715842247,0.0,0.3629233166424915,289,1785358385.328911,1.061212182044983,0.060804642736911774,0.49826472997665405,17.029481887817383,5,7441,51,0,0,0.0032130349427461624,0,0,1.0,0.0,0,57,0,1,1023,0,0,0,0,0,0,0,0,1023,0,0,63,0,0,0,0,45,0,0,0,255,255,0.0,0.0,0.0,0.0,0.0,0.0,0.0,0.0,0.0,0.0,land,3.7266862392425537,-0.22755154967308044,0.021781839430332184,0.9522712826728821,0.06014936789870262,0.298417329788208,0.3857748806476593
1.0048612356185913,0.0444885715842247,0.0,0.35825281937917075,289,1785358385.3490791,1.061212182044983,0.060804642736911774,0.49826472997665405,17.029481887817383,5,7441,51,0,0,0.0032130349427461624,0,0,1.0,0.0,0,57,0,1,1023,0,0,0,0,0,0,0,0,1023,0,0,63,0,0,0,0,45,0,0,0,255,255,0.0,0.0,0.0,0.0,0.0,0.0,0.0,0.0,0.0,0.0,land,3.7266862392425537,-0.22755154967308044,0.021781839430332184,0.9522712826728821,0.06014936789870262,0.298417329788208,0.3857748806476593
1.0048612356185913,0.0444885715842247,0.0,0.35358232211584995,289,1785358385.374023,1.061212182044983,0.060804642736911774,0.49826472997665405,17.029481887817383,5,7441,51,0,0,0.0032130349427461624,0,0,1.0,0.0,0,57,0,1,1023,0,0,0,0,0,0,0,0,1023,0,0,63,0,0,0,0,45,0,0,0,255,255,0.0,0.0,0.0,0.0,0.0,0.0,0.0,0.0,0.0,0.0,land,3.6527860164642334,-0.14544305205345154,0.006261416245251894,0.9452902674674988,0.062254104763269424,0.6540796160697937,0.3686555325984955
1.0048612356185913,0.0444885715842247,0.0,0.3489118248525292,289,1785358385.399277,1.061212182044983,0.060804642736911774,0.49826472997665405,17.029481887817383,5,7441,51,0,0,0.0032130349427461624,0,0,1.0,0.0,0,57,0,1,1023,0,0,0,0,0,0,0,0,1023,0,0,64,0,0,0,0,45,0,0,0,255,255,0.0,0.0,0.0,0.0,0.0,0.0,0.0,0.0,0.0,0.0,land,3.6527860164642334,-0.14544305205345154,0.006261416245251894,0.9452902674674988,0.062254104763269424,0.6540796160697937,0.3686555325984955
1.0048612356185913,0.0444885715842247,0.0,0.34424132758920845,289,1785358385.42101,1.061212182044983,0.060804642736911774,0.49826472997665405,17.029481887817383,5,7441,51,0,0,0.0032130349427461624,0,0,1.0,0.0,0,57,0,1,1023,0,0,0,0,0,0,0,0,1023,0,0,64,0,0,0,0,45,0,0,0,255,255,0.0,0.0,0.0,0.0,0.0,0.0,0.0,0.0,0.0,0.0,land,3.6527860164642334,-0.04307776689529419,-0.017281493172049522,0.9457156658172607,0.06116087734699249,0.909477949142456,0.34874916076660156
1.0048612356185913,0.0444885715842247,0.0,0.33957083032588764,289,1785358385.445646,1.061212182044983,0.060804642736911774,0.49826472997665405,17.029481887817383,5,7441,51,0,0,0.0032130349427461624,0,0,1.0,0.0,0,57,0,1,1023,0,0,0,0,0,0,0,0,1023,0,0,64,0,0,0,0,45,0,0,0,255,255,0.0,0.0,0.0,0.0,0.0,0.0,0.0,0.0,0.0,0.0,land,3.6527860164642334,-0.04307776689529419,-0.017281493172049522,0.9457156658172607,0.06116087734699249,0.909477949142456,0.34874916076660156
1.0048612356185913,0.0444885715842247,0.0,0.3349003330625669,289,1785358385.468122,1.061212182044983,0.060804642736911774,0.49826472997665405,17.029481887817383,5,7441,51,0,0,0.0032130349427461624,0,0,1.0,0.0,0,57,0,1,1023,0,0,0,0,0,0,0,0,1023,0,0,64,0,0,0,0,45,0,0,0,255,255,0.0,0.0,0.0,0.0,0.0,0.0,0.0,0.0,0.0,0.0,land,3.6527860164642334,-0.04307776689529419,-0.017281493172049522,0.9457156658172607,0.06116087734699249,0.909477949142456,0.34874916076660156
1.0048612356185913,0.0444885715842247,0.0,0.33022983579924614,289,1785358385.4924579,1.061212182044983,0.060804642736911774,0.49826472997665405,17.029481887817383,5,7441,51,0,0,0.0032130349427461624,0,0,1.0,0.0,0,57,0,1,1023,0,0,0,0,0,0,0,0,1023,0,0,65,0,0,0,0,45,0,0,0,255,255,0.0,0.0,0.0,0.0,0.0,0.0,0.0,0.0,0.0,0.0,land,3.5894429683685303,0.05825256183743477,-0.03811421990394592,0.9489004611968994,0.060006316751241684,1.102927803993225,0.32399922609329224
1.0048612356185913,0.0444885715842247,0.0,0.32555933853592534,289,1785358385.514997,1.061212182044983,0.060804642736911774,0.49826472997665405,17.029481887817383,5,7441,51,0,0,0.0032130349427461624,0,0,1.0,0.0,0,57,0,1,1023,0,0,0,0,0,0,0,0,1023,0,0,65,0,0,0,0,45,0,0,0,255,255,0.0,0.0,0.0,0.0,0.0,0.0,0.0,0.0,0.0,0.0,land,3.5894429683685303,0.05825256183743477,-0.03811421990394592,0.9489004611968994,0.060006316751241684,1.102927803993225,0.32399922609329224
1.0048612356185913,0.0444885715842247,0.0,0.3208888412726046,289,1785358385.539072,1.061212182044983,0.060804642736911774,0.49826472997665405,17.029481887817383,5,7441,51,0,0,0.0032130349427461624,0,0,1.0,0.0,0,57,0,1,1023,0,0,0,0,0,0,0,0,1023,0,0,65,0,0,0,0,45,0,0,0,255,255,0.0,0.0,0.0,0.0,0.0,0.0,0.0,0.0,0.0,0.0,land,3.5894429683685303,0.15789514780044556,-0.05618131533265114,0.9581425786018372,0.05800259858369827,1.2042697668075562,0.29801657795906067
1.0048612356185913,0.0444885715842247,0.0,0.31621834400928384,289,1785358385.560294,1.061212182044983,0.060804642736911774,0.49826472997665405,17.029481887817383,5,7441,51,0,0,0.0032130349427461624,0,0,1.0,0.0,0,57,0,1,1023,0,0,0,0,0,0,0,0,1023,0,0,65,0,0,0,0,45,0,0,0,255,255,0.0,0.0,0.0,0.0,0.0,0.0,0.0,0.0,0.0,0.0,land,3.5894429683685303,0.15789514780044556,-0.05618131533265114,0.9581425786018372,0.05800259858369827,1.2042697668075562,0.29801657795906067
1.0048612356185913,0.0444885715842247,0.0,0.31154784674596303,289,1785358385.583074,1.061212182044983,0.060804642736911774,0.49826472997665405,17.029481887817383,5,7441,51,0,0,0.0032130349427461624,0,0,1.0,0.0,0,57,0,1,1023,0,0,0,0,0,0,0,0,1023,0,0,65,0,0,0,0,45,0,0,0,255,255,0.0,0.0,0.0,0.0,0.0,0.0,0.0,0.0,0.0,0.0,land,3.568328619003296,0.21874858438968658,-0.06502647697925568,0.9637553095817566,0.05730916187167168,1.2388030290603638,0.2730766534805298
1.0048612356185913,0.0444885715842247,0.0,0.3068773494826423,289,1785358385.608074,1.061212182044983,0.060804642736911774,0.49826472997665405,17.029481887817383,5,7441,51,0,0,0.0032130349427461624,0,0,1.0,0.0,0,57,0,1,1023,0,0,0,0,0,0,0,0,1023,0,0,66,0,0,0,0,45,0,0,0,255,255,0.0,0.0,0.0,0.0,0.0,0.0,0.0,0.0,0.0,0.0,land,3.568328619003296,0.21874858438968658,-0.06502647697925568,0.9637553095817566,0.05730916187167168,1.2388030290603638,0.2730766534805298
1.0048612356185913,0.0444885715842247,0.0,0.30220685221932153,289,1785358385.633062,1.061212182044983,0.060804642736911774,0.49826472997665405,17.029481887817383,5,7441,51,0,0,0.0032130349427461624,0,0,1.0,0.0,0,57,0,1,1023,0,0,0,0,0,0,0,0,1023,0,0,66,0,0,0,0,45,0,0,0,255,255,0.0,0.0,0.0,0.0,0.0,0.0,0.0,0.0,0.0,0.0,land,3.568328619003296,0.268424391746521,-0.07525130361318588,0.9772581458091736,0.05335519090294838,1.354394555091858,0.25401943922042847
1.0048612356185913,0.0444885715842247,0.0,0.2975363549560007,289,1785358385.658066,1.061212182044983,0.060804642736911774,0.49826472997665405,17.029481887817383,5,7441,51,0,0,0.0032130349427461624,0,0,1.0,0.0,0,57,0,1,1023,0,0,0,0,0,0,0,0,1023,0,0,66,0,0,0,0,45,0,0,0,255,255,0.0,0.0,0.0,0.0,0.0,0.0,0.0,0.0,0.0,0.0,land,3.568328619003296,0.268424391746521,-0.07525130361318588,0.9772581458091736,0.05335519090294838,1.354394555091858,0.25401943922042847
1.0048612356185913,0.0444885715842247,0.0,0.29286585769268,289,1785358385.683112,1.061212182044983,0.060804642736911774,0.49826472997665405,17.029481887817383,5,7441,51,0,0,0.0032130349427461624,0,0,1.0,0.0,0,57,0,1,1023,0,0,0,0,0,0,0,0,1023,0,0,66,0,0,0,0,45,0,0,0,255,255,0.0,0.0,0.0,0.0,0.0,0.0,0.0,0.0,0.0,0.0,land,3.6000001430511475,0.28311702609062195,-0.07616345584392548,0.9910566210746765,0.04986726492643356,1.3555694818496704,0.23960749804973602
1.0048612356185913,0.0444885715842247,0.0,0.2881953604293592,289,1785358385.707063,1.061212182044983,0.060804642736911774,0.49826472997665405,17.029481887817383,5,7441,51,0,0,0.0032130349427461624,0,0,1.0,0.0,0,57,0,1,1023,0,0,0,0,0,0,0,0,1023,0,0,66,0,0,0,0,45,0,0,0,255,255,0.0,0.0,0.0,0.0,0.0,0.0,0.0,0.0,0.0,0.0,land,3.6000001430511475,0.28311702609062195,-0.07616345584392548,0.9910566210746765,0.04986726492643356,1.3555694818496704,0.23960749804973602
1.0048612356185913,0.0444885715842247,0.0,0.2835248631660384,289,1785358385.730017,1.061212182044983,0.060804642736911774,0.49826472997665405,17.029481887817383,5,7441,51,0,0,0.0032130349427461624,0,0,1.0,0.0,0,57,0,1,1023,0,0,0,0,0,0,0,0,1023,0,0,66,0,0,0,0,45,0,0,0,255,255,0.0,0.0,0.0,0.0,0.0,0.0,0.0,0.0,0.0,0.0,land,3.6000001430511475,0.26458969712257385,-0.0821690633893013,1.001711368560791,0.044597018510103226,1.3052290678024292,0.22912754118442535
1.0048612356185913,0.0444885715842247,0.0,0.2788543659027176,289,1785358385.7529988,1.061212182044983,0.060804642736911774,0.49826472997665405,17.029481887817383,5,7441,51,0,0,0.0032130349427461624,0,0,1.0,0.0,0,57,0,1,1023,0,0,0,0,0,0,0,0,1023,0,0,66,0,0,0,0,45,0,0,0,255,255,0.0,0.0,0.0,0.0,0.0,0.0,0.0,0.0,0.0,0.0,land,3.6000001430511475,0.26458969712257385,-0.0821690633893013,1.001711368560791,0.044597018510103226,1.3052290678024292,0.22912754118442535
1.0048612356185913,0.0444885715842247,0.0,0.2741838686393969,289,1785358385.773982,1.061212182044983,0.060804642736911774,0.49826472997665405,17.029481887817383,5,7441,51,0,0,0.0032130349427461624,0,0,1.0,0.0,0,57,0,1,1023,0,0,0,0,0,0,0,0,1023,0,0,66,0,0,0,0,45,0,0,0,255,255,0.0,0.0,0.0,0.0,0.0,0.0,0.0,0.0,0.0,0.0,land,3.621114492416382,0.23706506192684174,-0.08079703897237778,1.0121161937713623,0.04074834659695625,1.2283884286880493,0.22096173465251923
1.0048612356185913,0.0444885715842247,0.0,0.2695133713760761,289,1785358385.79601,1.061212182044983,0.060804642736911774,0.49826472997665405,17.029481887817383,5,7441,51,0,0,0.0032130349427461624,0,0,1.0,0.0,0,57,0,1,1023,0,0,0,0,0,0,0,0,1023,0,0,67,0,0,0,0,45,0,0,0,255,255,0.0,0.0,0.0,0.0,0.0,0.0,0.0,0.0,0.0,0.0,land,3.621114492416382,0.23706506192684174,-0.08079703897237778,1.0121161937713623,0.04074834659695625,1.2283884286880493,0.22096173465251923
1.0048612356185913,0.0444885715842247,0.0,0.26484287411275537,289,1785358385.8191192,1.061212182044983,0.060804642736911774,0.49826472997665405,17.029481887817383,5,7441,51,0,0,0.0032130349427461624,0,0,1.0,0.0,0,57,0,1,1023,0,0,0,0,0,0,0,0,1023,0,0,67,0,0,0,0,45,0,0,0,255,255,0.0,0.0,0.0,0.0,0.0,0.0,0.0,0.0,0.0,0.0,land,3.621114492416382,0.20736631751060486,-0.07971902191638947,1.021344542503357,0.03620385378599167,1.0344213247299194,0.2129339873790741
1.0048612356185913,0.0444885715842247,0.0,0.2601723768494346,289,1785358385.844005,1.061212182044983,0.060804642736911774,0.49826472997665405,17.029481887817383,5,7441,51,0,0,0.0032130349427461624,0,0,1.0,0.0,0,57,0,1,1023,0,0,0,0,0,0,0,0,1023,0,0,67,0,0,0,0,45,0,0,0,255,255,0.0,0.0,0.0,0.0,0.0,0.0,0.0,0.0,0.0,0.0,land,3.621114492416382,0.20736631751060486,-0.07971902191638947,1.021344542503357,0.03620385378599167,1.0344213247299194,0.2129339873790741
1.0048612356185913,0.0444885715842247,0.0,0.2555018795861138,289,1785358385.864097,1.061212182044983,0.060804642736911774,0.49826472997665405,17.029481887817383,5,7441,51,0,0,0.0032130349427461624,0,0,1.0,0.0,0,57,0,1,1023,0,0,0,0,0,0,0,0,1023,0,0,67,0,0,0,0,45,0,0,0,255,255,0.0,0.0,0.0,0.0,0.0,0.0,0.0,0.0,0.0,0.0,land,3.621114492416382,0.20736631751060486,-0.07971902191638947,1.021344542503357,0.03620385378599167,1.0344213247299194,0.2129339873790741
1.0048612356185913,0.0444885715842247,0.0,0.25083138232279306,289,1785358385.886127,1.061212182044983,0.060804642736911774,0.49826472997665405,17.029481887817383,5,7441,51,0,0,0.0032130349427461624,0,0,1.0,0.0,0,57,0,1,1023,0,0,0,0,0,0,0,0,1023,0,0,68,0,0,0,0,45,0,0,0,255,255,0.0,0.0,0.0,0.0,0.0,0.0,0.0,0.0,0.0,0.0,land,3.6105573177337646,0.17000712454319,-0.06556014716625214,1.028712511062622,0.033239223062992096,0.8247577548027039,0.20618519186973572
1.0048612356185913,0.0444885715842247,0.0,0.24616088505947226,289,1785358385.9080598,1.061212182044983,0.060804642736911774,0.49826472997665405,17.029481887817383,5,7441,51,0,0,0.0032130349427461624,0,0,1.0,0.0,0,57,0,1,1023,0,0,0,0,0,0,0,0,1023,0,0,68,0,0,0,0,45,0,0,0,255,255,0.0,0.0,0.0,0.0,0.0,0.0,0.0,0.0,0.0,0.0,land,3.6105573177337646,0.17000712454319,-0.06556014716625214,1.028712511062622,0.033239223062992096,0.8247577548027039,0.20618519186973572
1.0048612356185913,0.0444885715842247,0.0,0.2414903877961515,289,1785358385.9323268,1.061212182044983,0.060804642736911774,0.49826472997665405,17.029481887817383,5,7441,51,0,0,0.0032130349427461624,0,0,1.0,0.0,0,57,0,1,1023,0,0,0,0,0,0,0,0,1023,0,0,68,0,0,0,0,45,0,0,0,255,255,0.0,0.0,0.0,0.0,0.0,0.0,0.0,0.0,0.0,0.0,land,3.6105573177337646,0.13693948090076447,-0.05077081546187401,1.036874532699585,0.02969144843518734,0.6620704531669617,0.2000797539949417
1.0048612356185913,0.0444885715842247,0.0,0.23681989053283076,289,1785358385.957736,1.061212182044983,0.060804642736911774,0.49826472997665405,17.029481887817383,5,7441,51,0,0,0.0032130349427461624,0,0,1.0,0.0,0,57,0,1,1023,0,0,0,0,0,0,0,0,1023,0,0,68,0,0,0,0,45,0,0,0,255,255,0.0,0.0,0.0,0.0,0.0,0.0,0.0,0.0,0.0,0.0,land,3.6105573177337646,0.13693948090076447,-0.05077081546187401,1.036874532699585,0.02969144843518734,0.6620704531669617,0.2000797539949417
1.0048612356185913,0.0444885715842247,0.0,0.23214939326950995,289,1785358385.980447,1.061212182044983,0.060804642736911774,0.49826472997665405,17.029481887817383,5,7441,51,0,0,0.0032130349427461624,0,0,1.0,0.0,0,57,0,1,1023,0,0,0,0,0,0,0,0,1023,0,0,68,0,0,0,0,45,0,0,0,255,255,0.0,0.0,0.0,0.0,0.0,0.0,0.0,0.0,0.0,0.0,land,3.631671667098999,0.09885948896408081,-0.03238767385482788,1.0426366329193115,0.027386954054236412,0.5309808254241943,0.19694462418556213
1.0048612356185913,0.0444885715842247,0.0,0.2274788960061892,289,1785358386.0041878,1.061212182044983,0.060804642736911774,0.49826472997665405,17.029481887817383,5,7441,51,0,0,0.0032130349427461624,0,0,1.0,0.0,0,57,0,1,1023,0,0,0,0,0,0,0,0,1023,0,0,68,0,0,0,0,45,0,0,0,255,255,0.0,0.0,0.0,0.0,0.0,0.0,0.0,0.0,0.0,0.0,land,3.631671667098999,0.09885948896408081,-0.03238767385482788,1.0426366329193115,0.027386954054236412,0.5309808254241943,0.19694462418556213
1.0048612356185913,0.0444885715842247,0.0,0.2228083987428684,289,1785358386.024582,1.061212182044983,0.060804642736911774,0.49826472997665405,17.029481887817383,5,7441,51,0,0,0.0032130349427461624,0,0,1.0,0.0,0,57,0,1,1023,0,0,0,0,0,0,0,0,1023,0,0,68,0,0,0,0,45,0,0,0,255,255,0.0,0.0,0.0,0.0,0.0,0.0,0.0,0.0,0.0,0.0,land,3.631671667098999,0.06287721544504166,-0.013097519055008888,1.0468062162399292,0.02606961876153946,0.38453230261802673,0.19371940195560455
1.0048612356185913,0.0444885715842247,0.0,0.21813790147954765,289,1785358386.0494678,1.061212182044983,0.060804642736911774,0.49826472997665405,17.029481887817383,5,7441,51,0,0,0.0032130349427461624,0,0,1.0,0.0,0,57,0,1,1023,0,0,0,0,0,0,0,0,1023,0,0,68,0,0,0,0,45,0,0,0,255,255,0.0,0.0,0.0,0.0,0.0,0.0,0.0,0.0,0.0,0.0,land,3.631671667098999,0.06287721544504166,-0.013097519055008888,1.0468062162399292,0.02606961876153946,0.38453230261802673,0.19371940195560455
1.0048612356185913,0.0444885715842247,0.0,0.2134674042162269,289,1785358386.072125,1.061212182044983,0.060804642736911774,0.49826472997665405,17.029481887817383,5,7441,51,0,0,0.0032130349427461624,0,0,1.0,0.0,0,57,0,1,1023,0,0,0,0,0,0,0,0,1023,0,0,68,0,0,0,0,45,0,0,0,255,255,0.0,0.0,0.0,0.0,0.0,0.0,0.0,0.0,0.0,0.0,land,3.647507429122925,0.023713286966085434,0.005367086734622717,1.0481349229812622,0.025551265105605125,0.38157013058662415,0.195221945643425
1.0048612356185913,0.0444885715842247,0.0,0.20879690695290615,289,1785358386.095572,1.061212182044983,0.060804642736911774,0.49826472997665405,17.029481887817383,5,7441,51,0,0,0.0032130349427461624,0,0,1.0,0.0,0,57,0,1,1023,0,0,0,0,0,0,0,0,1023,0,0,69,0,0,0,0,45,0,0,0,255,255,0.0,0.0,0.0,0.0,0.0,0.0,0.0,0.0,0.0,0.0,land,3.647507429122925,0.023713286966085434,0.005367086734622717,1.0481349229812622,0.025551265105605125,0.38157013058662415,0.195221945643425
1.0048612356185913,0.0444885715842247,0.0,0.2041264096895854,289,1785358386.118051,1.061212182044983,0.060804642736911774,0.49826472997665405,17.029481887817383,5,7441,51,0,0,0.0032130349427461624,0,0,1.0,0.0,0,57,0,1,1023,0,0,0,0,0,0,0,0,1023,0,0,69,0,0,0,0,45,0,0,0,255,255,0.0,0.0,0.0,0.0,0.0,0.0,0.0,0.0,0.0,0.0,land,3.647507429122925,-0.01743721030652523,0.024048296734690666,1.0473371744155884,0.02644326165318489,0.44299426674842834,0.1912783980369568
1.0048612356185913,0.0444885715842247,0.0,0.1994559124262646,289,1785358386.138999,1.061212182044983,0.060804642736911774,0.49826472997665405,17.029481887817383,5,7441,51,0,0,0.0032130349427461624,0,0,1.0,0.0,0,57,0,1,1023,0,0,0,0,0,0,0,0,1023,0,0,69,0,0,0,0,45,0,0,0,255,255,0.0,0.0,0.0,0.0,0.0,0.0,0.0,0.0,0.0,0.0,land,3.647507429122925,-0.01743721030652523,0.024048296734690666,1.0473371744155884,0.02644326165318489,0.44299426674842834,0.1912783980369568
1.0048612356185913,0.0444885715842247,0.0,0.19478541516294384,289,1785358386.161997,1.061212182044983,0.060804642736911774,0.49826472997665405,17.029481887817383,5,7441,51,0,0,0.0032130349427461624,0,0,1.0,0.0,0,57,0,1,1023,0,0,0,0,0,0,0,0,1023,0,0,69,0,0,0,0,45,0,0,0,255,255,0.0,0.0,0.0,0.0,0.0,0.0,0.0,0.0,0.0,0.0,land,3.647507429122925,-0.01743721030652523,0.024048296734690666,1.0473371744155884,0.02644326165318489,0.44299426674842834,0.1912783980369568
1.0048612356185913,0.0444885715842247,0.0,0.19011491789962304,289,1785358386.1860049,1.061212182044983,0.060804642736911774,0.49826472997665405,17.029481887817383,5,7441,51,0,0,0.0032130349427461624,0,0,1.0,0.0,0,57,0,1,1023,0,0,0,0,0,0,0,0,1023,0,0,70,0,0,0,0,45,0,0,0,255,255,0.0,0.0,0.0,0.0,0.0,0.0,0.0,0.0,0.0,0.0,land,3.6369502544403076,-0.04156693071126938,0.03228875249624252,1.0472815036773682,0.02675371617078781,0.472187340259552,0.18214106559753418
1.0048612356185913,0.0444885715842247,0.0,0.1854444206363023,289,1785358386.2081978,1.061212182044983,0.060804642736911774,0.49826472997665405,17.029481887817383,5,7441,51,0,0,0.0032130349427461624,0,0,1.0,0.0,0,57,0,1,1023,0,0,0,0,0,0,0,0,1023,0,0,70,0,0,0,0,45,0,0,0,255,255,0.0,0.0,0.0,0.0,0.0,0.0,0.0,0.0,0.0,0.0,land,3.6369502544403076,-0.04156693071126938,0.03228875249624252,1.0472815036773682,0.02675371617078781,0.472187340259552,0.18214106559753418
1.0048612356185913,0.0444885715842247,0.0,0.18077392337298154,289,1785358386.232151,1.061212182044983,0.060804642736911774,0.49826472997665405,17.029481887817383,5,7441,51,0,0,0.0032130349427461624,0,0,1.0,0.0,0,57,0,1,1023,0,0,0,0,0,0,0,0,1023,0,0,70,0,0,0,0,45,0,0,0,255,255,0.0,0.0,0.0,0.0,0.0,0.0,0.0,0.0,0.0,0.0,land,3.6369502544403076,-0.07769571989774704,0.047838885337114334,1.0425100326538086,0.02943560481071472,0.5534852147102356,0.17832840979099274
1.0048612356185913,0.0444885715842247,0.0,0.17610342610966073,289,1785358386.253134,1.061212182044983,0.060804642736911774,0.49826472997665405,17.029481887817383,5,7441,51,0,0,0.0032130349427461624,0,0,1.0,0.0,0,57,0,1,1023,0,0,0,0,0,0,0,0,1023,0,0,70,0,0,0,0,45,0,0,0,255,255,0.0,0.0,0.0,0.0,0.0,0.0,0.0,0.0,0.0,0.0,land,3.6369502544403076,-0.07769571989774704,0.047838885337114334,1.0425100326538086,0.02943560481071472,0.5534852147102356,0.17832840979099274
1.0048612356185913,0.0444885715842247,0.0,0.17143292884633998,289,1785358386.275313,1.061212182044983,0.060804642736911774,0.49826472997665405,17.029481887817383,5,7441,51,0,0,0.0032130349427461624,0,0,1.0,0.0,0,57,0,1,1023,0,0,0,0,0,0,0,0,1023,0,0,71,0,0,0,0,45,0,0,0,255,255,0.0,0.0,0.0,0.0,0.0,0.0,0.0,0.0,0.0,0.0,land,3.631671667098999,-0.09765748679637909,0.05465005710721016,1.0379204750061035,0.031820524483919144,0.6783412098884583,0.17281195521354675
1.0048612356185913,0.0444885715842247,0.0,0.16676243158301918,289,1785358386.300236,1.061212182044983,0.060804642736911774,0.49826472997665405,17.029481887817383,5,7441,51,0,0,0.0032130349427461624,0,0,1.0,0.0,0,57,0,1,1023,0,0,0,0,0,0,0,0,1023,0,0,71,0,0,0,0,45,0,0,0,255,255,0.0,0.0,0.0,0.0,0.0,0.0,0.0,0.0,0.0,0.0,land,3.631671667098999,-0.09765748679637909,0.05465005710721016,1.0379204750061035,0.031820524483919144,0.6783412098884583,0.17281195521354675
1.0048612356185913,0.0444885715842247,0.0,0.16209193431969843,289,1785358386.3230138,1.061212182044983,0.060804642736911774,0.49826472997665405,17.029481887817383,5,7441,51,0,0,0.0032130349427461624,0,0,1.0,0.0,0,57,0,1,1023,0,0,0,0,0,0,0,0,1023,0,0,71,0,0,0,0,45,0,0,0,255,255,0.0,0.0,0.0,0.0,0.0,0.0,0.0,0.0,0.0,0.0,land,3.631671667098999,-0.1129826083779335,0.05987459421157837,1.0322543382644653,0.03496670350432396,0.788844645023346,0.16788731515407562
1.0048612356185913,0.0444885715842247,0.0,0.15742143705637768,289,1785358386.348099,1.061212182044983,0.060804642736911774,0.49826472997665405,17.029481887817383,5,7441,51,0,0,0.0032130349427461624,0,0,1.0,0.0,0,57,0,1,1023,0,0,0,0,0,0,0,0,1023,0,0,71,0,0,0,0,45,0,0,0,255,255,0.0,0.0,0.0,0.0,0.0,0.0,0.0,0.0,0.0,0.0,land,3.631671667098999,-0.1129826083779335,0.05987459421157837,1.0322543382644653,0.03496670350432396,0.788844645023346,0.16788731515407562
1.0048612356185913,0.0444885715842247,0.0,0.15275093979305687,289,1785358386.369998,1.061212182044983,0.060804642736911774,0.49826472997665405,17.029481887817383,5,7441,51,0,0,0.0032130349427461624,0,0,1.0,0.0,0,57,0,1,1023,0,0,0,0,0,0,0,0,1023,0,0,71,0,0,0,0,45,0,0,0,255,255,0.0,0.0,0.0,0.0,0.0,0.0,0.0,0.0,0.0,0.0,land,3.631671667098999,-0.11779551208019257,0.06043117120862007,1.0268224477767944,0.037797246128320694,0.9105216860771179,0.1603248566389084
1.0048612356185913,0.0444885715842247,0.0,0.14808044252973612,289,1785358386.394992,1.061212182044983,0.060804642736911774,0.49826472997665405,17.029481887817383,5,7441,51,0,0,0.0032130349427461624,0,0,1.0,0.0,0,57,0,1,1023,0,0,0,0,0,0,0,0,1023,0,0,72,0,0,0,0,45,0,0,0,255,255,0.0,0.0,0.0,0.0,0.0,0.0,0.0,0.0,0.0,0.0,land,3.631671667098999,-0.11779551208019257,0.06043117120862007,1.0268224477767944,0.037797246128320694,0.9105216860771179,0.1603248566389084
1.0048612356185913,0.0444885715842247,0.0,0.14340994526641537,289,1785358386.416427,1.061212182044983,0.060804642736911774,0.49826472997665405,17.029481887817383,5,7441,51,0,0,0.0032130349427461624,0,0,1.0,0.0,0,57,0,1,1023,0,0,0,0,0,0,0,0,1023,0,0,72,0,0,0,0,45,0,0,0,255,255,0.0,0.0,0.0,0.0,0.0,0.0,0.0,0.0,0.0,0.0,land,3.631671667098999,-0.11779551208019257,0.06043117120862007,1.0268224477767944,0.037797246128320694,0.9105216860771179,0.1603248566389084
1.0048612356185913,0.0444885715842247,0.0,0.13873944800309462,289,1785358386.437043,1.061212182044983,0.060804642736911774,0.49826472997665405,17.029481887817383,5,7441,51,0,0,0.0032130349427461624,0,0,1.0,0.0,0,57,0,1,1023,0,0,0,0,0,0,0,0,1023,0,0,72,0,0,0,0,45,0,0,0,255,255,0.0,0.0,0.0,0.0,0.0,0.0,0.0,0.0,0.0,0.0,land,3.631671667098999,-0.1194467768073082,0.05143897235393524,1.021238923072815,0.03977739438414574,1.0071848630905151,0.15059277415275574
1.0048612356185913,0.0444885715842247,0.0,0.13406895073977382,289,1785358386.461034,1.061212182044983,0.060804642736911774,0.49826472997665405,17.029481887817383,5,7441,51,0,0,0.0032130349427461624,0,0,1.0,0.0,0,57,0,1,1023,0,0,0,0,0,0,0,0,1023,0,0,72,0,0,0,0,45,0,0,0,255,255,0.0,0.0,0.0,0.0,0.0,0.0,0.0,0.0,0.0,0.0,land,3.631671667098999,-0.1194467768073082,0.05143897235393524,1.021238923072815,0.03977739438414574,1.0071848630905151,0.15059277415275574
1.0048612356185913,0.0444885715842247,0.0,0.12939845347645307,289,1785358386.483996,1.061212182044983,0.060804642736911774,0.49826472997665405,17.029481887817383,5,7441,51,0,0,0.0032130349427461624,0,0,1.0,0.0,0,57,0,1,1023,0,0,0,0,0,0,0,0,1023,0,0,72,0,0,0,0,45,0,0,0,255,255,0.0,0.0,0.0,0.0,0.0,0.0,0.0,0.0,0.0,0.0,land,3.6158359050750732,-0.11578750610351562,0.03717738017439842,1.0158896446228027,0.04140283167362213,1.1588598489761353,0.14036107063293457
1.0048612356185913,0.0444885715842247,0.0,0.12472795621313232,289,1785358386.5081012,1.061212182044983,0.060804642736911774,0.49826472997665405,17.029481887817383,5,7441,51,0,0,0.0032130349427461624,0,0,1.0,0.0,0,57,0,1,1023,0,0,0,0,0,0,0,0,1023,0,0,72,0,0,0,0,45,0,0,0,255,255,0.0,0.0,0.0,0.0,0.0,0.0,0.0,0.0,0.0,0.0,land,3.6158359050750732,-0.11578750610351562,0.03717738017439842,1.0158896446228027,0.04140283167362213,1.1588598489761353,0.14036107063293457
1.0048612356185913,0.0444885715842247,0.0,0.12005745894981151,289,1785358386.533082,1.061212182044983,0.060804642736911774,0.49826472997665405,17.029481887817383,5,7441,51,0,0,0.0032130349427461624,0,0,1.0,0.0,0,57,0,1,1023,0,0,0,0,0,0,0,0,1023,0,0,72,0,0,0,0,45,0,0,0,255,255,0.0,0.0,0.0,0.0,0.0,0.0,0.0,0.0,0.0,0.0,land,3.6158359050750732,-0.11348928511142731,0.023762492462992668,1.0100629329681396,0.04263279587030411,1.3284448385238647,0.13228780031204224
1.0048612356185913,0.0444885715842247,0.0,0.11538696168649076,289,1785358386.558164,1.061212182044983,0.060804642736911774,0.49826472997665405,17.029481887817383,5,7441,51,0,0,0.0032130349427461624,0,0,1.0,0.0,0,57,0,1,1023,0,0,0,0,0,0,0,0,1023,0,0,72,0,0,0,0,45,0,0,0,255,255,0.0,0.0,0.0,0.0,0.0,0.0,0.0,0.0,0.0,0.0,land,3.6158359050750732,-0.11348928511142731,0.023762492462992668,1.0100629329681396,0.04263279587030411,1.3284448385238647,0.13228780031204224
1.0048612356185913,0.0444885715842247,0.0,0.11071646442316996,289,1785358386.582026,1.061212182044983,0.060804642736911774,0.49826472997665405,17.029481887817383,5,7441,51,0,0,0.0032130349427461624,0,0,1.0,0.0,0,57,0,1,1023,0,0,0,0,0,0,0,0,1023,0,0,73,0,0,0,0,45,0,0,0,255,255,0.0,0.0,0.0,0.0,0.0,0.0,0.0,0.0,0.0,0.0,land,3.6158359050750732,-0.10929904133081436,0.010782062076032162,1.004330039024353,0.04331493750214577,1.4986622333526611,0.12620322406291962
1.0048612356185913,0.0444885715842247,0.0,0.10604596715984921,289,1785358386.60229,1.061212182044983,0.060804642736911774,0.49826472997665405,17.029481887817383,5,7441,51,0,0,0.0032130349427461624,0,0,1.0,0.0,0,57,0,1,1023,0,0,0,0,0,0,0,0,1023,0,0,73,0,0,0,0,45,0,0,0,255,255,0.0,0.0,0.0,0.0,0.0,0.0,0.0,0.0,0.0,0.0,land,3.6158359050750732,-0.10929904133081436,0.010782062076032162,1.004330039024353,0.04331493750214577,1.4986622333526611,0.12620322406291962
1.0048612356185913,0.0444885715842247,0.0,0.10137546989652846,289,1785358386.6243892,1.061212182044983,0.060804642736911774,0.49826472997665405,17.029481887817383,5,7441,51,0,0,0.0032130349427461624,0,0,1.0,0.0,0,57,0,1,1023,0,0,0,0,0,0,0,0,1023,0,0,73,0,0,0,0,45,0,0,0,255,255,0.0,0.0,0.0,0.0,0.0,0.0,0.0,0.0,0.0,0.0,land,3.6158359050750732,-0.09757781773805618,-0.0022057457827031612,0.9993056654930115,0.04340622201561928,1.6209940910339355,0.11839573830366135
1.0048612356185913,0.0444885715842247,0.0,0.09670497263320765,289,1785358386.645561,1.061212182044983,0.060804642736911774,0.49826472997665405,17.029481887817383,5,7441,51,0,0,0.0032130349427461624,0,0,1.0,0.0,0,57,0,1,1023,0,0,0,0,0,0,0,0,1023,0,0,73,0,0,0,0,45,0,0,0,255,255,0.0,0.0,0.0,0.0,0.0,0.0,0.0,0.0,0.0,0.0,land,3.6158359050750732,-0.09757781773805618,-0.0022057457827031612,0.9993056654930115,0.04340622201561928,1.6209940910339355,0.11839573830366135
1.0048612356185913,0.0444885715842247,0.0,0.0920344753698869,289,1785358386.6704168,1.061212182044983,0.060804642736911774,0.49826472997665405,17.029481887817383,5,7441,51,0,0,0.0032130349427461624,0,0,1.0,0.0,0,57,0,1,1023,0,0,0,0,0,0,0,0,1023,0,0,73,0,0,0,0,45,0,0,0,255,255,0.0,0.0,0.0,0.0,0.0,0.0,0.0,0.0,0.0,0.0,land,3.621114492416382,-0.07807901501655579,-0.013957838527858257,0.9951639771461487,0.04278895631432533,1.7721612453460693,0.11149904131889343
1.0048612356185913,0.0444885715842247,0.0,0.0873639781065661,289,1785358386.690623,1.061212182044983,0.060804642736911774,0.49826472997665405,17.029481887817383,5,7441,51,0,0,0.0032130349427461624,0,0,1.0,0.0,0,57,0,1,1023,0,0,0,0,0,0,0,0,1023,0,0,74,0,0,0,0,45,0,0,0,255,255,0.0,0.0,0.0,0.0,0.0,0.0,0.0,0.0,0.0,0.0,land,3.621114492416382,-0.07807901501655579,-0.013957838527858257,0.9951639771461487,0.04278895631432533,1.7721612453460693,0.11149904131889343
1.0048612356185913,0.0444885715842247,0.0,0.08269348084324535,289,1785358386.7131362,1.061212182044983,0.060804642736911774,0.49826472997665405,17.029481887817383,5,7441,51,0,0,0.0032130349427461624,0,0,1.0,0.0,0,57,0,1,1023,0,0,0,0,0,0,0,0,1023,0,0,74,0,0,0,0,45,0,0,0,255,255,0.0,0.0,0.0,0.0,0.0,0.0,0.0,0.0,0.0,0.0,land,3.621114492416382,-0.07807901501655579,-0.013957838527858257,0.9951639771461487,0.04278895631432533,1.7721612453460693,0.11149904131889343
1.0048612356185913,0.0444885715842247,0.0,0.0780229835799246,289,1785358386.734237,1.061212182044983,0.060804642736911774,0.49826472997665405,17.029481887817383,5,7441,51,0,0,0.0032130349427461624,0,0,1.0,0.0,0,57,0,1,1023,0,0,0,0,0,0,0,0,1023,0,0,74,0,0,0,0,45,0,0,0,255,255,0.0,0.0,0.0,0.0,0.0,0.0,0.0,0.0,0.0,0.0,land,3.621114492416382,-0.0532023049890995,-0.018182864412665367,0.9919071793556213,0.041634317487478256,2.0366084575653076,0.10525395721197128
1.0048612356185913,0.0444885715842247,0.0,0.07335248631660385,289,1785358386.756046,1.061212182044983,0.060804642736911774,0.49826472997665405,17.029481887817383,5,7441,51,0,0,0.0032130349427461624,0,0,1.0,0.0,0,57,0,1,1023,0,0,0,0,0,0,0,0,1023,0,0,74,0,0,0,0,45,0,0,0,255,255,0.0,0.0,0.0,0.0,0.0,0.0,0.0,0.0,0.0,0.0,land,3.621114492416382,-0.0532023049890995,-0.018182864412665367,0.9919071793556213,0.041634317487478256,2.0366084575653076,0.10525395721197128
1.0048612356185913,0.0444885715842247,0.0,0.0686819890532831,289,1785358386.776852,1.061212182044983,0.060804642736911774,0.49826472997665405,17.029481887817383,5,7441,51,0,0,0.0032130349427461624,0,0,1.0,0.0,0,57,0,1,1023,0,0,0,0,0,0,0,0,1023,0,0,74,0,0,0,0,45,0,0,0,255,255,0.0,0.0,0.0,0.0,0.0,0.0,0.0,0.0,0.0,0.0,land,3.6263930797576904,-0.03281278908252716,-0.014196956530213356,0.9902397990226746,0.04065155237913132,2.1990039348602295,0.10002198815345764
1.0048612356185913,0.0444885715842247,0.0,0.0640114917899623,289,1785358386.7999942,1.061212182044983,0.060804642736911774,0.49826472997665405,17.029481887817383,5,7441,51,0,0,0.0032130349427461624,0,0,1.0,0.0,0,57,0,1,1023,0,0,0,0,0,0,0,0,1023,0,0,74,0,0,0,0,45,0,0,0,255,255,0.0,0.0,0.0,0.0,0.0,0.0,0.0,0.0,0.0,0.0,land,3.6263930797576904,-0.03281278908252716,-0.014196956530213356,0.9902397990226746,0.04065155237913132,2.1990039348602295,0.10002198815345764
1.0048612356185913,0.0444885715842247,0.0,0.059340994526641544,289,1785358386.824725,1.061212182044983,0.060804642736911774,0.49826472997665405,17.029481887817383,5,7441,51,0,0,0.0032130349427461624,0,0,1.0,0.0,0,57,0,1,1023,0,0,0,0,0,0,0,0,1023,0,0,74,0,0,0,0,45,0,0,0,255,255,0.0,0.0,0.0,0.0,0.0,0.0,0.0,0.0,0.0,0.0,land,3.6263930797576904,-0.005221403203904629,-0.028650444000959396,0.9890194535255432,0.03968634083867073,2.4337704181671143,0.09245437383651733
1.0048612356185913,0.0444885715842247,0.0,0.05467049726332074,289,1785358386.847017,1.061212182044983,0.060804642736911774,0.49826472997665405,17.029481887817383,5,7441,51,0,0,0.0032130349427461624,0,0,1.0,0.0,0,57,0,1,1023,0,0,0,0,0,0,0,0,1023,0,0,74,0,0,0,0,45,0,0,0,255,255,0.0,0.0,0.0,0.0,0.0,0.0,0.0,0.0,0.0,0.0,land,3.6263930797576904,-0.005221403203904629,-0.028650444000959396,0.9890194535255432,0.03968634083867073,2.4337704181671143,0.09245437383651733
1.0048612356185913,0.0444885715842247,0.0,0.04999999999999999,289,1785358386.872105,1.061212182044983,0.060804642736911774,0.49826472997665405,17.029481887817383,5,7441,51,0,0,0.0032130349427461624,0,0,1.0,0.0,0,57,0,1,1023,0,0,0,0,0,0,0,0,1023,0,0,74,0,0,0,0,45,0,0,0,255,255,0.0,0.0,0.0,0.0,0.0,0.0,0.0,0.0,0.0,0.0,land,3.6263930797576904,0.017392951995134354,-0.018926406279206276,0.9893826842308044,0.03815978020429611,2.6986217498779297,0.08663614839315414
