image,host_time,phase,cmd_x,cmd_y,cmd_z,cmd_yaw_deg,frame_id,frame_width,frame_height,frame_bpp,frame_format,frame_gap8_timestamp,state_gap8_timestamp,state_stm32_timestamp,meta_x_m,meta_y_m,meta_z_m,meta_vx_mps,meta_vy_mps,meta_vz_mps,meta_quat,meta_rate_roll_rps,meta_rate_pitch_rps,meta_rate_yaw_rps,log_x,log_y,log_z,log_yaw_deg,log_vx,log_vy,log_vz,vbat,host_queue_dropped
frames/frame_000001.pgm,1784901216.589690,init,0.0,0.0,0.0,0.0,125,160,160,1,0,30197692,0,0,0.0,0.0,0.0,0.0,0.0,0.0,0,0.0,0.0,0.0,,,,,,,,,0
frames/frame_000002.pgm,1784901216.625502,init,0.0,0.0,0.0,0.0,126,160,160,1,0,30231018,0,0,0.0,0.0,0.0,0.0,0.0,0.0,0,0.0,0.0,0.0,,,,,,,,,0
frames/frame_000003.pgm,1784901216.656618,init,0.0,0.0,0.0,0.0,127,160,160,1,0,30264343,0,0,0.0,0.0,0.0,0.0,0.0,0.0,0,0.0,0.0,0.0,,,,,,,,,0
frames/frame_000004.pgm,1784901216.721931,init,0.0,0.0,0.0,0.0,128,160,160,1,0,30297668,0,0,0.0,0.0,0.0,0.0,0.0,0.0,0,0.0,0.0,0.0,,,,,,,,,0
frames/frame_000005.pgm,1784901216.737398,init,0.0,0.0,0.0,0.0,129,160,160,1,0,30330993,0,0,0.0,0.0,0.0,0.0,0.0,0.0,0,0.0,0.0,0.0,,,,,,,,,0
frames/frame_000006.pgm,1784901216.750753,init,0.0,0.0,0.0,0.0,130,160,160,1,0,30364318,0,0,0.0,0.0,0.0,0.0,0.0,0.0,0,0.0,0.0,0.0,,,,,,,,,0
frames/frame_000007.pgm,1784901216.788437,init,0.0,0.0,0.0,0.0,131,160,160,1,0,30397674,0,0,0.0,0.0,0.0,0.0,0.0,0.0,0,0.0,0.0,0.0,,,,,,,,,0
frames/frame_000008.pgm,1784901216.822711,init,0.0,0.0,0.0,0.0,132,160,160,1,0,30430999,0,0,0.0,0.0,0.0,0.0,0.0,0.0,0,0.0,0.0,0.0,,,,,,,,,0
frames/frame_000009.pgm,1784901216.854563,init,0.0,0.0,0.0,0.0,133,160,160,1,0,30464324,0,0,0.0,0.0,0.0,0.0,0.0,0.0,0,0.0,0.0,0.0,,,,,,,,,0
frames/frame_000010.pgm,1784901216.893621,init,0.0,0.0,0.0,0.0,134,160,160,1,0,30497650,0,0,0.0,0.0,0.0,0.0,0.0,0.0,0,0.0,0.0,0.0,,,,,,,,,0
frames/frame_000011.pgm,1784901216.921281,init,0.0,0.0,0.0,0.0,135,160,160,1,0,30530975,0,0,0.0,0.0,0.0,0.0,0.0,0.0,0,0.0,0.0,0.0,,,,,,,,,0
frames/frame_000012.pgm,1784901216.955643,init,0.0,0.0,0.0,0.0,136,160,160,1,0,30564300,0,0,0.0,0.0,0.0,0.0,0.0,0.0,0,0.0,0.0,0.0,,,,,,,,,0
frames/frame_000013.pgm,1784901216.988365,init,0.0,0.0,0.0,0.0,137,160,160,1,0,30597656,0,0,0.0,0.0,0.0,0.0,0.0,0.0,0,0.0,0.0,0.0,,,,,,,,,0
frames/frame_000014.pgm,1784901217.022913,init,0.0,0.0,0.0,0.0,138,160,160,1,0,30630981,0,0,0.0,0.0,0.0,0.0,0.0,0.0,0,0.0,0.0,0.0,,,,,,,,,0
frames/frame_000015.pgm,1784901217.054613,init,0.0,0.0,0.0,0.0,139,160,160,1,0,30664306,0,0,0.0,0.0,0.0,0.0,0.0,0.0,0,0.0,0.0,0.0,,,,,,,,,0
frames/frame_000016.pgm,1784901217.089335,init,0.0,0.0,0.0,0.0,140,160,160,1,0,30697631,0,0,0.0,0.0,0.0,0.0,0.0,0.0,0,0.0,0.0,0.0,,,,,,,,,0
frames/frame_000017.pgm,1784901217.125021,init,0.0,0.0,0.0,0.0,141,160,160,1,0,30730957,0,0,0.0,0.0,0.0,0.0,0.0,0.0,0,0.0,0.0,0.0,,,,,,,,,0
frames/frame_000018.pgm,1784901217.154379,init,0.0,0.0,0.0,0.0,142,160,160,1,0,30764282,0,0,0.0,0.0,0.0,0.0,0.0,0.0,0,0.0,0.0,0.0,,,,,,,,,0
frames/frame_000019.pgm,1784901217.188783,init,0.0,0.0,0.0,0.0,143,160,160,1,0,30797637,0,0,0.0,0.0,0.0,0.0,0.0,0.0,0,0.0,0.0,0.0,,,,,,,,,0
frames/frame_000020.pgm,1784901217.222430,init,0.0,0.0,0.0,0.0,144,160,160,1,0,30830963,0,0,0.0,0.0,0.0,0.0,0.0,0.0,0,0.0,0.0,0.0,,,,,,,,,0
frames/frame_000021.pgm,1784901217.264561,init,0.0,0.0,0.0,0.0,145,160,160,1,0,30864288,0,0,0.0,0.0,0.0,0.0,0.0,0.0,0,0.0,0.0,0.0,,,,,,,,,0
frames/frame_000022.pgm,1784901217.293778,init,0.0,0.0,0.0,0.0,146,160,160,1,0,30897613,0,0,0.0,0.0,0.0,0.0,0.0,0.0,0,0.0,0.0,0.0,,,,,,,,,0
frames/frame_000023.pgm,1784901217.322680,init,0.0,0.0,0.0,0.0,147,160,160,1,0,30930938,0,0,0.0,0.0,0.0,0.0,0.0,0.0,0,0.0,0.0,0.0,,,,,,,,,0
frames/frame_000024.pgm,1784901217.356942,init,0.0,0.0,0.0,0.0,148,160,160,1,0,30964263,0,0,0.0,0.0,0.0,0.0,0.0,0.0,0,0.0,0.0,0.0,,,,,,,,,0
frames/frame_000025.pgm,1784901217.388078,init,0.0,0.0,0.0,0.0,149,160,160,1,0,30997619,0,0,0.0,0.0,0.0,0.0,0.0,0.0,0,0.0,0.0,0.0,,,,,,,,,0
frames/frame_000026.pgm,1784901217.422601,init,0.0,0.0,0.0,0.0,150,160,160,1,0,31030944,0,0,0.0,0.0,0.0,0.0,0.0,0.0,0,0.0,0.0,0.0,,,,,,,,,0
frames/frame_000027.pgm,1784901217.454686,init,0.0,0.0,0.0,0.0,151,160,160,1,0,31064270,0,0,0.0,0.0,0.0,0.0,0.0,0.0,0,0.0,0.0,0.0,,,,,,,,,0
frames/frame_000028.pgm,1784901217.487981,init,0.0,0.0,0.0,0.0,152,160,160,1,0,31097595,0,0,0.0,0.0,0.0,0.0,0.0,0.0,0,0.0,0.0,0.0,,,,,,,,,0
frames/frame_000029.pgm,1784901217.586619,init,0.0,0.0,0.0,0.0,153,160,160,1,0,31130920,0,0,0.0,0.0,0.0,0.0,0.0,0.0,0,0.0,0.0,0.0,,,,,,,,,0
frames/frame_000030.pgm,1784901217.767157,init,0.0,0.0,0.0,0.0,154,160,160,1,0,31164245,0,0,0.0,0.0,0.0,0.0,0.0,0.0,0,0.0,0.0,0.0,,,,,,,,,0
frames/frame_000031.pgm,1784901217.793029,init,0.0,0.0,0.0,0.0,155,160,160,1,0,31197601,0,0,0.0,0.0,0.0,0.0,0.0,0.0,0,0.0,0.0,0.0,,,,,,,,,0
frames/frame_000032.pgm,1784901217.816288,init,0.0,0.0,0.0,0.0,156,160,160,1,0,31230926,0,0,0.0,0.0,0.0,0.0,0.0,0.0,0,0.0,0.0,0.0,,,,,,,,,0
frames/frame_000033.pgm,1784901217.835340,init,0.0,0.0,0.0,0.0,157,160,160,1,0,31264251,0,0,0.0,0.0,0.0,0.0,0.0,0.0,0,0.0,0.0,0.0,,,,,,,,,0
frames/frame_000034.pgm,1784901217.852674,init,0.0,0.0,0.0,0.0,163,160,160,1,0,31464233,0,0,0.0,0.0,0.0,0.0,0.0,0.0,0,0.0,0.0,0.0,,,,,,,,,0
frames/frame_000035.pgm,1784901217.887574,init,0.0,0.0,0.0,0.0,164,160,160,1,0,31497558,0,0,0.0,0.0,0.0,0.0,0.0,0.0,0,0.0,0.0,0.0,,,,,,,,,0
frames/frame_000036.pgm,1784901217.923604,init,0.0,0.0,0.0,0.0,165,160,160,1,0,31530883,0,0,0.0,0.0,0.0,0.0,0.0,0.0,0,0.0,0.0,0.0,,,,,,,,,0
frames/frame_000037.pgm,1784901217.954427,init,0.0,0.0,0.0,0.0,166,160,160,1,0,31564208,0,0,0.0,0.0,0.0,0.0,0.0,0.0,0,0.0,0.0,0.0,,,,,,,,,0
frames/frame_000038.pgm,1784901218.017041,init,0.0,0.0,0.0,0.0,167,160,160,1,0,31597564,0,0,0.0,0.0,0.0,0.0,0.0,0.0,0,0.0,0.0,0.0,0.021871332079172134,0.026934467256069183,0.012509574182331562,-0.005119634326547384,0.0003322009870316833,0.0007126818527467549,-0.002374409232288599,,0
frames/frame_000039.pgm,1784901218.022117,init,0.0,0.0,0.0,0.0,168,160,160,1,0,31630889,0,0,0.0,0.0,0.0,0.0,0.0,0.0,0,0.0,0.0,0.0,0.021871332079172134,0.026934467256069183,0.012509574182331562,-0.005119634326547384,0.0003322009870316833,0.0007126818527467549,-0.002374409232288599,,0
frames/frame_000040.pgm,1784901218.054620,init,0.0,0.0,0.0,0.0,169,160,160,1,0,31664215,0,0,0.0,0.0,0.0,0.0,0.0,0.0,0,0.0,0.0,0.0,0.021871332079172134,0.026934467256069183,0.012509574182331562,-0.005119634326547384,0.0003322009870316833,0.0007126818527467549,-0.002374409232288599,,0
frames/frame_000041.pgm,1784901218.092907,init,0.0,0.0,0.0,0.0,170,160,160,1,0,31697540,0,0,0.0,0.0,0.0,0.0,0.0,0.0,0,0.0,0.0,0.0,0.02210591547191143,0.02694430947303772,0.012085163034498692,-0.0065441131591796875,0.0014509226894006133,-0.00012882619921583682,0.0010887904791161418,4.11202335357666,0
frames/frame_000042.pgm,1784901218.124544,init,0.0,0.0,0.0,0.0,171,160,160,1,0,31730865,0,0,0.0,0.0,0.0,0.0,0.0,0.0,0,0.0,0.0,0.0,0.021175527945160866,0.027876371517777443,0.011730649508535862,0.006829692982137203,-0.0038651153445243835,0.004618224687874317,-0.0007173141348175704,4.11202335357666,0
frames/frame_000043.pgm,1784901218.156881,init,0.0,0.0,0.0,0.0,172,160,160,1,0,31764190,0,0,0.0,0.0,0.0,0.0,0.0,0.0,0,0.0,0.0,0.0,0.021880434826016426,0.02644655853509903,0.010647788643836975,-0.007831254042685032,0.00029236910631880164,-0.0023416378535330296,-0.005389763507992029,4.11202335357666,0
frames/frame_000044.pgm,1784901218.187802,init,0.0,0.0,0.0,0.0,173,160,160,1,0,31797546,0,0,0.0,0.0,0.0,0.0,0.0,0.0,0,0.0,0.0,0.0,0.021880434826016426,0.02644655853509903,0.010647788643836975,-0.007831254042685032,0.00029236910631880164,-0.0023416378535330296,-0.005389763507992029,4.11202335357666,0
frames/frame_000045.pgm,1784901218.221984,init,0.0,0.0,0.0,0.0,174,160,160,1,0,31830871,0,0,0.0,0.0,0.0,0.0,0.0,0.0,0,0.0,0.0,0.0,0.021395409479737282,0.024523787200450897,0.01235831156373024,-0.0048734829761087894,-0.0019243037095293403,-0.011650977656245232,0.004352980758994818,4.11202335357666,0
frames/frame_000046.pgm,1784901218.279048,init,0.0,0.0,0.0,0.0,175,160,160,1,0,31864196,0,0,0.0,0.0,0.0,0.0,0.0,0.0,0,0.0,0.0,0.0,0.021407082676887512,0.025746526196599007,0.01287238858640194,0.002858860185369849,-0.0014029376907274127,-0.0035680870059877634,0.006143414881080389,4.11202335357666,0
frames/frame_000047.pgm,1784901218.317837,init,0.0,0.0,0.0,0.0,176,160,160,1,0,31897521,0,0,0.0,0.0,0.0,0.0,0.0,0.0,0,0.0,0.0,0.0,0.022087808698415756,0.024095695465803146,0.01142593752592802,-0.019170422106981277,0.0019328106427565217,-0.010879854671657085,-0.0017095181392505765,4.11202335357666,0
frames/frame_000048.pgm,1784901218.325219,init,0.0,0.0,0.0,0.0,177,160,160,1,0,31930847,0,0,0.0,0.0,0.0,0.0,0.0,0.0,0,0.0,0.0,0.0,0.022087808698415756,0.024095695465803146,0.01142593752592802,-0.019170422106981277,0.0019328106427565217,-0.010879854671657085,-0.0017095181392505765,4.11202335357666,0
frames/frame_000049.pgm,1784901218.348261,init,0.0,0.0,0.0,0.0,178,160,160,1,0,31964172,0,0,0.0,0.0,0.0,0.0,0.0,0.0,0,0.0,0.0,0.0,0.022087808698415756,0.024095695465803146,0.01142593752592802,-0.019170422106981277,0.0019328106427565217,-0.010879854671657085,-0.0017095181392505765,4.11202335357666,0
frames/frame_000050.pgm,1784901218.388027,init,0.0,0.0,0.0,0.0,179,160,160,1,0,31997528,0,0,0.0,0.0,0.0,0.0,0.0,0.0,0,0.0,0.0,0.0,0.022095289081335068,0.024048756808042526,0.011713376268744469,-0.017253557220101357,0.0018962699687108397,-0.008925936184823513,-0.000614439370110631,4.106744766235352,0
frames/frame_000051.pgm,1784901218.421354,init,0.0,0.0,0.0,0.0,180,160,160,1,0,32030853,0,0,0.0,0.0,0.0,0.0,0.0,0.0,0,0.0,0.0,0.0,0.022185875102877617,0.023566834628582,0.012199641205370426,-0.014249826781451702,0.0017363291699439287,-0.010057654231786728,0.0021600236650556326,4.106744766235352,0
frames/frame_000052.pgm,1784901218.456535,init,0.0,0.0,0.0,0.0,181,160,160,1,0,32064178,0,0,0.0,0.0,0.0,0.0,0.0,0.0,0,0.0,0.0,0.0,0.02188444323837757,0.01847899705171585,0.012223934754729271,-0.006808218080550432,0.0017363291699439287,-0.010057654231786728,0.0021600236650556326,4.106744766235352,0
frames/frame_000053.pgm,1784901218.489144,init,0.0,0.0,0.0,0.0,182,160,160,1,0,32097503,0,0,0.0,0.0,0.0,0.0,0.0,0.0,0,0.0,0.0,0.0,0.02188444323837757,0.01847899705171585,0.012223934754729271,-0.006808218080550432,0.00025348030612803996,-0.031155340373516083,0.002127540996298194,4.11202335357666,0
frames/frame_000054.pgm,1784901218.521985,init,0.0,0.0,0.0,0.0,183,160,160,1,0,32130828,0,0,0.0,0.0,0.0,0.0,0.0,0.0,0,0.0,0.0,0.0,0.023111702874302864,0.01964551955461502,0.0114559605717659,-0.05687030777335167,0.006173502653837204,-0.019816182553768158,-0.002091264119371772,4.11202335357666,0
frames/frame_000055.pgm,1784901218.554892,init,0.0,0.0,0.0,0.0,184,160,160,1,0,32164154,0,0,0.0,0.0,0.0,0.0,0.0,0.0,0,0.0,0.0,0.0,0.022130435332655907,0.01905849762260914,0.011664040386676788,-0.010858757421374321,0.006173502653837204,-0.019816182553768158,-0.002091264119371772,4.11202335357666,0
frames/frame_000056.pgm,1784901218.593371,init,0.0,0.0,0.0,0.0,185,160,160,1,0,32197509,0,0,0.0,0.0,0.0,0.0,0.0,0.0,0,0.0,0.0,0.0,0.022130435332655907,0.01905849762260914,0.011664040386676788,-0.010858757421374321,0.0006412395741790533,-0.01869700476527214,-0.0005894227651879191,4.11202335357666,0
frames/frame_000057.pgm,1784901218.621263,init,0.0,0.0,0.0,0.0,186,160,160,1,0,32230834,0,0,0.0,0.0,0.0,0.0,0.0,0.0,0,0.0,0.0,0.0,0.021892178803682327,0.0191381573677063,0.012330833822488785,0.0002972459769807756,-0.000268262141617015,-0.014174897223711014,0.0029925561975687742,4.11202335357666,0
frames/frame_000058.pgm,1784901218.654695,init,0.0,0.0,0.0,0.0,187,160,160,1,0,32264160,0,0,0.0,0.0,0.0,0.0,0.0,0.0,0,0.0,0.0,0.0,0.02210957370698452,0.01930268667638302,0.01183089055120945,-0.008874358609318733,-0.000268262141617015,-0.014174897223711014,0.0029925561975687742,4.11202335357666,0
frames/frame_000059.pgm,1784901218.688601,init,0.0,0.0,0.0,0.0,188,160,160,1,0,32297485,0,0,0.0,0.0,0.0,0.0,0.0,0.0,0,0.0,0.0,0.0,0.02210957370698452,0.01930268667638302,0.01183089055120945,-0.008874358609318733,4.920190622215159e-05,-0.009997795335948467,-0.0002700065087992698,4.11202335357666,0
frames/frame_000060.pgm,1784901218.721038,init,0.0,0.0,0.0,0.0,189,160,160,1,0,32330810,0,0,0.0,0.0,0.0,0.0,0.0,0.0,0,0.0,0.0,0.0,0.022992243990302086,0.01980484649538994,0.011103834956884384,-0.033195775002241135,0.005091425031423569,-0.005176672711968422,-0.00413229875266552,4.11202335357666,0
frames/frame_000061.pgm,1784901218.757221,init,0.0,0.0,0.0,0.0,190,160,160,1,0,32364135,0,0,0.0,0.0,0.0,0.0,0.0,0.0,0,0.0,0.0,0.0,0.021196376532316208,0.01975886896252632,0.011396344751119614,0.019347243010997772,-0.004925682675093412,-0.0038365584332495928,-0.0016156175406649709,4.117301940917969,0
frames/frame_000062.pgm,1784901218.787676,init,0.0,0.0,0.0,0.0,191,160,160,1,0,32397491,0,0,0.0,0.0,0.0,0.0,0.0,0.0,0,0.0,0.0,0.0,0.021196376532316208,0.01975886896252632,0.011396344751119614,0.019347243010997772,-0.004925682675093412,-0.0038365584332495928,-0.0016156175406649709,4.117301940917969,0
frames/frame_000063.pgm,1784901218.821540,init,0.0,0.0,0.0,0.0,192,160,160,1,0,32430816,0,0,0.0,0.0,0.0,0.0,0.0,0.0,0,0.0,0.0,0.0,0.023100854828953743,0.01970778964459896,0.011647096835076809,-0.013653675094246864,0.005607636179775,-0.0017661639722064137,0.0001365900825476274,4.117301940917969,0
frames/frame_000064.pgm,1784901218.854191,init,0.0,0.0,0.0,0.0,193,160,160,1,0,32464141,0,0,0.0,0.0,0.0,0.0,0.0,0.0,0,0.0,0.0,0.0,0.02110806666314602,0.017444666475057602,0.01185617409646511,0.007363156881183386,0.005607636179775,-0.0017661639722064137,0.0001365900825476274,4.11202335357666,0
frames/frame_000065.pgm,1784901218.888178,init,0.0,0.0,0.0,0.0,194,160,160,1,0,32497467,0,0,0.0,0.0,0.0,0.0,0.0,0.0,0,0.0,0.0,0.0,0.02110806666314602,0.017444666475057602,0.01185617409646511,0.007363156881183386,-0.005331361200660467,-0.012336707673966885,0.0012816558592021465,4.11202335357666,0
frames/frame_000066.pgm,1784901218.921016,init,0.0,0.0,0.0,0.0,195,160,160,1,0,32530792,0,0,0.0,0.0,0.0,0.0,0.0,0.0,0,0.0,0.0,0.0,0.02238275296986103,0.018717164173722267,0.012097439728677273,0.0021564955823123455,0.0013393806293606758,-0.00413369620218873,0.002424825681373477,4.11202335357666,0
frames/frame_000067.pgm,1784901218.954661,init,0.0,0.0,0.0,0.0,196,160,160,1,0,32564117,0,0,0.0,0.0,0.0,0.0,0.0,0.0,0,0.0,0.0,0.0,0.022132907062768936,0.01873568445444107,0.01077516470104456,0.007662926334887743,0.0013393806293606758,-0.00413369620218873,0.002424825681373477,4.11202335357666,0
frames/frame_000068.pgm,1784901218.987296,init,0.0,0.0,0.0,0.0,197,160,160,1,0,32597473,0,0,0.0,0.0,0.0,0.0,0.0,0.0,0,0.0,0.0,0.0,0.022132907062768936,0.01873568445444107,0.01077516470104456,0.007662926334887743,-0.00019558938220143318,-0.002445642836391926,-0.004410292953252792,4.11202335357666,0
frames/frame_000069.pgm,1784901219.025819,init,0.0,0.0,0.0,0.0,198,160,160,1,0,32630798,0,0,0.0,0.0,0.0,0.0,0.0,0.0,0,0.0,0.0,0.0,0.02107529528439045,0.01738710328936577,0.010338210500776768,0.00482983561232686,-0.005365012213587761,-0.008367936126887798,-0.005303895100951195,4.11202335357666,0
frames/frame_000070.pgm,1784901219.055272,init,0.0,0.0,0.0,0.0,199,160,160,1,0,32664123,0,0,0.0,0.0,0.0,0.0,0.0,0.0,0,0.0,0.0,0.0,0.02185973711311817,0.018177203834056854,0.010081402957439423,0.00952675100415945,-0.005365012213587761,-0.008367936126887798,-0.005303895100951195,4.11202335357666,0
frames/frame_000071.pgm,1784901219.087517,init,0.0,0.0,0.0,0.0,200,160,160,1,0,32697448,0,0,0.0,0.0,0.0,0.0,0.0,0.0,0,0.0,0.0,0.0,0.02185973711311817,0.018177203834056854,0.010081402957439423,0.00952675100415945,-0.0009149318211711943,-0.0036703471560031176,-0.0054070353507995605,4.11202335357666,0
frames/frame_000072.pgm,1784901219.124051,init,0.0,0.0,0.0,0.0,201,160,160,1,0,32730773,0,0,0.0,0.0,0.0,0.0,0.0,0.0,0,0.0,0.0,0.0,0.02234182506799698,0.017663275822997093,0.010709927417337894,0.009587440639734268,0.0020302515476942062,-0.004896719008684158,-0.0008919953252188861,4.11202335357666,0
frames/frame_000073.pgm,1784901219.154375,init,0.0,0.0,0.0,0.0,202,160,160,1,0,32764099,0,0,0.0,0.0,0.0,0.0,0.0,0.0,0,0.0,0.0,0.0,0.021118124946951866,0.017475763335824013,0.010412600822746754,0.0020134630613029003,0.0020302515476942062,-0.004896719008684158,-0.0008919953252188861,4.11202335357666,0
frames/frame_000074.pgm,1784901219.187779,init,0.0,0.0,0.0,0.0,203,160,160,1,0,32797454,0,0,0.0,0.0,0.0,0.0,0.0,0.0,0,0.0,0.0,0.0,0.021118124946951866,0.017475763335824013,0.010412600822746754,0.0020134630613029003,-0.004315400030463934,-0.005677847657352686,-0.0019355951808393002,4.11202335357666,0
frames/frame_000075.pgm,1784901219.221580,init,0.0,0.0,0.0,0.0,204,160,160,1,0,32830780,0,0,0.0,0.0,0.0,0.0,0.0,0.0,0,0.0,0.0,0.0,0.02207344025373459,0.018657606095075607,0.010642463341355324,0.017030255869030952,0.0003971934493165463,0.0008407996501773596,-0.00028598305652849376,4.11202335357666,0
frames/frame_000076.pgm,1784901219.254386,init,0.0,0.0,0.0,0.0,205,160,160,1,0,32864105,0,0,0.0,0.0,0.0,0.0,0.0,0.0,0,0.0,0.0,0.0,0.022055288776755333,0.018918458372354507,0.012656723149120808,0.02121865563094616,0.0003971934493165463,0.0008407996501773596,-0.00028598305652849376,4.11202335357666,0
frames/frame_000077.pgm,1784901219.303180,init,0.0,0.0,0.0,0.0,206,160,160,1,0,32897430,0,0,0.0,0.0,0.0,0.0,0.0,0.0,0,0.0,0.0,0.0,0.022055288776755333,0.018918458372354507,0.012656723149120808,0.02121865563094616,0.0011129903141409159,0.002319679595530033,0.007479730062186718,4.11202335357666,0
frames/frame_000078.pgm,1784901219.374746,init,0.0,0.0,0.0,0.0,207,160,160,1,0,32930755,0,0,0.0,0.0,0.0,0.0,0.0,0.0,0,0.0,0.0,0.0,0.020997142419219017,0.017340801656246185,0.012538295239210129,0.010138855315744877,-0.004493884742259979,-0.005520202685147524,0.004868062678724527,4.101466178894043,0
frames/frame_000079.pgm,1784901219.468107,init,0.0,0.0,0.0,0.0,208,160,160,1,0,32964080,0,0,0.0,0.0,0.0,0.0,0.0,0.0,0,0.0,0.0,0.0,0.022095810621976852,0.01893940009176731,0.012177352793514729,0.01959189586341381,0.0003276464994996786,0.001125881215557456,0.0017635934054851532,4.11202335357666,0
frames/frame_000080.pgm,1784901219.478696,init,0.0,0.0,0.0,0.0,209,160,160,1,0,32997436,0,0,0.0,0.0,0.0,0.0,0.0,0.0,0,0.0,0.0,0.0,0.022095810621976852,0.01893940009176731,0.012177352793514729,0.01959189586341381,0.0003276464994996786,0.001125881215557456,0.0017635934054851532,4.11202335357666,0
frames/frame_000081.pgm,1784901219.486577,init,0.0,0.0,0.0,0.0,210,160,160,1,0,33030761,0,0,0.0,0.0,0.0,0.0,0.0,0.0,0,0.0,0.0,0.0,0.022095810621976852,0.01893940009176731,0.012177352793514729,0.01959189586341381,0.0003276464994996786,0.001125881215557456,0.0017635934054851532,4.11202335357666,0
frames/frame_000082.pgm,1784901219.556261,init,0.0,0.0,0.0,0.0,213,160,160,1,0,33130737,0,0,0.0,0.0,0.0,0.0,0.0,0.0,0,0.0,0.0,0.0,0.02312871813774109,0.019708925858139992,0.012236347422003746,0.028363406658172607,0.005485599860548973,0.0049596368335187435,0.0018879225244745612,4.11202335357666,0
frames/frame_000083.pgm,1784901219.663917,init,0.0,0.0,0.0,0.0,214,160,160,1,0,33164062,0,0,0.0,0.0,0.0,0.0,0.0,0.0,0,0.0,0.0,0.0,0.0210940632969141,0.01738882064819336,0.010080861859023571,0.020824378356337547,-0.004893753211945295,-0.006763463839888573,-0.007843009196221828,4.117301940917969,0
frames/frame_000084.pgm,1784901219.670627,init,0.0,0.0,0.0,0.0,215,160,160,1,0,33197418,0,0,0.0,0.0,0.0,0.0,0.0,0.0,0,0.0,0.0,0.0,0.0210940632969141,0.01738882064819336,0.010080861859023571,0.020824378356337547,-0.004893753211945295,-0.006763463839888573,-0.007843009196221828,4.117301940917969,0
frames/frame_000085.pgm,1784901219.695545,init,0.0,0.0,0.0,0.0,216,160,160,1,0,33230743,0,0,0.0,0.0,0.0,0.0,0.0,0.0,0,0.0,0.0,0.0,0.0210940632969141,0.01738882064819336,0.010080861859023571,0.020824378356337547,-0.004893753211945295,-0.006763463839888573,-0.007843009196221828,4.117301940917969,0
frames/frame_000086.pgm,1784901220.217919,init,0.0,0.0,0.0,0.0,217,160,160,1,0,33264068,0,0,0.0,0.0,0.0,0.0,0.0,0.0,0,0.0,0.0,0.0,-6.533231498906389e-05,7.449135591741651e-05,0.012196449562907219,-0.0007431096746586263,-0.0016333331586793065,-0.003804889041930437,0.0031096991151571274,4.11202335357666,0
frames/frame_000087.pgm,1784901220.238671,init,0.0,0.0,0.0,0.0,220,160,160,1,0,33364044,0,0,0.0,0.0,0.0,0.0,0.0,0.0,0,0.0,0.0,0.0,-6.533231498906389e-05,7.449135591741651e-05,0.012196449562907219,-0.0007431096746586263,-0.0016333331586793065,-0.003804889041930437,0.0031096991151571274,4.11202335357666,0
frames/frame_000088.pgm,1784901220.267000,init,0.0,0.0,0.0,0.0,221,160,160,1,0,33397399,0,0,0.0,0.0,0.0,0.0,0.0,0.0,0,0.0,0.0,0.0,-0.0007372201071120799,-0.001242143101990223,0.011886171996593475,-0.003165215952321887,-0.00952350627630949,-0.020444383844733238,0.0009387953905388713,4.11202335357666,0
frames/frame_000089.pgm,1784901220.286737,init,0.0,0.0,0.0,0.0,236,160,160,1,0,33897338,0,0,0.0,0.0,0.0,0.0,0.0,0.0,0,0.0,0.0,0.0,-0.0007372201071120799,-0.001242143101990223,0.011886171996593475,-0.003165215952321887,-0.00952350627630949,-0.020444383844733238,0.0009387953905388713,4.11202335357666,0
frames/frame_000090.pgm,1784901220.321170,init,0.0,0.0,0.0,0.0,237,160,160,1,0,33930664,0,0,0.0,0.0,0.0,0.0,0.0,0.0,0,0.0,0.0,0.0,-0.0007759646396152675,-0.0017414763569831848,0.011295739561319351,-0.004484232049435377,-0.007791493553668261,-0.02207719162106514,-0.0021212527062743902,4.11202335357666,0
frames/frame_000091.pgm,1784901220.355112,init,0.0,0.0,0.0,0.0,238,160,160,1,0,33964019,0,0,0.0,0.0,0.0,0.0,0.0,0.0,0,0.0,0.0,0.0,-0.0009928490035235882,-0.0017977337120100856,0.0112494807690382,-0.0032052078749984503,-0.008026326075196266,-0.020363284274935722,-0.0018319605151191354,4.11202335357666,0
frames/frame_000092.pgm,1784901220.390592,init,0.0,0.0,0.0,0.0,239,160,160,1,0,33997344,0,0,0.0,0.0,0.0,0.0,0.0,0.0,0,0.0,0.0,0.0,-0.0009928490035235882,-0.0017977337120100856,0.0112494807690382,-0.0032052078749984503,-0.008026326075196266,-0.020363284274935722,-0.0018319605151191354,4.11202335357666,0
frames/frame_000093.pgm,1784901220.422192,init,0.0,0.0,0.0,0.0,240,160,160,1,0,34030670,0,0,0.0,0.0,0.0,0.0,0.0,0.0,0,0.0,0.0,0.0,-0.0002856448118109256,-6.189488340169191e-05,0.012590790167450905,-0.0034686473663896322,-0.0018929295474663377,-0.004637998528778553,0.005404900759458542,4.11202335357666,0
frames/frame_000094.pgm,1784901220.455643,init,0.0,0.0,0.0,0.0,241,160,160,1,0,34063995,0,0,0.0,0.0,0.0,0.0,0.0,0.0,0,0.0,0.0,0.0,-0.00032677268609404564,-0.0008305384544655681,0.011695765890181065,-0.0050694202072918415,-0.0018929295474663377,-0.004637998528778553,0.005404900759458542,4.11202335357666,0
frames/frame_000095.pgm,1784901220.487996,init,0.0,0.0,0.0,0.0,242,160,160,1,0,34097320,0,0,0.0,0.0,0.0,0.0,0.0,0.0,0,0.0,0.0,0.0,-0.00032677268609404564,-0.0008305384544655681,0.011695765890181065,-0.0050694202072918415,-0.0023225927725434303,-0.010991252958774567,9.797253733268008e-05,4.11202335357666,0
frames/frame_000096.pgm,1784901220.524731,init,0.0,0.0,0.0,0.0,243,160,160,1,0,34130645,0,0,0.0,0.0,0.0,0.0,0.0,0.0,0,0.0,0.0,0.0,0.0009749659220688045,0.0005422893445938826,0.01243652869015932,-0.0036936092656105757,0.007328294217586517,-0.0005047831800766289,-0.0021073848474770784,4.11202335357666,0
frames/frame_000097.pgm,1784901220.554045,init,0.0,0.0,0.0,0.0,244,160,160,1,0,34164001,0,0,0.0,0.0,0.0,0.0,0.0,0.0,0,0.0,0.0,0.0,-5.003918704460375e-05,-0.0016819118754938245,0.011243986897170544,-0.0010095915058627725,0.007328294217586517,-0.0005047831800766289,-0.0021073848474770784,4.11202335357666,0
frames/frame_000098.pgm,1784901220.588171,init,0.0,0.0,0.0,0.0,245,160,160,1,0,34197326,0,0,0.0,0.0,0.0,0.0,0.0,0.0,0,0.0,0.0,0.0,-5.003918704460375e-05,-0.0016819118754938245,0.011243986897170544,-0.0010095915058627725,-0.0002580083964858204,-0.015053283423185349,-0.002792755141854286,4.11202335357666,0
frames/frame_000099.pgm,1784901220.620827,init,0.0,0.0,0.0,0.0,246,160,160,1,0,34230651,0,0,0.0,0.0,0.0,0.0,0.0,0.0,0,0.0,0.0,0.0,-0.0003139022155664861,-8.625488408142701e-05,0.011497452855110168,-0.0030482900328934193,-0.0026712326798588037,-0.0036350481677800417,-0.0008707057568244636,4.11202335357666,0
frames/frame_000100.pgm,1784901220.654268,init,0.0,0.0,0.0,0.0,247,160,160,1,0,34263977,0,0,0.0,0.0,0.0,0.0,0.0,0.0,0,0.0,0.0,0.0,-4.209618782624602e-05,-0.0007808372611179948,0.011296076700091362,0.0006562350899912417,-0.0026712326798588037,-0.0036350481677800417,-0.0008707057568244636,4.11202335357666,0
frames/frame_000101.pgm,1784901220.687643,init,0.0,0.0,0.0,0.0,248,160,160,1,0,34297302,0,0,0.0,0.0,0.0,0.0,0.0,0.0,0,0.0,0.0,0.0,-4.209618782624602e-05,-0.0007808372611179948,0.011296076700091362,0.0006562350899912417,-0.0006846603355370462,-0.007678003516048193,-0.00132333068177104,4.11202335357666,0
frames/frame_000102.pgm,1784901220.759815,init,0.0,0.0,0.0,0.0,249,160,160,1,0,34330627,0,0,0.0,0.0,0.0,0.0,0.0,0.0,0,0.0,0.0,0.0,0.0011828644201159477,0.0009117331355810165,0.011127456091344357,-0.0007200240506790578,0.0024047743063420057,-0.0019558516796678305,-0.0009555718279443681,4.106744766235352,0
frames/frame_000103.pgm,1784901220.789143,init,0.0,0.0,0.0,0.0,250,160,160,1,0,34363983,0,0,0.0,0.0,0.0,0.0,0.0,0.0,0,0.0,0.0,0.0,0.0011828644201159477,0.0009117331355810165,0.011127456091344357,-0.0007200240506790578,0.006714151706546545,0.003804699284955859,-0.0004349734226707369,4.106744766235352,0
frames/frame_000104.pgm,1784901220.800677,init,0.0,0.0,0.0,0.0,251,160,160,1,0,34397308,0,0,0.0,0.0,0.0,0.0,0.0,0.0,0,0.0,0.0,0.0,0.0011828644201159477,0.0009117331355810165,0.011127456091344357,-0.0007200240506790578,0.006714151706546545,0.003804699284955859,-0.0004349734226707369,4.106744766235352,0
frames/frame_000105.pgm,1784901220.870295,init,0.0,0.0,0.0,0.0,252,160,160,1,0,34430633,0,0,0.0,0.0,0.0,0.0,0.0,0.0,0,0.0,0.0,0.0,-0.0011924520367756486,-0.0016680932603776455,0.010526740923523903,0.0009498987928964198,-0.006099984515458345,-0.008272950537502766,-0.003897793823853135,4.11202335357666,0
frames/frame_000106.pgm,1784901220.879469,init,0.0,0.0,0.0,0.0,253,160,160,1,0,34463958,0,0,0.0,0.0,0.0,0.0,0.0,0.0,0,0.0,0.0,0.0,-0.0011924520367756486,-0.0016680932603776455,0.010526740923523903,0.0009498987928964198,-0.006099984515458345,-0.008272950537502766,-0.003897793823853135,4.11202335357666,0
frames/frame_000107.pgm,1784901220.893497,init,0.0,0.0,0.0,0.0,254,160,160,1,0,34497283,0,0,0.0,0.0,0.0,0.0,0.0,0.0,0,0.0,0.0,0.0,-0.0011924520367756486,-0.0016680932603776455,0.010526740923523903,0.0009498987928964198,-0.006099984515458345,-0.008272950537502766,-0.003897793823853135,4.11202335357666,0
frames/frame_000108.pgm,1784901220.921196,init,0.0,0.0,0.0,0.0,255,160,160,1,0,34530609,0,0,0.0,0.0,0.0,0.0,0.0,0.0,0,0.0,0.0,0.0,0.001215702504850924,-0.0016627178993076086,0.010221019387245178,0.006595581769943237,0.006815056316554546,-0.008157534524798393,-0.004178094677627087,4.11202335357666,0
frames/frame_000109.pgm,1784901220.957464,init,0.0,0.0,0.0,0.0,0,160,160,1,0,34563964,0,0,0.0,0.0,0.0,0.0,0.0,0.0,0,0.0,0.0,0.0,-0.0011189524084329605,-0.0016254755901172757,0.010114515200257301,0.005811681970953941,-0.004690939094871283,-0.00755872018635273,-0.0036577030550688505,4.11202335357666,0
frames/frame_000110.pgm,1784901220.988126,init,0.0,0.0,0.0,0.0,1,160,160,1,0,34597290,0,0,0.0,0.0,0.0,0.0,0.0,0.0,0,0.0,0.0,0.0,-0.0011189524084329605,-0.0016254755901172757,0.010114515200257301,0.005811681970953941,-0.004690939094871283,-0.00755872018635273,-0.0036577030550688505,4.11202335357666,0
frames/frame_000111.pgm,1784901221.020990,init,0.0,0.0,0.0,0.0,2,160,160,1,0,34630615,0,0,0.0,0.0,0.0,0.0,0.0,0.0,0,0.0,0.0,0.0,0.0010575931519269943,0.0008389430004172027,0.01004553958773613,0.010375184006989002,0.0060508958995342255,0.004188307095319033,-0.0024844154249876738,4.11202335357666,0
frames/frame_000112.pgm,1784901221.054390,init,0.0,0.0,0.0,0.0,3,160,160,1,0,34663940,0,0,0.0,0.0,0.0,0.0,0.0,0.0,0,0.0,0.0,0.0,-1.966284617083147e-05,-0.00020250755187589675,0.00999769289046526,0.011286343447864056,0.0060508958995342255,0.004188307095319033,-0.0024844154249876738,4.11202335357666,0
frames/frame_000113.pgm,1784901221.096733,init,0.0,0.0,0.0,0.0,4,160,160,1,0,34697265,0,0,0.0,0.0,0.0,0.0,0.0,0.0,0,0.0,0.0,0.0,-1.966284617083147e-05,-0.00020250755187589675,0.00999769289046526,0.011286343447864056,0.00022134417667984962,-0.0013490181881934404,-0.0018498848658055067,4.106744766235352,0
frames/frame_000114.pgm,1784901221.121023,init,0.0,0.0,0.0,0.0,5,160,160,1,0,34730590,0,0,0.0,0.0,0.0,0.0,0.0,0.0,0,0.0,0.0,0.0,-0.0010956204496324062,-0.0015880735591053963,0.011357514187693596,0.011994030326604843,-0.004742530174553394,-0.007257215213030577,0.004625335801392794,4.106744766235352,0
frames/frame_000115.pgm,1784901221.156332,init,0.0,0.0,0.0,0.0,6,160,160,1,0,34763946,0,0,0.0,0.0,0.0,0.0,0.0,0.0,0,0.0,0.0,0.0,-0.0011484698625281453,-0.0016976066399365664,0.010931157507002354,0.012598392553627491,-0.004742530174553394,-0.007257215213030577,0.004625335801392794,4.106744766235352,0
frames/frame_000116.pgm,1784901221.187531,init,0.0,0.0,0.0,0.0,7,160,160,1,0,34797271,0,0,0.0,0.0,0.0,0.0,0.0,0.0,0,0.0,0.0,0.0,-0.0011484698625281453,-0.0016976066399365664,0.010931157507002354,0.012598392553627491,-0.004445123486220837,-0.007908811792731285,0.0017245097551494837,4.11202335357666,0
frames/frame_000117.pgm,1784901221.220959,init,0.0,0.0,0.0,0.0,8,160,160,1,0,34830596,0,0,0.0,0.0,0.0,0.0,0.0,0.0,0,0.0,0.0,0.0,-0.0008021749090403318,-0.0015730714658275247,0.01065373606979847,0.012988385744392872,-0.0031165084801614285,-0.007527498994022608,-0.00020702049368992448,4.11202335357666,0
frames/frame_000118.pgm,1784901221.255160,init,0.0,0.0,0.0,0.0,9,160,160,1,0,34863922,0,0,0.0,0.0,0.0,0.0,0.0,0.0,0,0.0,0.0,0.0,-0.001049856306053698,-0.0014673840487375855,0.011698111891746521,0.012958870269358158,-0.0031165084801614285,-0.007527498994022608,-0.00020702049368992448,4.106744766235352,0
frames/frame_000119.pgm,1784901221.291617,init,0.0,0.0,0.0,0.0,10,160,160,1,0,34897247,0,0,0.0,0.0,0.0,0.0,0.0,0.0,0,0.0,0.0,0.0,-0.001049856306053698,-0.0014673840487375855,0.011698111891746521,0.012958870269358158,-0.004049676936119795,-0.006429923232644796,0.00542760593816638,4.106744766235352,0
frames/frame_000120.pgm,1784901221.364240,init,0.0,0.0,0.0,0.0,11,160,160,1,0,34930572,0,0,0.0,0.0,0.0,0.0,0.0,0.0,0,0.0,0.0,0.0,-0.000254740531090647,-0.0006216507172212005,0.011667256243526936,0.012981731444597244,-0.0003043163742404431,-0.002175206085667014,0.004124999046325684,4.106744766235352,0
frames/frame_000121.pgm,1784901221.388604,init,0.0,0.0,0.0,0.0,12,160,160,1,0,34963928,0,0,0.0,0.0,0.0,0.0,0.0,0.0,0,0.0,0.0,0.0,-1.2118097401980776e-05,-0.000858260435052216,0.01065484806895256,0.01768939383327961,0.0008835670305415988,-0.0032113909255713224,-0.0015198029577732086,4.101466178894043,0
frames/frame_000122.pgm,1784901221.406407,init,0.0,0.0,0.0,0.0,13,160,160,1,0,34997253,0,0,0.0,0.0,0.0,0.0,0.0,0.0,0,0.0,0.0,0.0,-1.2118097401980776e-05,-0.000858260435052216,0.01065484806895256,0.01768939383327961,0.0008835670305415988,-0.0032113909255713224,-0.0015198029577732086,4.101466178894043,0
frames/frame_000123.pgm,1784901221.423619,init,0.0,0.0,0.0,0.0,14,160,160,1,0,35030578,0,0,0.0,0.0,0.0,0.0,0.0,0.0,0,0.0,0.0,0.0,-1.2118097401980776e-05,-0.000858260435052216,0.01065484806895256,0.01768939383327961,0.0008835670305415988,-0.0032113909255713224,-0.0015198029577732086,4.101466178894043,0
frames/frame_000124.pgm,1784901221.454452,init,0.0,0.0,0.0,0.0,15,160,160,1,0,35063903,0,0,0.0,0.0,0.0,0.0,0.0,0.0,0,0.0,0.0,0.0,0.001082696719095111,0.0009818999096751213,0.008674725890159607,0.01975037157535553,0.007059160154312849,0.00690999161452055,-0.0025531016290187836,4.106744766235352,0
frames/frame_000125.pgm,1784901221.487769,init,0.0,0.0,0.0,0.0,16,160,160,1,0,35097229,0,0,0.0,0.0,0.0,0.0,0.0,0.0,0,0.0,0.0,0.0,0.001082696719095111,0.0009818999096751213,0.008674725890159607,0.01975037157535553,0.007591831032186747,0.007643162738531828,-0.006187444552779198,4.106744766235352,0
frames/frame_000126.pgm,1784901221.521151,init,0.0,0.0,0.0,0.0,17,160,160,1,0,35130554,0,0,0.0,0.0,0.0,0.0,0.0,0.0,0,0.0,0.0,0.0,0.00024567582295276225,-0.0003587536921259016,0.010168193839490414,0.020285988226532936,0.002288772026076913,-0.00020601508731488138,0.0011426671408116817,4.106744766235352,0
frames/frame_000127.pgm,1784901221.554369,init,0.0,0.0,0.0,0.0,18,160,160,1,0,35163909,0,0,0.0,0.0,0.0,0.0,0.0,0.0,0,0.0,0.0,0.0,-0.0002477140515111387,-9.892058733385056e-05,0.01020432822406292,0.019588101655244827,0.002288772026076913,-0.00020601508731488138,0.0011426671408116817,4.106744766235352,0
frames/frame_000128.pgm,1784901221.588472,init,0.0,0.0,0.0,0.0,19,160,160,1,0,35197235,0,0,0.0,0.0,0.0,0.0,0.0,0.0,0,0.0,0.0,0.0,-0.0002477140515111387,-9.892058733385056e-05,0.01020432822406292,0.019588101655244827,-7.360332529060543e-05,0.0013447101227939129,0.0010991800809279084,4.11202335357666,0
frames/frame_000129.pgm,1784901221.621332,init,0.0,0.0,0.0,0.0,20,160,160,1,0,35230560,0,0,0.0,0.0,0.0,0.0,0.0,0.0,0,0.0,0.0,0.0,-2.446004145895131e-05,-0.0005760925705544651,0.010651441290974617,0.022672846913337708,0.0009621776989661157,-0.0016991059528663754,0.0035032108426094055,4.11202335357666,0
frames/frame_000130.pgm,1784901221.655160,init,0.0,0.0,0.0,0.0,21,160,160,1,0,35263885,0,0,0.0,0.0,0.0,0.0,0.0,0.0,0,0.0,0.0,0.0,0.0009036878473125398,0.0008250410901382565,0.010533683001995087,0.025705436244606972,0.0009621776989661157,-0.0016991059528663754,0.0035032108426094055,4.11202335357666,0
frames/frame_000131.pgm,1784901221.687639,init,0.0,0.0,0.0,0.0,22,160,160,1,0,35297210,0,0,0.0,0.0,0.0,0.0,0.0,0.0,0,0.0,0.0,0.0,0.0009036878473125398,0.0008250410901382565,0.010533683001995087,0.025705436244606972,0.005996453110128641,0.005992710590362549,0.002559625543653965,4.106744766235352,0
frames/frame_000132.pgm,1784901221.720833,init,0.0,0.0,0.0,0.0,23,160,160,1,0,35330535,0,0,0.0,0.0,0.0,0.0,0.0,0.0,0,0.0,0.0,0.0,-0.000964123522862792,-0.0012646546820178628,0.011389498598873615,0.023894518613815308,-0.0037478453014045954,-0.004705043043941259,0.005864718928933144,4.106744766235352,0
frames/frame_000133.pgm,1784901221.754015,init,0.0,0.0,0.0,0.0,24,160,160,1,0,35363891,0,0,0.0,0.0,0.0,0.0,0.0,0.0,0,0.0,0.0,0.0,-0.000964123522862792,-0.0012646546820178628,0.011389498598873615,0.023894518613815308,-0.0037478453014045954,-0.004705043043941259,0.005864718928933144,4.106744766235352,0
frames/frame_000134.pgm,1784901221.788209,init,0.0,0.0,0.0,0.0,25,160,160,1,0,35397216,0,0,0.0,0.0,0.0,0.0,0.0,0.0,0,0.0,0.0,0.0,0.0009824996814131737,0.0009168026153929532,0.0120053980499506,0.025612792000174522,0.006439099088311195,0.0067632743157446384,0.007949168793857098,4.11202335357666,0
frames/frame_000135.pgm,1784901221.820712,init,0.0,0.0,0.0,0.0,26,160,160,1,0,35430541,0,0,0.0,0.0,0.0,0.0,0.0,0.0,0,0.0,0.0,0.0,-0.00024622364435344934,0.000742912816349417,0.011503204703330994,0.02617560885846615,-0.00035148559254594147,0.005763376597315073,0.0033045723102986813,4.11202335357666,0
frames/frame_000136.pgm,1784901221.853678,init,0.0,0.0,0.0,0.0,27,160,160,1,0,35463867,0,0,0.0,0.0,0.0,0.0,0.0,0.0,0,0.0,0.0,0.0,-0.00024622364435344934,0.000742912816349417,0.011503204703330994,0.02617560885846615,-0.00035148559254594147,0.005763376597315073,0.0033045723102986813,4.11202335357666,0
frames/frame_000137.pgm,1784901221.887609,init,0.0,0.0,0.0,0.0,28,160,160,1,0,35497192,0,0,0.0,0.0,0.0,0.0,0.0,0.0,0,0.0,0.0,0.0,-0.0013115484034642577,0.0010269954800605774,0.012335838750004768,0.029135238379240036,-0.0057909367606043816,0.006299347151070833,0.006934149190783501,4.106744766235352,0
frames/frame_000138.pgm,1784901221.920743,init,0.0,0.0,0.0,0.0,29,160,160,1,0,35530517,0,0,0.0,0.0,0.0,0.0,0.0,0.0,0,0.0,0.0,0.0,-0.0009907274506986141,-0.0012957027647644281,0.01206732913851738,0.029927676543593407,-0.004394506104290485,-0.005944807548075914,0.004291316494345665,4.106744766235352,0
frames/frame_000139.pgm,1784901221.954361,init,0.0,0.0,0.0,0.0,30,160,160,1,0,35563873,0,0,0.0,0.0,0.0,0.0,0.0,0.0,0,0.0,0.0,0.0,1.533723116153851e-05,-0.0005178105202503502,0.01227153092622757,0.028496265411376953,-0.004394506104290485,-0.005944807548075914,0.004291316494345665,4.11202335357666,0
frames/frame_000140.pgm,1784901221.987549,init,0.0,0.0,0.0,0.0,31,160,160,1,0,35597198,0,0,0.0,0.0,0.0,0.0,0.0,0.0,0,0.0,0.0,0.0,1.533723116153851e-05,-0.0005178105202503502,0.01227153092622757,0.028496265411376953,0.0005481019616127014,-0.0023507382720708847,0.004433874972164631,4.11202335357666,0
frames/frame_000141.pgm,1784901222.021461,init,0.0,0.0,0.0,0.0,32,160,160,1,0,35630523,0,0,0.0,0.0,0.0,0.0,0.0,0.0,0,0.0,0.0,0.0,0.0009293157490901649,0.0009026445331983268,0.011488968506455421,0.029779596254229546,0.004991444759070873,0.0045589967630803585,-0.00047262347652576864,4.11202335357666,0
frames/frame_000142.pgm,1784901222.054149,init,0.0,0.0,0.0,0.0,33,160,160,1,0,35663848,0,0,0.0,0.0,0.0,0.0,0.0,0.0,0,0.0,0.0,0.0,0.0009064251789823174,0.0008705474901944399,0.0112865399569273,0.032056793570518494,0.004991444759070873,0.0045589967630803585,-0.00047262347652576864,4.11202335357666,0
frames/frame_000143.pgm,1784901222.089017,init,0.0,0.0,0.0,0.0,34,160,160,1,0,35697174,0,0,0.0,0.0,0.0,0.0,0.0,0.0,0,0.0,0.0,0.0,0.0009064251789823174,0.0008705474901944399,0.0112865399569273,0.032056793570518494,0.005424569360911846,0.0042437780648469925,-0.0012457064585760236,4.11202335357666,0
frames/frame_000144.pgm,1784901222.120708,init,0.0,0.0,0.0,0.0,35,160,160,1,0,35730499,0,0,0.0,0.0,0.0,0.0,0.0,0.0,0,0.0,0.0,0.0,-0.0004917143960483372,0.00045868425513617694,0.012078432366251945,0.032212257385253906,-0.0019141569500789046,0.0017738874303177,0.003111459081992507,4.11202335357666,0
frames/frame_000145.pgm,1784901222.154100,init,0.0,0.0,0.0,0.0,36,160,160,1,0,35763854,0,0,0.0,0.0,0.0,0.0,0.0,0.0,0,0.0,0.0,0.0,-0.000747476180549711,-0.001293738721869886,0.012598424218595028,0.032741233706474304,-0.0019141569500789046,0.0017738874303177,0.003111459081992507,4.11202335357666,0
frames/frame_000146.pgm,1784901222.187426,init,0.0,0.0,0.0,0.0,37,160,160,1,0,35797180,0,0,0.0,0.0,0.0,0.0,0.0,0.0,0,0.0,0.0,0.0,-0.000747476180549711,-0.001293738721869886,0.012598424218595028,0.032741233706474304,-0.003114821622148156,-0.007089776918292046,0.0052296980284154415,4.11202335357666,0
frames/frame_000147.pgm,1784901222.220427,init,0.0,0.0,0.0,0.0,38,160,160,1,0,35830505,0,0,0.0,0.0,0.0,0.0,0.0,0.0,0,0.0,0.0,0.0,-0.0009649757412262261,-0.0012368112802505493,0.011306165717542171,0.03342242166399956,-0.004115919582545757,-0.006573906168341637,-0.00272294576279819,4.11202335357666,0
frames/frame_000148.pgm,1784901222.253976,init,0.0,0.0,0.0,0.0,39,160,160,1,0,35863830,0,0,0.0,0.0,0.0,0.0,0.0,0.0,0,0.0,0.0,0.0,0.001107406453229487,0.0010518032358959317,0.012347317300736904,0.03485798090696335,-0.004115919582545757,-0.006573906168341637,-0.00272294576279819,4.11202335357666,0
frames/frame_000149.pgm,1784901222.287125,init,0.0,0.0,0.0,0.0,40,160,160,1,0,35897155,0,0,0.0,0.0,0.0,0.0,0.0,0.0,0,0.0,0.0,0.0,0.001107406453229487,0.0010518032358959317,0.012347317300736904,0.03485798090696335,0.006008211988955736,0.0046967738308012486,0.0023126446176320314,4.11202335357666,0
frames/frame_000150.pgm,1784901222.320478,init,0.0,0.0,0.0,0.0,41,160,160,1,0,35930480,0,0,0.0,0.0,0.0,0.0,0.0,0.0,0,0.0,0.0,0.0,-1.2723588042717893e-05,-4.2250772821716964e-05,0.012417345307767391,0.03612713888287544,-0.0002317754115210846,-0.0008433338371105492,0.002446559490635991,4.11202335357666,0
frames/frame_000151.pgm,1784901222.358445,init,0.0,0.0,0.0,0.0,42,160,160,1,0,35963836,0,0,0.0,0.0,0.0,0.0,0.0,0.0,0,0.0,0.0,0.0,-0.0011732714483514428,-0.0015253716846928,0.01141920406371355,0.03648648038506508,-0.004956607241183519,-0.007175245322287083,-0.0024017817340791225,4.11202335357666,0
frames/frame_000152.pgm,1784901222.387060,init,0.0,0.0,0.0,0.0,43,160,160,1,0,35997161,0,0,0.0,0.0,0.0,0.0,0.0,0.0,0,0.0,0.0,0.0,-0.0011732714483514428,-0.0015253716846928,0.01141920406371355,0.03648648038506508,-0.004956607241183519,-0.007175245322287083,-0.0024017817340791225,4.11202335357666,0
frames/frame_000153.pgm,1784901222.429043,init,0.0,0.0,0.0,0.0,44,160,160,1,0,36030487,0,0,0.0,0.0,0.0,0.0,0.0,0.0,0,0.0,0.0,0.0,0.0002969696943182498,-5.2860639698337764e-05,0.011746367439627647,0.039394911378622055,0.0023626836482435465,6.499770097434521e-05,-0.0007589499582536519,4.11202335357666,0
frames/frame_000154.pgm,1784901222.474938,init,0.0,0.0,0.0,0.0,45,160,160,1,0,36063812,0,0,0.0,0.0,0.0,0.0,0.0,0.0,0,0.0,0.0,0.0,-0.0002808308054227382,0.0004910028073936701,0.011856580153107643,0.039470572024583817,0.0023626836482435465,6.499770097434521e-05,-0.0007589499582536519,4.106744766235352,0
frames/frame_000155.pgm,1784901222.497909,init,0.0,0.0,0.0,0.0,46,160,160,1,0,36097137,0,0,0.0,0.0,0.0,0.0,0.0,0.0,0,0.0,0.0,0.0,-0.0002808308054227382,0.0004910028073936701,0.011856580153107643,0.039470572024583817,-0.0007278366247192025,0.0020694995764642954,0.00010566902346909046,4.106744766235352,0
frames/frame_000156.pgm,1784901222.526184,init,0.0,0.0,0.0,0.0,47,160,160,1,0,36130462,0,0,0.0,0.0,0.0,0.0,0.0,0.0,0,0.0,0.0,0.0,0.00021779918461106718,-0.0007536092307418585,0.011542199179530144,0.039667487144470215,0.0018828926840797067,-0.005082373041659594,-0.001343069481663406,4.106744766235352,0
frames/frame_000157.pgm,1784901222.554604,init,0.0,0.0,0.0,0.0,48,160,160,1,0,36163818,0,0,0.0,0.0,0.0,0.0,0.0,0.0,0,0.0,0.0,0.0,-0.0009415452368557453,0.0009001087164506316,0.012550701387226582,0.03850476071238518,-0.004582745023071766,0.0044996473006904125,0.00376289919950068,4.106744766235352,0
frames/frame_000158.pgm,1784901222.587786,init,0.0,0.0,0.0,0.0,49,160,160,1,0,36197143,0,0,0.0,0.0,0.0,0.0,0.0,0.0,0,0.0,0.0,0.0,-0.0009415452368557453,0.0009001087164506316,0.012550701387226582,0.03850476071238518,-0.004582745023071766,0.0044996473006904125,0.00376289919950068,4.106744766235352,0
frames/frame_000159.pgm,1784901222.620825,init,0.0,0.0,0.0,0.0,50,160,160,1,0,36230468,0,0,0.0,0.0,0.0,0.0,0.0,0.0,0,0.0,0.0,0.0,-0.0002620391023810953,0.0001924581010825932,0.011152172461152077,0.0396980419754982,-1.948832687048707e-05,4.6057113650022075e-05,-0.004448540974408388,4.106744766235352,0
frames/frame_000160.pgm,1784901222.654426,init,0.0,0.0,0.0,0.0,51,160,160,1,0,36263793,0,0,0.0,0.0,0.0,0.0,0.0,0.0,0,0.0,0.0,0.0,-0.0015558142913505435,0.0031967221293598413,0.010006312280893326,0.04071643203496933,-1.948832687048707e-05,4.6057113650022075e-05,-0.004448540974408388,4.106744766235352,0
frames/frame_000161.pgm,1784901222.687347,init,0.0,0.0,0.0,0.0,52,160,160,1,0,36297119,0,0,0.0,0.0,0.0,0.0,0.0,0.0,0,0.0,0.0,0.0,-0.0015558142913505435,0.0031967221293598413,0.010006312280893326,0.04071643203496933,-0.007012547459453344,0.015690812841057777,-0.00876862183213234,4.106744766235352,0
frames/frame_000162.pgm,1784901222.722194,init,0.0,0.0,0.0,0.0,53,160,160,1,0,36330444,0,0,0.0,0.0,0.0,0.0,0.0,0.0,0,0.0,0.0,0.0,-0.0007357924478128552,0.00440689641982317,0.011183022521436214,0.039208028465509415,-0.002277602208778262,0.01846984028816223,9.075640264200047e-05,4.106744766235352,0
frames/frame_000163.pgm,1784901222.754059,init,0.0,0.0,0.0,0.0,54,160,160,1,0,36363800,0,0,0.0,0.0,0.0,0.0,0.0,0.0,0,0.0,0.0,0.0,-0.0009846745524555445,0.004958958365023136,0.011520177125930786,0.03724510967731476,-0.002277602208778262,0.01846984028816223,9.075640264200047e-05,4.106744766235352,0
frames/frame_000164.pgm,1784901222.787221,init,0.0,0.0,0.0,0.0,55,160,160,1,0,36397125,0,0,0.0,0.0,0.0,0.0,0.0,0.0,0,0.0,0.0,0.0,-0.0009846745524555445,0.004958958365023136,0.011520177125930786,0.03724510967731476,-0.0030269837006926537,0.017619989812374115,0.0018521349411457777,4.106744766235352,0
frames/frame_000165.pgm,1784901222.820560,init,0.0,0.0,0.0,0.0,56,160,160,1,0,36430450,0,0,0.0,0.0,0.0,0.0,0.0,0.0,0,0.0,0.0,0.0,-0.0018785512074828148,0.004006300587207079,0.010979948565363884,0.03505636751651764,-0.0068125552497804165,0.009305182844400406,-0.002087233355268836,4.106744766235352,0
frames/frame_000166.pgm,1784901222.859281,init,0.0,0.0,0.0,0.0,57,160,160,1,0,36463775,0,0,0.0,0.0,0.0,0.0,0.0,0.0,0,0.0,0.0,0.0,-0.000543616246432066,0.0046806298196315765,0.01218883041292429,0.03785507753491402,0.0006606498500332236,0.010340213775634766,0.004872834775596857,4.106744766235352,0
frames/frame_000167.pgm,1784901222.887352,init,0.0,0.0,0.0,0.0,58,160,160,1,0,36497100,0,0,0.0,0.0,0.0,0.0,0.0,0.0,0,0.0,0.0,0.0,-0.000543616246432066,0.0046806298196315765,0.01218883041292429,0.03785507753491402,0.0006606498500332236,0.010340213775634766,0.004872834775596857,4.106744766235352,0
frames/frame_000168.pgm,1784901222.920763,init,0.0,0.0,0.0,0.0,59,160,160,1,0,36530456,0,0,0.0,0.0,0.0,0.0,0.0,0.0,0,0.0,0.0,0.0,-0.00151664181612432,0.0038510647136718035,0.01099248044192791,0.041272155940532684,-0.003925609402358532,0.004186833743005991,-0.0020790433045476675,4.106744766235352,0
frames/frame_000169.pgm,1784901222.953566,init,0.0,0.0,0.0,0.0,60,160,160,1,0,36563781,0,0,0.0,0.0,0.0,0.0,0.0,0.0,0,0.0,0.0,0.0,-0.0010357925202697515,0.005202623084187508,0.010924305766820908,0.0416150763630867,-0.003925609402358532,0.004186833743005991,-0.0020790433045476675,4.106744766235352,0
frames/frame_000170.pgm,1784901222.995249,init,0.0,0.0,0.0,0.0,61,160,160,1,0,36597106,0,0,0.0,0.0,0.0,0.0,0.0,0.0,0,0.0,0.0,0.0,-0.0010357925202697515,0.005202623084187508,0.010924305766820908,0.0416150763630867,-0.0012581634800881147,0.009878226555883884,-0.0017357246251776814,4.106744766235352,0
frames/frame_000171.pgm,1784901223.023897,init,0.0,0.0,0.0,0.0,62,160,160,1,0,36630432,0,0,0.0,0.0,0.0,0.0,0.0,0.0,0,0.0,0.0,0.0,-0.0017534232465550303,0.0038689395878463984,0.010925425216555595,0.04268185794353485,-0.005043539684265852,0.0004195024084765464,-0.0008982121362350881,4.106744766235352,0
frames/frame_000172.pgm,1784901223.059160,init,0.0,0.0,0.0,0.0,63,160,160,1,0,36663757,0,0,0.0,0.0,0.0,0.0,0.0,0.0,0,0.0,0.0,0.0,-0.0020135617814958096,0.0038881665095686913,0.011634303256869316,0.041815586388111115,-0.005468505900353193,-0.0005953042418695986,0.003403812414035201,4.11202335357666,0
frames/frame_000173.pgm,1784901223.087273,init,0.0,0.0,0.0,0.0,64,160,160,1,0,36697082,0,0,0.0,0.0,0.0,0.0,0.0,0.0,0,0.0,0.0,0.0,-0.0020135617814958096,0.0038881665095686913,0.011634303256869316,0.041815586388111115,-0.005468505900353193,-0.0005953042418695986,0.003403812414035201,4.11202335357666,0
frames/frame_000174.pgm,1784901223.120394,init,0.0,0.0,0.0,0.0,65,160,160,1,0,36730438,0,0,0.0,0.0,0.0,0.0,0.0,0.0,0,0.0,0.0,0.0,-0.0019279710249975324,0.006377397570759058,0.011548755690455437,0.04069051146507263,-0.004956214223057032,0.010793793015182018,0.0023621402215212584,4.11202335357666,0
frames/frame_000175.pgm,1784901223.153895,init,0.0,0.0,0.0,0.0,66,160,160,1,0,36763763,0,0,0.0,0.0,0.0,0.0,0.0,0.0,0,0.0,0.0,0.0,-0.0018609656253829598,0.003953087609261274,0.011076650582253933,0.03894343599677086,-0.004956214223057032,0.010793793015182018,0.0023621402215212584,4.11202335357666,0
frames/frame_000176.pgm,1784901223.188640,init,0.0,0.0,0.0,0.0,67,160,160,1,0,36797088,0,0,0.0,0.0,0.0,0.0,0.0,0.0,0,0.0,0.0,0.0,-0.0018609656253829598,0.003953087609261274,0.011076650582253933,0.03894343599677086,-0.004195875488221645,-0.0033675034064799547,-0.00047233872464857996,4.106744766235352,0
frames/frame_000177.pgm,1784901223.220743,init,0.0,0.0,0.0,0.0,68,160,160,1,0,36830413,0,0,0.0,0.0,0.0,0.0,0.0,0.0,0,0.0,0.0,0.0,-0.0008527837344445288,0.004478933289647102,0.011482136324048042,0.038887232542037964,0.0008002120302990079,-0.0008834531181491911,0.0018803178099915385,4.106744766235352,0
frames/frame_000178.pgm,1784901223.255468,init,0.0,0.0,0.0,0.0,69,160,160,1,0,36863739,0,0,0.0,0.0,0.0,0.0,0.0,0.0,0,0.0,0.0,0.0,0.0002834517217706889,0.0060877809301018715,0.010950619354844093,0.03869517892599106,0.007529047317802906,0.0070514976978302,-0.0009463583119213581,4.106744766235352,0
frames/frame_000179.pgm,1784901223.286964,init,0.0,0.0,0.0,0.0,70,160,160,1,0,36897064,0,0,0.0,0.0,0.0,0.0,0.0,0.0,0,0.0,0.0,0.0,0.0002834517217706889,0.0060877809301018715,0.010950619354844093,0.03869517892599106,0.007529047317802906,0.0070514976978302,-0.0009463583119213581,4.106744766235352,0
frames/frame_000180.pgm,1784901223.321508,init,0.0,0.0,0.0,0.0,71,160,160,1,0,36930419,0,0,0.0,0.0,0.0,0.0,0.0,0.0,0,0.0,0.0,0.0,-0.0015376363880932331,0.004021119326353073,0.010524539276957512,0.041960980743169785,-0.0017251473618671298,-0.003974655643105507,-0.0028567304834723473,4.106744766235352,0
frames/frame_000181.pgm,1784901223.354238,init,0.0,0.0,0.0,0.0,72,160,160,1,0,36963745,0,0,0.0,0.0,0.0,0.0,0.0,0.0,0,0.0,0.0,0.0,-0.001095098559744656,0.00517312390729785,0.011642010882496834,0.040285222232341766,-0.0017251473618671298,-0.003974655643105507,-0.0028567304834723473,4.106744766235352,0
frames/frame_000182.pgm,1784901223.387287,init,0.0,0.0,0.0,0.0,73,160,160,1,0,36997070,0,0,0.0,0.0,0.0,0.0,0.0,0.0,0,0.0,0.0,0.0,-0.001095098559744656,0.00517312390729785,0.011642010882496834,0.040285222232341766,0.0006962054176256061,0.0016093706944957376,0.0042557744309306145,4.106744766235352,0
frames/frame_000183.pgm,1784901223.422107,init,0.0,0.0,0.0,0.0,74,160,160,1,0,37030395,0,0,0.0,0.0,0.0,0.0,0.0,0.0,0,0.0,0.0,0.0,-0.0017644508043304086,0.004046316724270582,0.01240102481096983,0.042332954704761505,-0.0033662538044154644,-0.0047240606509149075,0.007567805703729391,4.106744766235352,0
frames/frame_000184.pgm,1784901223.454123,init,0.0,0.0,0.0,0.0,75,160,160,1,0,37063720,0,0,0.0,0.0,0.0,0.0,0.0,0.0,0,0.0,0.0,0.0,-0.0017897342331707478,0.004012866411358118,0.011272008530795574,0.04049428552389145,-0.0033662538044154644,-0.0047240606509149075,0.007567805703729391,4.106744766235352,0
frames/frame_000185.pgm,1784901223.489084,init,0.0,0.0,0.0,0.0,76,160,160,1,0,37097045,0,0,0.0,0.0,0.0,0.0,0.0,0.0,0,0.0,0.0,0.0,-0.0017897342331707478,0.004012866411358118,0.011272008530795574,0.04049428552389145,-0.0036427758168429136,-0.005083977710455656,-5.5912249081302434e-05,4.106744766235352,0
frames/frame_000186.pgm,1784901223.544179,init,0.0,0.0,0.0,0.0,77,160,160,1,0,37130401,0,0,0.0,0.0,0.0,0.0,0.0,0.0,0,0.0,0.0,0.0,-0.0017720503965392709,0.004045167006552219,0.011585772968828678,0.04016672447323799,-0.003239525482058525,-0.004585688933730125,0.0014426943380385637,4.106744766235352,0
frames/frame_000187.pgm,1784901223.716021,init,0.0,0.0,0.0,0.0,78,160,160,1,0,37163726,0,0,0.0,0.0,0.0,0.0,0.0,0.0,0,0.0,0.0,0.0,-0.0008877953514456749,0.00449078343808651,0.011077710427343845,0.04384329169988632,0.0015397013630717993,-0.002082952531054616,-0.0018730366136878729,4.096187591552734,0
frames/frame_000188.pgm,1784901223.733725,init,0.0,0.0,0.0,0.0,79,160,160,1,0,37197052,0,0,0.0,0.0,0.0,0.0,0.0,0.0,0,0.0,0.0,0.0,-0.0008877953514456749,0.00449078343808651,0.011077710427343845,0.04384329169988632,0.0015397013630717993,-0.002082952531054616,-0.0018730366136878729,4.096187591552734,0
frames/frame_000189.pgm,1784901223.750926,init,0.0,0.0,0.0,0.0,80,160,160,1,0,37230377,0,0,0.0,0.0,0.0,0.0,0.0,0.0,0,0.0,0.0,0.0,-0.0008877953514456749,0.00449078343808651,0.011077710427343845,0.04384329169988632,0.0015397013630717993,-0.002082952531054616,-0.0018730366136878729,4.096187591552734,0
frames/frame_000190.pgm,1784901223.769557,init,0.0,0.0,0.0,0.0,81,160,160,1,0,37263702,0,0,0.0,0.0,0.0,0.0,0.0,0.0,0,0.0,0.0,0.0,-0.0015433068620041013,0.004062611609697342,0.01101590320467949,0.04654164984822273,-0.00218023918569088,-0.0048021553084254265,-0.0014427038840949535,4.106744766235352,0
frames/frame_000191.pgm,1784901223.791232,init,0.0,0.0,0.0,0.0,85,160,160,1,0,37397033,0,0,0.0,0.0,0.0,0.0,0.0,0.0,0,0.0,0.0,0.0,-0.0015433068620041013,0.004062611609697342,0.01101590320467949,0.04654164984822273,-0.00218023918569088,-0.0048021553084254265,-0.0014427038840949535,4.106744766235352,0
frames/frame_000192.pgm,1784901223.819875,init,0.0,0.0,0.0,0.0,86,160,160,1,0,37430358,0,0,0.0,0.0,0.0,0.0,0.0,0.0,0,0.0,0.0,0.0,-0.001091678044758737,0.004947356414049864,0.011849547736346722,0.044689763337373734,4.077272478753002e-06,-0.00040701066609472036,0.003514715703204274,4.106744766235352,0
frames/frame_000193.pgm,1784901223.853144,init,0.0,0.0,0.0,0.0,87,160,160,1,0,37463684,0,0,0.0,0.0,0.0,0.0,0.0,0.0,0,0.0,0.0,0.0,-0.001091678044758737,0.004947356414049864,0.011849547736346722,0.044689763337373734,4.077272478753002e-06,-0.00040701066609472036,0.003514715703204274,4.106744766235352,0
frames/frame_000194.pgm,1784901223.888316,init,0.0,0.0,0.0,0.0,88,160,160,1,0,37497009,0,0,0.0,0.0,0.0,0.0,0.0,0.0,0,0.0,0.0,0.0,-0.0008868654840625823,0.004948560614138842,0.012072148732841015,0.04628545790910721,0.001420998596586287,-0.0005143073503859341,0.0038220908027142286,4.106744766235352,0
frames/frame_000195.pgm,1784901223.921239,init,0.0,0.0,0.0,0.0,89,160,160,1,0,37530364,0,0,0.0,0.0,0.0,0.0,0.0,0.0,0,0.0,0.0,0.0,-0.001738521852530539,0.004105187486857176,0.012783510610461235,0.046796005219221115,-0.003688232507556677,-0.005574156064540148,0.00691035995259881,4.106744766235352,0
frames/frame_000196.pgm,1784901223.953203,init,0.0,0.0,0.0,0.0,90,160,160,1,0,37563690,0,0,0.0,0.0,0.0,0.0,0.0,0.0,0,0.0,0.0,0.0,-0.0006654263124801219,0.0040816133841872215,0.012759299017488956,0.047053877264261246,-0.003688232507556677,-0.005574156064540148,0.00691035995259881,4.106744766235352,0
frames/frame_000197.pgm,1784901223.990401,init,0.0,0.0,0.0,0.0,91,160,160,1,0,37597015,0,0,0.0,0.0,0.0,0.0,0.0,0.0,0,0.0,0.0,0.0,-0.0006654263124801219,0.0040816133841872215,0.012759299017488956,0.047053877264261246,0.002748968778178096,-0.005704808514565229,0.007678690832108259,4.106744766235352,0
frames/frame_000198.pgm,1784901224.021635,init,0.0,0.0,0.0,0.0,92,160,160,1,0,37630340,0,0,0.0,0.0,0.0,0.0,0.0,0.0,0,0.0,0.0,0.0,-0.001775396172888577,0.004042117390781641,0.012587928213179111,0.04539196938276291,-0.003200652776286006,-0.005327195394784212,0.0018621908966451883,4.106744766235352,0
frames/frame_000199.pgm,1784901224.054076,init,0.0,0.0,0.0,0.0,93,160,160,1,0,37663665,0,0,0.0,0.0,0.0,0.0,0.0,0.0,0,0.0,0.0,0.0,-0.0015531531535089016,0.004039211664348841,0.013243526220321655,0.04614556208252907,-0.003200652776286006,-0.005327195394784212,0.0018621908966451883,4.106744766235352,0
frames/frame_000200.pgm,1784901224.086869,init,0.0,0.0,0.0,0.0,94,160,160,1,0,37696990,0,0,0.0,0.0,0.0,0.0,0.0,0.0,0,0.0,0.0,0.0,-0.0015531531535089016,0.004039211664348841,0.013243526220321655,0.04614556208252907,-0.0015002427389845252,-0.004693819209933281,0.005019980017095804,4.106744766235352,0
frames/frame_000201.pgm,1784901224.122110,init,0.0,0.0,0.0,0.0,95,160,160,1,0,37730346,0,0,0.0,0.0,0.0,0.0,0.0,0.0,0,0.0,0.0,0.0,-0.0008864016854204237,0.004703374579548836,0.013799217529594898,0.04616353660821915,0.001913969055749476,-0.0008855177438817918,0.006702209822833538,4.106744766235352,0
frames/frame_000202.pgm,1784901224.153610,init,0.0,0.0,0.0,0.0,96,160,160,1,0,37763671,0,0,0.0,0.0,0.0,0.0,0.0,0.0,0,0.0,0.0,0.0,-0.0008795569883659482,0.004695484880357981,0.0137232830747962,0.045513857156038284,0.001913969055749476,-0.0008855177438817918,0.006702209822833538,4.106744766235352,0
frames/frame_000203.pgm,1784901224.186839,init,0.0,0.0,0.0,0.0,97,160,160,1,0,37796997,0,0,0.0,0.0,0.0,0.0,0.0,0.0,0,0.0,0.0,0.0,-0.0008795569883659482,0.004695484880357981,0.0137232830747962,0.045513857156038284,0.0015308569418266416,-0.0003420058637857437,0.00520018395036459,4.106744766235352,0
frames/frame_000204.pgm,1784901224.220257,init,0.0,0.0,0.0,0.0,98,160,160,1,0,37830322,0,0,0.0,0.0,0.0,0.0,0.0,0.0,0,0.0,0.0,0.0,-0.0011055493960157037,0.00426121661439538,0.01323770172894001,0.04529469832777977,0.0002531984937377274,-0.0028271593619138002,0.0020660595037043095,4.106744766235352,0
frames/frame_000205.pgm,1784901224.254024,init,0.0,0.0,0.0,0.0,99,160,160,1,0,37863647,0,0,0.0,0.0,0.0,0.0,0.0,0.0,0,0.0,0.0,0.0,-0.000843636691570282,0.0051782517693936825,0.012783443555235863,0.04478240758180618,0.0002531984937377274,-0.0028271593619138002,0.0020660595037043095,4.11202335357666,0
frames/frame_000206.pgm,1784901224.288217,init,0.0,0.0,0.0,0.0,100,160,160,1,0,37896972,0,0,0.0,0.0,0.0,0.0,0.0,0.0,0,0.0,0.0,0.0,-0.000843636691570282,0.0051782517693936825,0.012783443555235863,0.04478240758180618,0.0023007516283541918,0.0024488307535648346,0.0001117612118832767,4.11202335357666,0
frames/frame_000207.pgm,1784901224.320421,init,0.0,0.0,0.0,0.0,101,160,160,1,0,37930328,0,0,0.0,0.0,0.0,0.0,0.0,0.0,0,0.0,0.0,0.0,-0.001846593338996172,0.003909484017640352,0.012204175814986229,0.045642003417015076,-0.0033952004741877317,-0.004487699829041958,-0.002526360796764493,4.11202335357666,0
frames/frame_000208.pgm,1784901224.355738,init,0.0,0.0,0.0,0.0,102,160,160,1,0,37963653,0,0,0.0,0.0,0.0,0.0,0.0,0.0,0,0.0,0.0,0.0,-0.0018084628973156214,0.00399114191532135,0.01211191900074482,0.04444505646824837,-0.0033952004741877317,-0.004487699829041958,-0.002526360796764493,4.11202335357666,0
frames/frame_000209.pgm,1784901224.391701,init,0.0,0.0,0.0,0.0,103,160,160,1,0,37996978,0,0,0.0,0.0,0.0,0.0,0.0,0.0,0,0.0,0.0,0.0,-0.0018084628973156214,0.00399114191532135,0.01211191900074482,0.04444505646824837,-0.0029969459865242243,-0.0044801076874136925,-0.0021726577542722225,4.11202335357666,0
frames/frame_000210.pgm,1784901224.422310,init,0.0,0.0,0.0,0.0,104,160,160,1,0,38030303,0,0,0.0,0.0,0.0,0.0,0.0,0.0,0,0.0,0.0,0.0,-0.0008625732734799385,0.004248831421136856,0.012415927834808826,0.04365789145231247,0.0011057048104703426,-0.002755525754764676,-0.00010722300066845492,4.11202335357666,0
frames/frame_000211.pgm,1784901224.455384,init,0.0,0.0,0.0,0.0,105,160,160,1,0,38063629,0,0,0.0,0.0,0.0,0.0,0.0,0.0,0,0.0,0.0,0.0,-0.0017862118547782302,0.004011977929621935,0.011927423998713493,0.046174369752407074,0.0011057048104703426,-0.002755525754764676,-0.00010722300066845492,4.11202335357666,0
frames/frame_000212.pgm,1784901224.487854,init,0.0,0.0,0.0,0.0,106,160,160,1,0,38096954,0,0,0.0,0.0,0.0,0.0,0.0,0.0,0,0.0,0.0,0.0,-0.0017862118547782302,0.004011977929621935,0.011927423998713493,0.046174369752407074,-0.0037673423066735268,-0.0040445709601044655,-0.0024899656418710947,4.106744766235352,0
frames/frame_000213.pgm,1784901224.520502,init,0.0,0.0,0.0,0.0,107,160,160,1,0,38130310,0,0,0.0,0.0,0.0,0.0,0.0,0.0,0,0.0,0.0,0.0,-0.001767270383425057,0.004031917545944452,0.011415276676416397,0.04545149579644203,-0.0042838710360229015,-0.004712442401796579,-0.00482701463624835,4.106744766235352,0
frames/frame_000214.pgm,1784901224.554603,init,0.0,0.0,0.0,0.0,108,160,160,1,0,38163635,0,0,0.0,0.0,0.0,0.0,0.0,0.0,0,0.0,0.0,0.0,-0.000873509852681309,0.004910354036837816,0.010114820674061775,0.0448816753923893,5.329106716089882e-05,0.0004665073938667774,-0.009580407291650772,4.11202335357666,0
frames/frame_000215.pgm,1784901224.587826,init,0.0,0.0,0.0,0.0,109,160,160,1,0,38196960,0,0,0.0,0.0,0.0,0.0,0.0,0.0,0,0.0,0.0,0.0,-0.000873509852681309,0.004910354036837816,0.010114820674061775,0.0448816753923893,5.329106716089882e-05,0.0004665073938667774,-0.009580407291650772,4.11202335357666,0
frames/frame_000216.pgm,1784901224.632524,init,0.0,0.0,0.0,0.0,110,160,160,1,0,38230285,0,0,0.0,0.0,0.0,0.0,0.0,0.0,0,0.0,0.0,0.0,-0.0006573465070687234,0.004905359353870153,0.010100288316607475,0.04329267889261246,0.0016641323454678059,0.0005781739600934088,-0.00719553092494607,4.11202335357666,0
frames/frame_000217.pgm,1784901224.655645,init,0.0,0.0,0.0,0.0,111,160,160,1,0,38263610,0,0,0.0,0.0,0.0,0.0,0.0,0.0,0,0.0,0.0,0.0,-0.001800459809601307,0.003997418563812971,0.011852972209453583,0.04562649130821228,0.0016641323454678059,0.0005781739600934088,-0.00719553092494607,4.11202335357666,0
frames/frame_000218.pgm,1784901224.686780,init,0.0,0.0,0.0,0.0,112,160,160,1,0,38296936,0,0,0.0,0.0,0.0,0.0,0.0,0.0,0,0.0,0.0,0.0,-0.001800459809601307,0.003997418563812971,0.011852972209453583,0.04562649130821228,-0.004130252171307802,-0.004534387961030006,0.00453246058896184,4.11202335357666,0
frames/frame_000219.pgm,1784901224.720504,init,0.0,0.0,0.0,0.0,113,160,160,1,0,38330291,0,0,0.0,0.0,0.0,0.0,0.0,0.0,0,0.0,0.0,0.0,-0.0006513087428174913,0.004437446594238281,0.011710618622601032,0.04684539511799812,0.0024069712962955236,-0.001763079548254609,0.0025174706242978573,4.11202335357666,0
frames/frame_000220.pgm,1784901224.754339,init,0.0,0.0,0.0,0.0,114,160,160,1,0,38363616,0,0,0.0,0.0,0.0,0.0,0.0,0.0,0,0.0,0.0,0.0,-0.0006513087428174913,0.004437446594238281,0.011710618622601032,0.04684539511799812,0.0024069712962955236,-0.001763079548254609,0.0025174706242978573,4.11202335357666,0
frames/frame_000221.pgm,1784901224.788088,init,0.0,0.0,0.0,0.0,115,160,160,1,0,38396942,0,0,0.0,0.0,0.0,0.0,0.0,0.0,0,0.0,0.0,0.0,0.00030988812795840204,0.006107043474912643,0.011498695239424706,0.04440605267882347,0.006539229303598404,0.006918607745319605,0.0009873912204056978,4.11202335357666,0
frames/frame_000222.pgm,1784901224.821980,init,0.0,0.0,0.0,0.0,116,160,160,1,0,38430267,0,0,0.0,0.0,0.0,0.0,0.0,0.0,0,0.0,0.0,0.0,-0.0019081671489402652,0.003872719593346119,0.012301837094128132,0.0426797941327095,-0.004501328803598881,-0.0054282029159367085,0.005506913643330336,4.11202335357666,0
frames/frame_000223.pgm,1784901225.003248,init,0.0,0.0,0.0,0.0,117,160,160,1,0,38463592,0,0,0.0,0.0,0.0,0.0,0.0,0.0,0,0.0,0.0,0.0,-0.001877609291113913,0.0038689537905156612,0.008994526229798794,0.037730515003204346,-0.004209466744214296,-0.005628054030239582,-0.00974882859736681,4.11202335357666,0
frames/frame_000224.pgm,1784901225.023686,init,0.0,0.0,0.0,0.0,118,160,160,1,0,38496917,0,0,0.0,0.0,0.0,0.0,0.0,0.0,0,0.0,0.0,0.0,-0.00039260523044504225,0.0016285385936498642,0.009586972184479237,0.0369386151432991,0.0026213773526251316,-0.013452575542032719,-0.004183076787739992,4.11202335357666,0
frames/frame_000225.pgm,1784901225.097828,init,0.0,0.0,0.0,0.0,119,160,160,1,0,38530273,0,0,0.0,0.0,0.0,0.0,0.0,0.0,0,0.0,0.0,0.0,-0.00010169205779675394,0.00038824244984425604,0.010019494220614433,0.03925393894314766,0.0033017448149621487,-0.016963182017207146,-0.0011917613446712494,4.11202335357666,0
frames/frame_000226.pgm,1784901225.102663,init,0.0,0.0,0.0,0.0,120,160,160,1,0,38563598,0,0,0.0,0.0,0.0,0.0,0.0,0.0,0,0.0,0.0,0.0,-0.00010169205779675394,0.00038824244984425604,0.010019494220614433,0.03925393894314766,0.0033017448149621487,-0.016963182017207146,-0.0011917613446712494,4.11202335357666,0
frames/frame_000227.pgm,1784901225.113161,init,0.0,0.0,0.0,0.0,124,160,160,1,0,38696899,0,0,0.0,0.0,0.0,0.0,0.0,0.0,0,0.0,0.0,0.0,-0.0022439013700932264,0.004413897171616554,0.010070854797959328,0.038630396127700806,0.0033017448149621487,-0.016963182017207146,-0.0011917613446712494,4.11202335357666,0
frames/frame_000228.pgm,1784901225.153738,init,0.0,0.0,0.0,0.0,126,160,160,1,0,38763580,0,0,0.0,0.0,0.0,0.0,0.0,0.0,0,0.0,0.0,0.0,-0.0021693764720112085,0.0043615493923425674,0.01004878431558609,0.03664121776819229,-0.007383211515843868,0.0034243077971041203,-0.0007457889732904732,4.106744766235352,0
frames/frame_000229.pgm,1784901225.186894,init,0.0,0.0,0.0,0.0,127,160,160,1,0,38796905,0,0,0.0,0.0,0.0,0.0,0.0,0.0,0,0.0,0.0,0.0,-0.0021693764720112085,0.0043615493923425674,0.01004878431558609,0.03664121776819229,-0.00625778129324317,0.0017592529766261578,-0.0005539698177017272,4.106744766235352,0
frames/frame_000230.pgm,1784901225.220801,init,0.0,0.0,0.0,0.0,128,160,160,1,0,38830230,0,0,0.0,0.0,0.0,0.0,0.0,0.0,0,0.0,0.0,0.0,-0.00010362181637901813,0.006801951676607132,0.010471895337104797,0.03233349323272705,0.005017571616917849,0.012653971090912819,0.002082303399220109,4.106744766235352,0
frames/frame_000231.pgm,1784901225.254765,init,0.0,0.0,0.0,0.0,129,160,160,1,0,38863555,0,0,0.0,0.0,0.0,0.0,0.0,0.0,0,0.0,0.0,0.0,-0.00216722022742033,0.005656624212861061,0.010932927019894123,0.035514652729034424,-0.0045726848766207695,0.005346961785107851,0.003701582085341215,4.11202335357666,0
frames/frame_000232.pgm,1784901225.293076,init,0.0,0.0,0.0,0.0,130,160,160,1,0,38896881,0,0,0.0,0.0,0.0,0.0,0.0,0.0,0,0.0,0.0,0.0,-0.00216722022742033,0.005656624212861061,0.010932927019894123,0.035514652729034424,-0.0045726848766207695,0.005346961785107851,0.003701582085341215,4.11202335357666,0
frames/frame_000233.pgm,1784901225.320453,init,0.0,0.0,0.0,0.0,131,160,160,1,0,38930236,0,0,0.0,0.0,0.0,0.0,0.0,0.0,0,0.0,0.0,0.0,-0.002124331658706069,0.0044118198566138744,0.011107265949249268,0.03514338284730911,-0.003982790745794773,-0.0016437353333458304,0.004017671570181847,4.11202335357666,0
frames/frame_000234.pgm,1784901225.354865,init,0.0,0.0,0.0,0.0,132,160,160,1,0,38963562,0,0,0.0,0.0,0.0,0.0,0.0,0.0,0,0.0,0.0,0.0,-0.0021516496781259775,0.004390442278236151,0.012059017084538937,0.03491954505443573,-0.003982790745794773,-0.0016437353333458304,0.004017671570181847,4.11202335357666,0
frames/frame_000235.pgm,1784901225.386754,init,0.0,0.0,0.0,0.0,133,160,160,1,0,38996887,0,0,0.0,0.0,0.0,0.0,0.0,0.0,0,0.0,0.0,0.0,-0.0021516496781259775,0.004390442278236151,0.012059017084538937,0.03491954505443573,-0.0032099001109600067,-0.00235951435752213,0.0070469263009727,4.11202335357666,0
frames/frame_000236.pgm,1784901225.511074,init,0.0,0.0,0.0,0.0,134,160,160,1,0,39030212,0,0,0.0,0.0,0.0,0.0,0.0,0.0,0,0.0,0.0,0.0,-0.0022431458346545696,0.004351312760263681,0.012759774923324585,0.03456754982471466,-0.0038343509659171104,-0.0038460190407931805,0.0024257490877062082,4.11202335357666,0
frames/frame_000237.pgm,1784901225.519009,init,0.0,0.0,0.0,0.0,135,160,160,1,0,39063537,0,0,0.0,0.0,0.0,0.0,0.0,0.0,0,0.0,0.0,0.0,-0.0022431458346545696,0.004351312760263681,0.012759774923324585,0.03456754982471466,-0.0038343509659171104,-0.0038460190407931805,0.0024257490877062082,4.11202335357666,0
frames/frame_000238.pgm,1784901225.535972,init,0.0,0.0,0.0,0.0,136,160,160,1,0,39096862,0,0,0.0,0.0,0.0,0.0,0.0,0.0,0,0.0,0.0,0.0,-0.0022431458346545696,0.004351312760263681,0.012759774923324585,0.03456754982471466,-0.0038343509659171104,-0.0038460190407931805,0.0024257490877062082,4.11202335357666,0
frames/frame_000239.pgm,1784901225.800952,init,0.0,0.0,0.0,0.0,137,160,160,1,0,39130218,0,0,0.0,0.0,0.0,0.0,0.0,0.0,0,0.0,0.0,0.0,-0.0013487873366102576,0.0024997415021061897,0.011824931018054485,0.03754083439707756,-0.0018555058632045984,-0.0018434984376654029,0.0012871992075815797,4.096187591552734,0
frames/frame_000240.pgm,1784901225.801973,init,0.0,0.0,0.0,0.0,138,160,160,1,0,39163543,0,0,0.0,0.0,0.0,0.0,0.0,0.0,0,0.0,0.0,0.0,-0.0013487873366102576,0.0024997415021061897,0.011824931018054485,0.03754083439707756,-0.0018555058632045984,-0.0018434984376654029,0.0012871992075815797,4.096187591552734,0
frames/frame_000241.pgm,1784901225.823082,init,0.0,0.0,0.0,0.0,139,160,160,1,0,39196868,0,0,0.0,0.0,0.0,0.0,0.0,0.0,0,0.0,0.0,0.0,-0.0013217333471402526,0.00174955022521317,0.011532316915690899,0.03556517884135246,-0.0018555058632045984,-0.0018434984376654029,0.0012871992075815797,4.096187591552734,0
frames/frame_000242.pgm,1784901225.843983,takeoff,0.0,0.0,0.050000160932540894,0.0,140,160,160,1,0,39230194,0,0,0.0,0.0,0.0,0.0,0.0,0.0,0,0.0,0.0,0.0,-0.0013217333471402526,0.00174955022521317,0.011532316915690899,0.03556517884135246,-0.0007532962481491268,-0.004948351066559553,-0.0004559647641144693,4.096187591552734,0
frames/frame_000243.pgm,1784901225.861542,takeoff,0.0,0.0,0.05555630326271058,0.0,147,160,160,1,0,39463500,0,0,0.0,0.0,0.0,0.0,0.0,0.0,0,0.0,0.0,0.0,-0.00267246225848794,0.0017590696224942803,0.011069541797041893,0.03912367299199104,-0.0007532962481491268,-0.004948351066559553,-0.0004559647641144693,4.085630416870117,0
frames/frame_000244.pgm,1784901225.882173,takeoff,0.0,0.0,0.06082518100738526,0.0,148,160,160,1,0,39496826,0,0,0.0,0.0,0.0,0.0,0.0,0.0,0,0.0,0.0,0.0,-0.00267246225848794,0.0017590696224942803,0.011069541797041893,0.03912367299199104,-0.007861590012907982,-0.004074260592460632,-0.003298589726909995,4.085630416870117,0
frames/frame_000245.pgm,1784901225.939118,takeoff,0.0,0.0,0.070387202501297,0.0,149,160,160,1,0,39530181,0,0,0.0,0.0,0.0,0.0,0.0,0.0,0,0.0,0.0,0.0,-0.0035308822989463806,0.002200170187279582,0.010961662046611309,0.03864927217364311,-0.009782010689377785,0.0038375973235815763,-0.0037537079770118,4.085630416870117,0
frames/frame_000246.pgm,1784901226.067880,takeoff,0.0,0.0,0.10149229764938356,0.0,150,160,160,1,0,39563507,0,0,0.0,0.0,0.0,0.0,0.0,0.0,0,0.0,0.0,0.0,0.0019499800400808454,0.0009259991347789764,0.010634200647473335,-0.11206723004579544,0.016486650332808495,0.006455832626670599,-0.0004870908160228282,3.895601272583008,0
frames/frame_000247.pgm,1784901226.089831,takeoff,0.0,0.0,0.1066943347454071,0.0,151,160,160,1,0,39596832,0,0,0.0,0.0,0.0,0.0,0.0,0.0,0,0.0,0.0,0.0,0.0019499800400808454,0.0009259991347789764,0.010634200647473335,-0.11206723004579544,0.016486650332808495,0.006455832626670599,-0.0004870908160228282,3.895601272583008,0
frames/frame_000248.pgm,1784901226.122079,takeoff,0.0,0.0,0.11166259050369262,0.0,152,160,160,1,0,39630157,0,0,0.0,0.0,0.0,0.0,0.0,0.0,0,0.0,0.0,0.0,0.007502836175262928,0.0016077096806839108,0.01095434371381998,-0.14777249097824097,0.0386991947889328,0.00841822475194931,0.012401554733514786,3.895601272583008,0
frames/frame_000249.pgm,1784901226.140899,takeoff,0.0,0.0,0.11720092296600343,0.0,156,160,160,1,0,39763488,0,0,0.0,0.0,0.0,0.0,0.0,0.0,0,0.0,0.0,0.0,0.007502836175262928,0.0016077096806839108,0.01095434371381998,-0.14777249097824097,0.0386991947889328,0.00841822475194931,0.012401554733514786,3.895601272583008,0
frames/frame_000250.pgm,1784901226.188033,takeoff,0.0,0.0,0.12719746232032775,0.0,157,160,160,1,0,39796813,0,0,0.0,0.0,0.0,0.0,0.0,0.0,0,0.0,0.0,0.0,0.014276726171374321,0.0014445185661315918,0.010812085121870041,-0.19392424821853638,0.05599408969283104,0.005898487288504839,0.026129186153411865,3.8850440979003906,0
frames/frame_000251.pgm,1784901226.220893,takeoff,0.0,0.0,0.13656352162361146,0.0,158,160,160,1,0,39830139,0,0,0.0,0.0,0.0,0.0,0.0,0.0,0,0.0,0.0,0.0,0.007358032278716564,-0.003271721303462982,0.008043958805501461,-0.1587967872619629,-0.0058391764760017395,-0.021989179775118828,0.03399254009127617,3.8850440979003906,0
frames/frame_000252.pgm,1784901226.255132,takeoff,0.0,0.0,0.14180471897125246,0.0,159,160,160,1,0,39863464,0,0,0.0,0.0,0.0,0.0,0.0,0.0,0,0.0,0.0,0.0,-0.00147342961281538,-0.006732955574989319,0.005799198057502508,-0.13007530570030212,-0.06703738123178482,-0.037732526659965515,0.02919691987335682,3.8744869232177734,0
frames/frame_000253.pgm,1784901226.286986,takeoff,0.0,0.0,0.1516263782978058,0.0,160,160,160,1,0,39896789,0,0,0.0,0.0,0.0,0.0,0.0,0.0,0,0.0,0.0,0.0,-0.00147342961281538,-0.006732955574989319,0.005799198057502508,-0.13007530570030212,-0.06703738123178482,-0.037732526659965515,0.02919691987335682,3.8744869232177734,0
frames/frame_000254.pgm,1784901226.322006,takeoff,0.0,0.0,0.15713166594505312,0.0,161,160,160,1,0,39930145,0,0,0.0,0.0,0.0,0.0,0.0,0.0,0,0.0,0.0,0.0,-0.014182995073497295,-0.015024947933852673,0.0034667053259909153,-0.12177471816539764,-0.13174104690551758,-0.06950085610151291,0.028580056503415108,3.8744869232177734,0
frames/frame_000255.pgm,1784901226.355263,takeoff,0.0,0.0,0.16731456518173218,0.0,162,160,160,1,0,39963470,0,0,0.0,0.0,0.0,0.0,0.0,0.0,0,0.0,0.0,0.0,-0.02566768229007721,-0.021345095708966255,0.003277771407738328,-0.05456100404262543,-0.13174104690551758,-0.06950085610151291,0.028580056503415108,3.8480939865112305,0
frames/frame_000256.pgm,1784901226.390306,takeoff,0.0,0.0,0.17275161743164064,0.0,163,160,160,1,0,39996795,0,0,0.0,0.0,0.0,0.0,0.0,0.0,0,0.0,0.0,0.0,-0.02566768229007721,-0.021345095708966255,0.003277771407738328,-0.05456100404262543,-0.16486072540283203,-0.0806552991271019,0.04506722837686539,3.8480939865112305,0
frames/frame_000257.pgm,1784901226.421305,takeoff,0.0,0.0,0.18230720162391661,0.0,164,160,160,1,0,40030120,0,0,0.0,0.0,0.0,0.0,0.0,0.0,0,0.0,0.0,0.0,-0.036338161677122116,-0.024351289495825768,0.007383125834167004,-0.016387656331062317,-0.17284321784973145,-0.06522214412689209,0.07794313132762909,3.8480939865112305,0
frames/frame_000258.pgm,1784901226.453368,takeoff,0.0,0.0,0.18726328015327454,0.0,165,160,160,1,0,40063446,0,0,0.0,0.0,0.0,0.0,0.0,0.0,0,0.0,0.0,0.0,-0.036338161677122116,-0.024351289495825768,0.007383125834167004,-0.016387656331062317,-0.17284321784973145,-0.06522214412689209,0.07794313132762909,3.8480939865112305,0
frames/frame_000259.pgm,1784901226.489553,takeoff,0.0,0.0,0.19783665537834166,0.0,166,160,160,1,0,40096801,0,0,0.0,0.0,0.0,0.0,0.0,0.0,0,0.0,0.0,0.0,-0.03483256325125694,-0.025670381262898445,0.024084199219942093,0.0028755373787134886,-0.09917569905519485,-0.038909219205379486,0.1663936972618103,3.869208335876465,0
frames/frame_000260.pgm,1784901226.525780,takeoff,0.0,0.0,0.20302361845970157,0.0,167,160,160,1,0,40130126,0,0,0.0,0.0,0.0,0.0,0.0,0.0,0,0.0,0.0,0.0,-0.03786048665642738,-0.023320304229855537,0.03725315257906914,0.012746967375278473,-0.05830569192767143,0.0022736245300620794,0.2002343237400055,3.869208335876465,0
frames/frame_000261.pgm,1784901226.556781,takeoff,0.0,0.0,0.21289387941360477,0.0,168,160,160,1,0,40163452,0,0,0.0,0.0,0.0,0.0,0.0,0.0,0,0.0,0.0,0.0,-0.03683173656463623,-0.018862782046198845,0.054427165538072586,0.08267556875944138,-0.004543382674455643,0.04366435110569,0.222288578748703,3.8744869232177734,0
frames/frame_000262.pgm,1784901226.586708,takeoff,0.0,0.0,0.2178085446357727,0.0,169,160,160,1,0,40196777,0,0,0.0,0.0,0.0,0.0,0.0,0.0,0,0.0,0.0,0.0,-0.03683173656463623,-0.018862782046198845,0.054427165538072586,0.08267556875944138,-0.004543382674455643,0.04366435110569,0.222288578748703,3.8744869232177734,0
frames/frame_000263.pgm,1784901226.620160,takeoff,0.0,0.0,0.22336694002151491,0.0,170,160,160,1,0,40230102,0,0,0.0,0.0,0.0,0.0,0.0,0.0,0,0.0,0.0,0.0,-0.03151048719882965,-0.014412013813853264,0.0685548335313797,0.13683845102787018,0.05012907460331917,0.07013905048370361,0.21055644750595093,3.8744869232177734,0
frames/frame_000264.pgm,1784901226.653516,takeoff,0.0,0.0,0.23461451530456545,0.0,171,160,160,1,0,40263427,0,0,0.0,0.0,0.0,0.0,0.0,0.0,0,0.0,0.0,0.0,-0.022469371557235718,-0.009391194209456444,0.08050528168678284,0.18995465338230133,0.05012907460331917,0.07013905048370361,0.21055644750595093,3.879765510559082,0
frames/frame_000265.pgm,1784901226.687098,takeoff,0.0,0.0,0.24024715423583987,0.0,172,160,160,1,0,40296783,0,0,0.0,0.0,0.0,0.0,0.0,0.0,0,0.0,0.0,0.0,-0.022469371557235718,-0.009391194209456444,0.08050528168678284,0.18995465338230133,0.10283683985471725,0.08674051612615585,0.18337160348892212,3.879765510559082,0
frames/frame_000266.pgm,1784901226.719859,takeoff,0.0,0.0,0.250587660074234,0.0,173,160,160,1,0,40330108,0,0,0.0,0.0,0.0,0.0,0.0,0.0,0,0.0,0.0,0.0,-0.011015715077519417,-0.004336729180067778,0.09063537418842316,0.18875838816165924,0.14777716994285583,0.0940861776471138,0.15565094351768494,3.879765510559082,0
frames/frame_000267.pgm,1784901226.755159,takeoff,0.0,0.0,0.25536349415779114,0.0,174,160,160,1,0,40363433,0,0,0.0,0.0,0.0,0.0,0.0,0.0,0,0.0,0.0,0.0,0.0013668405590578914,-0.0012702745152637362,0.09536350518465042,0.16607147455215454,0.17754274606704712,0.0848897397518158,0.11649481952190399,3.8480939865112305,0
frames/frame_000268.pgm,1784901226.792050,takeoff,0.0,0.0,0.2655547082424164,0.0,175,160,160,1,0,40396759,0,0,0.0,0.0,0.0,0.0,0.0,0.0,0,0.0,0.0,0.0,0.0013668405590578914,-0.0012702745152637362,0.09536350518465042,0.16607147455215454,0.17754274606704712,0.0848897397518158,0.11649481952190399,3.8480939865112305,0
frames/frame_000269.pgm,1784901226.820789,takeoff,0.0,0.0,0.2707913458347321,0.0,176,160,160,1,0,40430084,0,0,0.0,0.0,0.0,0.0,0.0,0.0,0,0.0,0.0,0.0,0.009308147244155407,0.002012925688177347,0.0966058224439621,0.07646306604146957,0.1697249561548233,0.07472048699855804,0.08402500301599503,3.8480939865112305,0
frames/frame_000270.pgm,1784901226.916262,takeoff,0.0,0.0,0.29180543422698973,0.0,177,160,160,1,0,40463409,0,0,0.0,0.0,0.0,0.0,0.0,0.0,0,0.0,0.0,0.0,0.02082320861518383,0.007625979837030172,0.10214916616678238,-0.026464616879820824,0.11304314434528351,0.048389874398708344,0.11711559444665909,3.816422462463379,0
frames/frame_000271.pgm,1784901226.948609,takeoff,0.0,0.0,0.29671897292137145,0.0,178,160,160,1,0,40496765,0,0,0.0,0.0,0.0,0.0,0.0,0.0,0,0.0,0.0,0.0,0.02082320861518383,0.007625979837030172,0.10214916616678238,-0.026464616879820824,0.11304314434528351,0.048389874398708344,0.11711559444665909,3.816422462463379,0
frames/frame_000272.pgm,1784901226.951588,takeoff,0.0,0.0,0.3023027956485748,0.0,179,160,160,1,0,40530090,0,0,0.0,0.0,0.0,0.0,0.0,0.0,0,0.0,0.0,0.0,0.02082320861518383,0.007625979837030172,0.10214916616678238,-0.026464616879820824,0.11304314434528351,0.048389874398708344,0.11711559444665909,3.816422462463379,0
frames/frame_000273.pgm,1784901226.962942,takeoff,0.0,0.0,0.3023027956485748,0.0,180,160,160,1,0,40563415,0,0,0.0,0.0,0.0,0.0,0.0,0.0,0,0.0,0.0,0.0,0.02082320861518383,0.007625979837030172,0.10214916616678238,-0.026464616879820824,0.11304314434528351,0.048389874398708344,0.11711559444665909,3.816422462463379,0
frames/frame_000274.pgm,1784901226.987167,takeoff,0.0,0.0,0.3069402813911438,0.0,181,160,160,1,0,40596771,0,0,0.0,0.0,0.0,0.0,0.0,0.0,0,0.0,0.0,0.0,0.025220151990652084,0.00916146021336317,0.10741182416677475,-0.02916657365858555,0.07953201234340668,0.031639616936445236,0.14871914684772491,3.800586462020874,0
frames/frame_000275.pgm,1784901227.020206,takeoff,0.0,0.0,0.31732858419418336,0.0,182,160,160,1,0,40630065,0,0,0.0,0.0,0.0,0.0,0.0,0.0,0,0.0,0.0,0.0,0.026618599891662598,0.01003614068031311,0.11445854604244232,-0.00766656082123518,0.03830774873495102,0.01566833257675171,0.17905168235301971,3.800586462020874,0
frames/frame_000276.pgm,1784901227.053286,takeoff,0.0,0.0,0.32295129895210267,0.0,183,160,160,1,0,40663391,0,0,0.0,0.0,0.0,0.0,0.0,0.0,0,0.0,0.0,0.0,0.027683423832058907,0.010448167100548744,0.12313561141490936,0.0007189344032667577,0.03830774873495102,0.01566833257675171,0.17905168235301971,3.800586462020874,0
frames/frame_000277.pgm,1784901227.089374,takeoff,0.0,0.0,0.33371210694313047,0.0,184,160,160,1,0,40696746,0,0,0.0,0.0,0.0,0.0,0.0,0.0,0,0.0,0.0,0.0,0.027683423832058907,0.010448167100548744,0.12313561141490936,0.0007189344032667577,0.005911364685744047,0.0018194608855992556,0.2067955732345581,3.8111438751220703,0
frames/frame_000278.pgm,1784901227.119794,takeoff,0.0,0.0,0.33844250440597534,0.0,185,160,160,1,0,40730072,0,0,0.0,0.0,0.0,0.0,0.0,0.0,0,0.0,0.0,0.0,0.026202892884612083,0.005388869903981686,0.13428375124931335,-0.022184066474437714,-0.02689182572066784,-0.03231092914938927,0.23632147908210754,3.8111438751220703,0
frames/frame_000279.pgm,1784901227.153351,takeoff,0.0,0.0,0.3440511107444763,0.0,186,160,160,1,0,40763397,0,0,0.0,0.0,0.0,0.0,0.0,0.0,0,0.0,0.0,0.0,0.0198195967823267,0.008096306584775448,0.14571717381477356,0.137986421585083,-0.02689182572066784,-0.03231092914938927,0.23632147908210754,3.8111438751220703,0
frames/frame_000280.pgm,1784901227.229669,takeoff,0.0,0.0,0.3641966998577118,0.0,187,160,160,1,0,40796722,0,0,0.0,0.0,0.0,0.0,0.0,0.0,0,0.0,0.0,0.0,0.0198195967823267,0.008096306584775448,0.14571717381477356,0.137986421585083,-0.07157184183597565,-0.019988304004073143,0.2502373158931732,3.826979637145996,0
frames/frame_000281.pgm,1784901227.247944,takeoff,0.0,0.0,0.3689363241195679,0.0,188,160,160,1,0,40830047,0,0,0.0,0.0,0.0,0.0,0.0,0.0,0,0.0,0.0,0.0,0.016327103599905968,0.007093837484717369,0.15800385177135468,0.107350192964077,-0.08758658170700073,-0.023451389744877815,0.25960975885391235,3.826979637145996,0
frames/frame_000282.pgm,1784901227.421228,takeoff,0.0,0.0,0.40577110052108767,0.0,189,160,160,1,0,40863372,0,0,0.0,0.0,0.0,0.0,0.0,0.0,0,0.0,0.0,0.0,-0.0016926027601584792,-0.0006938287406228483,0.20901638269424438,-0.015079766511917114,-0.08410254865884781,-0.03224257379770279,0.2674088478088379,3.8111438751220703,0
frames/frame_000283.pgm,1784901227.443716,takeoff,0.0,0.0,0.410295182466507,0.0,190,160,160,1,0,40896728,0,0,0.0,0.0,0.0,0.0,0.0,0.0,0,0.0,0.0,0.0,-0.0016926027601584792,-0.0006938287406228483,0.20901638269424438,-0.015079766511917114,-0.08410254865884781,-0.03224257379770279,0.2674088478088379,3.8111438751220703,0
frames/frame_000284.pgm,1784901227.466522,takeoff,0.0,0.0,0.4148880898952484,0.0,191,160,160,1,0,40930053,0,0,0.0,0.0,0.0,0.0,0.0,0.0,0,0.0,0.0,0.0,-0.00358581799082458,-0.0029218306299299,0.2222638726234436,-0.06088481470942497,-0.06353764235973358,-0.03139910101890564,0.2752532362937927,3.8058650493621826,0
frames/frame_000285.pgm,1784901227.496656,takeoff,0.0,0.0,0.42058982253074645,0.0,192,160,160,1,0,40963378,0,0,0.0,0.0,0.0,0.0,0.0,0.0,0,0.0,0.0,0.0,-0.00358581799082458,-0.0029218306299299,0.2222638726234436,-0.06088481470942497,-0.06353764235973358,-0.03139910101890564,0.2752532362937927,3.8058650493621826,0
frames/frame_000286.pgm,1784901227.514768,takeoff,0.0,0.0,0.42546441555023196,0.0,196,160,160,1,0,41096710,0,0,0.0,0.0,0.0,0.0,0.0,0.0,0,0.0,0.0,0.0,-0.005534011870622635,-0.005835193675011396,0.23822729289531708,-0.09065776318311691,-0.04441151022911072,-0.031455107033252716,0.3013908565044403,3.8058650493621826,0
frames/frame_000287.pgm,1784901227.536735,takeoff,0.0,0.0,0.4303215205669403,0.0,197,160,160,1,0,41130035,0,0,0.0,0.0,0.0,0.0,0.0,0.0,0,0.0,0.0,0.0,-0.005534011870622635,-0.005835193675011396,0.23822729289531708,-0.09065776318311691,-0.04441151022911072,-0.031455107033252716,0.3013908565044403,3.8058650493621826,0
frames/frame_000288.pgm,1784901227.556533,takeoff,0.0,0.0,0.43497719168663024,0.0,198,160,160,1,0,41163360,0,0,0.0,0.0,0.0,0.0,0.0,0.0,0,0.0,0.0,0.0,-0.005534011870622635,-0.005835193675011396,0.23822729289531708,-0.09065776318311691,-0.04441151022911072,-0.031455107033252716,0.3013908565044403,3.8058650493621826,0
frames/frame_000289.pgm,1784901227.586261,takeoff,0.0,0.0,0.4406222224235535,0.0,199,160,160,1,0,41196685,0,0,0.0,0.0,0.0,0.0,0.0,0.0,0,0.0,0.0,0.0,-0.0076142060570418835,-0.007341396529227495,0.25456368923187256,-0.11299724131822586,-0.028201796114444733,-0.025301072746515274,0.31775739789009094,3.8217010498046875,0
frames/frame_000290.pgm,1784901227.624940,takeoff,0.0,0.0,0.45118733644485476,0.0,200,160,160,1,0,41230010,0,0,0.0,0.0,0.0,0.0,0.0,0.0,0,0.0,0.0,0.0,-0.0019736322574317455,-0.01746443659067154,0.27056923508644104,-0.10531273484230042,0.009142682887613773,-0.04782853648066521,0.32126373052597046,3.8217010498046875,0
frames/frame_000291.pgm,1784901227.652914,takeoff,0.0,0.0,0.45623074769973754,0.0,201,160,160,1,0,41263336,0,0,0.0,0.0,0.0,0.0,0.0,0.0,0,0.0,0.0,0.0,-0.00021448227926157415,-0.02046840451657772,0.28909793496131897,-0.10567353665828705,0.009142682887613773,-0.04782853648066521,0.32126373052597046,3.8217010498046875,0
frames/frame_000292.pgm,1784901227.686026,takeoff,0.0,0.0,0.4664596736431122,0.0,202,160,160,1,0,41296691,0,0,0.0,0.0,0.0,0.0,0.0,0.0,0,0.0,0.0,0.0,-0.00021448227926157415,-0.02046840451657772,0.28909793496131897,-0.10567353665828705,0.026117220520973206,-0.04245859384536743,0.331670343875885,3.8217010498046875,0
frames/frame_000293.pgm,1784901227.721841,takeoff,0.0,0.0,0.4717966794967651,0.0,203,160,160,1,0,41330017,0,0,0.0,0.0,0.0,0.0,0.0,0.0,0,0.0,0.0,0.0,-0.00035981828114017844,-0.022981461137533188,0.30429062247276306,-0.09946254640817642,0.02977299876511097,-0.03320841118693352,0.3175784647464752,3.8217010498046875,0
frames/frame_000294.pgm,1784901227.778712,takeoff,0.0,0.0,0.4873640060424805,0.0,204,160,160,1,0,41363342,0,0,0.0,0.0,0.0,0.0,0.0,0.0,0,0.0,0.0,0.0,0.0005287806852720678,-0.024567579850554466,0.32003313302993774,-0.0691848024725914,0.03238433972001076,-0.020695356652140617,0.3113987445831299,3.816422462463379,0
frames/frame_000295.pgm,1784901227.786958,takeoff,0.0,0.0,0.4873640060424805,0.0,205,160,160,1,0,41396667,0,0,0.0,0.0,0.0,0.0,0.0,0.0,0,0.0,0.0,0.0,0.0005287806852720678,-0.024567579850554466,0.32003313302993774,-0.0691848024725914,0.03238433972001076,-0.020695356652140617,0.3113987445831299,3.816422462463379,0
frames/frame_000296.pgm,1784901227.824718,takeoff,0.0,0.0,0.49721490144729613,0.0,206,160,160,1,0,41429992,0,0,0.0,0.0,0.0,0.0,0.0,0.0,0,0.0,0.0,0.0,0.005800549406558275,-0.025204064324498177,0.3375069797039032,-0.023826826363801956,0.04399903118610382,-0.006009242497384548,0.31927233934402466,3.816422462463379,0
frames/frame_000297.pgm,1784901227.869791,settle,0.0,0.0,0.5,0.0,207,160,160,1,0,41463317,0,0,0.0,0.0,0.0,0.0,0.0,0.0,0,0.0,0.0,0.0,0.0068391771055758,-0.024536848068237305,0.352973610162735,-0.0007506492547690868,0.039708130061626434,0.010142441838979721,0.3158789575099945,3.816422462463379,0
frames/frame_000298.pgm,1784901227.886816,settle,0.0,0.0,0.5,0.0,208,160,160,1,0,41496673,0,0,0.0,0.0,0.0,0.0,0.0,0.0,0,0.0,0.0,0.0,0.0068391771055758,-0.024536848068237305,0.352973610162735,-0.0007506492547690868,0.039708130061626434,0.010142441838979721,0.3158789575099945,3.816422462463379,0
frames/frame_000299.pgm,1784901227.926314,settle,0.0,0.0,0.5,0.0,209,160,160,1,0,41529998,0,0,0.0,0.0,0.0,0.0,0.0,0.0,0,0.0,0.0,0.0,0.008666079491376877,-0.025507954880595207,0.36859026551246643,0.04024965688586235,0.035009097307920456,0.018827378749847412,0.3122062087059021,3.816422462463379,0
frames/frame_000300.pgm,1784901227.953199,settle,0.0,0.0,0.5,0.0,210,160,160,1,0,41563323,0,0,0.0,0.0,0.0,0.0,0.0,0.0,0,0.0,0.0,0.0,0.011348636820912361,-0.02266320027410984,0.3877813220024109,0.09300438314676285,0.035009097307920456,0.018827378749847412,0.3122062087059021,3.816422462463379,0
frames/frame_000301.pgm,1784901227.997588,settle,0.0,0.0,0.5,0.0,211,160,160,1,0,41596649,0,0,0.0,0.0,0.0,0.0,0.0,0.0,0,0.0,0.0,0.0,0.011348636820912361,-0.02266320027410984,0.3877813220024109,0.09300438314676285,0.03122938796877861,0.034061793237924576,0.32027333974838257,3.8322582244873047,0
frames/frame_000302.pgm,1784901228.027352,settle,0.0,0.0,0.5,0.0,212,160,160,1,0,41629974,0,0,0.0,0.0,0.0,0.0,0.0,0.0,0,0.0,0.0,0.0,0.012734265998005867,-0.019923722371459007,0.40235960483551025,0.12695208191871643,0.02353893406689167,0.04467787593603134,0.2942083477973938,3.8322582244873047,0
frames/frame_000303.pgm,1784901228.053952,settle,0.0,0.0,0.5,0.0,213,160,160,1,0,41663299,0,0,0.0,0.0,0.0,0.0,0.0,0.0,0,0.0,0.0,0.0,0.012734265998005867,-0.019923722371459007,0.40235960483551025,0.12695208191871643,0.02353893406689167,0.04467787593603134,0.2942083477973938,3.8322582244873047,0
frames/frame_000304.pgm,1784901228.086253,settle,0.0,0.0,0.5,0.0,214,160,160,1,0,41696655,0,0,0.0,0.0,0.0,0.0,0.0,0.0,0,0.0,0.0,0.0,0.013142607174813747,-0.015735141932964325,0.4140072166919708,0.14767582714557648,0.01325058564543724,0.0547487735748291,0.258503794670105,3.8322582244873047,0
frames/frame_000305.pgm,1784901228.119467,settle,0.0,0.0,0.5,0.0,215,160,160,1,0,41729980,0,0,0.0,0.0,0.0,0.0,0.0,0.0,0,0.0,0.0,0.0,0.012992479838430882,-0.012491670437157154,0.4267413318157196,0.19035084545612335,0.0022217854857444763,0.05853138864040375,0.23716576397418976,3.8322582244873047,0
frames/frame_000306.pgm,1784901228.154469,settle,0.0,0.0,0.5,0.0,216,160,160,1,0,41763305,0,0,0.0,0.0,0.0,0.0,0.0,0.0,0,0.0,0.0,0.0,0.012992479838430882,-0.012491670437157154,0.4267413318157196,0.19035084545612335,0.0022217854857444763,0.05853138864040375,0.23716576397418976,3.8322582244873047,0
frames/frame_000307.pgm,1784901228.186414,settle,0.0,0.0,0.5,0.0,217,160,160,1,0,41796630,0,0,0.0,0.0,0.0,0.0,0.0,0.0,0,0.0,0.0,0.0,0.013435602188110352,-0.009088750928640366,0.4378304183483124,0.23815040290355682,-0.005348507314920425,0.05899174138903618,0.21607090532779694,3.826979637145996,0
frames/frame_000308.pgm,1784901228.219632,settle,0.0,0.0,0.5,0.0,218,160,160,1,0,41829956,0,0,0.0,0.0,0.0,0.0,0.0,0.0,0,0.0,0.0,0.0,0.013371573761105537,-0.004957644268870354,0.448086142539978,0.2716480493545532,-0.01222875528037548,0.05804567039012909,0.19636033475399017,3.826979637145996,0
frames/frame_000309.pgm,1784901228.253116,settle,0.0,0.0,0.5,0.0,219,160,160,1,0,41863281,0,0,0.0,0.0,0.0,0.0,0.0,0.0,0,0.0,0.0,0.0,0.012563060969114304,-0.0015644496306777,0.4566188156604767,0.29000017046928406,-0.01865018717944622,0.053232163190841675,0.1756148338317871,3.826979637145996,0
frames/frame_000310.pgm,1784901228.286231,settle,0.0,0.0,0.5,0.0,220,160,160,1,0,41896636,0,0,0.0,0.0,0.0,0.0,0.0,0.0,0,0.0,0.0,0.0,0.012563060969114304,-0.0015644496306777,0.4566188156604767,0.29000017046928406,-0.01865018717944622,0.053232163190841675,0.1756148338317871,3.826979637145996,0
frames/frame_000311.pgm,1784901228.319891,settle,0.0,0.0,0.5,0.0,221,160,160,1,0,41929962,0,0,0.0,0.0,0.0,0.0,0.0,0.0,0,0.0,0.0,0.0,0.01039892714470625,0.0031209876760840416,0.46620064973831177,0.28699129819869995,-0.02580629289150238,0.049934789538383484,0.16484631597995758,3.826979637145996,0
frames/frame_000312.pgm,1784901228.353256,settle,0.0,0.0,0.5,0.0,222,160,160,1,0,41963287,0,0,0.0,0.0,0.0,0.0,0.0,0.0,0,0.0,0.0,0.0,0.009026709944009781,0.005411778576672077,0.47415369749069214,0.2667868137359619,-0.02580629289150238,0.049934789538383484,0.16484631597995758,3.826979637145996,0
frames/frame_000313.pgm,1784901228.386528,settle,0.0,0.0,0.5,0.0,223,160,160,1,0,41996612,0,0,0.0,0.0,0.0,0.0,0.0,0.0,0,0.0,0.0,0.0,0.009026709944009781,0.005411778576672077,0.47415369749069214,0.2667868137359619,-0.02909572795033455,0.041351865977048874,0.15177935361862183,3.826979637145996,0
frames/frame_000314.pgm,1784901228.419717,settle,0.0,0.0,0.5,0.0,224,160,160,1,0,42029937,0,0,0.0,0.0,0.0,0.0,0.0,0.0,0,0.0,0.0,0.0,0.006347474176436663,0.00695478729903698,0.4830995202064514,0.2374415397644043,-0.03241647034883499,0.031206823885440826,0.14371861517429352,3.826979637145996,0
frames/frame_000315.pgm,1784901228.453151,settle,0.0,0.0,0.5,0.0,225,160,160,1,0,42063262,0,0,0.0,0.0,0.0,0.0,0.0,0.0,0,0.0,0.0,0.0,0.004253747407346964,0.008559506386518478,0.49053168296813965,0.19106097519397736,-0.03241647034883499,0.031206823885440826,0.14371861517429352,3.8322582244873047,0
frames/frame_000316.pgm,1784901228.486333,settle,0.0,0.0,0.5,0.0,226,160,160,1,0,42096618,0,0,0.0,0.0,0.0,0.0,0.0,0.0,0,0.0,0.0,0.0,0.004253747407346964,0.008559506386518478,0.49053168296813965,0.19106097519397736,-0.03288280963897705,0.021741077303886414,0.1337386816740036,3.8322582244873047,0
frames/frame_000317.pgm,1784901228.519625,settle,0.0,0.0,0.5,0.0,227,160,160,1,0,42129943,0,0,0.0,0.0,0.0,0.0,0.0,0.0,0,0.0,0.0,0.0,0.0018631836865097284,0.010200231336057186,0.49657419323921204,0.15884779393672943,-0.03199297934770584,0.013501892797648907,0.11361292004585266,3.8322582244873047,0
frames/frame_000318.pgm,1784901228.552915,settle,0.0,0.0,0.5,0.0,228,160,160,1,0,42163269,0,0,0.0,0.0,0.0,0.0,0.0,0.0,0,0.0,0.0,0.0,0.0014601211296394467,0.010248935781419277,0.5008581280708313,0.11847791075706482,-0.03199297934770584,0.013501892797648907,0.11361292004585266,3.816422462463379,0
frames/frame_000319.pgm,1784901228.589280,settle,0.0,0.0,0.5,0.0,229,160,160,1,0,42196594,0,0,0.0,0.0,0.0,0.0,0.0,0.0,0,0.0,0.0,0.0,0.0014601211296394467,0.010248935781419277,0.5008581280708313,0.11847791075706482,-0.02586427889764309,0.003613102249801159,0.09149368107318878,3.816422462463379,0
frames/frame_000320.pgm,1784901228.620231,settle,0.0,0.0,0.5,0.0,230,160,160,1,0,42229919,0,0,0.0,0.0,0.0,0.0,0.0,0.0,0,0.0,0.0,0.0,-0.0014919980894774199,0.007459084969013929,0.5061340928077698,0.0731733962893486,-0.023283174261450768,-0.009366853162646294,0.08076779544353485,3.816422462463379,0
frames/frame_000321.pgm,1784901228.653705,settle,0.0,0.0,0.5,0.0,231,160,160,1,0,42263244,0,0,0.0,0.0,0.0,0.0,0.0,0.0,0,0.0,0.0,0.0,-0.003011247841641307,0.0047493246383965015,0.5097355842590332,0.04665810242295265,-0.023283174261450768,-0.009366853162646294,0.08076779544353485,3.8217010498046875,0
frames/frame_000322.pgm,1784901228.685773,settle,0.0,0.0,0.5,0.0,232,160,160,1,0,42296600,0,0,0.0,0.0,0.0,0.0,0.0,0.0,0,0.0,0.0,0.0,-0.003011247841641307,0.0047493246383965015,0.5097355842590332,0.04665810242295265,-0.017985736951231956,-0.019604410976171494,0.07452204823493958,3.8217010498046875,0
frames/frame_000323.pgm,1784901228.719950,settle,0.0,0.0,0.5,0.0,233,160,160,1,0,42329925,0,0,0.0,0.0,0.0,0.0,0.0,0.0,0,0.0,0.0,0.0,-0.002132371300831437,-6.19799830019474e-05,0.5133357644081116,0.015526189468801022,-0.007797901052981615,-0.029641276225447655,0.06337764859199524,3.8217010498046875,0
frames/frame_000324.pgm,1784901228.753091,settle,0.0,0.0,0.5,0.0,234,160,160,1,0,42363250,0,0,0.0,0.0,0.0,0.0,0.0,0.0,0,0.0,0.0,0.0,-0.002352355979382992,-0.00404480192810297,0.516658365726471,0.006262836512178183,-0.007797901052981615,-0.029641276225447655,0.06337764859199524,3.816422462463379,0
frames/frame_000325.pgm,1784901228.787547,settle,0.0,0.0,0.5,0.0,235,160,160,1,0,42396575,0,0,0.0,0.0,0.0,0.0,0.0,0.0,0,0.0,0.0,0.0,-0.002352355979382992,-0.00404480192810297,0.516658365726471,0.006262836512178183,-0.000790462305303663,-0.035803332924842834,0.0625128224492073,3.816422462463379,0
frames/frame_000326.pgm,1784901228.820899,settle,0.0,0.0,0.5,0.0,236,160,160,1,0,42429901,0,0,0.0,0.0,0.0,0.0,0.0,0.0,0,0.0,0.0,0.0,-0.0015807112213224173,-0.0065420870669186115,0.5196700096130371,-0.005023860838264227,0.006453670095652342,-0.03542613983154297,0.05851070210337639,3.816422462463379,0
frames/frame_000327.pgm,1784901228.855307,peer,0.0,0.0,0.5,0.0,237,160,160,1,0,42463226,0,0,0.0,0.0,0.0,0.0,0.0,0.0,0,0.0,0.0,0.0,-1.122141839005053e-05,-0.008849094621837139,0.5206553936004639,-0.011459879577159882,0.006453670095652342,-0.03542613983154297,0.05851070210337639,3.816422462463379,0
frames/frame_000328.pgm,1784901228.886601,peer,0.0,0.013413889919999996,0.5,0.0,238,160,160,1,0,42496582,0,0,0.0,0.0,0.0,0.0,0.0,0.0,0,0.0,0.0,0.0,-1.122141839005053e-05,-0.008849094621837139,0.5206553936004639,-0.011459879577159882,0.013380014337599277,-0.03206401690840721,0.04397108778357506,3.816422462463379,0
frames/frame_000329.pgm,1784901228.924120,peer,0.0,0.034877426016579234,0.5,0.0,239,160,160,1,0,42529907,0,0,0.0,0.0,0.0,0.0,0.0,0.0,0,0.0,0.0,0.0,0.0028974413871765137,-0.01316214818507433,0.5232813358306885,-0.003363829106092453,0.02054888941347599,-0.02991325408220291,0.044427283108234406,3.816422462463379,0
frames/frame_000330.pgm,1784901228.953265,peer,0.0,0.04782418867134951,0.5,0.0,240,160,160,1,0,42563232,0,0,0.0,0.0,0.0,0.0,0.0,0.0,0,0.0,0.0,0.0,0.0058966102078557014,-0.016193317249417305,0.5258281230926514,0.014564480632543564,0.02054888941347599,-0.02991325408220291,0.044427283108234406,3.816422462463379,0
frames/frame_000331.pgm,1784901228.986135,peer,0.0,0.07148919669499676,0.5,0.0,241,160,160,1,0,42596557,0,0,0.0,0.0,0.0,0.0,0.0,0.0,0,0.0,0.0,0.0,0.0058966102078557014,-0.016193317249417305,0.5258281230926514,0.014564480632543564,0.02547326125204563,-0.023746630176901817,0.04397936165332794,3.816422462463379,0
frames/frame_000332.pgm,1784901229.020202,peer,0.0,0.08395689082426759,0.5,0.0,242,160,160,1,0,42629882,0,0,0.0,0.0,0.0,0.0,0.0,0.0,0,0.0,0.0,0.0,0.006765779107809067,-0.01807457208633423,0.528350293636322,0.05073460936546326,0.02422455884516239,-0.010751457884907722,0.04383058845996857,3.816422462463379,0
frames/frame_000333.pgm,1784901229.055432,peer,0.0,0.10568473504382749,0.5,0.0,243,160,160,1,0,42663208,0,0,0.0,0.0,0.0,0.0,0.0,0.0,0,0.0,0.0,0.0,0.009148339740931988,-0.019719701260328293,0.5330594778060913,0.0807693600654602,0.023334378376603127,0.008164548315107822,0.05048920214176178,3.816422462463379,0
frames/frame_000334.pgm,1784901229.086150,peer,0.0,0.11712357127886998,0.5,0.0,244,160,160,1,0,42696563,0,0,0.0,0.0,0.0,0.0,0.0,0.0,0,0.0,0.0,0.0,0.009148339740931988,-0.019719701260328293,0.5330594778060913,0.0807693600654602,0.023334378376603127,0.008164548315107822,0.05048920214176178,3.816422462463379,0
frames/frame_000335.pgm,1784901229.121256,peer,0.0,0.1275887357341873,0.5,0.0,245,160,160,1,0,42729888,0,0,0.0,0.0,0.0,0.0,0.0,0.0,0,0.0,0.0,0.0,0.011713109910488129,-0.02112450823187828,0.534637987613678,0.08140040189027786,0.021208690479397774,0.03308838978409767,0.03547437861561775,3.816422462463379,0
frames/frame_000336.pgm,1784901229.153304,peer,0.0,0.1489775624559997,0.5,0.0,246,160,160,1,0,42763214,0,0,0.0,0.0,0.0,0.0,0.0,0.0,0,0.0,0.0,0.0,0.014345408417284489,-0.023249158635735512,0.5371090173721313,0.10162234306335449,0.021208690479397774,0.03308838978409767,0.03547437861561775,3.8111438751220703,0
frames/frame_000337.pgm,1784901229.187021,peer,0.0,0.15810643454799703,0.5,0.0,247,160,160,1,0,42796539,0,0,0.0,0.0,0.0,0.0,0.0,0.0,0,0.0,0.0,0.0,0.014345408417284489,-0.023249158635735512,0.5371090173721313,0.10162234306335449,0.01790463738143444,0.06250008195638657,0.030870862305164337,3.8111438751220703,0
frames/frame_000338.pgm,1784901229.219884,peer,0.0,0.17557452638161142,0.5,0.0,248,160,160,1,0,42829864,0,0,0.0,0.0,0.0,0.0,0.0,0.0,0,0.0,0.0,0.0,0.01592005416750908,-0.02074282243847847,0.5389459729194641,0.12965801358222961,0.01222815178334713,0.10271956026554108,0.02439086325466633,3.8111438751220703,0
frames/frame_000339.pgm,1784901229.253654,peer,0.0,0.18312932400553572,0.5,0.0,249,160,160,1,0,42863189,0,0,0.0,0.0,0.0,0.0,0.0,0.0,0,0.0,0.0,0.0,0.019877443090081215,-0.016322406008839607,0.5411714911460876,0.16502626240253448,0.009924021549522877,0.14824998378753662,0.023203734308481216,3.8111438751220703,0
frames/frame_000340.pgm,1784901229.285975,peer,0.0,0.1995470119121074,0.5,0.0,250,160,160,1,0,42896545,0,0,0.0,0.0,0.0,0.0,0.0,0.0,0,0.0,0.0,0.0,0.019877443090081215,-0.016322406008839607,0.5411714911460876,0.16502626240253448,0.009924021549522877,0.14824998378753662,0.023203734308481216,3.8111438751220703,0
frames/frame_000341.pgm,1784901229.319272,peer,0.0,0.206771591826386,0.5,0.0,251,160,160,1,0,42929870,0,0,0.0,0.0,0.0,0.0,0.0,0.0,0,0.0,0.0,0.0,0.019460134208202362,-0.005205310415476561,0.5414577722549438,0.21252505481243134,0.0010436488082632422,0.2030029296875,0.013376494869589806,3.8111438751220703,0
frames/frame_000342.pgm,1784901229.355510,peer,0.0,0.2194459139122058,0.5,0.0,252,160,160,1,0,42963195,0,0,0.0,0.0,0.0,0.0,0.0,0.0,0,0.0,0.0,0.0,0.020108412951231003,0.003190079238265753,0.5422487258911133,0.26971423625946045,-0.006383887957781553,0.2500019669532776,0.014847301878035069,3.800586462020874,0
frames/frame_000343.pgm,1784901229.387321,peer,0.0,0.2244220371837322,0.5,0.0,253,160,160,1,0,42996520,0,0,0.0,0.0,0.0,0.0,0.0,0.0,0,0.0,0.0,0.0,0.020108412951231003,0.003190079238265753,0.5422487258911133,0.26971423625946045,-0.006383887957781553,0.2500019669532776,0.014847301878035069,3.800586462020874,0
frames/frame_000344.pgm,1784901229.422001,peer,0.0,0.23319131958748712,0.5,0.0,254,160,160,1,0,43029846,0,0,0.0,0.0,0.0,0.0,0.0,0.0,0,0.0,0.0,0.0,0.02156217396259308,0.01738174445927143,0.5449292659759521,0.3309195935726166,-0.012015024200081825,0.2950199544429779,0.017958706244826317,3.800586462020874,0
frames/frame_000345.pgm,1784901229.466932,peer,0.0,0.24079485503170495,0.5,0.0,255,160,160,1,0,43063171,0,0,0.0,0.0,0.0,0.0,0.0,0.0,0,0.0,0.0,0.0,0.022846799343824387,0.03266818821430206,0.5451656579971313,0.35117021203041077,-0.017047742381691933,0.3368668258190155,0.01196390762925148,3.8111438751220703,0
frames/frame_000346.pgm,1784901229.493434,peer,0.0,0.24397986908870842,0.5,0.0,0,160,160,1,0,43096527,0,0,0.0,0.0,0.0,0.0,0.0,0.0,0,0.0,0.0,0.0,0.022846799343824387,0.03266818821430206,0.5451656579971313,0.35117021203041077,-0.017047742381691933,0.3368668258190155,0.01196390762925148,3.8111438751220703,0
frames/frame_000347.pgm,1784901229.519521,peer,0.0,0.2465018883207543,0.5,0.0,1,160,160,1,0,43129852,0,0,0.0,0.0,0.0,0.0,0.0,0.0,0,0.0,0.0,0.0,0.02185310423374176,0.04981726408004761,0.5454750061035156,0.386819988489151,-0.024473706260323524,0.37181469798088074,0.008545598946511745,3.8111438751220703,0
frames/frame_000348.pgm,1784901229.558996,peer,0.0,0.2493510179793799,0.5,0.0,2,160,160,1,0,43163177,0,0,0.0,0.0,0.0,0.0,0.0,0.0,0,0.0,0.0,0.0,0.02253575436770916,0.0651462972164154,0.5434302091598511,0.3956490159034729,-0.02875683456659317,0.3998589813709259,-0.003105666721239686,3.800586462020874,0
frames/frame_000349.pgm,1784901229.586072,peer,0.0,0.24991939696219315,0.5,0.0,3,160,160,1,0,43196502,0,0,0.0,0.0,0.0,0.0,0.0,0.0,0,0.0,0.0,0.0,0.02253575436770916,0.0651462972164154,0.5434302091598511,0.3956490159034729,-0.02875683456659317,0.3998589813709259,-0.003105666721239686,3.800586462020874,0
frames/frame_000350.pgm,1784901229.619526,peer,0.0,0.24991798025538,0.5,0.0,4,160,160,1,0,43229827,0,0,0.0,0.0,0.0,0.0,0.0,0.0,0,0.0,0.0,0.0,0.02140224725008011,0.07648424059152603,0.5410336256027222,0.41452619433403015,-0.032522670924663544,0.4030756652355194,-0.00998894963413477,3.800586462020874,0
frames/frame_000351.pgm,1784901229.654103,peer,0.0,0.24827184448231884,0.5,0.0,5,160,160,1,0,43263153,0,0,0.0,0.0,0.0,0.0,0.0,0.0,0,0.0,0.0,0.0,0.020686952397227287,0.09335792809724808,0.5399333238601685,0.444204717874527,-0.03558599203824997,0.40935996174812317,-0.0031068448442965746,3.7953078746795654,0
frames/frame_000352.pgm,1784901229.686118,peer,0.0,0.24648651366473173,0.5,0.0,6,160,160,1,0,43296508,0,0,0.0,0.0,0.0,0.0,0.0,0.0,0,0.0,0.0,0.0,0.020686952397227287,0.09335792809724808,0.5399333238601685,0.444204717874527,-0.03558599203824997,0.40935996174812317,-0.0031068448442965746,3.7953078746795654,0
frames/frame_000353.pgm,1784901229.722966,peer,0.0,0.24174023572074668,0.5,0.0,7,160,160,1,0,43329833,0,0,0.0,0.0,0.0,0.0,0.0,0.0,0,0.0,0.0,0.0,0.02048560604453087,0.10975884646177292,0.538628876209259,0.4727935194969177,-0.03661312162876129,0.4055224657058716,0.004578474909067154,3.7953078746795654,0
frames/frame_000354.pgm,1784901229.759461,peer,0.0,0.23519058403809137,0.5,0.0,8,160,160,1,0,43363159,0,0,0.0,0.0,0.0,0.0,0.0,0.0,0,0.0,0.0,0.0,0.018813593313097954,0.13032600283622742,0.5395371317863464,0.5197771787643433,-0.038839150220155716,0.399204820394516,0.020785806700587273,3.800586462020874,0
frames/frame_000355.pgm,1784901229.785904,peer,0.0,0.23113264289604316,0.5,0.0,9,160,160,1,0,43396484,0,0,0.0,0.0,0.0,0.0,0.0,0.0,0,0.0,0.0,0.0,0.018813593313097954,0.13032600283622742,0.5395371317863464,0.5197771787643433,-0.038839150220155716,0.399204820394516,0.020785806700587273,3.800586462020874,0
frames/frame_000356.pgm,1784901229.819354,peer,0.0,0.22608174391399485,0.5,0.0,10,160,160,1,0,43429809,0,0,0.0,0.0,0.0,0.0,0.0,0.0,0,0.0,0.0,0.0,0.015964556485414505,0.14488297700881958,0.54060298204422,0.5473272800445557,-0.041920747607946396,0.37635931372642517,0.028231166303157806,3.800586462020874,0
frames/frame_000357.pgm,1784901229.858905,peer,0.0,0.21449553462495125,0.5,0.0,11,160,160,1,0,43463134,0,0,0.0,0.0,0.0,0.0,0.0,0.0,0,0.0,0.0,0.0,0.01617562212049961,0.1565883308649063,0.5435399413108826,0.5667614936828613,-0.039319876581430435,0.34298840165138245,0.036618318408727646,3.8111438751220703,0
frames/frame_000358.pgm,1784901229.885795,peer,0.0,0.2087835168699831,0.5,0.0,12,160,160,1,0,43496490,0,0,0.0,0.0,0.0,0.0,0.0,0.0,0,0.0,0.0,0.0,0.01617562212049961,0.1565883308649063,0.5435399413108826,0.5667614936828613,-0.039319876581430435,0.34298840165138245,0.036618318408727646,3.8111438751220703,0
frames/frame_000359.pgm,1784901229.919329,peer,0.0,0.1943098838713815,0.5,0.0,13,160,160,1,0,43529815,0,0,0.0,0.0,0.0,0.0,0.0,0.0,0,0.0,0.0,0.0,0.014315431006252766,0.16737234592437744,0.5445759892463684,0.5791711807250977,-0.03900550305843353,0.3039293587207794,0.02818613313138485,3.8111438751220703,0
frames/frame_000360.pgm,1784901229.952380,peer,0.0,0.18625911728053007,0.5,0.0,14,160,160,1,0,43563140,0,0,0.0,0.0,0.0,0.0,0.0,0.0,0,0.0,0.0,0.0,0.013897731900215149,0.17869482934474945,0.547880232334137,0.6098492741584778,-0.036031510680913925,0.26312583684921265,0.02711697854101658,3.8058650493621826,0
frames/frame_000361.pgm,1784901229.986314,peer,0.0,0.1781394299866136,0.5,0.0,15,160,160,1,0,43596466,0,0,0.0,0.0,0.0,0.0,0.0,0.0,0,0.0,0.0,0.0,0.013897731900215149,0.17869482934474945,0.547880232334137,0.6098492741584778,-0.036031510680913925,0.26312583684921265,0.02711697854101658,3.8058650493621826,0
frames/frame_000362.pgm,1784901230.019022,peer,0.0,0.15986501007846265,0.5,0.0,16,160,160,1,0,43629791,0,0,0.0,0.0,0.0,0.0,0.0,0.0,0,0.0,0.0,0.0,0.01009492576122284,0.18630251288414001,0.5489298105239868,0.6392543911933899,-0.037720441818237305,0.21552884578704834,0.016504060477018356,3.8058650493621826,0
frames/frame_000363.pgm,1784901230.052744,peer,0.0,0.15014234191380205,0.5,0.0,17,160,160,1,0,43663146,0,0,0.0,0.0,0.0,0.0,0.0,0.0,0,0.0,0.0,0.0,0.008537455461919308,0.1946619749069214,0.5516961812973022,0.6707202792167664,-0.037720441818237305,0.21552884578704834,0.016504060477018356,3.8058650493621826,0
frames/frame_000364.pgm,1784901230.086225,peer,0.0,0.1305205486676276,0.5,0.0,18,160,160,1,0,43696472,0,0,0.0,0.0,0.0,0.0,0.0,0.0,0,0.0,0.0,0.0,0.008537455461919308,0.1946619749069214,0.5516961812973022,0.6707202792167664,-0.036001622676849365,0.16858766973018646,0.017068859189748764,3.8058650493621826,0
frames/frame_000365.pgm,1784901230.119351,peer,0.0,0.1192781486472877,0.5,0.0,19,160,160,1,0,43729797,0,0,0.0,0.0,0.0,0.0,0.0,0.0,0,0.0,0.0,0.0,0.0039513432420790195,0.20158331096172333,0.5513961911201477,0.7006290555000305,-0.03774469718337059,0.12037614732980728,0.0024759129155427217,3.8058650493621826,0
frames/frame_000366.pgm,1784901230.153036,peer,0.0,0.09738309359609226,0.5,0.0,20,160,160,1,0,43763122,0,0,0.0,0.0,0.0,0.0,0.0,0.0,0,0.0,0.0,0.0,0.0030533706303685904,0.20359919965267181,0.5527802109718323,0.7247030138969421,-0.03774469718337059,0.12037614732980728,0.0024759129155427217,3.800586462020874,0
frames/frame_000367.pgm,1784901230.185768,peer,0.0,0.08602512207289902,0.5,0.0,21,160,160,1,0,43796447,0,0,0.0,0.0,0.0,0.0,0.0,0.0,0,0.0,0.0,0.0,0.0030533706303685904,0.20359919965267181,0.5527802109718323,0.7247030138969421,-0.03350905328989029,0.0661320611834526,0.002848125295713544,3.800586462020874,0
frames/frame_000368.pgm,1784901230.262649,peer,0.0,0.04159933637430287,0.5,0.0,22,160,160,1,0,43829772,0,0,0.0,0.0,0.0,0.0,0.0,0.0,0,0.0,0.0,0.0,-0.0008897958323359489,0.19797804951667786,0.552962064743042,0.7655425071716309,-0.030841879546642303,0.013051977381110191,-0.006647113244980574,3.800586462020874,0
frames/frame_000369.pgm,1784901230.278265,peer,0.0,0.04159933637430287,0.5,0.0,23,160,160,1,0,43863128,0,0,0.0,0.0,0.0,0.0,0.0,0.0,0,0.0,0.0,0.0,-0.0008897958323359489,0.19797804951667786,0.552962064743042,0.7655425071716309,-0.030841879546642303,0.013051977381110191,-0.006647113244980574,3.7847506999969482,0
frames/frame_000370.pgm,1784901230.320286,peer,0.0,0.016544107524546388,0.5,0.0,24,160,160,1,0,43896453,0,0,0.0,0.0,0.0,0.0,0.0,0.0,0,0.0,0.0,0.0,-0.0015986856305971742,0.19236448407173157,0.5526913404464722,0.7763164043426514,-0.017833640798926353,-0.10390091687440872,-0.008412308059632778,3.7847506999969482,0
frames/frame_000371.pgm,1784901230.332042,peer,0.0,0.016544107524546388,0.5,0.0,25,160,160,1,0,43929779,0,0,0.0,0.0,0.0,0.0,0.0,0.0,0,0.0,0.0,0.0,-0.0015986856305971742,0.19236448407173157,0.5526913404464722,0.7763164043426514,-0.017833640798926353,-0.10390091687440872,-0.008412308059632778,3.7847506999969482,0
frames/frame_000372.pgm,1784901230.347681,peer,0.0,0.004521551315249099,0.5,0.0,26,160,160,1,0,43963104,0,0,0.0,0.0,0.0,0.0,0.0,0.0,0,0.0,0.0,0.0,-0.0015986856305971742,0.19236448407173157,0.5526913404464722,0.7763164043426514,-0.017833640798926353,-0.10390091687440872,-0.008412308059632778,3.7847506999969482,0
frames/frame_000373.pgm,1784901230.387470,peer,0.0,-0.01878415626661353,0.5,0.0,27,160,160,1,0,43996429,0,0,0.0,0.0,0.0,0.0,0.0,0.0,0,0.0,0.0,0.0,-0.003811968956142664,0.18149152398109436,0.5527867078781128,0.7917821407318115,-0.013088295236229897,-0.16065596044063568,-0.009876263327896595,3.790029287338257,0
frames/frame_000374.pgm,1784901230.420518,peer,0.0,-0.03158529986489305,0.5,0.0,28,160,160,1,0,44029754,0,0,0.0,0.0,0.0,0.0,0.0,0.0,0,0.0,0.0,0.0,-0.0038930547889322042,0.16165296733379364,0.5494886040687561,0.7763296365737915,-0.005502745974808931,-0.22464101016521454,-0.025507433339953423,3.790029287338257,0
frames/frame_000375.pgm,1784901230.459936,peer,0.0,-0.05383715062031625,0.5,0.0,29,160,160,1,0,44063110,0,0,0.0,0.0,0.0,0.0,0.0,0.0,0,0.0,0.0,0.0,-0.004636644385755062,0.15086592733860016,0.5477030873298645,0.7708494067192078,0.0017044078558683395,-0.27691543102264404,-0.022611413151025772,3.790029287338257,0
frames/frame_000376.pgm,1784901230.491642,peer,0.0,-0.07690860385740739,0.5,0.0,30,160,160,1,0,44096435,0,0,0.0,0.0,0.0,0.0,0.0,0.0,0,0.0,0.0,0.0,-0.004636644385755062,0.15086592733860016,0.5477030873298645,0.7708494067192078,0.0017044078558683395,-0.27691543102264404,-0.022611413151025772,3.790029287338257,0
frames/frame_000377.pgm,1784901230.519181,peer,0.0,-0.0892394325662991,0.5,0.0,31,160,160,1,0,44129760,0,0,0.0,0.0,0.0,0.0,0.0,0.0,0,0.0,0.0,0.0,-0.0016676457598805428,0.13437879085540771,0.5475558638572693,0.7471344470977783,0.011459704488515854,-0.3198120892047882,-0.010267465375363827,3.790029287338257,0
frames/frame_000378.pgm,1784901230.552521,peer,0.0,-0.10099307492516953,0.5,0.0,32,160,160,1,0,44163085,0,0,0.0,0.0,0.0,0.0,0.0,0.0,0,0.0,0.0,0.0,-0.0007717496482655406,0.11281859129667282,0.5474472641944885,0.734336793422699,0.011459704488515854,-0.3198120892047882,-0.010267465375363827,3.790029287338257,0
frames/frame_000379.pgm,1784901230.585726,peer,0.0,-0.12245944473820972,0.5,0.0,33,160,160,1,0,44196411,0,0,0.0,0.0,0.0,0.0,0.0,0.0,0,0.0,0.0,0.0,-0.0007717496482655406,0.11281859129667282,0.5474472641944885,0.734336793422699,0.015891922637820244,-0.3620227873325348,-0.0016930247657001019,3.7953078746795654,0
frames/frame_000380.pgm,1784901230.619156,peer,0.0,-0.13372757240905042,0.5,0.0,34,160,160,1,0,44229736,0,0,0.0,0.0,0.0,0.0,0.0,0.0,0,0.0,0.0,0.0,-0.0019890842959284782,0.09230586141347885,0.5468317866325378,0.7115010619163513,0.014211769215762615,-0.38881343603134155,-0.0002492775092832744,3.7953078746795654,0
frames/frame_000381.pgm,1784901230.654033,peer,0.0,-0.14382239795066926,0.5,0.0,35,160,160,1,0,44263092,0,0,0.0,0.0,0.0,0.0,0.0,0.0,0,0.0,0.0,0.0,-0.0020653139799833298,0.0735403373837471,0.5460370779037476,0.678823709487915,0.014211769215762615,-0.38881343603134155,-0.0002492775092832744,3.790029287338257,0
frames/frame_000382.pgm,1784901230.685677,peer,0.0,-0.16395286194270453,0.5,0.0,36,160,160,1,0,44296417,0,0,0.0,0.0,0.0,0.0,0.0,0.0,0,0.0,0.0,0.0,-0.0020653139799833298,0.0735403373837471,0.5460370779037476,0.678823709487915,0.013336166739463806,-0.41105878353118896,-0.0032805027440190315,3.790029287338257,0
frames/frame_000383.pgm,1784901230.719273,peer,0.0,-0.17174085980013115,0.5,0.0,37,160,160,1,0,44329742,0,0,0.0,0.0,0.0,0.0,0.0,0.0,0,0.0,0.0,0.0,-0.0008961032726801932,0.054315902292728424,0.5452610850334167,0.6522014141082764,0.013521880842745304,-0.42632317543029785,-0.004351995885372162,3.790029287338257,0
frames/frame_000384.pgm,1784901230.760579,peer,0.0,-0.18880157165224026,0.5,0.0,38,160,160,1,0,44363067,0,0,0.0,0.0,0.0,0.0,0.0,0.0,0,0.0,0.0,0.0,0.0007471553981304169,0.033126626163721085,0.5450888872146606,0.6035826206207275,0.01418635156005621,-0.43779176473617554,-0.0007045264355838299,3.7953078746795654,0
frames/frame_000385.pgm,1784901230.785830,peer,0.0,-0.1970715526038453,0.5,0.0,39,160,160,1,0,44396392,0,0,0.0,0.0,0.0,0.0,0.0,0.0,0,0.0,0.0,0.0,0.0007471553981304169,0.033126626163721085,0.5450888872146606,0.6035826206207275,0.01418635156005621,-0.43779176473617554,-0.0007045264355838299,3.7953078746795654,0
frames/frame_000386.pgm,1784901230.819130,peer,0.0,-0.20481132701025748,0.5,0.0,40,160,160,1,0,44429718,0,0,0.0,0.0,0.0,0.0,0.0,0.0,0,0.0,0.0,0.0,0.00117584562394768,0.01214833278208971,0.5460007190704346,0.5761576890945435,0.012702134437859058,-0.4433369040489197,0.008318484760820866,3.7953078746795654,0
frames/frame_000387.pgm,1784901230.854966,peer,0.0,-0.2162451608842336,0.5,0.0,41,160,160,1,0,44463073,0,0,0.0,0.0,0.0,0.0,0.0,0.0,0,0.0,0.0,0.0,0.005370490252971649,-0.010385029017925262,0.5454750657081604,0.5238398313522339,0.016262440010905266,-0.4467187821865082,0.004857995547354221,3.790029287338257,0
frames/frame_000388.pgm,1784901230.885784,peer,0.0,-0.22213553443664807,0.5,0.0,42,160,160,1,0,44496398,0,0,0.0,0.0,0.0,0.0,0.0,0.0,0,0.0,0.0,0.0,0.005370490252971649,-0.010385029017925262,0.5454750657081604,0.5238398313522339,0.016262440010905266,-0.4467187821865082,0.004857995547354221,3.790029287338257,0
frames/frame_000389.pgm,1784901230.924833,peer,0.0,-0.23228401863636228,0.5,0.0,43,160,160,1,0,44529724,0,0,0.0,0.0,0.0,0.0,0.0,0.0,0,0.0,0.0,0.0,0.007112907245755196,-0.03166987746953964,0.5455138683319092,0.4848942160606384,0.01571820303797722,-0.44442233443260193,0.0060836696065962315,3.790029287338257,0
frames/frame_000390.pgm,1784901230.952509,peer,0.0,-0.2368180692131492,0.5,0.0,44,160,160,1,0,44563049,0,0,0.0,0.0,0.0,0.0,0.0,0.0,0,0.0,0.0,0.0,0.008303146809339523,-0.05074033886194229,0.5464767813682556,0.4448634684085846,0.01571820303797722,-0.44442233443260193,0.0060836696065962315,3.790029287338257,0
frames/frame_000391.pgm,1784901230.985732,peer,0.0,-0.24364427802364785,0.5,0.0,45,160,160,1,0,44596374,0,0,0.0,0.0,0.0,0.0,0.0,0.0,0,0.0,0.0,0.0,0.008303146809339523,-0.05074033886194229,0.5464767813682556,0.4448634684085846,0.013242536224424839,-0.43578997254371643,0.010069642215967178,3.790029287338257,0
frames/frame_000392.pgm,1784901231.019137,peer,0.0,-0.24622305182971516,0.5,0.0,46,160,160,1,0,44629699,0,0,0.0,0.0,0.0,0.0,0.0,0.0,0,0.0,0.0,0.0,0.01067117229104042,-0.0688289925456047,0.5476313829421997,0.4312719404697418,0.012228593230247498,-0.4234415590763092,0.011938277631998062,3.790029287338257,0
frames/frame_000393.pgm,1784901231.056687,peer,0.0,-0.24919519663376744,0.5,0.0,47,160,160,1,0,44663055,0,0,0.0,0.0,0.0,0.0,0.0,0.0,0,0.0,0.0,0.0,0.00997925829142332,-0.09370426833629608,0.5499714016914368,0.43426579236984253,0.005955524742603302,-0.41978561878204346,0.018154896795749664,3.800586462020874,0
frames/frame_000394.pgm,1784901231.085702,peer,0.0,-0.2498319031507363,0.5,0.0,48,160,160,1,0,44696380,0,0,0.0,0.0,0.0,0.0,0.0,0.0,0,0.0,0.0,0.0,0.00997925829142332,-0.09370426833629608,0.5499714016914368,0.43426579236984253,0.005955524742603302,-0.41978561878204346,0.018154896795749664,3.800586462020874,0
frames/frame_000395.pgm,1784901231.119293,peer,0.0,-0.24996786296636211,0.5,0.0,49,160,160,1,0,44729705,0,0,0.0,0.0,0.0,0.0,0.0,0.0,0,0.0,0.0,0.0,0.012064037844538689,-0.11156993359327316,0.5524590611457825,0.41284066438674927,0.004100131336599588,-0.40279215574264526,0.019640827551484108,3.800586462020874,0
frames/frame_000396.pgm,1784901231.189234,peer,0.0,-0.2469210266081121,0.5,0.0,50,160,160,1,0,44763031,0,0,0.0,0.0,0.0,0.0,0.0,0.0,0,0.0,0.0,0.0,0.01172563899308443,-0.12735605239868164,0.5536536574363708,0.3993397355079651,-0.0012497083516791463,-0.37941354513168335,0.012797045521438122,3.7953078746795654,0
frames/frame_000397.pgm,1784901231.204809,peer,0.0,-0.24470895327586603,0.5,0.0,51,160,160,1,0,44796356,0,0,0.0,0.0,0.0,0.0,0.0,0.0,0,0.0,0.0,0.0,0.01172563899308443,-0.12735605239868164,0.5536536574363708,0.3993397355079651,-0.0012497083516791463,-0.37941354513168335,0.012797045521438122,3.7953078746795654,0
frames/frame_000398.pgm,1784901231.255712,peer,0.0,-0.23862588159014597,0.5,0.0,52,160,160,1,0,44829681,0,0,0.0,0.0,0.0,0.0,0.0,0.0,0,0.0,0.0,0.0,0.015546745620667934,-0.15710464119911194,0.552250325679779,0.3720387816429138,4.560992238111794e-06,-0.3554472327232361,0.00374623853713274,3.7953078746795654,0
frames/frame_000399.pgm,1784901231.284626,peer,0.0,-0.2299122282482186,0.5,0.0,53,160,160,1,0,44863037,0,0,0.0,0.0,0.0,0.0,0.0,0.0,0,0.0,0.0,0.0,0.015546745620667934,-0.15710464119911194,0.552250325679779,0.3720387816429138,-0.003919047303497791,-0.32551586627960205,-0.01407516747713089,3.7847506999969482,0
frames/frame_000400.pgm,1784901231.288183,peer,0.0,-0.2299122282482186,0.5,0.0,54,160,160,1,0,44896362,0,0,0.0,0.0,0.0,0.0,0.0,0.0,0,0.0,0.0,0.0,0.015546745620667934,-0.15710464119911194,0.552250325679779,0.3720387816429138,-0.003919047303497791,-0.32551586627960205,-0.01407516747713089,3.7847506999969482,0
frames/frame_000401.pgm,1784901231.319407,peer,0.0,-0.22476610079411086,0.5,0.0,55,160,160,1,0,44929687,0,0,0.0,0.0,0.0,0.0,0.0,0.0,0,0.0,0.0,0.0,0.01436919067054987,-0.17179417610168457,0.5522558093070984,0.35903191566467285,-0.010391196236014366,-0.2971240282058716,-0.016853997483849525,3.7847506999969482,0
frames/frame_000402.pgm,1784901231.352994,peer,0.0,-0.21948453551421365,0.5,0.0,56,160,160,1,0,44963012,0,0,0.0,0.0,0.0,0.0,0.0,0.0,0,0.0,0.0,0.0,0.01587214507162571,-0.18435463309288025,0.550885796546936,0.35775962471961975,-0.010391196236014366,-0.2971240282058716,-0.016853997483849525,3.7794721126556396,0
frames/frame_000403.pgm,1784901231.385965,peer,0.0,-0.20684397670660204,0.5,0.0,57,160,160,1,0,44996337,0,0,0.0,0.0,0.0,0.0,0.0,0.0,0,0.0,0.0,0.0,0.01587214507162571,-0.18435463309288025,0.550885796546936,0.35775962471961975,-0.012219131924211979,-0.2645777761936188,-0.01892053335905075,3.7794721126556396,0
frames/frame_000404.pgm,1784901231.424663,peer,0.0,-0.191971583715057,0.5,0.0,58,160,160,1,0,45029663,0,0,0.0,0.0,0.0,0.0,0.0,0.0,0,0.0,0.0,0.0,0.017560390755534172,-0.19337689876556396,0.5503243207931519,0.35692739486694336,-0.013263167813420296,-0.22584815323352814,-0.015144841745495796,3.7794721126556396,0
frames/frame_000405.pgm,1784901231.452184,peer,0.0,-0.18460764072740873,0.5,0.0,59,160,160,1,0,45063018,0,0,0.0,0.0,0.0,0.0,0.0,0.0,0,0.0,0.0,0.0,0.017560390755534172,-0.19337689876556396,0.5503243207931519,0.35692739486694336,-0.013263167813420296,-0.22584815323352814,-0.015144841745495796,3.7794721126556396,0
frames/frame_000406.pgm,1784901231.485757,peer,0.0,-0.17552199751690403,0.5,0.0,60,160,160,1,0,45096343,0,0,0.0,0.0,0.0,0.0,0.0,0.0,0,0.0,0.0,0.0,0.017332935705780983,-0.20260952413082123,0.5504807233810425,0.3681575357913971,-0.017283933237195015,-0.18871158361434937,-0.010300147347152233,3.7847506999969482,0
frames/frame_000407.pgm,1784901231.519019,peer,0.0,-0.1581616440121664,0.5,0.0,61,160,160,1,0,45129669,0,0,0.0,0.0,0.0,0.0,0.0,0.0,0,0.0,0.0,0.0,0.016384895890951157,-0.2121340036392212,0.5495666861534119,0.3533032536506653,-0.02232404053211212,-0.15248660743236542,-0.010645382106304169,3.7847506999969482,0
frames/frame_000408.pgm,1784901231.552379,peer,0.0,-0.1485289763967296,0.5,0.0,62,160,160,1,0,45162994,0,0,0.0,0.0,0.0,0.0,0.0,0.0,0,0.0,0.0,0.0,0.016384895890951157,-0.2121340036392212,0.5495666861534119,0.3533032536506653,-0.02232404053211212,-0.15248660743236542,-0.010645382106304169,3.7847506999969482,0
frames/frame_000409.pgm,1784901231.585605,peer,0.0,-0.12851015981743893,0.5,0.0,63,160,160,1,0,45196319,0,0,0.0,0.0,0.0,0.0,0.0,0.0,0,0.0,0.0,0.0,0.01641799882054329,-0.2181328982114792,0.547724187374115,0.33351418375968933,-0.02500721625983715,-0.1109723225235939,-0.015367957763373852,3.7847506999969482,0
frames/frame_000410.pgm,1784901231.624076,peer,0.0,-0.11885005039241522,0.5,0.0,64,160,160,1,0,45229644,0,0,0.0,0.0,0.0,0.0,0.0,0.0,0,0.0,0.0,0.0,0.015672584995627403,-0.2242635190486908,0.5477097034454346,0.3213799297809601,-0.02859700284898281,-0.06841594725847244,-0.009244956076145172,3.7847506999969482,0
frames/frame_000411.pgm,1784901231.655899,peer,0.0,-0.09771573017752375,0.5,0.0,65,160,160,1,0,45263000,0,0,0.0,0.0,0.0,0.0,0.0,0.0,0,0.0,0.0,0.0,0.010524538345634937,-0.22616812586784363,0.5457208752632141,0.2824886739253998,-0.03852348402142525,-0.020452076569199562,-0.013146189972758293,3.7794721126556396,0
frames/frame_000412.pgm,1784901231.687037,peer,0.0,-0.08579452399222079,0.5,0.0,66,160,160,1,0,45296325,0,0,0.0,0.0,0.0,0.0,0.0,0.0,0,0.0,0.0,0.0,0.010524538345634937,-0.22616812586784363,0.5457208752632141,0.2824886739253998,-0.03852348402142525,-0.020452076569199562,-0.013146189972758293,3.7794721126556396,0
frames/frame_000413.pgm,1784901231.720243,peer,0.0,-0.07413489301737569,0.5,0.0,67,160,160,1,0,45329650,0,0,0.0,0.0,0.0,0.0,0.0,0.0,0,0.0,0.0,0.0,0.00794989988207817,-0.22556115686893463,0.5463210940361023,0.28547704219818115,-0.04190601408481598,0.029843918979167938,0.0043224794790148735,3.7794721126556396,0
frames/frame_000414.pgm,1784901231.786561,peer,0.0,-0.038689615705729485,0.5,0.0,68,160,160,1,0,45362976,0,0,0.0,0.0,0.0,0.0,0.0,0.0,0,0.0,0.0,0.0,0.00702632823958993,-0.22054916620254517,0.5471597909927368,0.2988973557949066,-0.04071308672428131,0.08523694425821304,0.0016714221565052867,3.790029287338257,0
frames/frame_000415.pgm,1784901231.787682,peer,0.0,-0.028102779578060493,0.5,0.0,69,160,160,1,0,45396301,0,0,0.0,0.0,0.0,0.0,0.0,0.0,0,0.0,0.0,0.0,0.00702632823958993,-0.22054916620254517,0.5471597909927368,0.2988973557949066,-0.04071308672428131,0.08523694425821304,0.0016714221565052867,3.790029287338257,0
frames/frame_000416.pgm,1784901231.839284,peer,0.0,-0.005761155757947344,0.5,0.0,70,160,160,1,0,45429626,0,0,0.0,0.0,0.0,0.0,0.0,0.0,0,0.0,0.0,0.0,0.006103631108999252,-0.214399054646492,0.5483375191688538,0.29685598611831665,-0.03775836154818535,0.13834808766841888,0.005476089194417,3.790029287338257,0
frames/frame_000417.pgm,1784901231.894687,peer,0.0,0.019214465093872098,0.5,0.0,71,160,160,1,0,45462982,0,0,0.0,0.0,0.0,0.0,0.0,0.0,0,0.0,0.0,0.0,0.005353435408324003,-0.20514506101608276,0.5504353046417236,0.3162197172641754,-0.032813865691423416,0.19126607477664948,0.011064463295042515,3.790029287338257,0
frames/frame_000418.pgm,1784901231.905199,peer,0.0,0.030562773617496007,0.5,0.0,72,160,160,1,0,45496307,0,0,0.0,0.0,0.0,0.0,0.0,0.0,0,0.0,0.0,0.0,0.005353435408324003,-0.20514506101608276,0.5504353046417236,0.3162197172641754,-0.032813865691423416,0.19126607477664948,0.011064463295042515,3.790029287338257,0
frames/frame_000419.pgm,1784901231.918357,peer,0.0,0.030562773617496007,0.5,0.0,73,160,160,1,0,45529632,0,0,0.0,0.0,0.0,0.0,0.0,0.0,0,0.0,0.0,0.0,0.004935100208967924,-0.19403749704360962,0.5513982772827148,0.3469272553920746,-0.02736777625977993,0.2415258139371872,0.006719826254993677,3.790029287338257,0
frames/frame_000420.pgm,1784901231.993865,peer,0.0,0.0686313094844636,0.5,0.0,74,160,160,1,0,45562957,0,0,0.0,0.0,0.0,0.0,0.0,0.0,0,0.0,0.0,0.0,0.005215448327362537,-0.17911283671855927,0.5503622889518738,0.3667386770248413,-0.021362224593758583,0.2909909188747406,-0.008112704381346703,3.7847506999969482,0
frames/frame_000421.pgm,1784901232.009616,peer,0.0,0.08108884356579081,0.5,0.0,75,160,160,1,0,45596282,0,0,0.0,0.0,0.0,0.0,0.0,0.0,0,0.0,0.0,0.0,0.005215448327362537,-0.17911283671855927,0.5503622889518738,0.3667386770248413,-0.021362224593758583,0.2909909188747406,-0.008112704381346703,3.7847506999969482,0
frames/frame_000422.pgm,1784901232.019142,peer,0.0,0.08108884356579081,0.5,0.0,76,160,160,1,0,45629608,0,0,0.0,0.0,0.0,0.0,0.0,0.0,0,0.0,0.0,0.0,0.0054095652885735035,-0.16456665098667145,0.5496697425842285,0.39479967951774597,-0.021362224593758583,0.2909909188747406,-0.008112704381346703,3.7847506999969482,0
frames/frame_000423.pgm,1784901232.052740,peer,0.0,0.10259787723664365,0.5,0.0,77,160,160,1,0,45662963,0,0,0.0,0.0,0.0,0.0,0.0,0.0,0,0.0,0.0,0.0,0.004993041045963764,-0.15001879632472992,0.5459681153297424,0.4099205732345581,-0.013013052754104137,0.3669465482234955,-0.03081079013645649,3.7794721126556396,0
frames/frame_000424.pgm,1784901232.085842,peer,0.0,0.1125794231498591,0.5,0.0,78,160,160,1,0,45696289,0,0,0.0,0.0,0.0,0.0,0.0,0.0,0,0.0,0.0,0.0,0.004993041045963764,-0.15001879632472992,0.5459681153297424,0.4099205732345581,-0.013013052754104137,0.3669465482234955,-0.03081079013645649,3.7794721126556396,0
frames/frame_000425.pgm,1784901232.119184,peer,0.0,0.13225339062770683,0.5,0.0,79,160,160,1,0,45729614,0,0,0.0,0.0,0.0,0.0,0.0,0.0,0,0.0,0.0,0.0,0.004971212707459927,-0.13205769658088684,0.544989287853241,0.3900126516819,-0.010742604732513428,0.3998511731624603,-0.024732010439038277,3.7794721126556396,0
frames/frame_000426.pgm,1784901232.152327,peer,0.0,0.15034109946992072,0.5,0.0,80,160,160,1,0,45762939,0,0,0.0,0.0,0.0,0.0,0.0,0.0,0,0.0,0.0,0.0,0.006698316428810358,-0.11355317384004593,0.5426594614982605,0.3755991458892822,-0.010742604732513428,0.3998511731624603,-0.024732010439038277,3.7794721126556396,0
frames/frame_000427.pgm,1784901232.187009,peer,0.0,0.16019244209330064,0.5,0.0,81,160,160,1,0,45796264,0,0,0.0,0.0,0.0,0.0,0.0,0.0,0,0.0,0.0,0.0,0.006698316428810358,-0.11355317384004593,0.5426594614982605,0.3755991458892822,-0.006472648121416569,0.42777228355407715,-0.024350963532924652,3.7794721126556396,0
frames/frame_000428.pgm,1784901232.218901,peer,0.0,0.16927256515517325,0.5,0.0,82,160,160,1,0,45829589,0,0,0.0,0.0,0.0,0.0,0.0,0.0,0,0.0,0.0,0.0,0.005095919128507376,-0.09494003653526306,0.5411948561668396,0.3726445436477661,-0.008630087599158287,0.4495108723640442,-0.019149094820022583,3.7794721126556396,0
frames/frame_000429.pgm,1784901232.252612,peer,0.0,0.18642289944758997,0.5,0.0,83,160,160,1,0,45862945,0,0,0.0,0.0,0.0,0.0,0.0,0.0,0,0.0,0.0,0.0,0.010308852419257164,-0.07283182442188263,0.5392408967018127,0.42544445395469666,-0.008630087599158287,0.4495108723640442,-0.019149094820022583,3.7794721126556396,0
frames/frame_000430.pgm,1784901232.285671,peer,0.0,0.1943906047981883,0.5,0.0,84,160,160,1,0,45896270,0,0,0.0,0.0,0.0,0.0,0.0,0.0,0,0.0,0.0,0.0,0.010308852419257164,-0.07283182442188263,0.5392408967018127,0.42544445395469666,-0.000693929148837924,0.4715922772884369,-0.016067415475845337,3.774193525314331,0
frames/frame_000431.pgm,1784901232.318901,peer,0.0,0.2078520049916491,0.5,0.0,85,160,160,1,0,45929595,0,0,0.0,0.0,0.0,0.0,0.0,0.0,0,0.0,0.0,0.0,0.009063290432095528,-0.05346925929188728,0.5395928621292114,0.44223272800445557,-0.004413912538439035,0.4828123152256012,-0.003732122713699937,3.774193525314331,0
frames/frame_000432.pgm,1784901232.353334,peer,0.0,0.2188983535246702,0.5,0.0,86,160,160,1,0,45962921,0,0,0.0,0.0,0.0,0.0,0.0,0.0,0,0.0,0.0,0.0,0.009063290432095528,-0.05346925929188728,0.5395928621292114,0.44223272800445557,-0.004413912538439035,0.4828123152256012,-0.003732122713699937,3.774193525314331,0
frames/frame_000433.pgm,1784901232.385626,peer,0.0,0.2240753273293858,0.5,0.0,87,160,160,1,0,45996246,0,0,0.0,0.0,0.0,0.0,0.0,0.0,0,0.0,0.0,0.0,0.009122218005359173,-0.03236314654350281,0.5402155518531799,0.4774807393550873,-0.006537141744047403,0.4916171431541443,0.003983489237725735,3.7847506999969482,0
frames/frame_000434.pgm,1784901232.418925,peer,0.0,0.22910651183830294,0.5,0.0,88,160,160,1,0,46029571,0,0,0.0,0.0,0.0,0.0,0.0,0.0,0,0.0,0.0,0.0,0.010697185061872005,-0.011666757054626942,0.5409774780273438,0.5266966819763184,-0.006855781655758619,0.49476656317710876,0.006821815390139818,3.7847506999969482,0
frames/frame_000435.pgm,1784901232.452222,peer,0.0,0.23830252016001957,0.5,0.0,89,160,160,1,0,46062927,0,0,0.0,0.0,0.0,0.0,0.0,0.0,0,0.0,0.0,0.0,0.010748117230832577,0.009930864907801151,0.5415945649147034,0.5488488674163818,-0.006855781655758619,0.49476656317710876,0.006821815390139818,3.7847506999969482,0
frames/frame_000436.pgm,1784901232.486116,peer,0.0,0.2418056328977161,0.5,0.0,90,160,160,1,0,46096252,0,0,0.0,0.0,0.0,0.0,0.0,0.0,0,0.0,0.0,0.0,0.010748117230832577,0.009930864907801151,0.5415945649147034,0.5488488674163818,-0.009597860276699066,0.49473586678504944,0.006094744428992271,3.7847506999969482,0
frames/frame_000437.pgm,1784901232.525371,peer,0.0,0.24659234459415832,0.5,0.0,91,160,160,1,0,46129577,0,0,0.0,0.0,0.0,0.0,0.0,0.0,0,0.0,0.0,0.0,0.011697053909301758,0.031773168593645096,0.542329728603363,0.579380989074707,-0.010724025778472424,0.49074235558509827,0.005409713368862867,3.7847506999969482,0
frames/frame_000438.pgm,1784901232.552077,peer,0.0,0.24838861499087853,0.5,0.0,92,160,160,1,0,46162902,0,0,0.0,0.0,0.0,0.0,0.0,0.0,0,0.0,0.0,0.0,0.011424720287322998,0.05361219495534897,0.5440894365310669,0.5987948775291443,-0.010724025778472424,0.49074235558509827,0.005409713368862867,3.7847506999969482,0
frames/frame_000439.pgm,1784901232.585582,peer,0.0,0.2499383599608754,0.5,0.0,93,160,160,1,0,46196228,0,0,0.0,0.0,0.0,0.0,0.0,0.0,0,0.0,0.0,0.0,0.011424720287322998,0.05361219495534897,0.5440894365310669,0.5987948775291443,-0.014078170992434025,0.4828585386276245,0.01042060274630785,3.790029287338257,0
frames/frame_000440.pgm,1784901232.619495,peer,0.0,0.24992819261450597,0.5,0.0,94,160,160,1,0,46229553,0,0,0.0,0.0,0.0,0.0,0.0,0.0,0,0.0,0.0,0.0,0.011204291135072708,0.07625995576381683,0.5452784895896912,0.5774074196815491,-0.017683347687125206,0.4713335931301117,0.009337523020803928,3.790029287338257,0
frames/frame_000441.pgm,1784901232.652359,peer,0.0,0.24819267056423142,0.5,0.0,95,160,160,1,0,46262908,0,0,0.0,0.0,0.0,0.0,0.0,0.0,0,0.0,0.0,0.0,0.011913293972611427,0.09120198339223862,0.5458592176437378,0.5361773371696472,-0.017683347687125206,0.4713335931301117,0.009337523020803928,3.790029287338257,0
frames/frame_000442.pgm,1784901232.685329,peer,0.0,0.24627617417064177,0.5,0.0,96,160,160,1,0,46296234,0,0,0.0,0.0,0.0,0.0,0.0,0.0,0,0.0,0.0,0.0,0.011913293972611427,0.09120198339223862,0.5458592176437378,0.5361773371696472,-0.018895236775279045,0.4434220790863037,0.0019265131559222937,3.790029287338257,0
frames/frame_000443.pgm,1784901232.720138,peer,0.0,0.24099704597512547,0.5,0.0,97,160,160,1,0,46329559,0,0,0.0,0.0,0.0,0.0,0.0,0.0,0,0.0,0.0,0.0,0.011843782849609852,0.1102621778845787,0.5448263883590698,0.4596594274044037,-0.0204735416918993,0.4208565354347229,-0.010171715170145035,3.790029287338257,0
frames/frame_000444.pgm,1784901232.753800,peer,0.0,0.23721508636085079,0.5,0.0,98,160,160,1,0,46362884,0,0,0.0,0.0,0.0,0.0,0.0,0.0,0,0.0,0.0,0.0,0.010986870154738426,0.12626129388809204,0.5444282293319702,0.3479132354259491,-0.023197893053293228,0.3915918171405792,-0.014635046012699604,3.7794721126556396,0
frames/frame_000445.pgm,1784901232.791463,peer,0.0,0.2285090635924051,0.5,0.0,99,160,160,1,0,46396209,0,0,0.0,0.0,0.0,0.0,0.0,0.0,0,0.0,0.0,0.0,0.010986870154738426,0.12626129388809204,0.5444282293319702,0.3479132354259491,-0.023197893053293228,0.3915918171405792,-0.014635046012699604,3.7794721126556396,0
frames/frame_000446.pgm,1784901232.819059,peer,0.0,0.2232519986675361,0.5,0.0,100,160,160,1,0,46429565,0,0,0.0,0.0,0.0,0.0,0.0,0.0,0,0.0,0.0,0.0,0.01018435601145029,0.14257247745990753,0.5432455539703369,0.23996038734912872,-0.024863416329026222,0.3615274131298065,-0.018296077847480774,3.7794721126556396,0
frames/frame_000447.pgm,1784901232.852263,peer,0.0,0.2183186471589735,0.5,0.0,101,160,160,1,0,46462890,0,0,0.0,0.0,0.0,0.0,0.0,0.0,0,0.0,0.0,0.0,0.01018435601145029,0.14257247745990753,0.5432455539703369,0.23996038734912872,-0.024863416329026222,0.3615274131298065,-0.018296077847480774,3.7794721126556396,0
frames/frame_000448.pgm,1784901232.885752,peer,0.0,0.20608939713598418,0.5,0.0,102,160,160,1,0,46496215,0,0,0.0,0.0,0.0,0.0,0.0,0.0,0,0.0,0.0,0.0,0.011163714341819286,0.15473145246505737,0.5420031547546387,0.13148829340934753,-0.022176465019583702,0.3231796622276306,-0.020521197468042374,3.774193525314331,0
frames/frame_000449.pgm,1784901232.919240,peer,0.0,0.19967974113749265,0.5,0.0,103,160,160,1,0,46529541,0,0,0.0,0.0,0.0,0.0,0.0,0.0,0,0.0,0.0,0.0,0.009793758392333984,0.16556105017662048,0.5416532158851624,0.023171043023467064,-0.0233900249004364,0.2825239896774292,-0.015620970167219639,3.774193525314331,0
frames/frame_000450.pgm,1784901232.952803,peer,0.0,0.18576126183667632,0.5,0.0,104,160,160,1,0,46562866,0,0,0.0,0.0,0.0,0.0,0.0,0.0,0,0.0,0.0,0.0,0.007533903233706951,0.17477451264858246,0.5402300953865051,-0.03203607723116875,-0.025939466431736946,0.23897384107112885,-0.017784325405955315,3.7794721126556396,0
frames/frame_000451.pgm,1784901232.985692,peer,0.0,0.1781265543066547,0.5,0.0,105,160,160,1,0,46596191,0,0,0.0,0.0,0.0,0.0,0.0,0.0,0,0.0,0.0,0.0,0.007533903233706951,0.17477451264858246,0.5402300953865051,-0.03203607723116875,-0.025939466431736946,0.23897384107112885,-0.017784325405955315,3.7794721126556396,0
frames/frame_000452.pgm,1784901233.022031,peer,0.0,0.15873424926447632,0.5,0.0,106,160,160,1,0,46629547,0,0,0.0,0.0,0.0,0.0,0.0,0.0,0,0.0,0.0,0.0,0.007853946648538113,0.18266946077346802,0.5393323302268982,-0.07639281451702118,-0.023254044353961945,0.19462141394615173,-0.017587222158908844,3.7794721126556396,0
frames/frame_000453.pgm,1784901233.059656,peer,0.0,0.14032888094689538,0.5,0.0,107,160,160,1,0,46662872,0,0,0.0,0.0,0.0,0.0,0.0,0.0,0,0.0,0.0,0.0,0.007819709368050098,0.19165100157260895,0.5381504893302917,-0.11674284189939499,-0.020889386534690857,0.15431107580661774,-0.016689106822013855,3.7794721126556396,0
frames/frame_000454.pgm,1784901233.085580,peer,0.0,0.12923563656064363,0.5,0.0,108,160,160,1,0,46696197,0,0,0.0,0.0,0.0,0.0,0.0,0.0,0,0.0,0.0,0.0,0.007819709368050098,0.19165100157260895,0.5381504893302917,-0.11674284189939499,-0.020889386534690857,0.15431107580661774,-0.016689106822013855,3.7794721126556396,0
frames/frame_000455.pgm,1784901233.125088,peer,0.0,0.11789211911405437,0.5,0.0,109,160,160,1,0,46729522,0,0,0.0,0.0,0.0,0.0,0.0,0.0,0,0.0,0.0,0.0,0.0063431235030293465,0.1935497671365738,0.5371473431587219,-0.15227602422237396,-0.020606782287359238,0.10306993126869202,-0.01651235856115818,3.7794721126556396,0
frames/frame_000456.pgm,1784901233.155477,peer,0.0,0.09777593697886885,0.5,0.0,110,160,160,1,0,46762847,0,0,0.0,0.0,0.0,0.0,0.0,0.0,0,0.0,0.0,0.0,0.005678277928382158,0.19782766699790955,0.5356937050819397,-0.206731379032135,-0.020606782287359238,0.10306993126869202,-0.01651235856115818,3.7794721126556396,0
frames/frame_000457.pgm,1784901233.186181,peer,0.0,0.08703071328930324,0.5,0.0,111,160,160,1,0,46796173,0,0,0.0,0.0,0.0,0.0,0.0,0.0,0,0.0,0.0,0.0,0.005678277928382158,0.19782766699790955,0.5356937050819397,-0.206731379032135,-0.018703561276197433,0.058680664747953415,-0.01659834198653698,3.774193525314331,0
frames/frame_000458.pgm,1784901233.218900,peer,0.0,0.06382529170618502,0.5,0.0,112,160,160,1,0,46829528,0,0,0.0,0.0,0.0,0.0,0.0,0.0,0,0.0,0.0,0.0,0.003554234281182289,0.19796183705329895,0.5343876481056213,-0.21660420298576355,-0.01933583989739418,0.00973093044012785,-0.01444372721016407,3.774193525314331,0
frames/frame_000459.pgm,1784901233.252472,peer,0.0,0.05186223204122723,0.5,0.0,113,160,160,1,0,46862854,0,0,0.0,0.0,0.0,0.0,0.0,0.0,0,0.0,0.0,0.0,0.004637656733393669,0.19478869438171387,0.5341634750366211,-0.2351912260055542,-0.01933583989739418,0.00973093044012785,-0.01444372721016407,3.774193525314331,0
frames/frame_000460.pgm,1784901233.291242,peer,0.0,0.027156739301616356,0.5,0.0,114,160,160,1,0,46896179,0,0,0.0,0.0,0.0,0.0,0.0,0.0,0,0.0,0.0,0.0,0.004637656733393669,0.19478869438171387,0.5341634750366211,-0.2351912260055542,-0.013775159604847431,-0.04271490126848221,-0.00938054546713829,3.774193525314331,0
frames/frame_000461.pgm,1784901233.319940,peer,0.0,0.015841263833139958,0.5,0.0,115,160,160,1,0,46929504,0,0,0.0,0.0,0.0,0.0,0.0,0.0,0,0.0,0.0,0.0,0.0023709156084805727,0.18734852969646454,0.5336963534355164,-0.24419797956943512,-0.01398463174700737,-0.09854869544506073,-0.0077319699339568615,3.774193525314331,0
frames/frame_000462.pgm,1784901233.352505,peer,0.0,0.003472442338418292,0.5,0.0,116,160,160,1,0,46962829,0,0,0.0,0.0,0.0,0.0,0.0,0.0,0,0.0,0.0,0.0,0.0015709451399743557,0.17634372413158417,0.5335229635238647,-0.234268918633461,-0.01398463174700737,-0.09854869544506073,-0.0077319699339568615,3.774193525314331,0
frames/frame_000463.pgm,1784901233.385591,peer,0.0,-0.022746639261497923,0.5,0.0,117,160,160,1,0,46996154,0,0,0.0,0.0,0.0,0.0,0.0,0.0,0,0.0,0.0,0.0,0.0015709451399743557,0.17634372413158417,0.5335229635238647,-0.234268918633461,-0.011327410116791725,-0.15562033653259277,0.004370046779513359,3.7689149379730225,0
frames/frame_000464.pgm,1784901233.418956,peer,0.0,-0.03544361399718256,0.5,0.0,118,160,160,1,0,47029510,0,0,0.0,0.0,0.0,0.0,0.0,0.0,0,0.0,0.0,0.0,0.004487139172852039,0.16481812298297882,0.5349271893501282,-0.20983174443244934,-0.002959833014756441,-0.2062397301197052,0.0025536599569022655,3.7689149379730225,0
frames/frame_000465.pgm,1784901233.452399,peer,0.0,-0.04745004841489007,0.5,0.0,119,160,160,1,0,47062835,0,0,0.0,0.0,0.0,0.0,0.0,0.0,0,0.0,0.0,0.0,0.0035163601860404015,0.15328232944011688,0.5341630578041077,-0.1233169212937355,-0.002959833014756441,-0.2062397301197052,0.0025536599569022655,3.774193525314331,0
frames/frame_000466.pgm,1784901233.485568,peer,0.0,-0.07189437642023469,0.5,0.0,120,160,160,1,0,47096160,0,0,0.0,0.0,0.0,0.0,0.0,0.0,0,0.0,0.0,0.0,0.0035163601860404015,0.15328232944011688,0.5341630578041077,-0.1233169212937355,-0.002584881614893675,-0.24964840710163116,-0.004115160554647446,3.774193525314331,0
frames/frame_000467.pgm,1784901233.519433,peer,0.0,-0.08420741827491685,0.5,0.0,121,160,160,1,0,47129486,0,0,0.0,0.0,0.0,0.0,0.0,0.0,0,0.0,0.0,0.0,0.0029962111730128527,0.13892243802547455,0.5334134101867676,-0.0371965691447258,-0.002387736225500703,-0.2899903655052185,-0.011000101454555988,3.774193525314331,0
frames/frame_000468.pgm,1784901233.553960,peer,0.0,-0.10599733256794173,0.5,0.0,122,160,160,1,0,47162811,0,0,0.0,0.0,0.0,0.0,0.0,0.0,0,0.0,0.0,0.0,0.0031801636796444654,0.12029494345188141,0.5331952571868896,0.09679818898439407,-0.002387736225500703,-0.2899903655052185,-0.011000101454555988,3.7689149379730225,0
frames/frame_000469.pgm,1784901233.588708,peer,0.0,-0.11735290739741074,0.5,0.0,123,160,160,1,0,47196136,0,0,0.0,0.0,0.0,0.0,0.0,0.0,0,0.0,0.0,0.0,0.0031801636796444654,0.12029494345188141,0.5331952571868896,0.09679818898439407,-0.0018372235354036093,-0.33060410618782043,-0.00984958279877901,3.7689149379730225,0
frames/frame_000470.pgm,1784901233.624377,peer,0.0,-0.1362005248047733,0.5,0.0,124,160,160,1,0,47229492,0,0,0.0,0.0,0.0,0.0,0.0,0.0,0,0.0,0.0,0.0,0.0032532629556953907,0.1028970330953598,0.533514142036438,0.2561919093132019,-0.0012083918554708362,-0.3614223599433899,-0.009891437366604805,3.7689149379730225,0
frames/frame_000471.pgm,1784901233.652403,peer,0.0,-0.14700647890354013,0.5,0.0,125,160,160,1,0,47262817,0,0,0.0,0.0,0.0,0.0,0.0,0.0,0,0.0,0.0,0.0,0.00603520218282938,0.08209237456321716,0.5341416001319885,0.37276098132133484,-0.0012083918554708362,-0.3614223599433899,-0.009891437366604805,3.7794721126556396,0
frames/frame_000472.pgm,1784901233.685629,peer,0.0,-0.15716639615708836,0.5,0.0,126,160,160,1,0,47296142,0,0,0.0,0.0,0.0,0.0,0.0,0.0,0,0.0,0.0,0.0,0.00603520218282938,0.08209237456321716,0.5341416001319885,0.37276098132133484,0.0034085148945450783,-0.3915010988712311,-0.006397197488695383,3.7794721126556396,0
frames/frame_000473.pgm,1784901233.719194,peer,0.0,-0.17626494993113062,0.5,0.0,127,160,160,1,0,47329467,0,0,0.0,0.0,0.0,0.0,0.0,0.0,0,0.0,0.0,0.0,0.008264931850135326,0.06820398569107056,0.5330547094345093,0.4671548306941986,0.0064488803036510944,-0.40406888723373413,-0.011972559615969658,3.7794721126556396,0
frames/frame_000474.pgm,1784901233.755162,peer,0.0,-0.18396544310950205,0.5,0.0,128,160,160,1,0,47362792,0,0,0.0,0.0,0.0,0.0,0.0,0.0,0,0.0,0.0,0.0,0.011305450461804867,0.045968107879161835,0.5313289761543274,0.5205805897712708,0.009908708743751049,-0.42638522386550903,-0.02054186910390854,3.774193525314331,0
frames/frame_000475.pgm,1784901233.790393,peer,0.0,-0.1994697531648319,0.5,0.0,129,160,160,1,0,47396118,0,0,0.0,0.0,0.0,0.0,0.0,0.0,0,0.0,0.0,0.0,0.011305450461804867,0.045968107879161835,0.5313289761543274,0.5205805897712708,0.009908708743751049,-0.42638522386550903,-0.02054186910390854,3.774193525314331,0
frames/frame_000476.pgm,1784901233.821247,peer,0.0,-0.2056815110690233,0.5,0.0,130,160,160,1,0,47429473,0,0,0.0,0.0,0.0,0.0,0.0,0.0,0,0.0,0.0,0.0,0.00914811808615923,0.023271337151527405,0.5299994349479675,0.5864446759223938,0.0030656326562166214,-0.4440458118915558,-0.021303262561559677,3.774193525314331,0
frames/frame_000477.pgm,1784901233.856066,peer,0.0,-0.21826558838633123,0.5,0.0,131,160,160,1,0,47462799,0,0,0.0,0.0,0.0,0.0,0.0,0.0,0,0.0,0.0,0.0,0.010050121694803238,3.062235191464424e-05,0.5293338298797607,0.6276398301124573,0.0008729161345399916,-0.45743611454963684,-0.013640491291880608,3.7689149379730225,0
frames/frame_000478.pgm,1784901233.889491,peer,0.0,-0.22437773881113457,0.5,0.0,132,160,160,1,0,47496124,0,0,0.0,0.0,0.0,0.0,0.0,0.0,0,0.0,0.0,0.0,0.010050121694803238,3.062235191464424e-05,0.5293338298797607,0.6276398301124573,0.0008729161345399916,-0.45743611454963684,-0.013640491291880608,3.7689149379730225,0
frames/frame_000479.pgm,1784901233.920907,peer,0.0,-0.22972053336335266,0.5,0.0,133,160,160,1,0,47529449,0,0,0.0,0.0,0.0,0.0,0.0,0.0,0,0.0,0.0,0.0,0.011747118085622787,-0.02169962413609028,0.5310633778572083,0.6540657877922058,0.0003043621254619211,-0.46223774552345276,0.0034890035167336464,3.7689149379730225,0
frames/frame_000480.pgm,1784901233.953074,peer,0.0,-0.23874614428734156,0.5,0.0,134,160,160,1,0,47562774,0,0,0.0,0.0,0.0,0.0,0.0,0.0,0,0.0,0.0,0.0,0.011856960132718086,-0.043603185564279556,0.5321572422981262,0.6485856175422668,0.0003043621254619211,-0.46223774552345276,0.0034890035167336464,3.7794721126556396,0
frames/frame_000481.pgm,1784901234.008946,peer,0.0,-0.24459456063077015,0.5,0.0,135,160,160,1,0,47596099,0,0,0.0,0.0,0.0,0.0,0.0,0.0,0,0.0,0.0,0.0,0.013210132718086243,-0.060556646436452866,0.5329204201698303,0.617576539516449,-0.003674169536679983,-0.4493192434310913,0.007610778324306011,3.7794721126556396,0
frames/frame_000482.pgm,1784901234.019245,peer,0.0,-0.24692692244610262,0.5,0.0,136,160,160,1,0,47629455,0,0,0.0,0.0,0.0,0.0,0.0,0.0,0,0.0,0.0,0.0,0.013210132718086243,-0.060556646436452866,0.5329204201698303,0.617576539516449,-0.003674169536679983,-0.4493192434310913,0.007610778324306011,3.7794721126556396,0
frames/frame_000483.pgm,1784901234.056854,peer,0.0,-0.24849627344373199,0.5,0.0,137,160,160,1,0,47662780,0,0,0.0,0.0,0.0,0.0,0.0,0.0,0,0.0,0.0,0.0,0.015111482702195644,-0.08078384399414062,0.533553421497345,0.5589843988418579,-0.003416844643652439,-0.43826520442962646,0.004453708417713642,3.7794721126556396,0
frames/frame_000484.pgm,1784901234.085721,peer,0.0,-0.24950714541028574,0.5,0.0,138,160,160,1,0,47696105,0,0,0.0,0.0,0.0,0.0,0.0,0.0,0,0.0,0.0,0.0,0.015111482702195644,-0.08078384399414062,0.533553421497345,0.5589843988418579,-0.003416844643652439,-0.43826520442962646,0.004453708417713642,3.7794721126556396,0
frames/frame_000485.pgm,1784901234.136789,peer,0.0,-0.24900379638804404,0.5,0.0,139,160,160,1,0,47729431,0,0,0.0,0.0,0.0,0.0,0.0,0.0,0,0.0,0.0,0.0,0.017040234059095383,-0.10145439952611923,0.5334189534187317,0.4913531541824341,-0.0038080622907727957,-0.4245922863483429,-0.0011412766762077808,3.7794721126556396,0
frames/frame_000486.pgm,1784901234.159021,peer,0.0,-0.2475720923222347,0.5,0.0,140,160,160,1,0,47762756,0,0,0.0,0.0,0.0,0.0,0.0,0.0,0,0.0,0.0,0.0,0.01732180081307888,-0.12004277110099792,0.5322650671005249,0.41827479004859924,-0.007355848327279091,-0.40454739332199097,-0.011295891366899014,3.7689149379730225,0
frames/frame_000487.pgm,1784901234.177153,peer,0.0,-0.2475720923222347,0.5,0.0,141,160,160,1,0,47796081,0,0,0.0,0.0,0.0,0.0,0.0,0.0,0,0.0,0.0,0.0,0.01732180081307888,-0.12004277110099792,0.5322650671005249,0.41827479004859924,-0.007355848327279091,-0.40454739332199097,-0.011295891366899014,3.7689149379730225,0
frames/frame_000488.pgm,1784901234.219193,peer,0.0,-0.24305221184411027,0.5,0.0,142,160,160,1,0,47829437,0,0,0.0,0.0,0.0,0.0,0.0,0.0,0,0.0,0.0,0.0,0.016988882794976234,-0.13648900389671326,0.5320149064064026,0.3273451626300812,-0.012716530822217464,-0.3780900835990906,-0.013893870636820793,3.7689149379730225,0
frames/frame_000489.pgm,1784901234.252142,peer,0.0,-0.23642590290661905,0.5,0.0,143,160,160,1,0,47862762,0,0,0.0,0.0,0.0,0.0,0.0,0.0,0,0.0,0.0,0.0,0.01772255264222622,-0.1502334624528885,0.5332635045051575,0.2416236698627472,-0.012716530822217464,-0.3780900835990906,-0.013893870636820793,3.7689149379730225,0
frames/frame_000490.pgm,1784901234.285522,peer,0.0,-0.23275640164505162,0.5,0.0,144,160,160,1,0,47896087,0,0,0.0,0.0,0.0,0.0,0.0,0.0,0,0.0,0.0,0.0,0.01772255264222622,-0.1502334624528885,0.5332635045051575,0.2416236698627472,-0.015419071540236473,-0.3448532521724701,-0.004926761146634817,3.7689149379730225,0
frames/frame_000491.pgm,1784901234.320910,peer,0.0,-0.22707545572012527,0.5,0.0,145,160,160,1,0,47929412,0,0,0.0,0.0,0.0,0.0,0.0,0.0,0,0.0,0.0,0.0,0.01886187680065632,-0.16476555168628693,0.5338209271430969,0.16712135076522827,-0.016870511695742607,-0.31189826130867004,-0.002768776612356305,3.7689149379730225,0
frames/frame_000492.pgm,1784901234.354297,peer,0.0,-0.215434863037157,0.5,0.0,146,160,160,1,0,47962738,0,0,0.0,0.0,0.0,0.0,0.0,0.0,0,0.0,0.0,0.0,0.01978832669556141,-0.17663252353668213,0.532751739025116,0.07748555392026901,-0.01819014921784401,-0.27426525950431824,-0.009990527294576168,3.774193525314331,0
frames/frame_000493.pgm,1784901234.385795,peer,0.0,-0.20871028995753588,0.5,0.0,147,160,160,1,0,47996063,0,0,0.0,0.0,0.0,0.0,0.0,0.0,0,0.0,0.0,0.0,0.01978832669556141,-0.17663252353668213,0.532751739025116,0.07748555392026901,-0.01819014921784401,-0.27426525950431824,-0.009990527294576168,3.774193525314331,0
frames/frame_000494.pgm,1784901234.434394,peer,0.0,-0.18864781532249075,0.5,0.0,148,160,160,1,0,48029418,0,0,0.0,0.0,0.0,0.0,0.0,0.0,0,0.0,0.0,0.0,0.02006639540195465,-0.18840207159519196,0.5324505567550659,0.0002512134378775954,-0.020553041249513626,-0.23709028959274292,-0.011223888956010342,3.774193525314331,0
frames/frame_000495.pgm,1784901234.452701,peer,0.0,-0.18864781532249075,0.5,0.0,149,160,160,1,0,48062744,0,0,0.0,0.0,0.0,0.0,0.0,0.0,0,0.0,0.0,0.0,0.02140652760863304,-0.1974225491285324,0.5314046740531921,-0.0683082565665245,-0.020553041249513626,-0.23709028959274292,-0.011223888956010342,3.774193525314331,0
frames/frame_000496.pgm,1784901234.485314,peer,0.0,-0.17298362111566426,0.5,0.0,150,160,160,1,0,48096069,0,0,0.0,0.0,0.0,0.0,0.0,0.0,0,0.0,0.0,0.0,0.02140652760863304,-0.1974225491285324,0.5314046740531921,-0.0683082565665245,-0.021001623943448067,-0.1956479698419571,-0.017129691317677498,3.7689149379730225,0
frames/frame_000497.pgm,1784901234.522591,peer,0.0,-0.15552815358693878,0.5,0.0,151,160,160,1,0,48129394,0,0,0.0,0.0,0.0,0.0,0.0,0.0,0,0.0,0.0,0.0,0.022278962656855583,-0.20354823768138885,0.5305959582328796,-0.13785037398338318,-0.022638976573944092,-0.14993585646152496,-0.01606132462620735,3.7689149379730225,0
frames/frame_000498.pgm,1784901234.554173,peer,0.0,-0.14662201400098043,0.5,0.0,152,160,160,1,0,48162719,0,0,0.0,0.0,0.0,0.0,0.0,0.0,0,0.0,0.0,0.0,0.02425938844680786,-0.21024076640605927,0.5310393571853638,-0.20564089715480804,-0.022638976573944092,-0.14993585646152496,-0.01606132462620735,3.7689149379730225,0
frames/frame_000499.pgm,1784901234.590669,peer,0.0,-0.12848049748985552,0.5,0.0,153,160,160,1,0,48196044,0,0,0.0,0.0,0.0,0.0,0.0,0.0,0,0.0,0.0,0.0,0.02425938844680786,-0.21024076640605927,0.5310393571853638,-0.20564089715480804,-0.022533109411597252,-0.10707608610391617,-0.00807153806090355,3.7689149379730225,0
frames/frame_000500.pgm,1784901234.629879,peer,0.0,-0.10808877225521787,0.5,0.0,154,160,160,1,0,48229400,0,0,0.0,0.0,0.0,0.0,0.0,0.0,0,0.0,0.0,0.0,0.02593724988400936,-0.21335798501968384,0.5315896272659302,-0.2653026878833771,-0.023091478273272514,-0.05987093597650528,-0.004653102718293667,3.7689149379730225,0
frames/frame_000501.pgm,1784901234.656825,peer,0.0,-0.09779857024741957,0.5,0.0,155,160,160,1,0,48262725,0,0,0.0,0.0,0.0,0.0,0.0,0.0,0,0.0,0.0,0.0,0.02437697909772396,-0.2142488807439804,0.531058132648468,-0.3412545621395111,-0.023091478273272514,-0.05987093597650528,-0.004653102718293667,3.7689149379730225,0
frames/frame_000502.pgm,1784901234.688263,peer,0.0,-0.08765123580985709,0.5,0.0,156,160,160,1,0,48296051,0,0,0.0,0.0,0.0,0.0,0.0,0.0,0,0.0,0.0,0.0,0.02437697909772396,-0.2142488807439804,0.531058132648468,-0.3412545621395111,-0.029842156916856766,-0.012331890873610973,-0.007719876244664192,3.7689149379730225,0
frames/frame_000503.pgm,1784901234.719105,peer,0.0,-0.06457476450769328,0.5,0.0,157,160,160,1,0,48329376,0,0,0.0,0.0,0.0,0.0,0.0,0.0,0,0.0,0.0,0.0,0.024388935416936874,-0.2125035673379898,0.5284111499786377,-0.38119053840637207,-0.033128634095191956,0.036985769867897034,-0.01947607472538948,3.7689149379730225,0
frames/frame_000504.pgm,1784901234.757748,peer,0.0,-0.05218031062797196,0.5,0.0,158,160,160,1,0,48362701,0,0,0.0,0.0,0.0,0.0,0.0,0.0,0,0.0,0.0,0.0,0.022612690925598145,-0.20857679843902588,0.5276095867156982,-0.39391207695007324,-0.03939331695437431,0.08717852830886841,-0.016993340104818344,3.763636350631714,0
frames/frame_000505.pgm,1784901234.785696,peer,0.0,-0.04147118853708023,0.5,0.0,159,160,160,1,0,48396026,0,0,0.0,0.0,0.0,0.0,0.0,0.0,0,0.0,0.0,0.0,0.022612690925598145,-0.20857679843902588,0.5276095867156982,-0.39391207695007324,-0.03939331695437431,0.08717852830886841,-0.016993340104818344,3.763636350631714,0
frames/frame_000506.pgm,1784901234.821080,peer,0.0,-0.017032109578756602,0.5,0.0,160,160,160,1,0,48429382,0,0,0.0,0.0,0.0,0.0,0.0,0.0,0,0.0,0.0,0.0,0.022685641422867775,-0.2006019949913025,0.5276333689689636,-0.367658793926239,-0.04133377969264984,0.14057429134845734,-0.009558580815792084,3.763636350631714,0
frames/frame_000507.pgm,1784901234.853263,peer,0.0,-0.00544452721526683,0.5,0.0,161,160,160,1,0,48462707,0,0,0.0,0.0,0.0,0.0,0.0,0.0,0,0.0,0.0,0.0,0.02183236926794052,-0.19157017767429352,0.5265248417854309,-0.3589436709880829,-0.04133377969264984,0.14057429134845734,-0.009558580815792084,3.763636350631714,0
frames/frame_000508.pgm,1784901234.885829,peer,0.0,0.020617760854059728,0.5,0.0,162,160,160,1,0,48496032,0,0,0.0,0.0,0.0,0.0,0.0,0.0,0,0.0,0.0,0.0,0.02183236926794052,-0.19157017767429352,0.5265248417854309,-0.3589436709880829,-0.044414278119802475,0.18998633325099945,-0.012469910085201263,3.7689149379730225,0
frames/frame_000509.pgm,1784901234.922626,peer,0.0,0.0326471427193028,0.5,0.0,163,160,160,1,0,48529357,0,0,0.0,0.0,0.0,0.0,0.0,0.0,0,0.0,0.0,0.0,0.02225431241095066,-0.18095465004444122,0.5244073867797852,-0.3409368395805359,-0.0442100428044796,0.2365734875202179,-0.017638400197029114,3.7689149379730225,0
frames/frame_000510.pgm,1784901234.957987,peer,0.0,0.058387293055722524,0.5,0.0,164,160,160,1,0,48562683,0,0,0.0,0.0,0.0,0.0,0.0,0.0,0,0.0,0.0,0.0,0.023053599521517754,-0.16935692727565765,0.523970901966095,-0.31986597180366516,-0.043008290231227875,0.2786811292171478,-0.013204478658735752,3.763636350631714,0
frames/frame_000511.pgm,1784901234.985612,peer,0.0,0.07058661606550606,0.5,0.0,165,160,160,1,0,48596008,0,0,0.0,0.0,0.0,0.0,0.0,0.0,0,0.0,0.0,0.0,0.023053599521517754,-0.16935692727565765,0.523970901966095,-0.31986597180366516,-0.043008290231227875,0.2786811292171478,-0.013204478658735752,3.763636350631714,0
frames/frame_000512.pgm,1784901235.019051,peer,0.0,0.08193971966321643,0.5,0.0,166,160,160,1,0,48629364,0,0,0.0,0.0,0.0,0.0,0.0,0.0,0,0.0,0.0,0.0,0.023374106734991074,-0.1523122936487198,0.5234056115150452,-0.2947799563407898,-0.04188315570354462,0.32416829466819763,-0.011712275445461273,3.763636350631714,0
frames/frame_000513.pgm,1784901235.053815,peer,0.0,0.10574740641478311,0.5,0.0,167,160,160,1,0,48662689,0,0,0.0,0.0,0.0,0.0,0.0,0.0,0,0.0,0.0,0.0,0.021511856466531754,-0.1355244666337967,0.523307204246521,-0.27841717004776,-0.044246550649404526,0.36179256439208984,-0.010805273428559303,3.763636350631714,0
frames/frame_000514.pgm,1784901235.085725,peer,0.0,0.11755115900056862,0.5,0.0,168,160,160,1,0,48696014,0,0,0.0,0.0,0.0,0.0,0.0,0.0,0,0.0,0.0,0.0,0.021511856466531754,-0.1355244666337967,0.523307204246521,-0.27841717004776,-0.044246550649404526,0.36179256439208984,-0.010805273428559303,3.763636350631714,0
frames/frame_000515.pgm,1784901235.119092,peer,0.0,0.1289842084233215,0.5,0.0,169,160,160,1,0,48729339,0,0,0.0,0.0,0.0,0.0,0.0,0.0,0,0.0,0.0,0.0,0.02155354991555214,-0.12111066281795502,0.5236645936965942,-0.2644232213497162,-0.04221531003713608,0.38826361298561096,-0.006584590300917625,3.763636350631714,0
frames/frame_000516.pgm,1784901235.153211,peer,0.0,0.15051389356385403,0.5,0.0,170,160,160,1,0,48762664,0,0,0.0,0.0,0.0,0.0,0.0,0.0,0,0.0,0.0,0.0,0.020989781245589256,-0.10246776789426804,0.5222811102867126,-0.22445780038833618,-0.04221531003713608,0.38826361298561096,-0.006584590300917625,3.763636350631714,0
frames/frame_000517.pgm,1784901235.186449,peer,0.0,0.1608652122774077,0.5,0.0,171,160,160,1,0,48795989,0,0,0.0,0.0,0.0,0.0,0.0,0.0,0,0.0,0.0,0.0,0.020989781245589256,-0.10246776789426804,0.5222811102867126,-0.22445780038833618,-0.040767911821603775,0.4156893789768219,-0.012601431459188461,3.763636350631714,0
frames/frame_000518.pgm,1784901235.223521,peer,0.0,0.17084257974187403,0.5,0.0,172,160,160,1,0,48829345,0,0,0.0,0.0,0.0,0.0,0.0,0.0,0,0.0,0.0,0.0,0.01930239051580429,-0.08542320877313614,0.5221541523933411,-0.19602303206920624,-0.04116872325539589,0.433923602104187,-0.007091681472957134,3.763636350631714,0
frames/frame_000519.pgm,1784901235.256588,peer,0.0,0.18816114158843877,0.5,0.0,173,160,160,1,0,48862670,0,0,0.0,0.0,0.0,0.0,0.0,0.0,0,0.0,0.0,0.0,0.018383540213108063,-0.06204693019390106,0.5241212248802185,-0.21624907851219177,-0.04116872325539589,0.433923602104187,-0.007091681472957134,3.774193525314331,0
frames/frame_000520.pgm,1784901235.294719,peer,0.0,0.20175664408688904,0.5,0.0,174,160,160,1,0,48895996,0,0,0.0,0.0,0.0,0.0,0.0,0.0,0,0.0,0.0,0.0,0.018383540213108063,-0.06204693019390106,0.5241212248802185,-0.21624907851219177,-0.03962260112166405,0.4575609564781189,0.004424409940838814,3.774193525314331,0
frames/frame_000521.pgm,1784901235.318958,peer,0.0,0.20784590053972157,0.5,0.0,175,160,160,1,0,48929321,0,0,0.0,0.0,0.0,0.0,0.0,0.0,0,0.0,0.0,0.0,0.017398450523614883,-0.041803061962127686,0.5237268209457397,-0.24608594179153442,-0.038646597415208817,0.4707561135292053,-0.0023158653639256954,3.774193525314331,0
frames/frame_000522.pgm,1784901235.356480,peer,0.0,0.21913593913687227,0.5,0.0,176,160,160,1,0,48962646,0,0,0.0,0.0,0.0,0.0,0.0,0.0,0,0.0,0.0,0.0,0.01873057335615158,-0.022582359611988068,0.5240814089775085,-0.2783218026161194,-0.033478379249572754,0.47686874866485596,-0.006156905088573694,3.7583577632904053,0
frames/frame_000523.pgm,1784901235.531137,peer,0.0,0.24793445851047602,0.5,0.0,177,160,160,1,0,48995971,0,0,0.0,0.0,0.0,0.0,0.0,0.0,0,0.0,0.0,0.0,0.017695432528853416,0.04019447788596153,0.5207746028900146,-0.619888186454773,-0.03031051531434059,0.47869113087654114,-0.02001059241592884,3.7530791759490967,0
frames/frame_000524.pgm,1784901235.553289,peer,0.0,0.24919406525102855,0.5,0.0,178,160,160,1,0,49029327,0,0,0.0,0.0,0.0,0.0,0.0,0.0,0,0.0,0.0,0.0,0.0173011664301157,0.062776118516922,0.5196755528450012,-0.7653393745422363,-0.03031051531434059,0.47869113087654114,-0.02001059241592884,3.7530791759490967,0
frames/frame_000525.pgm,1784901235.573981,peer,0.0,0.24919406525102855,0.5,0.0,179,160,160,1,0,49062652,0,0,0.0,0.0,0.0,0.0,0.0,0.0,0,0.0,0.0,0.0,0.0173011664301157,0.062776118516922,0.5196755528450012,-0.7653393745422363,-0.030378537252545357,0.4739375412464142,-0.01758638024330139,3.7530791759490967,0
frames/frame_000526.pgm,1784901235.600851,peer,0.0,0.24996567732426356,0.5,0.0,180,160,160,1,0,49095977,0,0,0.0,0.0,0.0,0.0,0.0,0.0,0,0.0,0.0,0.0,0.0173011664301157,0.062776118516922,0.5196755528450012,-0.7653393745422363,-0.030378537252545357,0.4739375412464142,-0.01758638024330139,3.7530791759490967,0
frames/frame_000527.pgm,1784901235.629039,peer,0.0,0.24954426940448982,0.5,0.0,183,160,160,1,0,49195953,0,0,0.0,0.0,0.0,0.0,0.0,0.0,0,0.0,0.0,0.0,0.01713469810783863,0.07945825159549713,0.521446943283081,-0.893412172794342,-0.03044813498854637,0.45380690693855286,0.00019399348821025342,3.7530791759490967,0
frames/frame_000528.pgm,1784901235.653727,peer,0.0,0.24857509783417744,0.5,0.0,184,160,160,1,0,49229309,0,0,0.0,0.0,0.0,0.0,0.0,0.0,0,0.0,0.0,0.0,0.014306732453405857,0.0972035601735115,0.5212612748146057,-1.0035573244094849,-0.03044813498854637,0.45380690693855286,0.00019399348821025342,3.763636350631714,0
frames/frame_000529.pgm,1784901235.671558,peer,0.0,0.2469422798462867,0.5,0.0,185,160,160,1,0,49262634,0,0,0.0,0.0,0.0,0.0,0.0,0.0,0,0.0,0.0,0.0,0.014306732453405857,0.0972035601735115,0.5212612748146057,-1.0035573244094849,-0.03566090017557144,0.43274402618408203,-0.0005506345769390464,3.763636350631714,0
frames/frame_000530.pgm,1784901235.694709,peer,0.0,0.2448397376177559,0.5,0.0,186,160,160,1,0,49295959,0,0,0.0,0.0,0.0,0.0,0.0,0.0,0,0.0,0.0,0.0,0.014306732453405857,0.0972035601735115,0.5212612748146057,-1.0035573244094849,-0.03566090017557144,0.43274402618408203,-0.0005506345769390464,3.763636350631714,0
frames/frame_000531.pgm,1784901235.734577,peer,0.0,0.23882522206901538,0.5,0.0,187,160,160,1,0,49329284,0,0,0.0,0.0,0.0,0.0,0.0,0.0,0,0.0,0.0,0.0,0.013689957559108734,0.11587841808795929,0.5213283896446228,-1.0817809104919434,-0.0366223119199276,0.41126006841659546,-0.002877703635022044,3.763636350631714,0
frames/frame_000532.pgm,1784901235.760018,peer,0.0,0.23488943532410173,0.5,0.0,188,160,160,1,0,49362609,0,0,0.0,0.0,0.0,0.0,0.0,0.0,0,0.0,0.0,0.0,0.011516130529344082,0.134194016456604,0.5210452079772949,-1.135371446609497,-0.039207573980093,0.3873343765735626,-0.005943082273006439,3.7583577632904053,0
frames/frame_000533.pgm,1784901235.789754,peer,0.0,0.23020195679942237,0.5,0.0,189,160,160,1,0,49395935,0,0,0.0,0.0,0.0,0.0,0.0,0.0,0,0.0,0.0,0.0,0.011516130529344082,0.134194016456604,0.5210452079772949,-1.135371446609497,-0.039207573980093,0.3873343765735626,-0.005943082273006439,3.7583577632904053,0
frames/frame_000534.pgm,1784901235.837206,peer,0.0,0.2206023642423154,0.5,0.0,190,160,160,1,0,49429290,0,0,0.0,0.0,0.0,0.0,0.0,0.0,0,0.0,0.0,0.0,0.009911753237247467,0.14865635335445404,0.5203705430030823,-1.182839274406433,-0.0394543819129467,0.35502755641937256,-0.008581031113862991,3.7583577632904053,0
frames/frame_000535.pgm,1784901235.848276,peer,0.0,0.2206023642423154,0.5,0.0,191,160,160,1,0,49462615,0,0,0.0,0.0,0.0,0.0,0.0,0.0,0,0.0,0.0,0.0,0.009911753237247467,0.14865635335445404,0.5203705430030823,-1.182839274406433,-0.0394543819129467,0.35502755641937256,-0.008581031113862991,3.7583577632904053,0
frames/frame_000536.pgm,1784901235.886101,peer,0.0,0.2084913566734428,0.5,0.0,192,160,160,1,0,49495941,0,0,0.0,0.0,0.0,0.0,0.0,0.0,0,0.0,0.0,0.0,0.010529933497309685,0.16246117651462555,0.5207607746124268,-1.2069226503372192,-0.03419429808855057,0.32007986307144165,-0.0037404713220894337,3.7583577632904053,0
frames/frame_000537.pgm,1784901235.922758,peer,0.0,0.19341462434737677,0.5,0.0,193,160,160,1,0,49529266,0,0,0.0,0.0,0.0,0.0,0.0,0.0,0,0.0,0.0,0.0,0.008349353447556496,0.17173852026462555,0.5202562808990479,-1.2114790678024292,-0.034071795642375946,0.27653026580810547,-0.006105358712375164,3.7583577632904053,0
frames/frame_000538.pgm,1784901235.953030,peer,0.0,0.185737533131119,0.5,0.0,194,160,160,1,0,49562591,0,0,0.0,0.0,0.0,0.0,0.0,0.0,0,0.0,0.0,0.0,0.008804691955447197,0.18094657361507416,0.5217405557632446,-1.1425780057907104,-0.02887244150042534,0.23292312026023865,0.0019751633517444134,3.763636350631714,0
frames/frame_000539.pgm,1784901235.985504,peer,0.0,0.1708809454946041,0.5,0.0,195,160,160,1,0,49595916,0,0,0.0,0.0,0.0,0.0,0.0,0.0,0,0.0,0.0,0.0,0.008804691955447197,0.18094657361507416,0.5217405557632446,-1.1425780057907104,-0.02887244150042534,0.23292312026023865,0.0019751633517444134,3.763636350631714,0
frames/frame_000540.pgm,1784901236.020425,peer,0.0,0.1622278795271988,0.5,0.0,196,160,160,1,0,49629272,0,0,0.0,0.0,0.0,0.0,0.0,0.0,0,0.0,0.0,0.0,0.008498337119817734,0.18931616842746735,0.5203917622566223,-1.0652331113815308,-0.0250460896641016,0.1895395815372467,-0.013536362908780575,3.763636350631714,0
frames/frame_000541.pgm,1784901236.051884,peer,0.0,0.15278578350609057,0.5,0.0,197,160,160,1,0,49662597,0,0,0.0,0.0,0.0,0.0,0.0,0.0,0,0.0,0.0,0.0,0.0061161876656115055,0.19426144659519196,0.5195995569229126,-0.9811182022094727,-0.025434710085392,0.14195318520069122,-0.009074976667761803,3.7530791759490967,0
frames/frame_000542.pgm,1784901236.084931,peer,0.0,0.13304519376549828,0.5,0.0,198,160,160,1,0,49695922,0,0,0.0,0.0,0.0,0.0,0.0,0.0,0,0.0,0.0,0.0,0.0061161876656115055,0.19426144659519196,0.5195995569229126,-0.9811182022094727,-0.025434710085392,0.14195318520069122,-0.009074976667761803,3.7530791759490967,0
frames/frame_000543.pgm,1784901236.118170,peer,0.0,0.11340246895380293,0.5,0.0,199,160,160,1,0,49729248,0,0,0.0,0.0,0.0,0.0,0.0,0.0,0,0.0,0.0,0.0,0.005385202821344137,0.19917353987693787,0.5194137692451477,-0.9169743061065674,-0.02285490557551384,0.0967649519443512,-0.007695591077208519,3.7530791759490967,0
frames/frame_000544.pgm,1784901236.170149,peer,0.0,0.09125892027212083,0.5,0.0,200,160,160,1,0,49762573,0,0,0.0,0.0,0.0,0.0,0.0,0.0,0,0.0,0.0,0.0,0.004792001564055681,0.20290018618106842,0.519339382648468,-0.8885264992713928,-0.0197353046387434,0.05199882760643959,-0.008460203185677528,3.763636350631714,0
frames/frame_000545.pgm,1784901236.185437,peer,0.0,0.09125892027212083,0.5,0.0,201,160,160,1,0,49795898,0,0,0.0,0.0,0.0,0.0,0.0,0.0,0,0.0,0.0,0.0,0.004792001564055681,0.20290018618106842,0.519339382648468,-0.8885264992713928,-0.0197353046387434,0.05199882760643959,-0.008460203185677528,3.763636350631714,0
frames/frame_000546.pgm,1784901236.221150,peer,0.0,0.06685972370035781,0.5,0.0,202,160,160,1,0,49829254,0,0,0.0,0.0,0.0,0.0,0.0,0.0,0,0.0,0.0,0.0,0.0046462565660476685,0.20327754318714142,0.5196745991706848,-0.9054786562919617,-0.015537980943918228,0.003421348286792636,-0.006882861722260714,3.763636350631714,0
frames/frame_000547.pgm,1784901236.251997,peer,0.0,0.054971637798094365,0.5,0.0,203,160,160,1,0,49862579,0,0,0.0,0.0,0.0,0.0,0.0,0.0,0,0.0,0.0,0.0,0.0027010536286979914,0.1993420571088791,0.5203531384468079,-0.9357222318649292,-0.014966561459004879,-0.04979706555604935,-0.005525261629372835,3.7583577632904053,0
frames/frame_000548.pgm,1784901236.284825,peer,0.0,0.03051185035814955,0.5,0.0,204,160,160,1,0,49895904,0,0,0.0,0.0,0.0,0.0,0.0,0.0,0,0.0,0.0,0.0,0.0027010536286979914,0.1993420571088791,0.5203531384468079,-0.9357222318649292,-0.014966561459004879,-0.04979706555604935,-0.005525261629372835,3.7583577632904053,0
frames/frame_000549.pgm,1784901236.318120,peer,0.0,0.0192582769765523,0.5,0.0,205,160,160,1,0,49929229,0,0,0.0,0.0,0.0,0.0,0.0,0.0,0,0.0,0.0,0.0,0.0025914516299962997,0.1930275410413742,0.5202738046646118,-1.0105390548706055,-0.010692071169614792,-0.10311689972877502,-0.009111706167459488,3.7583577632904053,0
frames/frame_000550.pgm,1784901236.353315,peer,0.0,-0.006113467443693479,0.5,0.0,206,160,160,1,0,49962554,0,0,0.0,0.0,0.0,0.0,0.0,0.0,0,0.0,0.0,0.0,0.0031699032988399267,0.18175461888313293,0.5181087851524353,-1.0978717803955078,-0.006010693032294512,-0.1604313850402832,-0.02040521614253521,3.7530791759490967,0
frames/frame_000551.pgm,1784901236.385388,peer,0.0,-0.016884769138007506,0.5,0.0,207,160,160,1,0,49995910,0,0,0.0,0.0,0.0,0.0,0.0,0.0,0,0.0,0.0,0.0,0.0031699032988399267,0.18175461888313293,0.5181087851524353,-1.0978717803955078,-0.006010693032294512,-0.1604313850402832,-0.02040521614253521,3.7530791759490967,0
frames/frame_000552.pgm,1784901236.490582,peer,0.0,-0.07619580719201709,0.5,0.0,208,160,160,1,0,50029235,0,0,0.0,0.0,0.0,0.0,0.0,0.0,0,0.0,0.0,0.0,0.004250319674611092,0.15713956952095032,0.515191912651062,-1.3043079376220703,-7.75469743530266e-05,-0.2595861852169037,-0.016552962362766266,3.7530791759490967,0
frames/frame_000553.pgm,1784901236.491414,peer,0.0,-0.07619580719201709,0.5,0.0,209,160,160,1,0,50062561,0,0,0.0,0.0,0.0,0.0,0.0,0.0,0,0.0,0.0,0.0,0.004250319674611092,0.15713956952095032,0.515191912651062,-1.3043079376220703,-7.75469743530266e-05,-0.2595861852169037,-0.016552962362766266,3.7530791759490967,0
frames/frame_000554.pgm,1784901236.504786,peer,0.0,-0.07619580719201709,0.5,0.0,210,160,160,1,0,50095886,0,0,0.0,0.0,0.0,0.0,0.0,0.0,0,0.0,0.0,0.0,0.004250319674611092,0.15713956952095032,0.515191912651062,-1.3043079376220703,-7.75469743530266e-05,-0.2595861852169037,-0.016552962362766266,3.7530791759490967,0
frames/frame_000555.pgm,1784901236.527126,peer,0.0,-0.08857391909815208,0.5,0.0,211,160,160,1,0,50129211,0,0,0.0,0.0,0.0,0.0,0.0,0.0,0,0.0,0.0,0.0,0.005652646534144878,0.14269237220287323,0.5154968500137329,-1.3682785034179688,0.0026013466995209455,-0.301869660615921,-0.0038748783990740776,3.7530791759490967,0
frames/frame_000556.pgm,1784901236.544774,peer,0.0,-0.10003751846399973,0.5,0.0,212,160,160,1,0,50162536,0,0,0.0,0.0,0.0,0.0,0.0,0.0,0,0.0,0.0,0.0,0.005652646534144878,0.14269237220287323,0.5154968500137329,-1.3682785034179688,0.0026013466995209455,-0.301869660615921,-0.0038748783990740776,3.7530791759490967,0
frames/frame_000557.pgm,1784901236.587208,peer,0.0,-0.1228439799663075,0.5,0.0,213,160,160,1,0,50195892,0,0,0.0,0.0,0.0,0.0,0.0,0.0,0,0.0,0.0,0.0,0.007830552756786346,0.12366869300603867,0.5144047737121582,-1.4354958534240723,0.0053151450119912624,-0.34436681866645813,-0.0027447689790278673,3.7530791759490967,0
frames/frame_000558.pgm,1784901236.618576,peer,0.0,-0.13216269628544627,0.5,0.0,214,160,160,1,0,50229217,0,0,0.0,0.0,0.0,0.0,0.0,0.0,0,0.0,0.0,0.0,0.00562977883964777,0.10446148365736008,0.5141698122024536,-1.4328850507736206,-0.0018575947033241391,-0.37898707389831543,-0.002349627437070012,3.7530791759490967,0
frames/frame_000559.pgm,1784901236.653215,peer,0.0,-0.1506781079180008,0.5,0.0,215,160,160,1,0,50262542,0,0,0.0,0.0,0.0,0.0,0.0,0.0,0,0.0,0.0,0.0,0.0069540212862193584,0.08753395080566406,0.5149495005607605,-1.425322413444519,-0.0018575947033241391,-0.37898707389831543,-0.002349627437070012,3.7530791759490967,0
frames/frame_000560.pgm,1784901236.684481,peer,0.0,-0.1599848538841455,0.5,0.0,216,160,160,1,0,50295867,0,0,0.0,0.0,0.0,0.0,0.0,0.0,0,0.0,0.0,0.0,0.0069540212862193584,0.08753395080566406,0.5149495005607605,-1.425322413444519,-0.0028903705533593893,-0.4042717218399048,0.004757151007652283,3.7583577632904053,0
frames/frame_000561.pgm,1784901236.718449,peer,0.0,-0.1771887094292855,0.5,0.0,217,160,160,1,0,50329193,0,0,0.0,0.0,0.0,0.0,0.0,0.0,0,0.0,0.0,0.0,0.0094833979383111,0.07141684740781784,0.5147926211357117,-1.3553276062011719,-0.003346226178109646,-0.41956645250320435,0.004144256003201008,3.7583577632904053,0
frames/frame_000562.pgm,1784901236.751580,peer,0.0,-0.18593259904736517,0.5,0.0,218,160,160,1,0,50362518,0,0,0.0,0.0,0.0,0.0,0.0,0.0,0,0.0,0.0,0.0,0.00809147022664547,0.04911511018872261,0.51619952917099,-1.200007438659668,-0.003346226178109646,-0.41956645250320435,0.004144256003201008,3.7583577632904053,0
frames/frame_000563.pgm,1784901236.869385,peer,0.0,-0.22066957743253332,0.5,0.0,219,160,160,1,0,50395874,0,0,0.0,0.0,0.0,0.0,0.0,0.0,0,0.0,0.0,0.0,0.00915815494954586,0.005865228828042746,0.5163541436195374,-0.8408092260360718,-0.01569942757487297,-0.4643465578556061,0.0002745621313806623,3.763636350631714,0
frames/frame_000564.pgm,1784901236.876095,peer,0.0,-0.22066957743253332,0.5,0.0,220,160,160,1,0,50429199,0,0,0.0,0.0,0.0,0.0,0.0,0.0,0,0.0,0.0,0.0,0.00915815494954586,0.005865228828042746,0.5163541436195374,-0.8408092260360718,-0.01569942757487297,-0.4643465578556061,0.0002745621313806623,3.763636350631714,0
frames/frame_000565.pgm,1784901236.883726,peer,0.0,-0.2266281128479137,0.5,0.0,221,160,160,1,0,50462524,0,0,0.0,0.0,0.0,0.0,0.0,0.0,0,0.0,0.0,0.0,0.00915815494954586,0.005865228828042746,0.5163541436195374,-0.8408092260360718,-0.01569942757487297,-0.4643465578556061,0.0002745621313806623,3.763636350631714,0
frames/frame_000566.pgm,1784901237.002988,peer,0.0,-0.24355350627980255,0.5,0.0,222,160,160,1,0,50495849,0,0,0.0,0.0,0.0,0.0,0.0,0.0,0,0.0,0.0,0.0,0.009428361430764198,-0.05496790260076523,0.514792263507843,-0.24664828181266785,-0.0176252331584692,-0.45519477128982544,-0.00451664486899972,3.7583577632904053,0
frames/frame_000567.pgm,1784901237.016020,peer,0.0,-0.24615755211020673,0.5,0.0,224,160,160,1,0,50562500,0,0,0.0,0.0,0.0,0.0,0.0,0.0,0,0.0,0.0,0.0,0.009428361430764198,-0.05496790260076523,0.514792263507843,-0.24664828181266785,-0.0176252331584692,-0.45519477128982544,-0.00451664486899972,3.7583577632904053,0
frames/frame_000568.pgm,1784901237.033247,peer,0.0,-0.24783942372440768,0.5,0.0,225,160,160,1,0,50595855,0,0,0.0,0.0,0.0,0.0,0.0,0.0,0,0.0,0.0,0.0,0.009428361430764198,-0.05496790260076523,0.514792263507843,-0.24664828181266785,-0.0176252331584692,-0.45519477128982544,-0.00451664486899972,3.7583577632904053,0
frames/frame_000569.pgm,1784901237.106817,peer,0.0,-0.24998728865618183,0.5,0.0,226,160,160,1,0,50629180,0,0,0.0,0.0,0.0,0.0,0.0,0.0,0,0.0,0.0,0.0,0.011506762355566025,-0.09792052209377289,0.516602635383606,0.2161625176668167,-0.014306016266345978,-0.4336300492286682,0.005939166527241468,3.7583577632904053,0
frames/frame_000570.pgm,1784901237.263987,peer,0.0,-0.234622788997211,0.5,0.0,228,160,160,1,0,50695831,0,0,0.0,0.0,0.0,0.0,0.0,0.0,0,0.0,0.0,0.0,0.009231769479811192,-0.149819016456604,0.517737627029419,0.6471521258354187,-0.017609495669603348,-0.3549489974975586,0.0010108050191774964,3.7530791759490967,0
frames/frame_000571.pgm,1784901237.303726,peer,0.0,-0.22977133060212981,0.5,0.0,229,160,160,1,0,50729156,0,0,0.0,0.0,0.0,0.0,0.0,0.0,0,0.0,0.0,0.0,0.008441769517958164,-0.1663995385169983,0.5164656639099121,0.7339548468589783,-0.018437158316373825,-0.32422009110450745,-0.009247616864740849,3.7530791759490967,0
frames/frame_000572.pgm,1784901237.438716,peer,0.0,-0.18877554790850043,0.5,0.0,230,160,160,1,0,50762481,0,0,0.0,0.0,0.0,0.0,0.0,0.0,0,0.0,0.0,0.0,0.006976335309445858,-0.19079403579235077,0.5184491872787476,0.7479152679443359,-0.01875332184135914,-0.2463241070508957,0.0027067146729677916,3.7583577632904053,0
frames/frame_000573.pgm,1784901237.462985,peer,0.0,-0.1804034141594481,0.5,0.0,235,160,160,1,0,50929138,0,0,0.0,0.0,0.0,0.0,0.0,0.0,0,0.0,0.0,0.0,0.005589341279119253,-0.20192618668079376,0.5187854766845703,0.6936550140380859,-0.01875332184135914,-0.2463241070508957,0.0027067146729677916,3.7583577632904053,0
frames/frame_000574.pgm,1784901237.485528,peer,0.0,-0.17123526583115467,0.5,0.0,236,160,160,1,0,50962463,0,0,0.0,0.0,0.0,0.0,0.0,0.0,0,0.0,0.0,0.0,0.005589341279119253,-0.20192618668079376,0.5187854766845703,0.6936550140380859,-0.020047683268785477,-0.20623385906219482,0.005148883908987045,3.763636350631714,0
frames/frame_000575.pgm,1784901237.531474,peer,0.0,-0.15200746699477455,0.5,0.0,241,160,160,1,0,51129119,0,0,0.0,0.0,0.0,0.0,0.0,0.0,0,0.0,0.0,0.0,0.005859906319528818,-0.20983709394931793,0.5177982449531555,0.6200025677680969,-0.017366761341691017,-0.16211719810962677,-0.004563325084745884,3.763636350631714,0
frames/frame_000576.pgm,1784901237.566412,peer,0.0,-0.1427239883783455,0.5,0.0,242,160,160,1,0,51162445,0,0,0.0,0.0,0.0,0.0,0.0,0.0,0,0.0,0.0,0.0,0.004841560497879982,-0.21779105067253113,0.5172110199928284,0.5210760831832886,-0.016947666183114052,-0.11991038918495178,-0.009682214818894863,3.7583577632904053,0
frames/frame_000577.pgm,1784901237.591249,peer,0.0,-0.13222944797304598,0.5,0.0,243,160,160,1,0,51195800,0,0,0.0,0.0,0.0,0.0,0.0,0.0,0,0.0,0.0,0.0,0.004841560497879982,-0.21779105067253113,0.5172110199928284,0.5210760831832886,-0.016947666183114052,-0.11991038918495178,-0.009682214818894863,3.7583577632904053,0
frames/frame_000578.pgm,1784901237.626438,peer,0.0,-0.109726189987231,0.5,0.0,244,160,160,1,0,51229125,0,0,0.0,0.0,0.0,0.0,0.0,0.0,0,0.0,0.0,0.0,0.004707719665020704,-0.22303004562854767,0.5158794522285461,0.4231986701488495,-0.014840377494692802,-0.07389077544212341,-0.014028600417077541,3.7583577632904053,0
frames/frame_000579.pgm,1784901237.654653,peer,0.0,-0.09777547741031513,0.5,0.0,245,160,160,1,0,51262451,0,0,0.0,0.0,0.0,0.0,0.0,0.0,0,0.0,0.0,0.0,0.004535260610282421,-0.2270205169916153,0.5144937038421631,0.2945158779621124,-0.01295942347496748,-0.026707177981734276,-0.015945278108119965,3.747800588607788,0
frames/frame_000580.pgm,1784901237.684867,peer,0.0,-0.08705177781029659,0.5,0.0,246,160,160,1,0,51295776,0,0,0.0,0.0,0.0,0.0,0.0,0.0,0,0.0,0.0,0.0,0.004535260610282421,-0.2270205169916153,0.5144937038421631,0.2945158779621124,-0.01295942347496748,-0.026707177981734276,-0.015945278108119965,3.747800588607788,0
frames/frame_000581.pgm,1784901237.720412,peer,0.0,-0.06282500031148334,0.5,0.0,247,160,160,1,0,51329101,0,0,0.0,0.0,0.0,0.0,0.0,0.0,0,0.0,0.0,0.0,0.003205090295523405,-0.2277546226978302,0.51410311460495,0.15656538307666779,-0.013139057904481888,0.023779988288879395,-0.013318413868546486,3.747800588607788,0
frames/frame_000582.pgm,1784901237.751869,peer,0.0,-0.05146515181759436,0.5,0.0,248,160,160,1,0,51362426,0,0,0.0,0.0,0.0,0.0,0.0,0.0,0,0.0,0.0,0.0,0.0013151263119652867,-0.22390416264533997,0.5157707333564758,0.024436673149466515,-0.013139057904481888,0.023779988288879395,-0.013318413868546486,3.7530791759490967,0
frames/frame_000583.pgm,1784901237.784954,peer,0.0,-0.038500906935109706,0.5,0.0,249,160,160,1,0,51395782,0,0,0.0,0.0,0.0,0.0,0.0,0.0,0,0.0,0.0,0.0,0.0013151263119652867,-0.22390416264533997,0.5157707333564758,0.024436673149466515,-0.014155370183289051,0.08047066628932953,-0.0008693486452102661,3.7530791759490967,0
frames/frame_000584.pgm,1784901237.818238,peer,0.0,-0.015077735155217865,0.5,0.0,250,160,160,1,0,51429107,0,0,0.0,0.0,0.0,0.0,0.0,0.0,0,0.0,0.0,0.0,0.003644585609436035,-0.21799182891845703,0.5166387557983398,-0.05963960289955139,-0.007150141056627035,0.1369599550962448,0.0023642147425562143,3.7530791759490967,0
frames/frame_000585.pgm,1784901237.851689,peer,0.0,-0.003031560092795163,0.5,0.0,251,160,160,1,0,51462432,0,0,0.0,0.0,0.0,0.0,0.0,0.0,0,0.0,0.0,0.0,0.0022141397930681705,-0.20715440809726715,0.5154507756233215,-0.13747452199459076,-0.007150141056627035,0.1369599550962448,0.0023642147425562143,3.7583577632904053,0
frames/frame_000586.pgm,1784901237.884829,peer,0.0,0.02259123749957247,0.5,0.0,252,160,160,1,0,51495758,0,0,0.0,0.0,0.0,0.0,0.0,0.0,0,0.0,0.0,0.0,0.0022141397930681705,-0.20715440809726715,0.5154507756233215,-0.13747452199459076,-0.006899319123476744,0.19585303962230682,-0.013320695608854294,3.7583577632904053,0
frames/frame_000587.pgm,1784901237.918628,peer,0.0,0.034374983709751304,0.5,0.0,253,160,160,1,0,51529083,0,0,0.0,0.0,0.0,0.0,0.0,0.0,0,0.0,0.0,0.0,0.004054510034620762,-0.19350045919418335,0.5150500535964966,-0.19099481403827667,-0.0012432170333340764,0.2539762556552887,-0.016774505376815796,3.7583577632904053,0
frames/frame_000588.pgm,1784901237.957114,peer,0.0,0.060081220478329596,0.5,0.0,254,160,160,1,0,51562408,0,0,0.0,0.0,0.0,0.0,0.0,0.0,0,0.0,0.0,0.0,0.003391822101548314,-0.18019646406173706,0.5138629078865051,-0.23153382539749146,-0.00032264343462884426,0.3028014004230499,-0.02236216701567173,3.747800588607788,0
frames/frame_000589.pgm,1784901237.988904,peer,0.0,0.07097968138272356,0.5,0.0,255,160,160,1,0,51595764,0,0,0.0,0.0,0.0,0.0,0.0,0.0,0,0.0,0.0,0.0,0.003391822101548314,-0.18019646406173706,0.5138629078865051,-0.23153382539749146,-0.00032264343462884426,0.3028014004230499,-0.02236216701567173,3.747800588607788,0
frames/frame_000590.pgm,1784901238.018088,peer,0.0,0.08134138422874708,0.5,0.0,0,160,160,1,0,51629089,0,0,0.0,0.0,0.0,0.0,0.0,0.0,0,0.0,0.0,0.0,0.0027216821908950806,-0.16462934017181396,0.5125526189804077,-0.23214787244796753,1.0476323950570077e-05,0.3471471071243286,-0.023800605908036232,3.747800588607788,0
frames/frame_000591.pgm,1784901238.051184,peer,0.0,0.1032587344478259,0.5,0.0,1,160,160,1,0,51662414,0,0,0.0,0.0,0.0,0.0,0.0,0.0,0,0.0,0.0,0.0,0.0027216821908950806,-0.16462934017181396,0.5125526189804077,-0.23214787244796753,1.0476323950570077e-05,0.3471471071243286,-0.023800605908036232,3.747800588607788,0
frames/frame_000592.pgm,1784901238.084875,peer,0.0,0.11356253359358134,0.5,0.0,2,160,160,1,0,51695739,0,0,0.0,0.0,0.0,0.0,0.0,0.0,0,0.0,0.0,0.0,0.0023915136698633432,-0.14959502220153809,0.5107686519622803,-0.21734341979026794,0.0005845236591994762,0.38252556324005127,-0.026280662044882774,3.7425220012664795,0
frames/frame_000593.pgm,1784901238.131503,peer,0.0,0.13427390495850167,0.5,0.0,3,160,160,1,0,51729064,0,0,0.0,0.0,0.0,0.0,0.0,0.0,0,0.0,0.0,0.0,0.0009651418076828122,-0.13240382075309753,0.5065587759017944,-0.20465287566184998,0.0005845236591994762,0.38252556324005127,-0.026280662044882774,3.7425220012664795,0
frames/frame_000594.pgm,1784901238.151545,peer,0.0,0.1468437649012655,0.5,0.0,4,160,160,1,0,51762390,0,0,0.0,0.0,0.0,0.0,0.0,0.0,0,0.0,0.0,0.0,0.0009651418076828122,-0.13240382075309753,0.5065587759017944,-0.20465287566184998,-0.0010966536356136203,0.41483959555625916,-0.036447674036026,3.7425220012664795,0
frames/frame_000595.pgm,1784901238.185194,peer,0.0,0.15726986295592657,0.5,0.0,5,160,160,1,0,51795745,0,0,0.0,0.0,0.0,0.0,0.0,0.0,0,0.0,0.0,0.0,0.0015946195926517248,-0.11425604671239853,0.5045143961906433,-0.17704346776008606,0.0005574724054895341,0.441347599029541,-0.02877099998295307,3.7319648265838623,0
frames/frame_000596.pgm,1784901238.221187,peer,0.0,0.17484772635477683,0.5,0.0,6,160,160,1,0,51829071,0,0,0.0,0.0,0.0,0.0,0.0,0.0,0,0.0,0.0,0.0,0.0026822874788194895,-0.09268229454755783,0.5031306743621826,-0.1675529181957245,0.002079454716295004,0.4661015570163727,-0.018129590898752213,3.7319648265838623,0
frames/frame_000597.pgm,1784901238.257315,peer,0.0,0.1909037029493117,0.5,0.0,7,160,160,1,0,51862396,0,0,0.0,0.0,0.0,0.0,0.0,0.0,0,0.0,0.0,0.0,0.0026822874788194895,-0.09268229454755783,0.5031306743621826,-0.1675529181957245,0.002079454716295004,0.4661015570163727,-0.018129590898752213,3.7319648265838623,0
frames/frame_000598.pgm,1784901238.284779,peer,0.0,0.19800096294689848,0.5,0.0,8,160,160,1,0,51895721,0,0,0.0,0.0,0.0,0.0,0.0,0.0,0,0.0,0.0,0.0,0.0027439456898719072,-0.0717300996184349,0.5039142370223999,-0.1837201863527298,0.0010325009934604168,0.48350104689598083,0.0006726708961650729,3.7425220012664795,0
frames/frame_000599.pgm,1784901238.389972,peer,0.0,0.22442737255220052,0.5,0.0,9,160,160,1,0,51929046,0,0,0.0,0.0,0.0,0.0,0.0,0.0,0,0.0,0.0,0.0,0.0023318191524595022,-0.03428611159324646,0.5033571124076843,-0.1933385729789734,-0.0018597232410684228,0.4958362579345703,0.0006323863635770977,3.747800588607788,0
frames/frame_000600.pgm,1784901238.417618,peer,0.0,0.22990296090413373,0.5,0.0,10,160,160,1,0,51962371,0,0,0.0,0.0,0.0,0.0,0.0,0.0,0,0.0,0.0,0.0,0.0037665327545255423,-0.011961784213781357,0.5047582983970642,-0.20672865211963654,-0.0009910429362207651,0.5016331076622009,0.011413459666073322,3.747800588607788,0
frames/frame_000601.pgm,1784901238.429117,peer,0.0,0.23447688595881996,0.5,0.0,11,160,160,1,0,51995727,0,0,0.0,0.0,0.0,0.0,0.0,0.0,0,0.0,0.0,0.0,0.0037665327545255423,-0.011961784213781357,0.5047582983970642,-0.20672865211963654,-0.0009910429362207651,0.5016331076622009,0.011413459666073322,3.747800588607788,0
frames/frame_000602.pgm,1784901238.467778,peer,0.0,0.24150215481614193,0.5,0.0,12,160,160,1,0,52029052,0,0,0.0,0.0,0.0,0.0,0.0,0.0,0,0.0,0.0,0.0,0.0031941880006343126,0.009697174653410912,0.5062722563743591,-0.2478240430355072,-0.004570615943521261,0.5032201409339905,0.017620084807276726,3.747800588607788,0
frames/frame_000603.pgm,1784901238.479534,peer,0.0,0.24150215481614193,0.5,0.0,13,160,160,1,0,52062377,0,0,0.0,0.0,0.0,0.0,0.0,0.0,0,0.0,0.0,0.0,0.0031941880006343126,0.009697174653410912,0.5062722563743591,-0.2478240430355072,-0.004570615943521261,0.5032201409339905,0.017620084807276726,3.747800588607788,0
frames/frame_000604.pgm,1784901238.496687,peer,0.0,0.2445112895219616,0.5,0.0,14,160,160,1,0,52095703,0,0,0.0,0.0,0.0,0.0,0.0,0.0,0,0.0,0.0,0.0,0.0031941880006343126,0.009697174653410912,0.5062722563743591,-0.2478240430355072,-0.004570615943521261,0.5032201409339905,0.017620084807276726,3.747800588607788,0
frames/frame_000605.pgm,1784901238.516769,peer,0.0,0.24664913013336626,0.5,0.0,15,160,160,1,0,52129028,0,0,0.0,0.0,0.0,0.0,0.0,0.0,0,0.0,0.0,0.0,0.0034865038469433784,0.03227950260043144,0.5071779489517212,-0.29956480860710144,-0.006580638233572245,0.5025323033332825,0.017869796603918076,3.747800588607788,0
frames/frame_000606.pgm,1784901238.558219,peer,0.0,0.249394300940837,0.5,0.0,16,160,160,1,0,52162353,0,0,0.0,0.0,0.0,0.0,0.0,0.0,0,0.0,0.0,0.0,0.00334144220687449,0.05476187542080879,0.509308397769928,-0.3467244803905487,-0.008753455244004726,0.497151255607605,0.021224550902843475,3.7530791759490967,0
frames/frame_000607.pgm,1784901238.587411,peer,0.0,0.24996278065545588,0.5,0.0,17,160,160,1,0,52195709,0,0,0.0,0.0,0.0,0.0,0.0,0.0,0,0.0,0.0,0.0,0.00334144220687449,0.05476187542080879,0.509308397769928,-0.3467244803905487,-0.008753455244004726,0.497151255607605,0.021224550902843475,3.7530791759490967,0
frames/frame_000608.pgm,1784901238.619274,peer,0.0,0.2498505171059988,0.5,0.0,18,160,160,1,0,52229034,0,0,0.0,0.0,0.0,0.0,0.0,0.0,0,0.0,0.0,0.0,0.005105886142700911,0.07066970318555832,0.509492039680481,-0.3880819082260132,-0.006663375534117222,0.4757445454597473,0.013206870295107365,3.7530791759490967,0
frames/frame_000609.pgm,1784901238.653539,peer,0.0,0.24919552688789284,0.5,0.0,19,160,160,1,0,52262359,0,0,0.0,0.0,0.0,0.0,0.0,0.0,0,0.0,0.0,0.0,0.005631865002214909,0.09139412641525269,0.5113966464996338,-0.47350379824638367,-0.00620586983859539,0.4589327871799469,0.012053447775542736,3.7530791759490967,0
frames/frame_000610.pgm,1784901238.685569,peer,0.0,0.24589406979548284,0.5,0.0,20,160,160,1,0,52295684,0,0,0.0,0.0,0.0,0.0,0.0,0.0,0,0.0,0.0,0.0,0.005631865002214909,0.09139412641525269,0.5113966464996338,-0.47350379824638367,-0.00620586983859539,0.4589327871799469,0.012053447775542736,3.7530791759490967,0
frames/frame_000611.pgm,1784901238.724270,peer,0.0,0.2431697609977071,0.5,0.0,21,160,160,1,0,52329010,0,0,0.0,0.0,0.0,0.0,0.0,0.0,0,0.0,0.0,0.0,0.006756789516657591,0.11205004900693893,0.5115000605583191,-0.5900108814239502,-0.003482848173007369,0.4405221939086914,0.0018187531968578696,3.7530791759490967,0
frames/frame_000612.pgm,1784901238.751993,peer,0.0,0.23983506767179005,0.5,0.0,22,160,160,1,0,52362335,0,0,0.0,0.0,0.0,0.0,0.0,0.0,0,0.0,0.0,0.0,0.006756789516657591,0.11205004900693893,0.5115000605583191,-0.5900108814239502,-0.003482848173007369,0.4405221939086914,0.0018187531968578696,3.7530791759490967,0
frames/frame_000613.pgm,1784901238.785601,peer,0.0,0.23190293644140436,0.5,0.0,23,160,160,1,0,52395690,0,0,0.0,0.0,0.0,0.0,0.0,0.0,0,0.0,0.0,0.0,0.005561698693782091,0.1296621561050415,0.5122272372245789,-0.7496849894523621,-0.00472509628161788,0.4126405715942383,0.0020202675368636847,3.747800588607788,0
frames/frame_000614.pgm,1784901238.818415,peer,0.0,0.22688630807080792,0.5,0.0,24,160,160,1,0,52429016,0,0,0.0,0.0,0.0,0.0,0.0,0.0,0,0.0,0.0,0.0,0.004377265926450491,0.14609278738498688,0.5121905207633972,-0.9391559958457947,-0.006253909319639206,0.3802551031112671,-0.00209045666269958,3.747800588607788,0
frames/frame_000615.pgm,1784901238.851797,approach,0.0,0.0,0.5,0.0,25,160,160,1,0,52462341,0,0,0.0,0.0,0.0,0.0,0.0,0.0,0,0.0,0.0,0.0,0.004377265926450491,0.14609278738498688,0.5121905207633972,-0.9391559958457947,-0.006253909319639206,0.3802551031112671,-0.00209045666269958,3.747800588607788,0
frames/frame_000616.pgm,1784901238.885489,approach,0.0016750653584798178,0.0,0.5,0.0,26,160,160,1,0,52495666,0,0,0.0,0.0,0.0,0.0,0.0,0.0,0,0.0,0.0,0.0,0.004085541237145662,0.1590079814195633,0.5111716985702515,-1.0862475633621216,-0.006291107274591923,0.33988139033317566,-0.00920428242534399,3.747800588607788,0
frames/frame_000617.pgm,1784901238.920798,approach,0.004809061686197917,0.0,0.5,0.0,27,160,160,1,0,52528991,0,0,0.0,0.0,0.0,0.0,0.0,0.0,0,0.0,0.0,0.0,0.002671793568879366,0.1692964732646942,0.5094988346099854,-1.2898772954940796,-0.00801247451454401,0.29262322187423706,-0.012735290452837944,3.747800588607788,0
frames/frame_000618.pgm,1784901238.958344,approach,0.007671340306599935,0.0,0.5,0.0,28,160,160,1,0,52562316,0,0,0.0,0.0,0.0,0.0,0.0,0.0,0,0.0,0.0,0.0,0.0014549543848261237,0.1793687641620636,0.5098070502281189,-1.4635624885559082,-0.010334703139960766,0.23065407574176788,-0.004219460766762495,3.7425220012664795,0
frames/frame_000619.pgm,1784901238.985638,approach,0.009078009923299154,0.0,0.5,0.0,29,160,160,1,0,52595672,0,0,0.0,0.0,0.0,0.0,0.0,0.0,0,0.0,0.0,0.0,0.0014549543848261237,0.1793687641620636,0.5098070502281189,-1.4635624885559082,-0.010334703139960766,0.23065407574176788,-0.004219460766762495,3.7425220012664795,0
frames/frame_000620.pgm,1784901239.018871,approach,0.010547733306884766,0.0,0.5,0.0,30,160,160,1,0,52628997,0,0,0.0,0.0,0.0,0.0,0.0,0.0,0,0.0,0.0,0.0,6.661422230536118e-05,0.1844024360179901,0.5131338834762573,-1.5676053762435913,-0.011923087760806084,0.13998977839946747,0.008526171557605267,3.7425220012664795,0
frames/frame_000621.pgm,1784901239.051923,approach,0.013340202967325847,0.0,0.5,0.0,31,160,160,1,0,52662322,0,0,0.0,0.0,0.0,0.0,0.0,0.0,0,0.0,0.0,0.0,-2.0096143998671323e-05,0.18534302711486816,0.5139960050582886,-1.6936707496643066,-0.011923087760806084,0.13998977839946747,0.008526171557605267,3.7425220012664795,0
frames/frame_000622.pgm,1784901239.085205,approach,0.016162935892740884,0.0,0.5,0.0,32,160,160,1,0,52695648,0,0,0.0,0.0,0.0,0.0,0.0,0.0,0,0.0,0.0,0.0,-2.0096143998671323e-05,0.18534302711486816,0.5139960050582886,-1.6936707496643066,-0.009356223046779633,0.03870248794555664,-0.003651970298960805,3.7530791759490967,0
frames/frame_000623.pgm,1784901239.118315,approach,0.017531919479370116,0.0,0.5,0.0,33,160,160,1,0,52728973,0,0,0.0,0.0,0.0,0.0,0.0,0.0,0,0.0,0.0,0.0,-0.0001435609010513872,0.1828797161579132,0.5140984058380127,-1.8393585681915283,-0.00534987123683095,-0.06291686743497849,-0.016360627487301826,3.7530791759490967,0
frames/frame_000624.pgm,1784901239.151973,approach,0.02048872311909994,0.0,0.5,0.0,34,160,160,1,0,52762298,0,0,0.0,0.0,0.0,0.0,0.0,0.0,0,0.0,0.0,0.0,-0.0001435609010513872,0.1828797161579132,0.5140984058380127,-1.8393585681915283,-0.00534987123683095,-0.06291686743497849,-0.016360627487301826,3.7530791759490967,0
frames/frame_000625.pgm,1784901239.185316,approach,0.02196499506632487,0.0,0.5,0.0,35,160,160,1,0,52795654,0,0,0.0,0.0,0.0,0.0,0.0,0.0,0,0.0,0.0,0.0,-6.274657062022015e-05,0.17720149457454681,0.5125640630722046,-1.932961344718933,-0.00025972657022066414,-0.15742141008377075,-0.028617985546588898,3.7425220012664795,0
frames/frame_000626.pgm,1784901239.219558,approach,0.024672253926595056,0.0,0.5,0.0,36,160,160,1,0,52828979,0,0,0.0,0.0,0.0,0.0,0.0,0.0,0,0.0,0.0,0.0,-0.0008250532555393875,0.16328321397304535,0.5104355812072754,-2.037689208984375,0.004061086103320122,-0.24919211864471436,-0.031131314113736153,3.7425220012664795,0
frames/frame_000627.pgm,1784901239.255018,approach,0.026243193944295248,0.0,0.5,0.0,37,160,160,1,0,52862304,0,0,0.0,0.0,0.0,0.0,0.0,0.0,0,0.0,0.0,0.0,-0.002078293589875102,0.1466781497001648,0.5062532424926758,-2.112337827682495,0.007442825939506292,-0.32263368368148804,-0.03839346393942833,3.7319648265838623,0
frames/frame_000628.pgm,1784901239.285001,approach,0.029226144154866535,0.0,0.5,0.0,38,160,160,1,0,52895629,0,0,0.0,0.0,0.0,0.0,0.0,0.0,0,0.0,0.0,0.0,-0.002078293589875102,0.1466781497001648,0.5062532424926758,-2.112337827682495,0.007442825939506292,-0.32263368368148804,-0.03839346393942833,3.7319648265838623,0
frames/frame_000629.pgm,1784901239.318360,approach,0.030703671773274738,0.0,0.5,0.0,39,160,160,1,0,52928955,0,0,0.0,0.0,0.0,0.0,0.0,0.0,0,0.0,0.0,0.0,-0.0025840308517217636,0.12545982003211975,0.5035601258277893,-2.1396255493164062,0.012114214710891247,-0.3793103098869324,-0.028462372720241547,3.7319648265838623,0
frames/frame_000630.pgm,1784901239.351109,approach,0.033810869852701826,0.0,0.5,0.0,40,160,160,1,0,52962280,0,0,0.0,0.0,0.0,0.0,0.0,0.0,0,0.0,0.0,0.0,-0.00096311786910519,0.10392331331968307,0.5017043352127075,-2.130779504776001,0.012114214710891247,-0.3793103098869324,-0.028462372720241547,3.7319648265838623,0
frames/frame_000631.pgm,1784901239.388802,approach,0.03548479080200195,0.0,0.5,0.0,41,160,160,1,0,52995635,0,0,0.0,0.0,0.0,0.0,0.0,0.0,0,0.0,0.0,0.0,-0.00096311786910519,0.10392331331968307,0.5017043352127075,-2.130779504776001,0.020364871248602867,-0.4109925329685211,-0.011872532777488232,3.7319648265838623,0
frames/frame_000632.pgm,1784901239.420736,approach,0.03710494041442871,0.0,0.5,0.0,42,160,160,1,0,53028961,0,0,0.0,0.0,0.0,0.0,0.0,0.0,0,0.0,0.0,0.0,-0.0006361644482240081,0.08131309598684311,0.5008612871170044,-2.049266815185547,0.026117445901036263,-0.4218842685222626,0.0035509685985744,3.7319648265838623,0
frames/frame_000633.pgm,1784901239.451997,approach,0.04040880203247071,0.0,0.5,0.0,43,160,160,1,0,53062286,0,0,0.0,0.0,0.0,0.0,0.0,0.0,0,0.0,0.0,0.0,-7.815875869709998e-05,0.0661204382777214,0.5009691119194031,-1.9523202180862427,0.026117445901036263,-0.4218842685222626,0.0035509685985744,3.7425220012664795,0
frames/frame_000634.pgm,1784901239.484731,approach,0.04178067843119304,0.0,0.5,0.0,44,160,160,1,0,53095611,0,0,0.0,0.0,0.0,0.0,0.0,0.0,0,0.0,0.0,0.0,-7.815875869709998e-05,0.0661204382777214,0.5009691119194031,-1.9523202180862427,0.031729601323604584,-0.39929428696632385,0.019280899316072464,3.7425220012664795,0
frames/frame_000635.pgm,1784901239.518312,approach,0.04464794794718425,0.0,0.5,0.0,45,160,160,1,0,53128936,0,0,0.0,0.0,0.0,0.0,0.0,0.0,0,0.0,0.0,0.0,0.0003539862809702754,0.04545508697628975,0.5030726790428162,-1.8181766271591187,0.03633574768900871,-0.37287434935569763,0.03424238786101341,3.7425220012664795,0
frames/frame_000636.pgm,1784901239.551341,approach,0.04602640469868978,0.0,0.5,0.0,46,160,160,1,0,53162292,0,0,0.0,0.0,0.0,0.0,0.0,0.0,0,0.0,0.0,0.0,0.0032133650965988636,0.02781151793897152,0.5071276426315308,-1.7077147960662842,0.03633574768900871,-0.37287434935569763,0.03424238786101341,3.7425220012664795,0
frames/frame_000637.pgm,1784901239.584966,approach,0.04916499455769857,0.0,0.5,0.0,47,160,160,1,0,53195617,0,0,0.0,0.0,0.0,0.0,0.0,0.0,0,0.0,0.0,0.0,0.0032133650965988636,0.02781151793897152,0.5071276426315308,-1.7077147960662842,0.044736240059137344,-0.3326672911643982,0.045780885964632034,3.7530791759490967,0
frames/frame_000638.pgm,1784901239.624294,approach,0.0518726666768392,0.0,0.5,0.0,48,160,160,1,0,53228942,0,0,0.0,0.0,0.0,0.0,0.0,0.0,0,0.0,0.0,0.0,0.004356653429567814,0.012277433648705482,0.5094040036201477,-1.580627679824829,0.048728492110967636,-0.2859686017036438,0.03369331732392311,3.7530791759490967,0
frames/frame_000639.pgm,1784901239.652835,approach,0.05328833262125651,0.0,0.5,0.0,49,160,160,1,0,53262268,0,0,0.0,0.0,0.0,0.0,0.0,0.0,0,0.0,0.0,0.0,0.005127604119479656,0.001971338177099824,0.5131646394729614,-1.4080085754394531,0.05217865854501724,-0.22992920875549316,0.024633100256323814,3.7530791759490967,0
frames/frame_000640.pgm,1784901239.685763,approach,0.0549498716990153,0.0,0.5,0.0,50,160,160,1,0,53295593,0,0,0.0,0.0,0.0,0.0,0.0,0.0,0,0.0,0.0,0.0,0.005127604119479656,0.001971338177099824,0.5131646394729614,-1.4080085754394531,0.05217865854501724,-0.22992920875549316,0.024633100256323814,3.7530791759490967,0
frames/frame_000641.pgm,1784901239.718355,approach,0.05803027153015137,0.0,0.5,0.0,51,160,160,1,0,53328918,0,0,0.0,0.0,0.0,0.0,0.0,0.0,0,0.0,0.0,0.0,0.010411547496914864,-0.006083276122808456,0.5150386691093445,-1.204795241355896,0.06425689905881882,-0.17560192942619324,0.010535051114857197,3.7530791759490967,0
frames/frame_000642.pgm,1784901239.751544,approach,0.059693400065104166,0.0,0.5,0.0,52,160,160,1,0,53362274,0,0,0.0,0.0,0.0,0.0,0.0,0.0,0,0.0,0.0,0.0,0.010411547496914864,-0.006083276122808456,0.5150386691093445,-1.204795241355896,0.06425689905881882,-0.17560192942619324,0.010535051114857197,3.7530791759490967,0
frames/frame_000643.pgm,1784901239.784760,approach,0.06251800855000815,0.0,0.5,0.0,53,160,160,1,0,53395599,0,0,0.0,0.0,0.0,0.0,0.0,0.0,0,0.0,0.0,0.0,0.015066627413034439,-0.013057856820523739,0.5145583748817444,-0.9119603037834167,0.0748506635427475,-0.12671400606632233,-0.009165101684629917,3.747800588607788,0
frames/frame_000644.pgm,1784901239.818240,approach,0.06419288317362468,0.0,0.5,0.0,54,160,160,1,0,53428924,0,0,0.0,0.0,0.0,0.0,0.0,0.0,0,0.0,0.0,0.0,0.01792692020535469,-0.013961420394480228,0.512472927570343,-0.5736878514289856,0.08060797303915024,-0.07462097704410553,-0.025198135524988174,3.747800588607788,0
frames/frame_000645.pgm,1784901239.882760,approach,0.06880672772725424,0.0,0.5,0.0,55,160,160,1,0,53462249,0,0,0.0,0.0,0.0,0.0,0.0,0.0,0,0.0,0.0,0.0,0.02484683319926262,-0.013681832700967789,0.508860170841217,-0.2177307903766632,0.09217531979084015,-0.029354725033044815,-0.03753500059247017,3.737243413925171,0
frames/frame_000646.pgm,1784901239.887900,approach,0.06880672772725424,0.0,0.5,0.0,56,160,160,1,0,53495574,0,0,0.0,0.0,0.0,0.0,0.0,0.0,0,0.0,0.0,0.0,0.02484683319926262,-0.013681832700967789,0.508860170841217,-0.2177307903766632,0.09217531979084015,-0.029354725033044815,-0.03753500059247017,3.737243413925171,0
frames/frame_000647.pgm,1784901239.918124,approach,0.07045981089274088,0.0,0.5,0.0,57,160,160,1,0,53528900,0,0,0.0,0.0,0.0,0.0,0.0,0.0,0,0.0,0.0,0.0,0.03082873858511448,-0.012402454391121864,0.5063732266426086,0.14104525744915009,0.09994662553071976,0.007122524082660675,-0.03234732896089554,3.737243413925171,0
frames/frame_000648.pgm,1784901239.954360,approach,0.07347319920857748,0.0,0.5,0.0,58,160,160,1,0,53562255,0,0,0.0,0.0,0.0,0.0,0.0,0.0,0,0.0,0.0,0.0,0.03082873858511448,-0.012402454391121864,0.5063732266426086,0.14104525744915009,0.09994662553071976,0.007122524082660675,-0.03234732896089554,3.737243413925171,0
frames/frame_000649.pgm,1784901239.984739,approach,0.07513152758280436,0.0,0.5,0.0,59,160,160,1,0,53595581,0,0,0.0,0.0,0.0,0.0,0.0,0.0,0,0.0,0.0,0.0,0.034261304885149,-0.005990439094603062,0.5056971311569214,0.49272865056991577,0.10051725804805756,0.04311766102910042,-0.013227063231170177,3.737243413925171,0
frames/frame_000650.pgm,1784901240.022892,approach,0.07809120814005534,0.0,0.5,0.0,60,160,160,1,0,53628906,0,0,0.0,0.0,0.0,0.0,0.0,0.0,0,0.0,0.0,0.0,0.03743820637464523,-0.002772078849375248,0.5046789050102234,0.7822219133377075,0.09781040251255035,0.06239423528313637,-0.0035399242769926786,3.737243413925171,0
frames/frame_000651.pgm,1784901240.051391,approach,0.07965087890625,0.0,0.5,0.0,61,160,160,1,0,53662231,0,0,0.0,0.0,0.0,0.0,0.0,0.0,0,0.0,0.0,0.0,0.04174307361245155,0.0009052170207723975,0.5030271410942078,1.0206191539764404,0.09781040251255035,0.06239423528313637,-0.0035399242769926786,3.737243413925171,0
frames/frame_000652.pgm,1784901240.084775,approach,0.0826944669087728,0.0,0.5,0.0,62,160,160,1,0,53695556,0,0,0.0,0.0,0.0,0.0,0.0,0.0,0,0.0,0.0,0.0,0.04174307361245155,0.0009052170207723975,0.5030271410942078,1.0206191539764404,0.0960998386144638,0.07291717082262039,-0.0023359733168035746,3.737243413925171,0
frames/frame_000653.pgm,1784901240.118152,approach,0.08430333137512208,0.0,0.5,0.0,63,160,160,1,0,53728881,0,0,0.0,0.0,0.0,0.0,0.0,0.0,0,0.0,0.0,0.0,0.04635882377624512,0.005524723790585995,0.5029605031013489,1.2188310623168945,0.093513123691082,0.0771675631403923,0.004235319327563047,3.737243413925171,0
frames/frame_000654.pgm,1784901240.151221,approach,0.0871338685353597,0.0,0.5,0.0,64,160,160,1,0,53762237,0,0,0.0,0.0,0.0,0.0,0.0,0.0,0,0.0,0.0,0.0,0.05044781416654587,0.010853677056729794,0.5036101341247559,1.3506193161010742,0.093513123691082,0.0771675631403923,0.004235319327563047,3.7425220012664795,0
frames/frame_000655.pgm,1784901240.188734,approach,0.08868680000305176,0.0,0.5,0.0,65,160,160,1,0,53795562,0,0,0.0,0.0,0.0,0.0,0.0,0.0,0,0.0,0.0,0.0,0.05044781416654587,0.010853677056729794,0.5036101341247559,1.3506193161010742,0.08925944566726685,0.0770380049943924,0.010194188915193081,3.7425220012664795,0
frames/frame_000656.pgm,1784901240.218048,approach,0.09155580202738445,0.0,0.5,0.0,66,160,160,1,0,53828887,0,0,0.0,0.0,0.0,0.0,0.0,0.0,0,0.0,0.0,0.0,0.05494453012943268,0.01645868457853794,0.5058341026306152,1.4350669384002686,0.08619260787963867,0.07274670898914337,0.020804891362786293,3.7425220012664795,0
frames/frame_000657.pgm,1784901240.257445,approach,0.09297739664713542,0.0,0.5,0.0,67,160,160,1,0,53862213,0,0,0.0,0.0,0.0,0.0,0.0,0.0,0,0.0,0.0,0.0,0.05494453012943268,0.01645868457853794,0.5058341026306152,1.4350669384002686,0.08619260787963867,0.07274670898914337,0.020804891362786293,3.7425220012664795,0
frames/frame_000658.pgm,1784901240.268532,approach,0.09458026885986329,0.0,0.5,0.0,68,160,160,1,0,53895538,0,0,0.0,0.0,0.0,0.0,0.0,0.0,0,0.0,0.0,0.0,0.06146647781133652,0.02217685990035534,0.5075370073318481,1.5035409927368164,0.08644495159387589,0.06619108468294144,0.02411024086177349,3.7530791759490967,0
frames/frame_000659.pgm,1784901240.326288,approach,0.09764432907104492,0.0,0.5,0.0,69,160,160,1,0,53928863,0,0,0.0,0.0,0.0,0.0,0.0,0.0,0,0.0,0.0,0.0,0.06723905354738235,0.026664739474654198,0.507262110710144,1.573047399520874,0.08467603474855423,0.055277492851018906,0.010632273741066456,3.7530791759490967,0
frames/frame_000660.pgm,1784901240.350928,approach,0.10047647158304851,0.0,0.5,0.0,70,160,160,1,0,53962219,0,0,0.0,0.0,0.0,0.0,0.0,0.0,0,0.0,0.0,0.0,0.06947895884513855,0.0288325734436512,0.5083913803100586,1.6273294687271118,0.08467603474855423,0.055277492851018906,0.010632273741066456,3.747800588607788,0
frames/frame_000661.pgm,1784901240.384315,approach,0.10208721160888673,0.0,0.5,0.0,71,160,160,1,0,53995544,0,0,0.0,0.0,0.0,0.0,0.0,0.0,0,0.0,0.0,0.0,0.06947895884513855,0.0288325734436512,0.5083913803100586,1.6273294687271118,0.07613179087638855,0.038324590772390366,0.010116931051015854,3.747800588607788,0
frames/frame_000662.pgm,1784901240.417978,approach,0.10364465713500977,0.0,0.5,0.0,72,160,160,1,0,54028869,0,0,0.0,0.0,0.0,0.0,0.0,0.0,0,0.0,0.0,0.0,0.07448356598615646,0.03043672814965248,0.5081910490989685,1.6420549154281616,0.07283716648817062,0.020653674378991127,0.005181520711630583,3.747800588607788,0
frames/frame_000663.pgm,1784901240.451160,approach,0.10658019383748372,0.0,0.5,0.0,73,160,160,1,0,54062194,0,0,0.0,0.0,0.0,0.0,0.0,0.0,0,0.0,0.0,0.0,0.07895205169916153,0.029877644032239914,0.5097625851631165,1.6567933559417725,0.07283716648817062,0.020653674378991127,0.005181520711630583,3.747800588607788,0
frames/frame_000664.pgm,1784901240.484451,approach,0.10819567044576009,0.0,0.5,0.0,74,160,160,1,0,54095520,0,0,0.0,0.0,0.0,0.0,0.0,0.0,0,0.0,0.0,0.0,0.07895205169916153,0.029877644032239914,0.5097625851631165,1.6567933559417725,0.06936970353126526,0.0007659096736460924,0.004551297053694725,3.747800588607788,0
frames/frame_000665.pgm,1784901240.518942,approach,0.11095925966898601,0.0,0.5,0.0,75,160,160,1,0,54128845,0,0,0.0,0.0,0.0,0.0,0.0,0.0,0,0.0,0.0,0.0,0.08257672935724258,0.028934163972735405,0.5102835893630981,1.689537763595581,0.06532907485961914,-0.017068685963749886,0.0004305769980419427,3.747800588607788,0
frames/frame_000666.pgm,1784901240.554111,approach,0.11408780415852865,0.0,0.5,0.0,76,160,160,1,0,54162200,0,0,0.0,0.0,0.0,0.0,0.0,0.0,0,0.0,0.0,0.0,0.08447665721178055,0.025284696370363235,0.5100906491279602,1.7108649015426636,0.05892036110162735,-0.036165688186883926,-0.004654361866414547,3.747800588607788,0
frames/frame_000667.pgm,1784901240.584211,approach,0.11550528208414715,0.0,0.5,0.0,77,160,160,1,0,54195526,0,0,0.0,0.0,0.0,0.0,0.0,0.0,0,0.0,0.0,0.0,0.08447665721178055,0.025284696370363235,0.5100906491279602,1.7108649015426636,0.05892036110162735,-0.036165688186883926,-0.004654361866414547,3.747800588607788,0
frames/frame_000668.pgm,1784901240.620065,approach,0.11712913513183594,0.0,0.5,0.0,78,160,160,1,0,54228851,0,0,0.0,0.0,0.0,0.0,0.0,0.0,0,0.0,0.0,0.0,0.08785328269004822,0.01930748112499714,0.5094152092933655,1.7135975360870361,0.05688481405377388,-0.05549770966172218,-0.008397084660828114,3.747800588607788,0
frames/frame_000669.pgm,1784901240.653263,approach,0.12042640050252279,0.0,0.5,0.0,79,160,160,1,0,54262176,0,0,0.0,0.0,0.0,0.0,0.0,0.0,0,0.0,0.0,0.0,0.08785328269004822,0.01930748112499714,0.5094152092933655,1.7135975360870361,0.05688481405377388,-0.05549770966172218,-0.008397084660828114,3.747800588607788,0
frames/frame_000670.pgm,1784901240.684037,approach,0.12204906145731609,0.0,0.5,0.0,80,160,160,1,0,54295501,0,0,0.0,0.0,0.0,0.0,0.0,0.0,0,0.0,0.0,0.0,0.0902547538280487,0.015366330742835999,0.5110970735549927,1.7011650800704956,0.054227542132139206,-0.06602048128843307,0.004068970680236816,3.747800588607788,0
frames/frame_000671.pgm,1784901240.718627,approach,0.12508513132731122,0.0,0.5,0.0,81,160,160,1,0,54328826,0,0,0.0,0.0,0.0,0.0,0.0,0.0,0,0.0,0.0,0.0,0.09307361394166946,0.00923987291753292,0.5098481774330139,1.6877280473709106,0.05355435609817505,-0.0743834376335144,-0.004151246976107359,3.747800588607788,0
frames/frame_000672.pgm,1784901240.751244,approach,0.12651859919230143,0.0,0.5,0.0,82,160,160,1,0,54362182,0,0,0.0,0.0,0.0,0.0,0.0,0.0,0,0.0,0.0,0.0,0.09307361394166946,0.00923987291753292,0.5098481774330139,1.6877280473709106,0.05355435609817505,-0.0743834376335144,-0.004151246976107359,3.747800588607788,0
frames/frame_000673.pgm,1784901240.785698,approach,0.12816847165425618,0.0,0.5,0.0,83,160,160,1,0,54395507,0,0,0.0,0.0,0.0,0.0,0.0,0.0,0,0.0,0.0,0.0,0.09536699950695038,0.00032962101977318525,0.5107197165489197,1.6518076658248901,0.05317145586013794,-0.08281129598617554,0.0006015865947119892,3.747800588607788,0
frames/frame_000674.pgm,1784901240.818167,approach,0.13131874402364094,0.0,0.5,0.0,84,160,160,1,0,54428833,0,0,0.0,0.0,0.0,0.0,0.0,0.0,0,0.0,0.0,0.0,0.09687865525484085,-0.004231750499457121,0.5095195174217224,1.626688003540039,0.05163445323705673,-0.07784470170736313,-0.005608661565929651,3.747800588607788,0
frames/frame_000675.pgm,1784901240.850833,approach,0.13292353947957355,0.0,0.5,0.0,85,160,160,1,0,54462158,0,0,0.0,0.0,0.0,0.0,0.0,0.0,0,0.0,0.0,0.0,0.09687865525484085,-0.004231750499457121,0.5095195174217224,1.626688003540039,0.05163445323705673,-0.07784470170736313,-0.005608661565929651,3.747800588607788,0
frames/frame_000676.pgm,1784901240.884299,approach,0.13580905596415202,0.0,0.5,0.0,86,160,160,1,0,54495483,0,0,0.0,0.0,0.0,0.0,0.0,0.0,0,0.0,0.0,0.0,0.09932218492031097,-0.009888263419270515,0.5099711418151855,1.6018202304840088,0.05263917148113251,-0.07141672074794769,-0.00207542534917593,3.7425220012664795,0
frames/frame_000677.pgm,1784901240.917596,approach,0.13722912470499676,0.0,0.5,0.0,87,160,160,1,0,54528808,0,0,0.0,0.0,0.0,0.0,0.0,0.0,0,0.0,0.0,0.0,0.10262512415647507,-0.01312226988375187,0.5107474327087402,1.6137336492538452,0.055902931839227676,-0.05824369564652443,0.002010551281273365,3.7425220012664795,0
frames/frame_000678.pgm,1784901240.953658,approach,0.14005719820658366,0.0,0.5,0.0,88,160,160,1,0,54562164,0,0,0.0,0.0,0.0,0.0,0.0,0.0,0,0.0,0.0,0.0,0.10613514482975006,-0.015083697624504566,0.5104672908782959,1.6343812942504883,0.055902931839227676,-0.05824369564652443,0.002010551281273365,3.7425220012664795,0
frames/frame_000679.pgm,1784901240.984707,approach,0.14165813128153484,0.0,0.5,0.0,89,160,160,1,0,54595489,0,0,0.0,0.0,0.0,0.0,0.0,0.0,0,0.0,0.0,0.0,0.10613514482975006,-0.015083697624504566,0.5104672908782959,1.6343812942504883,0.05938580632209778,-0.04179534688591957,-0.001493469811975956,3.7425220012664795,0
frames/frame_000680.pgm,1784901241.018022,approach,0.1445128122965495,0.0,0.5,0.0,90,160,160,1,0,54628814,0,0,0.0,0.0,0.0,0.0,0.0,0.0,0,0.0,0.0,0.0,0.10985445976257324,-0.015785502269864082,0.5097180604934692,1.6562762260437012,0.06318715214729309,-0.023614026606082916,-0.004582192283123732,3.7425220012664795,0
frames/frame_000681.pgm,1784901241.051253,approach,0.1459805488586426,0.0,0.5,0.0,91,160,160,1,0,54662139,0,0,0.0,0.0,0.0,0.0,0.0,0.0,0,0.0,0.0,0.0,0.1147124245762825,-0.0164216049015522,0.5091583728790283,1.6584941148757935,0.06318715214729309,-0.023614026606082916,-0.004582192283123732,3.7425220012664795,0
frames/frame_000682.pgm,1784901241.084208,approach,0.14878447850545248,0.0,0.5,0.0,92,160,160,1,0,54695465,0,0,0.0,0.0,0.0,0.0,0.0,0.0,0,0.0,0.0,0.0,0.1147124245762825,-0.0164216049015522,0.5091583728790283,1.6584941148757935,0.06839323043823242,-0.00662543810904026,-0.006108708679676056,3.7425220012664795,0
frames/frame_000683.pgm,1784901241.117654,approach,0.15155140558878583,0.0,0.5,0.0,93,160,160,1,0,54728790,0,0,0.0,0.0,0.0,0.0,0.0,0.0,0,0.0,0.0,0.0,0.12082892656326294,-0.013537481427192688,0.5087422728538513,1.6447032690048218,0.07533572614192963,0.013731089420616627,-0.007629682309925556,3.7425220012664795,0
frames/frame_000684.pgm,1784901241.151309,approach,0.15298460324605306,0.0,0.5,0.0,94,160,160,1,0,54762145,0,0,0.0,0.0,0.0,0.0,0.0,0.0,0,0.0,0.0,0.0,0.12672726809978485,-0.009657267481088638,0.5085315108299255,1.6612340211868286,0.07533572614192963,0.013731089420616627,-0.007629682309925556,3.737243413925171,0
frames/frame_000685.pgm,1784901241.184522,approach,0.15593366622924806,0.0,0.5,0.0,95,160,160,1,0,54795471,0,0,0.0,0.0,0.0,0.0,0.0,0.0,0,0.0,0.0,0.0,0.12672726809978485,-0.009657267481088638,0.5085315108299255,1.6612340211868286,0.08079729974269867,0.03189526125788689,-0.009144101291894913,3.737243413925171,0
frames/frame_000686.pgm,1784901241.218271,approach,0.15741392771402996,0.0,0.5,0.0,96,160,160,1,0,54828796,0,0,0.0,0.0,0.0,0.0,0.0,0.0,0,0.0,0.0,0.0,0.12939319014549255,-0.007475533988326788,0.5071161389350891,1.689266562461853,0.07847555726766586,0.04269079864025116,-0.014456018805503845,3.737243413925171,0
frames/frame_000687.pgm,1784901241.250941,approach,0.16042607625325522,0.0,0.5,0.0,97,160,160,1,0,54862121,0,0,0.0,0.0,0.0,0.0,0.0,0.0,0,0.0,0.0,0.0,0.13405759632587433,-0.0027020738925784826,0.5043657422065735,1.7342044115066528,0.07847555726766586,0.04269079864025116,-0.014456018805503845,3.737243413925171,0
frames/frame_000688.pgm,1784901241.284142,approach,0.1618868668874105,0.0,0.5,0.0,98,160,160,1,0,54895446,0,0,0.0,0.0,0.0,0.0,0.0,0.0,0,0.0,0.0,0.0,0.13405759632587433,-0.0027020738925784826,0.5043657422065735,1.7342044115066528,0.07853884994983673,0.05276859551668167,-0.020506618544459343,3.7266862392425537,0
frames/frame_000689.pgm,1784901241.318094,approach,0.16491839090983074,0.0,0.5,0.0,99,160,160,1,0,54928771,0,0,0.0,0.0,0.0,0.0,0.0,0.0,0,0.0,0.0,0.0,0.1372828483581543,0.0009534228593111038,0.503987729549408,1.7843207120895386,0.0752849131822586,0.055990707129240036,-0.010745522566139698,3.7266862392425537,0
frames/frame_000690.pgm,1784901241.358361,approach,0.16653265953063967,0.0,0.5,0.0,100,160,160,1,0,54962127,0,0,0.0,0.0,0.0,0.0,0.0,0.0,0,0.0,0.0,0.0,0.14011390507221222,0.0030174481216818094,0.5050293207168579,1.8389239311218262,0.07046015560626984,0.0525987446308136,0.0013986488338559866,3.7425220012664795,0
frames/frame_000691.pgm,1784901241.384326,approach,0.1682043234507243,0.0,0.5,0.0,101,160,160,1,0,54995452,0,0,0.0,0.0,0.0,0.0,0.0,0.0,0,0.0,0.0,0.0,0.14011390507221222,0.0030174481216818094,0.5050293207168579,1.8389239311218262,0.07046015560626984,0.0525987446308136,0.0013986488338559866,3.7425220012664795,0
frames/frame_000692.pgm,1784901241.417602,approach,0.1715094089508057,0.0,0.5,0.0,102,160,160,1,0,55028778,0,0,0.0,0.0,0.0,0.0,0.0,0.0,0,0.0,0.0,0.0,0.14011390507221222,0.0030174481216818094,0.5050293207168579,1.8389239311218262,0.07046015560626984,0.0525987446308136,0.0013986488338559866,3.7425220012664795,0
frames/frame_000693.pgm,1784901241.455669,approach,0.1715094089508057,0.0,0.5,0.0,103,160,160,1,0,55062103,0,0,0.0,0.0,0.0,0.0,0.0,0.0,0,0.0,0.0,0.0,0.14011390507221222,0.0030174481216818094,0.5050293207168579,1.8389239311218262,0.07046015560626984,0.0525987446308136,0.0013986488338559866,3.7425220012664795,0
frames/frame_000694.pgm,1784901241.488568,approach,0.1751318136850993,0.0,0.5,0.0,104,160,160,1,0,55095428,0,0,0.0,0.0,0.0,0.0,0.0,0.0,0,0.0,0.0,0.0,0.14769040048122406,0.011778443120419979,0.5051600933074951,2.013646125793457,0.06420879811048508,0.04467391222715378,-0.0006021383451297879,3.7425220012664795,0
frames/frame_000695.pgm,1784901241.521458,approach,0.17809081077575684,0.0,0.5,0.0,105,160,160,1,0,55128753,0,0,0.0,0.0,0.0,0.0,0.0,0.0,0,0.0,0.0,0.0,0.15183492004871368,0.013214324600994587,0.5067521929740906,2.0980935096740723,0.062177352607250214,0.03404238075017929,0.00842905230820179,3.7425220012664795,0
frames/frame_000696.pgm,1784901241.552149,approach,0.1795734723409017,0.0,0.5,0.0,106,160,160,1,0,55162109,0,0,0.0,0.0,0.0,0.0,0.0,0.0,0,0.0,0.0,0.0,0.1557358205318451,0.015539182350039482,0.5075900554656982,2.2013230323791504,0.062177352607250214,0.03404238075017929,0.00842905230820179,3.7425220012664795,0
frames/frame_000697.pgm,1784901241.584264,approach,0.18276487986246748,0.0,0.5,0.0,107,160,160,1,0,55195434,0,0,0.0,0.0,0.0,0.0,0.0,0.0,0,0.0,0.0,0.0,0.1557358205318451,0.015539182350039482,0.5075900554656982,2.2013230323791504,0.06035449355840683,0.024331161752343178,0.009673685766756535,3.7425220012664795,0
frames/frame_000698.pgm,1784901241.617782,approach,0.18430673281351728,0.0,0.5,0.0,108,160,160,1,0,55228759,0,0,0.0,0.0,0.0,0.0,0.0,0.0,0,0.0,0.0,0.0,0.15747925639152527,0.018267884850502014,0.5071992874145508,2.3184101581573486,0.05525398254394531,0.01610640622675419,0.0015080496668815613,3.7425220012664795,0
frames/frame_000699.pgm,1784901241.652282,approach,0.1858500639597575,0.0,0.5,0.0,109,160,160,1,0,55262084,0,0,0.0,0.0,0.0,0.0,0.0,0.0,0,0.0,0.0,0.0,0.15747925639152527,0.018267884850502014,0.5071992874145508,2.3184101581573486,0.05525398254394531,0.01610640622675419,0.0015080496668815613,3.7425220012664795,0
frames/frame_000700.pgm,1784901241.684196,approach,0.18891839981079103,0.0,0.5,0.0,110,160,160,1,0,55295410,0,0,0.0,0.0,0.0,0.0,0.0,0.0,0,0.0,0.0,0.0,0.1595604568719864,0.01708558388054371,0.5085008144378662,2.404494285583496,0.051222894340753555,0.0017447907011955976,0.005164131987839937,3.7425220012664795,0
frames/frame_000701.pgm,1784901241.718588,approach,0.19170207977294923,0.0,0.5,0.0,111,160,160,1,0,55328735,0,0,0.0,0.0,0.0,0.0,0.0,0.0,0,0.0,0.0,0.0,0.16561836004257202,0.014768445864319801,0.5088634490966797,2.46699595451355,0.054745905101299286,-0.012536664493381977,0.0017940500983968377,3.7425220012664795,0
frames/frame_000702.pgm,1784901241.751206,approach,0.19311213493347168,0.0,0.5,0.0,112,160,160,1,0,55362091,0,0,0.0,0.0,0.0,0.0,0.0,0.0,0,0.0,0.0,0.0,0.16982124745845795,0.014915701933205128,0.5108312368392944,2.4832205772399902,0.054745905101299286,-0.012536664493381977,0.0017940500983968377,3.7425220012664795,0
frames/frame_000703.pgm,1784901241.785340,approach,0.19463146527608235,0.0,0.5,0.0,113,160,160,1,0,55395416,0,0,0.0,0.0,0.0,0.0,0.0,0.0,0,0.0,0.0,0.0,0.16982124745845795,0.014915701933205128,0.5108312368392944,2.4832205772399902,0.05496875196695328,-0.019588423892855644,0.004403499886393547,3.747800588607788,0
frames/frame_000704.pgm,1784901241.822544,approach,0.1978453318277995,0.0,0.5,0.0,114,160,160,1,0,55428741,0,0,0.0,0.0,0.0,0.0,0.0,0.0,0,0.0,0.0,0.0,0.17273090779781342,0.011312238872051239,0.5102060437202454,2.4775948524475098,0.05332334712147713,-0.030164770781993866,-0.009863724932074547,3.747800588607788,0
frames/frame_000705.pgm,1784901241.850959,approach,0.1993654727935791,0.0,0.5,0.0,115,160,160,1,0,55462066,0,0,0.0,0.0,0.0,0.0,0.0,0.0,0,0.0,0.0,0.0,0.17265713214874268,0.005587931256741285,0.5087437033653259,2.4251925945281982,0.05332334712147713,-0.030164770781993866,-0.009863724932074547,3.747800588607788,0
frames/frame_000706.pgm,1784901241.884254,approach,0.20247286160786948,0.0,0.5,0.0,116,160,160,1,0,55495391,0,0,0.0,0.0,0.0,0.0,0.0,0.0,0,0.0,0.0,0.0,0.17265713214874268,0.005587931256741285,0.5087437033653259,2.4251925945281982,0.046185996383428574,-0.04150044918060303,-0.020657846704125404,3.737243413925171,0
frames/frame_000707.pgm,1784901241.919397,approach,0.20413587888081872,0.0,0.5,0.0,117,160,160,1,0,55528717,0,0,0.0,0.0,0.0,0.0,0.0,0.0,0,0.0,0.0,0.0,0.17766079306602478,0.001780912047252059,0.5085671544075012,2.3455607891082764,0.04770391806960106,-0.04647539183497429,-0.015002804808318615,3.737243413925171,0
frames/frame_000708.pgm,1784901241.951210,approach,0.20724040667215982,0.0,0.5,0.0,118,160,160,1,0,55562072,0,0,0.0,0.0,0.0,0.0,0.0,0.0,0,0.0,0.0,0.0,0.18068477511405945,-0.0003655160835478455,0.5086557865142822,2.2597548961639404,0.04770391806960106,-0.04647539183497429,-0.015002804808318615,3.737243413925171,0
frames/frame_000709.pgm,1784901241.984193,approach,0.20873346328735354,0.0,0.5,0.0,119,160,160,1,0,55595397,0,0,0.0,0.0,0.0,0.0,0.0,0.0,0,0.0,0.0,0.0,0.18068477511405945,-0.0003655160835478455,0.5086557865142822,2.2597548961639404,0.046964071691036224,-0.04560375586152077,-0.008130079135298729,3.737243413925171,0
frames/frame_000710.pgm,1784901242.018205,approach,0.21158353487650552,0.0,0.5,0.0,120,160,160,1,0,55628723,0,0,0.0,0.0,0.0,0.0,0.0,0.0,0,0.0,0.0,0.0,0.18869148194789886,-0.006492432206869125,0.5094322562217712,2.198410749435425,0.054103679955005646,-0.04829692095518112,-1.5110654203454033e-05,3.737243413925171,0
frames/frame_000711.pgm,1784901242.051041,approach,0.21299673716227213,0.0,0.5,0.0,121,160,160,1,0,55662048,0,0,0.0,0.0,0.0,0.0,0.0,0.0,0,0.0,0.0,0.0,0.1904102861881256,-0.012323322705924511,0.5082460641860962,2.113847017288208,0.054103679955005646,-0.04829692095518112,-1.5110654203454033e-05,3.737243413925171,0
frames/frame_000712.pgm,1784901242.084861,approach,0.21580160458882652,0.0,0.5,0.0,122,160,160,1,0,55695373,0,0,0.0,0.0,0.0,0.0,0.0,0.0,0,0.0,0.0,0.0,0.1904102861881256,-0.012323322705924511,0.5082460641860962,2.113847017288208,0.051061611622571945,-0.0481434129178524,-0.004694527480751276,3.737243413925171,0
frames/frame_000713.pgm,1784901242.117952,approach,0.2174410661061605,0.0,0.5,0.0,123,160,160,1,0,55728698,0,0,0.0,0.0,0.0,0.0,0.0,0.0,0,0.0,0.0,0.0,0.19659171998500824,-0.01433970220386982,0.5077948570251465,2.0354650020599365,0.055413950234651566,-0.03932424262166023,-0.0006535740685649216,3.737243413925171,0
frames/frame_000714.pgm,1784901242.152820,approach,0.22067400614420574,0.0,0.5,0.0,124,160,160,1,0,55762054,0,0,0.0,0.0,0.0,0.0,0.0,0.0,0,0.0,0.0,0.0,0.19876500964164734,-0.018496228381991386,0.5074768662452698,1.9695967435836792,0.0530049130320549,-0.03206562250852585,-0.0006250281003303826,3.7425220012664795,0
frames/frame_000715.pgm,1784901242.185904,approach,0.22214907010396323,0.0,0.5,0.0,125,160,160,1,0,55795379,0,0,0.0,0.0,0.0,0.0,0.0,0.0,0,0.0,0.0,0.0,0.19876500964164734,-0.018496228381991386,0.5074768662452698,1.9695967435836792,0.0530049130320549,-0.03206562250852585,-0.0006250281003303826,3.7425220012664795,0
frames/frame_000716.pgm,1784901242.217296,approach,0.22380433082580567,0.0,0.5,0.0,126,160,160,1,0,55828704,0,0,0.0,0.0,0.0,0.0,0.0,0.0,0,0.0,0.0,0.0,0.2062695026397705,-0.019953621551394463,0.5068536996841431,1.920480728149414,0.058800168335437775,-0.019780436530709267,-0.0036092763766646385,3.7425220012664795,0
frames/frame_000717.pgm,1784901242.250597,approach,0.2270817279815674,0.0,0.5,0.0,127,160,160,1,0,55862030,0,0,0.0,0.0,0.0,0.0,0.0,0.0,0,0.0,0.0,0.0,0.21289058029651642,-0.020855117589235306,0.5072054862976074,1.9108338356018066,0.058800168335437775,-0.019780436530709267,-0.0036092763766646385,3.7425220012664795,0
frames/frame_000718.pgm,1784901242.287792,approach,0.22867253621419273,0.0,0.5,0.0,128,160,160,1,0,55895355,0,0,0.0,0.0,0.0,0.0,0.0,0.0,0,0.0,0.0,0.0,0.21289058029651642,-0.020855117589235306,0.5072054862976074,1.9108338356018066,0.06145245209336281,-0.006798551883548498,0.0006294107297435403,3.7425220012664795,0
frames/frame_000719.pgm,1784901242.318500,approach,0.23156499862670898,0.0,0.5,0.0,129,160,160,1,0,55928680,0,0,0.0,0.0,0.0,0.0,0.0,0.0,0,0.0,0.0,0.0,0.2198159247636795,-0.01912444643676281,0.5067409873008728,1.915400505065918,0.06278526782989502,0.009420331567525864,-0.0007365888450294733,3.7425220012664795,0
frames/frame_000720.pgm,1784901242.354776,approach,0.23323693275451662,0.0,0.5,0.0,130,160,160,1,0,55962036,0,0,0.0,0.0,0.0,0.0,0.0,0.0,0,0.0,0.0,0.0,0.22099758684635162,-0.01672418788075447,0.505989134311676,1.8799821138381958,0.05314737185835838,0.02497241273522377,-0.00024479799321852624,3.737243413925171,0
frames/frame_000721.pgm,1784901242.384625,approach,0.23615074157714844,0.0,0.5,0.0,131,160,160,1,0,55995361,0,0,0.0,0.0,0.0,0.0,0.0,0.0,0,0.0,0.0,0.0,0.22099758684635162,-0.01672418788075447,0.505989134311676,1.8799821138381958,0.05314737185835838,0.02497241273522377,-0.00024479799321852624,3.737243413925171,0
frames/frame_000722.pgm,1784901242.417630,approach,0.23768353462219238,0.0,0.5,0.0,132,160,160,1,0,56028686,0,0,0.0,0.0,0.0,0.0,0.0,0.0,0,0.0,0.0,0.0,0.22173957526683807,-0.011593242175877094,0.5060129761695862,1.7942304611206055,0.04187421128153801,0.04187106713652611,0.00058762077242136,3.737243413925171,0
frames/frame_000723.pgm,1784901242.450890,approach,0.2392953395843506,0.0,0.5,0.0,133,160,160,1,0,56062011,0,0,0.0,0.0,0.0,0.0,0.0,0.0,0,0.0,0.0,0.0,0.22406773269176483,-0.009040196426212788,0.5064477920532227,1.640127182006836,0.04187421128153801,0.04187106713652611,0.00058762077242136,3.737243413925171,0
frames/frame_000724.pgm,1784901242.506731,approach,0.24374887148539226,0.0,0.5,0.0,134,160,160,1,0,56095336,0,0,0.0,0.0,0.0,0.0,0.0,0.0,0,0.0,0.0,0.0,0.22662080824375153,-0.00280681811273098,0.5059707164764404,1.4192471504211426,0.028531869873404503,0.06226906552910805,-0.0007207985618151724,3.737243413925171,0
frames/frame_000725.pgm,1784901242.517447,approach,0.24374887148539226,0.0,0.5,0.0,135,160,160,1,0,56128662,0,0,0.0,0.0,0.0,0.0,0.0,0.0,0,0.0,0.0,0.0,0.22662080824375153,-0.00280681811273098,0.5059707164764404,1.4192471504211426,0.028531869873404503,0.06226906552910805,-0.0007207985618151724,3.737243413925171,0
frames/frame_000726.pgm,1784901242.550888,approach,0.24670287768046062,0.0,0.5,0.0,136,160,160,1,0,56162017,0,0,0.0,0.0,0.0,0.0,0.0,0.0,0,0.0,0.0,0.0,0.22662080824375153,-0.00280681811273098,0.5059707164764404,1.4192471504211426,0.028531869873404503,0.06226906552910805,-0.0007207985618151724,3.737243413925171,0
frames/frame_000727.pgm,1784901242.590858,approach,0.24825092951456706,0.0,0.5,0.0,137,160,160,1,0,56195343,0,0,0.0,0.0,0.0,0.0,0.0,0.0,0,0.0,0.0,0.0,0.226588636636734,0.0035131785552948713,0.5050178170204163,1.1512870788574219,0.02105225995182991,0.06917553395032883,-0.009056933224201202,3.7425220012664795,0
frames/frame_000728.pgm,1784901242.617652,approach,0.25127092997233075,0.0,0.5,0.0,138,160,160,1,0,56228668,0,0,0.0,0.0,0.0,0.0,0.0,0.0,0,0.0,0.0,0.0,0.22942271828651428,0.008925456553697586,0.5058988928794861,0.8794187903404236,0.020300133153796196,0.07010821253061295,-0.0029255079571157694,3.7425220012664795,0
frames/frame_000729.pgm,1784901242.651583,approach,0.2528563976287842,0.0,0.5,0.0,139,160,160,1,0,56261993,0,0,0.0,0.0,0.0,0.0,0.0,0.0,0,0.0,0.0,0.0,0.22969543933868408,0.014828144572675228,0.5067411065101624,0.646453320980072,0.020300133153796196,0.07010821253061295,-0.0029255079571157694,3.7425220012664795,0
frames/frame_000730.pgm,1784901242.684071,approach,0.25588355064392093,0.0,0.5,0.0,140,160,160,1,0,56295318,0,0,0.0,0.0,0.0,0.0,0.0,0.0,0,0.0,0.0,0.0,0.22969543933868408,0.014828144572675228,0.5067411065101624,0.646453320980072,0.017848823219537735,0.06750495731830597,0.0007052082801237702,3.7425220012664795,0
frames/frame_000731.pgm,1784901242.717533,approach,0.25753420193990073,0.0,0.5,0.0,141,160,160,1,0,56328643,0,0,0.0,0.0,0.0,0.0,0.0,0.0,0,0.0,0.0,0.0,0.23149456083774567,0.0175890251994133,0.5064163208007812,0.5009961724281311,0.01979167014360428,0.05790357664227486,-0.0030737079214304686,3.7425220012664795,0
frames/frame_000732.pgm,1784901242.753198,approach,0.2603640079498291,0.0,0.5,0.0,142,160,160,1,0,56361999,0,0,0.0,0.0,0.0,0.0,0.0,0.0,0,0.0,0.0,0.0,0.23149456083774567,0.0175890251994133,0.5064163208007812,0.5009961724281311,0.01979167014360428,0.05790357664227486,-0.0030737079214304686,3.7425220012664795,0
frames/frame_000733.pgm,1784901242.788271,approach,0.2619025230407715,0.0,0.5,0.0,143,160,160,1,0,56395324,0,0,0.0,0.0,0.0,0.0,0.0,0.0,0,0.0,0.0,0.0,0.23286175727844238,0.024200746789574623,0.5055812001228333,0.3668387830257416,0.02226897142827511,0.0508405826985836,-0.0034074089489877224,3.737243413925171,0
frames/frame_000734.pgm,1784901242.817290,approach,0.26491926511128744,0.0,0.5,0.0,144,160,160,1,0,56428649,0,0,0.0,0.0,0.0,0.0,0.0,0.0,0,0.0,0.0,0.0,0.23425383865833282,0.025991691276431084,0.5070052146911621,0.276251882314682,0.024992356076836586,0.03412887454032898,-0.00032967227161861956,3.737243413925171,0
frames/frame_000735.pgm,1784901242.855000,approach,0.2665010770161947,0.0,0.5,0.0,145,160,160,1,0,56461975,0,0,0.0,0.0,0.0,0.0,0.0,0.0,0,0.0,0.0,0.0,0.23675064742565155,0.03011402301490307,0.5065431594848633,0.2461504489183426,0.02984265610575676,0.02044498547911644,-0.005951224826276302,3.7425220012664795,0
frames/frame_000736.pgm,1784901242.884562,approach,0.2692553202311198,0.0,0.5,0.0,146,160,160,1,0,56495300,0,0,0.0,0.0,0.0,0.0,0.0,0.0,0,0.0,0.0,0.0,0.23675064742565155,0.03011402301490307,0.5065431594848633,0.2461504489183426,0.02984265610575676,0.02044498547911644,-0.005951224826276302,3.7425220012664795,0
frames/frame_000737.pgm,1784901242.917493,approach,0.2709272702534994,0.0,0.5,0.0,147,160,160,1,0,56528656,0,0,0.0,0.0,0.0,0.0,0.0,0.0,0,0.0,0.0,0.0,0.2402157187461853,0.030530201271176338,0.505225658416748,0.2560799717903137,0.0361529141664505,0.00091892434284091,-0.012538607232272625,3.7425220012664795,0
frames/frame_000738.pgm,1784901242.952148,approach,0.2724521319071452,0.0,0.5,0.0,148,160,160,1,0,56561981,0,0,0.0,0.0,0.0,0.0,0.0,0.0,0,0.0,0.0,0.0,0.24483445286750793,0.028194306418299675,0.5046166181564331,0.3069283962249756,0.04349324852228165,-0.021665029227733612,-0.0138179836794734,3.7319648265838623,0
frames/frame_000739.pgm,1784901242.984165,approach,0.2756172021230062,0.0,0.5,0.0,149,160,160,1,0,56595306,0,0,0.0,0.0,0.0,0.0,0.0,0.0,0,0.0,0.0,0.0,0.24483445286750793,0.028194306418299675,0.5046166181564331,0.3069283962249756,0.04349324852228165,-0.021665029227733612,-0.0138179836794734,3.7319648265838623,0
frames/frame_000740.pgm,1784901243.019998,approach,0.2771344025929769,0.0,0.5,0.0,150,160,160,1,0,56628631,0,0,0.0,0.0,0.0,0.0,0.0,0.0,0,0.0,0.0,0.0,0.24813629686832428,0.022811714559793472,0.5028588175773621,0.3904876410961151,0.04757903888821602,-0.045843858271837234,-0.01784454472362995,3.7319648265838623,0
frames/frame_000741.pgm,1784901243.054923,approach,0.28041507403055826,0.0,0.5,0.0,151,160,160,1,0,56661956,0,0,0.0,0.0,0.0,0.0,0.0,0.0,0,0.0,0.0,0.0,0.2504459619522095,0.02291162498295307,0.5031899809837341,0.47610408067703247,0.048865605145692825,-0.055898189544677734,-0.0067884293384850025,3.7319648265838623,0
frames/frame_000742.pgm,1784901243.085792,approach,0.28204873402913416,0.0,0.5,0.0,152,160,160,1,0,56695281,0,0,0.0,0.0,0.0,0.0,0.0,0.0,0,0.0,0.0,0.0,0.2504459619522095,0.02291162498295307,0.5031899809837341,0.47610408067703247,0.048865605145692825,-0.055898189544677734,-0.0067884293384850025,3.7319648265838623,0
frames/frame_000743.pgm,1784901243.117261,approach,0.28497934341430664,0.0,0.5,0.0,153,160,160,1,0,56728637,0,0,0.0,0.0,0.0,0.0,0.0,0.0,0,0.0,0.0,0.0,0.25514349341392517,0.015984859317541122,0.5024834275245667,0.5227825045585632,0.05322745069861412,-0.07212178409099579,-0.0043952143751084805,3.7319648265838623,0
frames/frame_000744.pgm,1784901243.150870,approach,0.2863962014516195,0.0,0.5,0.0,154,160,160,1,0,56761962,0,0,0.0,0.0,0.0,0.0,0.0,0.0,0,0.0,0.0,0.0,0.2579561173915863,0.007350684143602848,0.5033286213874817,0.5340555906295776,0.05322745069861412,-0.07212178409099579,-0.0043952143751084805,3.7319648265838623,0
frames/frame_000745.pgm,1784901243.184558,approach,0.2879980723063151,0.0,0.5,0.0,155,160,160,1,0,56795288,0,0,0.0,0.0,0.0,0.0,0.0,0.0,0,0.0,0.0,0.0,0.2579561173915863,0.007350684143602848,0.5033286213874817,0.5340555906295776,0.05394311249256134,-0.08551992475986481,0.0012484235921874642,3.737243413925171,0
frames/frame_000746.pgm,1784901243.218760,approach,0.29116961161295574,0.0,0.5,0.0,156,160,160,1,0,56828613,0,0,0.0,0.0,0.0,0.0,0.0,0.0,0,0.0,0.0,0.0,0.2606477737426758,0.0026831598952412605,0.5032063126564026,0.5227295160293579,0.05416284501552582,-0.086494080722332,-0.0016921901842579246,3.737243413925171,0
frames/frame_000747.pgm,1784901243.251234,approach,0.2927950700124105,0.0,0.5,0.0,157,160,160,1,0,56861938,0,0,0.0,0.0,0.0,0.0,0.0,0.0,0,0.0,0.0,0.0,0.2636868357658386,-0.004113692324608564,0.5038560628890991,0.48290854692459106,0.05416284501552582,-0.086494080722332,-0.0016921901842579246,3.737243413925171,0
frames/frame_000748.pgm,1784901243.284911,approach,0.29584166208902996,0.0,0.5,0.0,158,160,160,1,0,56895263,0,0,0.0,0.0,0.0,0.0,0.0,0.0,0,0.0,0.0,0.0,0.2636868357658386,-0.004113692324608564,0.5038560628890991,0.48290854692459106,0.05484580621123314,-0.0852719098329544,-0.00015123104094527662,3.737243413925171,0
frames/frame_000749.pgm,1784901243.317751,approach,0.2972255229949951,0.0,0.5,0.0,159,160,160,1,0,56928619,0,0,0.0,0.0,0.0,0.0,0.0,0.0,0,0.0,0.0,0.0,0.26750051975250244,-0.010104452259838581,0.5034235715866089,0.3994930386543274,0.057533230632543564,-0.07846347242593765,-0.006673160940408707,3.737243413925171,0
frames/frame_000750.pgm,1784901243.350417,approach,0.30047154426574707,0.0,0.5,0.0,160,160,160,1,0,56961944,0,0,0.0,0.0,0.0,0.0,0.0,0.0,0,0.0,0.0,0.0,0.26991474628448486,-0.013408137485384941,0.5028817057609558,0.3272457420825958,0.057533230632543564,-0.07846347242593765,-0.006673160940408707,3.737243413925171,0
frames/frame_000751.pgm,1784901243.383772,approach,0.30188520749409997,0.0,0.5,0.0,161,160,160,1,0,56995269,0,0,0.0,0.0,0.0,0.0,0.0,0.0,0,0.0,0.0,0.0,0.26991474628448486,-0.013408137485384941,0.5028817057609558,0.3272457420825958,0.05782000720500946,-0.06336847692728043,-0.011019224300980568,3.737243413925171,0
frames/frame_000752.pgm,1784901243.417458,approach,0.3049552122751872,0.0,0.5,0.0,162,160,160,1,0,57028594,0,0,0.0,0.0,0.0,0.0,0.0,0.0,0,0.0,0.0,0.0,0.2759331166744232,-0.018116051331162453,0.5015592575073242,0.26105743646621704,0.0643128827214241,-0.04936997592449188,-0.016124414280056953,3.737243413925171,0
frames/frame_000753.pgm,1784901243.451346,approach,0.30651626586914066,0.0,0.5,0.0,163,160,160,1,0,57061920,0,0,0.0,0.0,0.0,0.0,0.0,0.0,0,0.0,0.0,0.0,0.28143906593322754,-0.01997467316687107,0.502727746963501,0.18293561041355133,0.0643128827214241,-0.04936997592449188,-0.016124414280056953,3.737243413925171,0
frames/frame_000754.pgm,1784901243.484705,approach,0.30818312962849936,0.0,0.5,0.0,164,160,160,1,0,57095245,0,0,0.0,0.0,0.0,0.0,0.0,0.0,0,0.0,0.0,0.0,0.28143906593322754,-0.01997467316687107,0.502727746963501,0.18293561041355133,0.06920382380485535,-0.029808612540364265,-0.005093395709991455,3.737243413925171,0
frames/frame_000755.pgm,1784901243.517289,approach,0.3114160696665446,0.0,0.5,0.0,165,160,160,1,0,57128601,0,0,0.0,0.0,0.0,0.0,0.0,0.0,0,0.0,0.0,0.0,0.28468599915504456,-0.023240935057401657,0.50223708152771,0.14516639709472656,0.0679439976811409,-0.013708971440792084,-0.006555384956300259,3.737243413925171,0
frames/frame_000756.pgm,1784901243.559422,approach,0.3143382708231608,0.0,0.5,0.0,166,160,160,1,0,57161926,0,0,0.0,0.0,0.0,0.0,0.0,0.0,0,0.0,0.0,0.0,0.2889634370803833,-0.02501136250793934,0.5006378889083862,0.10646668076515198,0.06856551021337509,0.0023937246296554804,-0.012623936869204044,3.7319648265838623,0
frames/frame_000757.pgm,1784901243.612570,approach,0.31717720031738283,0.0,0.5,0.0,167,160,160,1,0,57195251,0,0,0.0,0.0,0.0,0.0,0.0,0.0,0,0.0,0.0,0.0,0.2920188307762146,-0.022234411910176277,0.5003355741500854,0.027464475482702255,0.06565471738576889,0.0234410148113966,-0.009033841080963612,3.7319648265838623,0
frames/frame_000758.pgm,1784901243.628474,approach,0.31852173805236816,0.0,0.5,0.0,168,160,160,1,0,57228576,0,0,0.0,0.0,0.0,0.0,0.0,0.0,0,0.0,0.0,0.0,0.2920188307762146,-0.022234411910176277,0.5003355741500854,0.027464475482702255,0.06565471738576889,0.0234410148113966,-0.009033841080963612,3.7319648265838623,0
frames/frame_000759.pgm,1784901243.643876,approach,0.319871997833252,0.0,0.5,0.0,169,160,160,1,0,57261901,0,0,0.0,0.0,0.0,0.0,0.0,0.0,0,0.0,0.0,0.0,0.2920188307762146,-0.022234411910176277,0.5003355741500854,0.027464475482702255,0.06565471738576889,0.0234410148113966,-0.009033841080963612,3.7319648265838623,0
frames/frame_000760.pgm,1784901243.684544,approach,0.32154693603515627,0.0,0.5,0.0,170,160,160,1,0,57295227,0,0,0.0,0.0,0.0,0.0,0.0,0.0,0,0.0,0.0,0.0,0.29551634192466736,-0.019438978284597397,0.5008228421211243,-0.04724699258804321,0.06456438452005386,0.03818675875663757,-0.0028862147592008114,3.7319648265838623,0
frames/frame_000761.pgm,1784901243.723921,approach,0.3247354825337728,0.0,0.5,0.0,171,160,160,1,0,57328582,0,0,0.0,0.0,0.0,0.0,0.0,0.0,0,0.0,0.0,0.0,0.2998882532119751,-0.017109563574194908,0.4993245005607605,-0.148915633559227,0.063508041203022,0.049752138555049896,-0.014535508118569851,3.7319648265838623,0
frames/frame_000762.pgm,1784901243.751449,approach,0.32636826833089194,0.0,0.5,0.0,172,160,160,1,0,57361907,0,0,0.0,0.0,0.0,0.0,0.0,0.0,0,0.0,0.0,0.0,0.30373749136924744,-0.011742294766008854,0.4984056055545807,-0.21485640108585358,0.063508041203022,0.049752138555049896,-0.014535508118569851,3.721407651901245,0
frames/frame_000763.pgm,1784901243.784514,approach,0.32947133382161464,0.0,0.5,0.0,173,160,160,1,0,57395233,0,0,0.0,0.0,0.0,0.0,0.0,0.0,0,0.0,0.0,0.0,0.30373749136924744,-0.011742294766008854,0.4984056055545807,-0.21485640108585358,0.06113194674253464,0.06208543851971626,-0.018246453255414963,3.721407651901245,0
frames/frame_000764.pgm,1784901243.817720,approach,0.33082653681437174,0.0,0.5,0.0,174,160,160,1,0,57428558,0,0,0.0,0.0,0.0,0.0,0.0,0.0,0,0.0,0.0,0.0,0.30568671226501465,-0.009270821698009968,0.4981674253940582,-0.2654954195022583,0.05560831353068352,0.06429591029882431,-0.014565564692020416,3.721407651901245,0
frames/frame_000765.pgm,1784901243.850851,approach,0.33247734705607096,0.0,0.5,0.0,175,160,160,1,0,57461883,0,0,0.0,0.0,0.0,0.0,0.0,0.0,0,0.0,0.0,0.0,0.3114091455936432,-0.003405194263905287,0.4963911771774292,-0.26967376470565796,0.05560831353068352,0.06429591029882431,-0.014565564692020416,3.7266862392425537,0
frames/frame_000766.pgm,1784901243.887866,approach,0.3356998761494955,0.0,0.5,0.0,176,160,160,1,0,57495208,0,0,0.0,0.0,0.0,0.0,0.0,0.0,0,0.0,0.0,0.0,0.3114091455936432,-0.003405194263905287,0.4963911771774292,-0.26967376470565796,0.05743624269962311,0.06817199289798737,-0.019228177145123482,3.7266862392425537,0
frames/frame_000767.pgm,1784901243.918057,approach,0.3372567494710287,0.0,0.5,0.0,177,160,160,1,0,57528564,0,0,0.0,0.0,0.0,0.0,0.0,0.0,0,0.0,0.0,0.0,0.3140641152858734,-0.001991115277633071,0.49655917286872864,-0.27476194500923157,0.053668245673179626,0.06033254414796829,-0.007181513588875532,3.7266862392425537,0
frames/frame_000768.pgm,1784901243.950703,approach,0.34042906761169434,0.0,0.5,0.0,178,160,160,1,0,57561889,0,0,0.0,0.0,0.0,0.0,0.0,0.0,0,0.0,0.0,0.0,0.31782737374305725,0.0006162452627904713,0.49746280908584595,-0.2670857608318329,0.053668245673179626,0.06033254414796829,-0.007181513588875532,3.7266862392425537,0
frames/frame_000769.pgm,1784901243.989884,approach,0.3419116020202637,0.0,0.5,0.0,179,160,160,1,0,57595214,0,0,0.0,0.0,0.0,0.0,0.0,0.0,0,0.0,0.0,0.0,0.31782737374305725,0.0006162452627904713,0.49746280908584595,-0.2670857608318329,0.051651906222105026,0.05150894448161125,0.0038683530874550343,3.7266862392425537,0
frames/frame_000770.pgm,1784901244.017838,approach,0.34495685895284023,0.0,0.5,0.0,180,160,160,1,0,57628540,0,0,0.0,0.0,0.0,0.0,0.0,0.0,0,0.0,0.0,0.0,0.3215036392211914,0.0049283914268016815,0.49876704812049866,-0.2411937117576599,0.049974631518125534,0.04476190358400345,0.009402032941579819,3.7266862392425537,0
frames/frame_000771.pgm,1784901244.053646,approach,0.34658659299214684,0.0,0.5,0.0,181,160,160,1,0,57661865,0,0,0.0,0.0,0.0,0.0,0.0,0.0,0,0.0,0.0,0.0,0.3229687213897705,0.004671788774430752,0.49836090207099915,-0.21472588181495667,0.04470362886786461,0.02955034375190735,0.0037307802122086287,3.7319648265838623,0
frames/frame_000772.pgm,1784901244.084992,approach,0.34805634816487635,0.0,0.5,0.0,182,160,160,1,0,57695190,0,0,0.0,0.0,0.0,0.0,0.0,0.0,0,0.0,0.0,0.0,0.3229687213897705,0.004671788774430752,0.49836090207099915,-0.21472588181495667,0.04470362886786461,0.02955034375190735,0.0037307802122086287,3.7319648265838623,0
frames/frame_000773.pgm,1784901244.119824,approach,0.3509460767110189,0.0,0.5,0.0,183,160,160,1,0,57728546,0,0,0.0,0.0,0.0,0.0,0.0,0.0,0,0.0,0.0,0.0,0.3237197995185852,0.004209918901324272,0.4978487193584442,-0.18074142932891846,0.0399293452501297,0.014217358082532883,-0.003087454242631793,3.7319648265838623,0
frames/frame_000774.pgm,1784901244.154227,approach,0.3540280024210612,0.0,0.5,0.0,184,160,160,1,0,57761871,0,0,0.0,0.0,0.0,0.0,0.0,0.0,0,0.0,0.0,0.0,0.32632115483283997,0.0007010857807472348,0.49779489636421204,-0.13735517859458923,0.04019608348608017,-0.004697820637375116,-0.0025701825506985188,3.7266862392425537,0
frames/frame_000775.pgm,1784901244.184385,approach,0.3556282838185629,0.0,0.5,0.0,185,160,160,1,0,57795196,0,0,0.0,0.0,0.0,0.0,0.0,0.0,0,0.0,0.0,0.0,0.32632115483283997,0.0007010857807472348,0.49779489636421204,-0.13735517859458923,0.04019608348608017,-0.004697820637375116,-0.0025701825506985188,3.7266862392425537,0
frames/frame_000776.pgm,1784901244.217497,approach,0.35722867647806805,0.0,0.5,0.0,186,160,160,1,0,57828521,0,0,0.0,0.0,0.0,0.0,0.0,0.0,0,0.0,0.0,0.0,0.329276978969574,-0.0031510384287685156,0.49821075797080994,-0.09033273905515671,0.04219534993171692,-0.021409451961517334,0.0012718470534309745,3.7266862392425537,0
frames/frame_000777.pgm,1784901244.250875,approach,0.360239855448405,0.0,0.5,0.0,187,160,160,1,0,57861846,0,0,0.0,0.0,0.0,0.0,0.0,0.0,0,0.0,0.0,0.0,0.3340114951133728,-0.010538782924413681,0.49777695536613464,-0.04818391427397728,0.04219534993171692,-0.021409451961517334,0.0012718470534309745,3.7319648265838623,0
frames/frame_000778.pgm,1784901244.284132,approach,0.3619024594624838,0.0,0.5,0.0,188,160,160,1,0,57895172,0,0,0.0,0.0,0.0,0.0,0.0,0.0,0,0.0,0.0,0.0,0.3340114951133728,-0.010538782924413681,0.49777695536613464,-0.04818391427397728,0.04750010743737221,-0.040431056171655655,0.0003508903901092708,3.7319648265838623,0
frames/frame_000779.pgm,1784901244.317695,approach,0.3649792035420736,0.0,0.5,0.0,189,160,160,1,0,57928527,0,0,0.0,0.0,0.0,0.0,0.0,0.0,0,0.0,0.0,0.0,0.33687159419059753,-0.014604555442929268,0.49923214316368103,0.002239184221252799,0.04956860467791557,-0.0483325831592083,0.008692122995853424,3.7319648265838623,0
frames/frame_000780.pgm,1784901244.352861,approach,0.3665177345275879,0.0,0.5,0.0,190,160,160,1,0,57961853,0,0,0.0,0.0,0.0,0.0,0.0,0.0,0,0.0,0.0,0.0,0.33799082040786743,-0.020179325714707375,0.4990231692790985,0.06006249412894249,0.048481717705726624,-0.05329137295484543,0.004786318633705378,3.7319648265838623,0
frames/frame_000781.pgm,1784901244.388049,approach,0.3696532726287842,0.0,0.5,0.0,191,160,160,1,0,57995178,0,0,0.0,0.0,0.0,0.0,0.0,0.0,0,0.0,0.0,0.0,0.33799082040786743,-0.020179325714707375,0.4990231692790985,0.06006249412894249,0.048481717705726624,-0.05329137295484543,0.004786318633705378,3.7319648265838623,0
frames/frame_000782.pgm,1784901244.417509,approach,0.3710264046986898,0.0,0.5,0.0,192,160,160,1,0,58028503,0,0,0.0,0.0,0.0,0.0,0.0,0.0,0,0.0,0.0,0.0,0.3417900800704956,-0.02586260624229908,0.4987461268901825,0.0827077329158783,0.05181346833705902,-0.05391605943441391,0.0005968245095573366,3.7319648265838623,0
frames/frame_000783.pgm,1784901244.451650,approach,0.3726726055145264,0.0,0.5,0.0,193,160,160,1,0,58061828,0,0,0.0,0.0,0.0,0.0,0.0,0.0,0,0.0,0.0,0.0,0.345364511013031,-0.030428212136030197,0.4990364909172058,0.07211487740278244,0.055232178419828415,-0.04518589749932289,0.0006060683517716825,3.7266862392425537,0
frames/frame_000784.pgm,1784901244.483633,approach,0.3756255944569906,0.0,0.5,0.0,194,160,160,1,0,58095153,0,0,0.0,0.0,0.0,0.0,0.0,0.0,0,0.0,0.0,0.0,0.345364511013031,-0.030428212136030197,0.4990364909172058,0.07211487740278244,0.055232178419828415,-0.04518589749932289,0.0006060683517716825,3.7266862392425537,0
frames/frame_000785.pgm,1784901244.527004,approach,0.3787643273671468,0.0,0.5,0.0,195,160,160,1,0,58128509,0,0,0.0,0.0,0.0,0.0,0.0,0.0,0,0.0,0.0,0.0,0.34779924154281616,-0.03465425223112106,0.4970828890800476,0.04812633991241455,0.0566902719438076,-0.03476237133145332,-0.010444717481732368,3.7266862392425537,0
frames/frame_000786.pgm,1784901244.550565,approach,0.38042461077372236,0.0,0.5,0.0,196,160,160,1,0,58161834,0,0,0.0,0.0,0.0,0.0,0.0,0.0,0,0.0,0.0,0.0,0.3531557619571686,-0.040408506989479065,0.4979241192340851,0.018606185913085938,0.0566902719438076,-0.03476237133145332,-0.010444717481732368,3.7266862392425537,0
frames/frame_000787.pgm,1784901244.583782,approach,0.38203600247701014,0.0,0.5,0.0,197,160,160,1,0,58195159,0,0,0.0,0.0,0.0,0.0,0.0,0.0,0,0.0,0.0,0.0,0.3531557619571686,-0.040408506989479065,0.4979241192340851,0.018606185913085938,0.062485743314027786,-0.025042984634637833,-0.002825669012963772,3.7266862392425537,0
frames/frame_000788.pgm,1784901244.617113,approach,0.3833784103393555,0.0,0.5,0.0,198,160,160,1,0,58228485,0,0,0.0,0.0,0.0,0.0,0.0,0.0,0,0.0,0.0,0.0,0.3609314262866974,-0.043846677988767624,0.49702197313308716,-0.029146863147616386,0.07104606926441193,-0.010650590993463993,-0.0070688542909920216,3.7266862392425537,0
frames/frame_000789.pgm,1784901244.654635,approach,0.38669439951578777,0.0,0.5,0.0,199,160,160,1,0,58261810,0,0,0.0,0.0,0.0,0.0,0.0,0.0,0,0.0,0.0,0.0,0.36548832058906555,-0.045822881162166595,0.4967254102230072,-0.05610001087188721,0.07192984223365784,0.003060777671635151,-0.006152288522571325,3.721407651901245,0
frames/frame_000790.pgm,1784901244.684853,approach,0.38830213546752934,0.0,0.5,0.0,200,160,160,1,0,58295135,0,0,0.0,0.0,0.0,0.0,0.0,0.0,0,0.0,0.0,0.0,0.36548832058906555,-0.045822881162166595,0.4967254102230072,-0.05610001087188721,0.07192984223365784,0.003060777671635151,-0.006152288522571325,3.721407651901245,0
frames/frame_000791.pgm,1784901244.717251,approach,0.3911362648010254,0.0,0.5,0.0,201,160,160,1,0,58328491,0,0,0.0,0.0,0.0,0.0,0.0,0.0,0,0.0,0.0,0.0,0.3692868947982788,-0.04705551266670227,0.4962545931339264,-0.08155033737421036,0.06972073018550873,0.020827515050768852,-0.0027781978715211153,3.721407651901245,0
frames/frame_000792.pgm,1784901244.750557,approach,0.3926743984222412,0.0,0.5,0.0,202,160,160,1,0,58361816,0,0,0.0,0.0,0.0,0.0,0.0,0.0,0,0.0,0.0,0.0,0.3762575387954712,-0.0483129546046257,0.49504292011260986,-0.058953382074832916,0.07234758883714676,0.035726215690374374,-0.007501968182623386,3.721407651901245,0
frames/frame_000793.pgm,1784901244.786868,approach,0.395757007598877,0.0,0.5,0.0,203,160,160,1,0,58395141,0,0,0.0,0.0,0.0,0.0,0.0,0.0,0,0.0,0.0,0.0,0.3762575387954712,-0.0483129546046257,0.49504292011260986,-0.058953382074832916,0.07234758883714676,0.035726215690374374,-0.007501968182623386,3.721407651901245,0
frames/frame_000794.pgm,1784901244.816964,approach,0.3973130702972412,0.0,0.5,0.0,204,160,160,1,0,58428466,0,0,0.0,0.0,0.0,0.0,0.0,0.0,0,0.0,0.0,0.0,0.3800215423107147,-0.04529543220996857,0.4960266053676605,-0.010771533474326134,0.06750548630952835,0.056360725313425064,0.0027036964893341064,3.721407651901245,0
frames/frame_000795.pgm,1784901244.853152,approach_hold,0.4,0.0,0.5,0.0,205,160,160,1,0,58461791,0,0,0.0,0.0,0.0,0.0,0.0,0.0,0,0.0,0.0,0.0,0.38262754678726196,-0.04606492444872856,0.49657151103019714,0.04098200798034668,0.06002974882721901,0.06653764098882675,0.006812082137912512,3.7266862392425537,0
frames/frame_000796.pgm,1784901244.885966,approach_hold,0.4,0.0037561125412328062,0.5,0.0,206,160,160,1,0,58495117,0,0,0.0,0.0,0.0,0.0,0.0,0.0,0,0.0,0.0,0.0,0.38262754678726196,-0.04606492444872856,0.49657151103019714,0.04098200798034668,0.06002974882721901,0.06653764098882675,0.006812082137912512,3.7266862392425537,0
frames/frame_000797.pgm,1784901244.916930,approach_hold,0.4,0.011319811448051482,0.5,0.0,207,160,160,1,0,58528472,0,0,0.0,0.0,0.0,0.0,0.0,0.0,0,0.0,0.0,0.0,0.38457727432250977,-0.04266322776675224,0.4970020651817322,0.11834704130887985,0.05093515291810036,0.08072391152381897,0.006767271552234888,3.7266862392425537,0
frames/frame_000798.pgm,1784901244.950949,approach_hold,0.4,0.015221352435842186,0.5,0.0,208,160,160,1,0,58561798,0,0,0.0,0.0,0.0,0.0,0.0,0.0,0,0.0,0.0,0.0,0.38952720165252686,-0.04151028394699097,0.49722081422805786,0.16582512855529785,0.05093515291810036,0.08072391152381897,0.006767271552234888,3.7266862392425537,0
frames/frame_000799.pgm,1784901245.052613,approach_hold,0.4,0.0329628103179749,0.5,0.0,209,160,160,1,0,58595123,0,0,0.0,0.0,0.0,0.0,0.0,0.0,0,0.0,0.0,0.0,0.3914383351802826,-0.03730003535747528,0.4966471493244171,0.1882721483707428,0.03997710347175598,0.09708410501480103,-0.005673524457961321,3.7266862392425537,0
frames/frame_000800.pgm,1784901245.086327,approach_hold,0.4,0.03779429333075178,0.5,0.0,210,160,160,1,0,58628448,0,0,0.0,0.0,0.0,0.0,0.0,0.0,0,0.0,0.0,0.0,0.395528644323349,-0.0337776318192482,0.49653664231300354,0.20757460594177246,0.03632848709821701,0.10452787578105927,-0.005525365471839905,3.7161290645599365,0
frames/frame_000801.pgm,1784901245.091051,approach_hold,0.4,0.03779429333075178,0.5,0.0,211,160,160,1,0,58661773,0,0,0.0,0.0,0.0,0.0,0.0,0.0,0,0.0,0.0,0.0,0.395528644323349,-0.0337776318192482,0.49653664231300354,0.20757460594177246,0.03632848709821701,0.10452787578105927,-0.005525365471839905,3.7161290645599365,0
frames/frame_000802.pgm,1784901245.113441,approach_hold,0.4,0.040865113330610166,0.5,0.0,212,160,160,1,0,58695098,0,0,0.0,0.0,0.0,0.0,0.0,0.0,0,0.0,0.0,0.0,0.39615267515182495,-0.028016099706292152,0.4964960515499115,0.21051757037639618,0.02688094601035118,0.11538495868444443,-0.0034561853390187025,3.7161290645599365,0
frames/frame_000803.pgm,1784901245.131031,approach_hold,0.4,0.04384405568545704,0.5,0.0,213,160,160,1,0,58728454,0,0,0.0,0.0,0.0,0.0,0.0,0.0,0,0.0,0.0,0.0,0.39615267515182495,-0.028016099706292152,0.4964960515499115,0.21051757037639618,0.02688094601035118,0.11538495868444443,-0.0034561853390187025,3.7161290645599365,0
frames/frame_000804.pgm,1784901245.171957,approach_hold,0.4,0.04727576251050764,0.5,0.0,214,160,160,1,0,58761779,0,0,0.0,0.0,0.0,0.0,0.0,0.0,0,0.0,0.0,0.0,0.397855669260025,-0.022996561601758003,0.49663543701171875,0.2362724244594574,0.020756050944328308,0.12342321127653122,0.0006842500879429281,3.721407651901245,0
frames/frame_000805.pgm,1784901245.194736,approach_hold,0.4,0.050554068742259796,0.5,0.0,215,160,160,1,0,58795104,0,0,0.0,0.0,0.0,0.0,0.0,0.0,0,0.0,0.0,0.0,0.397855669260025,-0.022996561601758003,0.49663543701171875,0.2362724244594574,0.020756050944328308,0.12342321127653122,0.0006842500879429281,3.721407651901245,0
frames/frame_000806.pgm,1784901245.225746,approach_hold,0.4,0.055906800077531606,0.5,0.0,216,160,160,1,0,58828430,0,0,0.0,0.0,0.0,0.0,0.0,0.0,0,0.0,0.0,0.0,0.3993259072303772,-0.018914898857474327,0.4968406558036804,0.32919976115226746,0.01525470893830061,0.12856453657150269,0.002061804523691535,3.721407651901245,0
frames/frame_000807.pgm,1784901245.250835,approach_hold,0.4,0.05847984355156477,0.5,0.0,217,160,160,1,0,58861755,0,0,0.0,0.0,0.0,0.0,0.0,0.0,0,0.0,0.0,0.0,0.40218159556388855,-0.013533397577702999,0.49658629298210144,0.4572843313217163,0.01525470893830061,0.12856453657150269,0.002061804523691535,3.7266862392425537,0
frames/frame_000808.pgm,1784901245.287167,approach_hold,0.4,0.06340496143143126,0.5,0.0,218,160,160,1,0,58895080,0,0,0.0,0.0,0.0,0.0,0.0,0.0,0,0.0,0.0,0.0,0.40218159556388855,-0.013533397577702999,0.49658629298210144,0.4572843313217163,0.01364724151790142,0.13442321121692657,0.002303333254531026,3.7266862392425537,0
frames/frame_000809.pgm,1784901245.317595,approach_hold,0.4,0.06574189815715899,0.5,0.0,219,160,160,1,0,58928436,0,0,0.0,0.0,0.0,0.0,0.0,0.0,0,0.0,0.0,0.0,0.40404748916625977,-0.009075384587049484,0.49692440032958984,0.49981287121772766,0.01364724151790142,0.13442321121692657,0.002303333254531026,3.7266862392425537,0
frames/frame_000810.pgm,1784901245.350923,approach_hold,0.4,0.06804351732640722,0.5,0.0,220,160,160,1,0,58961761,0,0,0.0,0.0,0.0,0.0,0.0,0.0,0,0.0,0.0,0.0,0.4057029187679291,-0.002807947341352701,0.49679455161094666,0.5102521777153015,0.010736043564975262,0.1366005390882492,0.005810481030493975,3.721407651901245,0
frames/frame_000811.pgm,1784901245.383864,approach_hold,0.4,0.0717162703904933,0.5,0.0,221,160,160,1,0,58995086,0,0,0.0,0.0,0.0,0.0,0.0,0.0,0,0.0,0.0,0.0,0.4057029187679291,-0.002807947341352701,0.49679455161094666,0.5102521777153015,0.007719792891293764,0.1405351310968399,0.00391387240961194,3.721407651901245,0
frames/frame_000812.pgm,1784901245.435414,approach_hold,0.4,0.07499900047032028,0.5,0.0,222,160,160,1,0,59028411,0,0,0.0,0.0,0.0,0.0,0.0,0.0,0,0.0,0.0,0.0,0.4060315191745758,0.0016717655817046762,0.4974716901779175,0.4930881857872009,0.003063354641199112,0.13929219543933868,0.003594438312575221,3.721407651901245,0
frames/frame_000813.pgm,1784901245.461782,approach_hold,0.4,0.07632943715677899,0.5,0.0,223,160,160,1,0,59061737,0,0,0.0,0.0,0.0,0.0,0.0,0.0,0,0.0,0.0,0.0,0.40598398447036743,0.006878286134451628,0.49790769815444946,0.49291226267814636,0.003063354641199112,0.13929219543933868,0.003594438312575221,3.7266862392425537,0
frames/frame_000814.pgm,1784901245.484389,approach_hold,0.4,0.07741692482169053,0.5,0.0,224,160,160,1,0,59095062,0,0,0.0,0.0,0.0,0.0,0.0,0.0,0,0.0,0.0,0.0,0.40598398447036743,0.006878286134451628,0.49790769815444946,0.49291226267814636,-0.0015756619395688176,0.13830898702144623,0.00311912689357996,3.7266862392425537,0
frames/frame_000815.pgm,1784901245.516951,approach_hold,0.4,0.07836924254970087,0.5,0.0,225,160,160,1,0,59128417,0,0,0.0,0.0,0.0,0.0,0.0,0.0,0,0.0,0.0,0.0,0.4071020781993866,0.014347403310239315,0.497655987739563,0.5064986348152161,-0.003346480894833803,0.1407642811536789,0.0016351910308003426,3.7266862392425537,0
frames/frame_000816.pgm,1784901245.550819,approach_hold,0.4,0.07954298725941258,0.5,0.0,226,160,160,1,0,59161743,0,0,0.0,0.0,0.0,0.0,0.0,0.0,0,0.0,0.0,0.0,0.40746405720710754,0.021014615893363953,0.49663597345352173,0.4946310222148895,-0.003346480894833803,0.1407642811536789,0.0016351910308003426,3.7266862392425537,0
frames/frame_000817.pgm,1784901245.587361,approach_hold,0.4,0.07987879276502763,0.5,0.0,227,160,160,1,0,59195068,0,0,0.0,0.0,0.0,0.0,0.0,0.0,0,0.0,0.0,0.0,0.40746405720710754,0.021014615893363953,0.49663597345352173,0.4946310222148895,-0.005376380402594805,0.13994057476520538,-0.0034635441843420267,3.7266862392425537,0
frames/frame_000818.pgm,1784901245.629138,approach_hold,0.4,0.07994830321222546,0.5,0.0,228,160,160,1,0,59228393,0,0,0.0,0.0,0.0,0.0,0.0,0.0,0,0.0,0.0,0.0,0.4074295461177826,0.02566838078200817,0.4966774582862854,0.4635061025619507,-0.007134890649467707,0.13378871977329254,-0.001462401240132749,3.7266862392425537,0
frames/frame_000819.pgm,1784901245.650818,approach_hold,0.4,0.07975555207827041,0.5,0.0,229,160,160,1,0,59261718,0,0,0.0,0.0,0.0,0.0,0.0,0.0,0,0.0,0.0,0.0,0.407357394695282,0.033580128103494644,0.49681103229522705,0.4482259154319763,-0.007134890649467707,0.13378871977329254,-0.001462401240132749,3.721407651901245,0
frames/frame_000820.pgm,1784901245.684293,approach_hold,0.4,0.07879720117123178,0.5,0.0,230,160,160,1,0,59295043,0,0,0.0,0.0,0.0,0.0,0.0,0.0,0,0.0,0.0,0.0,0.407357394695282,0.033580128103494644,0.49681103229522705,0.4482259154319763,-0.008065808564424515,0.13244763016700745,0.0015105372294783592,3.721407651901245,0
frames/frame_000821.pgm,1784901245.717683,approach_hold,0.4,0.07803193049613494,0.5,0.0,231,160,160,1,0,59328399,0,0,0.0,0.0,0.0,0.0,0.0,0.0,0,0.0,0.0,0.0,0.40695324540138245,0.03942658007144928,0.49838438630104065,0.4268864393234253,-0.009331725537776947,0.12580659985542297,0.009292424656450748,3.721407651901245,0
frames/frame_000822.pgm,1784901245.750740,approach_hold,0.4,0.07604342829625661,0.5,0.0,232,160,160,1,0,59361724,0,0,0.0,0.0,0.0,0.0,0.0,0.0,0,0.0,0.0,0.0,0.4076831042766571,0.04350006952881813,0.4981425702571869,0.40166038274765015,-0.009331725537776947,0.12580659985542297,0.009292424656450748,3.721407651901245,0
frames/frame_000823.pgm,1784901245.784109,approach_hold,0.4,0.07485097932826325,0.5,0.0,233,160,160,1,0,59395050,0,0,0.0,0.0,0.0,0.0,0.0,0.0,0,0.0,0.0,0.0,0.4076831042766571,0.04350006952881813,0.4981425702571869,0.40166038274765015,-0.008681675419211388,0.11518953740596771,0.004847005475312471,3.721407651901245,0
frames/frame_000824.pgm,1784901245.817418,approach_hold,0.4,0.0718250294019269,0.5,0.0,234,160,160,1,0,59428375,0,0,0.0,0.0,0.0,0.0,0.0,0.0,0,0.0,0.0,0.0,0.40960344672203064,0.04850340634584427,0.4990440607070923,0.4189671277999878,-0.0060373153537511826,0.10631142556667328,0.008018657565116882,3.721407651901245,0
frames/frame_000825.pgm,1784901245.850929,approach_hold,0.4,0.07022560108877722,0.5,0.0,235,160,160,1,0,59461700,0,0,0.0,0.0,0.0,0.0,0.0,0.0,0,0.0,0.0,0.0,0.40970152616500854,0.05173126980662346,0.4992862045764923,0.46164676547050476,-0.0060373153537511826,0.10631142556667328,0.008018657565116882,3.721407651901245,0
frames/frame_000826.pgm,1784901245.883605,approach_hold,0.4,0.06627400348866758,0.5,0.0,236,160,160,1,0,59495056,0,0,0.0,0.0,0.0,0.0,0.0,0.0,0,0.0,0.0,0.0,0.40970152616500854,0.05173126980662346,0.4992862045764923,0.46164676547050476,-0.007663292344659567,0.09421731531620026,0.0049699945375323296,3.7266862392425537,0
frames/frame_000827.pgm,1784901245.918671,approach_hold,0.4,0.06403079409891585,0.5,0.0,237,160,160,1,0,59528381,0,0,0.0,0.0,0.0,0.0,0.0,0.0,0,0.0,0.0,0.0,0.4125659763813019,0.05520853027701378,0.49929216504096985,0.5458800792694092,-0.00494005810469389,0.083103708922863,0.0017292258562520146,3.7266862392425537,0
frames/frame_000828.pgm,1784901245.958588,approach_hold,0.4,0.05912097141940221,0.5,0.0,238,160,160,1,0,59561706,0,0,0.0,0.0,0.0,0.0,0.0,0.0,0,0.0,0.0,0.0,0.41415947675704956,0.05708879604935646,0.49927765130996704,0.7072228789329529,-0.00494005810469389,0.083103708922863,0.0017292258562520146,3.721407651901245,0
frames/frame_000829.pgm,1784901245.983780,approach_hold,0.4,0.056620182821236,0.5,0.0,239,160,160,1,0,59595031,0,0,0.0,0.0,0.0,0.0,0.0,0.0,0,0.0,0.0,0.0,0.41415947675704956,0.05708879604935646,0.49927765130996704,0.7072228789329529,-0.005796337500214577,0.0695175901055336,0.004063949920237064,3.721407651901245,0
frames/frame_000830.pgm,1784901246.016797,approach_hold,0.4,0.05127574916218459,0.5,0.0,240,160,160,1,0,59628356,0,0,0.0,0.0,0.0,0.0,0.0,0.0,0,0.0,0.0,0.0,0.4161756932735443,0.05892239883542061,0.49935856461524963,0.8759538531303406,-0.006971524562686682,0.056960366666316986,0.004537985194474459,3.721407651901245,0
frames/frame_000831.pgm,1784901246.050132,approach_hold,0.4,0.04829384537004074,0.5,0.0,241,160,160,1,0,59661682,0,0,0.0,0.0,0.0,0.0,0.0,0.0,0,0.0,0.0,0.0,0.4161756932735443,0.05892239883542061,0.49935856461524963,0.8759538531303406,-0.006971524562686682,0.056960366666316986,0.004537985194474459,3.721407651901245,0
frames/frame_000832.pgm,1784901246.083404,approach_hold,0.4,0.04227446265071224,0.5,0.0,242,160,160,1,0,59695037,0,0,0.0,0.0,0.0,0.0,0.0,0.0,0,0.0,0.0,0.0,0.41697388887405396,0.058718156069517136,0.498992919921875,1.064743995666504,-0.011408516205847263,0.04197072982788086,0.007146044634282589,3.721407651901245,0
frames/frame_000833.pgm,1784901246.118967,approach_hold,0.4,0.03865478408169845,0.5,0.0,243,160,160,1,0,59728363,0,0,0.0,0.0,0.0,0.0,0.0,0.0,0,0.0,0.0,0.0,0.41643938422203064,0.05602271482348442,0.5003435015678406,1.252629280090332,-0.018724197521805763,0.023619841784238815,0.014396056532859802,3.721407651901245,0
frames/frame_000834.pgm,1784901246.150199,approach_hold,0.4,0.03524301309311678,0.5,0.0,244,160,160,1,0,59761688,0,0,0.0,0.0,0.0,0.0,0.0,0.0,0,0.0,0.0,0.0,0.41876405477523804,0.05391741544008255,0.5019478797912598,1.451696753501892,-0.018724197521805763,0.023619841784238815,0.014396056532859802,3.721407651901245,0
frames/frame_000835.pgm,1784901246.183509,approach_hold,0.4,0.02829179695030595,0.5,0.0,245,160,160,1,0,59795013,0,0,0.0,0.0,0.0,0.0,0.0,0.0,0,0.0,0.0,0.0,0.41876405477523804,0.05391741544008255,0.5019478797912598,1.451696753501892,-0.02033405378460884,0.007928307168185711,0.020000776275992393,3.7266862392425537,0
frames/frame_000836.pgm,1784901246.221591,approach_hold,0.4,0.024453490871392664,0.5,0.0,246,160,160,1,0,59828338,0,0,0.0,0.0,0.0,0.0,0.0,0.0,0,0.0,0.0,0.0,0.41881078481674194,0.0516425184905529,0.5034770369529724,1.6123526096343994,-0.02475942112505436,-0.005879699718207121,0.018394745886325836,3.7266862392425537,0
frames/frame_000837.pgm,1784901246.296107,approach_hold,0.4,0.009448111526081741,0.5,0.0,247,160,160,1,0,59861663,0,0,0.0,0.0,0.0,0.0,0.0,0.0,0,0.0,0.0,0.0,0.4187273383140564,0.045713603496551514,0.5033746361732483,1.7220302820205688,-0.028452206403017044,-0.02357937954366207,0.008897433988749981,3.7266862392425537,0
frames/frame_000838.pgm,1784901246.306603,approach_hold,0.4,0.009448111526081741,0.5,0.0,248,160,160,1,0,59895019,0,0,0.0,0.0,0.0,0.0,0.0,0.0,0,0.0,0.0,0.0,0.4187273383140564,0.045713603496551514,0.5033746361732483,1.7220302820205688,-0.028452206403017044,-0.02357937954366207,0.008897433988749981,3.7266862392425537,0
frames/frame_000839.pgm,1784901246.323391,approach_hold,0.4,0.006006428697822319,0.5,0.0,249,160,160,1,0,59928344,0,0,0.0,0.0,0.0,0.0,0.0,0.0,0,0.0,0.0,0.0,0.41485095024108887,0.04307711869478226,0.5034781098365784,1.8007100820541382,-0.03772467002272606,-0.03251026198267937,0.004444133955985308,3.7266862392425537,0
frames/frame_000840.pgm,1784901246.350318,approach_hold,0.4,0.00262611070666188,0.5,0.0,250,160,160,1,0,59961669,0,0,0.0,0.0,0.0,0.0,0.0,0.0,0,0.0,0.0,0.0,0.41485095024108887,0.04307711869478226,0.5034781098365784,1.8007100820541382,-0.03772467002272606,-0.03251026198267937,0.004444133955985308,3.7266862392425537,0
frames/frame_000841.pgm,1784901246.389727,approach_hold,0.4,-0.005565728100943105,0.5,0.0,251,160,160,1,0,59994995,0,0,0.0,0.0,0.0,0.0,0.0,0.0,0,0.0,0.0,0.0,0.4117376208305359,0.03518638387322426,0.5043168663978577,1.8710500001907349,-0.0440606065094471,-0.048461198806762695,0.006975652649998665,3.721407651901245,0
frames/frame_000842.pgm,1784901246.782522,approach_hold,0.4,-0.06241189815503398,0.5,0.0,252,160,160,1,0,60028320,0,0,0.0,0.0,0.0,0.0,0.0,0.0,0,0.0,0.0,0.0,0.40661290287971497,-0.009070153348147869,0.5054214000701904,1.6662603616714478,-0.012284385971724987,-0.09584327787160873,0.0016637502703815699,3.7319648265838623,0
frames/frame_000843.pgm,1784901246.810189,approach_hold,0.4,-0.06485952457006072,0.5,0.0,253,160,160,1,0,60061645,0,0,0.0,0.0,0.0,0.0,0.0,0.0,0,0.0,0.0,0.0,0.4082275927066803,-0.013865318149328232,0.506064772605896,1.5383763313293457,-0.012284385971724987,-0.09584327787160873,0.0016637502703815699,3.7319648265838623,0
frames/frame_000844.pgm,1784901246.824585,approach_hold,0.4,-0.06713029513342544,0.5,0.0,254,160,160,1,0,60095001,0,0,0.0,0.0,0.0,0.0,0.0,0.0,0,0.0,0.0,0.0,0.4082275927066803,-0.013865318149328232,0.506064772605896,1.5383763313293457,-0.0038356324657797813,-0.09612218290567398,0.0020784500520676374,3.7319648265838623,0
frames/frame_000845.pgm,1784901246.858516,approach_hold,0.4,-0.06895400753206116,0.5,0.0,7,160,160,1,0,60394958,0,0,0.0,0.0,0.0,0.0,0.0,0.0,0,0.0,0.0,0.0,0.4082275927066803,-0.013865318149328232,0.506064772605896,1.5383763313293457,-0.0038356324657797813,-0.09612218290567398,0.0020784500520676374,3.7319648265838623,0
frames/frame_000846.pgm,1784901246.872643,approach_hold,0.4,-0.07072935680999966,0.5,0.0,9,160,160,1,0,60461608,0,0,0.0,0.0,0.0,0.0,0.0,0.0,0,0.0,0.0,0.0,0.4135565757751465,-0.015718571841716766,0.5064600706100464,1.3467626571655273,0.009082073345780373,-0.09138083457946777,0.00025549906422384083,3.7266862392425537,0
frames/frame_000847.pgm,1784901246.893416,approach_hold,0.4,-0.07258354143140043,0.5,0.0,10,160,160,1,0,60494964,0,0,0.0,0.0,0.0,0.0,0.0,0.0,0,0.0,0.0,0.0,0.4135565757751465,-0.015718571841716766,0.5064600706100464,1.3467626571655273,0.009082073345780373,-0.09138083457946777,0.00025549906422384083,3.7266862392425537,0
frames/frame_000848.pgm,1784901246.918834,approach_hold,0.4,-0.07421225193118557,0.5,0.0,11,160,160,1,0,60528289,0,0,0.0,0.0,0.0,0.0,0.0,0.0,0,0.0,0.0,0.0,0.4130537509918213,-0.020969253033399582,0.5057939887046814,1.0945028066635132,0.00946867186576128,-0.09281066805124283,-0.004653026349842548,3.7266862392425537,0
frames/frame_000849.pgm,1784901246.955162,approach_hold,0.4,-0.07567992763076066,0.5,0.0,12,160,160,1,0,60561614,0,0,0.0,0.0,0.0,0.0,0.0,0.0,0,0.0,0.0,0.0,0.41998907923698425,-0.021412186324596405,0.506138801574707,0.7884593605995178,0.019531402736902237,-0.08724139630794525,-0.0018285909900441766,3.7266862392425537,0
frames/frame_000850.pgm,1784901246.990762,approach_hold,0.4,-0.07788871466281855,0.5,0.0,13,160,160,1,0,60594940,0,0,0.0,0.0,0.0,0.0,0.0,0.0,0,0.0,0.0,0.0,0.41998907923698425,-0.021412186324596405,0.506138801574707,0.7884593605995178,0.019531402736902237,-0.08724139630794525,-0.0018285909900441766,3.7266862392425537,0
frames/frame_000851.pgm,1784901247.019866,approach_hold,0.4,-0.07867345439637558,0.5,0.0,14,160,160,1,0,60628265,0,0,0.0,0.0,0.0,0.0,0.0,0.0,0,0.0,0.0,0.0,0.42480677366256714,-0.02457696571946144,0.5065244436264038,0.45060959458351135,0.022897299379110336,-0.08694054931402206,0.002319772494956851,3.7266862392425537,0
frames/frame_000852.pgm,1784901247.050313,approach_hold,0.4,-0.0792579597742566,0.5,0.0,15,160,160,1,0,60661590,0,0,0.0,0.0,0.0,0.0,0.0,0.0,0,0.0,0.0,0.0,0.42720797657966614,-0.026952505111694336,0.5072928071022034,0.02164180763065815,0.022897299379110336,-0.08694054931402206,0.002319772494956851,3.7266862392425537,0
frames/frame_000853.pgm,1784901247.087303,approach_hold,0.4,-0.07996011289570759,0.5,0.0,16,160,160,1,0,60694946,0,0,0.0,0.0,0.0,0.0,0.0,0.0,0,0.0,0.0,0.0,0.42720797657966614,-0.026952505111694336,0.5072928071022034,0.02164180763065815,0.017479220405220985,-0.08588679879903793,0.0029999578837305307,3.7266862392425537,0
frames/frame_000854.pgm,1784901247.116741,approach_hold,0.4,-0.0799830740835213,0.5,0.0,17,160,160,1,0,60728271,0,0,0.0,0.0,0.0,0.0,0.0,0.0,0,0.0,0.0,0.0,0.4312484860420227,-0.029776010662317276,0.5055840611457825,-0.4875270426273346,0.011590065434575081,-0.08517472445964813,-0.012226715683937073,3.7266862392425537,0
frames/frame_000855.pgm,1784901247.150100,approach_hold,0.4,-0.0798419604346003,0.5,0.0,18,160,160,1,0,60761596,0,0,0.0,0.0,0.0,0.0,0.0,0.0,0,0.0,0.0,0.0,0.4340974688529968,-0.033553216606378555,0.5040107369422913,-0.9590818881988525,0.011590065434575081,-0.08517472445964813,-0.012226715683937073,3.7266862392425537,0
frames/frame_000856.pgm,1784901247.185227,approach_hold,0.4,-0.07896056274905379,0.5,0.0,19,160,160,1,0,60794921,0,0,0.0,0.0,0.0,0.0,0.0,0.0,0,0.0,0.0,0.0,0.4340974688529968,-0.033553216606378555,0.5040107369422913,-0.9590818881988525,0.0017841358203440905,-0.08644521236419678,-0.020643295720219612,3.7161290645599365,0
frames/frame_000857.pgm,1784901247.217794,approach_hold,0.4,-0.07750525089858677,0.5,0.0,20,160,160,1,0,60828247,0,0,0.0,0.0,0.0,0.0,0.0,0.0,0,0.0,0.0,0.0,0.4353058338165283,-0.037809111177921295,0.5016059279441833,-1.396850347518921,-0.012098325416445732,-0.08811866492033005,-0.025109780952334404,3.7161290645599365,0
frames/frame_000858.pgm,1784901247.257146,approach_hold,0.4,-0.07654725581773143,0.5,0.0,21,160,160,1,0,60861572,0,0,0.0,0.0,0.0,0.0,0.0,0.0,0,0.0,0.0,0.0,0.4340079128742218,-0.04284760355949402,0.5021960735321045,-1.7955403327941895,-0.030554521828889847,-0.08989372104406357,-0.009378240443766117,3.7161290645599365,0
frames/frame_000859.pgm,1784901247.283629,approach_hold,0.4,-0.07522861549803869,0.5,0.0,22,160,160,1,0,60894927,0,0,0.0,0.0,0.0,0.0,0.0,0.0,0,0.0,0.0,0.0,0.4340079128742218,-0.04284760355949402,0.5021960735321045,-1.7955403327941895,-0.030554521828889847,-0.08989372104406357,-0.009378240443766117,3.7161290645599365,0
frames/frame_000860.pgm,1784901247.316889,approach_hold,0.4,-0.07248942701767,0.5,0.0,23,160,160,1,0,60928253,0,0,0.0,0.0,0.0,0.0,0.0,0.0,0,0.0,0.0,0.0,0.43436381220817566,-0.0446016900241375,0.5027927160263062,-2.1334192752838135,-0.044475771486759186,-0.08451680094003677,0.0004766972560901195,3.7161290645599365,0
frames/frame_000861.pgm,1784901247.420193,approach_hold,0.4,-0.06266884992439227,0.5,0.0,24,160,160,1,0,60961578,0,0,0.0,0.0,0.0,0.0,0.0,0.0,0,0.0,0.0,0.0,0.4291597306728363,-0.04958072677254677,0.5030183792114258,-2.657188892364502,-0.07071929425001144,-0.0733402669429779,-0.0024581728503108025,3.7266862392425537,0
frames/frame_000862.pgm,1784901247.429944,approach_hold,0.4,-0.06266884992439227,0.5,0.0,25,160,160,1,0,60994903,0,0,0.0,0.0,0.0,0.0,0.0,0.0,0,0.0,0.0,0.0,0.4291597306728363,-0.04958072677254677,0.5030183792114258,-2.657188892364502,-0.07071929425001144,-0.0733402669429779,-0.0024581728503108025,3.7266862392425537,0
frames/frame_000863.pgm,1784901247.456276,approach_hold,0.4,-0.06019878054040728,0.5,0.0,26,160,160,1,0,61028228,0,0,0.0,0.0,0.0,0.0,0.0,0.0,0,0.0,0.0,0.0,0.4291597306728363,-0.04958072677254677,0.5030183792114258,-2.657188892364502,-0.07071929425001144,-0.0733402669429779,-0.0024581728503108025,3.7266862392425537,0
frames/frame_000864.pgm,1784901247.481474,approach_hold,0.4,-0.057575327896663614,0.5,0.0,27,160,160,1,0,61061553,0,0,0.0,0.0,0.0,0.0,0.0,0.0,0,0.0,0.0,0.0,0.42384961247444153,-0.05296503007411957,0.5039514899253845,-2.816157102584839,-0.08226856589317322,-0.06833778321743011,-0.005691256374120712,3.7161290645599365,0
frames/frame_000865.pgm,1784901247.496958,approach_hold,0.4,-0.05498775162638195,0.5,0.0,28,160,160,1,0,61094909,0,0,0.0,0.0,0.0,0.0,0.0,0.0,0,0.0,0.0,0.0,0.42384961247444153,-0.05296503007411957,0.5039514899253845,-2.816157102584839,-0.08226856589317322,-0.06833778321743011,-0.005691256374120712,3.7161290645599365,0
frames/frame_000866.pgm,1784901247.538940,approach_hold,0.4,-0.04921600781494159,0.5,0.0,29,160,160,1,0,61128234,0,0,0.0,0.0,0.0,0.0,0.0,0.0,0,0.0,0.0,0.0,0.4220200479030609,-0.0549720898270607,0.5035263895988464,-2.9150373935699463,-0.08341813832521439,-0.05963773652911186,-0.015745464712381363,3.7161290645599365,0
frames/frame_000867.pgm,1784901247.549323,approach_hold,0.4,-0.04921600781494159,0.5,0.0,30,160,160,1,0,61161560,0,0,0.0,0.0,0.0,0.0,0.0,0.0,0,0.0,0.0,0.0,0.4220200479030609,-0.0549720898270607,0.5035263895988464,-2.9150373935699463,-0.08341813832521439,-0.05963773652911186,-0.015745464712381363,3.7161290645599365,0
frames/frame_000868.pgm,1784901247.583566,approach_hold,0.4,-0.043186248360288775,0.5,0.0,31,160,160,1,0,61194885,0,0,0.0,0.0,0.0,0.0,0.0,0.0,0,0.0,0.0,0.0,0.4180406928062439,-0.05576920881867409,0.5016730427742004,-2.9986371994018555,-0.08371458947658539,-0.04751792177557945,-0.02818315662443638,3.7161290645599365,0
frames/frame_000869.pgm,1784901247.617204,approach_hold,0.4,-0.04024962241834189,0.5,0.0,32,160,160,1,0,61228210,0,0,0.0,0.0,0.0,0.0,0.0,0.0,0,0.0,0.0,0.0,0.41255882382392883,-0.05805808678269386,0.5019581317901611,-3.009791135787964,-0.08274547755718231,-0.03688481077551842,-0.01864459365606308,3.7161290645599365,0
frames/frame_000870.pgm,1784901247.654032,approach_hold,0.4,-0.0337100715848649,0.5,0.0,33,160,160,1,0,61261535,0,0,0.0,0.0,0.0,0.0,0.0,0.0,0,0.0,0.0,0.0,0.40663084387779236,-0.06041070073843002,0.49933522939682007,-2.908663749694824,-0.07949896901845932,-0.026508579030632973,-0.024891411885619164,3.7161290645599365,0
frames/frame_000871.pgm,1784901247.683498,approach_hold,0.4,-0.030595814319995012,0.5,0.0,34,160,160,1,0,61294891,0,0,0.0,0.0,0.0,0.0,0.0,0.0,0,0.0,0.0,0.0,0.40663084387779236,-0.06041070073843002,0.49933522939682007,-2.908663749694824,-0.07949896901845932,-0.026508579030632973,-0.024891411885619164,3.7161290645599365,0
frames/frame_000872.pgm,1784901247.716956,approach_hold,0.4,-0.02287206422377595,0.5,0.0,35,160,160,1,0,61328216,0,0,0.0,0.0,0.0,0.0,0.0,0.0,0,0.0,0.0,0.0,0.4030130207538605,-0.0609271340072155,0.497245192527771,-2.757307291030884,-0.07036853581666946,-0.012083930894732475,-0.021928023546934128,3.7161290645599365,0
frames/frame_000873.pgm,1784901247.752091,approach_hold,0.4,-0.01954790318670521,0.5,0.0,36,160,160,1,0,61361541,0,0,0.0,0.0,0.0,0.0,0.0,0.0,0,0.0,0.0,0.0,0.4005850851535797,-0.061778150498867035,0.4981885254383087,-2.5780081748962402,-0.058268480002880096,0.002434080932289362,-0.0067008063197135925,3.7161290645599365,0
frames/frame_000874.pgm,1784901247.783205,approach_hold,0.4,-0.011316568708455401,0.5,0.0,37,160,160,1,0,61394866,0,0,0.0,0.0,0.0,0.0,0.0,0.0,0,0.0,0.0,0.0,0.4005850851535797,-0.061778150498867035,0.4981885254383087,-2.5780081748962402,-0.058268480002880096,0.002434080932289362,-0.0067008063197135925,3.7161290645599365,0
frames/frame_000875.pgm,1784901247.854555,approach_hold,0.4,0.0007688560860469386,0.5,0.0,38,160,160,1,0,61428192,0,0,0.0,0.0,0.0,0.0,0.0,0.0,0,0.0,0.0,0.0,0.39736852049827576,-0.061067357659339905,0.4975132346153259,-2.4004759788513184,-0.047703154385089874,0.01955770142376423,-0.006041854619979858,3.7161290645599365,0
frames/frame_000876.pgm,1784901247.860397,approach_hold,0.4,0.0007688560860469386,0.5,0.0,39,160,160,1,0,61461517,0,0,0.0,0.0,0.0,0.0,0.0,0.0,0,0.0,0.0,0.0,0.3963187038898468,-0.05865507200360298,0.49717503786087036,-2.2815375328063965,-0.047703154385089874,0.01955770142376423,-0.006041854619979858,3.7161290645599365,0
frames/frame_000877.pgm,1784901247.884014,approach_hold,0.4,0.004347132779053492,0.5,0.0,40,160,160,1,0,61494873,0,0,0.0,0.0,0.0,0.0,0.0,0.0,0,0.0,0.0,0.0,0.3963187038898468,-0.05865507200360298,0.49717503786087036,-2.2815375328063965,-0.03437725827097893,0.03861948475241661,-0.0021282488014549017,3.7161290645599365,0
frames/frame_000878.pgm,1784901247.931118,approach_hold,0.4,0.01123940964962575,0.5,0.0,41,160,160,1,0,61528198,0,0,0.0,0.0,0.0,0.0,0.0,0.0,0,0.0,0.0,0.0,0.3995486795902252,-0.053767960518598557,0.4962361752986908,-2.2234466075897217,-0.014358301647007465,0.05995529145002365,-0.0022647909354418516,3.7161290645599365,0
frames/frame_000879.pgm,1784901247.953533,approach_hold,0.4,0.014914908189413363,0.5,0.0,42,160,160,1,0,61561523,0,0,0.0,0.0,0.0,0.0,0.0,0.0,0,0.0,0.0,0.0,0.4049817621707916,-0.04489988461136818,0.496494859457016,-2.1782915592193604,0.00775413541123271,0.08478732407093048,0.0008074897923506796,3.710850477218628,0
frames/frame_000880.pgm,1784901247.983652,approach_hold,0.4,0.022047703971989276,0.5,0.0,43,160,160,1,0,61594848,0,0,0.0,0.0,0.0,0.0,0.0,0.0,0,0.0,0.0,0.0,0.4049817621707916,-0.04489988461136818,0.496494859457016,-2.1782915592193604,0.00775413541123271,0.08478732407093048,0.0008074897923506796,3.710850477218628,0
frames/frame_000881.pgm,1784901248.020269,approach_hold,0.4,0.025561184510053733,0.5,0.0,44,160,160,1,0,61628173,0,0,0.0,0.0,0.0,0.0,0.0,0.0,0,0.0,0.0,0.0,0.4058217704296112,-0.04268602281808853,0.4968206286430359,-2.1040518283843994,0.018445907160639763,0.09446916729211807,0.0038140835240483284,3.710850477218628,0
frames/frame_000882.pgm,1784901248.050171,approach_hold,0.4,0.032223879094360156,0.5,0.0,45,160,160,1,0,61661499,0,0,0.0,0.0,0.0,0.0,0.0,0.0,0,0.0,0.0,0.0,0.41137751936912537,-0.03424404188990593,0.49716371297836304,-2.0634727478027344,0.018445907160639763,0.09446916729211807,0.0038140835240483284,3.710850477218628,0
frames/frame_000883.pgm,1784901248.088475,approach_hold,0.4,0.035792420844394573,0.5,0.0,46,160,160,1,0,61694854,0,0,0.0,0.0,0.0,0.0,0.0,0.0,0,0.0,0.0,0.0,0.41137751936912537,-0.03424404188990593,0.49716371297836304,-2.0634727478027344,0.031588148325681686,0.11127618700265884,0.004611226264387369,3.7161290645599365,0
frames/frame_000884.pgm,1784901248.117026,approach_hold,0.4,0.03948766360283208,0.5,0.0,47,160,160,1,0,61728179,0,0,0.0,0.0,0.0,0.0,0.0,0.0,0,0.0,0.0,0.0,0.41614770889282227,-0.02992762252688408,0.4968761205673218,-2.0856943130493164,0.03879078850150108,0.11726522445678711,0.0029198341071605682,3.7161290645599365,0
frames/frame_000885.pgm,1784901248.150312,approach_hold,0.4,0.04636897349358152,0.5,0.0,48,160,160,1,0,61761505,0,0,0.0,0.0,0.0,0.0,0.0,0.0,0,0.0,0.0,0.0,0.4185510277748108,-0.02408616617321968,0.49789074063301086,-2.152608871459961,0.03879078850150108,0.11726522445678711,0.0029198341071605682,3.7161290645599365,0
frames/frame_000886.pgm,1784901248.183573,approach_hold,0.4,0.0495282876770572,0.5,0.0,49,160,160,1,0,61794830,0,0,0.0,0.0,0.0,0.0,0.0,0.0,0,0.0,0.0,0.0,0.4185510277748108,-0.02408616617321968,0.49789074063301086,-2.152608871459961,0.0368560254573822,0.12242155522108078,0.008636309765279293,3.721407651901245,0
frames/frame_000887.pgm,1784901248.279312,approach_hold,0.4,0.0610517175543434,0.5,0.0,50,160,160,1,0,61828155,0,0,0.0,0.0,0.0,0.0,0.0,0.0,0,0.0,0.0,0.0,0.4289153516292572,-0.012043600901961327,0.4981069266796112,-2.3725430965423584,0.029369063675403595,0.1293688267469406,0.006348340772092342,3.7161290645599365,0
frames/frame_000888.pgm,1784901248.302720,approach_hold,0.4,0.06339258472114746,0.5,0.0,51,160,160,1,0,61861480,0,0,0.0,0.0,0.0,0.0,0.0,0.0,0,0.0,0.0,0.0,0.4289153516292572,-0.012043600901961327,0.4981069266796112,-2.3725430965423584,0.029369063675403595,0.1293688267469406,0.006348340772092342,3.7161290645599365,0
frames/frame_000889.pgm,1784901248.319661,approach_hold,0.4,0.0658512191919433,0.5,0.0,52,160,160,1,0,61894836,0,0,0.0,0.0,0.0,0.0,0.0,0.0,0,0.0,0.0,0.0,0.4298880100250244,-0.005739185493439436,0.4974006712436676,-2.456758975982666,0.015284661203622818,0.13086237013339996,0.0018230709247291088,3.7161290645599365,0
frames/frame_000890.pgm,1784901248.346377,approach_hold,0.4,0.06791456441693117,0.5,0.0,53,160,160,1,0,61928161,0,0,0.0,0.0,0.0,0.0,0.0,0.0,0,0.0,0.0,0.0,0.4298880100250244,-0.005739185493439436,0.4974006712436676,-2.456758975982666,0.015284661203622818,0.13086237013339996,0.0018230709247291088,3.7161290645599365,0
frames/frame_000891.pgm,1784901248.524918,approach_hold,0.4,0.0789462584085696,0.5,0.0,54,160,160,1,0,61961486,0,0,0.0,0.0,0.0,0.0,0.0,0.0,0,0.0,0.0,0.0,0.4300652742385864,0.019972816109657288,0.5024012327194214,-2.2565879821777344,-0.04158633574843407,0.1324077695608139,0.0036793749313801527,3.7161290645599365,0
frames/frame_000892.pgm,1784901248.560277,approach_hold,0.4,0.07948990707408402,0.5,0.0,55,160,160,1,0,61994812,0,0,0.0,0.0,0.0,0.0,0.0,0.0,0,0.0,0.0,0.0,0.42827078700065613,0.023354308679699898,0.5018876791000366,-2.1437175273895264,-0.05305227264761925,0.1252024620771408,-0.0007719631539657712,3.721407651901245,0
frames/frame_000893.pgm,1784901248.570745,approach_hold,0.4,0.07982370057554383,0.5,0.0,56,160,160,1,0,62028137,0,0,0.0,0.0,0.0,0.0,0.0,0.0,0,0.0,0.0,0.0,0.42827078700065613,0.023354308679699898,0.5018876791000366,-2.1437175273895264,-0.05305227264761925,0.1252024620771408,-0.0007719631539657712,3.721407651901245,0
frames/frame_000894.pgm,1784901248.589800,approach_hold,0.4,0.07997993488692631,0.5,0.0,61,160,160,1,0,62194793,0,0,0.0,0.0,0.0,0.0,0.0,0.0,0,0.0,0.0,0.0,0.42827078700065613,0.023354308679699898,0.5018876791000366,-2.1437175273895264,-0.05305227264761925,0.1252024620771408,-0.0007719631539657712,3.721407651901245,0
frames/frame_000895.pgm,1784901248.605732,approach_hold,0.4,0.07997993488692631,0.5,0.0,62,160,160,1,0,62228118,0,0,0.0,0.0,0.0,0.0,0.0,0.0,0,0.0,0.0,0.0,0.4244641363620758,0.02861708588898182,0.5027333498001099,-2.0309486389160156,-0.0654401034116745,0.12034502625465393,0.0013023640494793653,3.721407651901245,0
frames/frame_000896.pgm,1784901248.650073,approach_hold,0.4,0.07981904765524261,0.5,0.0,63,160,160,1,0,62261444,0,0,0.0,0.0,0.0,0.0,0.0,0.0,0,0.0,0.0,0.0,0.41856902837753296,0.03411734849214554,0.5020764470100403,-1.945203185081482,-0.0654401034116745,0.12034502625465393,0.0013023640494793653,3.7161290645599365,0
frames/frame_000897.pgm,1784901248.683317,approach_hold,0.4,0.07899891540589374,0.5,0.0,64,160,160,1,0,62294799,0,0,0.0,0.0,0.0,0.0,0.0,0.0,0,0.0,0.0,0.0,0.41856902837753296,0.03411734849214554,0.5020764470100403,-1.945203185081482,-0.07909136265516281,0.11747473478317261,0.00037057610461488366,3.7161290645599365,0
frames/frame_000898.pgm,1784901248.716418,approach_hold,0.4,0.07822330912915351,0.5,0.0,65,160,160,1,0,62328125,0,0,0.0,0.0,0.0,0.0,0.0,0.0,0,0.0,0.0,0.0,0.4141009747982025,0.03579508513212204,0.5006929039955139,-1.876619577407837,-0.08337919414043427,0.10381278395652771,-0.002951424801722169,3.7161290645599365,0
frames/frame_000899.pgm,1784901248.750451,approach_hold,0.4,0.07639896762971742,0.5,0.0,66,160,160,1,0,62361450,0,0,0.0,0.0,0.0,0.0,0.0,0.0,0,0.0,0.0,0.0,0.4104996621608734,0.0359041765332222,0.5015137791633606,-1.818898320198059,-0.08337919414043427,0.10381278395652771,-0.002951424801722169,3.721407651901245,0
frames/frame_000900.pgm,1784901248.783194,approach_hold,0.4,0.07504389088914709,0.5,0.0,67,160,160,1,0,62394775,0,0,0.0,0.0,0.0,0.0,0.0,0.0,0,0.0,0.0,0.0,0.4104996621608734,0.0359041765332222,0.5015137791633606,-1.818898320198059,-0.08416147530078888,0.09091145545244217,0.0019824551418423653,3.721407651901245,0
frames/frame_000901.pgm,1784901248.816748,approach_hold,0.4,0.07225143501425217,0.5,0.0,68,160,160,1,0,62428100,0,0,0.0,0.0,0.0,0.0,0.0,0.0,0,0.0,0.0,0.0,0.40224817395210266,0.039368484169244766,0.5018000602722168,-1.7350915670394897,-0.08660219609737396,0.08192966133356094,0.0025760773569345474,3.721407651901245,0
frames/frame_000902.pgm,1784901248.850060,approach_hold,0.4,0.07042662665670539,0.5,0.0,69,160,160,1,0,62461425,0,0,0.0,0.0,0.0,0.0,0.0,0.0,0,0.0,0.0,0.0,0.3955790102481842,0.04012848064303398,0.5019322037696838,-1.711539387702942,-0.08660219609737396,0.08192966133356094,0.0025760773569345474,3.721407651901245,0
frames/frame_000903.pgm,1784901248.883746,land,0.3955790102481842,0.04012848064303398,0.4965033764470263,-1.711539387702942,70,160,160,1,0,62494781,0,0,0.0,0.0,0.0,0.0,0.0,0.0,0,0.0,0.0,0.0,0.3955790102481842,0.04012848064303398,0.5019322037696838,-1.711539387702942,-0.08622132241725922,0.07252345979213715,0.0016748098423704505,3.721407651901245,0
frames/frame_000904.pgm,1784901248.917673,land,0.3955790102481842,0.04012848064303398,0.4911737321100489,-1.711539387702942,71,160,160,1,0,62528106,0,0,0.0,0.0,0.0,0.0,0.0,0.0,0,0.0,0.0,0.0,0.3899998962879181,0.03859005868434906,0.5028505325317383,-1.7347296476364136,-0.07943201810121536,0.05815973877906799,0.005327846854925156,3.721407651901245,0
frames/frame_000905.pgm,1784901248.949605,land,0.3955790102481842,0.04012848064303398,0.4814874710864842,-1.711539387702942,72,160,160,1,0,62561431,0,0,0.0,0.0,0.0,0.0,0.0,0.0,0,0.0,0.0,0.0,0.3899998962879181,0.03859005868434906,0.5028505325317383,-1.7347296476364136,-0.07943201810121536,0.05815973877906799,0.005327846854925156,3.721407651901245,0
frames/frame_000906.pgm,1784901248.985231,land,0.3955790102481842,0.04012848064303398,0.47618492563152587,-1.711539387702942,73,160,160,1,0,62594757,0,0,0.0,0.0,0.0,0.0,0.0,0.0,0,0.0,0.0,0.0,0.38739368319511414,0.03931712359189987,0.5034825205802917,-2.0066471099853516,-0.06527992337942123,0.046773817390203476,0.0007335868431255221,3.7266862392425537,0
frames/frame_000907.pgm,1784901249.018360,land,0.3955790102481842,0.04012848064303398,0.465847213949165,-1.711539387702942,74,160,160,1,0,62628082,0,0,0.0,0.0,0.0,0.0,0.0,0.0,0,0.0,0.0,0.0,0.3827928602695465,0.03996224328875542,0.502235472202301,-2.2948923110961914,-0.054222457110881805,0.03381393477320671,-0.01670999638736248,3.7266862392425537,0
frames/frame_000908.pgm,1784901249.049962,land,0.3955790102481842,0.04012848064303398,0.4601845173484861,-1.711539387702942,75,160,160,1,0,62661407,0,0,0.0,0.0,0.0,0.0,0.0,0.0,0,0.0,0.0,0.0,0.38128194212913513,0.03594053164124489,0.5011287927627563,-2.5622448921203613,-0.054222457110881805,0.03381393477320671,-0.01670999638736248,3.7319648265838623,0
frames/frame_000909.pgm,1784901249.083168,land,0.3955790102481842,0.04012848064303398,0.4551836153138552,-1.711539387702942,76,160,160,1,0,62694763,0,0,0.0,0.0,0.0,0.0,0.0,0.0,0,0.0,0.0,0.0,0.38128194212913513,0.03594053164124489,0.5011287927627563,-2.5622448921203613,-0.038909099996089935,0.013932676985859871,-0.03193195164203644,3.7319648265838623,0
frames/frame_000910.pgm,1784901249.123724,land,0.3955790102481842,0.04012848064303398,0.4446118727299222,-1.711539387702942,77,160,160,1,0,62728088,0,0,0.0,0.0,0.0,0.0,0.0,0.0,0,0.0,0.0,0.0,0.38221949338912964,0.031434882432222366,0.49975138902664185,-2.761876106262207,-0.021167127415537834,-0.003483066102489829,-0.047022443264722824,3.7319648265838623,0
frames/frame_000911.pgm,1784901249.161625,land,0.3955790102481842,0.04012848064303398,0.4349567511771468,-1.711539387702942,78,160,160,1,0,62761413,0,0,0.0,0.0,0.0,0.0,0.0,0.0,0,0.0,0.0,0.0,0.38285067677497864,0.026092948392033577,0.49563995003700256,-2.90396785736084,-0.021167127415537834,-0.003483066102489829,-0.047022443264722824,3.737243413925171,0
frames/frame_000912.pgm,1784901249.183377,land,0.3955790102481842,0.04012848064303398,0.42991027130118764,-1.711539387702942,79,160,160,1,0,62794738,0,0,0.0,0.0,0.0,0.0,0.0,0.0,0,0.0,0.0,0.0,0.38285067677497864,0.026092948392033577,0.49563995003700256,-2.90396785736084,-0.006751396227627993,-0.01811045967042446,-0.07426107674837112,3.737243413925171,0
frames/frame_000913.pgm,1784901249.266370,land,0.3955790102481842,0.04012848064303398,0.40951278656934137,-1.711539387702942,80,160,160,1,0,62828063,0,0,0.0,0.0,0.0,0.0,0.0,0.0,0,0.0,0.0,0.0,0.3866972327232361,0.01383833959698677,0.4869287610054016,-2.8545732498168945,0.016935372725129128,-0.03572167083621025,-0.1075667217373848,3.7266862392425537,0
frames/frame_000914.pgm,1784901249.289923,land,0.3955790102481842,0.04012848064303398,0.40452497604232607,-1.711539387702942,81,160,160,1,0,62861419,0,0,0.0,0.0,0.0,0.0,0.0,0.0,0,0.0,0.0,0.0,0.3866972327232361,0.01383833959698677,0.4869287610054016,-2.8545732498168945,0.016935372725129128,-0.03572167083621025,-0.1075667217373848,3.7266862392425537,0
frames/frame_000915.pgm,1784901249.304270,land,0.3955790102481842,0.04012848064303398,0.40452497604232607,-1.711539387702942,82,160,160,1,0,62894744,0,0,0.0,0.0,0.0,0.0,0.0,0.0,0,0.0,0.0,0.0,0.3891473412513733,0.008833477273583412,0.4823179244995117,-2.6956493854522705,0.016935372725129128,-0.03572167083621025,-0.1075667217373848,3.7266862392425537,0
frames/frame_000916.pgm,1784901249.319667,land,0.3955790102481842,0.04012848064303398,0.3994798430292903,-1.711539387702942,83,160,160,1,0,62928070,0,0,0.0,0.0,0.0,0.0,0.0,0.0,0,0.0,0.0,0.0,0.3891473412513733,0.008833477273583412,0.4823179244995117,-2.6956493854522705,0.025543920695781708,-0.03586655855178833,-0.11584019660949707,3.7266862392425537,0
frames/frame_000917.pgm,1784901249.358271,land,0.3955790102481842,0.04012848064303398,0.38934410691092436,-1.711539387702942,84,160,160,1,0,62961395,0,0,0.0,0.0,0.0,0.0,0.0,0.0,0,0.0,0.0,0.0,0.3911282420158386,0.0022980577778071165,0.47720345854759216,-2.4373602867126465,0.025543920695781708,-0.03586655855178833,-0.11584019660949707,3.7319648265838623,0
frames/frame_000918.pgm,1784901249.382968,land,0.3955790102481842,0.04012848064303398,0.3844811236396509,-1.711539387702942,85,160,160,1,0,62994720,0,0,0.0,0.0,0.0,0.0,0.0,0.0,0,0.0,0.0,0.0,0.3911282420158386,0.0022980577778071165,0.47720345854759216,-2.4373602867126465,0.025543920695781708,-0.03586655855178833,-0.11584019660949707,3.7319648265838623,0
frames/frame_000919.pgm,1784901249.744694,land,0.3955790102481842,0.04012848064303398,0.3039691599216482,-1.711539387702942,86,160,160,1,0,63028045,0,0,0.0,0.0,0.0,0.0,0.0,0.0,0,0.0,0.0,0.0,0.40654826164245605,-0.005602664779871702,0.42129403352737427,0.461770236492157,0.005999645683914423,0.058257095515728,-0.19607074558734894,3.737243413925171,0
frames/frame_000920.pgm,1784901249.756865,land,0.3955790102481842,0.04012848064303398,0.2991326290381906,-1.711539387702942,87,160,160,1,0,63061401,0,0,0.0,0.0,0.0,0.0,0.0,0.0,0,0.0,0.0,0.0,0.4113483726978302,0.0067308698780834675,0.40964004397392273,0.7558326125144958,0.005999645683914423,0.058257095515728,-0.19607074558734894,3.7319648265838623,0
frames/frame_000921.pgm,1784901249.763578,land,0.3955790102481842,0.04012848064303398,0.2991326290381906,-1.711539387702942,88,160,160,1,0,63094726,0,0,0.0,0.0,0.0,0.0,0.0,0.0,0,0.0,0.0,0.0,0.4113483726978302,0.0067308698780834675,0.40964004397392273,0.7558326125144958,0.005762767046689987,0.08644425123929977,-0.21802033483982086,3.7319648265838623,0
frames/frame_000922.pgm,1784901249.775071,land,0.3955790102481842,0.04012848064303398,0.2945829799574199,-1.711539387702942,95,160,160,1,0,63328033,0,0,0.0,0.0,0.0,0.0,0.0,0.0,0,0.0,0.0,0.0,0.4113483726978302,0.0067308698780834675,0.40964004397392273,0.7558326125144958,0.005762767046689987,0.08644425123929977,-0.21802033483982086,3.7319648265838623,0
frames/frame_000923.pgm,1784901249.819456,land,0.3955790102481842,0.04012848064303398,0.28457018548670304,-1.711539387702942,98,160,160,1,0,63428009,0,0,0.0,0.0,0.0,0.0,0.0,0.0,0,0.0,0.0,0.0,0.4076487123966217,0.01088479720056057,0.39879971742630005,1.0193578004837036,-0.010845676995813847,0.09503942728042603,-0.22346191108226776,3.7319648265838623,0
frames/frame_000924.pgm,1784901249.851337,land,0.3955790102481842,0.04012848064303398,0.2789377663645425,-1.711539387702942,99,160,160,1,0,63461364,0,0,0.0,0.0,0.0,0.0,0.0,0.0,0,0.0,0.0,0.0,0.40832245349884033,0.013863551430404186,0.38721901178359985,1.2564946413040161,-0.016940485686063766,0.09625200927257538,-0.22758492827415466,3.721407651901245,0
frames/frame_000925.pgm,1784901249.883575,land,0.3955790102481842,0.04012848064303398,0.27363344305052517,-1.711539387702942,100,160,160,1,0,63494689,0,0,0.0,0.0,0.0,0.0,0.0,0.0,0,0.0,0.0,0.0,0.40832245349884033,0.013863551430404186,0.38721901178359985,1.2564946413040161,-0.016940485686063766,0.09625200927257538,-0.22758492827415466,3.721407651901245,0
frames/frame_000926.pgm,1784901249.920600,land,0.3955790102481842,0.04012848064303398,0.2625427811194598,-1.711539387702942,101,160,160,1,0,63528015,0,0,0.0,0.0,0.0,0.0,0.0,0.0,0,0.0,0.0,0.0,0.405758798122406,0.016358574852347374,0.3760298788547516,1.3821437358856201,-0.026751594617962837,0.09225419908761978,-0.22651898860931396,3.721407651901245,0
frames/frame_000927.pgm,1784901249.950985,land,0.3955790102481842,0.04012848064303398,0.2571324866306284,-1.711539387702942,102,160,160,1,0,63561340,0,0,0.0,0.0,0.0,0.0,0.0,0.0,0,0.0,0.0,0.0,0.4028346538543701,0.019929680973291397,0.3643971383571625,1.4346396923065186,-0.026751594617962837,0.09225419908761978,-0.22651898860931396,3.721407651901245,0
frames/frame_000928.pgm,1784901249.983152,land,0.3955790102481842,0.04012848064303398,0.2525343504846148,-1.711539387702942,103,160,160,1,0,63594665,0,0,0.0,0.0,0.0,0.0,0.0,0.0,0,0.0,0.0,0.0,0.4028346538543701,0.019929680973291397,0.3643971383571625,1.4346396923065186,-0.03450251370668411,0.08816707879304886,-0.23011749982833862,3.721407651901245,0
frames/frame_000929.pgm,1784901250.016111,land,0.3955790102481842,0.04012848064303398,0.24147509739692335,-1.711539387702942,104,160,160,1,0,63627990,0,0,0.0,0.0,0.0,0.0,0.0,0.0,0,0.0,0.0,0.0,0.39875587821006775,0.021570181474089622,0.35203343629837036,1.4010788202285767,-0.04121880605816841,0.07924479991197586,-0.23726242780685425,3.721407651901245,0
frames/frame_000930.pgm,1784901250.051695,land,0.3955790102481842,0.04012848064303398,0.23636806256392756,-1.711539387702942,105,160,160,1,0,63661346,0,0,0.0,0.0,0.0,0.0,0.0,0.0,0,0.0,0.0,0.0,0.39677634835243225,0.023707756772637367,0.34114107489585876,1.2083475589752197,-0.040734920650720596,0.06961683183908463,-0.2319081574678421,3.7319648265838623,0
frames/frame_000931.pgm,1784901250.107798,land,0.3955790102481842,0.04012848064303398,0.22075829840319444,-1.711539387702942,106,160,160,1,0,63694671,0,0,0.0,0.0,0.0,0.0,0.0,0.0,0,0.0,0.0,0.0,0.3953295350074768,0.02487909235060215,0.33105775713920593,0.9453176856040955,-0.03657350689172745,0.05882412940263748,-0.23492133617401123,3.7319648265838623,0
frames/frame_000932.pgm,1784901250.116878,land,0.3955790102481842,0.04012848064303398,0.22075829840319444,-1.711539387702942,107,160,160,1,0,63727996,0,0,0.0,0.0,0.0,0.0,0.0,0.0,0,0.0,0.0,0.0,0.3953295350074768,0.02487909235060215,0.33105775713920593,0.9453176856040955,-0.03657350689172745,0.05882412940263748,-0.23492133617401123,3.7319648265838623,0
frames/frame_000933.pgm,1784901250.151316,land,0.3955790102481842,0.04012848064303398,0.2100441115964813,-1.711539387702942,108,160,160,1,0,63761322,0,0,0.0,0.0,0.0,0.0,0.0,0.0,0,0.0,0.0,0.0,0.3871132731437683,0.025922147557139397,0.31924495100975037,0.6721966862678528,-0.03657350689172745,0.05882412940263748,-0.23492133617401123,3.7319648265838623,0
frames/frame_000934.pgm,1784901250.182866,land,0.3955790102481842,0.04012848064303398,0.20470746357230213,-1.711539387702942,109,160,160,1,0,63794647,0,0,0.0,0.0,0.0,0.0,0.0,0.0,0,0.0,0.0,0.0,0.3871132731437683,0.025922147557139397,0.31924495100975037,0.6721966862678528,-0.044861745089292526,0.049212295562028885,-0.24430473148822784,3.7266862392425537,0
frames/frame_000935.pgm,1784901250.215964,land,0.3955790102481842,0.04012848064303398,0.1950908084246194,-1.711539387702942,110,160,160,1,0,63827972,0,0,0.0,0.0,0.0,0.0,0.0,0.0,0,0.0,0.0,0.0,0.3857708275318146,0.02889716997742653,0.3066469728946686,0.4147634506225586,-0.0364394448697567,0.04509180039167404,-0.25480252504348755,3.7266862392425537,0
frames/frame_000936.pgm,1784901250.270322,land,0.3955790102481842,0.04012848064303398,0.18527616442719502,-1.711539387702942,111,160,160,1,0,63861328,0,0,0.0,0.0,0.0,0.0,0.0,0.0,0,0.0,0.0,0.0,0.3844410479068756,0.025670910254120827,0.2932801842689514,0.1665230691432953,-0.026823673397302628,0.029860902577638626,-0.26520824432373047,3.721407651901245,0
frames/frame_000937.pgm,1784901250.294252,land,0.3955790102481842,0.04012848064303398,0.1799465200902176,-1.711539387702942,112,160,160,1,0,63894653,0,0,0.0,0.0,0.0,0.0,0.0,0.0,0,0.0,0.0,0.0,0.3844410479068756,0.025670910254120827,0.2932801842689514,0.1665230691432953,-0.026823673397302628,0.029860902577638626,-0.26520824432373047,3.721407651901245,0
frames/frame_000938.pgm,1784901250.331920,land,0.3955790102481842,0.04012848064303398,0.1695426505010587,-1.711539387702942,113,160,160,1,0,63927978,0,0,0.0,0.0,0.0,0.0,0.0,0.0,0,0.0,0.0,0.0,0.39263901114463806,0.0261935256421566,0.27912336587905884,-0.11431394517421722,0.005804462358355522,0.025610817596316338,-0.27099528908729553,3.721407651901245,0
frames/frame_000939.pgm,1784901250.349563,land,0.3955790102481842,0.04012848064303398,0.16437883192721187,-1.711539387702942,114,160,160,1,0,63961303,0,0,0.0,0.0,0.0,0.0,0.0,0.0,0,0.0,0.0,0.0,0.3936178684234619,0.017491769045591354,0.2674904465675354,-0.3743538558483124,0.005804462358355522,0.025610817596316338,-0.27099528908729553,3.7266862392425537,0
frames/frame_000940.pgm,1784901250.385267,land,0.3955790102481842,0.04012848064303398,0.1595101918316601,-1.711539387702942,115,160,160,1,0,63994628,0,0,0.0,0.0,0.0,0.0,0.0,0.0,0,0.0,0.0,0.0,0.3936178684234619,0.017491769045591354,0.2674904465675354,-0.3743538558483124,0.018925970420241356,0.002679479541257024,-0.26350319385528564,3.7266862392425537,0
frames/frame_000941.pgm,1784901250.436031,land,0.3955790102481842,0.04012848064303398,0.14820101485990023,-1.711539387702942,116,160,160,1,0,64027954,0,0,0.0,0.0,0.0,0.0,0.0,0.0,0,0.0,0.0,0.0,0.3963888883590698,0.017005592584609985,0.25577789545059204,-0.6097190380096436,0.03200959041714668,0.0035974292550235987,-0.2573588490486145,3.7266862392425537,0
frames/frame_000942.pgm,1784901250.449367,land,0.3955790102481842,0.04012848064303398,0.14309963685118277,-1.711539387702942,117,160,160,1,0,64061309,0,0,0.0,0.0,0.0,0.0,0.0,0.0,0,0.0,0.0,0.0,0.39627882838249207,0.019533390179276466,0.24290183186531067,-0.8385437726974487,0.03200959041714668,0.0035974292550235987,-0.2573588490486145,3.7266862392425537,0
frames/frame_000943.pgm,1784901250.483293,land,0.3955790102481842,0.04012848064303398,0.13795009502432404,-1.711539387702942,118,160,160,1,0,64094635,0,0,0.0,0.0,0.0,0.0,0.0,0.0,0,0.0,0.0,0.0,0.39627882838249207,0.019533390179276466,0.24290183186531067,-0.8385437726974487,0.033018503338098526,0.01736949011683464,-0.2609327435493469,3.7266862392425537,0
frames/frame_000944.pgm,1784901250.516070,land,0.3955790102481842,0.04012848064303398,0.12791855222171333,-1.711539387702942,119,160,160,1,0,64127960,0,0,0.0,0.0,0.0,0.0,0.0,0.0,0,0.0,0.0,0.0,0.3983488082885742,0.02107132412493229,0.23001611232757568,-1.0527021884918213,0.03484790399670601,0.02857816405594349,-0.2634181082248688,3.7266862392425537,0
frames/frame_000945.pgm,1784901250.548811,land,0.3955790102481842,0.04012848064303398,0.12333506994430649,-1.711539387702942,120,160,160,1,0,64161285,0,0,0.0,0.0,0.0,0.0,0.0,0.0,0,0.0,0.0,0.0,0.4052358567714691,0.019577188417315483,0.21674248576164246,-1.236555814743042,0.03484790399670601,0.02857816405594349,-0.2634181082248688,3.7266862392425537,0
frames/frame_000946.pgm,1784901250.591579,land,0.3955790102481842,0.04012848064303398,0.1131148047088672,-1.711539387702942,121,160,160,1,0,64194610,0,0,0.0,0.0,0.0,0.0,0.0,0.0,0,0.0,0.0,0.0,0.4052358567714691,0.019577188417315483,0.21674248576164246,-1.236555814743042,0.047786127775907516,0.02976215071976185,-0.26679283380508423,3.721407651901245,0
frames/frame_000947.pgm,1784901250.622391,land,0.3955790102481842,0.04012848064303398,0.10320372532612648,-1.711539387702942,122,160,160,1,0,64227935,0,0,0.0,0.0,0.0,0.0,0.0,0.0,0,0.0,0.0,0.0,0.4097990393638611,0.019941972568631172,0.2014683336019516,-1.3819280862808228,0.051777783781290054,0.03379705920815468,-0.277040034532547,3.721407651901245,0
frames/frame_000948.pgm,1784901250.664589,land,0.3955790102481842,0.04012848064303398,0.09851384087777004,-1.711539387702942,123,160,160,1,0,64261291,0,0,0.0,0.0,0.0,0.0,0.0,0.0,0,0.0,0.0,0.0,0.4097990393638611,0.019941972568631172,0.2014683336019516,-1.3819280862808228,0.051777783781290054,0.03379705920815468,-0.277040034532547,3.721407651901245,0
frames/frame_000949.pgm,1784901250.687161,land,0.3955790102481842,0.04012848064303398,0.09851384087777004,-1.711539387702942,124,160,160,1,0,64294616,0,0,0.0,0.0,0.0,0.0,0.0,0.0,0,0.0,0.0,0.0,0.4147242307662964,0.02124122716486454,0.18813255429267883,-1.4745752811431885,0.05431521683931351,0.041086629033088684,-0.271518349647522,3.7161290645599365,0
frames/frame_000950.pgm,1784901250.742428,land,0.3955790102481842,0.04012848064303398,0.0766134187469461,-1.711539387702942,125,160,160,1,0,64327941,0,0,0.0,0.0,0.0,0.0,0.0,0.0,0,0.0,0.0,0.0,0.4157422184944153,0.023275278508663177,0.17734961211681366,-1.5612943172454834,0.03782960772514343,0.0484132394194603,-0.26434025168418884,3.7161290645599365,0
frames/frame_000951.pgm,1784901250.749655,land,0.3955790102481842,0.04012848064303398,0.0766134187469461,-1.711539387702942,126,160,160,1,0,64361267,0,0,0.0,0.0,0.0,0.0,0.0,0.0,0,0.0,0.0,0.0,0.4157422184944153,0.023275278508663177,0.17734961211681366,-1.5612943172454834,0.03782960772514343,0.0484132394194603,-0.26434025168418884,3.7161290645599365,0
frames/frame_000952.pgm,1784901250.789043,land,0.3955790102481842,0.04012848064303398,0.06577925339101537,-1.711539387702942,127,160,160,1,0,64394592,0,0,0.0,0.0,0.0,0.0,0.0,0.0,0,0.0,0.0,0.0,0.4197002351284027,0.021208150312304497,0.16385361552238464,-1.6415761709213257,0.03660162165760994,0.03471320867538452,-0.24775736033916473,3.721407651901245,0
frames/frame_000953.pgm,1784901250.816637,land,0.3955790102481842,0.04012848064303398,0.0605316060688153,-1.711539387702942,128,160,160,1,0,64427917,0,0,0.0,0.0,0.0,0.0,0.0,0.0,0,0.0,0.0,0.0,0.4195646047592163,0.02517767995595932,0.15073445439338684,-1.7297953367233276,0.013154209591448307,0.05075696110725403,-0.24783296883106232,3.721407651901245,0
frames/frame_000954.pgm,1784901250.849330,land,0.3955790102481842,0.04012848064303398,0.055812090636143785,-1.711539387702942,129,160,160,1,0,64461273,0,0,0.0,0.0,0.0,0.0,0.0,0.0,0,0.0,0.0,0.0,0.41925621032714844,0.026971066370606422,0.13946208357810974,-1.8250303268432617,0.013154209591448307,0.05075696110725403,-0.24783296883106232,3.7266862392425537,0
frames/frame_000955.pgm,1784901250.883482,land,0.3955790102481842,0.04012848064303398,0.05074793991862947,-1.711539387702942,130,160,160,1,0,64494598,0,0,0.0,0.0,0.0,0.0,0.0,0.0,0,0.0,0.0,0.0,0.41925621032714844,0.026971066370606422,0.13946208357810974,-1.8250303268432617,-0.008184999227523804,0.04837469756603241,-0.24515819549560547,3.7266862392425537,0
frames/frame_000956.pgm,1784901250.948358,land,0.3955790102481842,0.04012848064303398,0.05074793991862947,-1.711539387702942,131,160,160,1,0,64527923,0,0,0.0,0.0,0.0,0.0,0.0,0.0,0,0.0,0.0,0.0,0.41925621032714844,0.026971066370606422,0.13946208357810974,-1.8250303268432617,-0.008184999227523804,0.04837469756603241,-0.24515819549560547,3.7266862392425537,0
frames/frame_000957.pgm,1784901251.040776,land,0.3955790102481842,0.04012848064303398,0.05074793991862947,-1.711539387702942,132,160,160,1,0,64561248,0,0,0.0,0.0,0.0,0.0,0.0,0.0,0,0.0,0.0,0.0,0.41925621032714844,0.026971066370606422,0.13946208357810974,-1.8250303268432617,-0.008184999227523804,0.04837469756603241,-0.24515819549560547,3.7266862392425537,0
frames/frame_000958.pgm,1784901251.041603,land,0.3955790102481842,0.04012848064303398,0.05074793991862947,-1.711539387702942,133,160,160,1,0,64594573,0,0,0.0,0.0,0.0,0.0,0.0,0.0,0,0.0,0.0,0.0,0.41925621032714844,0.026971066370606422,0.13946208357810974,-1.8250303268432617,-0.008184999227523804,0.04837469756603241,-0.24515819549560547,3.7266862392425537,0
frames/frame_000959.pgm,1784901251.052713,land,0.3955790102481842,0.04012848064303398,0.05074793991862947,-1.711539387702942,134,160,160,1,0,64627899,0,0,0.0,0.0,0.0,0.0,0.0,0.0,0,0.0,0.0,0.0,0.41925621032714844,0.026971066370606422,0.13946208357810974,-1.8250303268432617,-0.008184999227523804,0.04837469756603241,-0.24515819549560547,3.7266862392425537,0
frames/frame_000960.pgm,1784901251.179301,land,0.3955790102481842,0.04012848064303398,0.05074793991862947,-1.711539387702942,135,160,160,1,0,64661254,0,0,0.0,0.0,0.0,0.0,0.0,0.0,0,0.0,0.0,0.0,0.41925621032714844,0.026971066370606422,0.13946208357810974,-1.8250303268432617,-0.008184999227523804,0.04837469756603241,-0.24515819549560547,3.7266862392425537,0
frames/frame_000961.pgm,1784901251.180675,land,0.3955790102481842,0.04012848064303398,0.05074793991862947,-1.711539387702942,137,160,160,1,0,64727905,0,0,0.0,0.0,0.0,0.0,0.0,0.0,0,0.0,0.0,0.0,0.41925621032714844,0.026971066370606422,0.13946208357810974,-1.8250303268432617,-0.008184999227523804,0.04837469756603241,-0.24515819549560547,3.7266862392425537,0
frames/frame_000962.pgm,1784901251.188848,land,0.3955790102481842,0.04012848064303398,0.05074793991862947,-1.711539387702942,138,160,160,1,0,64761230,0,0,0.0,0.0,0.0,0.0,0.0,0.0,0,0.0,0.0,0.0,0.41925621032714844,0.026971066370606422,0.13946208357810974,-1.8250303268432617,-0.008184999227523804,0.04837469756603241,-0.24515819549560547,3.7266862392425537,0
frames/frame_000963.pgm,1784901251.204014,land,0.3955790102481842,0.04012848064303398,0.05074793991862947,-1.711539387702942,139,160,160,1,0,64794555,0,0,0.0,0.0,0.0,0.0,0.0,0.0,0,0.0,0.0,0.0,0.41925621032714844,0.026971066370606422,0.13946208357810974,-1.8250303268432617,-0.008184999227523804,0.04837469756603241,-0.24515819549560547,3.7266862392425537,0
frames/frame_000964.pgm,1784901251.224324,land,0.3955790102481842,0.04012848064303398,0.05074793991862947,-1.711539387702942,140,160,160,1,0,64827880,0,0,0.0,0.0,0.0,0.0,0.0,0.0,0,0.0,0.0,0.0,0.41925621032714844,0.026971066370606422,0.13946208357810974,-1.8250303268432617,-0.008184999227523804,0.04837469756603241,-0.24515819549560547,3.7266862392425537,0
frames/frame_000965.pgm,1784901251.316852,land,0.3955790102481842,0.04012848064303398,0.05074793991862947,-1.711539387702942,141,160,160,1,0,64861022,0,0,0.0,0.0,0.0,0.0,0.0,0.0,0,0.0,0.0,0.0,0.41925621032714844,0.026971066370606422,0.13946208357810974,-1.8250303268432617,-0.008184999227523804,0.04837469756603241,-0.24515819549560547,3.7266862392425537,0
frames/frame_000966.pgm,1784901251.330026,land,0.3955790102481842,0.04012848064303398,0.05074793991862947,-1.711539387702942,142,160,160,1,0,64894561,0,0,0.0,0.0,0.0,0.0,0.0,0.0,0,0.0,0.0,0.0,0.41925621032714844,0.026971066370606422,0.13946208357810974,-1.8250303268432617,-0.008184999227523804,0.04837469756603241,-0.24515819549560547,3.7266862392425537,0
frames/frame_000967.pgm,1784901251.334478,land,0.3955790102481842,0.04012848064303398,0.05074793991862947,-1.711539387702942,143,160,160,1,0,64927886,0,0,0.0,0.0,0.0,0.0,0.0,0.0,0,0.0,0.0,0.0,0.41925621032714844,0.026971066370606422,0.13946208357810974,-1.8250303268432617,-0.008184999227523804,0.04837469756603241,-0.24515819549560547,3.7266862392425537,0
frames/frame_000968.pgm,1784901251.343883,land,0.3955790102481842,0.04012848064303398,0.05074793991862947,-1.711539387702942,144,160,160,1,0,64961212,0,0,0.0,0.0,0.0,0.0,0.0,0.0,0,0.0,0.0,0.0,0.41925621032714844,0.026971066370606422,0.13946208357810974,-1.8250303268432617,-0.008184999227523804,0.04837469756603241,-0.24515819549560547,3.7266862392425537,0
frames/frame_000969.pgm,1784901251.409184,land,0.3955790102481842,0.04012848064303398,0.05074793991862947,-1.711539387702942,145,160,160,1,0,64994537,0,0,0.0,0.0,0.0,0.0,0.0,0.0,0,0.0,0.0,0.0,0.41925621032714844,0.026971066370606422,0.13946208357810974,-1.8250303268432617,-0.008184999227523804,0.04837469756603241,-0.24515819549560547,3.7266862392425537,0
frames/frame_000970.pgm,1784901251.538080,land,0.3955790102481842,0.04012848064303398,0.05074793991862947,-1.711539387702942,146,160,160,1,0,65027862,0,0,0.0,0.0,0.0,0.0,0.0,0.0,0,0.0,0.0,0.0,0.41925621032714844,0.026971066370606422,0.13946208357810974,-1.8250303268432617,-0.008184999227523804,0.04837469756603241,-0.24515819549560547,3.7266862392425537,0
frames/frame_000971.pgm,1784901251.546896,land,0.3955790102481842,0.04012848064303398,0.05074793991862947,-1.711539387702942,147,160,160,1,0,65061218,0,0,0.0,0.0,0.0,0.0,0.0,0.0,0,0.0,0.0,0.0,0.41925621032714844,0.026971066370606422,0.13946208357810974,-1.8250303268432617,-0.008184999227523804,0.04837469756603241,-0.24515819549560547,3.7266862392425537,0
frames/frame_000972.pgm,1784901251.551630,land,0.3955790102481842,0.04012848064303398,0.05074793991862947,-1.711539387702942,148,160,160,1,0,65094543,0,0,0.0,0.0,0.0,0.0,0.0,0.0,0,0.0,0.0,0.0,0.41925621032714844,0.026971066370606422,0.13946208357810974,-1.8250303268432617,-0.008184999227523804,0.04837469756603241,-0.24515819549560547,3.7266862392425537,0
frames/frame_000973.pgm,1784901251.562652,land,0.3955790102481842,0.04012848064303398,0.05074793991862947,-1.711539387702942,149,160,160,1,0,65127868,0,0,0.0,0.0,0.0,0.0,0.0,0.0,0,0.0,0.0,0.0,0.41925621032714844,0.026971066370606422,0.13946208357810974,-1.8250303268432617,-0.008184999227523804,0.04837469756603241,-0.24515819549560547,3.7266862392425537,0
frames/frame_000974.pgm,1784901251.729927,land,0.3955790102481842,0.04012848064303398,0.05074793991862947,-1.711539387702942,152,160,160,1,0,65227844,0,0,0.0,0.0,0.0,0.0,0.0,0.0,0,0.0,0.0,0.0,0.41925621032714844,0.026971066370606422,0.13946208357810974,-1.8250303268432617,-0.008184999227523804,0.04837469756603241,-0.24515819549560547,3.7266862392425537,0
frames/frame_000975.pgm,1784901251.740042,land,0.3955790102481842,0.04012848064303398,0.05074793991862947,-1.711539387702942,153,160,160,1,0,65261199,0,0,0.0,0.0,0.0,0.0,0.0,0.0,0,0.0,0.0,0.0,0.41925621032714844,0.026971066370606422,0.13946208357810974,-1.8250303268432617,-0.008184999227523804,0.04837469756603241,-0.24515819549560547,3.7266862392425537,0
frames/frame_000976.pgm,1784901251.758618,land,0.3955790102481842,0.04012848064303398,0.05074793991862947,-1.711539387702942,154,160,160,1,0,65294525,0,0,0.0,0.0,0.0,0.0,0.0,0.0,0,0.0,0.0,0.0,0.41925621032714844,0.026971066370606422,0.13946208357810974,-1.8250303268432617,-0.008184999227523804,0.04837469756603241,-0.24515819549560547,3.7266862392425537,0
frames/frame_000977.pgm,1784901251.783019,land,0.3955790102481842,0.04012848064303398,0.05074793991862947,-1.711539387702942,155,160,160,1,0,65327850,0,0,0.0,0.0,0.0,0.0,0.0,0.0,0,0.0,0.0,0.0,0.41925621032714844,0.026971066370606422,0.13946208357810974,-1.8250303268432617,-0.008184999227523804,0.04837469756603241,-0.24515819549560547,3.7266862392425537,0
frames/frame_000978.pgm,1784901251.817931,land,0.3955790102481842,0.04012848064303398,0.05074793991862947,-1.711539387702942,158,160,160,1,0,65427825,0,0,0.0,0.0,0.0,0.0,0.0,0.0,0,0.0,0.0,0.0,0.41925621032714844,0.026971066370606422,0.13946208357810974,-1.8250303268432617,-0.008184999227523804,0.04837469756603241,-0.24515819549560547,3.7266862392425537,0
frames/frame_000979.pgm,1784901251.850216,land,0.3955790102481842,0.04012848064303398,0.05074793991862947,-1.711539387702942,159,160,160,1,0,65461181,0,0,0.0,0.0,0.0,0.0,0.0,0.0,0,0.0,0.0,0.0,0.41925621032714844,0.026971066370606422,0.13946208357810974,-1.8250303268432617,-0.008184999227523804,0.04837469756603241,-0.24515819549560547,3.7266862392425537,0
frames/frame_000980.pgm,1784901251.883673,land,0.3955790102481842,0.04012848064303398,0.05074793991862947,-1.711539387702942,160,160,160,1,0,65494506,0,0,0.0,0.0,0.0,0.0,0.0,0.0,0,0.0,0.0,0.0,0.41925621032714844,0.026971066370606422,0.13946208357810974,-1.8250303268432617,-0.008184999227523804,0.04837469756603241,-0.24515819549560547,3.7266862392425537,0
