t,x,y,z,vx,vy,vz,qw,qx,qy,qz,wx,wy,wz,motor_0_thrust_n,motor_1_thrust_n,motor_2_thrust_n,motor_3_thrust_n
0.000000000,0.0,0.0,1.1,0.0,0.0,0.0,0.9999982726803639,-0.0,-0.0018586651900285068,0.0,0.0,0.5695205822122403,0.0,0.11028915233891047,0.1104373727208162,0.11043737272081623,0.11028915233891044
0.020000000,3.880960000000001e-06,0.0,1.1,0.0003880960000000001,0.0,0.0,0.9999926400186153,0.0,0.0038366533072569926,0.0,0.0,0.6956990429842699,0.0,0.10830258896081564,0.1124289093341445,0.1124289093341445,0.10830258896081563
0.040000000,3.787264000000002e-05,0.0,1.1,0.0030110720000000014,0.0,0.0,0.9999273296279785,0.0,0.012055515876976683,0.0,0.0,1.0567333923568685,0.0,0.10702577527538382,0.11376340171917049,0.11376340171917054,0.10702577527538377
0.060000000,0.00016649664000000002,0.0,1.1,0.009851327999999998,0.0,0.0,0.999688187405699,0.0,0.0249705418745412,0.0,0.0,1.4912402555862014,0.0,0.1071214259134643,0.11387917419388974,0.11387917419388979,0.10712142591346428
0.080000000,0.00049127296,0.0,1.1,0.022626304000000003,0.0,0.0,0.99912294012557,0.0,0.04187302848895363,0.0,0.0,1.8546504787851308,0.0,0.1079808621580216,0.11352087822304713,0.11352087822304713,0.10798086215802162
0.100000000,0.001145536,0.0,1.1,0.042800000000000005,0.0,0.0,0.9980739745963788,0.0,0.062035000067598316,0.0,0.0,2.1453743390020157,0.0,0.10906986673178631,0.11336716043517095,0.11336716043517095,0.10906986673178627
0.120000000,0.0022894809599999996,0.0,1.1,0.07159449599999998,0.0,0.0,0.9964061194022035,0.0,0.08470445807536807,0.0,0.0,2.3620508626176147,0.0,0.11044711184473827,0.11349133555205335,0.11349133555205335,0.11044711184473818
0.140000000,0.004105440639999999,0.0,1.1,0.11000147200000003,0.0,0.0,0.9940290400123812,0.0,0.10911584491751825,0.0,0.0,2.5048192325048846,0.0,0.11214733284312428,0.11396190125841929,0.11396190125841929,0.11214733284312428
0.160000000,0.006793392640000001,0.0,1.1,0.15879372800000008,0.0,0.0,0.99091162884241,0.0,0.1345144744065931,0.0,0.0,2.576304942967255,0.0,0.11417932184818608,0.11483325101396186,0.11483325101396186,0.11417932184818606
0.180000000,0.010566696960000002,0.0,1.1,0.218536704,0.0,0.0,0.9870863054809884,0.0,0.16018934275379557,0.0,0.0,2.582031527641369,0.0,0.11652824353209966,0.11613745099042079,0.11613745099042079,0.11652824353209959
0.200000000,0.015648064000000003,0.0,1.1,0.2896,0.0,0.0,0.9826430750765913,0.0,0.18550629909526167,0.0,0.0,2.5301623473400268,0.0,0.11916049163096744,0.11787877729994127,0.11787877729994127,0.11916049163096744
0.220000000,0.022265752960000003,0.0,1.1,0.37216889599999997,0.0,0.0,0.9777155809202336,0.0,0.20993390108748589,0.0,0.0,2.4306938745938167,0.0,0.1220291707099119,0.12003220472381806,0.12003220472381802,0.12202917070991191
0.240000000,0.03065000064,0.0,1.1,0.4662558719999999,0.0,0.0,0.972463054808318,0.0,0.2330570896430195,0.0,0.0,2.294371782909589,0.0,0.12507881369367052,0.12254596684949856,0.12254596684949856,0.1250788136936705
0.260000000,0.04102968064,0.0,1.1,0.5717121280000002,0.0,0.0,0.9670523298453363,0.0,0.25457767251019275,0.0,0.0,2.131629498354067,0.0,0.1282487945477419,0.12534721428710283,0.12534721428710288,0.12824879454774188
0.280000000,0.05362919296,0.0,1.1,0.6882391040000001,0.0,0.0,0.9616430637584454,0.0,0.2743038788009941,0.0,0.0,1.9517694290585084,0.0,0.13147560192617516,0.1283491937276021,0.12834919372760215,0.13147560192617513
0.300000000,0.068665584,0.0,1.1,0.8153999999999997,0.0,0.0,0.9563777121781518,0.0,0.29213296912345277,0.0,0.0,1.7624807202001516,0.0,0.13469444886232249,0.13145841110519643,0.13145841110519643,0.13469444886232243
0.320000000,0.08634589696,0.0,1.1,0.9526312960000005,0.0,0.0,0.9513763142536832,0.0,0.3080310190176911,0.0,0.0,1.5696762063474605,0.0,0.13784064740231416,0.13458072619089134,0.1345807261908914,0.1378406474023141
0.340000000,0.10686475264,0.0,1.1,1.099254272,0.0,0.0,0.946735213040157,0.0,0.32201309971771125,0.0,0.0,1.3775674729076168,0.0,0.14085097135778282,0.13762592419940797,0.13762592419940803,0.14085097135778277
0.360000000,0.13040216064000001,0.0,1.1,1.2544865280000002,0.0,0.0,0.9425284747900923,0.0,0.3341258358910046,0.0,0.0,1.1888806920105275,0.0,0.14366503932259955,0.14051077973355575,0.14051077973355575,0.14366503932259947
0.380000000,0.15712156096000002,0.0,1.1,1.4174535040000005,0.0,0.0,0.9388108276428669,0.0,0.34443320092655905,0.0,0.0,1.0051301584816805,0.0,0.14622664890089132,0.14316088572553937,0.14316088572553937,0.14622664890089124
0.400000000,0.18716809600000003,0.0,1.1,1.5872000000000002,0.0,0.0,0.9356212000378044,0.0,0.3530056232410736,0.0,0.0,0.8268925387018903,0.0,0.14848497553226767,0.14551159651686943,0.14551159651686943,0.14848497553226767
0.420000000,0.22066711296000002,0.0,1.1,1.7627016959999995,0.0,0.0,0.9329862422020045,0.0,0.3599120335051088,0.0,0.0,0.6540502096049605,0.0,0.15039557722047467,0.14750840305911864,0.14750840305911864,0.1503955772204746
0.440000000,0.25772289664000003,0.0,1.1,1.9428766719999997,0.0,0.0,0.9309234733294389,0.0,0.3652143025735076,0.0,0.0,0.4859911764074226,0.0,0.15192118521752693,0.1491069844676051,0.14910698446760515,0.15192118521752696
0.460000000,0.29841763264000004,0.0,1.1,2.1265969279999997,0.0,0.0,0.9294438828521664,0.0,0.36896350582230814,0.0,0.0,0.32176513922046746,0.0,0.1530322912060855,0.15027310367953564,0.1502731036795357,0.15303229120608547
0.480000000,0.34281060096000004,0.0,1.1,2.3126999039999996,0.0,0.0,0.9285539291306858,0.0,0.3711975224809095,0.0,0.0,0.16020175946939136,0.0,0.15370755808299277,0.1509824531150051,0.1509824531150051,0.15370755808299277
0.500000000,0.39093760000000005,0.0,1.1,2.5,0.0,0.0,0.928256938486041,0.0,0.37193958669725175,0.0,0.0,1.3780145255648375e-14,0.0,0.15393408563600092,0.1512205125518059,0.1512205125518059,0.15393408563600092
0.520000000,0.4428106009600001,0.0,1.1,2.6873000960000004,0.0,0.0,0.9285539291306857,0.0,0.37119752248090976,0.0,0.0,-0.16020175946942286,0.0,0.1537075580829933,0.1509824531150048,0.15098245311500477,0.15370755808299325
0.540000000,0.4984176326400001,0.0,1.1,2.873403072000001,0.0,0.0,0.9294438828521666,0.0,0.3689635058223075,0.0,0.0,-0.32176513922053424,0.0,0.1530322912060852,0.15027310367953567,0.15027310367953567,0.1530322912060852
0.560000000,0.5577228966400001,0.0,1.1,3.0571233279999994,0.0,0.0,0.9309234733294393,0.0,0.3652143025735065,0.0,0.0,-0.4859911764074225,0.0,0.15192118521752584,0.14910698446760567,0.14910698446760567,0.15192118521752576
0.580000000,0.6206671129600001,0.0,1.1,3.2372983039999994,0.0,0.0,0.9329862422020048,0.0,0.35991203350510825,0.0,0.0,-0.6540502096048209,0.0,0.15039557722047334,0.14750840305911952,0.1475084030591195,0.15039557722047334
0.600000000,0.6871680960000001,0.0,1.1,3.412799999999998,0.0,0.0,0.9356212000378038,0.0,0.3530056232410752,0.0,0.0,-0.8268925387016306,0.0,0.14848497553226922,0.14551159651686876,0.14551159651686876,0.14848497553226922
0.620000000,0.75712156096,0.0,1.1,3.582546496000001,0.0,0.0,0.9388108276428653,0.0,0.34443320092656327,0.0,0.0,-1.0051301584818009,0.0,0.1462266489008957,0.14316088572553715,0.1431608857255372,0.14622664890089568
0.640000000,0.83040216064,0.0,1.1,3.7455134720000043,0.0,0.0,0.9425284747900925,0.0,0.33412583589100403,0.0,0.0,-1.1888806920110484,0.0,0.14366503932259922,0.14051077973355575,0.1405107797335558,0.14366503932259916
0.660000000,0.9068647526400001,0.0,1.1,3.9007457280000004,0.0,0.0,0.9467352130401588,0.0,0.3220130997177057,0.0,0.0,-1.377567472907704,0.0,0.1408509713577772,0.1376259241994111,0.13762592419941105,0.14085097135777722
0.680000000,0.9863458969600001,0.0,1.1,4.047368703999997,0.0,0.0,0.951376314253684,0.0,0.3080310190176888,0.0,0.0,-1.5696762063469567,0.0,0.13784064740231236,0.13458072619089215,0.1345807261908922,0.13784064740231236
0.700000000,1.0686655840000001,0.0,1.1,4.184599999999998,0.0,0.0,0.9563777121781506,0.0,0.29213296912345676,0.0,0.0,-1.7624807201999384,0.0,0.13469444886232584,0.13145841110519457,0.13145841110519457,0.13469444886232587
0.720000000,1.15362919296,0.0,1.1,4.311760896000002,0.0,0.0,0.961643063758445,0.0,0.27430387880099594,0.0,0.0,-1.9517694290586252,0.0,0.13147560192617774,0.12834919372760017,0.1283491937276001,0.13147560192617774
0.740000000,1.24102968064,0.0,1.1,4.428287871999999,0.0,0.0,0.9670523298453358,0.0,0.25457767251019464,0.0,0.0,-2.131629498354397,0.0,0.12824879454774235,0.125347214287103,0.1253472142871029,0.12824879454774235
0.760000000,1.3306500006400002,0.0,1.1,4.533744128000004,0.0,0.0,0.9724630548083191,0.0,0.23305708964301483,0.0,0.0,-2.294371782909747,0.0,0.12507881369366747,0.12254596684950035,0.12254596684950035,0.12507881369366752
0.780000000,1.4222657529600002,0.0,1.1,4.627831103999995,0.0,0.0,0.9777155809202338,0.0,0.20993390108748466,0.0,0.0,-2.4306938745935835,0.0,0.12202917070991252,0.12003220472381716,0.12003220472381716,0.12202917070991254
0.800000000,1.5156480640000003,0.0,1.1,4.710400000000003,0.0,0.0,0.9826430750765913,0.0,0.18550629909526156,0.0,0.0,-2.530162347340364,0.0,0.11916049163096672,0.11787877729994194,0.11787877729994199,0.11916049163096668
0.820000000,1.6105666969600003,0.0,1.1,4.781463295999995,0.0,0.0,0.9870863054809896,0.0,0.16018934275378763,0.0,0.0,-2.5820315276409707,0.0,0.11652824353209595,0.11613745099042316,0.11613745099042322,0.11652824353209598
0.840000000,1.7067933926400003,0.0,1.1,4.8412062719999955,0.0,0.0,0.9909116288424089,0.0,0.1345144744066009,0.0,0.0,-2.5763049429668783,0.0,0.11417932184818813,0.11483325101396083,0.11483325101396083,0.11417932184818808
0.860000000,1.8041054406400003,0.0,1.1,4.889998528000001,0.0,0.0,0.9940290400123812,0.0,0.10911584491751775,0.0,0.0,-2.5048192325048504,0.0,0.11214733284312496,0.11396190125841853,0.11396190125841853,0.11214733284312495
0.880000000,1.9022894809600004,0.0,1.1,4.928405503999995,0.0,0.0,0.9964061194022028,0.0,0.0847044580753766,0.0,0.0,-2.3620508626174064,0.0,0.11044711184474132,0.11349133555205099,0.11349133555205099,0.11044711184474124
0.900000000,2.0011455360000006,0.0,1.1,4.957200000000008,0.0,0.0,0.9980739745963786,0.0,0.062035000067601986,0.0,0.0,-2.145374339002622,0.0,0.10906986673178724,0.11336716043517021,0.11336716043517021,0.1090698667317872
0.920000000,2.1004912729600007,0.0,1.1,4.977373695999998,0.0,0.0,0.9991229401255701,0.0,0.041873028488950054,0.0,0.0,-1.8546504787851144,0.0,0.10798086215802066,0.11352087822304796,0.11352087822304796,0.10798086215802065
0.940000000,2.200166496640001,0.0,1.1,4.9901486720000054,0.0,0.0,0.9996881874056989,0.0,0.024970541874545196,0.0,0.0,-1.4912402555865958,0.0,0.10712142591346561,0.11387917419388856,0.11387917419388856,0.1071214259134656
0.960000000,2.3000378726400013,0.0,1.1,4.996988928000001,0.0,0.0,0.9999273296279787,0.0,0.01205551587696522,0.0,0.0,-1.0567333923571494,0.0,0.10653828430951393,0.11427040958796783,0.1142528348355855,0.10651682525604103
0.980000000,2.4000038809600013,0.0,1.1,4.999611903999996,0.0,0.0,0.9999926400186153,0.0,0.003836653307255369,0.0,-0.002304446640194294,-0.5780448696231861,-9.98103143984774e-06,0.10678119706689163,0.11413758970900637,0.11391895786692456,0.10662525194709771
1.000000000,2.5000000000000013,0.0,1.1,5.0,0.0,0.0,0.9999998766651009,-4.6089616923374906e-05,0.0004945154494725495,-2.279203043993313e-08,-0.02211405626970965,-0.19183257926750985,0.0001610786938030002,0.1082263852879519,0.11325021766071171,0.11216098403622944,0.10781263079996545
1.020000000,2.599999999998693,3.617113589946467e-07,1.1,4.999999999869164,3.6171135899464665e-05,0.0,0.9999999021875876,-0.00044228015037678863,-1.3751832937015903e-08,3.6171186108085993e-06,-0.09103622458380146,-0.024737314412010443,0.001725718220759568,0.10974747754015757,0.1127655044576997,0.10958354239011145,0.10935364831769669
1.040000000,2.6999999998769053,4.1944383561904e-06,1.1,4.999999987952051,0.0003471015638201107,0.0,0.9999982569000891,-0.0018668133068850746,-2.2221062036557005e-07,3.471038978220048e-05,-0.2332181666301411,-8.661799780855761e-05,0.007325415581282472,0.10998405087238244,0.1137536401551425,0.10717914540375247,0.1105362404895809
1.060000000,2.7999999975026624,2.267799270359739e-05,1.1,4.999999774623676,0.0015012538709205884,0.0,0.999986949728243,-0.005106645881347295,-1.6345136641879056e-06,0.00015012786329407404,-0.4465762540878735,-0.000408767015603689,0.020038320432857165,0.10900109392633128,0.11580993492036551,0.10491636271356551,0.11174563376100931
1.080000000,2.899999976283273,8.124006930901713e-05,1.1,4.999998103437389,0.004354953789621386,0.0,0.9999416020667549,-0.010798274618919627,-7.69183072199187e-06,0.0004355023099493596,-0.7143141134930506,-0.0014182286250472914,0.04236966727291028,0.10737173353096158,0.11824988673316217,0.10250020444884168,0.1134311479075681
1.100000000,2.9999998577726505,0.00022456179633387733,1.1,4.999990045500367,0.009977218912864634,0.0,0.9998114540251637,-0.019392274052171202,-2.7069409373388013e-05,0.000997684529577055,-1.0186617052558369,-0.00394973418732106,0.076078589806516,0.10536806603241948,0.12085099949973006,0.0999823178174442,0.11558089084071373
1.120000000,3.099999374749026,0.0005201597135331051,1.1,4.99996165213717,0.01958257280705814,0.0,0.9995122351514664,-0.031168136081649495,-7.74942978159706e-05,0.001957822859564141,-1.3434018636159268,-0.009331943152843365,0.122236157084561,0.10317389099915976,0.12352980132055057,0.09751337130544036,0.1180923069579044
1.140000000,3.1999978028329528,0.0010607206038747681,1.1,4.99988115625551,0.034473516227108175,0.0,0.9989240216586198,-0.046248179703404196,-0.0001900355954144956,0.00344509999323283,-1.6738413964053112,-0.019419103761260745,0.18126404662802506,0.10098197378116586,0.1262253845287718,0.09525345529712992,0.12088576118364618
1.160000000,3.299993478930899,0.0019653991826905264,1.1,4.99968645353913,0.055994341654467664,0.0,0.9978948056056887,-0.06461056651012588,-0.0004131673283054178,0.0055911477519688495,-1.996784619849961,-0.03654558860697333,0.2529654994814943,0.09899374832231986,0.12889826103540455,0.09337259274907633,0.12390227062977546
1.180000000,3.399983033135525,0.003380316069922373,1.1,4.999268966923485,0.08549734706871702,0.0,0.996249532626314,-0.08610182520223576,-0.000815916764590954,0.008525181436656763,-2.300518347243946,-0.06340984519488821,0.33655467479614853,0.09741610763683325,0.13152913956917991,0.09204805554014085,0.12710121303060157
1.200000000,3.4999602646184704,0.005478502987066411,1.1,4.9984541813710255,0.12432134464568681,0.0,0.9938036327494163,-0.11044956201744083,-0.0014895399655354632,0.01236992542054844,-2.5748125380659532,-0.1029044766600102,0.4306937175304336,0.09645552917832048,0.13411858230117377,0.09145873513850845,0.1304591569002953
1.220000000,3.5999145974875777,0.008459525939764175,1.1,4.996979105539684,0.17378095062408966,0.0,0.9903795289606409,-0.13727613048879908,-0.0025473607126097098,0.017238432849919303,-2.8109358561449325,-0.1579140787872371,0.5335477850771931,0.09631019066012395,0.13668799466298462,0.09177728986190746,0.13397036703870144
1.240000000,3.6998290559294493,0.012548973099722692,1.1,4.994466738647498,0.23516376537176198,0.0,0.9858242466835335,-0.1661139263177402,-0.0041226227776036085,0.023231920187137944,-3.001682025295122,-0.23110282138795696,0.642866394632573,0.09716099789783375,0.13928166806732017,0.09316108380393476,0.13764870901316376
1.260000000,3.7996776975889297,0.01799792438935765,1.1,4.990397427300516,0.30973136359173375,0.0,0.9800260746281213,-0.19642268622484596,-0.006364400448886862,0.030438721920245077,-3.141401702015379,-0.3247103848202962,0.7560949303568139,0.09916251450059407,0.14196884963981218,0.09574300509409091,0.14152984700743793
1.280000000,3.8994224414711534,0.025082428108631663,1.1,4.984076960921834,0.39871900833566787,0.0,0.9729282619368651,-0.22760876840399868,-0.009431758927436895,0.038934401159648344,-3.226035217838443,-0.44036853228630674,0.870513856784862,0.10243461698088585,0.1448442543571991,0.09962308068069554,0.14567201373134295
1.300000000,3.999009226857365,0.03410289886319314,1.1,4.97460157769934,0.5033280671204801,0.0,0.9645379881781626,-0.2590459666021729,-0.013486435424826384,0.04878291307312955,-3.253143063434985,-0.5789422065813079,0.9833965097026923,0.10705529164325517,0.1480251958481505,0.10486138936037287,0.15015337176638271
1.320000000,4.098363452373129,0.04538322095527017,1.1,4.960820973877113,0.6247041420872228,0.0,0.9549293015067686,-0.2900970576981487,-0.018684316967931377,0.06003850879322488,-3.2219323986644266,-0.7403900027519787,1.0921708762163886,0.1130543977603839,0.1516436438162393,0.11147216232300204,0.15506414547228003
1.340000000,4.197384684176671,0.059269192302932844,1.1,4.94130220647714,0.7638929926790443,0.0,0.9442393529300287,-0.3201350913600213,-0.025165933806706724,0.07274780707229606,-3.1332783589239455,-0.9236316922639476,1.1945679439769585,0.12040760438373721,0.15583201087037457,0.11941829012698998,0.16049228937605045
1.360000000,4.295940709532532,0.07612578069225862,1.1,4.9143003291089675,0.9217658462535336,0.0,0.9326580079297186,-0.34856345821868695,-0.033046106880385784,0.08695119699721597,-2.9897379422258856,-1.1264091404046477,1.288739827729382,0.1290293539683779,0.16070232011571395,0.1286049890934842,0.16650247739618296
1.380000000,4.393861170947827,0.09633250549099567,1.1,4.8777458124204855,1.0989066336201727,0.0,0.9204117232923287,-0.37483403152665534,-0.042402859059718585,0.1026825495353614,-2.7955516655167556,-1.3451365961825075,1.373334954295766,0.13876401492641496,0.16631966551031732,0.13887150197047363,0.17310969739804347
1.400000000,4.490931267565153,0.12027614890916744,1.1,4.829263849312126,1.2954577081970031,0.0,0.9077433556303813,-0.3984631168627616,-0.053265834448539044,0.11996622728672036,-2.5566246375033703,-1.5747614019156326,1.4475242024312223,0.14937576477934664,0.17267270167724455,0.14998084555124253,0.1802508033655826
1.420000000,4.586886355693459,0.14834002427972226,1.1,4.766244963518523,1.5109298288584805,0.0,0.8948902121483544,-0.4190454478553411,-0.0656048927467585,0.1388107304226734,-2.280476343427738,-1.8086963724295915,1.5109795003242321,0.16054035753285417,0.17964642082178678,0.16161002922729714,0.1877599879882318
1.440000000,4.681408671297954,0.1808893042580429,1.1,4.685986596930981,1.7439981689735826,0.0,0.8820630117282054,-0.43626685946874816,-0.07932032938283703,0.1591991080905966,-1.976151256843421,-2.0389294903841817,1.5638132769346411,0.17184526214489182,0.18700545368685972,0.17334653173001982,0.19535682506876711
1.460000000,4.774127702762529,0.2182525622867219,1.1,4.5859165495265035,1.9923276338943172,0.0,0.86942829487475,-0.44991636790782025,-0.09423722835597403,0.18107746063937274,-1.6540949042725246,-2.256439719096356,1.606492121403892,0.1828070963212095,0.19439842379904004,0.18469974658416796,0.202656990062435
1.480000000,4.864625735564051,0.2607007476291311,1.1,4.463886730625651,2.2524909003466007,0.0,0.8570960186366222,-0.45989807326509247,-0.11010742922630888,0.20434414861571157,-1.326022900619901,-2.452015776686306,1.6397407626866343,0.1929141985498998,0.20139316981453323,0.195136046055895,0.2092138463789331
1.500000000,4.952449507201733,0.3084261335702596,1.1,4.318490433142513,2.5200476937662497,0.0,0.8451125889070719,-0.4662426337428505,-0.1266228799799579,0.2288431008724055,-1.004834709618824,-2.617467340188705,1.6644536030565429,0.2016953288160149,0.20754633371594297,0.2041405086598866,0.21459184502062104
1.520000000,5.037127610518247,0.36152489787442094,1.1,4.149319898508975,2.7898287366498815,0.0,0.833457778603435,-0.4691173020929369,-0.1434431605821283,0.2543642031510755,-0.7046302402221913,-2.7470582107573067,1.6816309706981207,0.20880362196465696,0.21249857204195333,0.2112972071970672,0.2184606825704832
1.540000000,5.118191462634643,0.4199872721855987,1.1,3.9570653131305584,3.0564086944678976,0.0,0.8220425899329922,-0.468833032340786,-0.1602375655773862,0.2806519030760969,-0.4408591134651134,-2.8388543803931467,1.6923552212066384,0.21409372158038817,0.2160731024942991,0.2163681010224478,0.22068739386910677
1.560000000,5.195195928230033,0.4836981490865272,1.1,3.7433812464084886,3.3146789956249507,0.0,0.8107048592914875,-0.46584719718915135,-0.17673899506133744,0.30742047364625863,-0.23057598569834012,-2.8956617101196045,1.697815931484302,0.21764841330749063,0.21834734576797976,0.2193514674757924,0.22141642217265606
1.580000000,5.267734835832241,0.5524487632101795,1.1,3.510509513812287,3.560382416740289,0.0,0.7992003348932283,-0.4607609030192761,-0.19280435022668335,0.3343720943635691,-0.09018970432990359,-2.9249897652067602,1.699457256803278,0.21969981115251375,0.21964704190201595,0.2205467090533273,0.22115316391873302
1.600000000,5.335447097097972,0.6259573722619021,1.1,3.260716612760847,3.790478488431959,0.0,0.7872127284099835,-0.4542726856721675,-0.20845166336111207,0.3612206407772006,-0.021958576491464998,-2.936729652505485,1.699238672255741,0.22060305854803405,0.22037005888689024,0.22063372165075568,0.22064300949453766
1.620000000,5.398011905370968,0.703893890522243,1.1,2.9957642145388084,4.003173337602142,0.0,0.7744661174911585,-0.44696605498857733,-0.22377880914622394,0.38774556493042855,-0.0022927439602402665,-2.939816940842877,1.698882410870778,0.22085675073084535,0.22074557162222305,0.22042095046341778,0.22036709286841283
1.640000000,5.455139334622618,0.7858994570398827,1.1,2.7169787106261722,4.197383314161829,0.0,0.7608448126635952,-0.43910481904155424,-0.2388358591783022,0.4138351861646673,2.123533531716197e-14,-2.9401683711995026,1.6988145968585981,0.22089254801818903,0.22087637613938926,0.22031583035635857,0.22030561117096178
1.660000000,5.50656559581277,0.8715954066103466,1.1,2.4256474083890907,4.372211642884558,0.0,0.7463449435408038,-0.43073653906997894,-0.253617120173245,0.4394469427770783,2.3623254569390542e-14,-2.9401683711995132,1.6988145968585968,0.22089417097387248,0.22089417097387237,0.2203010118685764,0.22030101186857626
1.680000000,5.552053225357722,0.9605860334828579,1.1,2.123115546106086,4.526851044366564,0.0,0.7309832534416383,-0.4218708781114029,-0.2681055238827938,0.46455126030710986,2.68357860742829e-15,-2.940168371199502,1.6988145968585973,0.2208941709738723,0.22089417097387257,0.2203010118685763,0.22030101186857606
1.700000000,5.591392181631347,1.0524604185533608,1.1,1.8107800812564627,4.660587462683737,0.0,0.7147774808486521,-0.41251807354017966,-0.2822843402274603,0.48911915024531716,-8.08394021265801e-15,-2.9401683711994853,1.6988145968585968,0.22089417097387243,0.22089417097387243,0.22030101186857645,0.22030101186857626
1.720000000,5.6244008148438365,1.1467943268060385,1.1,1.4900832399924724,4.772803362584042,0.0,0.6977463389250818,-0.4026889252461413,-0.2961371966151184,0.5131222435070334,-8.774456624307896e-15,-2.9401683711994955,1.6988145968585968,0.22089417097387257,0.22089417097387223,0.22030101186857637,0.22030101186857654
1.740000000,5.65092670581957,1.2431521662417833,1.1,1.1625058575808946,4.862980580990439,0.0,0.6799094939063431,-0.392394783163729,-0.3096480968467978,0.536532823190778,-4.273005195682123e-15,-2.9401683711995092,1.6988145968585968,0.22089417097387257,0.2208941709738723,0.22030101186857642,0.22030101186857662
1.760000000,5.670847369801028,1.341088999248161,1.1,0.8295605405649136,4.930702719647337,0.0,0.6612875423909965,-0.3816475341659728,-0.32280143958784696,0.5593238565835738,4.087832640776387e-15,-2.9401683711995243,1.6988145968585968,0.2208941709738725,0.22089417097387246,0.22030101186857654,0.22030101186857645
1.780000000,5.684070822028882,1.4401525971232583,1.1,0.4927846822203821,4.97565706786239,0.0,0.6419019875573991,-0.37045958833845644,-0.3355820363831399,0.581469026376218,1.819625565529429e-15,-2.9401683711995092,1.6988145968585964,0.22089417097387234,0.22089417097387257,0.2203010118685767,0.22030101186857612
1.800000000,5.690536002486665,1.539885528266535,1.1,0.15373336355798586,4.997636046465283,0.0,0.6217752143335107,-0.3588438646491193,-0.3479751291955192,0.6029427610524595,-1.1306626568366343e-15,-2.9401683711994755,1.6988145968585964,0.22089417097387248,0.22089417097387237,0.2203010118685764,0.22030101186857645
1.820000000,5.690213057848758,1.6398272703943473,1.1,-0.1860278273486771,4.996538166315948,0.0,0.6009304635485231,-0.34681377603043645,-0.35996640744722824,0.6237202644169929,7.766237040673479e-16,-2.940168371199519,1.6988145968585964,0.22089417097387265,0.2208941709738722,0.22030101186857623,0.22030101186857667
1.840000000,5.683103479329751,1.7395163370268691,1.1,-0.5249300245519579,4.972368496936232,0.0,0.5793918050961617,-0.334383213891211,-0.37154202454465135,0.6437775442281733,2.7684920145179786e-15,-2.9401683711995243,1.6988145968585966,0.2208941709738722,0.22089417097387265,0.22030101186857654,0.22030101186857634
1.860000000,5.669240095798684,1.8384924084272425,1.1,-0.8614083285547809,4.9252386431011095,0.0,0.5571841101406494,-0.3215665320758592,-0.3826886138672786,0.6630914399023856,-3.938596672037575e-17,-2.940168371199483,1.698814596858597,0.22089417097387226,0.2208941709738726,0.22030101186857642,0.22030101186857634
1.880000000,5.6486869221899365,1.9362984571532287,1.1,-1.193909032319965,4.855366229497504,0.0,0.5343330223974222,-0.3083785302897067,-0.3933933042024408,0.6816396492580828,-4.591635527062914e-15,-2.9401683711995,1.6988145968585973,0.22089417097387276,0.22089417097387215,0.22030101186857637,0.22030101186857648
1.900000000,5.621538863910759,2.032482858406507,1.1,-1.5208967955977473,4.76307389583035,0.0,0.5108649285217666,-0.29483443700944373,-0.4036437346079808,0.6994007542686071,-1.1299531991505319e-15,-2.940168371199519,1.698814596858596,0.22089417097387282,0.22089417097387226,0.22030101186857656,0.22030101186857634
1.920000000,5.587921278610345,2.126601475434971,1.1,-1.8408617344436562,4.64878780701605,0.0,0.48680692763956634,-0.28094989189846714,-0.41342806868570664,0.716354245794057,-1.370353912669102e-14,-2.9401683711995172,1.6988145968585955,0.22089417097387243,0.22089417097387287,0.22030101186857623,0.22030101186857648
1.940000000,5.547989397334003,2.2182197103585573,1.1,-2.1523263931904997,4.51303568534258,0.0,0.46218680005534307,-0.26674092774741615,-0.42273500824914156,0.7324805472636448,-2.945869373200651e-14,-2.9401683711994995,1.698814596858598,0.2208941709738723,0.22089417097387312,0.22030101186857654,0.22030101186857678
1.960000000,5.501927607735288,2.3069145109488116,1.1,-2.4538525666810034,4.35644437368286,0.0,0.43703297517372647,-0.25222395196075387,-0.43155380636978924,0.7477610372811937,-1.655297365502051e-14,-2.9401683711994826,1.6988145968585984,0.22089417097387307,0.2208941709738728,0.22030101186857698,0.22030101186857703
1.980000000,5.449948602655888,2.392276324095774,1.1,-2.7440479412590606,4.179736941013383,0.0,0.41137449867139286,-0.2374157276107765,-0.43987427978684984,0.7621780711276768,-1.530197109227376e-14,-2.940168371199518,1.6988145968585977,0.2208941709738731,0.22089417097387276,0.22030101186857665,0.22030101186857734
2.000000000,5.392292398004753,2.4739109869419433,1.1,-3.021572523854463,3.9837293436035255,0.0,0.38524099895738084,-0.2223333540809229,-0.4476868206660561,0.7757150011359616,-4.554492395847601e-15,-2.940168371199543,1.6988145968585995,0.22089417097387296,0.220894170973873,0.2203010118685772,0.2203010118685773
2.020000000,5.329225224471464,2.5514415469509055,1.1,-3.285144829474449,3.7693266572926913,0.0,0.3586626529605153,-0.20699424732074084,-0.4549824076940495,0.7883561959142394,2.1528401336356474e-14,-2.9401683711995243,1.6988145968585981,0.2208941709738733,0.2208941709738728,0.22030101186857745,0.22030101186857667
2.040000000,5.2610382981914094,2.624510002506362,1.1,-3.5335477985309973,3.537518898252947,0.0,0.3316701512834399,-0.19141611973530417,-0.461752616495493,0.8000870583959385,-2.105350038583742e-16,-2.940168371199523,1.6988145968585964,0.22089417097387265,0.22089417097387326,0.2203010118685766,0.22030101186857684
2.060000000,5.188046476039297,2.6927789560042417,1.1,-3.765634416680275,3.289376451535002,0.0,0.30429466276350164,-0.1756169597323082,-0.46798962936088145,0.8108940426952786,-8.953242738789098e-15,-2.940168371199504,1.6988145968586004,0.2208941709738726,0.22089417097387337,0.220301011868577,0.22030101186857717
2.080000000,5.110586801760251,2.7559331718046565,1.1,-3.980333011224328,3.026045128506492,0.0,0.2765677984814071,-0.15961501095045877,-0.47368624427382233,0.8207646697490052,1.122799687462716e-14,-2.9401683711994875,1.6988145968585988,0.22089417097387323,0.22089417097387268,0.22030101186857726,0.22030101186857687
2.100000000,5.0290169496518216,2.8136810318497725,1.1,-4.176652199618582,2.7487408760050958,0.0,0.2485215752592089,-0.1434287511931388,-0.4788358832273651,0.8296875417262376,1.1521718503845945e-15,-2.9401683711995132,1.6988145968585981,0.22089417097387318,0.22089417097387268,0.22030101186857654,0.22030101186857698
2.120000000,4.943713572983284,2.865755882226196,1.1,-4.35368546723516,2.458744161637271,0.0,0.22018837868977537,-0.12707687109168275,-0.4834325998197703,0.8376523551897971,-8.646115248651461e-15,-2.940168371199542,1.698814596858599,0.22089417097387304,0.22089417097387287,0.22030101186857692,0.22030101186857692
2.140000000,4.855070564778493,2.9119172644540567,1.1,-4.510615353243932,2.157394061148801,0.0,0.19160092574043186,-0.11057825252289082,-0.4874710861209494,0.8446499129938128,-6.156317692057819e-15,-2.940168371199527,1.6988145968585977,0.220894170973873,0.22089417097387307,0.22030101186857742,0.2203010118685766
2.160000000,4.763497238993226,2.9519520258172354,1.1,-4.6467172252827655,1.8460820751690417,0.0,0.16279222697395695,-0.09395194680571071,-0.4909466788016509,0.8506721349038684,-5.789312882263809e-15,-2.9401683711994844,1.6988145968585973,0.22089417097387296,0.22089417097387296,0.22030101186857715,0.22030101186857703
2.180000000,4.669416440485526,2.9856753036077297,1.1,-4.761362625487232,1.5262457038803858,0.0,0.13379554843055594,-0.07721715270225704,-0.4938553645183078,0.8557120669274288,8.209372973641525e-15,-2.940168371199523,1.6988145968585977,0.22089417097387304,0.22089417097387293,0.22030101186857673,0.2203010118685775
2.200000000,4.573262592506361,3.0129313787393563,1.1,-4.854022172429289,1.1993618092822738,0.0,0.10464437321483036,-0.06039319424857725,-0.4961937845473357,0.8597638893437669,8.251011659955032e-15,-2.940168371199541,1.698814596858599,0.2208941709738729,0.22089417097387312,0.2203010118685768,0.22030101186857692
2.220000000,4.475479690726417,3.0335943947891777,1.1,-4.924268005565081,0.8669397956998469,0.0,0.07537236283210014,-0.04349949844076432,-0.49795923866352376,0.8628229234241241,-5.576624667791155e-15,-2.9401683711995092,1.6988145968585986,0.22089417097387304,0.22089417097387293,0.22030101186857717,0.22030101186857667
2.240000000,4.376519253061722,3.0475689391464424,1.1,-4.97177576090449,0.5305146400266304,0.0,0.0460133183187179,-0.026555572802170704,-0.49914968825804445,0.8648856368343424,-1.67625790839299e-16,-2.9401683711995155,1.6988145968585977,0.220894170973873,0.2208941709738729,0.22030101186857715,0.22030101186857695
2.260000000,4.27683823476488,3.0547904835855535,1.1,-4.99632606877965,0.19163980388447646,0.0,0.01660114121126792,-0.009580982857643706,-0.4997637586924804,0.8659496477137278,3.4579680938719968e-15,-2.9401683711995035,1.6988145968585981,0.22089417097387293,0.22089417097387298,0.22030101186857692,0.220301011868577
2.280000000,4.176896918409119,3.055225682228691,1.1,-4.997805566796448,-0.14811993957074107,0.0,-0.012830205600286497,0.007404670459218394,-0.49980074088615023,0.8660137274254376,9.635821544052594e-16,-2.9401683711995172,1.6988145968585984,0.22089417097387318,0.2208941709738729,0.22030101186857678,0.22030101186857703
2.300000000,4.077156788508239,3.048872525522233,1.1,-4.976207423291581,-0.48719573107505965,0.0,-0.04224673709030225,0.024381773439698162,-0.4992605921348985,0.8650778019752147,-2.5878602223074246e-15,-2.9401683711995283,1.6988145968585986,0.2208941709738728,0.22089417097387307,0.22030101186857695,0.22030101186857692
2.320000000,3.9780784005865413,3.0357603495159804,1.1,-4.931631368878153,-0.8240218695501905,0.0,-0.0716144853407141,0.04133072224833874,-0.4981439361604083,0.8631429520968299,-2.049661650277309e-15,-2.9401683711995057,1.6988145968585986,0.22089417097387284,0.22089417097387312,0.22030101186857717,0.22030101186857687
2.340000000,3.880119254538419,3.0159497004023366,1.1,-4.864283235934085,-1.157043041814185,0.0,-0.10089953876454065,0.05823194555992777,-0.4964520623899752,0.8602114120041356,-1.1371109081805545e-15,-2.9401683711994964,1.6988145968585984,0.2208941709738732,0.22089417097387287,0.220301011868577,0.220301011868577
2.360000000,3.78373168209748,2.9895320549409403,1.1,-4.7744740081598165,-1.4847215043254194,0.0,-0.13006808126434163,0.07506592715893744,-0.49418692446757784,0.8562865668111688,2.2397968979515093e-15,-2.940168371199521,1.6988145968585981,0.22089417097387318,0.22089417097387284,0.22030101186857692,0.22030101186857712
2.380000000,3.6893607581699417,2.9566293980597083,1.1,-4.662618384593997,-1.8055441837978012,0.0,-0.159086431280412,0.09181322847532965,-0.4913511379979609,0.851372948623286,3.40756844695704e-15,-2.940168371199528,1.6988145968585981,0.2208941709738729,0.22089417097387296,0.22030101186857695,0.22030101186857684
2.400000000,3.5974422456768225,2.917393659582733,1.1,-4.529232864717915,-2.118029663899716,0.0,-0.18792108068362143,0.10845451103070025,-0.48794797752634034,0.8454762313038408,-3.5510588075702705e-15,-2.940168371199515,1.6988145968585977,0.22089417097387293,0.22089417097387298,0.22030101186857692,0.22030101186857692
2.420000000,3.508400583394735,2.872006012685983,1.1,-4.374933363490796,-2.4207350257752522,0.0,-0.21653873346799182,0.12497055876884933,-0.48398137275721254,0.8386032239224481,-2.4443946238209734e-15,-2.9401683711995252,1.6988145968585981,0.22089417097387282,0.22089417097387315,0.22030101186857684,0.2203010118685772
2.440000000,3.4226469260865406,2.8206760373202187,1.1,-4.200432367328666,-2.712262510801212,0.0,-0.244906344198329,0.1413423002449834,-0.4794559040166377,0.8307618628924027,1.2385176510069942e-15,-2.9401683711995137,1.6988145968585997,0.22089417097387287,0.22089417097387298,0.22030101186857717,0.22030101186857692
2.460000000,3.340577245971662,2.7636407524640636,1.1,-4.006535644159226,-2.9912659748142785,0.0,-0.27299115616851655,0.15755083064793404,-0.4743767969632371,0.8219612028063261,4.601094230591321e-15,-2.940168371199511,1.6988145968585975,0.2208941709738733,0.22089417097387273,0.22030101186857726,0.22030101186857673
2.480000000,3.2625705043026274,2.701163521675865,1.1,-3.7941385227442135,-3.256457104005572,0.0,-0.3007607392264072,0.1735774336299616,-0.46874991655400905,0.8122114059806295,-6.135111685341159e-17,-2.9401683711995155,1.6988145968585973,0.22089417097387293,0.22089417097387315,0.22030101186857678,0.22030101186857703
2.500000000,3.188986901490688,2.6335328369980053,1.1,-3.5642217584497065,-3.5066113637803777,0.0,-0.3281830272216351,0.18940360291893316,-0.46258176027193443,0.8015237307208622,-1.3278617864941356e-15,-2.940168371199505,1.698814596858599,0.22089417097387257,0.22089417097387307,0.2203010118685769,0.22030101186857728
2.520000000,3.120166213860647,2.5610609868290632,1.1,-3.317847004554388,-3.7405736531138474,0.0,-0.35522635503310684,0.20501106368792454,-0.4558794506231883,0.7899105183214988,3.187108285482557e-14,-2.940168371199511,1.6988145968585995,0.22089417097387287,0.22089417097387248,0.22030101186857737,0.22030101186857712
2.540000000,3.0564262247150307,2.4840826139149907,1.1,-3.0561519100072605,-3.957263638293382,0.0,-0.38185949513341666,0.2203817936575662,-0.448650726912626,0.7773851788151729,6.542506583586869e-14,-2.940168371199512,1.6988145968585977,0.22089417097387287,0.22089417097387193,0.22030101186857715,0.22030101186857592
2.560000000,2.9980612569522465,2.4029531701178684,1.1,-2.7803448662711823,-4.155680741418845,0.0,-0.4080516936479599,0.23549804390676635,-0.4409039363070371,0.7639621754878172,4.0448434612406805e-14,-2.9401683711994977,1.6988145968585942,0.22089417097387237,0.22089417097387204,0.2203010118685761,0.2203010118685753
2.580000000,2.945340814014445,2.3180472750974204,1.1,-2.491699427508959,-4.33490876062594,0.0,-0.4337727058671119,0.2503423593677827,-0.43264802419648807,0.7496570081775872,5.833061014360791e-15,-2.9401683711994835,1.698814596858595,0.2208941709738719,0.22089417097387218,0.22030101186857556,0.22030101186857576
2.600000000,2.8985083354405843,2.229756986484175,1.1,-2.191548429877097,-4.494120100698604,0.0,-0.45899283117046163,0.2648975989819733,-0.42389252386488097,0.7344861953768576,3.490488170327368e-16,-2.9401683711994915,1.6988145968585955,0.22089417097387196,0.22089417097387185,0.2203010118685757,0.22030101186857595
2.620000000,2.8577800727709963,2.1384899895318354,1.1,-1.8812778370816952,-4.632579594535341,0.0,-0.48368294732277256,0.2791469554929561,-0.41464754548166144,0.718467255157953,-1.7894179403868816e-15,-2.9401683711995075,1.6988145968585955,0.2208941709738717,0.22089417097387204,0.22030101186857584,0.22030101186857584
2.640000000,2.8233440909940297,2.0446677146082455,1.1,-1.5623203406149586,-4.749647897823665,0.0,-0.5078145441020715,0.2930739748543183,-0.40492376442738387,0.7016186849446444,-7.816740844235847e-15,-2.9401683711994737,1.6988145968585964,0.22089417097387185,0.2208941709738719,0.2203010118685759,0.22030101186857587
2.660000000,2.795359400145644,1.9487233912175332,1.1,-1.2361487442235974,-4.844784441247559,0.0,-0.5313597562210294,0.30666257522946627,-0.39473240896661244,0.6839599401527658,-2.9990608052834037e-16,-2.940168371199499,1.698814596858596,0.22089417097387218,0.22089417097387162,0.22030101186857592,0.2203010118685761
2.680000000,2.7739552210718412,1.8511000475390982,1.1,-0.9042691631566877,-4.9175499265959575,0.0,-0.5542913955036266,0.3198970655616798,-0.3840852472823961,0.6655114117246144,5.4106866234763224e-15,-2.940168371199518,1.6988145968585953,0.2208941709738718,0.2208941709738719,0.22030101186857604,0.22030101186857573
2.700000000,2.759230388744316,1.752248464720675,1.1,-0.5682140695958414,-4.967608355246348,0.0,-0.5765829822799353,0.33276216369291717,-0.37299457388729035,0.646294402583082,1.3174344721449867e-15,-2.9401683711994746,1.6988145968585955,0.22089417097387185,0.220894170973872,0.2203010118685759,0.2203010118685758
2.720000000,2.7512528958845497,1.652625095371643,1.1,-0.229535216380795,-4.994728579656859,0.0,-0.5982087759627829,0.3452430140104644,-0.3614731954266088,0.6263311030326981,1.268274041340943e-15,-2.9401683711995004,1.6988145968585955,0.22089417097387182,0.22089417097387193,0.22030101186857587,0.22030101186857587
2.740000000,2.7500595790036866,1.5526899558680474,1.1,0.11020352829450063,-4.998785370702711,0.0,-0.6191438047709733,0.3573252046010374,-0.3495344158903095,0.6056445651359962,5.510959127624771e-16,-2.940168371199466,1.698814596858596,0.22089417097387168,0.220894170973872,0.22030101186857604,0.2203010118685757
2.760000000,2.755655948307923,1.4529045022017344,1.1,0.4494334021291019,-4.9797599959285845,0.0,-0.6393638945647553,0.36899478389253476,-0.3371920212505845,0.5842586760947891,-9.430014335714787e-16,-2.9401683711994666,1.6988145968585955,0.22089417097387226,0.22089417097387148,0.22030101186857567,0.22030101186857606
2.780000000,2.768016162254825,1.353729499181981,1.1,0.7865879925611026,-4.937740306046755,0.0,-0.6588456967602346,0.38023827676423,-0.32446026354289037,0.5621981306670878,-4.1627943843209556e-15,-2.9401683711995372,1.698814596858595,0.22089417097387193,0.2208941709738717,0.22030101186857565,0.22030101186857604
2.800000000,2.787083146878072,1.2556228928286974,1.1,1.1201104697636155,-4.8729203292816035,0.0,-0.6775667152904988,0.3910427001067862,-0.31135384440881264,0.5394884026515223,-1.4240167044555984e-15,-2.940168371199507,1.698814596858596,0.22089417097387162,0.22089417097387223,0.220301011868576,0.22030101186857587
2.820000000,2.8127688593296276,1.159037695781545,1.1,1.4484607753919478,-4.785599375433652,0.0,-0.6955053325823222,0.4013955778141413,-0.2978878981197535,0.5161557154721823,-2.0433701422894795e-16,-2.94016837119949,1.6988145968585964,0.22089417097387185,0.220894170973872,0.22030101186857623,0.22030101186857565
2.840000000,2.8449546944224227,1.0644198954892072,1.1,1.7701227338875383,-4.6761806538001185,0.0,-0.7126408345184551,0.41128495518994374,-0.28407797410105406,0.49222701189785073,3.1244847248629313e-15,-2.940168371199464,1.698814596858595,0.2208941709738719,0.22089417097387196,0.22030101186857623,0.22030101186857565
2.860000000,2.8834920322963162,0.9722063948378674,1.1,2.083611053501817,-4.545169411333866,0.0,-0.7289534343566719,0.4206994127519015,-0.2699400189767317,0.467729922930595,-1.6640745988437536e-15,-2.9401683711994524,1.698814596858595,0.22089417097387198,0.2208941709738717,0.2203010118685756,0.22030101186857615
2.880000000,2.928202924678458,0.8828229947281502,1.1,2.3874781847123803,-4.393170599637861,0.0,-0.7444242955779589,0.42962807941811426,-0.2554903581555587,0.44269273589963815,-1.6963599151396205e-15,-2.940168371199513,1.698814596858596,0.22089417097387198,0.22089417097387176,0.22030101186857554,0.22030101186857637
2.900000000,2.9788809165692056,0.7966824279160922,1.1,2.68032100436236,-4.220886081567939,0.0,-0.7590355536374589,0.43806064506014736,-0.24074567697975519,0.417144361797356,4.960358436473745e-15,-2.9401683711995146,1.6988145968585964,0.22089417097387193,0.22089417097387187,0.22030101186857592,0.22030101186857579
2.920000000,3.035291999559415,0.7141824531969873,1.1,2.960787294658616,-4.029111390342555,0.0,-0.772770336593054,0.4459873724083671,-0.22572300145805582,0.39111430189511726,-1.4193791939602866e-15,-2.9401683711995057,1.6988145968585955,0.22089417097387204,0.2208941709738717,0.2203010118685761,0.22030101186857554
2.940000000,3.0971756923771174,0.635704018732317,1.1,3.2275819871116167,-3.818732056124471,0.0,-0.7856127845877718,0.4533991082957807,-0.21043967860539992,0.3646326136775126,3.3921134541069676e-16,-2.9401683711994995,1.698814596858594,0.2208941709738718,0.2208941709738719,0.22030101186857615,0.22030101186857562
2.960000000,3.164246243674086,0.5616095030007059,1.1,3.47947314258527,-3.590719517036632,0.0,-0.7975480681635101,0.4602872942273989,-0.19491335641195268,0.33772987613431543,2.4223151069939386e-15,-2.9401683711994697,1.6988145968585942,0.22089417097387157,0.22089417097387212,0.2203010118685758,0.22030101186857587
2.980000000,3.236193951498374,0.49224104149540643,1.1,3.7152976398435045,-3.346126633493312,0.0,-0.8085624053849406,0.466643976262921,-0.17916196346457997,0.31043715445024644,3.7654822162454707e-16,-2.940168371199471,1.6988145968585957,0.2208941709738719,0.22089417097387196,0.22030101186857545,0.22030101186857623
3.000000000,3.3126865933600733,0.4279189468948797,1.1,3.933966546326417,-3.0860828265593594,0.0,-0.8186430777538131,0.47246181420132344,-0.1632036882443138,0.2827859641333199,-4.8698720203656576e-15,-2.9401683711995097,1.6988145968585966,0.22089417097387226,0.2208941709738716,0.22030101186857579,0.2203010118685759
3.020000000,3.393370960286899,0.3689402300014217,1.1,4.1344701463561355,-2.811788862786443,0.0,-0.8277784448952871,0.47773409005675316,-0.14705695812371206,0.254808234623191,-7.032025253386595e-15,-2.94016837119951,1.6988145968585946,0.22089417097387193,0.22089417097387182,0.22030101186857629,0.22030101186857565
3.040000000,3.477874487786004,0.31557722827748136,1.1,4.3158826035543845,-2.5245113096075893,0.0,-0.8359579579993279,0.4824547158159327,-0.13074041808836606,0.22653627242152796,4.5206843486595036e-15,-2.9401683711994817,1.6988145968585946,0.2208941709738717,0.22089417097387215,0.2203010118685759,0.22030101186857615
3.060000000,3.5658069761809754,0.26807634831248,1.1,4.477366235942778,-2.2255766868925457,0.0,-0.8431721720016523,0.486618240468125,-0.11427290920712169,0.19800272378698006,4.38987373933204e-15,-2.940168371199496,1.698814596858597,0.22089417097387193,0.22089417097387187,0.2203010118685758,0.22030101186857587
3.080000000,3.6567623923802564,0.22665692802685988,1.1,4.6181753839853315,-1.9163653416694673,0.0,-0.8494127564901507,0.49021985629953546,-0.09767344687588282,0.16924053703782344,-1.3416502039702742e-15,-2.9401683711994884,1.698814596858595,0.22089417097387193,0.22089417097387182,0.22030101186857617,0.2203010118685755
3.100000000,3.7503207447572326,0.19151022386719765,1.1,4.737659853712299,-1.5983050742967557,0.0,-0.8546725053241996,0.49325540444488386,-0.08096119886011469,0.14028292450581104,-2.6232371437664954e-15,-2.940168371199464,1.6988145968585948,0.22089417097387176,0.2208941709738721,0.22030101186857579,0.2203010118685761
3.120000000,3.846050022484621,0.16279852766906477,1.1,4.8352679190265135,-1.2728645455165322,0.0,-0.8589453449557498,0.49572137968973995,-0.06415546316140078,0.11116332418515952,7.091917101062528e-16,-2.9401683711994853,1.6988145968585968,0.22089417097387207,0.22089417097387168,0.22030101186857562,0.2203010118685763
3.140000000,3.943508190368175,0.14065441726556893,1.1,4.9105488693289265,-0.9415464948330521,0.0,-0.8622263414425877,0.4976149345180697,-0.047275645733614605,0.08191536112095948,2.499824678346881e-15,-2.940168371199528,1.6988145968585957,0.22089417097387212,0.22089417097387168,0.22030101186857592,0.22030101186857579
3.160000000,4.04224522996846,0.1251801443019328,1.1,4.963155090699533,-0.6058808015305608,0.0,-0.8645117061456657,0.4989338824003271,-0.030341238074437837,0.05257280858159467,1.5606032641074514e-15,-2.9401683711995013,1.6988145968585955,0.2208941709738717,0.22089417097387204,0.2203010118685761,0.22030101186857565
3.180000000,4.141805217585692,0.11644716208290991,1.1,4.992843671023731,-0.26741742037172844,0.0,-0.865798800103929,0.4996767003182858,-0.013371794718097928,0.023169549060003576,6.402384070952031e-16,-2.940168371199478,1.6988145968585957,0.2208941709738719,0.22089417097387185,0.22030101186857584,0.2203010118685759
3.200000000,4.241728429512453,0.11449579563322802,1.1,4.999477521652344,0.0722807754035401,0.0,-0.8660861370815804,0.4998425305237044,0.0036130893446872253,-0.006260464851184465,-3.433024224501627e-15,-2.9401683711995075,1.698814596858596,0.22089417097387207,0.22089417097387168,0.22030101186857587,0.22030101186857587
3.220000000,4.341553464833137,0.11933505549457415,1.1,4.983026010415977,0.4116452107310728,0.0,-0.8653733852842712,0.4994311815287848,0.02059380129347386,-0.035683249665455274,1.4390521464776486e-16,-2.9401683711994986,1.698814596858595,0.2208941709738719,0.22089417097387196,0.2203010118685761,0.22030101186857579
3.240000000,4.440819375968004,0.13094259611892373,1.1,4.943565103070747,0.7491088517038842,0.0,-0.8636613677422306,0.49844312832728904,0.03755073312545017,-0.06506483024389229,-2.8367540944593166e-15,-2.9401683711994853,1.6988145968585955,0.22089417097387173,0.220894170973872,0.22030101186857584,0.2203010118685759
3.260000000,4.539067797123933,0.1492648190503351,1.1,4.88127701252223,1.0831134414372519,0.0,-0.8609520613598943,0.49687951184605283,0.054464304297230696,-0.0943712790270198,-7.044150468866104e-16,-2.940168371199489,1.698814596858596,0.2208941709738719,0.22089417097387196,0.2203010118685761,0.22030101186857592
3.280000000,4.6358450608236295,0.1742171204187617,1.1,4.796449357447371,1.4121166954054098,0.0,-0.8572485946331303,0.4947421376275324,0.07131498433494084,-0.12356875521170392,1.0769236765138292e-14,-2.940168371199472,1.6988145968585955,0.2208941709738719,0.22089417097387196,0.2203010118685759,0.22030101186857595
3.300000000,4.730704292740097,0.2056842816030658,1.1,4.689473834199455,1.7345994230249986,0.0,-0.8525552440366946,0.49203347374490464,0.0880833153864861,-0.15262354382787474,1.3902908359878134e-15,-2.940168371199489,1.6988145968585961,0.22089417097387185,0.22089417097387185,0.2203010118685756,0.22030101186857584
3.320000000,4.823207475163379,0.24352100125932546,1.1,4.5608444081286965,2.049072542600969,0.0,-0.8468774290860919,0.4887566479521288,0.10474993468996477,-0.18150209466994727,-5.210190371091668e-15,-2.940168371199487,1.6988145968585964,0.22089417097387193,0.22089417097387182,0.22030101186857598,0.22030101186857573
3.340000000,4.912927469571367,0.28755256625776554,1.1,4.411155032670122,2.35408395724304,0.0,-0.8402217060795417,0.48491544407225945,0.12129559693227301,-0.21017106103798208,1.1134985416886766e-15,-2.9401683711994817,1.698814596858595,0.2208941709738721,0.2208941709738716,0.2203010118685758,0.22030101186857595
3.360000000,4.999449988965378,0.33757565843022386,1.1,4.241096906730987,2.6482252600027927,0.0,-0.8325957605272758,0.4805142976281829,0.13770119647209716,-0.23859733824385843,-2.076399419390063e-15,-2.940168371199526,1.6988145968585953,0.2208941709738718,0.22089417097387196,0.22030101186857579,0.2203010118685759
3.380000000,5.082375510863107,0.39335929340295234,1.1,4.051455283041875,2.930138237270057,0.0,-0.8240083982769099,0.475558290720821,0.1539477894016155,-0.2667481018379859,-1.4213370888800225e-15,-2.9401683711994746,1.698814596858596,0.22089417097387187,0.2208941709738721,0.22030101186857623,0.2203010118685756
3.400000000,5.161321122115617,0.454645887179641,1.1,3.843105842209126,3.1985211403988068,0.0,-0.8144695353451374,0.4700531461607174,0.17001661542144714,-0.29459084551242065,-8.396806610554353e-15,-2.94016837119947,1.6988145968585946,0.2208941709738722,0.2208941709738716,0.2203010118685757,0.220301011868576
3.420000000,5.235922287029824,0.5211524455496589,1.1,3.61701064921156,3.4521346966029833,0.0,-0.8039901864674855,0.46400522085978074,0.18588911950358808,-0.3220934186366196,-2.8161769933622113e-15,-2.940168371199527,1.6988145968585953,0.22089417097387212,0.22089417097387185,0.22030101186857579,0.22030101186857637
3.440000000,5.305834530632066,0.5925718708293548,1.1,3.37421371101264,3.6898078313666023,0.0,-0.792582452379358,0.45742149849081937,0.2015469733173049,-0.349224063382479,1.0306995430789428e-14,-2.940168371199511,1.6988145968585957,0.2208941709738717,0.22089417097387204,0.2203010118685761,0.22030101186857587
3.460000000,5.370735029300203,0.6685743799024669,1.1,3.1158361558010137,3.9104430759446123,0.0,-0.7802595058430479,0.4503095814233402,0.21697209639326706,-0.37595145139580144,1.151635849247092e-14,-2.9401683711994915,1.6988145968585955,0.2208941709738718,0.22089417097387207,0.22030101186857612,0.2203010118685755
3.480000000,5.430324101419409,0.7488090270117637,1.1,2.8430710561195642,4.113021634985061,0.0,-0.7670355764368593,0.44267768194492413,0.23214667700146277,-0.4022447199718378,-1.2965648461364186e-15,-2.9401683711994564,1.698814596858595,0.2208941709738718,0.220894170973872,0.2203010118685757,0.22030101186857556
3.500000000,5.484326591178479,0.8329053242703398,1.1,2.5571779197874625,4.29660809087255,0.0,-0.752925934123898,0.4345346127783174,0.24705319271879664,-0.4280735076931329,-1.523374408629536e-14,-2.940168371199473,1.6988145968585955,0.22089417097387204,0.2208941709738717,0.22030101186857545,0.22030101186857634
3.520000000,5.53249313911689,0.9204749524097695,1.1,2.2594768740536755,4.460354723070424,0.0,-0.7379468716195092,0.4258897769051839,0.261674430662619,-0.4534079894885252,3.109262564208068e-15,-2.940168371199527,1.6988145968585966,0.22089417097387187,0.22089417097387193,0.22030101186857592,0.22030101186857615
3.540000000,5.574601333555797,1.0111135538656424,1.1,1.951342569836942,4.603505422516863,0.0,-0.7221156855777193,0.4167531567082778,0.27599350736681955,-0.4782189110728134,1.323919534741557e-15,-2.9401683711994826,1.6988145968585966,0.22089417097387182,0.22089417097387193,0.22030101186857606,0.22030101186857556
3.560000000,5.610456737596163,1.104402599920811,1.1,1.6341978341996994,4.725399182999994,0.0,-0.705450656618408,0.4071353024445648,0.28999388827753914,-0.5024776227273249,-2.8601662269249586e-15,-2.940168371199488,1.6988145968585955,0.22089417097387232,0.22089417097387154,0.22030101186857595,0.220301011868576
3.580000000,5.63989378694182,1.1999113232847143,1.1,1.30950710036603,4.8254731533903445,0.0,-0.6879710282182716,0.39704732006260535,0.3036594068459862,-0.5261561123823814,9.757158601217251e-15,-2.9401683711995297,1.6988145968585946,0.22089417097387182,0.22089417097387187,0.22030101186857592,0.22030101186857584
3.600000000,5.662776554401689,1.297198707184986,1.1,0.9787696456208685,4.903265236636827,0.0,-0.6696969844899584,0.3865008583782744,0.31697428319630294,-0.5492270379634486,1.1930681423304989e-15,-2.940168371199481,1.6988145968585955,0.22089417097387135,0.2208941709738723,0.22030101186857584,0.2203010118685756
3.620000000,5.678999377541047,1.3958155217866066,1.1,0.6435126683148482,4.95841622352524,0.0,-0.6506496268750264,0.37550809562361476,0.32992314234694,-0.5716637589636376,-8.510758547200085e-15,-2.9401683711994613,1.6988145968585964,0.22089417097387182,0.22089417097387193,0.22030101186857587,0.22030101186857587
3.640000000,5.688487346583616,1.4953063985353243,1.1,0.30528423594209164,4.990671451346527,0.0,-0.6308509497776433,0.364081725384363,0.34249103196448577,-0.5934403672060845,-3.12139368764886e-15,-2.9401683711994773,1.698814596858596,0.22089417097387215,0.2208941709738716,0.2203010118685759,0.22030101186857606
3.660000000,5.691196650311573,1.5952119328469478,1.1,-0.03435386314641148,4.999881979815815,0.0,-0.6103238151671637,0.35223494194238725,0.3546634396294551,-0.6145317167606932,2.7438085964599687e-15,-2.9401683711995004,1.6988145968585953,0.22089417097387223,0.22089417097387162,0.22030101186857576,0.22030101186857612
3.680000000,5.687114778366246,1.6950708054332295,1.1,-0.37383333138623887,4.986005278812355,0.0,-0.5890919261789075,0.33998142503995826,0.36642630959410144,-0.6349134529806969,1.0803892767418906e-15,-2.940168371199528,1.6988145968585957,0.22089417097387173,0.220894170973872,0.2203010118685759,0.22030101186857584
3.700000000,5.676260579015388,1.794421912469,1.1,-0.7115866036996188,4.949105424764686,0.0,-0.5671797997436269,0.32733532408344984,0.37776605901289756,-0.6545620406255059,2.692571761678884e-15,-2.9401683711994835,1.698814596858596,0.22089417097387165,0.2208941709738721,0.22030101186857617,0.2203010118685756
3.720000000,5.658684172120259,1.892806494764389,1.1,-1.0460540858132163,4.889352804774214,0.0,-0.5446127382772661,0.3143112418047064,0.38866959362694736,-0.673454791037368,3.0374815026971816e-15,-2.940168371199463,1.6988145968585955,0.22089417097387215,0.2208941709738716,0.22030101186857584,0.22030101186857584
3.740000000,5.6344667177044245,1.9897702561105652,1.1,-1.375691355770293,4.8070233298434175,0.0,-0.5214168004637013,0.30092421739894504,0.39912432288421795,-0.6915698883404654,-7.033663846065204e-15,-2.9401683711995164,1.6988145968585946,0.220894170973872,0.22089417097387173,0.22030101186857562,0.22030101186857595
3.760000000,5.603720041192883,2.084865461017416,1.1,-1.698976295383861,4.702497160841645,0.0,-0.4976187711642054,0.2871897091586671,0.4091181744781247,-0.7088864146321843,-7.693509260625386e-15,-2.9401683711995017,1.6988145968585955,0.22089417097387173,0.22089417097387212,0.22030101186857606,0.22030101186857592
3.780000000,5.566586117052035,2.177653002156747,1.1,-2.0144161187009577,4.576256953091442,0.0,-0.47324613048837727,0.2731235766236266,0.4186396082876907,-0.7253843741374808,3.657199576147241e-16,-2.940168371199482,1.6988145968585955,0.220894170973872,0.22089417097387185,0.2203010118685761,0.22030101186857592
3.800000000,5.523236413214788,2.2677044279644725,1.1,-2.320554265023717,4.428885627681103,0.0,-0.4483270220622513,0.25874206226746715,0.42767762970318113,-0.7410447162984434,7.22045808775803e-15,-2.940168371199497,1.6988145968585948,0.22089417097387196,0.2208941709738719,0.22030101186857598,0.22030101186857598
3.820000000,5.473871099317968,2.354603921039229,1.1,-2.6159771246583414,4.2610636797945505,0.0,-0.4228902205302332,0.24406177274218216,0.4362218023218194,-0.7558493577723921,5.631497564776334e-15,-2.9401683711994835,1.6988145968585955,0.2208941709738718,0.220894170973872,0.2203010118685758,0.22030101186857587
3.840000000,5.4187181224080305,2.437950218202049,1.1,-2.899320566335449,4.073566036487477,0.0,-0.39696509832838184,0.2290996597020459,0.44426225999893326,-0.7697812033131136,-2.422673491089334e-15,-2.940168371199483,1.6988145968585957,0.22089417097387198,0.22089417097387176,0.22030101186857579,0.2203010118685759
3.860000000,5.358032154383065,2.517358463351115,1.1,-3.169276236161088,3.8672584784191253,0.0,-0.37058159176740996,0.213873000229164,0.45178971824060915,-0.782824165511119,1.1297297249160748e-15,-2.9401683711994973,1.6988145968585955,0.22089417097387198,0.22089417097387176,0.22030101186857598,0.22030101186857573
3.880000000,5.292093416031328,2.592461984555932,1.1,-3.4245975990126496,3.6430936420625804,0.0,-0.34377016646456493,0.1983993768832461,0.45879548492470223,-0.7949631833701308,-5.195324011480976e-15,-2.9401683711994835,1.6988145968585946,0.220894170973872,0.22089417097387185,0.22030101186857598,0.22030101186857565
3.900000000,5.221206383096369,2.6629139871850933,1.1,-3.6641056944832195,3.402106620853562,0.0,-0.316561782164309,0.18269665739863652,0.46527147033782157,-0.806184239698348,-1.0255099464546695e-14,-2.940168371199487,1.6988145968585944,0.22089417097387196,0.22089417097387185,0.2203010118685757,0.2203010118685763
3.920000000,5.145698380343577,2.7283891552495256,1.1,-3.886694580795966,3.1454101855896752,0.0,-0.28898785698841795,0.1667829740520452,0.47121019651670104,-0.8164743772944063,4.587474895982766e-15,-2.9401683711995243,1.698814596858596,0.220894170973872,0.2208941709738719,0.22030101186857604,0.22030101186857615
3.940000000,5.065918070120108,2.788585153566924,1.1,-4.091336441550994,2.874189646150172,0.0,-0.2610802311567838,0.15067670272480996,0.47660480588316806,-0.8258217139093446,9.424214003770485e-15,-2.940168371199495,1.6988145968585948,0.22089417097387187,0.22089417097387198,0.2203010118685763,0.2203010118685755
3.960000000,4.982233842387358,2.843224023811051,1.1,-4.277086331723991,2.589697378262528,0.0,-0.23287113022081013,0.13439644168386072,0.4814490691627409,-0.8342154559672995,3.0391133778955715e-15,-2.9401683711994737,1.6988145968585942,0.22089417097387187,0.22089417097387187,0.22030101186857576,0.22030101186857587
3.980000000,4.8950321136601005,2.892053467999564,1.1,-4.4430865410017395,2.2932470405887804,0.0,-0.2043931278518552,0.11796099010588715,0.4857373925777094,-0.8416459110290871,-1.1369878062598578e-15,-2.9401683711995017,1.6988145968585955,0.22089417097387168,0.22089417097387196,0.22030101186857565,0.22030101186857604
4.000000000,4.804715542707018,2.9348480134937973,1.1,-4.588570554306564,1.98620750883455,0.0,-0.17567910822769686,0.1013893263695182,0.4894648243063932,-0.8481044989842751,-1.1667291032812556e-15,-2.9401683711994835,1.698814596858596,0.22089417097387173,0.220894170973872,0.22030101186857598,0.22030101186857579
4.020000000,4.711701171251734,2.9714100541310464,1.1,-4.712866591221779,1.6699965548903406,0.0,-0.14676222806044584,0.08470058614056815,0.49262706020111935,-0.8535837619588253,9.809045018597603e-16,-2.9401683711994737,1.698814596858596,0.22089417097387204,0.2208941709738717,0.22030101186857579,0.22030101186857598
4.040000000,4.61641849825977,3.00157076268187,1.1,-4.815400707974631,1.3460743001920137,0.0,-0.11767587830975802,0.06791404027565975,0.49522044875831733,-0.8580773729268673,-3.761119554517248e-16,-2.94016837119951,1.6988145968585957,0.22089417097387196,0.2208941709738718,0.22030101186857576,0.22030101186857595
4.060000000,4.519307496703492,3.0251908704190895,1.1,-4.8956994476531746,1.0159364735299163,0.0,-0.08845364562555737,0.051049072569742414,0.49724199533499003,-0.8615801430166525,-2.961987937960129e-15,-2.9401683711994937,1.698814596858596,0.2208941709738718,0.22089417097387196,0.22030101186857598,0.22030101186857573
4.080000000,4.4208165819627645,3.0421613101987797,1.1,-4.953392026419547,0.6811075044390963,0.0,-0.05912927356479055,0.03412515737319718,0.4986893656066947,-0.8640880275022604,-9.758715512517617e-16,-2.9401683711994853,1.6988145968585955,0.22089417097387204,0.22089417097387182,0.220301011868576,0.22030101186857587
4.100000000,4.321400541242322,3.052403720083793,1.1,-4.988212045624695,0.34313348406225047,0.0,-0.02973662362699498,0.0171618371043711,0.4995608882630386,-0.8655981304741326,1.6512090562285278e-15,-2.940168371199495,1.6988145968585955,0.22089417097387196,0.2208941709738719,0.22030101186857598,0.2203010118685759
4.120000000,4.221518433566887,3.0558708051843055,1.1,-4.999998721918754,0.003575025989013168,0.0,-0.00030963615368055376,0.0001786996835197857,0.4998555569375779,-0.8661087081830429,2.5878786634399854e-15,-2.940168371199481,1.6988145968585955,0.22089417097387198,0.22089417097387182,0.2203010118685757,0.220301011868576
4.140000000,4.12163147005093,3.052546556044566,1.1,-4.988697629676998,-0.33599993996295263,0.0,0.029117708863333522,-0.016804644085799673,0.4995730313698915,-0.8656191710536436,-2.656183545961294e-15,-2.9401683711995257,1.698814596858596,0.22089417097387187,0.22089417097387187,0.22030101186857587,0.22030101186857587
4.160000000,4.022200884231029,3.0424463225674367,1.1,-4.954360952313138,-0.6740234077499476,0.0,0.05851143101936453,-0.03376858316175518,0.4987136377984873,-0.864130084365261,-5.009920741999084e-16,-2.9401683711994826,1.698814596858596,0.2208941709738715,0.2208941709738723,0.22030101186857637,0.22030101186857554
4.180000000,3.9236858022947017,3.0256167431353753,1.1,-4.8971472413195585,-1.0089345354562074,0.0,0.08783758873478778,-0.05069352890953962,0.4972783685840867,-0.8616431675991548,7.612193213365568e-15,-2.9401683711994293,1.698814596858596,0.2208941709738721,0.22089417097387176,0.2203010118685759,0.2203010118685758
4.200000000,3.8265411230400352,3.002135529255142,1.1,-4.817320684147089,-1.3391868525671184,0.0,0.11706231844813143,-0.06755993772080642,0.4952688810637246,-0.8581612924529953,-3.2947905913183273e-15,-2.9401683711994924,1.6988145968585953,0.22089417097387232,0.22089417097387137,0.22030101186857526,0.2203010118685762
4.220000000,3.7312154173555148,2.9721111067206536,1.1,-4.715249884304951,-1.663255400881702,0.0,0.14615187371907487,-0.08434833358109965,0.49268749563698555,-0.8536884795248502,-5.12382715957783e-15,-2.9401683711995443,1.698814596858596,0.22089417097387196,0.2208941709738718,0.22030101186857567,0.22030101186857612
4.240000000,3.638148856919327,2.9356821149509287,1.1,-4.591406159313825,-1.9796437760908079,0.0,0.17507266419620893,-0.10103933055923876,0.48953719308658655,-0.8482298936705123,4.018910954130042e-15,-2.9401683711995243,1.6988145968585964,0.22089417097387173,0.220894170973872,0.22030101186857623,0.2203010118685755
4.260000000,3.5477711816824757,2.8930167668149593,1.1,-4.446361364371329,-2.286891037506145,0.0,0.20379129440455562,-0.1176136551926815,0.48582161113640265,-0.8417918380395256,-8.494243074798259e-15,-2.940168371199484,1.698814596858595,0.2208941709738718,0.220894170973872,0.22030101186857615,0.22030101186857542
4.280000000,3.46049971552097,2.844312071899557,1.1,-4.280785251779254,-2.5835784540340994,0.0,0.2322746023080615,-0.13405216874301806,0.48154504025090605,-0.8343817467967997,-6.7777717725882686e-15,-2.9401683711994684,1.698814596858595,0.22089417097387196,0.2208941709738719,0.22030101186857617,0.2203010118685761
4.300000000,3.376737439219922,2.7897929268067716,1.1,-4.09544237832555,-2.868336055244427,0.0,0.26048969760253105,-0.15033588929589248,0.4767124186808712,-0.8260081765382161,1.0816373885215072e-14,-2.9401683711994813,1.698814596858595,0.22089417097387196,0.2208941709738718,0.22030101186857595,0.22030101186857606
4.320000000,3.2968711296876525,2.7297110766814883,1.1,-3.8911885749013946,-3.1398489572839097,0.0,0.28840399969478775,-0.16644601367983983,0.4713293267610701,-0.8166807964101371,6.0216307239116345e-15,-2.940168371199489,1.6988145968585948,0.22089417097387185,0.2208941709738719,0.22030101186857573,0.22030101186857584
4.340000000,3.221269573992088,2.664343952764402,1.1,-3.668966994655075,-3.39686343442472,0.0,0.3159852753242025,-0.182363939178721,0.46540198046653464,-0.8064103769442299,-3.4380672580199964e-16,-2.9401683711994844,1.6988145968585955,0.220894170973872,0.22089417097387173,0.22030101186857576,0.22030101186857592
4.360000000,3.1502818664662318,2.5939933913380373,1.1,-3.4298037579305642,-3.638192708211782,0.0,0.343201675783153,-0.19807128501269192,0.45893722423483363,-0.7952087776204955,-2.5103234427456023e-15,-2.94016837119952,1.6988145968585946,0.22089417097387196,0.2208941709738719,0.2203010118685759,0.2203010118685758
4.380000000,3.0842357967459213,2.5189842399811453,1.1,-3.1748032141005043,-3.862722427477427,0.0,0.3700217736934276,-0.21354991356289435,0.4519425230626494,-0.7830889331728657,3.290929901487905e-16,-2.940168371199479,1.6988145968585953,0.22089417097387154,0.22089417097387226,0.22030101186857592,0.22030101186857579
4.400000000,3.0234363361831926,2.43966285756718,1.1,-2.9051428421723706,-4.069415813919074,0.0,0.39641459929611256,-0.22878195131536308,0.4444259538857827,-0.7700648386531809,-3.5663625633939685e-15,-2.940168371199465,1.6988145968585964,0.22089417097387207,0.2208941709738718,0.22030101186857567,0.22030101186857604
4.420000000,2.968164229624324,2.35639551493319,1.1,-2.622067813714521,-4.257318449479949,0.0,0.42234967621305813,-0.24374980949997233,0.43639619625253423,-0.7561515332707935,-4.678962274942346e-15,-2.9401683711995137,1.6988145968585957,0.2208941709738722,0.22089417097387165,0.22030101186857598,0.22030101186857598
4.440000000,2.918674699055097,2.269566703604122,1.1,-2.326885243208135,-4.425562683426845,0.0,0.4477970566386222,-0.25843620440057014,0.427862522301241,-0.7413650830264625,2.7297036571523674e-15,-2.9401683711994973,1.698814596858595,0.22089417097387193,0.22089417097387193,0.220301011868576,0.22030101186857587
4.460000000,2.875196265099272,2.1795773603821034,1.1,-2.020958152374356,-4.573371638775011,0.0,0.47272735592106346,-0.2728241773128705,0.41883478605353264,-0.7257225621605871,-2.1534165911371856e-16,-2.9401683711995035,1.6988145968585955,0.22089417097387187,0.22089417097387187,0.22030101186857595,0.22030101186857592
4.480000000,2.837929691812062,2.0868430159987508,1.1,-1.705699176346677,-4.700062799560264,0.0,0.49711178649364823,-0.2868971141270439,0.4093234120356752,-0.7092420334372043,4.0084290645839734e-15,-2.9401683711994977,1.698814596858595,0.22089417097387182,0.22089417097387204,0.22030101186857598,0.2203010118685759
4.500000000,2.8070470596410884,1.9917918763792088,1.1,-1.3825640407506787,-4.805051162393919,0.0,0.5209221911162873,-0.3006387645123935,0.3993393832411406,-0.6919425272865176,4.197623361917368e-15,-2.940168371199479,1.698814596858596,0.2208941709738718,0.22089417097387196,0.22030101186857573,0.2203010118685759
4.520000000,2.7826909708354712,1.8948628453777892,1.1,-1.0530448398110506,-4.887851937748045,0.0,0.5441310753893238,-0.31403326068197446,0.388894228448302,-0.6738440198300383,-1.4914592605178092e-15,-2.9401683711994986,1.698814596858596,0.2208941709738721,0.22089417097387176,0.2203010118685759,0.2203010118685758
4.540000000,2.7649738909721147,1.7965034981153316,1.1,-0.7186631465246117,-4.948082788497717,0.0,0.5667116395019226,-0.32706513571547474,0.3780000089078982,-0.6549674098137174,-5.160714817147353e-16,-2.940168371199492,1.6988145968585953,0.2208941709738719,0.22089417097387185,0.22030101186857598,0.22030101186857579
4.560000000,2.7539776296397336,1.6971680142765178,1.1,-0.38096298671348233,-4.985465595383679,0.0,0.5886378091784029,-0.3397193414192102,0.3666693044156425,-0.635334494475703,1.1806587660784994e-15,-2.9401683711994853,1.6988145968585955,0.2208941709738718,0.22089417097387196,0.2203010118685759,0.2203010118685759
4.580000000,2.749752962678588,1.597315080910248,1.1,-0.04150370940110314,-4.999827741243287,0.0,0.6098842657867808,-0.3519812657026068,0.35491519878605365,-0.6149679443765881,9.991017284240478e-17,-2.940168371199478,1.698814596858596,0.2208941709738719,0.22089417097387185,0.2203010118685759,0.22030101186857584
4.600000000,2.752319397720252,1.497405774417018,1.1,0.2981472135674699,-4.991102908079731,0.0,0.6304264755747514,-0.3638367494511022,0.34275126474428785,-0.5938912772212136,-6.824396603732263e-16,-2.9401683711994817,1.6988145968585955,0.22089417097387204,0.2208941709738717,0.22030101186857573,0.22030101186857598
4.620000000,2.7616650841100547,1.3979014315033302,1.1,0.6364214254128443,-4.9593313832890304,0.0,0.6502407179993548,-0.37527210287599033,0.3301915482534118,-0.5721288307022558,-3.272426325870437e-16,-2.940168371199515,1.6988145968585957,0.22089417097387185,0.2208941709738719,0.2203010118685759,0.22030101186857584
4.640000000,2.777746867628131,1.2992615189341323,1.1,0.9717569263948033,-4.904659873630762,0.0,0.6693041131176097,-0.38627412132232,0.3172505522952209,-0.5497057343969561,-5.48191895572769e-16,-2.9401683711994777,1.6988145968585955,0.22089417097387173,0.220894170973872,0.2203010118685759,0.22030101186857573
4.660000000,2.8004904897563976,1.2019415119198091,1.1,1.3026052864318398,-4.8273408278015575,0.0,0.6875946480064888,-0.39683010051660195,0.3039432201233261,-0.5266478807494432,-8.472315351437632e-15,-2.9401683711994924,1.698814596858596,0.22089417097387218,0.22089417097387168,0.22030101186857567,0.22030101186857598
4.680000000,2.8297909305713365,1.1063907909343997,1.1,1.6274387950620492,-4.72773127073938,0.0,0.7050912021817276,-0.40692785123671643,0.2902849180078461,-0.5029818951721553,-6.3224347985960725e-15,-2.940168371199522,1.698814596858595,0.22089417097387196,0.2208941709738719,0.22030101186857629,0.22030101186857584
4.700000000,2.865512893679257,1.0130505666765932,1.1,1.944757515730036,-4.606291155041281,0.0,0.7217735719861118,-0.41655571338707237,0.2762914174916413,-0.4787351053008918,5.678582117400388e-15,-2.9401683711994715,1.6988145968585946,0.2208941709738715,0.22089417097387223,0.220301011868576,0.22030101186857606
4.720000000,2.9074914309548205,0.92235184275511,1.1,2.25309621182629,-4.463581237107041,0.0,0.7376224939190882,-0.42570256946278057,0.261978877178561,-0.4539355094389859,1.0247861108903138e-14,-2.940168371199483,1.6988145968585968,0.22089417097387187,0.22089417097387198,0.22030101186857562,0.2203010118685762
4.740000000,2.95553270419806,0.8347134255058825,1.1,2.5510311124976504,-4.300260487815709,0.0,0.7526196668807525,-0.4343578573872816,0.2473638240747481,-0.4286117442270476,2.768487185983722e-15,-2.9401683711995013,1.6988145968585964,0.2208941709738723,0.2208941709738715,0.22030101186857604,0.22030101186857534
4.760000000,3.00941488019291,0.7505399901308113,1.1,2.8371864869873695,-4.117083049691404,0.0,0.7667477733045337,-0.442511582708607,0.23246313450454173,-0.402793051575603,-1.0171647454763373e-14,-2.940168371199488,1.6988145968585933,0.22089417097387204,0.2208941709738717,0.22030101186857598,0.22030101186857573
4.780000000,3.068889155034258,0.6702202120878091,1.1,3.110240997147393,-3.914894754608812,0.0,0.7799904991541703,-0.4501543301401949,0.2172940146230115,-0.37650924489881415,1.0975263615055538e-15,-2.9401683711995084,1.698814596858595,0.2208941709738718,0.22089417097387207,0.22030101186857567,0.22030101186857629
4.800000000,3.1336809029936297,0.5941249723605402,1.1,3.368933798789781,-3.6946292181180858,0.0,0.7923325527618883,-0.4572772744329286,0.20187398054763075,-0.3497906746882721,-2.268745789537836e-15,-2.9401683711995084,1.6988145968585957,0.22089417097387168,0.22089417097387207,0.22030101186857595,0.22030101186857562
4.820000000,3.203490944618567,0.5226056448951214,1.1,3.612070363703952,-3.4573035284237914,0.0,0.8037596824860266,-0.46387219056584666,0.18622083813203077,-0.3226681934666145,-9.500361720668416e-15,-2.940168371199468,1.698814596858595,0.22089417097387176,0.22089417097387215,0.22030101186857615,0.22030101186857595
4.840000000,3.277996928210169,0.45599247411164046,1.1,3.8385279954562614,-3.204013549924303,0.0,0.8142586931677231,-0.4699314632437561,0.1703526624051866,-0.29517312016143765,9.605749417302895e-15,-2.940168371199479,1.698814596858596,0.22089417097387215,0.2208941709738717,0.2203010118685759,0.22030101186857629
4.860000000,3.3568548182997557,0.3945930499824195,1.1,4.047261013502402,-2.935928862997793,0.0,0.8238174613676558,-0.47544809569078217,0.15428777669978228,-0.2673372039406375,9.00733195191299e-15,-2.9401683711995155,1.698814596858595,0.22089417097387218,0.22089417097387162,0.22030101186857592,0.2203010118685757
4.880000000,3.439700484251527,0.3386908877184352,1.1,4.237305581674715,-2.6542873634006376,0.0,0.8324249493652442,-0.4804157177296993,0.13804473149385632,-0.2391925875509472,6.138447774932297e-16,-2.940168371199494,1.6988145968585944,0.22089417097387165,0.2208941709738721,0.22030101186857598,0.22030101186857565
4.900000000,3.5261513816557604,0.2885441186222706,1.1,4.407784158748596,-2.3603895462158206,0.0,0.840071217904151,-0.48482859313771537,0.12164228299015419,-0.21077177020199744,2.7143133197083636e-16,-2.9401683711994693,1.6988145968585953,0.2208941709738718,0.220894170973872,0.2203010118685757,0.220301011868576
4.920000000,3.615808318748619,0.24438429815265733,1.1,4.557909550537268,-2.055592500745506,0.0,0.8467474376693589,-0.48868162627021483,0.1050993714579258,-0.1821075700387609,-9.986770361538351e-16,-2.9401683711994986,1.6988145968585957,0.22089417097387193,0.22089417097387182,0.22030101186857573,0.2203010118685759
4.940000000,3.708257299702033,0.20641533670443532,1.1,4.686988544804139,-1.741303644076695,0.0,0.8524458994825769,-0.4919703679448127,0.08843509936217998,-0.15323308624571713,-5.842247377818167e-15,-2.9401683711994826,1.6988145968585955,0.22089417097387193,0.22089417097387176,0.22030101186857604,0.22030101186857573
4.960000000,3.803071436272158,0.17481255804111256,1.1,4.794425112208362,-1.4189742222555815,0.0,0.8571600232041976,-0.4946910205789223,0.0716687093056479,-0.12418166082649398,-4.600123356538572e-16,-2.9401683711994906,1.6988145968585948,0.2208941709738721,0.22089417097387165,0.22030101186857584,0.22030101186857617
4.980000000,3.899812918979272,0.14972188972776398,1.1,4.879723158503025,-1.090092609079276,0.0,0.8608843653315302,-0.49684044257490845,0.05481956180892081,-0.0949868401031185,5.9758410772915994e-15,-2.940168371199529,1.6988145968585953,0.22089417097387173,0.22089417097387207,0.22030101186857592,0.22030101186857579
5.000000000,3.9980350387170778,0.13125918930249017,1.1,4.9424888152775655,-0.7561774334481047,0.0,0.8636146252845327,-0.4984161519477602,0.0379071129544351,-0.06568233597934114,-1.6800556758741819e-15,-2.94016837119946,1.6988145968585955,0.22089417097387157,0.22089417097387223,0.22030101186857615,0.22030101186857548
5.020000000,4.097284249456521,0.11950970929787604,1.1,4.98243225866678,-0.41877056701330906,0.0,0.8653476503717871,-0.49941632919109213,0.02095089192010158,-0.036301987012755235,-2.944229522099651e-15,-2.940168371199445,1.6988145968585955,0.22089417097387226,0.2208941709738716,0.22030101186857576,0.22030101186857612
5.040000000,4.197102262519474,0.11452770358274228,1.1,4.999369047628423,-0.079430004500066,0.0,0.8660814394309814,-0.49983981937817,0.003970478428530553,-0.006879719340666289,-1.4121824161609147e-15,-2.940168371199518,1.698814596858595,0.22089417097387223,0.2208941709738715,0.22030101186857554,0.22030101186857623
5.060000000,4.2970281627518565,0.11633617684192832,1.1,4.993220975609845,0.2602773304186693,0.0,0.8658151451396958,-0.49968613349552937,-0.013014519862101486,0.02255049249516476,-4.925979376733628e-16,-2.9401683711995252,1.6988145968585955,0.2208941709738718,0.22089417097387207,0.220301011868576,0.22030101186857587
5.080000000,4.396600536824665,0.1249267783508973,1.1,4.964016431671046,0.5987828204782283,0.0,0.864549074993825,-0.49895544900765043,-0.029984489999448694,0.05195466477967539,2.6932378734213528e-15,-2.940168371199489,1.6988145968585957,0.22089417097387173,0.220894170973872,0.220301011868576,0.22030101186857576
5.100000000,4.495359603835341,0.14025984053566504,1.1,4.9118902693966255,0.9345233979985457,0.0,0.8622846909525058,-0.49764860965203567,-0.046919836384506516,0.08129884386624824,-1.5562023968357937e-17,-2.9401683711994924,1.698814596858596,0.22089417097387204,0.22089417097387182,0.22030101186857567,0.2203010118685759
5.120000000,4.592849338371328,0.16226456214000015,1.1,4.837083184201961,1.2659487624349652,0.0,0.8590246077499599,-0.4957671244649281,-0.06380100339908165,0.11054914538373571,-1.0255175323766244e-14,-2.94016837119951,1.698814596858596,0.22089417097387207,0.22089417097387185,0.22030101186857615,0.22030101186857567
5.140000000,4.688619576232436,0.19083933515411078,1.1,4.739940601908911,1.5915285389760974,0.0,0.854772589876204,-0.49331316603879305,-0.08060849798709463,0.13967179336349037,-3.621603264323663e-15,-2.9401683711994773,1.6988145968585944,0.22089417097387193,0.22089417097387182,0.2203010118685764,0.22030101186857592
5.160000000,4.782228093088756,0.22585221399520683,1.1,4.620911083723126,1.909759345133508,0.0,0.8495335472301089,-0.49028956801357815,-0.09732291216364249,0.16863315924122182,1.6028234959791335e-14,-2.940168371199489,1.6988145968585946,0.220894170973872,0.22089417097387185,0.22030101186857565,0.22030101186857637
5.180000000,4.873242646475768,0.2671415247734707,1.1,4.48054425497806,2.2191717326928764,0.0,0.8433135294498312,-0.48669982180464666,-0.11392494542582919,0.19739980068864296,8.639510505629071e-15,-2.9401683711995226,1.698814596858596,0.22089417097387165,0.2208941709738721,0.22030101186857584,0.2203010118685755
5.200000000,4.961242971697647,0.31451661183011725,1.1,4.319488267209825,2.5183369729717784,0.0,0.8361197189271625,-0.48254807257116367,-0.13039542703947848,0.225938500230062,-1.0815861319704387e-14,-2.9401683711994475,1.698814596858595,0.22089417097387165,0.2208941709738721,0.22030101186857623,0.2203010118685755
5.220000000,5.045822722422565,0.36775871810036304,1.1,4.138486805281899,2.8058736540528004,0.0,0.8279604225138644,-0.4778391144295886,-0.1467153381760056,0.25421630359933656,3.2573221154455233e-15,-2.9401683711994533,1.6988145968585955,0.22089417097387223,0.22089417097387162,0.22030101186857567,0.2203010118685763
5.240000000,5.126591347009178,0.4266219952361799,1.1,3.938375653379451,3.0804540595288845,0.0,0.8188450619295614,-0.4725783849178019,-0.16286583387388145,0.2822005577928931,-2.182584842520689e-15,-2.94016837119952,1.6988145968585953,0.22089417097387215,0.22089417097387148,0.22030101186857562,0.22030101186857576
5.260000000,5.203175891900273,0.4908346388245359,1.1,3.7200788357299865,3.3408102993067157,0.0,0.8087841628822742,-0.466771958716264,-0.17882826479931951,0.30985894877486736,-1.5182436670644868e-14,-2.940168371199502,1.6988145968585944,0.22089417097387173,0.220894170973872,0.22030101186857595,0.22030101186857606
5.280000000,5.27522272375628,0.5601001434591912,1.1,3.4846043498707657,3.585740164158823,0.0,0.7977893429141537,-0.4604265406334432,-0.19458419878107666,0.3371595387908369,7.966068684409093e-15,-2.940168371199513,1.6988145968585964,0.22089417097387182,0.22089417097387204,0.2203010118685759,0.22030101186857634
5.300000000,5.342399162376636,0.6340986718706861,1.1,3.2330395121648463,3.8141126769906646,0.0,0.7858732979864462,-0.45354945786362777,-0.2101154420944885,0.3640708032470515,1.0241457771095974e-14,-2.9401683711995115,1.6988145968585964,0.22089417097387207,0.22089417097387162,0.22030101186857626,0.22030101186857548
5.320000000,5.4043950168688655,0.7124885317924873,1.1,2.9665459370580964,4.024873315189448,0.0,0.7730497878191891,-0.4461486515260539,-0.22540406047016273,0.39056166711257484,7.745915157952592e-15,-2.940168371199492,1.6988145968585933,0.22089417097387185,0.220894170973872,0.2203010118685761,0.22030101186857548
5.340000000,5.4609240179720535,0.7949077537437834,1.1,2.6863541732607343,4.217048879940169,0.0,0.7593336200025568,-0.4382326674951172,-0.24043239980307765,0.4166015408023113,-3.5520700963229443e-15,-2.940168371199465,1.6988145968585953,0.22089417097387143,0.22089417097387232,0.22030101186857556,0.22030101186857576
5.360000000,5.511725139920872,0.8809757624434307,1.1,2.393758021621115,4.389751990024557,0.0,0.7447406328982106,-0.42981064653226597,-0.2551831065381652,0.44216035549947225,-1.2942439019712844e-14,-2.9401683711994484,1.6988145968585964,0.22089417097387198,0.22089417097387176,0.22030101186857579,0.22030101186857615
5.380000000,5.556563805746377,0.9702951341372018,1.1,2.090108560929302,4.542185179352559,0.0,0.7292876773503926,-0.4208923137309595,-0.26963914770884584,0.4672085978767051,3.3822915749875436e-15,-2.9401683711994986,1.6988145968585957,0.2208941709738723,0.22089417097387146,0.22030101186857573,0.22030101186857629
5.400000000,5.595232970448036,1.0624534317237853,1.1,1.7768079092365947,4.673644579305778,0.0,0.7129925972278839,-0.4114879672868894,-0.28378383060536905,0.4917173441757811,1.2234254216489341e-15,-2.9401683711995314,1.698814596858596,0.2208941709738719,0.22089417097387185,0.2203010118685759,0.22030101186857573
5.420000000,5.627554077035387,1.1570251092057375,1.1,1.4553027494984692,4.783523168889453,0.0,0.6958742088192957,-0.4016084666064273,-0.2976008220502546,0.5156582936064988,-4.655904074988827e-15,-2.9401683711994915,1.6988145968585953,0.22089417097387168,0.22089417097387218,0.2203010118685763,0.22030101186857556
5.440000000,5.6533778810247375,1.2535734766714843,1.1,1.1270776494366257,4.871313577685223,0.0,0.6779522791054865,-0.3912652197670261,-0.31107416725857184,0.5390038010262298,1.856738765586185e-15,-2.940168371199455,1.6988145968585955,0.2208941709738719,0.22089417097387185,0.22030101186857584,0.2203010118685761
5.460000000,5.672585139583764,1.3516527167349555,1.1,0.7936482064660509,4.936610428661879,0.0,0.659247502934191,-0.3804701703440618,-0.3241883082612845,0.5617269088623768,2.5496434081274816e-15,-2.94016837119951,1.698814596858596,0.22089417097387212,0.22089417097387157,0.2203010118685756,0.22030101186857615
5.480000000,5.685087162141832,1.4508099431218349,1.1,0.4565540493407647,4.979112210026056,0.0,0.6397814791232237,-0.36923578361932413,-0.33692810187037947,0.5838013782408766,3.054512446070111e-16,-2.9401683711995226,1.6988145968585955,0.22089417097387168,0.220894170973872,0.22030101186857604,0.2203010118685757
5.500000000,5.690826219923575,1.5505872918967902,1.1,0.11735172883354379,4.998622667469488,0.0,0.6195766855198493,-0.35757503218708103,-0.34927883716503777,0.6052017192848058,1.033023041058873e-15,-2.9401683711994733,1.698814596858596,0.2208941709738718,0.220894170973872,0.22030101186857592,0.22030101186857579
5.520000000,5.689775812514683,1.6505240356753257,1.1,-0.22239246972270732,4.995051710384051,0.0,0.5986564530451132,-0.3455013809743366,-0.3612262524786638,0.6259032205481062,-1.1537687236942223e-15,-2.9401683711994977,1.698814596858596,0.22089417097387193,0.22089417097387182,0.22030101186857584,0.2203010118685759
5.540000000,5.681940790229022,1.750158711057767,1.1,-0.5611097588434504,4.968415827860088,0.0,0.5770449387531136,-0.3330287716925824,-0.3727565518671441,0.6458819775504363,5.512015151828407e-16,-2.9401683711994853,1.698814596858596,0.22089417097387187,0.22089417097387198,0.22030101186857606,0.2203010118685758
5.560000000,5.667357331712039,1.8490312494618393,1.1,-0.8972360928548302,4.91883801254713,0.0,0.5547670979363193,-0.32017160673899797,-0.38385642103932743,0.6651149203802011,1.6201723111839564e-15,-2.940168371199473,1.6988145968585957,0.22089417097387212,0.22089417097387173,0.22030101186857567,0.22030101186857604
5.580000000,5.646092776883886,1.9466851015145965,1.1,-1.2292193899604198,4.846547192728586,0.0,0.5318486553091399,-0.30694473256568167,-0.3945130427313338,0.6835798403338902,-4.112010120356831e-15,-2.940168371199526,1.698814596858596,0.22089417097387212,0.22089417097387168,0.2203010118685758,0.22030101186857587
5.600000000,5.618245315993641,2.0426693451942106,1.1,-1.555526699064106,4.751877175232829,0.0,0.5083160753030332,-0.2933634225361272,-0.40471411150692876,0.7012554155609553,-3.236862334677677e-15,-2.940168371199503,1.698814596858595,0.22089417097387185,0.220894170973872,0.2203010118685763,0.22030101186857567
5.620000000,5.583943536220441,2.1365407679871575,1.1,-1.8746512782559144,4.635265104061845,0.0,0.48419653150744074,-0.27944335928873393,-0.4144478479668831,0.7181212356846237,2.5075585820262487e-15,-2.9401683711994755,1.698814596858595,0.22089417097387173,0.22089417097387207,0.22030101186857592,0.22030101186857598
5.640000000,5.543345827915127,2.227865913446324,1.1,-2.1851195522754816,4.49724944185481,0.0,0.4595178752918445,-0.2652006166277158,-0.42370301235090646,0.73415782537021,5.256410243894979e-15,-2.9401683711994844,1.698814596858596,0.22089417097387182,0.22089417097387204,0.22030101186857579,0.2203010118685761
5.660000000,5.496639653224105,2.316223082699945,1.1,-2.485497916826699,4.338467483507297,0.0,0.4343086036451761,-0.2506516409623274,-0.43246891751644484,0.7493466668137146,1.867844608198423e-15,-2.9401683711994755,1.6988145968585968,0.22089417097387196,0.2208941709738718,0.22030101186857587,0.22030101186857576
5.680000000,5.444040680472596,2.401204281669289,1.1,-2.7743993583242386,4.159652413427119,0.0,0.408597826269715,-0.2358132323158311,-0.44073544127936093,0.763670221124741,-4.308852686827496e-15,-2.9401683711994906,1.6988145968585955,0.22089417097387226,0.22089417097387143,0.22030101186857592,0.22030101186857573
5.700000000,5.385791788304305,2.482417105003711,1.1,-3.050489858504912,3.9616299200150795,0.0,0.38241523196747257,-0.22070252492613904,-0.4484930381022431,0.7771119485790391,-1.4343561002021208e-15,-2.940168371199515,1.6988145968585942,0.22089417097387193,0.22089417097387187,0.22030101186857592,0.22030101186857598
5.720000000,5.322161944175954,2.559486548033896,1.1,-3.312494554330221,3.745314383003466,0.0,0.35579105435787756,-0.20533696746053198,-0.45573275011684805,0.7896563277172904,3.3674043355132063e-15,-2.9401683711994986,1.6988145968585955,0.2208941709738716,0.22089417097387204,0.2203010118685761,0.2203010118685757
5.740000000,5.253444962385287,2.6320567383765052,1.1,-3.5592036247364134,3.5117046512574452,0.0,0.32875603696634875,-0.18973430286729742,-0.46244621746794906,0.8012888732680792,1.0036054220394115e-15,-2.9401683711994653,1.6988145968585946,0.22089417097387176,0.22089417097387187,0.22030101186857587,0.2203010118685758
5.760000000,5.179958147367427,2.699792579194436,1.1,-3.7894778770496487,3.261879430535606,0.0,0.3013413977240669,-0.1739125478875549,-0.46862568796664567,0.8119961528743549,6.699275462252338e-17,-2.940168371199494,1.6988145968585955,0.22089417097387204,0.2208941709738716,0.22030101186857565,0.22030101186857615
5.780000000,5.102040828524223,2.762381296524861,1.1,-4.002254007270696,2.9969923025069085,0.0,0.27357879291994064,-0.15788997225092732,-0.47426402604198686,0.8217658026040724,2.194946468393746e-15,-2.9401683711995243,1.698814596858595,0.2208941709738719,0.22089417097387185,0.22030101186857598,0.22030101186857565
5.800000000,5.0200527933521215,2.81953388353017,1.1,-4.196549509939511,2.718266398024014,0.0,0.24550028064639307,-0.14168507757908355,-0.479354720980572,0.8305865412270953,-5.989881425009236e-15,-2.9401683711994773,1.6988145968585948,0.22089417097387157,0.22089417097387223,0.22030101186857592,0.22030101186857565
5.820000000,4.934372626103645,2.8709864350029046,1.1,-4.371467214908131,2.4269887492494364,0.0,0.21713828378117292,-0.12531657602150542,-0.48389189444461606,0.8384481832418827,-8.873484018134626e-15,-2.940168371199471,1.698814596858596,0.220894170973872,0.22089417097387185,0.2203010118685759,0.2203010118685761
5.840000000,4.845395959653833,2.916501365962538,1.1,-4.526199430073071,2.12450434671389,0.0,0.18852555254794204,-0.1088033686481542,-0.4878703072597953,0.8453416506369126,-1.331861546667506e-15,-2.940168371199496,1.6988145968585955,0.22089417097387207,0.22089417097387168,0.220301011868576,0.22030101186857606
5.860000000,4.753533648643723,2.9558685087171637,1.1,-4.660031670937942,1.8122099287486906,0.0,0.159695126698871,-0.09216452362399205,-0.49128536546503776,0.8512589833732614,8.462364233872734e-15,-2.940168371199498,1.698814596858595,0.22089417097387196,0.2208941709738719,0.22030101186857598,0.22030101186857598
5.880000000,4.659209872336495,2.9889060833243493,1.1,-4.772345959784837,1.4915475319698484,0.0,0.13068029736290704,-0.0754192541905481,-0.49413312561727174,0.8561933485762367,5.454834186960852e-15,-2.9401683711994977,1.6988145968585955,0.22089417097387185,0.220894170973872,0.22030101186857579,0.2203010118685759
5.900000000,4.562860175946443,3.015461536969996,1.1,-4.862623679220356,1.163997832594842,0.0,0.10151456860377316,-0.05858689647996596,-0.49641029934500636,0.860139048425449,-1.5161717887841963e-15,-2.9401683711994906,1.698814596858596,0.22089417097387182,0.22089417097387193,0.22030101186857587,0.22030101186857587
5.920000000,4.464929459485041,3.0354122483893335,1.1,-4.930447966919889,0.8310733093389147,0.0,0.07223161873208603,-0.04168688718714412,-0.498114257145486,0.86309152673421,7.70889846014205e-16,-2.9401683711994893,1.698814596858596,0.22089417097387187,0.22089417097387187,0.22030101186857595,0.2203010118685758
5.940000000,4.3658699234107194,3.0486660940773387,1.1,-4.975505640512278,0.49431125946159093,0.0,0.04286526141626802,-0.02473874112575635,-0.4992430314210364,0.8650473742106626,3.2061834824241097e-16,-2.9401683711994764,1.6988145968585957,0.22089417097387193,0.2208941709738717,0.22030101186857584,0.22030101186857584
5.960000000,4.266138980568431,3.0551618736740767,1.1,-4.997588643716609,0.15526670021220126,0.0,0.013449406637157817,-0.007762028694065316,-0.49979531875109184,0.8660043323945645,-4.514443644481487e-16,-2.940168371199504,1.6988145968585955,0.22089417097387204,0.2208941709738717,0.22030101186857565,0.2203010118685761
5.980000000,4.16619714406073,3.0548695925607223,1.1,-4.996595007053505,-0.18449481154761707,0.0,-0.015981978468593273,0.009223646723448992,-0.4997704813972851,0.8659612962651833,-3.0898912051422454e-15,-2.9401683711995217,1.698814596858596,0.22089417097387173,0.220894170973872,0.220301011868576,0.22030101186857576
6.000000000,4.066505900803247,3.0477906003613597,1.1,-4.972529318694795,-0.523404408388658,0.0,-0.04539490883112203,0.02619867139254735,-0.4991685480398564,0.8649183155172869,3.084315249093279e-15,-2.940168371199471,1.6988145968585957,0.22089417097387293,0.22089417097387215,0.2203010118685759,0.2203010118685748
6.020000000,3.9675255805835254,3.033957584711017,1.1,-4.925502703277381,-0.8598971566456125,0.0,-0.07475542069066489,0.04314344387764545,-0.4979902137445368,0.8628765945037614,-1.378979909967106e-13,-2.9401683711995017,1.6988145968585913,0.22089417097387196,0.220894170973873,0.2203010118685742,0.22030101186857629
6.040000000,3.8697132304629602,3.013434420318719,1.1,-4.855732308779127,-1.192419282584163,0.0,-0.10402961081626139,0.06003839767602566,-0.49623683915994277,0.8598384908449155,-1.458040664476053e-13,-2.9401683711995386,1.698814596858604,0.2208941709738713,0.22089417097387434,0.22030101186857784,0.2203010118685805
6.060000000,3.7735205043369073,2.9863158740225124,1.1,-4.7635403038261455,-1.5194353470364939,0.0,-0.13318367565456107,0.07686402381170299,-0.4939104489463951,0.8558075127060905,1.381114302261535e-13,-2.940168371199488,1.6988145968586057,0.2208941709738739,0.22089417097387185,0.22030101186858056,0.220301011868578
6.080000000,3.679391577398031,2.952727167198389,1.1,-4.649352390061501,-1.8394353353758897,0.0,-0.16218395036353347,0.09360089336287711,-0.4910137294380112,0.8507883147466977,1.3982278131469454e-13,-2.9401683711995017,1.6988145968585924,0.22089417097387368,0.2208941709738713,0.2203010118685762,0.22030101186857454
6.100000000,3.5877610951329713,2.9128233975437077,1.1,-4.5136958364444855,-2.1509416300922073,0.0,-0.190996947686005,0.11022967989693586,-0.4875500255407358,0.8447866927453797,4.828294768998868e-15,-2.9401683711995243,1.6988145968585955,0.22089417097387234,0.22089417097387262,0.22030101186857523,0.22030101186857548
6.120000000,3.4990521663229535,2.8667888229050678,1.1,-4.357197044557273,-2.4525158337717965,0.0,-0.21958939661813248,0.126731181787109,-0.48352333686989263,0.8378095769075045,4.331573693525886e-15,-2.9401683711995026,1.6988145968585937,0.22089417097387187,0.22089417097387182,0.22030101186857592,0.2203010118685755
6.140000000,3.4136744093157683,2.8148360104575847,1.1,-4.180578656161228,-2.742765410976517,0.0,-0.24792828082816643,0.14308634438501514,-0.47893831313174967,0.8298650238626982,-1.4172998058168162e-14,-2.9401683711995013,1.6988145968585944,0.2208941709738716,0.22089417097387226,0.22030101186857567,0.22030101186857595
6.160000000,3.332022060590567,2.757204855164294,1.1,-3.9846562163589083,-3.0203501183525576,0.0,-0.2759808767811373,0.15927628202348276,-0.4738002487543978,0.8209622073616797,-7.432025651787079e-15,-2.940168371199477,1.6988145968585961,0.22089417097387196,0.220894170973872,0.22030101186857623,0.22030101186857615
6.180000000,3.25447215434928,2.6941614720479916,1.1,-3.7703344077697913,-3.283988193277682,0.0,-0.3037147915254436,0.1752822998242465,-0.46811507677415826,0.8111114076831266,1.3576142809878688e-14,-2.9401683711994866,1.6988145968585948,0.22089417097387215,0.2208941709738717,0.22030101186857598,0.22030101186857623
6.200000000,3.1813827815404956,2.6259969673905097,1.1,-3.538602873108623,-3.532462272470493,0.0,-0.3310980000977088,0.19108591528533808,-0.4618893619845748,0.8003239997628114,1.6443806441807492e-14,-2.940168371199512,1.698814596858596,0.22089417097387173,0.220894170973872,0.22030101186857562,0.220301011868576
6.220000000,3.1130914363548507,2.553026094533483,1.1,-3.2905316454558617,-3.764625013232199,0.0,-0.3580988825027114,0.20666887962323524,-0.45513029335590216,0.7886124400587126,6.348777412856641e-15,-2.9401683711994906,1.6988145968585968,0.22089417097387187,0.22089417097387187,0.22030101186857576,0.22030101186857548
6.240000000,3.0499134578270803,2.475585800487516,1.1,-3.027266207321201,-3.9794043913645054,0.0,-0.3846862602256925,0.22201319884513804,-0.44784567573384265,0.7759902521672665,-1.0738513185022018e-14,-2.940168371199487,1.6988145968585955,0.22089417097387187,0.22089417097387176,0.22030101186857598,0.2203010118685754
6.260000000,2.9921405737407163,2.394033670060869,1.1,-2.750022201315204,-4.175808651300185,0.0,-0.4108294322348753,0.2371011545270284,-0.44004392082711846,0.7624720112073734,-1.2397678532265004e-14,-2.9401683711994666,1.698814596858595,0.2208941709738718,0.220894170973872,0.22030101186857604,0.2203010118685759
6.280000000,2.940039553559036,2.3087462746919787,1.1,-2.460079816852831,-4.352930885588851,0.0,-0.43649821043262227,0.2519153242735242,-0.43173403749428685,0.7480733269901856,-6.332991453654825e-15,-2.9401683711994675,1.6988145968585957,0.22089417097387193,0.22089417097387182,0.2203010118685759,0.22030101186857617
6.300000000,2.893850976602422,2.2201174336101714,1.1,-2.1587778788085448,-4.5099532225918795,0.0,-0.4616629545142999,0.2664386018359064,-0.42292562134101136,0.7328108259941131,5.093474573216244e-15,-2.9401683711994933,1.6988145968585955,0.22089417097387232,0.2208941709738716,0.22030101186857604,0.22030101186857615
6.320000000,2.853788121160147,2.1285563953537565,1.1,-1.8475076654189708,-4.646150603049598,0.0,-0.4862946061945906,0.28065421686507885,-0.41362884363980507,0.7167021321658636,9.918961350146641e-15,-2.940168371199512,1.6988145968585946,0.22089417097387204,0.2208941709738717,0.22030101186857579,0.22030101186857584
6.340000000,2.8200359796661645,2.0344859480424384,1.1,-1.527706483979275,-4.760894128082212,0.0,-0.5103647227617366,0.2945457542766629,-0.4038544395850376,0.6997658465696813,-2.4037679856812307e-15,-2.940168371199517,1.698814596858595,0.22089417097387173,0.22089417097387212,0.22030101186857587,0.22030101186857576
6.360000000,2.7927504044863936,1.9383404671299673,1.1,-1.200851033997837,-4.8536539631648985,0.0,-0.5338455099209674,0.3080971732058553,-0.3936136958967692,0.6820215259082878,-1.5779485376994862e-15,-2.940168371199481,1.6988145968585955,0.22089417097387182,0.22089417097387204,0.22030101186857598,0.2203010118685759
6.380000000,2.772057388261863,1.8405639096516402,1.1,-0.8684505884552208,-4.92400178466781,0.0,-0.5567098538891845,0.32129282553017063,-0.3829184377877257,0.6634896599403263,1.4598932084143816e-15,-2.9401683711994973,1.6988145968585957,0.22089417097387193,0.22089417097387182,0.22030101186857573,0.22030101186857598
6.400000000,2.7580524821307772,1.7416077642283228,1.1,-0.5320400246533434,-4.971612757663943,0.0,-0.5789313527038463,0.3341174739386742,-0.3717810153084642,0.6441916478203841,-1.0661662214915553e-15,-2.940168371199502,1.698814596858596,0.22089417097387176,0.22089417097387198,0.22030101186857595,0.22030101186857576
6.420000000,2.7508003545158908,1.641928966292961,1.1,-0.19317273683529013,-4.996267035872238,0.0,-0.6004843467098951,0.3465563095268379,-0.36021428908649866,0.6241497733889179,2.0316749446471287e-17,-2.940168371199471,1.6988145968585957,0.22089417097387198,0.22089417097387182,0.22030101186857592,0.22030101186857579
6.440000000,2.7503344925145163,1.5419877881661401,1.1,0.14658653669786587,-4.997850776809861,0.0,-0.621343948189529,0.3585949688967129,-0.3482316154758475,0.60338717944061,-1.5604359516606864e-15,-2.9401683711994995,1.6988145968585955,0.22089417097387196,0.2208941709738718,0.22030101186857576,0.22030101186857595
6.460000000,2.7566570472700156,1.4422457137233806,1.1,0.48566893885205303,-4.976356667466101,0.0,-0.6414860701005971,0.3702195507426605,-0.3358468311341581,0.5819278410008742,-1.0868387943334916e-15,-2.940168371199494,1.6988145968585957,0.2208941709738718,0.220894170973872,0.22030101186857604,0.2203010118685759
6.480000000,2.7697388240387757,1.3431633074680134,1.1,0.8225087380239442,-4.931883958070613,0.0,-0.6608874538904396,0.3814166319034954,-0.32307423704521326,0.559796537641364,4.272578187646144e-15,-2.9401683711994764,1.6988145968585957,0.22089417097387204,0.22089417097387182,0.22030101186857606,0.2203010118685758
6.500000000,2.789519416998541,1.245198087849307,1.1,1.1555505579525733,-4.864638003800025,0.0,-0.6795256963530519,0.39217328286250835,-0.3099285820052678,0.5370188248664536,4.9870430344063884e-17,-2.9401683711994915,1.6988145968585948,0.22089417097387226,0.2208941709738716,0.22030101186857579,0.2203010118685759
6.520000000,2.8159074881756125,1.1488024146459153,1.1,1.483256559754592,-4.7749293165391435,0.0,-0.6973792754985606,0.40247708267746346,-0.2964250455922902,0.5136210046037346,-1.115271054579253e-15,-2.9401683711995172,1.6988145968585948,0.22089417097387193,0.22089417097387187,0.2203010118685758,0.22030101186857606
6.540000000,2.8487811892029558,1.0544214001697712,1.1,1.8041135429797213,-4.663172131075279,0.0,-0.7144275754051401,0.41231613332333383,-0.2825792206377672,0.4896300948325989,4.386637147154934e-15,-2.9401683711995075,1.6988145968585955,0.2208941709738713,0.2208941709738724,0.22030101186857604,0.22030101186857573
6.560000000,2.8879887239617217,0.9624908539355546,1.1,2.1166399328968852,-4.529882492346381,0.0,-0.7306509100246724,0.42167907343121347,-0.2684070952213191,0.465073798385982,1.0873069729133789e-16,-2.9401683711994377,1.698814596858597,0.2208941709738718,0.220894170973872,0.22030101186857592,0.22030101186857573
6.580000000,2.933349049508159,0.8734352702863386,1.1,2.419392621746855,-4.375675872575216,0.0,-0.7460305459146617,0.4305550914075422,-0.25392503420890994,0.43998047096129045,-3.9539190581570146e-15,-2.9401683711994844,1.6988145968585955,0.2208941709738725,0.22089417097387135,0.22030101186857567,0.22030101186857604
6.600000000,2.984652712049343,0.7876658682676605,1.1,2.7109736323715317,-4.201264329292589,0.0,-0.7605487238701539,0.4389339379184908,-0.23914976035597352,0.4143790883774509,-6.386630150401249e-16,-2.9401683711995257,1.698814596858595,0.2208774574738495,0.2208926465810331,0.22030533178493353,0.22031492984507936
6.620000000,3.0416628141075606,0.7055786928010084,1.1,2.9900365734502063,-4.007453217372618,0.0,-0.7741886794306819,0.4468059377250906,-0.22409833499728507,0.3882992131158958,0.0021534282915666864,-2.9398382914319834,1.698878289525731,0.2207504655351986,0.22085864773755418,0.220364146593648,0.22041710581849472
6.640000000,3.1041161084074167,0.6275527859246582,1.1,3.2552928565353865,-3.7951374702623997,0.0,-0.7869530621966835,0.4541258634367959,-0.2087771296818223,0.3617826532310071,0.0211570814264105,-2.936856863058906,1.6992286630222733,0.22038105207601832,0.22061330169542015,0.22063404596631284,0.22062998568729977
6.660000000,3.1717232450328976,0.5539474844077643,1.1,3.5054208060127117,-3.5653926814269967,0.0,-0.7989542113298932,0.460636426258209,-0.19313759532968355,0.3349389799240477,0.08804953116994596,-2.925383116871841,1.699464640822275,0.21966701100441458,0.21972909061831128,0.221142525512303,0.22055705781059604
6.680000000,3.2441641617118586,0.4850936476741826,1.1,3.7386708618833877,-3.319990991931172,0.0,-0.8104655353266429,0.4657594586469293,-0.17708171902462932,0.30798670022567504,0.22685956929163797,-2.8965292768985047,1.6978837742410526,0.21838330009789544,0.2177060385474537,0.22141869792501503,0.21939328678302114
6.700000000,3.321078699211667,0.42127428733595623,1.1,3.952782888097483,-3.0619450418914647,0.0,-0.8218039504977035,0.46879617126509365,-0.16058853499483422,0.28121120031351926,0.43582092267254735,-2.840391142819506,1.6925199008329166,0.21613358486332795,0.21418577984283116,0.22071703308489815,0.21645190142689266
6.720000000,3.4020616107341595,0.3626999424764441,1.1,4.145508264151756,-2.7954894440597506,0.0,-0.8332155707294994,0.46914250528771867,-0.14379787099958596,0.254910366054941,0.6986484359812349,-2.749377700753701,1.6819191219458234,0.21258817298024416,0.2089337400785757,0.2185244785901735,0.2114258298643929
6.740000000,3.486668447262234,0.3094878483392448,1.1,4.315175388655689,-2.525719969660181,0.0,-0.8448641764824172,0.4663380160127382,-0.12697485179066376,0.22937036672318653,0.9982505834200093,-2.620577492484637,1.6648889723094622,0.20766389841222319,0.20186302205180776,0.214689655036018,0.20431130913375314
6.760000000,3.5744309163612797,0.2616500355369234,1.1,4.4610715212489085,-2.258061310571958,0.0,-0.8568402468200865,0.460068679159085,-0.11044943283457181,0.2048475644781491,1.3191468634198036,-2.455832542626693,1.6403452783358166,0.20153277815656742,0.1931141028775323,0.20934055088727765,0.19534193682336484
6.780000000,3.664877447759914,0.21909248686666052,1.1,4.583581618614515,-1.9976935564543288,0.0,-0.8691654310934281,0.4501642785951304,-0.09456231154993394,0.18155314622290128,1.6472109678953908,-2.2608120149974558,1.6072859017679493,0.1945512906378688,0.1830303323592013,0.20280421004806673,0.18493066071348496
6.800000000,3.757554200312084,0.1816247914457237,1.1,4.684093636602467,-1.7490759856393547,0.0,-0.8817947027066091,0.43659137799710007,-0.07962255690305538,0.15964435276381073,1.9695187929870677,-2.0436696584305123,1.5648136710270282,0.18716206540192665,0.17208121849400876,0.19551497575864762,0.173591182948659
6.820000000,3.852042569594199,0.14897744435780924,1.1,4.764743291609,-1.515658723152091,0.0,-0.8946193875396121,0.4194433298359721,-0.06587977304667784,0.13922392035020223,2.274329193248685,-1.8136089397982564,1.5121994334878583,0.17979833118414354,0.16077836148600047,0.1879201086211225,0.16185746169360538
6.840000000,3.9479709732807136,0.12082286260923236,1.1,4.8280970770424485,-1.2997994517055969,0.0,-0.9074740277196132,0.3989288185904071,-0.053510470860489524,0.1203466502263091,2.5511686234535618,-1.5796648262833732,1.448970176037264,0.17281364810668504,0.14960627397280163,0.1804057895332517,0.15022146410177303
6.860000000,4.045020518020183,0.0967964415033231,1.1,4.876857396904562,-1.1028426588853293,0.0,-0.9201486687180742,0.3753599617777996,-0.04261589932609274,0.10303014935033823,2.790961764079647,-1.34987614033907,1.375005065812789,0.16644596441082354,0.1389792343624111,0.17325483816147924,0.13909754173350436
6.880000000,4.142925466215512,0.07651508414121706,1.1,4.913637422628366,-0.9252930773252741,0.0,-0.9324063540725828,0.3491402362247135,-0.03322757101851704,0.08726634436158157,2.9861559812585243,-1.1308620233779259,1.2906221666117585,0.16081270290178645,0.12922339185031478,0.16663541203555046,0.12881056857142048
6.900000000,4.241470018870096,0.059591957516665614,1.1,4.940817842829991,-0.7670195851298709,0.0,-0.9440041163340398,0.3207518244219347,-0.025316984750673545,0.07303112868854901,3.1308115539058328,-0.9277071331978355,1.1966396810433984,0.1559271301644676,0.12057636031084826,0.1606125919205156,0.1195992460878953
6.920000000,4.34048294682525,0.04564730357098887,1.1,4.960474952685371,-0.6274458094378035,0.0,-0.9547149351681004,0.2907416541056108,-0.018807015318453985,0.06029078959272996,3.22065265627201,-0.7440267628974109,1.0943982844367044,0.1517254535057988,0.11319535327360708,0.15517274234848902,0.1116258250636302
6.940000000,4.4398313011546655,0.034315792852154595,1.1,4.974360480256211,-0.5057052624456237,0.0,-0.9643479914895571,0.25970549382139285,-0.01358349949313827,0.04900506433587879,3.2530868307097105,-0.5821054151303526,0.9857360272812208,0.14809634721900272,0.10716730473650464,0.15025194822561874,0.10498638369823186
6.960000000,4.539414042644625,0.025251190570489593,1.1,4.983913668739664,-0.4007549657208762,0.0,-0.9727648959712796,0.22826985641067063,-0.009506338544763097,0.039127475611261356,3.2272036659476333,-0.44304662743072754,0.8729141454790071,0.1449075905059451,0.10251775596600905,0.14576250609257665,0.09971917436053727
6.980000000,4.6391560834106755,0.01812913220135577,1.1,4.990290407865401,-0.3114508711925058,0.0,-0.9798902100681048,0.1970719653958042,-0.00641986749568745,0.03060395348738812,3.1437611061556314,-0.32691229586376525,0.7584997260030547,0.14202703464578,0.09921792407650601,0.14161406784054803,0.0958109889064039
7.000000000,4.739002980111945,0.012648698530314778,1.1,4.994399262261511,-0.23659249591159362,0.0,-0.985715354715352,0.16673848161724045,-0.004162380680549403,0.023370768353548257,3.005164271466981,-0.23285516017413033,0.6452178292689907,0.13933695547131097,0.09719077351007675,0.13772811499816998,0.09320265565072973
7.020000000,4.838916357547538,0.00853332182493401,1.1,4.996938481297814,-0.17494517462648312,0.0,-0.9902958087723611,0.1378639505619947,-0.0025746766274319,0.01735261662111444,2.8154390441216313,-0.15925803770351024,0.5357898081412488,0.13674211790389684,0.09631723909740945,0.13404595291651225,0.09179492000854515
7.040000000,4.938870052870273,0.0055313913905797474,1.1,4.998431050975778,-0.12524786880894315,0.0,-0.9937422544505153,0.1109899636073007,-0.0015074050114326186,0.012461437645347224,2.580201654107176,-0.10389223531336256,0.4327752675607095,0.13417273559303905,0.09644340475605036,0.13053144201982678,0.09145550295243784
7.060000000,5.038846930052856,0.0034167772937001946,1.1,4.999256667282557,-0.08621354087901212,0.0,-0.9962069627302917,0.08658583925569555,-0.0008269403184223607,0.008596279298851312,2.3066259578984853,-0.06410046928628292,0.3384323438832617,0.13158401094967143,0.09738882682103796,0.1271702790296495,0.09202746221676632
7.080000000,5.1388363011935025,0.0019893605332950135,1.1,4.99968044678209,-0.05652813516150598,0.0,-0.9978671746212027,0.06503128084245892,-0.0004195105195545366,0.005644318950196255,2.0034115041123988,-0.037000594533742645,0.25460556566951564,0.12895408041068257,0.09895559655137791,0.12396780983518291,0.09333836568274992
7.100000000,5.238831890896009,0.0010755464632273646,1.1,4.999878523468514,-0.03485327184525892,0.0,-0.9989074902815466,0.046601042135363945,-0.00019338673346079666,0.0034830063008027758,1.680757007039132,-0.01969802148016897,0.18264389146965543,0.12628195818122928,0.10093732438913654,0.12094710479542,0.09520936602789716
7.120000000,5.338830282632226,0.0005286461769008099,1.1,4.999960650153175,-0.019836756787396548,0.0,-0.9995033170189382,0.03145122951224151,-7.908529366162497e-05,0.0019832235941872017,1.3503445110459469,-0.009488315356009507,0.12334520385841938,0.12358651862860046,0.10312705713584824,0.11814841787742383,0.09746309000016938
7.140000000,5.4388297864392365,0.0002289403556425986,1.1,4.9999897305478544,-0.01013382533842458,0.0,-0.999807258633899,0.019606579288058062,-2.7727838522571623e-05,0.001013342368591026,1.0253384046578011,-0.004028025208403892,0.07691896780747479,0.12090681395777834,0.10532320284115738,0.1156303242901811,0.09992932334569297
7.160000000,5.538829664025214,8.319546146750382e-05,1.1,4.999998028049864,-0.004440664079084896,0.0,-0.9999399709046444,0.010947936947465334,-7.918836703523651e-06,0.00044407331088301547,0.7204001269807991,-0.0014520648348152966,0.04295681756198087,0.11830328717621162,0.10733280055313059,0.11347199881695211,0.10244776091310505
7.180000000,5.638829641933056,2.3385391040574982e-05,1.1,4.999999762734349,-0.0015403429636079873,0.0,-0.9999864719050059,0.005199257326696212,-1.695164306351868e-06,0.00015403686598549905,0.4517144706840669,-0.0004207750659739384,0.020401712349720415,0.11585892972415823,0.10897187813186177,0.11177549836797464,0.10486756186610215
7.200000000,5.738829639430712,4.380744194249297e-06,1.1,4.999999987031234,-0.00036012172102458105,0.0,-0.9999981681965391,0.0019137153961862115,-2.3321856452056117e-07,3.601242060885804e-05,0.23701854565231711,-8.985535786980943e-05,0.007509459937642577,0.11378866164452843,0.10997399925818875,0.11055927470977717,0.10713129786175038
7.220000000,5.838829639299545,3.950182075074152e-07,1.1,4.999999999852153,-3.8450877649607116e-05,0.0,-0.9999998947052722,0.00045888414620896036,-1.4760472932330068e-08,3.84509332381969e-06,0.09323538113920599,-0.02322464946986525,0.0017911545636526086,0.11277000653740635,0.10976813727512416,0.10938273394699999,0.10952930815691503
7.240000000,5.938829639298067,1.0616137262854429e-08,1.1,5.0,1.0670625151042091e-08,0.0,-0.9999998910347925,4.900853413219935e-05,0.00046425054250450126,-2.3819303663677668e-08,0.022944233707290353,-0.18596280365856505,0.0001725442293176518,0.11323073616503529,0.10826324336329737,0.10784488478202635,0.11211132810047736
7.260000000,6.038825995857131,1.0833081833898994e-08,1.1,4.999635655906377,1.102383195341458e-08,0.0,-0.9999930835446265,4.4697981172778914e-10,0.003719255692977614,-1.1041335994567985e-09,0.0024503925721998427,-0.568370336263393,-1.0249799786530746e-05,0.11412496604539492,0.10680045989297392,0.106639715081784,0.11389707235240198
7.280000000,6.138793163091855,1.105350214615767e-08,1.1,4.997081067566014,1.1018199272452909e-08,0.0,-0.9999300022756932,-1.3044084099590316e-11,0.011831760178955384,-1.1023863606183463e-09,2.255069441095061e-08,-1.046835205170487,-3.507208992962062e-10,0.11427515675001323,0.1065324123386183,0.10650966493655602,0.11425639824516359
7.300000000,6.23866745516909,1.1273717675468293e-08,1.1,4.990348140157523,1.1003353658609417e-08,0.0,-0.9996960135576851,-2.7181494383446164e-11,0.024655232241307307,-1.1021283965901805e-09,6.011366963794145e-23,-1.4828257450598323,-2.511253001129471e-24,0.11388839231866697,0.10710528335399554,0.10710528309476366,0.11388839219592455
7.320000000,6.3383480763458095,1.1493506174569419e-08,1.1,4.977713977514414,1.0975496251503119e-08,0.0,-0.999139283225896,-4.573154689920389e-11,0.04148123328498093,-1.1015146217030286e-09,-7.808412578245798e-23,-1.8477467472809181,1.0231498258510853e-23,0.11352656557971204,0.10796065732204373,0.10796065732204368,0.11352656557971202
7.340000000,6.437702309779485,1.1712575012503492e-08,1.1,4.957709365853157,1.0931387541904152e-08,0.0,-0.9981020094530588,-6.789223139637682e-11,0.06158229230684799,-1.1003710651972727e-09,-8.606147767294792e-23,-2.1400170336359268,5.26535903968834e-24,0.11336778790676177,0.10904415271719553,0.10904415271719552,0.11336778790676177
7.360000000,6.536570475975749,1.1930572107632273e-08,1.1,4.929107253773183,1.0868321970974024e-08,0.0,-0.9964482948023128,-9.283499554071014e-11,0.08420686305499805,-1.098547905104878e-09,-3.1100962106563976e-23,-2.3582573863395533,5.0756691266863174e-24,0.1134853775295709,0.11041488453976454,0.11041488453976454,0.11348537752957089
7.380000000,6.6347706608360495,1.2147096352637073e-08,1.1,4.890911232256885,1.0784102529505875e-08,0.0,-0.9940866805389386,-1.1971592327011969e-10,0.10858946346250381,-1.0959443115062661e-09,2.654380415673544e-23,-2.5025636569573915,-6.153448239303352e-24,0.11394802987803813,0.1121081301142653,0.11210813011426535,0.1139480298780381
7.400000000,6.732103213305314,1.2361707531503779e-08,1.1,4.842344014669608,1.0677015357164715e-08,0.0,-0.9909847313172915,-1.477023938039458e-10,0.13397485695456354,-1.0925245256157612e-09,1.2008250703933679e-22,-2.575502450510126,-3.2468813511204294e-23,0.1148105266050295,0.11413321596790765,0.11413321596790765,0.11481052660502948
7.420000000,6.828355012619607,1.2573935728492703e-08,1.1,4.782835916759669,1.0545804341727713e-08,0.0,-0.9871735576876862,-1.7600914685678694e-10,0.15965076574271916,-1.0883228456805024e-09,-1.4975522903091904e-23,-2.5825367053386925,1.5328092500984844e-23,0.11610547226893071,0.11647575930757768,0.11647575930757768,0.11610547226893074
7.440000000,6.923303505153787,1.2783290229093224e-08,1.1,4.71201333665833,1.0389645718324412e-08,0.0,-0.9827420748146167,-2.0393493754671214e-10,0.18498111900694703,-1.0834372974266571e-09,-1.4347956997294192e-22,-2.5317810298891255,5.1821782479685454e-23,0.1178377581658381,0.11910249158479201,0.11910249158479207,0.11783775816583808
7.460000000,7.016720510869169,1.2989267912963238e-08,1.1,4.62968723487983,1.0208122668677035e-08,0.0,-0.9778231869056061,-2.3089128038099224e-10,0.20943212540048414,-1.078014402896077e-09,1.5062864069788966e-24,-2.433204063327844,-1.382514678340678e-23,0.11998296245139183,0.12196674416270233,0.12196674416270233,0.1199829624513918
7.480000000,7.1083757993611805,1.3191361138853414e-08,1.1,4.53584161432135,1.0001199920340678e-08,0.0,-0.9725757793353388,-2.564178340678534e-10,0.23258622798923084,-1.0722293274198903e-09,8.650552359548818e-23,-2.2975471908182636,-4.1062782919309106e-23,0.12248983139443173,0.1250131905116446,0.12501319051164458,0.12248983139443172
7.500000000,7.198040435507025,1.3389065121516257e-08,1.1,4.430622000263049,9.76919834594364e-09,0.0,-0.9671666925528413,-2.8018322500039876e-10,0.2541428512006545,-1.0662660065085712e-09,3.007675370146982e-23,-2.1352599447742113,-1.8506949285071212e-23,0.12528588769379473,0.1281812864898027,0.12818128648980276,0.1252858876937947
7.520000000,7.2854898947133355,1.3581884800599969e-08,1.1,4.314323920368027,9.512769562427597e-09,0.0,-0.9617558561557958,-3.0197374310591674e-10,0.2739081472866993,-1.0603007567110199e-09,1.1960834096580684e-23,-1.955674709706381,-6.63446785120768e-24,0.1282845945015896,0.1314075634177809,0.13140756341778095,0.1282845945015895
7.540000000,7.37050694776384,1.3769341201527125e-08,1.1,4.1873813846823635,9.232870530287945e-09,0.0,-0.956486157198724,-3.216742824800468e-10,0.291777708345271,-1.0544911057938361e-09,1.569034478605449e-23,-1.766517257830483,-2.20066060479176e-24,0.13139253187954927,0.13462724673275103,0.1346272467327511,0.13139253187954925
7.560000000,7.452884315267014,1.3950977288358144e-08,1.1,4.050355365635078,8.930738152813968e-09,0.0,-0.9514781313788412,-3.39246077725738e-10,0.307716371855364,-1.0489699399673294e-09,-1.4083294694456087e-23,-1.5737376880849594,8.762928052288042e-24,0.13451552054377192,0.13777563248328162,0.13777563248328162,0.13451552054377192
7.580000000,7.532427091703747,1.4126363308639576e-08,1.1,3.9039222780381717,8.607863875329184e-09,0.0,-0.9468286129792514,-3.547048174442915e-10,0.3217383683115634,-1.0438440154971297e-09,-3.1082944646820637e-23,-1.3815814904331503,2.23863072396682e-23,0.1375632266430509,0.14078944947002778,0.14078944947002778,0.1375632266430509
7.600000000,7.608954939074994,1.4295101630237183e-08,1.1,3.74886245908658,8.2659682844315e-09,0.0,-0.942612110211042,-3.681013461153912e-10,0.33388981668132156,-1.0391954749686878e-09,-1.0649466060220406e-23,-1.1928033573809922,8.860128559519715e-24,0.14045225515823653,0.14360824236026973,0.14360824236026973,0.14045225515823656
7.620000000,7.682304050149442,1.4456831070153834e-08,1.1,3.5860486483582275,7.906975707233588e-09,0.0,-0.9388837224775411,-3.7950592564488185e-10,0.344234448692625,-1.0350850634647286e-09,-2.1671926789032433e-23,-1.0089401891367582,1.8722240293693505e-23,0.14310800126070308,0.14617570788073667,0.14617570788073672,0.14310800126070294
7.640000000,7.752328881311164,1.46112307153322e-08,1.1,3.4164344678139678,7.532988810603005e-09,0.0,-0.935682673543313,-3.88996151731209e-10,0.35284264825958594,-1.031556023755215e-09,-1.436361267079706e-23,-0.8305857330039131,1.411316766500815e-23,0.1454656085356967,0.1484408972320401,0.1484408972320401,0.1454656085356967
7.660000000,7.81890365500728,1.4758023235442255e-08,1.1,3.2410429017976456,7.146263200402588e-09,0.0,-0.9330358378460525,-3.9664812394451324e-10,0.35978344221894776,-1.02863798392761e-09,2.658998484204636e-23,-0.6576347558246177,-2.2671002981517315e-23,0.14747035333394198,0.15035922523591438,0.15035922523591438,0.14747035333394198
7.680000000,7.881923631795617,1.4896977687653587e-08,1.1,3.060954777036042,6.749182020730592e-09,0.0,-0.9309608978381771,-4.0253026486241654e-10,0.36511889391859087,-1.0263504382408345e-09,2.6320005800581804e-23,-0.4894839110015766,-2.4196037461070535e-23,0.1490777011585694,0.15189326549757737,0.15189326549757737,0.1490777011585694
7.700000000,7.941306151992366,1.5027911813392503e-08,1.1,2.8772972426388965,6.344230553160992e-09,0.0,-0.9294689576220047,-4.066991652305344e-10,0.36890033453097365,-1.0247056285627336e-09,-1.6174531118733937e-23,-0.3251886804743374,1.316837985666928e-23,0.1502532043280308,0.15301334162480196,0.15301334162480199,0.15025320432803072
7.720000000,7.996991446919744,1.515069382708395e-08,1.1,2.691232250098938,5.933970815983805e-09,0.0,-0.9285665544199154,-4.091969111446433e-10,0.37116593864837094,-1.0237107619425725e-09,-2.2298704230783374e-23,-0.16358235051270073,1.8629612930357217e-23,0.15097234792494088,0.15369794139777113,0.15369794139777118,0.15097234792494077
7.740000000,8.048943219753651,1.526524369687824e-08,1.1,2.503945033291814,5.521016163445197e-09,0.0,-0.928257069996896,-4.100494680596206e-10,0.3719392584828573,-1.0233695666529184e-09,4.683858145347078e-23,-0.00336586133675219,-4.533461515899782e-23,0.15122040698750236,0.1539339851952645,0.1539339851952645,0.1512204069875023
7.760000000,8.097148995971331,1.5371533917362573e-08,1.1,2.3166325884761734,5.108005884987911e-09,0.0,-0.9285415664223862,-4.092658236750076e-10,0.371228446412531,-1.0236832135865945e-09,2.7368713267044744e-23,0.15682177338824288,-2.3968945509302504e-23,0.1509923493128927,0.15371697579900082,0.15371697579900082,0.15099234931289265
7.780000000,8.141620243399029,1.5469589774257366e-08,1.1,2.130492154293586,4.697579804491358e-09,0.0,-0.9294190692209903,-4.068377144339299e-10,0.36902600689976883,-1.024650628420017e-09,-5.520829525501011e-23,0.3183427814219574,5.514521925490406e-23,0.15029280046319676,0.15305104753429788,0.15305104753429793,0.15029280046319668
7.800000000,8.18239226185965,1.55594891010974e-08,1.1,1.9467096917686155,4.292352879512021e-09,0.0,-0.9308863071517642,-4.027398765567755e-10,0.36530902419369726,-1.0262682047293452e-09,-1.6313588386157163e-23,0.48250014661166585,1.5668374613377136e-23,0.149136075964109,0.15194892113977626,0.15194892113977632,0.14913607596410894
7.820000000,8.219523842420424,1.5641361527897757e-08,1.1,1.766448364308758,3.894889800523588e-09,0.0,-0.9329369000977726,-3.969308758976579e-10,0.36003991505937044,-1.028528908668336e-09,2.5096263991624691e-23,0.6504677931871099,-2.4610033042141202e-23,0.14754627612216742,0.15043175848533996,0.15043175848533996,0.14754627612216742
7.840000000,8.253096696240556,1.5715387221804567e-08,1.1,1.5908370177044922,3.5076795901573062e-09,0.0,-0.9355599724127023,-3.8935468687946125e-10,0.3531678609657791,-1.0314207502335588e-09,-1.1574539151383609e-23,0.8232017508474769,8.634762277728374e-24,0.1455574274519509,0.14852889963279522,0.14852889963279528,0.14555742745195085
7.860000000,8.283214653018893,1.578179511973056e-08,1.1,1.4209586601292379,3.133110202442158e-09,0.0,-0.9387381670076609,-3.7994331316069227e-10,0.3446311851865659,-1.0349245938675127e-09,-2.4908958521026635e-23,1.0013225937143517,2.0978899569792087e-23,0.14321363727595643,0.1462774554244422,0.1462774554244422,0.14321363727595643
7.880000000,8.310002629041579,1.5840860652975434e-08,1.1,1.257838942139391,2.7734431220451856e-09,0.0,-0.9424450564669465,-3.6862086990182024e-10,0.33436105565842145,-1.0390113043081799e-09,2.14811056210866e-23,1.1849602462722095,-1.7200844423509706e-23,0.14056920002504503,0.14372172432496394,0.14372172432496394,0.14056920002504503
7.900000000,8.333605364829715,1.5892902963831003e-08,1.1,1.1024346366742872,2.4307879635116713e-09,0.0,-0.9466420061047603,-3.5530966713753044e-10,0.3222870029615763,-1.0436382882234524e-09,2.9038810156466806e-23,1.3735550149147437,-2.2335349621775747e-23,0.13768855044434453,0.14091240621028328,0.14091240621028334,0.1376885504443445
7.920000000,8.35418593238702,1.5938281614171173e-08,1.1,0.9556221190562519,2.1070770705055018e-09,0.0,-0.951274657456779,-3.399389154172674e-10,0.3083448168536127,-1.0487456173888367e-09,-1.4247899493732477e-23,1.5656150876598331,1.2157577534284306e-23,0.13464589743524213,0.13790560206596264,0.13790560206596264,0.13464589743524216
7.940000000,8.371924012047488,1.597739278602672e-08,1.1,0.8181858469905345,1.8040401150492808e-09,0.0,-0.9562693848940609,-3.2245666216330405e-10,0.29248737325623897,-1.0542521222335104e-09,-4.713616079791518e-24,1.758442689570395,3.911236639088571e-24,0.1315242959767054,0.13476161877748688,0.13476161877748682,0.13152429597670537
7.960000000,8.387013938923047,1.601066497414486e-08,1.1,0.6908068405653789,1.5231786967647387e-09,0.0,-0.9615303359167281,-3.028453735509327e-10,0.27469876794748094,-1.0600521288720458e-09,4.590889815315073e-24,1.9478600411319194,-5.98493207785883e-24,0.12841384044267923,0.13154363690701854,0.13154363690701845,0.12841384044267923
7.980000000,8.39966251895122,1.603855417053364e-08,1.1,0.5740511622519573,1.265740942112844e-09,0.0,-0.9669379684423792,-2.81141094895023e-10,0.25501169617200786,-1.0660138465182278e-09,-5.54356821056682e-24,2.127991535178153,4.674016072894568e-25,0.1254086299851583,0.128316327808259,0.12831632780825905,0.12540862998515828
8.000000000,8.410086614542784,1.606153854099111e-08,1.1,0.46835839690442915,1.0326961036341882e-09,0.0,-0.9723502605374933,-2.5745526315622435e-10,0.2335272378817277,-1.0719807011698105e-09,-3.3313451864745486e-24,2.291184722511774,2.2983604626407715e-24,0.12260223008348159,0.12514449025120108,0.12514449025120114,0.12260223008348152
8.020000000,8.418510499829427,1.6080112593619342e-08,1.1,0.3740301317599015,8.247091591891551e-10,0.0,-0.9776078307835022,-2.3199701774249056e-10,0.21043509495988402,-1.0777769806253752e-09,4.701068873572293e-25,2.4281673839657154,2.19355370669711e-24,0.12008160729746159,0.12209167755234102,0.12209167755234102,0.12008160729746155
8.040000000,8.42516298551141,1.6094780839323216e-08,1.1,0.2912184364384296,6.421154111981775e-10,0.0,-0.9825438600177515,-2.0509248248108952e-10,0.18603108111661665,-1.0832187728418963e-09,3.387861767555264e-24,2.5285225656414596,-1.7591679810497168e-24,0.11791997986866665,0.1192185966517238,0.1192185966517238,0.11791997986866656
8.060000000,8.430274313305224,1.610605094429402e-08,1.1,0.21991434294304613,4.848950858820584e-10,0.0,-0.986998778103859,-1.7719649095935195e-10,0.16072775747047907,-1.088130157563447e-09,3.340048619374971e-24,2.5815007839275457,-2.7003419720515284e-24,0.11616962432457818,0.11658085366777159,0.11658085366777164,0.11616962432457821
8.080000000,8.434072819991252,1.6114426374477863e-08,1.1,0.15993632565975524,3.5264793250221313e-10,0.0,-0.9908382108180256,-1.488923425780477e-10,0.1350542112743396,-1.0923629921088414e-09,3.7653565796445576e-25,2.5770782243843504,1.1075522401069102e-24,0.11485616808624836,0.11422556872599261,0.11422556872599267,0.11485616808624836
8.100000000,8.436781371061425,1.6120398532028894e-08,1.1,0.11091878135747413,2.445678226007967e-10,0.0,-0.993971069353771,-1.2087703603334396e-10,0.10964266180516195,-1.0958168543908938e-09,-4.430683019654604e-24,2.5070431416243784,5.387048622537511e-25,0.11397595089898703,0.11218668332605776,0.11218668332605776,0.113975950898987
8.120000000,8.43861356396688,1.6124438383747314e-08,1.1,0.07230050918813014,1.594173492411741e-10,0.0,-0.9963636278007562,-9.393300601901654e-11,0.08520282387172595,-1.0984545628234203e-09,-8.165355176876901e-25,2.365811525864708,-1.2313336732363767e-24,0.11349744744308314,0.11047948310626586,0.11047948310626585,0.11349744744308311
8.140000000,8.439769700965627,1.6126987581502205e-08,1.1,0.04331319068657802,9.550242624799353e-11,0.0,-0.9980456640706163,-6.889164339604352e-11,0.062488818438521235,-1.1003089464680144e-09,7.147491845308915e-27,2.1506988075874176,3.1010287487992354e-24,0.11336665615889996,0.10909570925738865,0.10909570925738865,0.11336665615889993
8.160000000,8.440432531570199,1.6128449074639162e-08,1.1,0.02296986977066151,5.064688744757838e-11,0.0,-0.9991063820351631,-4.659701859877275e-11,0.04226626759730245,-1.1014783493401337e-09,4.235549233897375e-27,1.8615220249055053,6.943407651172006e-25,0.11351528127452568,0.10800116925900707,0.1080011692590071,0.11351528127452565
8.180000000,8.440762764595316,1.612917721437272e-08,1.1,0.01005343274115944,2.2167085908064243e-11,0.0,-0.9996802170703881,-2.7878676052620852e-11,0.025287617485673514,-1.102110981539025e-09,9.806125141093584e-25,1.499623329324025,9.664968522099405e-25,0.11387001459423989,0.10713763810336417,0.10713763810336416,0.11387001459423989
8.200000000,8.440894349805546,1.6129467350163597e-08,1.1,0.0031050882817984515,6.846493179682998e-12,0.0,-0.9999245813691576,-1.3539741194315854e-11,0.01228135064701855,-1.1023803842665886e-09,1.0081238557290939e-28,1.0666006973535649,2.129558644373613e-24,0.11375364270321103,0.10703796198718599,0.10703796198718599,0.11375364270321103
8.220000000,8.440929529162958,1.6129544918080747e-08,1.1,0.0004128474593123599,9.102985351496669e-13,0.0,-0.9999921732730447,-4.361827352715537e-12,0.0039564368632795666,-1.1024549018755846e-09,3.077907011516118e-25,0.7066733454019001,-1.319118285039791e-24,0.1124228648870995,0.10830904551942984,0.10830904551942984,0.11242286488709947
8.240000000,8.440933657674785,1.6129554021148195e-08,1.1,3.723359398577486e-09,8.209735896173791e-18,0.0,-0.9999982844505403,2.042117209230838e-12,-0.0018523217799320812,-1.1024616392259027e-09,4.0388691031277785e-26,0.5808639359753465,-2.2724409535446034e-24,0.11043736686160244,0.1102891478061103,0.1102891478061103,0.11043736686160244
