step,t,k,en_hs,a_x,a_y,a_z,b,depth_m,margin_m,sector,azimuth_center_rad,confidence,obstacle_name,status
0,0.000000000,0,0,,,,,1.390000000,0.936875000,,0.000000000,0.652500,center_box,active
0,0.000000000,1,0,,,,,1.390000000,0.936875000,,0.000000000,0.652500,center_box,active
0,0.000000000,2,0,,,,,1.390000000,0.936875000,,0.000000000,0.652500,center_box,active
0,0.000000000,3,1,1.000000000,0.000000000,0.000000000,0.453125000,1.390000000,0.936875000,3,0.000000000,0.652500,center_box,active
0,0.000000000,4,1,1.000000000,0.000000000,0.000000000,0.453125000,1.390000000,0.936875000,3,0.000000000,0.652500,center_box,active
0,0.000000000,5,1,1.000000000,0.000000000,0.000000000,0.453125000,1.390000000,0.936875000,3,0.000000000,0.652500,center_box,active
0,0.000000000,6,1,1.000000000,0.000000000,0.000000000,0.453125000,1.390000000,0.936875000,3,0.000000000,0.652500,center_box,active
0,0.000000000,7,1,1.000000000,0.000000000,0.000000000,0.453125000,1.390000000,0.936875000,3,0.000000000,0.652500,center_box,active
0,0.000000000,8,1,1.000000000,0.000000000,0.000000000,0.453125000,1.390000000,0.936875000,3,0.000000000,0.652500,center_box,active
0,0.000000000,9,1,1.000000000,0.000000000,0.000000000,0.453125000,1.390000000,0.936875000,3,0.000000000,0.652500,center_box,active
0,0.000000000,10,1,1.000000000,0.000000000,0.000000000,0.453125000,1.390000000,0.936875000,3,0.000000000,0.652500,center_box,active
0,0.000000000,11,1,1.000000000,0.000000000,0.000000000,0.453125000,1.390000000,0.936875000,3,0.000000000,0.652500,center_box,active
0,0.000000000,12,1,1.000000000,0.000000000,0.000000000,0.453125000,1.390000000,0.936875000,3,0.000000000,0.652500,center_box,active
0,0.000000000,13,1,1.000000000,0.000000000,0.000000000,0.453125000,1.390000000,0.936875000,3,0.000000000,0.652500,center_box,active
0,0.000000000,14,1,1.000000000,0.000000000,0.000000000,0.453125000,1.390000000,0.936875000,3,0.000000000,0.652500,center_box,active
0,0.000000000,15,1,1.000000000,0.000000000,0.000000000,0.453125000,1.390000000,0.936875000,3,0.000000000,0.652500,center_box,active
0,0.000000000,16,1,1.000000000,0.000000000,0.000000000,0.453125000,1.390000000,0.936875000,3,0.000000000,0.652500,center_box,active
0,0.000000000,17,1,1.000000000,0.000000000,0.000000000,0.453125000,1.390000000,0.936875000,3,0.000000000,0.652500,center_box,active
0,0.000000000,18,1,1.000000000,0.000000000,0.000000000,0.453125000,1.390000000,0.936875000,3,0.000000000,0.652500,center_box,active
0,0.000000000,19,1,1.000000000,0.000000000,0.000000000,0.453125000,1.390000000,0.936875000,3,0.000000000,0.652500,center_box,active
0,0.000000000,20,1,1.000000000,0.000000000,0.000000000,0.453125000,1.390000000,0.936875000,3,0.000000000,0.652500,center_box,active
0,0.000000000,21,1,1.000000000,0.000000000,0.000000000,0.453125000,1.390000000,0.936875000,3,0.000000000,0.652500,center_box,active
0,0.000000000,22,1,1.000000000,0.000000000,0.000000000,0.453125000,1.390000000,0.936875000,3,0.000000000,0.652500,center_box,active
0,0.000000000,23,1,1.000000000,0.000000000,0.000000000,0.453125000,1.390000000,0.936875000,3,0.000000000,0.652500,center_box,active
0,0.000000000,24,1,1.000000000,0.000000000,0.000000000,0.453125000,1.390000000,0.936875000,3,0.000000000,0.652500,center_box,active
1,0.050000000,0,0,,,,,1.391398481,0.936962405,,0.000000000,0.652150,center_box,active
1,0.050000000,1,0,,,,,1.391398481,0.936962405,,0.000000000,0.652150,center_box,active
1,0.050000000,2,0,,,,,1.391398481,0.936962405,,0.000000000,0.652150,center_box,active
1,0.050000000,3,1,0.998946281,0.018886852,-0.041828400,0.408476539,1.391398481,0.936962405,3,0.000000000,0.652150,center_box,active
1,0.050000000,4,1,0.998946281,0.018886852,-0.041828400,0.408476539,1.391398481,0.936962405,3,0.000000000,0.652150,center_box,active
1,0.050000000,5,1,0.998946281,0.018886852,-0.041828400,0.408476539,1.391398481,0.936962405,3,0.000000000,0.652150,center_box,active
1,0.050000000,6,1,0.998946281,0.018886852,-0.041828400,0.408476539,1.391398481,0.936962405,3,0.000000000,0.652150,center_box,active
1,0.050000000,7,1,0.998946281,0.018886852,-0.041828400,0.408476539,1.391398481,0.936962405,3,0.000000000,0.652150,center_box,active
1,0.050000000,8,1,0.998946281,0.018886852,-0.041828400,0.408476539,1.391398481,0.936962405,3,0.000000000,0.652150,center_box,active
1,0.050000000,9,1,0.998946281,0.018886852,-0.041828400,0.408476539,1.391398481,0.936962405,3,0.000000000,0.652150,center_box,active
1,0.050000000,10,1,0.998946281,0.018886852,-0.041828400,0.408476539,1.391398481,0.936962405,3,0.000000000,0.652150,center_box,active
1,0.050000000,11,1,0.998946281,0.018886852,-0.041828400,0.408476539,1.391398481,0.936962405,3,0.000000000,0.652150,center_box,active
1,0.050000000,12,1,0.998946281,0.018886852,-0.041828400,0.408476539,1.391398481,0.936962405,3,0.000000000,0.652150,center_box,active
1,0.050000000,13,1,0.998946281,0.018886852,-0.041828400,0.408476539,1.391398481,0.936962405,3,0.000000000,0.652150,center_box,active
1,0.050000000,14,1,0.998946281,0.018886852,-0.041828400,0.408476539,1.391398481,0.936962405,3,0.000000000,0.652150,center_box,active
1,0.050000000,15,1,0.998946281,0.018886852,-0.041828400,0.408476539,1.391398481,0.936962405,3,0.000000000,0.652150,center_box,active
1,0.050000000,16,1,0.998946281,0.018886852,-0.041828400,0.408476539,1.391398481,0.936962405,3,0.000000000,0.652150,center_box,active
1,0.050000000,17,1,0.998946281,0.018886852,-0.041828400,0.408476539,1.391398481,0.936962405,3,0.000000000,0.652150,center_box,active
1,0.050000000,18,1,0.998946281,0.018886852,-0.041828400,0.408476539,1.391398481,0.936962405,3,0.000000000,0.652150,center_box,active
1,0.050000000,19,1,0.998946281,0.018886852,-0.041828400,0.408476539,1.391398481,0.936962405,3,0.000000000,0.652150,center_box,active
1,0.050000000,20,1,0.998946281,0.018886852,-0.041828400,0.408476539,1.391398481,0.936962405,3,0.000000000,0.652150,center_box,active
1,0.050000000,21,1,0.998946281,0.018886852,-0.041828400,0.408476539,1.391398481,0.936962405,3,0.000000000,0.652150,center_box,active
1,0.050000000,22,1,0.998946281,0.018886852,-0.041828400,0.408476539,1.391398481,0.936962405,3,0.000000000,0.652150,center_box,active
1,0.050000000,23,1,0.998946281,0.018886852,-0.041828400,0.408476539,1.391398481,0.936962405,3,0.000000000,0.652150,center_box,active
1,0.050000000,24,1,0.998946281,0.018886852,-0.041828400,0.408476539,1.391398481,0.936962405,3,0.000000000,0.652150,center_box,active
2,0.100000000,0,0,,,,,1.407119889,0.937944993,,0.000000000,0.648220,center_box,active
2,0.100000000,1,0,,,,,1.407119889,0.937944993,,0.000000000,0.648220,center_box,active
2,0.100000000,2,0,,,,,1.407119889,0.937944993,,0.000000000,0.648220,center_box,active
2,0.100000000,3,1,0.986973520,0.010343346,-0.160549948,0.293523983,1.407119889,0.937944993,3,0.000000000,0.648220,center_box,active
2,0.100000000,4,1,0.986973520,0.010343346,-0.160549948,0.293523983,1.407119889,0.937944993,3,0.000000000,0.648220,center_box,active
2,0.100000000,5,1,0.986973520,0.010343346,-0.160549948,0.293523983,1.407119889,0.937944993,3,0.000000000,0.648220,center_box,active
2,0.100000000,6,1,0.986973520,0.010343346,-0.160549948,0.293523983,1.407119889,0.937944993,3,0.000000000,0.648220,center_box,active
2,0.100000000,7,1,0.986973520,0.010343346,-0.160549948,0.293523983,1.407119889,0.937944993,3,0.000000000,0.648220,center_box,active
2,0.100000000,8,1,0.986973520,0.010343346,-0.160549948,0.293523983,1.407119889,0.937944993,3,0.000000000,0.648220,center_box,active
2,0.100000000,9,1,0.986973520,0.010343346,-0.160549948,0.293523983,1.407119889,0.937944993,3,0.000000000,0.648220,center_box,active
2,0.100000000,10,1,0.986973520,0.010343346,-0.160549948,0.293523983,1.407119889,0.937944993,3,0.000000000,0.648220,center_box,active
2,0.100000000,11,1,0.986973520,0.010343346,-0.160549948,0.293523983,1.407119889,0.937944993,3,0.000000000,0.648220,center_box,active
2,0.100000000,12,1,0.986973520,0.010343346,-0.160549948,0.293523983,1.407119889,0.937944993,3,0.000000000,0.648220,center_box,active
2,0.100000000,13,1,0.986973520,0.010343346,-0.160549948,0.293523983,1.407119889,0.937944993,3,0.000000000,0.648220,center_box,active
2,0.100000000,14,1,0.986973520,0.010343346,-0.160549948,0.293523983,1.407119889,0.937944993,3,0.000000000,0.648220,center_box,active
2,0.100000000,15,1,0.986973520,0.010343346,-0.160549948,0.293523983,1.407119889,0.937944993,3,0.000000000,0.648220,center_box,active
2,0.100000000,16,1,0.986973520,0.010343346,-0.160549948,0.293523983,1.407119889,0.937944993,3,0.000000000,0.648220,center_box,active
2,0.100000000,17,1,0.986973520,0.010343346,-0.160549948,0.293523983,1.407119889,0.937944993,3,0.000000000,0.648220,center_box,active
2,0.100000000,18,1,0.986973520,0.010343346,-0.160549948,0.293523983,1.407119889,0.937944993,3,0.000000000,0.648220,center_box,active
2,0.100000000,19,1,0.986973520,0.010343346,-0.160549948,0.293523983,1.407119889,0.937944993,3,0.000000000,0.648220,center_box,active
2,0.100000000,20,1,0.986973520,0.010343346,-0.160549948,0.293523983,1.407119889,0.937944993,3,0.000000000,0.648220,center_box,active
2,0.100000000,21,1,0.986973520,0.010343346,-0.160549948,0.293523983,1.407119889,0.937944993,3,0.000000000,0.648220,center_box,active
2,0.100000000,22,1,0.986973520,0.010343346,-0.160549948,0.293523983,1.407119889,0.937944993,3,0.000000000,0.648220,center_box,active
2,0.100000000,23,1,0.986973520,0.010343346,-0.160549948,0.293523983,1.407119889,0.937944993,3,0.000000000,0.648220,center_box,active
2,0.100000000,24,1,0.986973520,0.010343346,-0.160549948,0.293523983,1.407119889,0.937944993,3,0.000000000,0.648220,center_box,active
3,0.150000000,0,0,,,,,1.407119889,0.937944993,,0.000000000,0.648220,center_box,held_active
3,0.150000000,1,0,,,,,1.407119889,0.937944993,,0.000000000,0.648220,center_box,held_active
3,0.150000000,2,0,,,,,1.407119889,0.937944993,,0.000000000,0.648220,center_box,held_active
3,0.150000000,3,1,0.986973520,0.010343346,-0.160549948,0.293523983,1.407119889,0.937944993,3,0.000000000,0.648220,center_box,held_active
3,0.150000000,4,1,0.986973520,0.010343346,-0.160549948,0.293523983,1.407119889,0.937944993,3,0.000000000,0.648220,center_box,held_active
3,0.150000000,5,1,0.986973520,0.010343346,-0.160549948,0.293523983,1.407119889,0.937944993,3,0.000000000,0.648220,center_box,held_active
3,0.150000000,6,1,0.986973520,0.010343346,-0.160549948,0.293523983,1.407119889,0.937944993,3,0.000000000,0.648220,center_box,held_active
3,0.150000000,7,1,0.986973520,0.010343346,-0.160549948,0.293523983,1.407119889,0.937944993,3,0.000000000,0.648220,center_box,held_active
3,0.150000000,8,1,0.986973520,0.010343346,-0.160549948,0.293523983,1.407119889,0.937944993,3,0.000000000,0.648220,center_box,held_active
3,0.150000000,9,1,0.986973520,0.010343346,-0.160549948,0.293523983,1.407119889,0.937944993,3,0.000000000,0.648220,center_box,held_active
3,0.150000000,10,1,0.986973520,0.010343346,-0.160549948,0.293523983,1.407119889,0.937944993,3,0.000000000,0.648220,center_box,held_active
3,0.150000000,11,1,0.986973520,0.010343346,-0.160549948,0.293523983,1.407119889,0.937944993,3,0.000000000,0.648220,center_box,held_active
3,0.150000000,12,1,0.986973520,0.010343346,-0.160549948,0.293523983,1.407119889,0.937944993,3,0.000000000,0.648220,center_box,held_active
3,0.150000000,13,1,0.986973520,0.010343346,-0.160549948,0.293523983,1.407119889,0.937944993,3,0.000000000,0.648220,center_box,held_active
3,0.150000000,14,1,0.986973520,0.010343346,-0.160549948,0.293523983,1.407119889,0.937944993,3,0.000000000,0.648220,center_box,held_active
3,0.150000000,15,1,0.986973520,0.010343346,-0.160549948,0.293523983,1.407119889,0.937944993,3,0.000000000,0.648220,center_box,held_active
3,0.150000000,16,1,0.986973520,0.010343346,-0.160549948,0.293523983,1.407119889,0.937944993,3,0.000000000,0.648220,center_box,held_active
3,0.150000000,17,1,0.986973520,0.010343346,-0.160549948,0.293523983,1.407119889,0.937944993,3,0.000000000,0.648220,center_box,held_active
3,0.150000000,18,1,0.986973520,0.010343346,-0.160549948,0.293523983,1.407119889,0.937944993,3,0.000000000,0.648220,center_box,held_active
3,0.150000000,19,1,0.986973520,0.010343346,-0.160549948,0.293523983,1.407119889,0.937944993,3,0.000000000,0.648220,center_box,held_active
3,0.150000000,20,1,0.986973520,0.010343346,-0.160549948,0.293523983,1.407119889,0.937944993,3,0.000000000,0.648220,center_box,held_active
3,0.150000000,21,1,0.986973520,0.010343346,-0.160549948,0.293523983,1.407119889,0.937944993,3,0.000000000,0.648220,center_box,held_active
3,0.150000000,22,1,0.986973520,0.010343346,-0.160549948,0.293523983,1.407119889,0.937944993,3,0.000000000,0.648220,center_box,held_active
3,0.150000000,23,1,0.986973520,0.010343346,-0.160549948,0.293523983,1.407119889,0.937944993,3,0.000000000,0.648220,center_box,held_active
3,0.150000000,24,1,0.986973520,0.010343346,-0.160549948,0.293523983,1.407119889,0.937944993,3,0.000000000,0.648220,center_box,held_active
4,0.200000000,0,0,,,,,1.407119889,0.937944993,,0.000000000,0.648220,center_box,held_active
4,0.200000000,1,0,,,,,1.407119889,0.937944993,,0.000000000,0.648220,center_box,held_active
4,0.200000000,2,0,,,,,1.407119889,0.937944993,,0.000000000,0.648220,center_box,held_active
4,0.200000000,3,1,0.986973520,0.010343346,-0.160549948,0.293523983,1.407119889,0.937944993,3,0.000000000,0.648220,center_box,held_active
4,0.200000000,4,1,0.986973520,0.010343346,-0.160549948,0.293523983,1.407119889,0.937944993,3,0.000000000,0.648220,center_box,held_active
4,0.200000000,5,1,0.986973520,0.010343346,-0.160549948,0.293523983,1.407119889,0.937944993,3,0.000000000,0.648220,center_box,held_active
4,0.200000000,6,1,0.986973520,0.010343346,-0.160549948,0.293523983,1.407119889,0.937944993,3,0.000000000,0.648220,center_box,held_active
4,0.200000000,7,1,0.986973520,0.010343346,-0.160549948,0.293523983,1.407119889,0.937944993,3,0.000000000,0.648220,center_box,held_active
4,0.200000000,8,1,0.986973520,0.010343346,-0.160549948,0.293523983,1.407119889,0.937944993,3,0.000000000,0.648220,center_box,held_active
4,0.200000000,9,1,0.986973520,0.010343346,-0.160549948,0.293523983,1.407119889,0.937944993,3,0.000000000,0.648220,center_box,held_active
4,0.200000000,10,1,0.986973520,0.010343346,-0.160549948,0.293523983,1.407119889,0.937944993,3,0.000000000,0.648220,center_box,held_active
4,0.200000000,11,1,0.986973520,0.010343346,-0.160549948,0.293523983,1.407119889,0.937944993,3,0.000000000,0.648220,center_box,held_active
4,0.200000000,12,1,0.986973520,0.010343346,-0.160549948,0.293523983,1.407119889,0.937944993,3,0.000000000,0.648220,center_box,held_active
4,0.200000000,13,1,0.986973520,0.010343346,-0.160549948,0.293523983,1.407119889,0.937944993,3,0.000000000,0.648220,center_box,held_active
4,0.200000000,14,1,0.986973520,0.010343346,-0.160549948,0.293523983,1.407119889,0.937944993,3,0.000000000,0.648220,center_box,held_active
4,0.200000000,15,1,0.986973520,0.010343346,-0.160549948,0.293523983,1.407119889,0.937944993,3,0.000000000,0.648220,center_box,held_active
4,0.200000000,16,1,0.986973520,0.010343346,-0.160549948,0.293523983,1.407119889,0.937944993,3,0.000000000,0.648220,center_box,held_active
4,0.200000000,17,1,0.986973520,0.010343346,-0.160549948,0.293523983,1.407119889,0.937944993,3,0.000000000,0.648220,center_box,held_active
4,0.200000000,18,1,0.986973520,0.010343346,-0.160549948,0.293523983,1.407119889,0.937944993,3,0.000000000,0.648220,center_box,held_active
4,0.200000000,19,1,0.986973520,0.010343346,-0.160549948,0.293523983,1.407119889,0.937944993,3,0.000000000,0.648220,center_box,held_active
4,0.200000000,20,1,0.986973520,0.010343346,-0.160549948,0.293523983,1.407119889,0.937944993,3,0.000000000,0.648220,center_box,held_active
4,0.200000000,21,1,0.986973520,0.010343346,-0.160549948,0.293523983,1.407119889,0.937944993,3,0.000000000,0.648220,center_box,held_active
4,0.200000000,22,1,0.986973520,0.010343346,-0.160549948,0.293523983,1.407119889,0.937944993,3,0.000000000,0.648220,center_box,held_active
4,0.200000000,23,1,0.986973520,0.010343346,-0.160549948,0.293523983,1.407119889,0.937944993,3,0.000000000,0.648220,center_box,held_active
4,0.200000000,24,1,0.986973520,0.010343346,-0.160549948,0.293523983,1.407119889,0.937944993,3,0.000000000,0.648220,center_box,held_active
5,0.250000000,0,0,,,,,1.407119889,0.937944993,,0.000000000,0.648220,center_box,held_active
5,0.250000000,1,0,,,,,1.407119889,0.937944993,,0.000000000,0.648220,center_box,held_active
5,0.250000000,2,0,,,,,1.407119889,0.937944993,,0.000000000,0.648220,center_box,held_active
5,0.250000000,3,1,0.986973520,0.010343346,-0.160549948,0.293523983,1.407119889,0.937944993,3,0.000000000,0.648220,center_box,held_active
5,0.250000000,4,1,0.986973520,0.010343346,-0.160549948,0.293523983,1.407119889,0.937944993,3,0.000000000,0.648220,center_box,held_active
5,0.250000000,5,1,0.986973520,0.010343346,-0.160549948,0.293523983,1.407119889,0.937944993,3,0.000000000,0.648220,center_box,held_active
5,0.250000000,6,1,0.986973520,0.010343346,-0.160549948,0.293523983,1.407119889,0.937944993,3,0.000000000,0.648220,center_box,held_active
5,0.250000000,7,1,0.986973520,0.010343346,-0.160549948,0.293523983,1.407119889,0.937944993,3,0.000000000,0.648220,center_box,held_active
5,0.250000000,8,1,0.986973520,0.010343346,-0.160549948,0.293523983,1.407119889,0.937944993,3,0.000000000,0.648220,center_box,held_active
5,0.250000000,9,1,0.986973520,0.010343346,-0.160549948,0.293523983,1.407119889,0.937944993,3,0.000000000,0.648220,center_box,held_active
5,0.250000000,10,1,0.986973520,0.010343346,-0.160549948,0.293523983,1.407119889,0.937944993,3,0.000000000,0.648220,center_box,held_active
5,0.250000000,11,1,0.986973520,0.010343346,-0.160549948,0.293523983,1.407119889,0.937944993,3,0.000000000,0.648220,center_box,held_active
5,0.250000000,12,1,0.986973520,0.010343346,-0.160549948,0.293523983,1.407119889,0.937944993,3,0.000000000,0.648220,center_box,held_active
5,0.250000000,13,1,0.986973520,0.010343346,-0.160549948,0.293523983,1.407119889,0.937944993,3,0.000000000,0.648220,center_box,held_active
5,0.250000000,14,1,0.986973520,0.010343346,-0.160549948,0.293523983,1.407119889,0.937944993,3,0.000000000,0.648220,center_box,held_active
5,0.250000000,15,1,0.986973520,0.010343346,-0.160549948,0.293523983,1.407119889,0.937944993,3,0.000000000,0.648220,center_box,held_active
5,0.250000000,16,1,0.986973520,0.010343346,-0.160549948,0.293523983,1.407119889,0.937944993,3,0.000000000,0.648220,center_box,held_active
5,0.250000000,17,1,0.986973520,0.010343346,-0.160549948,0.293523983,1.407119889,0.937944993,3,0.000000000,0.648220,center_box,held_active
5,0.250000000,18,1,0.986973520,0.010343346,-0.160549948,0.293523983,1.407119889,0.937944993,3,0.000000000,0.648220,center_box,held_active
5,0.250000000,19,1,0.986973520,0.010343346,-0.160549948,0.293523983,1.407119889,0.937944993,3,0.000000000,0.648220,center_box,held_active
5,0.250000000,20,1,0.986973520,0.010343346,-0.160549948,0.293523983,1.407119889,0.937944993,3,0.000000000,0.648220,center_box,held_active
5,0.250000000,21,1,0.986973520,0.010343346,-0.160549948,0.293523983,1.407119889,0.937944993,3,0.000000000,0.648220,center_box,held_active
5,0.250000000,22,1,0.986973520,0.010343346,-0.160549948,0.293523983,1.407119889,0.937944993,3,0.000000000,0.648220,center_box,held_active
5,0.250000000,23,1,0.986973520,0.010343346,-0.160549948,0.293523983,1.407119889,0.937944993,3,0.000000000,0.648220,center_box,held_active
5,0.250000000,24,1,0.986973520,0.010343346,-0.160549948,0.293523983,1.407119889,0.937944993,3,0.000000000,0.648220,center_box,held_active
6,0.300000000,0,0,,,,,1.407119889,0.937944993,,0.000000000,0.648220,center_box,held_active
6,0.300000000,1,0,,,,,1.407119889,0.937944993,,0.000000000,0.648220,center_box,held_active
6,0.300000000,2,0,,,,,1.407119889,0.937944993,,0.000000000,0.648220,center_box,held_active
6,0.300000000,3,1,0.986973520,0.010343346,-0.160549948,0.293523983,1.407119889,0.937944993,3,0.000000000,0.648220,center_box,held_active
6,0.300000000,4,1,0.986973520,0.010343346,-0.160549948,0.293523983,1.407119889,0.937944993,3,0.000000000,0.648220,center_box,held_active
6,0.300000000,5,1,0.986973520,0.010343346,-0.160549948,0.293523983,1.407119889,0.937944993,3,0.000000000,0.648220,center_box,held_active
6,0.300000000,6,1,0.986973520,0.010343346,-0.160549948,0.293523983,1.407119889,0.937944993,3,0.000000000,0.648220,center_box,held_active
6,0.300000000,7,1,0.986973520,0.010343346,-0.160549948,0.293523983,1.407119889,0.937944993,3,0.000000000,0.648220,center_box,held_active
6,0.300000000,8,1,0.986973520,0.010343346,-0.160549948,0.293523983,1.407119889,0.937944993,3,0.000000000,0.648220,center_box,held_active
6,0.300000000,9,1,0.986973520,0.010343346,-0.160549948,0.293523983,1.407119889,0.937944993,3,0.000000000,0.648220,center_box,held_active
6,0.300000000,10,1,0.986973520,0.010343346,-0.160549948,0.293523983,1.407119889,0.937944993,3,0.000000000,0.648220,center_box,held_active
6,0.300000000,11,1,0.986973520,0.010343346,-0.160549948,0.293523983,1.407119889,0.937944993,3,0.000000000,0.648220,center_box,held_active
6,0.300000000,12,1,0.986973520,0.010343346,-0.160549948,0.293523983,1.407119889,0.937944993,3,0.000000000,0.648220,center_box,held_active
6,0.300000000,13,1,0.986973520,0.010343346,-0.160549948,0.293523983,1.407119889,0.937944993,3,0.000000000,0.648220,center_box,held_active
6,0.300000000,14,1,0.986973520,0.010343346,-0.160549948,0.293523983,1.407119889,0.937944993,3,0.000000000,0.648220,center_box,held_active
6,0.300000000,15,1,0.986973520,0.010343346,-0.160549948,0.293523983,1.407119889,0.937944993,3,0.000000000,0.648220,center_box,held_active
6,0.300000000,16,1,0.986973520,0.010343346,-0.160549948,0.293523983,1.407119889,0.937944993,3,0.000000000,0.648220,center_box,held_active
6,0.300000000,17,1,0.986973520,0.010343346,-0.160549948,0.293523983,1.407119889,0.937944993,3,0.000000000,0.648220,center_box,held_active
6,0.300000000,18,1,0.986973520,0.010343346,-0.160549948,0.293523983,1.407119889,0.937944993,3,0.000000000,0.648220,center_box,held_active
6,0.300000000,19,1,0.986973520,0.010343346,-0.160549948,0.293523983,1.407119889,0.937944993,3,0.000000000,0.648220,center_box,held_active
6,0.300000000,20,1,0.986973520,0.010343346,-0.160549948,0.293523983,1.407119889,0.937944993,3,0.000000000,0.648220,center_box,held_active
6,0.300000000,21,1,0.986973520,0.010343346,-0.160549948,0.293523983,1.407119889,0.937944993,3,0.000000000,0.648220,center_box,held_active
6,0.300000000,22,1,0.986973520,0.010343346,-0.160549948,0.293523983,1.407119889,0.937944993,3,0.000000000,0.648220,center_box,held_active
6,0.300000000,23,1,0.986973520,0.010343346,-0.160549948,0.293523983,1.407119889,0.937944993,3,0.000000000,0.648220,center_box,held_active
6,0.300000000,24,1,0.986973520,0.010343346,-0.160549948,0.293523983,1.407119889,0.937944993,3,0.000000000,0.648220,center_box,held_active
7,0.350000000,0,0,,,,,,,,,0.000000,,stale_depth
7,0.350000000,1,0,,,,,,,,,0.000000,,stale_depth
7,0.350000000,2,0,,,,,,,,,0.000000,,stale_depth
7,0.350000000,3,0,,,,,,,,,0.000000,,stale_depth
7,0.350000000,4,0,,,,,,,,,0.000000,,stale_depth
7,0.350000000,5,0,,,,,,,,,0.000000,,stale_depth
7,0.350000000,6,0,,,,,,,,,0.000000,,stale_depth
7,0.350000000,7,0,,,,,,,,,0.000000,,stale_depth
7,0.350000000,8,0,,,,,,,,,0.000000,,stale_depth
7,0.350000000,9,0,,,,,,,,,0.000000,,stale_depth
7,0.350000000,10,0,,,,,,,,,0.000000,,stale_depth
7,0.350000000,11,0,,,,,,,,,0.000000,,stale_depth
7,0.350000000,12,0,,,,,,,,,0.000000,,stale_depth
7,0.350000000,13,0,,,,,,,,,0.000000,,stale_depth
7,0.350000000,14,0,,,,,,,,,0.000000,,stale_depth
7,0.350000000,15,0,,,,,,,,,0.000000,,stale_depth
7,0.350000000,16,0,,,,,,,,,0.000000,,stale_depth
7,0.350000000,17,0,,,,,,,,,0.000000,,stale_depth
7,0.350000000,18,0,,,,,,,,,0.000000,,stale_depth
7,0.350000000,19,0,,,,,,,,,0.000000,,stale_depth
7,0.350000000,20,0,,,,,,,,,0.000000,,stale_depth
7,0.350000000,21,0,,,,,,,,,0.000000,,stale_depth
7,0.350000000,22,0,,,,,,,,,0.000000,,stale_depth
7,0.350000000,23,0,,,,,,,,,0.000000,,stale_depth
7,0.350000000,24,0,,,,,,,,,0.000000,,stale_depth
8,0.400000000,0,0,,,,,1.280539720,0.930033733,,-0.174532925,0.679865,center_box,active
8,0.400000000,1,0,,,,,1.280539720,0.930033733,,-0.174532925,0.679865,center_box,active
8,0.400000000,2,0,,,,,1.280539720,0.930033733,,-0.174532925,0.679865,center_box,active
8,0.400000000,3,1,0.980612862,0.126342240,-0.149786694,0.311597194,1.280539720,0.930033733,2,-0.174532925,0.679865,center_box,active
8,0.400000000,4,1,0.980612862,0.126342240,-0.149786694,0.311597194,1.280539720,0.930033733,2,-0.174532925,0.679865,center_box,active
8,0.400000000,5,1,0.980612862,0.126342240,-0.149786694,0.311597194,1.280539720,0.930033733,2,-0.174532925,0.679865,center_box,active
8,0.400000000,6,1,0.980612862,0.126342240,-0.149786694,0.311597194,1.280539720,0.930033733,2,-0.174532925,0.679865,center_box,active
8,0.400000000,7,1,0.980612862,0.126342240,-0.149786694,0.311597194,1.280539720,0.930033733,2,-0.174532925,0.679865,center_box,active
8,0.400000000,8,1,0.980612862,0.126342240,-0.149786694,0.311597194,1.280539720,0.930033733,2,-0.174532925,0.679865,center_box,active
8,0.400000000,9,1,0.980612862,0.126342240,-0.149786694,0.311597194,1.280539720,0.930033733,2,-0.174532925,0.679865,center_box,active
8,0.400000000,10,1,0.980612862,0.126342240,-0.149786694,0.311597194,1.280539720,0.930033733,2,-0.174532925,0.679865,center_box,active
8,0.400000000,11,1,0.980612862,0.126342240,-0.149786694,0.311597194,1.280539720,0.930033733,2,-0.174532925,0.679865,center_box,active
8,0.400000000,12,1,0.980612862,0.126342240,-0.149786694,0.311597194,1.280539720,0.930033733,2,-0.174532925,0.679865,center_box,active
8,0.400000000,13,1,0.980612862,0.126342240,-0.149786694,0.311597194,1.280539720,0.930033733,2,-0.174532925,0.679865,center_box,active
8,0.400000000,14,1,0.980612862,0.126342240,-0.149786694,0.311597194,1.280539720,0.930033733,2,-0.174532925,0.679865,center_box,active
8,0.400000000,15,1,0.980612862,0.126342240,-0.149786694,0.311597194,1.280539720,0.930033733,2,-0.174532925,0.679865,center_box,active
8,0.400000000,16,1,0.980612862,0.126342240,-0.149786694,0.311597194,1.280539720,0.930033733,2,-0.174532925,0.679865,center_box,active
8,0.400000000,17,1,0.980612862,0.126342240,-0.149786694,0.311597194,1.280539720,0.930033733,2,-0.174532925,0.679865,center_box,active
8,0.400000000,18,1,0.980612862,0.126342240,-0.149786694,0.311597194,1.280539720,0.930033733,2,-0.174532925,0.679865,center_box,active
8,0.400000000,19,1,0.980612862,0.126342240,-0.149786694,0.311597194,1.280539720,0.930033733,2,-0.174532925,0.679865,center_box,active
8,0.400000000,20,1,0.980612862,0.126342240,-0.149786694,0.311597194,1.280539720,0.930033733,2,-0.174532925,0.679865,center_box,active
8,0.400000000,21,1,0.980612862,0.126342240,-0.149786694,0.311597194,1.280539720,0.930033733,2,-0.174532925,0.679865,center_box,active
8,0.400000000,22,1,0.980612862,0.126342240,-0.149786694,0.311597194,1.280539720,0.930033733,2,-0.174532925,0.679865,center_box,active
8,0.400000000,23,1,0.980612862,0.126342240,-0.149786694,0.311597194,1.280539720,0.930033733,2,-0.174532925,0.679865,center_box,active
8,0.400000000,24,1,0.980612862,0.126342240,-0.149786694,0.311597194,1.280539720,0.930033733,2,-0.174532925,0.679865,center_box,active
9,0.450000000,0,0,,,,,1.221553059,0.926347066,,-0.174532925,0.694612,center_box,active
9,0.450000000,1,0,,,,,1.221553059,0.926347066,,-0.174532925,0.694612,center_box,active
9,0.450000000,2,0,,,,,1.221553059,0.926347066,,-0.174532925,0.694612,center_box,active
9,0.450000000,3,1,0.992786893,0.111389187,0.044346747,0.514957939,1.221553059,0.926347066,2,-0.174532925,0.694612,center_box,active
9,0.450000000,4,1,0.992786893,0.111389187,0.044346747,0.514957939,1.221553059,0.926347066,2,-0.174532925,0.694612,center_box,active
9,0.450000000,5,1,0.992786893,0.111389187,0.044346747,0.514957939,1.221553059,0.926347066,2,-0.174532925,0.694612,center_box,active
9,0.450000000,6,1,0.992786893,0.111389187,0.044346747,0.514957939,1.221553059,0.926347066,2,-0.174532925,0.694612,center_box,active
9,0.450000000,7,1,0.992786893,0.111389187,0.044346747,0.514957939,1.221553059,0.926347066,2,-0.174532925,0.694612,center_box,active
9,0.450000000,8,1,0.992786893,0.111389187,0.044346747,0.514957939,1.221553059,0.926347066,2,-0.174532925,0.694612,center_box,active
9,0.450000000,9,1,0.992786893,0.111389187,0.044346747,0.514957939,1.221553059,0.926347066,2,-0.174532925,0.694612,center_box,active
9,0.450000000,10,1,0.992786893,0.111389187,0.044346747,0.514957939,1.221553059,0.926347066,2,-0.174532925,0.694612,center_box,active
9,0.450000000,11,1,0.992786893,0.111389187,0.044346747,0.514957939,1.221553059,0.926347066,2,-0.174532925,0.694612,center_box,active
9,0.450000000,12,1,0.992786893,0.111389187,0.044346747,0.514957939,1.221553059,0.926347066,2,-0.174532925,0.694612,center_box,active
9,0.450000000,13,1,0.992786893,0.111389187,0.044346747,0.514957939,1.221553059,0.926347066,2,-0.174532925,0.694612,center_box,active
9,0.450000000,14,1,0.992786893,0.111389187,0.044346747,0.514957939,1.221553059,0.926347066,2,-0.174532925,0.694612,center_box,active
9,0.450000000,15,1,0.992786893,0.111389187,0.044346747,0.514957939,1.221553059,0.926347066,2,-0.174532925,0.694612,center_box,active
9,0.450000000,16,1,0.992786893,0.111389187,0.044346747,0.514957939,1.221553059,0.926347066,2,-0.174532925,0.694612,center_box,active
9,0.450000000,17,1,0.992786893,0.111389187,0.044346747,0.514957939,1.221553059,0.926347066,2,-0.174532925,0.694612,center_box,active
9,0.450000000,18,1,0.992786893,0.111389187,0.044346747,0.514957939,1.221553059,0.926347066,2,-0.174532925,0.694612,center_box,active
9,0.450000000,19,1,0.992786893,0.111389187,0.044346747,0.514957939,1.221553059,0.926347066,2,-0.174532925,0.694612,center_box,active
9,0.450000000,20,1,0.992786893,0.111389187,0.044346747,0.514957939,1.221553059,0.926347066,2,-0.174532925,0.694612,center_box,active
9,0.450000000,21,1,0.992786893,0.111389187,0.044346747,0.514957939,1.221553059,0.926347066,2,-0.174532925,0.694612,center_box,active
9,0.450000000,22,1,0.992786893,0.111389187,0.044346747,0.514957939,1.221553059,0.926347066,2,-0.174532925,0.694612,center_box,active
9,0.450000000,23,1,0.992786893,0.111389187,0.044346747,0.514957939,1.221553059,0.926347066,2,-0.174532925,0.694612,center_box,active
9,0.450000000,24,1,0.992786893,0.111389187,0.044346747,0.514957939,1.221553059,0.926347066,2,-0.174532925,0.694612,center_box,active
10,0.500000000,0,0,,,,,1.221553059,0.926347066,,-0.174532925,0.694612,center_box,held_active
10,0.500000000,1,0,,,,,1.221553059,0.926347066,,-0.174532925,0.694612,center_box,held_active
10,0.500000000,2,0,,,,,1.221553059,0.926347066,,-0.174532925,0.694612,center_box,held_active
10,0.500000000,3,1,0.992786893,0.111389187,0.044346747,0.514957939,1.221553059,0.926347066,2,-0.174532925,0.694612,center_box,held_active
10,0.500000000,4,1,0.992786893,0.111389187,0.044346747,0.514957939,1.221553059,0.926347066,2,-0.174532925,0.694612,center_box,held_active
10,0.500000000,5,1,0.992786893,0.111389187,0.044346747,0.514957939,1.221553059,0.926347066,2,-0.174532925,0.694612,center_box,held_active
10,0.500000000,6,1,0.992786893,0.111389187,0.044346747,0.514957939,1.221553059,0.926347066,2,-0.174532925,0.694612,center_box,held_active
10,0.500000000,7,1,0.992786893,0.111389187,0.044346747,0.514957939,1.221553059,0.926347066,2,-0.174532925,0.694612,center_box,held_active
10,0.500000000,8,1,0.992786893,0.111389187,0.044346747,0.514957939,1.221553059,0.926347066,2,-0.174532925,0.694612,center_box,held_active
10,0.500000000,9,1,0.992786893,0.111389187,0.044346747,0.514957939,1.221553059,0.926347066,2,-0.174532925,0.694612,center_box,held_active
10,0.500000000,10,1,0.992786893,0.111389187,0.044346747,0.514957939,1.221553059,0.926347066,2,-0.174532925,0.694612,center_box,held_active
10,0.500000000,11,1,0.992786893,0.111389187,0.044346747,0.514957939,1.221553059,0.926347066,2,-0.174532925,0.694612,center_box,held_active
10,0.500000000,12,1,0.992786893,0.111389187,0.044346747,0.514957939,1.221553059,0.926347066,2,-0.174532925,0.694612,center_box,held_active
10,0.500000000,13,1,0.992786893,0.111389187,0.044346747,0.514957939,1.221553059,0.926347066,2,-0.174532925,0.694612,center_box,held_active
10,0.500000000,14,1,0.992786893,0.111389187,0.044346747,0.514957939,1.221553059,0.926347066,2,-0.174532925,0.694612,center_box,held_active
10,0.500000000,15,1,0.992786893,0.111389187,0.044346747,0.514957939,1.221553059,0.926347066,2,-0.174532925,0.694612,center_box,held_active
10,0.500000000,16,1,0.992786893,0.111389187,0.044346747,0.514957939,1.221553059,0.926347066,2,-0.174532925,0.694612,center_box,held_active
10,0.500000000,17,1,0.992786893,0.111389187,0.044346747,0.514957939,1.221553059,0.926347066,2,-0.174532925,0.694612,center_box,held_active
10,0.500000000,18,1,0.992786893,0.111389187,0.044346747,0.514957939,1.221553059,0.926347066,2,-0.174532925,0.694612,center_box,held_active
10,0.500000000,19,1,0.992786893,0.111389187,0.044346747,0.514957939,1.221553059,0.926347066,2,-0.174532925,0.694612,center_box,held_active
10,0.500000000,20,1,0.992786893,0.111389187,0.044346747,0.514957939,1.221553059,0.926347066,2,-0.174532925,0.694612,center_box,held_active
10,0.500000000,21,1,0.992786893,0.111389187,0.044346747,0.514957939,1.221553059,0.926347066,2,-0.174532925,0.694612,center_box,held_active
10,0.500000000,22,1,0.992786893,0.111389187,0.044346747,0.514957939,1.221553059,0.926347066,2,-0.174532925,0.694612,center_box,held_active
10,0.500000000,23,1,0.992786893,0.111389187,0.044346747,0.514957939,1.221553059,0.926347066,2,-0.174532925,0.694612,center_box,held_active
10,0.500000000,24,1,0.992786893,0.111389187,0.044346747,0.514957939,1.221553059,0.926347066,2,-0.174532925,0.694612,center_box,held_active
11,0.550000000,0,0,,,,,1.221553059,0.926347066,,-0.174532925,0.694612,center_box,held_active
11,0.550000000,1,0,,,,,1.221553059,0.926347066,,-0.174532925,0.694612,center_box,held_active
11,0.550000000,2,0,,,,,1.221553059,0.926347066,,-0.174532925,0.694612,center_box,held_active
11,0.550000000,3,1,0.992786893,0.111389187,0.044346747,0.514957939,1.221553059,0.926347066,2,-0.174532925,0.694612,center_box,held_active
11,0.550000000,4,1,0.992786893,0.111389187,0.044346747,0.514957939,1.221553059,0.926347066,2,-0.174532925,0.694612,center_box,held_active
11,0.550000000,5,1,0.992786893,0.111389187,0.044346747,0.514957939,1.221553059,0.926347066,2,-0.174532925,0.694612,center_box,held_active
11,0.550000000,6,1,0.992786893,0.111389187,0.044346747,0.514957939,1.221553059,0.926347066,2,-0.174532925,0.694612,center_box,held_active
11,0.550000000,7,1,0.992786893,0.111389187,0.044346747,0.514957939,1.221553059,0.926347066,2,-0.174532925,0.694612,center_box,held_active
11,0.550000000,8,1,0.992786893,0.111389187,0.044346747,0.514957939,1.221553059,0.926347066,2,-0.174532925,0.694612,center_box,held_active
11,0.550000000,9,1,0.992786893,0.111389187,0.044346747,0.514957939,1.221553059,0.926347066,2,-0.174532925,0.694612,center_box,held_active
11,0.550000000,10,1,0.992786893,0.111389187,0.044346747,0.514957939,1.221553059,0.926347066,2,-0.174532925,0.694612,center_box,held_active
11,0.550000000,11,1,0.992786893,0.111389187,0.044346747,0.514957939,1.221553059,0.926347066,2,-0.174532925,0.694612,center_box,held_active
11,0.550000000,12,1,0.992786893,0.111389187,0.044346747,0.514957939,1.221553059,0.926347066,2,-0.174532925,0.694612,center_box,held_active
11,0.550000000,13,1,0.992786893,0.111389187,0.044346747,0.514957939,1.221553059,0.926347066,2,-0.174532925,0.694612,center_box,held_active
11,0.550000000,14,1,0.992786893,0.111389187,0.044346747,0.514957939,1.221553059,0.926347066,2,-0.174532925,0.694612,center_box,held_active
11,0.550000000,15,1,0.992786893,0.111389187,0.044346747,0.514957939,1.221553059,0.926347066,2,-0.174532925,0.694612,center_box,held_active
11,0.550000000,16,1,0.992786893,0.111389187,0.044346747,0.514957939,1.221553059,0.926347066,2,-0.174532925,0.694612,center_box,held_active
11,0.550000000,17,1,0.992786893,0.111389187,0.044346747,0.514957939,1.221553059,0.926347066,2,-0.174532925,0.694612,center_box,held_active
11,0.550000000,18,1,0.992786893,0.111389187,0.044346747,0.514957939,1.221553059,0.926347066,2,-0.174532925,0.694612,center_box,held_active
11,0.550000000,19,1,0.992786893,0.111389187,0.044346747,0.514957939,1.221553059,0.926347066,2,-0.174532925,0.694612,center_box,held_active
11,0.550000000,20,1,0.992786893,0.111389187,0.044346747,0.514957939,1.221553059,0.926347066,2,-0.174532925,0.694612,center_box,held_active
11,0.550000000,21,1,0.992786893,0.111389187,0.044346747,0.514957939,1.221553059,0.926347066,2,-0.174532925,0.694612,center_box,held_active
11,0.550000000,22,1,0.992786893,0.111389187,0.044346747,0.514957939,1.221553059,0.926347066,2,-0.174532925,0.694612,center_box,held_active
11,0.550000000,23,1,0.992786893,0.111389187,0.044346747,0.514957939,1.221553059,0.926347066,2,-0.174532925,0.694612,center_box,held_active
11,0.550000000,24,1,0.992786893,0.111389187,0.044346747,0.514957939,1.221553059,0.926347066,2,-0.174532925,0.694612,center_box,held_active
12,0.600000000,0,0,,,,,1.221553059,0.926347066,,-0.174532925,0.694612,center_box,held_active
12,0.600000000,1,0,,,,,1.221553059,0.926347066,,-0.174532925,0.694612,center_box,held_active
12,0.600000000,2,0,,,,,1.221553059,0.926347066,,-0.174532925,0.694612,center_box,held_active
12,0.600000000,3,1,0.992786893,0.111389187,0.044346747,0.514957939,1.221553059,0.926347066,2,-0.174532925,0.694612,center_box,held_active
12,0.600000000,4,1,0.992786893,0.111389187,0.044346747,0.514957939,1.221553059,0.926347066,2,-0.174532925,0.694612,center_box,held_active
12,0.600000000,5,1,0.992786893,0.111389187,0.044346747,0.514957939,1.221553059,0.926347066,2,-0.174532925,0.694612,center_box,held_active
12,0.600000000,6,1,0.992786893,0.111389187,0.044346747,0.514957939,1.221553059,0.926347066,2,-0.174532925,0.694612,center_box,held_active
12,0.600000000,7,1,0.992786893,0.111389187,0.044346747,0.514957939,1.221553059,0.926347066,2,-0.174532925,0.694612,center_box,held_active
12,0.600000000,8,1,0.992786893,0.111389187,0.044346747,0.514957939,1.221553059,0.926347066,2,-0.174532925,0.694612,center_box,held_active
12,0.600000000,9,1,0.992786893,0.111389187,0.044346747,0.514957939,1.221553059,0.926347066,2,-0.174532925,0.694612,center_box,held_active
12,0.600000000,10,1,0.992786893,0.111389187,0.044346747,0.514957939,1.221553059,0.926347066,2,-0.174532925,0.694612,center_box,held_active
12,0.600000000,11,1,0.992786893,0.111389187,0.044346747,0.514957939,1.221553059,0.926347066,2,-0.174532925,0.694612,center_box,held_active
12,0.600000000,12,1,0.992786893,0.111389187,0.044346747,0.514957939,1.221553059,0.926347066,2,-0.174532925,0.694612,center_box,held_active
12,0.600000000,13,1,0.992786893,0.111389187,0.044346747,0.514957939,1.221553059,0.926347066,2,-0.174532925,0.694612,center_box,held_active
12,0.600000000,14,1,0.992786893,0.111389187,0.044346747,0.514957939,1.221553059,0.926347066,2,-0.174532925,0.694612,center_box,held_active
12,0.600000000,15,1,0.992786893,0.111389187,0.044346747,0.514957939,1.221553059,0.926347066,2,-0.174532925,0.694612,center_box,held_active
12,0.600000000,16,1,0.992786893,0.111389187,0.044346747,0.514957939,1.221553059,0.926347066,2,-0.174532925,0.694612,center_box,held_active
12,0.600000000,17,1,0.992786893,0.111389187,0.044346747,0.514957939,1.221553059,0.926347066,2,-0.174532925,0.694612,center_box,held_active
12,0.600000000,18,1,0.992786893,0.111389187,0.044346747,0.514957939,1.221553059,0.926347066,2,-0.174532925,0.694612,center_box,held_active
12,0.600000000,19,1,0.992786893,0.111389187,0.044346747,0.514957939,1.221553059,0.926347066,2,-0.174532925,0.694612,center_box,held_active
12,0.600000000,20,1,0.992786893,0.111389187,0.044346747,0.514957939,1.221553059,0.926347066,2,-0.174532925,0.694612,center_box,held_active
12,0.600000000,21,1,0.992786893,0.111389187,0.044346747,0.514957939,1.221553059,0.926347066,2,-0.174532925,0.694612,center_box,held_active
12,0.600000000,22,1,0.992786893,0.111389187,0.044346747,0.514957939,1.221553059,0.926347066,2,-0.174532925,0.694612,center_box,held_active
12,0.600000000,23,1,0.992786893,0.111389187,0.044346747,0.514957939,1.221553059,0.926347066,2,-0.174532925,0.694612,center_box,held_active
12,0.600000000,24,1,0.992786893,0.111389187,0.044346747,0.514957939,1.221553059,0.926347066,2,-0.174532925,0.694612,center_box,held_active
13,0.650000000,0,0,,,,,1.221553059,0.926347066,,-0.174532925,0.694612,center_box,held_active
13,0.650000000,1,0,,,,,1.221553059,0.926347066,,-0.174532925,0.694612,center_box,held_active
13,0.650000000,2,0,,,,,1.221553059,0.926347066,,-0.174532925,0.694612,center_box,held_active
13,0.650000000,3,1,0.992786893,0.111389187,0.044346747,0.514957939,1.221553059,0.926347066,2,-0.174532925,0.694612,center_box,held_active
13,0.650000000,4,1,0.992786893,0.111389187,0.044346747,0.514957939,1.221553059,0.926347066,2,-0.174532925,0.694612,center_box,held_active
13,0.650000000,5,1,0.992786893,0.111389187,0.044346747,0.514957939,1.221553059,0.926347066,2,-0.174532925,0.694612,center_box,held_active
13,0.650000000,6,1,0.992786893,0.111389187,0.044346747,0.514957939,1.221553059,0.926347066,2,-0.174532925,0.694612,center_box,held_active
13,0.650000000,7,1,0.992786893,0.111389187,0.044346747,0.514957939,1.221553059,0.926347066,2,-0.174532925,0.694612,center_box,held_active
13,0.650000000,8,1,0.992786893,0.111389187,0.044346747,0.514957939,1.221553059,0.926347066,2,-0.174532925,0.694612,center_box,held_active
13,0.650000000,9,1,0.992786893,0.111389187,0.044346747,0.514957939,1.221553059,0.926347066,2,-0.174532925,0.694612,center_box,held_active
13,0.650000000,10,1,0.992786893,0.111389187,0.044346747,0.514957939,1.221553059,0.926347066,2,-0.174532925,0.694612,center_box,held_active
13,0.650000000,11,1,0.992786893,0.111389187,0.044346747,0.514957939,1.221553059,0.926347066,2,-0.174532925,0.694612,center_box,held_active
13,0.650000000,12,1,0.992786893,0.111389187,0.044346747,0.514957939,1.221553059,0.926347066,2,-0.174532925,0.694612,center_box,held_active
13,0.650000000,13,1,0.992786893,0.111389187,0.044346747,0.514957939,1.221553059,0.926347066,2,-0.174532925,0.694612,center_box,held_active
13,0.650000000,14,1,0.992786893,0.111389187,0.044346747,0.514957939,1.221553059,0.926347066,2,-0.174532925,0.694612,center_box,held_active
13,0.650000000,15,1,0.992786893,0.111389187,0.044346747,0.514957939,1.221553059,0.926347066,2,-0.174532925,0.694612,center_box,held_active
13,0.650000000,16,1,0.992786893,0.111389187,0.044346747,0.514957939,1.221553059,0.926347066,2,-0.174532925,0.694612,center_box,held_active
13,0.650000000,17,1,0.992786893,0.111389187,0.044346747,0.514957939,1.221553059,0.926347066,2,-0.174532925,0.694612,center_box,held_active
13,0.650000000,18,1,0.992786893,0.111389187,0.044346747,0.514957939,1.221553059,0.926347066,2,-0.174532925,0.694612,center_box,held_active
13,0.650000000,19,1,0.992786893,0.111389187,0.044346747,0.514957939,1.221553059,0.926347066,2,-0.174532925,0.694612,center_box,held_active
13,0.650000000,20,1,0.992786893,0.111389187,0.044346747,0.514957939,1.221553059,0.926347066,2,-0.174532925,0.694612,center_box,held_active
13,0.650000000,21,1,0.992786893,0.111389187,0.044346747,0.514957939,1.221553059,0.926347066,2,-0.174532925,0.694612,center_box,held_active
13,0.650000000,22,1,0.992786893,0.111389187,0.044346747,0.514957939,1.221553059,0.926347066,2,-0.174532925,0.694612,center_box,held_active
13,0.650000000,23,1,0.992786893,0.111389187,0.044346747,0.514957939,1.221553059,0.926347066,2,-0.174532925,0.694612,center_box,held_active
13,0.650000000,24,1,0.992786893,0.111389187,0.044346747,0.514957939,1.221553059,0.926347066,2,-0.174532925,0.694612,center_box,held_active
14,0.700000000,0,0,,,,,1.108901774,0.887121419,,-0.349065850,0.722775,center_box,active
14,0.700000000,1,0,,,,,1.108901774,0.887121419,,-0.349065850,0.722775,center_box,active
14,0.700000000,2,0,,,,,1.108901774,0.887121419,,-0.349065850,0.722775,center_box,active
14,0.700000000,3,1,0.961518738,0.241104224,0.131721183,0.644863119,1.108901774,0.887121419,1,-0.349065850,0.722775,center_box,active
14,0.700000000,4,1,0.961518738,0.241104224,0.131721183,0.644863119,1.108901774,0.887121419,1,-0.349065850,0.722775,center_box,active
14,0.700000000,5,1,0.961518738,0.241104224,0.131721183,0.644863119,1.108901774,0.887121419,1,-0.349065850,0.722775,center_box,active
14,0.700000000,6,1,0.961518738,0.241104224,0.131721183,0.644863119,1.108901774,0.887121419,1,-0.349065850,0.722775,center_box,active
14,0.700000000,7,1,0.961518738,0.241104224,0.131721183,0.644863119,1.108901774,0.887121419,1,-0.349065850,0.722775,center_box,active
14,0.700000000,8,1,0.961518738,0.241104224,0.131721183,0.644863119,1.108901774,0.887121419,1,-0.349065850,0.722775,center_box,active
14,0.700000000,9,1,0.961518738,0.241104224,0.131721183,0.644863119,1.108901774,0.887121419,1,-0.349065850,0.722775,center_box,active
14,0.700000000,10,1,0.961518738,0.241104224,0.131721183,0.644863119,1.108901774,0.887121419,1,-0.349065850,0.722775,center_box,active
14,0.700000000,11,1,0.961518738,0.241104224,0.131721183,0.644863119,1.108901774,0.887121419,1,-0.349065850,0.722775,center_box,active
14,0.700000000,12,1,0.961518738,0.241104224,0.131721183,0.644863119,1.108901774,0.887121419,1,-0.349065850,0.722775,center_box,active
14,0.700000000,13,1,0.961518738,0.241104224,0.131721183,0.644863119,1.108901774,0.887121419,1,-0.349065850,0.722775,center_box,active
14,0.700000000,14,1,0.961518738,0.241104224,0.131721183,0.644863119,1.108901774,0.887121419,1,-0.349065850,0.722775,center_box,active
14,0.700000000,15,1,0.961518738,0.241104224,0.131721183,0.644863119,1.108901774,0.887121419,1,-0.349065850,0.722775,center_box,active
14,0.700000000,16,1,0.961518738,0.241104224,0.131721183,0.644863119,1.108901774,0.887121419,1,-0.349065850,0.722775,center_box,active
14,0.700000000,17,1,0.961518738,0.241104224,0.131721183,0.644863119,1.108901774,0.887121419,1,-0.349065850,0.722775,center_box,active
14,0.700000000,18,1,0.961518738,0.241104224,0.131721183,0.644863119,1.108901774,0.887121419,1,-0.349065850,0.722775,center_box,active
14,0.700000000,19,1,0.961518738,0.241104224,0.131721183,0.644863119,1.108901774,0.887121419,1,-0.349065850,0.722775,center_box,active
14,0.700000000,20,1,0.961518738,0.241104224,0.131721183,0.644863119,1.108901774,0.887121419,1,-0.349065850,0.722775,center_box,active
14,0.700000000,21,1,0.961518738,0.241104224,0.131721183,0.644863119,1.108901774,0.887121419,1,-0.349065850,0.722775,center_box,active
14,0.700000000,22,1,0.961518738,0.241104224,0.131721183,0.644863119,1.108901774,0.887121419,1,-0.349065850,0.722775,center_box,active
14,0.700000000,23,1,0.961518738,0.241104224,0.131721183,0.644863119,1.108901774,0.887121419,1,-0.349065850,0.722775,center_box,active
14,0.700000000,24,1,0.961518738,0.241104224,0.131721183,0.644863119,1.108901774,0.887121419,1,-0.349065850,0.722775,center_box,active
15,0.750000000,0,0,,,,,1.089982182,0.871985746,,-0.349065850,0.727504,center_box,active
15,0.750000000,1,0,,,,,1.089982182,0.871985746,,-0.349065850,0.727504,center_box,active
15,0.750000000,2,0,,,,,1.089982182,0.871985746,,-0.349065850,0.727504,center_box,active
15,0.750000000,3,1,0.968473689,0.249019285,0.006936113,0.509508400,1.089982182,0.871985746,1,-0.349065850,0.727504,center_box,active
15,0.750000000,4,1,0.968473689,0.249019285,0.006936113,0.509508400,1.089982182,0.871985746,1,-0.349065850,0.727504,center_box,active
15,0.750000000,5,1,0.968473689,0.249019285,0.006936113,0.509508400,1.089982182,0.871985746,1,-0.349065850,0.727504,center_box,active
15,0.750000000,6,1,0.968473689,0.249019285,0.006936113,0.509508400,1.089982182,0.871985746,1,-0.349065850,0.727504,center_box,active
15,0.750000000,7,1,0.968473689,0.249019285,0.006936113,0.509508400,1.089982182,0.871985746,1,-0.349065850,0.727504,center_box,active
15,0.750000000,8,1,0.968473689,0.249019285,0.006936113,0.509508400,1.089982182,0.871985746,1,-0.349065850,0.727504,center_box,active
15,0.750000000,9,1,0.968473689,0.249019285,0.006936113,0.509508400,1.089982182,0.871985746,1,-0.349065850,0.727504,center_box,active
15,0.750000000,10,1,0.968473689,0.249019285,0.006936113,0.509508400,1.089982182,0.871985746,1,-0.349065850,0.727504,center_box,active
15,0.750000000,11,1,0.968473689,0.249019285,0.006936113,0.509508400,1.089982182,0.871985746,1,-0.349065850,0.727504,center_box,active
15,0.750000000,12,1,0.968473689,0.249019285,0.006936113,0.509508400,1.089982182,0.871985746,1,-0.349065850,0.727504,center_box,active
15,0.750000000,13,1,0.968473689,0.249019285,0.006936113,0.509508400,1.089982182,0.871985746,1,-0.349065850,0.727504,center_box,active
15,0.750000000,14,1,0.968473689,0.249019285,0.006936113,0.509508400,1.089982182,0.871985746,1,-0.349065850,0.727504,center_box,active
15,0.750000000,15,1,0.968473689,0.249019285,0.006936113,0.509508400,1.089982182,0.871985746,1,-0.349065850,0.727504,center_box,active
15,0.750000000,16,1,0.968473689,0.249019285,0.006936113,0.509508400,1.089982182,0.871985746,1,-0.349065850,0.727504,center_box,active
15,0.750000000,17,1,0.968473689,0.249019285,0.006936113,0.509508400,1.089982182,0.871985746,1,-0.349065850,0.727504,center_box,active
15,0.750000000,18,1,0.968473689,0.249019285,0.006936113,0.509508400,1.089982182,0.871985746,1,-0.349065850,0.727504,center_box,active
15,0.750000000,19,1,0.968473689,0.249019285,0.006936113,0.509508400,1.089982182,0.871985746,1,-0.349065850,0.727504,center_box,active
15,0.750000000,20,1,0.968473689,0.249019285,0.006936113,0.509508400,1.089982182,0.871985746,1,-0.349065850,0.727504,center_box,active
15,0.750000000,21,1,0.968473689,0.249019285,0.006936113,0.509508400,1.089982182,0.871985746,1,-0.349065850,0.727504,center_box,active
15,0.750000000,22,1,0.968473689,0.249019285,0.006936113,0.509508400,1.089982182,0.871985746,1,-0.349065850,0.727504,center_box,active
15,0.750000000,23,1,0.968473689,0.249019285,0.006936113,0.509508400,1.089982182,0.871985746,1,-0.349065850,0.727504,center_box,active
15,0.750000000,24,1,0.968473689,0.249019285,0.006936113,0.509508400,1.089982182,0.871985746,1,-0.349065850,0.727504,center_box,active
16,0.800000000,0,0,,,,,1.064227666,0.851382133,,-0.174532925,0.733943,center_box,active
16,0.800000000,1,0,,,,,1.064227666,0.851382133,,-0.174532925,0.733943,center_box,active
16,0.800000000,2,0,,,,,1.064227666,0.851382133,,-0.174532925,0.733943,center_box,active
16,0.800000000,3,1,0.982545098,0.175009628,-0.063061562,0.449825364,1.064227666,0.851382133,2,-0.174532925,0.733943,center_box,active
16,0.800000000,4,1,0.982545098,0.175009628,-0.063061562,0.449825364,1.064227666,0.851382133,2,-0.174532925,0.733943,center_box,active
16,0.800000000,5,1,0.982545098,0.175009628,-0.063061562,0.449825364,1.064227666,0.851382133,2,-0.174532925,0.733943,center_box,active
16,0.800000000,6,1,0.982545098,0.175009628,-0.063061562,0.449825364,1.064227666,0.851382133,2,-0.174532925,0.733943,center_box,active
16,0.800000000,7,1,0.982545098,0.175009628,-0.063061562,0.449825364,1.064227666,0.851382133,2,-0.174532925,0.733943,center_box,active
16,0.800000000,8,1,0.982545098,0.175009628,-0.063061562,0.449825364,1.064227666,0.851382133,2,-0.174532925,0.733943,center_box,active
16,0.800000000,9,1,0.982545098,0.175009628,-0.063061562,0.449825364,1.064227666,0.851382133,2,-0.174532925,0.733943,center_box,active
16,0.800000000,10,1,0.982545098,0.175009628,-0.063061562,0.449825364,1.064227666,0.851382133,2,-0.174532925,0.733943,center_box,active
16,0.800000000,11,1,0.982545098,0.175009628,-0.063061562,0.449825364,1.064227666,0.851382133,2,-0.174532925,0.733943,center_box,active
16,0.800000000,12,1,0.982545098,0.175009628,-0.063061562,0.449825364,1.064227666,0.851382133,2,-0.174532925,0.733943,center_box,active
16,0.800000000,13,1,0.982545098,0.175009628,-0.063061562,0.449825364,1.064227666,0.851382133,2,-0.174532925,0.733943,center_box,active
16,0.800000000,14,1,0.982545098,0.175009628,-0.063061562,0.449825364,1.064227666,0.851382133,2,-0.174532925,0.733943,center_box,active
16,0.800000000,15,1,0.982545098,0.175009628,-0.063061562,0.449825364,1.064227666,0.851382133,2,-0.174532925,0.733943,center_box,active
16,0.800000000,16,1,0.982545098,0.175009628,-0.063061562,0.449825364,1.064227666,0.851382133,2,-0.174532925,0.733943,center_box,active
16,0.800000000,17,1,0.982545098,0.175009628,-0.063061562,0.449825364,1.064227666,0.851382133,2,-0.174532925,0.733943,center_box,active
16,0.800000000,18,1,0.982545098,0.175009628,-0.063061562,0.449825364,1.064227666,0.851382133,2,-0.174532925,0.733943,center_box,active
16,0.800000000,19,1,0.982545098,0.175009628,-0.063061562,0.449825364,1.064227666,0.851382133,2,-0.174532925,0.733943,center_box,active
16,0.800000000,20,1,0.982545098,0.175009628,-0.063061562,0.449825364,1.064227666,0.851382133,2,-0.174532925,0.733943,center_box,active
16,0.800000000,21,1,0.982545098,0.175009628,-0.063061562,0.449825364,1.064227666,0.851382133,2,-0.174532925,0.733943,center_box,active
16,0.800000000,22,1,0.982545098,0.175009628,-0.063061562,0.449825364,1.064227666,0.851382133,2,-0.174532925,0.733943,center_box,active
16,0.800000000,23,1,0.982545098,0.175009628,-0.063061562,0.449825364,1.064227666,0.851382133,2,-0.174532925,0.733943,center_box,active
16,0.800000000,24,1,0.982545098,0.175009628,-0.063061562,0.449825364,1.064227666,0.851382133,2,-0.174532925,0.733943,center_box,active
17,0.850000000,0,0,,,,,1.081714194,0.865371356,,-0.174532925,0.729571,center_box,active
17,0.850000000,1,0,,,,,1.081714194,0.865371356,,-0.174532925,0.729571,center_box,active
17,0.850000000,2,0,,,,,1.081714194,0.865371356,,-0.174532925,0.729571,center_box,active
17,0.850000000,3,1,0.956392431,0.255121722,-0.142219638,0.348037380,1.081714194,0.865371356,2,-0.174532925,0.729571,center_box,active
17,0.850000000,4,1,0.956392431,0.255121722,-0.142219638,0.348037380,1.081714194,0.865371356,2,-0.174532925,0.729571,center_box,active
17,0.850000000,5,1,0.956392431,0.255121722,-0.142219638,0.348037380,1.081714194,0.865371356,2,-0.174532925,0.729571,center_box,active
17,0.850000000,6,1,0.956392431,0.255121722,-0.142219638,0.348037380,1.081714194,0.865371356,2,-0.174532925,0.729571,center_box,active
17,0.850000000,7,1,0.956392431,0.255121722,-0.142219638,0.348037380,1.081714194,0.865371356,2,-0.174532925,0.729571,center_box,active
17,0.850000000,8,1,0.956392431,0.255121722,-0.142219638,0.348037380,1.081714194,0.865371356,2,-0.174532925,0.729571,center_box,active
17,0.850000000,9,1,0.956392431,0.255121722,-0.142219638,0.348037380,1.081714194,0.865371356,2,-0.174532925,0.729571,center_box,active
17,0.850000000,10,1,0.956392431,0.255121722,-0.142219638,0.348037380,1.081714194,0.865371356,2,-0.174532925,0.729571,center_box,active
17,0.850000000,11,1,0.956392431,0.255121722,-0.142219638,0.348037380,1.081714194,0.865371356,2,-0.174532925,0.729571,center_box,active
17,0.850000000,12,1,0.956392431,0.255121722,-0.142219638,0.348037380,1.081714194,0.865371356,2,-0.174532925,0.729571,center_box,active
17,0.850000000,13,1,0.956392431,0.255121722,-0.142219638,0.348037380,1.081714194,0.865371356,2,-0.174532925,0.729571,center_box,active
17,0.850000000,14,1,0.956392431,0.255121722,-0.142219638,0.348037380,1.081714194,0.865371356,2,-0.174532925,0.729571,center_box,active
17,0.850000000,15,1,0.956392431,0.255121722,-0.142219638,0.348037380,1.081714194,0.865371356,2,-0.174532925,0.729571,center_box,active
17,0.850000000,16,1,0.956392431,0.255121722,-0.142219638,0.348037380,1.081714194,0.865371356,2,-0.174532925,0.729571,center_box,active
17,0.850000000,17,1,0.956392431,0.255121722,-0.142219638,0.348037380,1.081714194,0.865371356,2,-0.174532925,0.729571,center_box,active
17,0.850000000,18,1,0.956392431,0.255121722,-0.142219638,0.348037380,1.081714194,0.865371356,2,-0.174532925,0.729571,center_box,active
17,0.850000000,19,1,0.956392431,0.255121722,-0.142219638,0.348037380,1.081714194,0.865371356,2,-0.174532925,0.729571,center_box,active
17,0.850000000,20,1,0.956392431,0.255121722,-0.142219638,0.348037380,1.081714194,0.865371356,2,-0.174532925,0.729571,center_box,active
17,0.850000000,21,1,0.956392431,0.255121722,-0.142219638,0.348037380,1.081714194,0.865371356,2,-0.174532925,0.729571,center_box,active
17,0.850000000,22,1,0.956392431,0.255121722,-0.142219638,0.348037380,1.081714194,0.865371356,2,-0.174532925,0.729571,center_box,active
17,0.850000000,23,1,0.956392431,0.255121722,-0.142219638,0.348037380,1.081714194,0.865371356,2,-0.174532925,0.729571,center_box,active
17,0.850000000,24,1,0.956392431,0.255121722,-0.142219638,0.348037380,1.081714194,0.865371356,2,-0.174532925,0.729571,center_box,active
18,0.900000000,0,0,,,,,1.075655776,0.860524621,,-0.174532925,0.731086,center_box,active
18,0.900000000,1,0,,,,,1.075655776,0.860524621,,-0.174532925,0.731086,center_box,active
18,0.900000000,2,0,,,,,1.075655776,0.860524621,,-0.174532925,0.731086,center_box,active
18,0.900000000,3,1,0.949149118,0.246975349,-0.195241207,0.295933664,1.075655776,0.860524621,2,-0.174532925,0.731086,center_box,active
18,0.900000000,4,1,0.949149118,0.246975349,-0.195241207,0.295933664,1.075655776,0.860524621,2,-0.174532925,0.731086,center_box,active
18,0.900000000,5,1,0.949149118,0.246975349,-0.195241207,0.295933664,1.075655776,0.860524621,2,-0.174532925,0.731086,center_box,active
18,0.900000000,6,1,0.949149118,0.246975349,-0.195241207,0.295933664,1.075655776,0.860524621,2,-0.174532925,0.731086,center_box,active
18,0.900000000,7,1,0.949149118,0.246975349,-0.195241207,0.295933664,1.075655776,0.860524621,2,-0.174532925,0.731086,center_box,active
18,0.900000000,8,1,0.949149118,0.246975349,-0.195241207,0.295933664,1.075655776,0.860524621,2,-0.174532925,0.731086,center_box,active
18,0.900000000,9,1,0.949149118,0.246975349,-0.195241207,0.295933664,1.075655776,0.860524621,2,-0.174532925,0.731086,center_box,active
18,0.900000000,10,1,0.949149118,0.246975349,-0.195241207,0.295933664,1.075655776,0.860524621,2,-0.174532925,0.731086,center_box,active
18,0.900000000,11,1,0.949149118,0.246975349,-0.195241207,0.295933664,1.075655776,0.860524621,2,-0.174532925,0.731086,center_box,active
18,0.900000000,12,1,0.949149118,0.246975349,-0.195241207,0.295933664,1.075655776,0.860524621,2,-0.174532925,0.731086,center_box,active
18,0.900000000,13,1,0.949149118,0.246975349,-0.195241207,0.295933664,1.075655776,0.860524621,2,-0.174532925,0.731086,center_box,active
18,0.900000000,14,1,0.949149118,0.246975349,-0.195241207,0.295933664,1.075655776,0.860524621,2,-0.174532925,0.731086,center_box,active
18,0.900000000,15,1,0.949149118,0.246975349,-0.195241207,0.295933664,1.075655776,0.860524621,2,-0.174532925,0.731086,center_box,active
18,0.900000000,16,1,0.949149118,0.246975349,-0.195241207,0.295933664,1.075655776,0.860524621,2,-0.174532925,0.731086,center_box,active
18,0.900000000,17,1,0.949149118,0.246975349,-0.195241207,0.295933664,1.075655776,0.860524621,2,-0.174532925,0.731086,center_box,active
18,0.900000000,18,1,0.949149118,0.246975349,-0.195241207,0.295933664,1.075655776,0.860524621,2,-0.174532925,0.731086,center_box,active
18,0.900000000,19,1,0.949149118,0.246975349,-0.195241207,0.295933664,1.075655776,0.860524621,2,-0.174532925,0.731086,center_box,active
18,0.900000000,20,1,0.949149118,0.246975349,-0.195241207,0.295933664,1.075655776,0.860524621,2,-0.174532925,0.731086,center_box,active
18,0.900000000,21,1,0.949149118,0.246975349,-0.195241207,0.295933664,1.075655776,0.860524621,2,-0.174532925,0.731086,center_box,active
18,0.900000000,22,1,0.949149118,0.246975349,-0.195241207,0.295933664,1.075655776,0.860524621,2,-0.174532925,0.731086,center_box,active
18,0.900000000,23,1,0.949149118,0.246975349,-0.195241207,0.295933664,1.075655776,0.860524621,2,-0.174532925,0.731086,center_box,active
18,0.900000000,24,1,0.949149118,0.246975349,-0.195241207,0.295933664,1.075655776,0.860524621,2,-0.174532925,0.731086,center_box,active
19,0.950000000,0,0,,,,,1.079266165,0.863412932,,-0.349065850,0.730183,center_box,active
19,0.950000000,1,0,,,,,1.079266165,0.863412932,,-0.349065850,0.730183,center_box,active
19,0.950000000,2,0,,,,,1.079266165,0.863412932,,-0.349065850,0.730183,center_box,active
19,0.950000000,3,1,0.929819871,0.331257856,-0.160322302,0.323077058,1.079266165,0.863412932,1,-0.349065850,0.730183,center_box,active
19,0.950000000,4,1,0.929819871,0.331257856,-0.160322302,0.323077058,1.079266165,0.863412932,1,-0.349065850,0.730183,center_box,active
19,0.950000000,5,1,0.929819871,0.331257856,-0.160322302,0.323077058,1.079266165,0.863412932,1,-0.349065850,0.730183,center_box,active
19,0.950000000,6,1,0.929819871,0.331257856,-0.160322302,0.323077058,1.079266165,0.863412932,1,-0.349065850,0.730183,center_box,active
19,0.950000000,7,1,0.929819871,0.331257856,-0.160322302,0.323077058,1.079266165,0.863412932,1,-0.349065850,0.730183,center_box,active
19,0.950000000,8,1,0.929819871,0.331257856,-0.160322302,0.323077058,1.079266165,0.863412932,1,-0.349065850,0.730183,center_box,active
19,0.950000000,9,1,0.929819871,0.331257856,-0.160322302,0.323077058,1.079266165,0.863412932,1,-0.349065850,0.730183,center_box,active
19,0.950000000,10,1,0.929819871,0.331257856,-0.160322302,0.323077058,1.079266165,0.863412932,1,-0.349065850,0.730183,center_box,active
19,0.950000000,11,1,0.929819871,0.331257856,-0.160322302,0.323077058,1.079266165,0.863412932,1,-0.349065850,0.730183,center_box,active
19,0.950000000,12,1,0.929819871,0.331257856,-0.160322302,0.323077058,1.079266165,0.863412932,1,-0.349065850,0.730183,center_box,active
19,0.950000000,13,1,0.929819871,0.331257856,-0.160322302,0.323077058,1.079266165,0.863412932,1,-0.349065850,0.730183,center_box,active
19,0.950000000,14,1,0.929819871,0.331257856,-0.160322302,0.323077058,1.079266165,0.863412932,1,-0.349065850,0.730183,center_box,active
19,0.950000000,15,1,0.929819871,0.331257856,-0.160322302,0.323077058,1.079266165,0.863412932,1,-0.349065850,0.730183,center_box,active
19,0.950000000,16,1,0.929819871,0.331257856,-0.160322302,0.323077058,1.079266165,0.863412932,1,-0.349065850,0.730183,center_box,active
19,0.950000000,17,1,0.929819871,0.331257856,-0.160322302,0.323077058,1.079266165,0.863412932,1,-0.349065850,0.730183,center_box,active
19,0.950000000,18,1,0.929819871,0.331257856,-0.160322302,0.323077058,1.079266165,0.863412932,1,-0.349065850,0.730183,center_box,active
19,0.950000000,19,1,0.929819871,0.331257856,-0.160322302,0.323077058,1.079266165,0.863412932,1,-0.349065850,0.730183,center_box,active
19,0.950000000,20,1,0.929819871,0.331257856,-0.160322302,0.323077058,1.079266165,0.863412932,1,-0.349065850,0.730183,center_box,active
19,0.950000000,21,1,0.929819871,0.331257856,-0.160322302,0.323077058,1.079266165,0.863412932,1,-0.349065850,0.730183,center_box,active
19,0.950000000,22,1,0.929819871,0.331257856,-0.160322302,0.323077058,1.079266165,0.863412932,1,-0.349065850,0.730183,center_box,active
19,0.950000000,23,1,0.929819871,0.331257856,-0.160322302,0.323077058,1.079266165,0.863412932,1,-0.349065850,0.730183,center_box,active
19,0.950000000,24,1,0.929819871,0.331257856,-0.160322302,0.323077058,1.079266165,0.863412932,1,-0.349065850,0.730183,center_box,active
20,1.000000000,0,0,,,,,1.025049183,0.820039346,,-0.349065850,0.743738,center_box,active
20,1.000000000,1,0,,,,,1.025049183,0.820039346,,-0.349065850,0.743738,center_box,active
20,1.000000000,2,0,,,,,1.025049183,0.820039346,,-0.349065850,0.743738,center_box,active
20,1.000000000,3,1,0.958418920,0.255817678,-0.126453505,0.395532260,1.025049183,0.820039346,1,-0.349065850,0.743738,center_box,active
20,1.000000000,4,1,0.958418920,0.255817678,-0.126453505,0.395532260,1.025049183,0.820039346,1,-0.349065850,0.743738,center_box,active
20,1.000000000,5,1,0.958418920,0.255817678,-0.126453505,0.395532260,1.025049183,0.820039346,1,-0.349065850,0.743738,center_box,active
20,1.000000000,6,1,0.958418920,0.255817678,-0.126453505,0.395532260,1.025049183,0.820039346,1,-0.349065850,0.743738,center_box,active
20,1.000000000,7,1,0.958418920,0.255817678,-0.126453505,0.395532260,1.025049183,0.820039346,1,-0.349065850,0.743738,center_box,active
20,1.000000000,8,1,0.958418920,0.255817678,-0.126453505,0.395532260,1.025049183,0.820039346,1,-0.349065850,0.743738,center_box,active
20,1.000000000,9,1,0.958418920,0.255817678,-0.126453505,0.395532260,1.025049183,0.820039346,1,-0.349065850,0.743738,center_box,active
20,1.000000000,10,1,0.958418920,0.255817678,-0.126453505,0.395532260,1.025049183,0.820039346,1,-0.349065850,0.743738,center_box,active
20,1.000000000,11,1,0.958418920,0.255817678,-0.126453505,0.395532260,1.025049183,0.820039346,1,-0.349065850,0.743738,center_box,active
20,1.000000000,12,1,0.958418920,0.255817678,-0.126453505,0.395532260,1.025049183,0.820039346,1,-0.349065850,0.743738,center_box,active
20,1.000000000,13,1,0.958418920,0.255817678,-0.126453505,0.395532260,1.025049183,0.820039346,1,-0.349065850,0.743738,center_box,active
20,1.000000000,14,1,0.958418920,0.255817678,-0.126453505,0.395532260,1.025049183,0.820039346,1,-0.349065850,0.743738,center_box,active
20,1.000000000,15,1,0.958418920,0.255817678,-0.126453505,0.395532260,1.025049183,0.820039346,1,-0.349065850,0.743738,center_box,active
20,1.000000000,16,1,0.958418920,0.255817678,-0.126453505,0.395532260,1.025049183,0.820039346,1,-0.349065850,0.743738,center_box,active
20,1.000000000,17,1,0.958418920,0.255817678,-0.126453505,0.395532260,1.025049183,0.820039346,1,-0.349065850,0.743738,center_box,active
20,1.000000000,18,1,0.958418920,0.255817678,-0.126453505,0.395532260,1.025049183,0.820039346,1,-0.349065850,0.743738,center_box,active
20,1.000000000,19,1,0.958418920,0.255817678,-0.126453505,0.395532260,1.025049183,0.820039346,1,-0.349065850,0.743738,center_box,active
20,1.000000000,20,1,0.958418920,0.255817678,-0.126453505,0.395532260,1.025049183,0.820039346,1,-0.349065850,0.743738,center_box,active
20,1.000000000,21,1,0.958418920,0.255817678,-0.126453505,0.395532260,1.025049183,0.820039346,1,-0.349065850,0.743738,center_box,active
20,1.000000000,22,1,0.958418920,0.255817678,-0.126453505,0.395532260,1.025049183,0.820039346,1,-0.349065850,0.743738,center_box,active
20,1.000000000,23,1,0.958418920,0.255817678,-0.126453505,0.395532260,1.025049183,0.820039346,1,-0.349065850,0.743738,center_box,active
20,1.000000000,24,1,0.958418920,0.255817678,-0.126453505,0.395532260,1.025049183,0.820039346,1,-0.349065850,0.743738,center_box,active
21,1.050000000,0,0,,,,,1.009624105,0.807699284,,-0.349065850,0.747594,center_box,active
21,1.050000000,1,0,,,,,1.009624105,0.807699284,,-0.349065850,0.747594,center_box,active
21,1.050000000,2,0,,,,,1.009624105,0.807699284,,-0.349065850,0.747594,center_box,active
21,1.050000000,3,1,0.948999260,0.266128218,-0.169044891,0.359121441,1.009624105,0.807699284,1,-0.349065850,0.747594,center_box,active
21,1.050000000,4,1,0.948999260,0.266128218,-0.169044891,0.359121441,1.009624105,0.807699284,1,-0.349065850,0.747594,center_box,active
21,1.050000000,5,1,0.948999260,0.266128218,-0.169044891,0.359121441,1.009624105,0.807699284,1,-0.349065850,0.747594,center_box,active
21,1.050000000,6,1,0.948999260,0.266128218,-0.169044891,0.359121441,1.009624105,0.807699284,1,-0.349065850,0.747594,center_box,active
21,1.050000000,7,1,0.948999260,0.266128218,-0.169044891,0.359121441,1.009624105,0.807699284,1,-0.349065850,0.747594,center_box,active
21,1.050000000,8,1,0.948999260,0.266128218,-0.169044891,0.359121441,1.009624105,0.807699284,1,-0.349065850,0.747594,center_box,active
21,1.050000000,9,1,0.948999260,0.266128218,-0.169044891,0.359121441,1.009624105,0.807699284,1,-0.349065850,0.747594,center_box,active
21,1.050000000,10,1,0.948999260,0.266128218,-0.169044891,0.359121441,1.009624105,0.807699284,1,-0.349065850,0.747594,center_box,active
21,1.050000000,11,1,0.948999260,0.266128218,-0.169044891,0.359121441,1.009624105,0.807699284,1,-0.349065850,0.747594,center_box,active
21,1.050000000,12,1,0.948999260,0.266128218,-0.169044891,0.359121441,1.009624105,0.807699284,1,-0.349065850,0.747594,center_box,active
21,1.050000000,13,1,0.948999260,0.266128218,-0.169044891,0.359121441,1.009624105,0.807699284,1,-0.349065850,0.747594,center_box,active
21,1.050000000,14,1,0.948999260,0.266128218,-0.169044891,0.359121441,1.009624105,0.807699284,1,-0.349065850,0.747594,center_box,active
21,1.050000000,15,1,0.948999260,0.266128218,-0.169044891,0.359121441,1.009624105,0.807699284,1,-0.349065850,0.747594,center_box,active
21,1.050000000,16,1,0.948999260,0.266128218,-0.169044891,0.359121441,1.009624105,0.807699284,1,-0.349065850,0.747594,center_box,active
21,1.050000000,17,1,0.948999260,0.266128218,-0.169044891,0.359121441,1.009624105,0.807699284,1,-0.349065850,0.747594,center_box,active
21,1.050000000,18,1,0.948999260,0.266128218,-0.169044891,0.359121441,1.009624105,0.807699284,1,-0.349065850,0.747594,center_box,active
21,1.050000000,19,1,0.948999260,0.266128218,-0.169044891,0.359121441,1.009624105,0.807699284,1,-0.349065850,0.747594,center_box,active
21,1.050000000,20,1,0.948999260,0.266128218,-0.169044891,0.359121441,1.009624105,0.807699284,1,-0.349065850,0.747594,center_box,active
21,1.050000000,21,1,0.948999260,0.266128218,-0.169044891,0.359121441,1.009624105,0.807699284,1,-0.349065850,0.747594,center_box,active
21,1.050000000,22,1,0.948999260,0.266128218,-0.169044891,0.359121441,1.009624105,0.807699284,1,-0.349065850,0.747594,center_box,active
21,1.050000000,23,1,0.948999260,0.266128218,-0.169044891,0.359121441,1.009624105,0.807699284,1,-0.349065850,0.747594,center_box,active
21,1.050000000,24,1,0.948999260,0.266128218,-0.169044891,0.359121441,1.009624105,0.807699284,1,-0.349065850,0.747594,center_box,active
22,1.100000000,0,0,,,,,1.016243518,0.812994814,,-0.349065850,0.745939,center_box,active
22,1.100000000,1,0,,,,,1.016243518,0.812994814,,-0.349065850,0.745939,center_box,active
22,1.100000000,2,0,,,,,1.016243518,0.812994814,,-0.349065850,0.745939,center_box,active
22,1.100000000,3,1,0.915052175,0.362712415,-0.176406406,0.337407043,1.016243518,0.812994814,1,-0.349065850,0.745939,center_box,active
22,1.100000000,4,1,0.915052175,0.362712415,-0.176406406,0.337407043,1.016243518,0.812994814,1,-0.349065850,0.745939,center_box,active
22,1.100000000,5,1,0.915052175,0.362712415,-0.176406406,0.337407043,1.016243518,0.812994814,1,-0.349065850,0.745939,center_box,active
22,1.100000000,6,1,0.915052175,0.362712415,-0.176406406,0.337407043,1.016243518,0.812994814,1,-0.349065850,0.745939,center_box,active
22,1.100000000,7,1,0.915052175,0.362712415,-0.176406406,0.337407043,1.016243518,0.812994814,1,-0.349065850,0.745939,center_box,active
22,1.100000000,8,1,0.915052175,0.362712415,-0.176406406,0.337407043,1.016243518,0.812994814,1,-0.349065850,0.745939,center_box,active
22,1.100000000,9,1,0.915052175,0.362712415,-0.176406406,0.337407043,1.016243518,0.812994814,1,-0.349065850,0.745939,center_box,active
22,1.100000000,10,1,0.915052175,0.362712415,-0.176406406,0.337407043,1.016243518,0.812994814,1,-0.349065850,0.745939,center_box,active
22,1.100000000,11,1,0.915052175,0.362712415,-0.176406406,0.337407043,1.016243518,0.812994814,1,-0.349065850,0.745939,center_box,active
22,1.100000000,12,1,0.915052175,0.362712415,-0.176406406,0.337407043,1.016243518,0.812994814,1,-0.349065850,0.745939,center_box,active
22,1.100000000,13,1,0.915052175,0.362712415,-0.176406406,0.337407043,1.016243518,0.812994814,1,-0.349065850,0.745939,center_box,active
22,1.100000000,14,1,0.915052175,0.362712415,-0.176406406,0.337407043,1.016243518,0.812994814,1,-0.349065850,0.745939,center_box,active
22,1.100000000,15,1,0.915052175,0.362712415,-0.176406406,0.337407043,1.016243518,0.812994814,1,-0.349065850,0.745939,center_box,active
22,1.100000000,16,1,0.915052175,0.362712415,-0.176406406,0.337407043,1.016243518,0.812994814,1,-0.349065850,0.745939,center_box,active
22,1.100000000,17,1,0.915052175,0.362712415,-0.176406406,0.337407043,1.016243518,0.812994814,1,-0.349065850,0.745939,center_box,active
22,1.100000000,18,1,0.915052175,0.362712415,-0.176406406,0.337407043,1.016243518,0.812994814,1,-0.349065850,0.745939,center_box,active
22,1.100000000,19,1,0.915052175,0.362712415,-0.176406406,0.337407043,1.016243518,0.812994814,1,-0.349065850,0.745939,center_box,active
22,1.100000000,20,1,0.915052175,0.362712415,-0.176406406,0.337407043,1.016243518,0.812994814,1,-0.349065850,0.745939,center_box,active
22,1.100000000,21,1,0.915052175,0.362712415,-0.176406406,0.337407043,1.016243518,0.812994814,1,-0.349065850,0.745939,center_box,active
22,1.100000000,22,1,0.915052175,0.362712415,-0.176406406,0.337407043,1.016243518,0.812994814,1,-0.349065850,0.745939,center_box,active
22,1.100000000,23,1,0.915052175,0.362712415,-0.176406406,0.337407043,1.016243518,0.812994814,1,-0.349065850,0.745939,center_box,active
22,1.100000000,24,1,0.915052175,0.362712415,-0.176406406,0.337407043,1.016243518,0.812994814,1,-0.349065850,0.745939,center_box,active
23,1.150000000,0,0,,,,,0.941846872,0.753477497,,-0.174532925,0.764538,center_box,active
23,1.150000000,1,0,,,,,0.941846872,0.753477497,,-0.174532925,0.764538,center_box,active
23,1.150000000,2,0,,,,,0.941846872,0.753477497,,-0.174532925,0.764538,center_box,active
23,1.150000000,3,1,0.952931902,0.287033435,-0.097635019,0.475709912,0.941846872,0.753477497,2,-0.174532925,0.764538,center_box,active
23,1.150000000,4,1,0.952931902,0.287033435,-0.097635019,0.475709912,0.941846872,0.753477497,2,-0.174532925,0.764538,center_box,active
23,1.150000000,5,1,0.952931902,0.287033435,-0.097635019,0.475709912,0.941846872,0.753477497,2,-0.174532925,0.764538,center_box,active
23,1.150000000,6,1,0.952931902,0.287033435,-0.097635019,0.475709912,0.941846872,0.753477497,2,-0.174532925,0.764538,center_box,active
23,1.150000000,7,1,0.952931902,0.287033435,-0.097635019,0.475709912,0.941846872,0.753477497,2,-0.174532925,0.764538,center_box,active
23,1.150000000,8,1,0.952931902,0.287033435,-0.097635019,0.475709912,0.941846872,0.753477497,2,-0.174532925,0.764538,center_box,active
23,1.150000000,9,1,0.952931902,0.287033435,-0.097635019,0.475709912,0.941846872,0.753477497,2,-0.174532925,0.764538,center_box,active
23,1.150000000,10,1,0.952931902,0.287033435,-0.097635019,0.475709912,0.941846872,0.753477497,2,-0.174532925,0.764538,center_box,active
23,1.150000000,11,1,0.952931902,0.287033435,-0.097635019,0.475709912,0.941846872,0.753477497,2,-0.174532925,0.764538,center_box,active
23,1.150000000,12,1,0.952931902,0.287033435,-0.097635019,0.475709912,0.941846872,0.753477497,2,-0.174532925,0.764538,center_box,active
23,1.150000000,13,1,0.952931902,0.287033435,-0.097635019,0.475709912,0.941846872,0.753477497,2,-0.174532925,0.764538,center_box,active
23,1.150000000,14,1,0.952931902,0.287033435,-0.097635019,0.475709912,0.941846872,0.753477497,2,-0.174532925,0.764538,center_box,active
23,1.150000000,15,1,0.952931902,0.287033435,-0.097635019,0.475709912,0.941846872,0.753477497,2,-0.174532925,0.764538,center_box,active
23,1.150000000,16,1,0.952931902,0.287033435,-0.097635019,0.475709912,0.941846872,0.753477497,2,-0.174532925,0.764538,center_box,active
23,1.150000000,17,1,0.952931902,0.287033435,-0.097635019,0.475709912,0.941846872,0.753477497,2,-0.174532925,0.764538,center_box,active
23,1.150000000,18,1,0.952931902,0.287033435,-0.097635019,0.475709912,0.941846872,0.753477497,2,-0.174532925,0.764538,center_box,active
23,1.150000000,19,1,0.952931902,0.287033435,-0.097635019,0.475709912,0.941846872,0.753477497,2,-0.174532925,0.764538,center_box,active
23,1.150000000,20,1,0.952931902,0.287033435,-0.097635019,0.475709912,0.941846872,0.753477497,2,-0.174532925,0.764538,center_box,active
23,1.150000000,21,1,0.952931902,0.287033435,-0.097635019,0.475709912,0.941846872,0.753477497,2,-0.174532925,0.764538,center_box,active
23,1.150000000,22,1,0.952931902,0.287033435,-0.097635019,0.475709912,0.941846872,0.753477497,2,-0.174532925,0.764538,center_box,active
23,1.150000000,23,1,0.952931902,0.287033435,-0.097635019,0.475709912,0.941846872,0.753477497,2,-0.174532925,0.764538,center_box,active
23,1.150000000,24,1,0.952931902,0.287033435,-0.097635019,0.475709912,0.941846872,0.753477497,2,-0.174532925,0.764538,center_box,active
24,1.200000000,0,0,,,,,0.898862132,0.719089706,,-0.174532925,0.775284,center_box,active
24,1.200000000,1,0,,,,,0.898862132,0.719089706,,-0.174532925,0.775284,center_box,active
24,1.200000000,2,0,,,,,0.898862132,0.719089706,,-0.174532925,0.775284,center_box,active
24,1.200000000,3,1,0.959299466,0.282295149,0.007347334,0.621225098,0.898862132,0.719089706,2,-0.174532925,0.775284,center_box,active
24,1.200000000,4,1,0.959299466,0.282295149,0.007347334,0.621225098,0.898862132,0.719089706,2,-0.174532925,0.775284,center_box,active
24,1.200000000,5,1,0.959299466,0.282295149,0.007347334,0.621225098,0.898862132,0.719089706,2,-0.174532925,0.775284,center_box,active
24,1.200000000,6,1,0.959299466,0.282295149,0.007347334,0.621225098,0.898862132,0.719089706,2,-0.174532925,0.775284,center_box,active
24,1.200000000,7,1,0.959299466,0.282295149,0.007347334,0.621225098,0.898862132,0.719089706,2,-0.174532925,0.775284,center_box,active
24,1.200000000,8,1,0.959299466,0.282295149,0.007347334,0.621225098,0.898862132,0.719089706,2,-0.174532925,0.775284,center_box,active
24,1.200000000,9,1,0.959299466,0.282295149,0.007347334,0.621225098,0.898862132,0.719089706,2,-0.174532925,0.775284,center_box,active
24,1.200000000,10,1,0.959299466,0.282295149,0.007347334,0.621225098,0.898862132,0.719089706,2,-0.174532925,0.775284,center_box,active
24,1.200000000,11,1,0.959299466,0.282295149,0.007347334,0.621225098,0.898862132,0.719089706,2,-0.174532925,0.775284,center_box,active
24,1.200000000,12,1,0.959299466,0.282295149,0.007347334,0.621225098,0.898862132,0.719089706,2,-0.174532925,0.775284,center_box,active
24,1.200000000,13,1,0.959299466,0.282295149,0.007347334,0.621225098,0.898862132,0.719089706,2,-0.174532925,0.775284,center_box,active
24,1.200000000,14,1,0.959299466,0.282295149,0.007347334,0.621225098,0.898862132,0.719089706,2,-0.174532925,0.775284,center_box,active
24,1.200000000,15,1,0.959299466,0.282295149,0.007347334,0.621225098,0.898862132,0.719089706,2,-0.174532925,0.775284,center_box,active
24,1.200000000,16,1,0.959299466,0.282295149,0.007347334,0.621225098,0.898862132,0.719089706,2,-0.174532925,0.775284,center_box,active
24,1.200000000,17,1,0.959299466,0.282295149,0.007347334,0.621225098,0.898862132,0.719089706,2,-0.174532925,0.775284,center_box,active
24,1.200000000,18,1,0.959299466,0.282295149,0.007347334,0.621225098,0.898862132,0.719089706,2,-0.174532925,0.775284,center_box,active
24,1.200000000,19,1,0.959299466,0.282295149,0.007347334,0.621225098,0.898862132,0.719089706,2,-0.174532925,0.775284,center_box,active
24,1.200000000,20,1,0.959299466,0.282295149,0.007347334,0.621225098,0.898862132,0.719089706,2,-0.174532925,0.775284,center_box,active
24,1.200000000,21,1,0.959299466,0.282295149,0.007347334,0.621225098,0.898862132,0.719089706,2,-0.174532925,0.775284,center_box,active
24,1.200000000,22,1,0.959299466,0.282295149,0.007347334,0.621225098,0.898862132,0.719089706,2,-0.174532925,0.775284,center_box,active
24,1.200000000,23,1,0.959299466,0.282295149,0.007347334,0.621225098,0.898862132,0.719089706,2,-0.174532925,0.775284,center_box,active
24,1.200000000,24,1,0.959299466,0.282295149,0.007347334,0.621225098,0.898862132,0.719089706,2,-0.174532925,0.775284,center_box,active
25,1.250000000,0,0,,,,,0.887951755,0.710361404,,-0.349065850,0.778012,center_box,active
25,1.250000000,1,0,,,,,0.887951755,0.710361404,,-0.349065850,0.778012,center_box,active
25,1.250000000,2,0,,,,,0.887951755,0.710361404,,-0.349065850,0.778012,center_box,active
25,1.250000000,3,1,0.930545015,0.360952719,0.061636917,0.674589264,0.887951755,0.710361404,1,-0.349065850,0.778012,center_box,active
25,1.250000000,4,1,0.930545015,0.360952719,0.061636917,0.674589264,0.887951755,0.710361404,1,-0.349065850,0.778012,center_box,active
25,1.250000000,5,1,0.930545015,0.360952719,0.061636917,0.674589264,0.887951755,0.710361404,1,-0.349065850,0.778012,center_box,active
25,1.250000000,6,1,0.930545015,0.360952719,0.061636917,0.674589264,0.887951755,0.710361404,1,-0.349065850,0.778012,center_box,active
25,1.250000000,7,1,0.930545015,0.360952719,0.061636917,0.674589264,0.887951755,0.710361404,1,-0.349065850,0.778012,center_box,active
25,1.250000000,8,1,0.930545015,0.360952719,0.061636917,0.674589264,0.887951755,0.710361404,1,-0.349065850,0.778012,center_box,active
25,1.250000000,9,1,0.930545015,0.360952719,0.061636917,0.674589264,0.887951755,0.710361404,1,-0.349065850,0.778012,center_box,active
25,1.250000000,10,1,0.930545015,0.360952719,0.061636917,0.674589264,0.887951755,0.710361404,1,-0.349065850,0.778012,center_box,active
25,1.250000000,11,1,0.930545015,0.360952719,0.061636917,0.674589264,0.887951755,0.710361404,1,-0.349065850,0.778012,center_box,active
25,1.250000000,12,1,0.930545015,0.360952719,0.061636917,0.674589264,0.887951755,0.710361404,1,-0.349065850,0.778012,center_box,active
25,1.250000000,13,1,0.930545015,0.360952719,0.061636917,0.674589264,0.887951755,0.710361404,1,-0.349065850,0.778012,center_box,active
25,1.250000000,14,1,0.930545015,0.360952719,0.061636917,0.674589264,0.887951755,0.710361404,1,-0.349065850,0.778012,center_box,active
25,1.250000000,15,1,0.930545015,0.360952719,0.061636917,0.674589264,0.887951755,0.710361404,1,-0.349065850,0.778012,center_box,active
25,1.250000000,16,1,0.930545015,0.360952719,0.061636917,0.674589264,0.887951755,0.710361404,1,-0.349065850,0.778012,center_box,active
25,1.250000000,17,1,0.930545015,0.360952719,0.061636917,0.674589264,0.887951755,0.710361404,1,-0.349065850,0.778012,center_box,active
25,1.250000000,18,1,0.930545015,0.360952719,0.061636917,0.674589264,0.887951755,0.710361404,1,-0.349065850,0.778012,center_box,active
25,1.250000000,19,1,0.930545015,0.360952719,0.061636917,0.674589264,0.887951755,0.710361404,1,-0.349065850,0.778012,center_box,active
25,1.250000000,20,1,0.930545015,0.360952719,0.061636917,0.674589264,0.887951755,0.710361404,1,-0.349065850,0.778012,center_box,active
25,1.250000000,21,1,0.930545015,0.360952719,0.061636917,0.674589264,0.887951755,0.710361404,1,-0.349065850,0.778012,center_box,active
25,1.250000000,22,1,0.930545015,0.360952719,0.061636917,0.674589264,0.887951755,0.710361404,1,-0.349065850,0.778012,center_box,active
25,1.250000000,23,1,0.930545015,0.360952719,0.061636917,0.674589264,0.887951755,0.710361404,1,-0.349065850,0.778012,center_box,active
25,1.250000000,24,1,0.930545015,0.360952719,0.061636917,0.674589264,0.887951755,0.710361404,1,-0.349065850,0.778012,center_box,active
26,1.300000000,0,0,,,,,0.827001894,0.661601515,,-0.349065850,0.793250,center_box,active
26,1.300000000,1,0,,,,,0.827001894,0.661601515,,-0.349065850,0.793250,center_box,active
26,1.300000000,2,0,,,,,0.827001894,0.661601515,,-0.349065850,0.793250,center_box,active
26,1.300000000,3,1,0.956280437,0.292451207,0.000134137,0.656120936,0.827001894,0.661601515,1,-0.349065850,0.793250,center_box,active
26,1.300000000,4,1,0.956280437,0.292451207,0.000134137,0.656120936,0.827001894,0.661601515,1,-0.349065850,0.793250,center_box,active
26,1.300000000,5,1,0.956280437,0.292451207,0.000134137,0.656120936,0.827001894,0.661601515,1,-0.349065850,0.793250,center_box,active
26,1.300000000,6,1,0.956280437,0.292451207,0.000134137,0.656120936,0.827001894,0.661601515,1,-0.349065850,0.793250,center_box,active
26,1.300000000,7,1,0.956280437,0.292451207,0.000134137,0.656120936,0.827001894,0.661601515,1,-0.349065850,0.793250,center_box,active
26,1.300000000,8,1,0.956280437,0.292451207,0.000134137,0.656120936,0.827001894,0.661601515,1,-0.349065850,0.793250,center_box,active
26,1.300000000,9,1,0.956280437,0.292451207,0.000134137,0.656120936,0.827001894,0.661601515,1,-0.349065850,0.793250,center_box,active
26,1.300000000,10,1,0.956280437,0.292451207,0.000134137,0.656120936,0.827001894,0.661601515,1,-0.349065850,0.793250,center_box,active
26,1.300000000,11,1,0.956280437,0.292451207,0.000134137,0.656120936,0.827001894,0.661601515,1,-0.349065850,0.793250,center_box,active
26,1.300000000,12,1,0.956280437,0.292451207,0.000134137,0.656120936,0.827001894,0.661601515,1,-0.349065850,0.793250,center_box,active
26,1.300000000,13,1,0.956280437,0.292451207,0.000134137,0.656120936,0.827001894,0.661601515,1,-0.349065850,0.793250,center_box,active
26,1.300000000,14,1,0.956280437,0.292451207,0.000134137,0.656120936,0.827001894,0.661601515,1,-0.349065850,0.793250,center_box,active
26,1.300000000,15,1,0.956280437,0.292451207,0.000134137,0.656120936,0.827001894,0.661601515,1,-0.349065850,0.793250,center_box,active
26,1.300000000,16,1,0.956280437,0.292451207,0.000134137,0.656120936,0.827001894,0.661601515,1,-0.349065850,0.793250,center_box,active
26,1.300000000,17,1,0.956280437,0.292451207,0.000134137,0.656120936,0.827001894,0.661601515,1,-0.349065850,0.793250,center_box,active
26,1.300000000,18,1,0.956280437,0.292451207,0.000134137,0.656120936,0.827001894,0.661601515,1,-0.349065850,0.793250,center_box,active
26,1.300000000,19,1,0.956280437,0.292451207,0.000134137,0.656120936,0.827001894,0.661601515,1,-0.349065850,0.793250,center_box,active
26,1.300000000,20,1,0.956280437,0.292451207,0.000134137,0.656120936,0.827001894,0.661601515,1,-0.349065850,0.793250,center_box,active
26,1.300000000,21,1,0.956280437,0.292451207,0.000134137,0.656120936,0.827001894,0.661601515,1,-0.349065850,0.793250,center_box,active
26,1.300000000,22,1,0.956280437,0.292451207,0.000134137,0.656120936,0.827001894,0.661601515,1,-0.349065850,0.793250,center_box,active
26,1.300000000,23,1,0.956280437,0.292451207,0.000134137,0.656120936,0.827001894,0.661601515,1,-0.349065850,0.793250,center_box,active
26,1.300000000,24,1,0.956280437,0.292451207,0.000134137,0.656120936,0.827001894,0.661601515,1,-0.349065850,0.793250,center_box,active
27,1.350000000,0,0,,,,,0.829531425,0.663625140,,-0.349065850,0.792617,center_box,active
27,1.350000000,1,0,,,,,0.829531425,0.663625140,,-0.349065850,0.792617,center_box,active
27,1.350000000,2,0,,,,,0.829531425,0.663625140,,-0.349065850,0.792617,center_box,active
27,1.350000000,3,1,0.950526745,0.307240438,-0.045849982,0.626522923,0.829531425,0.663625140,1,-0.349065850,0.792617,center_box,active
27,1.350000000,4,1,0.950526745,0.307240438,-0.045849982,0.626522923,0.829531425,0.663625140,1,-0.349065850,0.792617,center_box,active
27,1.350000000,5,1,0.950526745,0.307240438,-0.045849982,0.626522923,0.829531425,0.663625140,1,-0.349065850,0.792617,center_box,active
27,1.350000000,6,1,0.950526745,0.307240438,-0.045849982,0.626522923,0.829531425,0.663625140,1,-0.349065850,0.792617,center_box,active
27,1.350000000,7,1,0.950526745,0.307240438,-0.045849982,0.626522923,0.829531425,0.663625140,1,-0.349065850,0.792617,center_box,active
27,1.350000000,8,1,0.950526745,0.307240438,-0.045849982,0.626522923,0.829531425,0.663625140,1,-0.349065850,0.792617,center_box,active
27,1.350000000,9,1,0.950526745,0.307240438,-0.045849982,0.626522923,0.829531425,0.663625140,1,-0.349065850,0.792617,center_box,active
27,1.350000000,10,1,0.950526745,0.307240438,-0.045849982,0.626522923,0.829531425,0.663625140,1,-0.349065850,0.792617,center_box,active
27,1.350000000,11,1,0.950526745,0.307240438,-0.045849982,0.626522923,0.829531425,0.663625140,1,-0.349065850,0.792617,center_box,active
27,1.350000000,12,1,0.950526745,0.307240438,-0.045849982,0.626522923,0.829531425,0.663625140,1,-0.349065850,0.792617,center_box,active
27,1.350000000,13,1,0.950526745,0.307240438,-0.045849982,0.626522923,0.829531425,0.663625140,1,-0.349065850,0.792617,center_box,active
27,1.350000000,14,1,0.950526745,0.307240438,-0.045849982,0.626522923,0.829531425,0.663625140,1,-0.349065850,0.792617,center_box,active
27,1.350000000,15,1,0.950526745,0.307240438,-0.045849982,0.626522923,0.829531425,0.663625140,1,-0.349065850,0.792617,center_box,active
27,1.350000000,16,1,0.950526745,0.307240438,-0.045849982,0.626522923,0.829531425,0.663625140,1,-0.349065850,0.792617,center_box,active
27,1.350000000,17,1,0.950526745,0.307240438,-0.045849982,0.626522923,0.829531425,0.663625140,1,-0.349065850,0.792617,center_box,active
27,1.350000000,18,1,0.950526745,0.307240438,-0.045849982,0.626522923,0.829531425,0.663625140,1,-0.349065850,0.792617,center_box,active
27,1.350000000,19,1,0.950526745,0.307240438,-0.045849982,0.626522923,0.829531425,0.663625140,1,-0.349065850,0.792617,center_box,active
27,1.350000000,20,1,0.950526745,0.307240438,-0.045849982,0.626522923,0.829531425,0.663625140,1,-0.349065850,0.792617,center_box,active
27,1.350000000,21,1,0.950526745,0.307240438,-0.045849982,0.626522923,0.829531425,0.663625140,1,-0.349065850,0.792617,center_box,active
27,1.350000000,22,1,0.950526745,0.307240438,-0.045849982,0.626522923,0.829531425,0.663625140,1,-0.349065850,0.792617,center_box,active
27,1.350000000,23,1,0.950526745,0.307240438,-0.045849982,0.626522923,0.829531425,0.663625140,1,-0.349065850,0.792617,center_box,active
27,1.350000000,24,1,0.950526745,0.307240438,-0.045849982,0.626522923,0.829531425,0.663625140,1,-0.349065850,0.792617,center_box,active
28,1.400000000,0,0,,,,,0.773179334,0.618543467,,-0.349065850,0.806705,center_box,active
28,1.400000000,1,0,,,,,0.773179334,0.618543467,,-0.349065850,0.806705,center_box,active
28,1.400000000,2,0,,,,,0.773179334,0.618543467,,-0.349065850,0.806705,center_box,active
28,1.400000000,3,1,0.930968017,0.364970381,0.009755635,0.677652923,0.773179334,0.618543467,1,-0.349065850,0.806705,center_box,active
28,1.400000000,4,1,0.930968017,0.364970381,0.009755635,0.677652923,0.773179334,0.618543467,1,-0.349065850,0.806705,center_box,active
28,1.400000000,5,1,0.930968017,0.364970381,0.009755635,0.677652923,0.773179334,0.618543467,1,-0.349065850,0.806705,center_box,active
28,1.400000000,6,1,0.930968017,0.364970381,0.009755635,0.677652923,0.773179334,0.618543467,1,-0.349065850,0.806705,center_box,active
28,1.400000000,7,1,0.930968017,0.364970381,0.009755635,0.677652923,0.773179334,0.618543467,1,-0.349065850,0.806705,center_box,active
28,1.400000000,8,1,0.930968017,0.364970381,0.009755635,0.677652923,0.773179334,0.618543467,1,-0.349065850,0.806705,center_box,active
28,1.400000000,9,1,0.930968017,0.364970381,0.009755635,0.677652923,0.773179334,0.618543467,1,-0.349065850,0.806705,center_box,active
28,1.400000000,10,1,0.930968017,0.364970381,0.009755635,0.677652923,0.773179334,0.618543467,1,-0.349065850,0.806705,center_box,active
28,1.400000000,11,1,0.930968017,0.364970381,0.009755635,0.677652923,0.773179334,0.618543467,1,-0.349065850,0.806705,center_box,active
28,1.400000000,12,1,0.930968017,0.364970381,0.009755635,0.677652923,0.773179334,0.618543467,1,-0.349065850,0.806705,center_box,active
28,1.400000000,13,1,0.930968017,0.364970381,0.009755635,0.677652923,0.773179334,0.618543467,1,-0.349065850,0.806705,center_box,active
28,1.400000000,14,1,0.930968017,0.364970381,0.009755635,0.677652923,0.773179334,0.618543467,1,-0.349065850,0.806705,center_box,active
28,1.400000000,15,1,0.930968017,0.364970381,0.009755635,0.677652923,0.773179334,0.618543467,1,-0.349065850,0.806705,center_box,active
28,1.400000000,16,1,0.930968017,0.364970381,0.009755635,0.677652923,0.773179334,0.618543467,1,-0.349065850,0.806705,center_box,active
28,1.400000000,17,1,0.930968017,0.364970381,0.009755635,0.677652923,0.773179334,0.618543467,1,-0.349065850,0.806705,center_box,active
28,1.400000000,18,1,0.930968017,0.364970381,0.009755635,0.677652923,0.773179334,0.618543467,1,-0.349065850,0.806705,center_box,active
28,1.400000000,19,1,0.930968017,0.364970381,0.009755635,0.677652923,0.773179334,0.618543467,1,-0.349065850,0.806705,center_box,active
28,1.400000000,20,1,0.930968017,0.364970381,0.009755635,0.677652923,0.773179334,0.618543467,1,-0.349065850,0.806705,center_box,active
28,1.400000000,21,1,0.930968017,0.364970381,0.009755635,0.677652923,0.773179334,0.618543467,1,-0.349065850,0.806705,center_box,active
28,1.400000000,22,1,0.930968017,0.364970381,0.009755635,0.677652923,0.773179334,0.618543467,1,-0.349065850,0.806705,center_box,active
28,1.400000000,23,1,0.930968017,0.364970381,0.009755635,0.677652923,0.773179334,0.618543467,1,-0.349065850,0.806705,center_box,active
28,1.400000000,24,1,0.930968017,0.364970381,0.009755635,0.677652923,0.773179334,0.618543467,1,-0.349065850,0.806705,center_box,active
29,1.450000000,0,0,,,,,0.744900020,0.595920016,,-0.349065850,0.813775,center_box,active
29,1.450000000,1,0,,,,,0.744900020,0.595920016,,-0.349065850,0.813775,center_box,active
29,1.450000000,2,0,,,,,0.744900020,0.595920016,,-0.349065850,0.813775,center_box,active
29,1.450000000,3,1,0.924013113,0.372415690,0.086639030,0.780579745,0.744900020,0.595920016,1,-0.349065850,0.813775,center_box,active
29,1.450000000,4,1,0.924013113,0.372415690,0.086639030,0.780579745,0.744900020,0.595920016,1,-0.349065850,0.813775,center_box,active
29,1.450000000,5,1,0.924013113,0.372415690,0.086639030,0.780579745,0.744900020,0.595920016,1,-0.349065850,0.813775,center_box,active
29,1.450000000,6,1,0.924013113,0.372415690,0.086639030,0.780579745,0.744900020,0.595920016,1,-0.349065850,0.813775,center_box,active
29,1.450000000,7,1,0.924013113,0.372415690,0.086639030,0.780579745,0.744900020,0.595920016,1,-0.349065850,0.813775,center_box,active
29,1.450000000,8,1,0.924013113,0.372415690,0.086639030,0.780579745,0.744900020,0.595920016,1,-0.349065850,0.813775,center_box,active
29,1.450000000,9,1,0.924013113,0.372415690,0.086639030,0.780579745,0.744900020,0.595920016,1,-0.349065850,0.813775,center_box,active
29,1.450000000,10,1,0.924013113,0.372415690,0.086639030,0.780579745,0.744900020,0.595920016,1,-0.349065850,0.813775,center_box,active
29,1.450000000,11,1,0.924013113,0.372415690,0.086639030,0.780579745,0.744900020,0.595920016,1,-0.349065850,0.813775,center_box,active
29,1.450000000,12,1,0.924013113,0.372415690,0.086639030,0.780579745,0.744900020,0.595920016,1,-0.349065850,0.813775,center_box,active
29,1.450000000,13,1,0.924013113,0.372415690,0.086639030,0.780579745,0.744900020,0.595920016,1,-0.349065850,0.813775,center_box,active
29,1.450000000,14,1,0.924013113,0.372415690,0.086639030,0.780579745,0.744900020,0.595920016,1,-0.349065850,0.813775,center_box,active
29,1.450000000,15,1,0.924013113,0.372415690,0.086639030,0.780579745,0.744900020,0.595920016,1,-0.349065850,0.813775,center_box,active
29,1.450000000,16,1,0.924013113,0.372415690,0.086639030,0.780579745,0.744900020,0.595920016,1,-0.349065850,0.813775,center_box,active
29,1.450000000,17,1,0.924013113,0.372415690,0.086639030,0.780579745,0.744900020,0.595920016,1,-0.349065850,0.813775,center_box,active
29,1.450000000,18,1,0.924013113,0.372415690,0.086639030,0.780579745,0.744900020,0.595920016,1,-0.349065850,0.813775,center_box,active
29,1.450000000,19,1,0.924013113,0.372415690,0.086639030,0.780579745,0.744900020,0.595920016,1,-0.349065850,0.813775,center_box,active
29,1.450000000,20,1,0.924013113,0.372415690,0.086639030,0.780579745,0.744900020,0.595920016,1,-0.349065850,0.813775,center_box,active
29,1.450000000,21,1,0.924013113,0.372415690,0.086639030,0.780579745,0.744900020,0.595920016,1,-0.349065850,0.813775,center_box,active
29,1.450000000,22,1,0.924013113,0.372415690,0.086639030,0.780579745,0.744900020,0.595920016,1,-0.349065850,0.813775,center_box,active
29,1.450000000,23,1,0.924013113,0.372415690,0.086639030,0.780579745,0.744900020,0.595920016,1,-0.349065850,0.813775,center_box,active
29,1.450000000,24,1,0.924013113,0.372415690,0.086639030,0.780579745,0.744900020,0.595920016,1,-0.349065850,0.813775,center_box,active
30,1.500000000,0,0,,,,,0.736137466,0.588909973,,-0.523598776,0.815966,center_box,active
30,1.500000000,1,0,,,,,0.736137466,0.588909973,,-0.523598776,0.815966,center_box,active
30,1.500000000,2,0,,,,,0.736137466,0.588909973,,-0.523598776,0.815966,center_box,active
30,1.500000000,3,1,0.885121773,0.453467990,0.104528607,0.770270874,0.736137466,0.588909973,0,-0.523598776,0.815966,center_box,active
30,1.500000000,4,1,0.885121773,0.453467990,0.104528607,0.770270874,0.736137466,0.588909973,0,-0.523598776,0.815966,center_box,active
30,1.500000000,5,1,0.885121773,0.453467990,0.104528607,0.770270874,0.736137466,0.588909973,0,-0.523598776,0.815966,center_box,active
30,1.500000000,6,1,0.885121773,0.453467990,0.104528607,0.770270874,0.736137466,0.588909973,0,-0.523598776,0.815966,center_box,active
30,1.500000000,7,1,0.885121773,0.453467990,0.104528607,0.770270874,0.736137466,0.588909973,0,-0.523598776,0.815966,center_box,active
30,1.500000000,8,1,0.885121773,0.453467990,0.104528607,0.770270874,0.736137466,0.588909973,0,-0.523598776,0.815966,center_box,active
30,1.500000000,9,1,0.885121773,0.453467990,0.104528607,0.770270874,0.736137466,0.588909973,0,-0.523598776,0.815966,center_box,active
30,1.500000000,10,1,0.885121773,0.453467990,0.104528607,0.770270874,0.736137466,0.588909973,0,-0.523598776,0.815966,center_box,active
30,1.500000000,11,1,0.885121773,0.453467990,0.104528607,0.770270874,0.736137466,0.588909973,0,-0.523598776,0.815966,center_box,active
30,1.500000000,12,1,0.885121773,0.453467990,0.104528607,0.770270874,0.736137466,0.588909973,0,-0.523598776,0.815966,center_box,active
30,1.500000000,13,1,0.885121773,0.453467990,0.104528607,0.770270874,0.736137466,0.588909973,0,-0.523598776,0.815966,center_box,active
30,1.500000000,14,1,0.885121773,0.453467990,0.104528607,0.770270874,0.736137466,0.588909973,0,-0.523598776,0.815966,center_box,active
30,1.500000000,15,1,0.885121773,0.453467990,0.104528607,0.770270874,0.736137466,0.588909973,0,-0.523598776,0.815966,center_box,active
30,1.500000000,16,1,0.885121773,0.453467990,0.104528607,0.770270874,0.736137466,0.588909973,0,-0.523598776,0.815966,center_box,active
30,1.500000000,17,1,0.885121773,0.453467990,0.104528607,0.770270874,0.736137466,0.588909973,0,-0.523598776,0.815966,center_box,active
30,1.500000000,18,1,0.885121773,0.453467990,0.104528607,0.770270874,0.736137466,0.588909973,0,-0.523598776,0.815966,center_box,active
30,1.500000000,19,1,0.885121773,0.453467990,0.104528607,0.770270874,0.736137466,0.588909973,0,-0.523598776,0.815966,center_box,active
30,1.500000000,20,1,0.885121773,0.453467990,0.104528607,0.770270874,0.736137466,0.588909973,0,-0.523598776,0.815966,center_box,active
30,1.500000000,21,1,0.885121773,0.453467990,0.104528607,0.770270874,0.736137466,0.588909973,0,-0.523598776,0.815966,center_box,active
30,1.500000000,22,1,0.885121773,0.453467990,0.104528607,0.770270874,0.736137466,0.588909973,0,-0.523598776,0.815966,center_box,active
30,1.500000000,23,1,0.885121773,0.453467990,0.104528607,0.770270874,0.736137466,0.588909973,0,-0.523598776,0.815966,center_box,active
30,1.500000000,24,1,0.885121773,0.453467990,0.104528607,0.770270874,0.736137466,0.588909973,0,-0.523598776,0.815966,center_box,active
31,1.550000000,0,0,,,,,0.785738519,0.628590815,,-0.523598776,0.803565,center_box,active
31,1.550000000,1,0,,,,,0.785738519,0.628590815,,-0.523598776,0.803565,center_box,active
31,1.550000000,2,0,,,,,0.785738519,0.628590815,,-0.523598776,0.803565,center_box,active
31,1.550000000,3,1,0.918260165,0.385477000,0.090585603,0.834925632,0.785738519,0.628590815,0,-0.523598776,0.803565,center_box,active
31,1.550000000,4,1,0.918260165,0.385477000,0.090585603,0.834925632,0.785738519,0.628590815,0,-0.523598776,0.803565,center_box,active
31,1.550000000,5,1,0.918260165,0.385477000,0.090585603,0.834925632,0.785738519,0.628590815,0,-0.523598776,0.803565,center_box,active
31,1.550000000,6,1,0.918260165,0.385477000,0.090585603,0.834925632,0.785738519,0.628590815,0,-0.523598776,0.803565,center_box,active
31,1.550000000,7,1,0.918260165,0.385477000,0.090585603,0.834925632,0.785738519,0.628590815,0,-0.523598776,0.803565,center_box,active
31,1.550000000,8,1,0.918260165,0.385477000,0.090585603,0.834925632,0.785738519,0.628590815,0,-0.523598776,0.803565,center_box,active
31,1.550000000,9,1,0.918260165,0.385477000,0.090585603,0.834925632,0.785738519,0.628590815,0,-0.523598776,0.803565,center_box,active
31,1.550000000,10,1,0.918260165,0.385477000,0.090585603,0.834925632,0.785738519,0.628590815,0,-0.523598776,0.803565,center_box,active
31,1.550000000,11,1,0.918260165,0.385477000,0.090585603,0.834925632,0.785738519,0.628590815,0,-0.523598776,0.803565,center_box,active
31,1.550000000,12,1,0.918260165,0.385477000,0.090585603,0.834925632,0.785738519,0.628590815,0,-0.523598776,0.803565,center_box,active
31,1.550000000,13,1,0.918260165,0.385477000,0.090585603,0.834925632,0.785738519,0.628590815,0,-0.523598776,0.803565,center_box,active
31,1.550000000,14,1,0.918260165,0.385477000,0.090585603,0.834925632,0.785738519,0.628590815,0,-0.523598776,0.803565,center_box,active
31,1.550000000,15,1,0.918260165,0.385477000,0.090585603,0.834925632,0.785738519,0.628590815,0,-0.523598776,0.803565,center_box,active
31,1.550000000,16,1,0.918260165,0.385477000,0.090585603,0.834925632,0.785738519,0.628590815,0,-0.523598776,0.803565,center_box,active
31,1.550000000,17,1,0.918260165,0.385477000,0.090585603,0.834925632,0.785738519,0.628590815,0,-0.523598776,0.803565,center_box,active
31,1.550000000,18,1,0.918260165,0.385477000,0.090585603,0.834925632,0.785738519,0.628590815,0,-0.523598776,0.803565,center_box,active
31,1.550000000,19,1,0.918260165,0.385477000,0.090585603,0.834925632,0.785738519,0.628590815,0,-0.523598776,0.803565,center_box,active
31,1.550000000,20,1,0.918260165,0.385477000,0.090585603,0.834925632,0.785738519,0.628590815,0,-0.523598776,0.803565,center_box,active
31,1.550000000,21,1,0.918260165,0.385477000,0.090585603,0.834925632,0.785738519,0.628590815,0,-0.523598776,0.803565,center_box,active
31,1.550000000,22,1,0.918260165,0.385477000,0.090585603,0.834925632,0.785738519,0.628590815,0,-0.523598776,0.803565,center_box,active
31,1.550000000,23,1,0.918260165,0.385477000,0.090585603,0.834925632,0.785738519,0.628590815,0,-0.523598776,0.803565,center_box,active
31,1.550000000,24,1,0.918260165,0.385477000,0.090585603,0.834925632,0.785738519,0.628590815,0,-0.523598776,0.803565,center_box,active
32,1.600000000,0,0,,,,,0.812028607,0.649622885,,-0.523598776,0.796993,center_box,active
32,1.600000000,1,0,,,,,0.812028607,0.649622885,,-0.523598776,0.796993,center_box,active
32,1.600000000,2,0,,,,,0.812028607,0.649622885,,-0.523598776,0.796993,center_box,active
32,1.600000000,3,1,0.912008916,0.394420935,0.112569374,0.878277630,0.812028607,0.649622885,0,-0.523598776,0.796993,center_box,active
32,1.600000000,4,1,0.912008916,0.394420935,0.112569374,0.878277630,0.812028607,0.649622885,0,-0.523598776,0.796993,center_box,active
32,1.600000000,5,1,0.912008916,0.394420935,0.112569374,0.878277630,0.812028607,0.649622885,0,-0.523598776,0.796993,center_box,active
32,1.600000000,6,1,0.912008916,0.394420935,0.112569374,0.878277630,0.812028607,0.649622885,0,-0.523598776,0.796993,center_box,active
32,1.600000000,7,1,0.912008916,0.394420935,0.112569374,0.878277630,0.812028607,0.649622885,0,-0.523598776,0.796993,center_box,active
32,1.600000000,8,1,0.912008916,0.394420935,0.112569374,0.878277630,0.812028607,0.649622885,0,-0.523598776,0.796993,center_box,active
32,1.600000000,9,1,0.912008916,0.394420935,0.112569374,0.878277630,0.812028607,0.649622885,0,-0.523598776,0.796993,center_box,active
32,1.600000000,10,1,0.912008916,0.394420935,0.112569374,0.878277630,0.812028607,0.649622885,0,-0.523598776,0.796993,center_box,active
32,1.600000000,11,1,0.912008916,0.394420935,0.112569374,0.878277630,0.812028607,0.649622885,0,-0.523598776,0.796993,center_box,active
32,1.600000000,12,1,0.912008916,0.394420935,0.112569374,0.878277630,0.812028607,0.649622885,0,-0.523598776,0.796993,center_box,active
32,1.600000000,13,1,0.912008916,0.394420935,0.112569374,0.878277630,0.812028607,0.649622885,0,-0.523598776,0.796993,center_box,active
32,1.600000000,14,1,0.912008916,0.394420935,0.112569374,0.878277630,0.812028607,0.649622885,0,-0.523598776,0.796993,center_box,active
32,1.600000000,15,1,0.912008916,0.394420935,0.112569374,0.878277630,0.812028607,0.649622885,0,-0.523598776,0.796993,center_box,active
32,1.600000000,16,1,0.912008916,0.394420935,0.112569374,0.878277630,0.812028607,0.649622885,0,-0.523598776,0.796993,center_box,active
32,1.600000000,17,1,0.912008916,0.394420935,0.112569374,0.878277630,0.812028607,0.649622885,0,-0.523598776,0.796993,center_box,active
32,1.600000000,18,1,0.912008916,0.394420935,0.112569374,0.878277630,0.812028607,0.649622885,0,-0.523598776,0.796993,center_box,active
32,1.600000000,19,1,0.912008916,0.394420935,0.112569374,0.878277630,0.812028607,0.649622885,0,-0.523598776,0.796993,center_box,active
32,1.600000000,20,1,0.912008916,0.394420935,0.112569374,0.878277630,0.812028607,0.649622885,0,-0.523598776,0.796993,center_box,active
32,1.600000000,21,1,0.912008916,0.394420935,0.112569374,0.878277630,0.812028607,0.649622885,0,-0.523598776,0.796993,center_box,active
32,1.600000000,22,1,0.912008916,0.394420935,0.112569374,0.878277630,0.812028607,0.649622885,0,-0.523598776,0.796993,center_box,active
32,1.600000000,23,1,0.912008916,0.394420935,0.112569374,0.878277630,0.812028607,0.649622885,0,-0.523598776,0.796993,center_box,active
32,1.600000000,24,1,0.912008916,0.394420935,0.112569374,0.878277630,0.812028607,0.649622885,0,-0.523598776,0.796993,center_box,active
33,1.650000000,0,0,,,,,0.698509670,0.558807736,,-0.523598776,0.825373,center_box,active
33,1.650000000,1,0,,,,,0.698509670,0.558807736,,-0.523598776,0.825373,center_box,active
33,1.650000000,2,0,,,,,0.698509670,0.558807736,,-0.523598776,0.825373,center_box,active
33,1.650000000,3,1,0.869700082,0.486160222,0.085264328,0.773024548,0.698509670,0.558807736,0,-0.523598776,0.825373,center_box,active
33,1.650000000,4,1,0.869700082,0.486160222,0.085264328,0.773024548,0.698509670,0.558807736,0,-0.523598776,0.825373,center_box,active
33,1.650000000,5,1,0.869700082,0.486160222,0.085264328,0.773024548,0.698509670,0.558807736,0,-0.523598776,0.825373,center_box,active
33,1.650000000,6,1,0.869700082,0.486160222,0.085264328,0.773024548,0.698509670,0.558807736,0,-0.523598776,0.825373,center_box,active
33,1.650000000,7,1,0.869700082,0.486160222,0.085264328,0.773024548,0.698509670,0.558807736,0,-0.523598776,0.825373,center_box,active
33,1.650000000,8,1,0.869700082,0.486160222,0.085264328,0.773024548,0.698509670,0.558807736,0,-0.523598776,0.825373,center_box,active
33,1.650000000,9,1,0.869700082,0.486160222,0.085264328,0.773024548,0.698509670,0.558807736,0,-0.523598776,0.825373,center_box,active
33,1.650000000,10,1,0.869700082,0.486160222,0.085264328,0.773024548,0.698509670,0.558807736,0,-0.523598776,0.825373,center_box,active
33,1.650000000,11,1,0.869700082,0.486160222,0.085264328,0.773024548,0.698509670,0.558807736,0,-0.523598776,0.825373,center_box,active
33,1.650000000,12,1,0.869700082,0.486160222,0.085264328,0.773024548,0.698509670,0.558807736,0,-0.523598776,0.825373,center_box,active
33,1.650000000,13,1,0.869700082,0.486160222,0.085264328,0.773024548,0.698509670,0.558807736,0,-0.523598776,0.825373,center_box,active
33,1.650000000,14,1,0.869700082,0.486160222,0.085264328,0.773024548,0.698509670,0.558807736,0,-0.523598776,0.825373,center_box,active
33,1.650000000,15,1,0.869700082,0.486160222,0.085264328,0.773024548,0.698509670,0.558807736,0,-0.523598776,0.825373,center_box,active
33,1.650000000,16,1,0.869700082,0.486160222,0.085264328,0.773024548,0.698509670,0.558807736,0,-0.523598776,0.825373,center_box,active
33,1.650000000,17,1,0.869700082,0.486160222,0.085264328,0.773024548,0.698509670,0.558807736,0,-0.523598776,0.825373,center_box,active
33,1.650000000,18,1,0.869700082,0.486160222,0.085264328,0.773024548,0.698509670,0.558807736,0,-0.523598776,0.825373,center_box,active
33,1.650000000,19,1,0.869700082,0.486160222,0.085264328,0.773024548,0.698509670,0.558807736,0,-0.523598776,0.825373,center_box,active
33,1.650000000,20,1,0.869700082,0.486160222,0.085264328,0.773024548,0.698509670,0.558807736,0,-0.523598776,0.825373,center_box,active
33,1.650000000,21,1,0.869700082,0.486160222,0.085264328,0.773024548,0.698509670,0.558807736,0,-0.523598776,0.825373,center_box,active
33,1.650000000,22,1,0.869700082,0.486160222,0.085264328,0.773024548,0.698509670,0.558807736,0,-0.523598776,0.825373,center_box,active
33,1.650000000,23,1,0.869700082,0.486160222,0.085264328,0.773024548,0.698509670,0.558807736,0,-0.523598776,0.825373,center_box,active
33,1.650000000,24,1,0.869700082,0.486160222,0.085264328,0.773024548,0.698509670,0.558807736,0,-0.523598776,0.825373,center_box,active
34,1.700000000,0,0,,,,,0.644171065,0.515336852,,-0.523598776,0.838957,center_box,active
34,1.700000000,1,0,,,,,0.644171065,0.515336852,,-0.523598776,0.838957,center_box,active
34,1.700000000,2,0,,,,,0.644171065,0.515336852,,-0.523598776,0.838957,center_box,active
34,1.700000000,3,1,0.831580367,0.555283639,-0.011583286,0.605424519,0.644171065,0.515336852,0,-0.523598776,0.838957,center_box,active
34,1.700000000,4,1,0.831580367,0.555283639,-0.011583286,0.605424519,0.644171065,0.515336852,0,-0.523598776,0.838957,center_box,active
34,1.700000000,5,1,0.831580367,0.555283639,-0.011583286,0.605424519,0.644171065,0.515336852,0,-0.523598776,0.838957,center_box,active
34,1.700000000,6,1,0.831580367,0.555283639,-0.011583286,0.605424519,0.644171065,0.515336852,0,-0.523598776,0.838957,center_box,active
34,1.700000000,7,1,0.831580367,0.555283639,-0.011583286,0.605424519,0.644171065,0.515336852,0,-0.523598776,0.838957,center_box,active
34,1.700000000,8,1,0.831580367,0.555283639,-0.011583286,0.605424519,0.644171065,0.515336852,0,-0.523598776,0.838957,center_box,active
34,1.700000000,9,1,0.831580367,0.555283639,-0.011583286,0.605424519,0.644171065,0.515336852,0,-0.523598776,0.838957,center_box,active
34,1.700000000,10,1,0.831580367,0.555283639,-0.011583286,0.605424519,0.644171065,0.515336852,0,-0.523598776,0.838957,center_box,active
34,1.700000000,11,1,0.831580367,0.555283639,-0.011583286,0.605424519,0.644171065,0.515336852,0,-0.523598776,0.838957,center_box,active
34,1.700000000,12,1,0.831580367,0.555283639,-0.011583286,0.605424519,0.644171065,0.515336852,0,-0.523598776,0.838957,center_box,active
34,1.700000000,13,1,0.831580367,0.555283639,-0.011583286,0.605424519,0.644171065,0.515336852,0,-0.523598776,0.838957,center_box,active
34,1.700000000,14,1,0.831580367,0.555283639,-0.011583286,0.605424519,0.644171065,0.515336852,0,-0.523598776,0.838957,center_box,active
34,1.700000000,15,1,0.831580367,0.555283639,-0.011583286,0.605424519,0.644171065,0.515336852,0,-0.523598776,0.838957,center_box,active
34,1.700000000,16,1,0.831580367,0.555283639,-0.011583286,0.605424519,0.644171065,0.515336852,0,-0.523598776,0.838957,center_box,active
34,1.700000000,17,1,0.831580367,0.555283639,-0.011583286,0.605424519,0.644171065,0.515336852,0,-0.523598776,0.838957,center_box,active
34,1.700000000,18,1,0.831580367,0.555283639,-0.011583286,0.605424519,0.644171065,0.515336852,0,-0.523598776,0.838957,center_box,active
34,1.700000000,19,1,0.831580367,0.555283639,-0.011583286,0.605424519,0.644171065,0.515336852,0,-0.523598776,0.838957,center_box,active
34,1.700000000,20,1,0.831580367,0.555283639,-0.011583286,0.605424519,0.644171065,0.515336852,0,-0.523598776,0.838957,center_box,active
34,1.700000000,21,1,0.831580367,0.555283639,-0.011583286,0.605424519,0.644171065,0.515336852,0,-0.523598776,0.838957,center_box,active
34,1.700000000,22,1,0.831580367,0.555283639,-0.011583286,0.605424519,0.644171065,0.515336852,0,-0.523598776,0.838957,center_box,active
34,1.700000000,23,1,0.831580367,0.555283639,-0.011583286,0.605424519,0.644171065,0.515336852,0,-0.523598776,0.838957,center_box,active
34,1.700000000,24,1,0.831580367,0.555283639,-0.011583286,0.605424519,0.644171065,0.515336852,0,-0.523598776,0.838957,center_box,active
35,1.750000000,0,0,,,,,0.697188528,0.557750822,,-0.523598776,0.825703,center_box,active
35,1.750000000,1,0,,,,,0.697188528,0.557750822,,-0.523598776,0.825703,center_box,active
35,1.750000000,2,0,,,,,0.697188528,0.557750822,,-0.523598776,0.825703,center_box,active
35,1.750000000,3,1,0.837599883,0.532855317,-0.120381258,0.518146881,0.697188528,0.557750822,0,-0.523598776,0.825703,center_box,active
35,1.750000000,4,1,0.837599883,0.532855317,-0.120381258,0.518146881,0.697188528,0.557750822,0,-0.523598776,0.825703,center_box,active
35,1.750000000,5,1,0.837599883,0.532855317,-0.120381258,0.518146881,0.697188528,0.557750822,0,-0.523598776,0.825703,center_box,active
35,1.750000000,6,1,0.837599883,0.532855317,-0.120381258,0.518146881,0.697188528,0.557750822,0,-0.523598776,0.825703,center_box,active
35,1.750000000,7,1,0.837599883,0.532855317,-0.120381258,0.518146881,0.697188528,0.557750822,0,-0.523598776,0.825703,center_box,active
35,1.750000000,8,1,0.837599883,0.532855317,-0.120381258,0.518146881,0.697188528,0.557750822,0,-0.523598776,0.825703,center_box,active
35,1.750000000,9,1,0.837599883,0.532855317,-0.120381258,0.518146881,0.697188528,0.557750822,0,-0.523598776,0.825703,center_box,active
35,1.750000000,10,1,0.837599883,0.532855317,-0.120381258,0.518146881,0.697188528,0.557750822,0,-0.523598776,0.825703,center_box,active
35,1.750000000,11,1,0.837599883,0.532855317,-0.120381258,0.518146881,0.697188528,0.557750822,0,-0.523598776,0.825703,center_box,active
35,1.750000000,12,1,0.837599883,0.532855317,-0.120381258,0.518146881,0.697188528,0.557750822,0,-0.523598776,0.825703,center_box,active
35,1.750000000,13,1,0.837599883,0.532855317,-0.120381258,0.518146881,0.697188528,0.557750822,0,-0.523598776,0.825703,center_box,active
35,1.750000000,14,1,0.837599883,0.532855317,-0.120381258,0.518146881,0.697188528,0.557750822,0,-0.523598776,0.825703,center_box,active
35,1.750000000,15,1,0.837599883,0.532855317,-0.120381258,0.518146881,0.697188528,0.557750822,0,-0.523598776,0.825703,center_box,active
35,1.750000000,16,1,0.837599883,0.532855317,-0.120381258,0.518146881,0.697188528,0.557750822,0,-0.523598776,0.825703,center_box,active
35,1.750000000,17,1,0.837599883,0.532855317,-0.120381258,0.518146881,0.697188528,0.557750822,0,-0.523598776,0.825703,center_box,active
35,1.750000000,18,1,0.837599883,0.532855317,-0.120381258,0.518146881,0.697188528,0.557750822,0,-0.523598776,0.825703,center_box,active
35,1.750000000,19,1,0.837599883,0.532855317,-0.120381258,0.518146881,0.697188528,0.557750822,0,-0.523598776,0.825703,center_box,active
35,1.750000000,20,1,0.837599883,0.532855317,-0.120381258,0.518146881,0.697188528,0.557750822,0,-0.523598776,0.825703,center_box,active
35,1.750000000,21,1,0.837599883,0.532855317,-0.120381258,0.518146881,0.697188528,0.557750822,0,-0.523598776,0.825703,center_box,active
35,1.750000000,22,1,0.837599883,0.532855317,-0.120381258,0.518146881,0.697188528,0.557750822,0,-0.523598776,0.825703,center_box,active
35,1.750000000,23,1,0.837599883,0.532855317,-0.120381258,0.518146881,0.697188528,0.557750822,0,-0.523598776,0.825703,center_box,active
35,1.750000000,24,1,0.837599883,0.532855317,-0.120381258,0.518146881,0.697188528,0.557750822,0,-0.523598776,0.825703,center_box,active
36,1.800000000,0,0,,,,,0.811796431,0.649437145,,-0.523598776,0.797051,center_box,active
36,1.800000000,1,0,,,,,0.811796431,0.649437145,,-0.523598776,0.797051,center_box,active
36,1.800000000,2,0,,,,,0.811796431,0.649437145,,-0.523598776,0.797051,center_box,active
36,1.800000000,3,1,0.866404099,0.467770700,-0.174741266,0.546622364,0.811796431,0.649437145,0,-0.523598776,0.797051,center_box,active
36,1.800000000,4,1,0.866404099,0.467770700,-0.174741266,0.546622364,0.811796431,0.649437145,0,-0.523598776,0.797051,center_box,active
36,1.800000000,5,1,0.866404099,0.467770700,-0.174741266,0.546622364,0.811796431,0.649437145,0,-0.523598776,0.797051,center_box,active
36,1.800000000,6,1,0.866404099,0.467770700,-0.174741266,0.546622364,0.811796431,0.649437145,0,-0.523598776,0.797051,center_box,active
36,1.800000000,7,1,0.866404099,0.467770700,-0.174741266,0.546622364,0.811796431,0.649437145,0,-0.523598776,0.797051,center_box,active
36,1.800000000,8,1,0.866404099,0.467770700,-0.174741266,0.546622364,0.811796431,0.649437145,0,-0.523598776,0.797051,center_box,active
36,1.800000000,9,1,0.866404099,0.467770700,-0.174741266,0.546622364,0.811796431,0.649437145,0,-0.523598776,0.797051,center_box,active
36,1.800000000,10,1,0.866404099,0.467770700,-0.174741266,0.546622364,0.811796431,0.649437145,0,-0.523598776,0.797051,center_box,active
36,1.800000000,11,1,0.866404099,0.467770700,-0.174741266,0.546622364,0.811796431,0.649437145,0,-0.523598776,0.797051,center_box,active
36,1.800000000,12,1,0.866404099,0.467770700,-0.174741266,0.546622364,0.811796431,0.649437145,0,-0.523598776,0.797051,center_box,active
36,1.800000000,13,1,0.866404099,0.467770700,-0.174741266,0.546622364,0.811796431,0.649437145,0,-0.523598776,0.797051,center_box,active
36,1.800000000,14,1,0.866404099,0.467770700,-0.174741266,0.546622364,0.811796431,0.649437145,0,-0.523598776,0.797051,center_box,active
36,1.800000000,15,1,0.866404099,0.467770700,-0.174741266,0.546622364,0.811796431,0.649437145,0,-0.523598776,0.797051,center_box,active
36,1.800000000,16,1,0.866404099,0.467770700,-0.174741266,0.546622364,0.811796431,0.649437145,0,-0.523598776,0.797051,center_box,active
36,1.800000000,17,1,0.866404099,0.467770700,-0.174741266,0.546622364,0.811796431,0.649437145,0,-0.523598776,0.797051,center_box,active
36,1.800000000,18,1,0.866404099,0.467770700,-0.174741266,0.546622364,0.811796431,0.649437145,0,-0.523598776,0.797051,center_box,active
36,1.800000000,19,1,0.866404099,0.467770700,-0.174741266,0.546622364,0.811796431,0.649437145,0,-0.523598776,0.797051,center_box,active
36,1.800000000,20,1,0.866404099,0.467770700,-0.174741266,0.546622364,0.811796431,0.649437145,0,-0.523598776,0.797051,center_box,active
36,1.800000000,21,1,0.866404099,0.467770700,-0.174741266,0.546622364,0.811796431,0.649437145,0,-0.523598776,0.797051,center_box,active
36,1.800000000,22,1,0.866404099,0.467770700,-0.174741266,0.546622364,0.811796431,0.649437145,0,-0.523598776,0.797051,center_box,active
36,1.800000000,23,1,0.866404099,0.467770700,-0.174741266,0.546622364,0.811796431,0.649437145,0,-0.523598776,0.797051,center_box,active
36,1.800000000,24,1,0.866404099,0.467770700,-0.174741266,0.546622364,0.811796431,0.649437145,0,-0.523598776,0.797051,center_box,active
37,1.850000000,0,0,,,,,0.863681910,0.690945528,,-0.523598776,0.784080,center_box,active
37,1.850000000,1,0,,,,,0.863681910,0.690945528,,-0.523598776,0.784080,center_box,active
37,1.850000000,2,0,,,,,0.863681910,0.690945528,,-0.523598776,0.784080,center_box,active
37,1.850000000,3,1,0.879707834,0.443673375,-0.171079116,0.602857311,0.863681910,0.690945528,0,-0.523598776,0.784080,center_box,active
37,1.850000000,4,1,0.879707834,0.443673375,-0.171079116,0.602857311,0.863681910,0.690945528,0,-0.523598776,0.784080,center_box,active
37,1.850000000,5,1,0.879707834,0.443673375,-0.171079116,0.602857311,0.863681910,0.690945528,0,-0.523598776,0.784080,center_box,active
37,1.850000000,6,1,0.879707834,0.443673375,-0.171079116,0.602857311,0.863681910,0.690945528,0,-0.523598776,0.784080,center_box,active
37,1.850000000,7,1,0.879707834,0.443673375,-0.171079116,0.602857311,0.863681910,0.690945528,0,-0.523598776,0.784080,center_box,active
37,1.850000000,8,1,0.879707834,0.443673375,-0.171079116,0.602857311,0.863681910,0.690945528,0,-0.523598776,0.784080,center_box,active
37,1.850000000,9,1,0.879707834,0.443673375,-0.171079116,0.602857311,0.863681910,0.690945528,0,-0.523598776,0.784080,center_box,active
37,1.850000000,10,1,0.879707834,0.443673375,-0.171079116,0.602857311,0.863681910,0.690945528,0,-0.523598776,0.784080,center_box,active
37,1.850000000,11,1,0.879707834,0.443673375,-0.171079116,0.602857311,0.863681910,0.690945528,0,-0.523598776,0.784080,center_box,active
37,1.850000000,12,1,0.879707834,0.443673375,-0.171079116,0.602857311,0.863681910,0.690945528,0,-0.523598776,0.784080,center_box,active
37,1.850000000,13,1,0.879707834,0.443673375,-0.171079116,0.602857311,0.863681910,0.690945528,0,-0.523598776,0.784080,center_box,active
37,1.850000000,14,1,0.879707834,0.443673375,-0.171079116,0.602857311,0.863681910,0.690945528,0,-0.523598776,0.784080,center_box,active
37,1.850000000,15,1,0.879707834,0.443673375,-0.171079116,0.602857311,0.863681910,0.690945528,0,-0.523598776,0.784080,center_box,active
37,1.850000000,16,1,0.879707834,0.443673375,-0.171079116,0.602857311,0.863681910,0.690945528,0,-0.523598776,0.784080,center_box,active
37,1.850000000,17,1,0.879707834,0.443673375,-0.171079116,0.602857311,0.863681910,0.690945528,0,-0.523598776,0.784080,center_box,active
37,1.850000000,18,1,0.879707834,0.443673375,-0.171079116,0.602857311,0.863681910,0.690945528,0,-0.523598776,0.784080,center_box,active
37,1.850000000,19,1,0.879707834,0.443673375,-0.171079116,0.602857311,0.863681910,0.690945528,0,-0.523598776,0.784080,center_box,active
37,1.850000000,20,1,0.879707834,0.443673375,-0.171079116,0.602857311,0.863681910,0.690945528,0,-0.523598776,0.784080,center_box,active
37,1.850000000,21,1,0.879707834,0.443673375,-0.171079116,0.602857311,0.863681910,0.690945528,0,-0.523598776,0.784080,center_box,active
37,1.850000000,22,1,0.879707834,0.443673375,-0.171079116,0.602857311,0.863681910,0.690945528,0,-0.523598776,0.784080,center_box,active
37,1.850000000,23,1,0.879707834,0.443673375,-0.171079116,0.602857311,0.863681910,0.690945528,0,-0.523598776,0.784080,center_box,active
37,1.850000000,24,1,0.879707834,0.443673375,-0.171079116,0.602857311,0.863681910,0.690945528,0,-0.523598776,0.784080,center_box,active
38,1.900000000,0,0,,,,,0.757752484,0.606201987,,-0.523598776,0.810562,center_box,active
38,1.900000000,1,0,,,,,0.757752484,0.606201987,,-0.523598776,0.810562,center_box,active
38,1.900000000,2,0,,,,,0.757752484,0.606201987,,-0.523598776,0.810562,center_box,active
38,1.900000000,3,1,0.853760435,0.505488920,-0.124796123,0.607139740,0.757752484,0.606201987,0,-0.523598776,0.810562,center_box,active
38,1.900000000,4,1,0.853760435,0.505488920,-0.124796123,0.607139740,0.757752484,0.606201987,0,-0.523598776,0.810562,center_box,active
38,1.900000000,5,1,0.853760435,0.505488920,-0.124796123,0.607139740,0.757752484,0.606201987,0,-0.523598776,0.810562,center_box,active
38,1.900000000,6,1,0.853760435,0.505488920,-0.124796123,0.607139740,0.757752484,0.606201987,0,-0.523598776,0.810562,center_box,active
38,1.900000000,7,1,0.853760435,0.505488920,-0.124796123,0.607139740,0.757752484,0.606201987,0,-0.523598776,0.810562,center_box,active
38,1.900000000,8,1,0.853760435,0.505488920,-0.124796123,0.607139740,0.757752484,0.606201987,0,-0.523598776,0.810562,center_box,active
38,1.900000000,9,1,0.853760435,0.505488920,-0.124796123,0.607139740,0.757752484,0.606201987,0,-0.523598776,0.810562,center_box,active
38,1.900000000,10,1,0.853760435,0.505488920,-0.124796123,0.607139740,0.757752484,0.606201987,0,-0.523598776,0.810562,center_box,active
38,1.900000000,11,1,0.853760435,0.505488920,-0.124796123,0.607139740,0.757752484,0.606201987,0,-0.523598776,0.810562,center_box,active
38,1.900000000,12,1,0.853760435,0.505488920,-0.124796123,0.607139740,0.757752484,0.606201987,0,-0.523598776,0.810562,center_box,active
38,1.900000000,13,1,0.853760435,0.505488920,-0.124796123,0.607139740,0.757752484,0.606201987,0,-0.523598776,0.810562,center_box,active
38,1.900000000,14,1,0.853760435,0.505488920,-0.124796123,0.607139740,0.757752484,0.606201987,0,-0.523598776,0.810562,center_box,active
38,1.900000000,15,1,0.853760435,0.505488920,-0.124796123,0.607139740,0.757752484,0.606201987,0,-0.523598776,0.810562,center_box,active
38,1.900000000,16,1,0.853760435,0.505488920,-0.124796123,0.607139740,0.757752484,0.606201987,0,-0.523598776,0.810562,center_box,active
38,1.900000000,17,1,0.853760435,0.505488920,-0.124796123,0.607139740,0.757752484,0.606201987,0,-0.523598776,0.810562,center_box,active
38,1.900000000,18,1,0.853760435,0.505488920,-0.124796123,0.607139740,0.757752484,0.606201987,0,-0.523598776,0.810562,center_box,active
38,1.900000000,19,1,0.853760435,0.505488920,-0.124796123,0.607139740,0.757752484,0.606201987,0,-0.523598776,0.810562,center_box,active
38,1.900000000,20,1,0.853760435,0.505488920,-0.124796123,0.607139740,0.757752484,0.606201987,0,-0.523598776,0.810562,center_box,active
38,1.900000000,21,1,0.853760435,0.505488920,-0.124796123,0.607139740,0.757752484,0.606201987,0,-0.523598776,0.810562,center_box,active
38,1.900000000,22,1,0.853760435,0.505488920,-0.124796123,0.607139740,0.757752484,0.606201987,0,-0.523598776,0.810562,center_box,active
38,1.900000000,23,1,0.853760435,0.505488920,-0.124796123,0.607139740,0.757752484,0.606201987,0,-0.523598776,0.810562,center_box,active
38,1.900000000,24,1,0.853760435,0.505488920,-0.124796123,0.607139740,0.757752484,0.606201987,0,-0.523598776,0.810562,center_box,active
39,1.950000000,0,0,,,,,0.680243101,0.544194481,,-0.523598776,0.829939,center_box,active
39,1.950000000,1,0,,,,,0.680243101,0.544194481,,-0.523598776,0.829939,center_box,active
39,1.950000000,2,0,,,,,0.680243101,0.544194481,,-0.523598776,0.829939,center_box,active
39,1.950000000,3,1,0.827395570,0.558207851,-0.061810725,0.641396181,0.680243101,0.544194481,0,-0.523598776,0.829939,center_box,active
39,1.950000000,4,1,0.827395570,0.558207851,-0.061810725,0.641396181,0.680243101,0.544194481,0,-0.523598776,0.829939,center_box,active
39,1.950000000,5,1,0.827395570,0.558207851,-0.061810725,0.641396181,0.680243101,0.544194481,0,-0.523598776,0.829939,center_box,active
39,1.950000000,6,1,0.827395570,0.558207851,-0.061810725,0.641396181,0.680243101,0.544194481,0,-0.523598776,0.829939,center_box,active
39,1.950000000,7,1,0.827395570,0.558207851,-0.061810725,0.641396181,0.680243101,0.544194481,0,-0.523598776,0.829939,center_box,active
39,1.950000000,8,1,0.827395570,0.558207851,-0.061810725,0.641396181,0.680243101,0.544194481,0,-0.523598776,0.829939,center_box,active
39,1.950000000,9,1,0.827395570,0.558207851,-0.061810725,0.641396181,0.680243101,0.544194481,0,-0.523598776,0.829939,center_box,active
39,1.950000000,10,1,0.827395570,0.558207851,-0.061810725,0.641396181,0.680243101,0.544194481,0,-0.523598776,0.829939,center_box,active
39,1.950000000,11,1,0.827395570,0.558207851,-0.061810725,0.641396181,0.680243101,0.544194481,0,-0.523598776,0.829939,center_box,active
39,1.950000000,12,1,0.827395570,0.558207851,-0.061810725,0.641396181,0.680243101,0.544194481,0,-0.523598776,0.829939,center_box,active
39,1.950000000,13,1,0.827395570,0.558207851,-0.061810725,0.641396181,0.680243101,0.544194481,0,-0.523598776,0.829939,center_box,active
39,1.950000000,14,1,0.827395570,0.558207851,-0.061810725,0.641396181,0.680243101,0.544194481,0,-0.523598776,0.829939,center_box,active
39,1.950000000,15,1,0.827395570,0.558207851,-0.061810725,0.641396181,0.680243101,0.544194481,0,-0.523598776,0.829939,center_box,active
39,1.950000000,16,1,0.827395570,0.558207851,-0.061810725,0.641396181,0.680243101,0.544194481,0,-0.523598776,0.829939,center_box,active
39,1.950000000,17,1,0.827395570,0.558207851,-0.061810725,0.641396181,0.680243101,0.544194481,0,-0.523598776,0.829939,center_box,active
39,1.950000000,18,1,0.827395570,0.558207851,-0.061810725,0.641396181,0.680243101,0.544194481,0,-0.523598776,0.829939,center_box,active
39,1.950000000,19,1,0.827395570,0.558207851,-0.061810725,0.641396181,0.680243101,0.544194481,0,-0.523598776,0.829939,center_box,active
39,1.950000000,20,1,0.827395570,0.558207851,-0.061810725,0.641396181,0.680243101,0.544194481,0,-0.523598776,0.829939,center_box,active
39,1.950000000,21,1,0.827395570,0.558207851,-0.061810725,0.641396181,0.680243101,0.544194481,0,-0.523598776,0.829939,center_box,active
39,1.950000000,22,1,0.827395570,0.558207851,-0.061810725,0.641396181,0.680243101,0.544194481,0,-0.523598776,0.829939,center_box,active
39,1.950000000,23,1,0.827395570,0.558207851,-0.061810725,0.641396181,0.680243101,0.544194481,0,-0.523598776,0.829939,center_box,active
39,1.950000000,24,1,0.827395570,0.558207851,-0.061810725,0.641396181,0.680243101,0.544194481,0,-0.523598776,0.829939,center_box,active
40,2.000000000,0,0,,,,,0.712352859,0.569882287,,-0.523598776,0.821912,center_box,active
40,2.000000000,1,0,,,,,0.712352859,0.569882287,,-0.523598776,0.821912,center_box,active
40,2.000000000,2,0,,,,,0.712352859,0.569882287,,-0.523598776,0.821912,center_box,active
40,2.000000000,3,1,0.850121803,0.525952625,-0.025821630,0.752173012,0.712352859,0.569882287,0,-0.523598776,0.821912,center_box,active
40,2.000000000,4,1,0.850121803,0.525952625,-0.025821630,0.752173012,0.712352859,0.569882287,0,-0.523598776,0.821912,center_box,active
40,2.000000000,5,1,0.850121803,0.525952625,-0.025821630,0.752173012,0.712352859,0.569882287,0,-0.523598776,0.821912,center_box,active
40,2.000000000,6,1,0.850121803,0.525952625,-0.025821630,0.752173012,0.712352859,0.569882287,0,-0.523598776,0.821912,center_box,active
40,2.000000000,7,1,0.850121803,0.525952625,-0.025821630,0.752173012,0.712352859,0.569882287,0,-0.523598776,0.821912,center_box,active
40,2.000000000,8,1,0.850121803,0.525952625,-0.025821630,0.752173012,0.712352859,0.569882287,0,-0.523598776,0.821912,center_box,active
40,2.000000000,9,1,0.850121803,0.525952625,-0.025821630,0.752173012,0.712352859,0.569882287,0,-0.523598776,0.821912,center_box,active
40,2.000000000,10,1,0.850121803,0.525952625,-0.025821630,0.752173012,0.712352859,0.569882287,0,-0.523598776,0.821912,center_box,active
40,2.000000000,11,1,0.850121803,0.525952625,-0.025821630,0.752173012,0.712352859,0.569882287,0,-0.523598776,0.821912,center_box,active
40,2.000000000,12,1,0.850121803,0.525952625,-0.025821630,0.752173012,0.712352859,0.569882287,0,-0.523598776,0.821912,center_box,active
40,2.000000000,13,1,0.850121803,0.525952625,-0.025821630,0.752173012,0.712352859,0.569882287,0,-0.523598776,0.821912,center_box,active
40,2.000000000,14,1,0.850121803,0.525952625,-0.025821630,0.752173012,0.712352859,0.569882287,0,-0.523598776,0.821912,center_box,active
40,2.000000000,15,1,0.850121803,0.525952625,-0.025821630,0.752173012,0.712352859,0.569882287,0,-0.523598776,0.821912,center_box,active
40,2.000000000,16,1,0.850121803,0.525952625,-0.025821630,0.752173012,0.712352859,0.569882287,0,-0.523598776,0.821912,center_box,active
40,2.000000000,17,1,0.850121803,0.525952625,-0.025821630,0.752173012,0.712352859,0.569882287,0,-0.523598776,0.821912,center_box,active
40,2.000000000,18,1,0.850121803,0.525952625,-0.025821630,0.752173012,0.712352859,0.569882287,0,-0.523598776,0.821912,center_box,active
40,2.000000000,19,1,0.850121803,0.525952625,-0.025821630,0.752173012,0.712352859,0.569882287,0,-0.523598776,0.821912,center_box,active
40,2.000000000,20,1,0.850121803,0.525952625,-0.025821630,0.752173012,0.712352859,0.569882287,0,-0.523598776,0.821912,center_box,active
40,2.000000000,21,1,0.850121803,0.525952625,-0.025821630,0.752173012,0.712352859,0.569882287,0,-0.523598776,0.821912,center_box,active
40,2.000000000,22,1,0.850121803,0.525952625,-0.025821630,0.752173012,0.712352859,0.569882287,0,-0.523598776,0.821912,center_box,active
40,2.000000000,23,1,0.850121803,0.525952625,-0.025821630,0.752173012,0.712352859,0.569882287,0,-0.523598776,0.821912,center_box,active
40,2.000000000,24,1,0.850121803,0.525952625,-0.025821630,0.752173012,0.712352859,0.569882287,0,-0.523598776,0.821912,center_box,active
41,2.050000000,0,0,,,,,0.754238070,0.603390456,,-0.523598776,0.811440,center_box,active
41,2.050000000,1,0,,,,,0.754238070,0.603390456,,-0.523598776,0.811440,center_box,active
41,2.050000000,2,0,,,,,0.754238070,0.603390456,,-0.523598776,0.811440,center_box,active
41,2.050000000,3,1,0.870481797,0.492058180,0.011840082,0.866745547,0.754238070,0.603390456,0,-0.523598776,0.811440,center_box,active
41,2.050000000,4,1,0.870481797,0.492058180,0.011840082,0.866745547,0.754238070,0.603390456,0,-0.523598776,0.811440,center_box,active
41,2.050000000,5,1,0.870481797,0.492058180,0.011840082,0.866745547,0.754238070,0.603390456,0,-0.523598776,0.811440,center_box,active
41,2.050000000,6,1,0.870481797,0.492058180,0.011840082,0.866745547,0.754238070,0.603390456,0,-0.523598776,0.811440,center_box,active
41,2.050000000,7,1,0.870481797,0.492058180,0.011840082,0.866745547,0.754238070,0.603390456,0,-0.523598776,0.811440,center_box,active
41,2.050000000,8,1,0.870481797,0.492058180,0.011840082,0.866745547,0.754238070,0.603390456,0,-0.523598776,0.811440,center_box,active
41,2.050000000,9,1,0.870481797,0.492058180,0.011840082,0.866745547,0.754238070,0.603390456,0,-0.523598776,0.811440,center_box,active
41,2.050000000,10,1,0.870481797,0.492058180,0.011840082,0.866745547,0.754238070,0.603390456,0,-0.523598776,0.811440,center_box,active
41,2.050000000,11,1,0.870481797,0.492058180,0.011840082,0.866745547,0.754238070,0.603390456,0,-0.523598776,0.811440,center_box,active
41,2.050000000,12,1,0.870481797,0.492058180,0.011840082,0.866745547,0.754238070,0.603390456,0,-0.523598776,0.811440,center_box,active
41,2.050000000,13,1,0.870481797,0.492058180,0.011840082,0.866745547,0.754238070,0.603390456,0,-0.523598776,0.811440,center_box,active
41,2.050000000,14,1,0.870481797,0.492058180,0.011840082,0.866745547,0.754238070,0.603390456,0,-0.523598776,0.811440,center_box,active
41,2.050000000,15,1,0.870481797,0.492058180,0.011840082,0.866745547,0.754238070,0.603390456,0,-0.523598776,0.811440,center_box,active
41,2.050000000,16,1,0.870481797,0.492058180,0.011840082,0.866745547,0.754238070,0.603390456,0,-0.523598776,0.811440,center_box,active
41,2.050000000,17,1,0.870481797,0.492058180,0.011840082,0.866745547,0.754238070,0.603390456,0,-0.523598776,0.811440,center_box,active
41,2.050000000,18,1,0.870481797,0.492058180,0.011840082,0.866745547,0.754238070,0.603390456,0,-0.523598776,0.811440,center_box,active
41,2.050000000,19,1,0.870481797,0.492058180,0.011840082,0.866745547,0.754238070,0.603390456,0,-0.523598776,0.811440,center_box,active
41,2.050000000,20,1,0.870481797,0.492058180,0.011840082,0.866745547,0.754238070,0.603390456,0,-0.523598776,0.811440,center_box,active
41,2.050000000,21,1,0.870481797,0.492058180,0.011840082,0.866745547,0.754238070,0.603390456,0,-0.523598776,0.811440,center_box,active
41,2.050000000,22,1,0.870481797,0.492058180,0.011840082,0.866745547,0.754238070,0.603390456,0,-0.523598776,0.811440,center_box,active
41,2.050000000,23,1,0.870481797,0.492058180,0.011840082,0.866745547,0.754238070,0.603390456,0,-0.523598776,0.811440,center_box,active
41,2.050000000,24,1,0.870481797,0.492058180,0.011840082,0.866745547,0.754238070,0.603390456,0,-0.523598776,0.811440,center_box,active
42,2.100000000,0,0,,,,,0.712384066,0.569907253,,-0.523598776,0.821904,center_box,active
42,2.100000000,1,0,,,,,0.712384066,0.569907253,,-0.523598776,0.821904,center_box,active
42,2.100000000,2,0,,,,,0.712384066,0.569907253,,-0.523598776,0.821904,center_box,active
42,2.100000000,3,1,0.847105988,0.522978851,0.094364015,0.942983048,0.712384066,0.569907253,0,-0.523598776,0.821904,center_box,active
42,2.100000000,4,1,0.847105988,0.522978851,0.094364015,0.942983048,0.712384066,0.569907253,0,-0.523598776,0.821904,center_box,active
42,2.100000000,5,1,0.847105988,0.522978851,0.094364015,0.942983048,0.712384066,0.569907253,0,-0.523598776,0.821904,center_box,active
42,2.100000000,6,1,0.847105988,0.522978851,0.094364015,0.942983048,0.712384066,0.569907253,0,-0.523598776,0.821904,center_box,active
42,2.100000000,7,1,0.847105988,0.522978851,0.094364015,0.942983048,0.712384066,0.569907253,0,-0.523598776,0.821904,center_box,active
42,2.100000000,8,1,0.847105988,0.522978851,0.094364015,0.942983048,0.712384066,0.569907253,0,-0.523598776,0.821904,center_box,active
42,2.100000000,9,1,0.847105988,0.522978851,0.094364015,0.942983048,0.712384066,0.569907253,0,-0.523598776,0.821904,center_box,active
42,2.100000000,10,1,0.847105988,0.522978851,0.094364015,0.942983048,0.712384066,0.569907253,0,-0.523598776,0.821904,center_box,active
42,2.100000000,11,1,0.847105988,0.522978851,0.094364015,0.942983048,0.712384066,0.569907253,0,-0.523598776,0.821904,center_box,active
42,2.100000000,12,1,0.847105988,0.522978851,0.094364015,0.942983048,0.712384066,0.569907253,0,-0.523598776,0.821904,center_box,active
42,2.100000000,13,1,0.847105988,0.522978851,0.094364015,0.942983048,0.712384066,0.569907253,0,-0.523598776,0.821904,center_box,active
42,2.100000000,14,1,0.847105988,0.522978851,0.094364015,0.942983048,0.712384066,0.569907253,0,-0.523598776,0.821904,center_box,active
42,2.100000000,15,1,0.847105988,0.522978851,0.094364015,0.942983048,0.712384066,0.569907253,0,-0.523598776,0.821904,center_box,active
42,2.100000000,16,1,0.847105988,0.522978851,0.094364015,0.942983048,0.712384066,0.569907253,0,-0.523598776,0.821904,center_box,active
42,2.100000000,17,1,0.847105988,0.522978851,0.094364015,0.942983048,0.712384066,0.569907253,0,-0.523598776,0.821904,center_box,active
42,2.100000000,18,1,0.847105988,0.522978851,0.094364015,0.942983048,0.712384066,0.569907253,0,-0.523598776,0.821904,center_box,active
42,2.100000000,19,1,0.847105988,0.522978851,0.094364015,0.942983048,0.712384066,0.569907253,0,-0.523598776,0.821904,center_box,active
42,2.100000000,20,1,0.847105988,0.522978851,0.094364015,0.942983048,0.712384066,0.569907253,0,-0.523598776,0.821904,center_box,active
42,2.100000000,21,1,0.847105988,0.522978851,0.094364015,0.942983048,0.712384066,0.569907253,0,-0.523598776,0.821904,center_box,active
42,2.100000000,22,1,0.847105988,0.522978851,0.094364015,0.942983048,0.712384066,0.569907253,0,-0.523598776,0.821904,center_box,active
42,2.100000000,23,1,0.847105988,0.522978851,0.094364015,0.942983048,0.712384066,0.569907253,0,-0.523598776,0.821904,center_box,active
42,2.100000000,24,1,0.847105988,0.522978851,0.094364015,0.942983048,0.712384066,0.569907253,0,-0.523598776,0.821904,center_box,active
43,2.150000000,0,0,,,,,0.684218501,0.547374801,,-0.523598776,0.828945,center_box,active
43,2.150000000,1,0,,,,,0.684218501,0.547374801,,-0.523598776,0.828945,center_box,active
43,2.150000000,2,0,,,,,0.684218501,0.547374801,,-0.523598776,0.828945,center_box,active
43,2.150000000,3,1,0.820177623,0.556401997,0.133137092,0.963152988,0.684218501,0.547374801,0,-0.523598776,0.828945,center_box,active
43,2.150000000,4,1,0.820177623,0.556401997,0.133137092,0.963152988,0.684218501,0.547374801,0,-0.523598776,0.828945,center_box,active
43,2.150000000,5,1,0.820177623,0.556401997,0.133137092,0.963152988,0.684218501,0.547374801,0,-0.523598776,0.828945,center_box,active
43,2.150000000,6,1,0.820177623,0.556401997,0.133137092,0.963152988,0.684218501,0.547374801,0,-0.523598776,0.828945,center_box,active
43,2.150000000,7,1,0.820177623,0.556401997,0.133137092,0.963152988,0.684218501,0.547374801,0,-0.523598776,0.828945,center_box,active
43,2.150000000,8,1,0.820177623,0.556401997,0.133137092,0.963152988,0.684218501,0.547374801,0,-0.523598776,0.828945,center_box,active
43,2.150000000,9,1,0.820177623,0.556401997,0.133137092,0.963152988,0.684218501,0.547374801,0,-0.523598776,0.828945,center_box,active
43,2.150000000,10,1,0.820177623,0.556401997,0.133137092,0.963152988,0.684218501,0.547374801,0,-0.523598776,0.828945,center_box,active
43,2.150000000,11,1,0.820177623,0.556401997,0.133137092,0.963152988,0.684218501,0.547374801,0,-0.523598776,0.828945,center_box,active
43,2.150000000,12,1,0.820177623,0.556401997,0.133137092,0.963152988,0.684218501,0.547374801,0,-0.523598776,0.828945,center_box,active
43,2.150000000,13,1,0.820177623,0.556401997,0.133137092,0.963152988,0.684218501,0.547374801,0,-0.523598776,0.828945,center_box,active
43,2.150000000,14,1,0.820177623,0.556401997,0.133137092,0.963152988,0.684218501,0.547374801,0,-0.523598776,0.828945,center_box,active
43,2.150000000,15,1,0.820177623,0.556401997,0.133137092,0.963152988,0.684218501,0.547374801,0,-0.523598776,0.828945,center_box,active
43,2.150000000,16,1,0.820177623,0.556401997,0.133137092,0.963152988,0.684218501,0.547374801,0,-0.523598776,0.828945,center_box,active
43,2.150000000,17,1,0.820177623,0.556401997,0.133137092,0.963152988,0.684218501,0.547374801,0,-0.523598776,0.828945,center_box,active
43,2.150000000,18,1,0.820177623,0.556401997,0.133137092,0.963152988,0.684218501,0.547374801,0,-0.523598776,0.828945,center_box,active
43,2.150000000,19,1,0.820177623,0.556401997,0.133137092,0.963152988,0.684218501,0.547374801,0,-0.523598776,0.828945,center_box,active
43,2.150000000,20,1,0.820177623,0.556401997,0.133137092,0.963152988,0.684218501,0.547374801,0,-0.523598776,0.828945,center_box,active
43,2.150000000,21,1,0.820177623,0.556401997,0.133137092,0.963152988,0.684218501,0.547374801,0,-0.523598776,0.828945,center_box,active
43,2.150000000,22,1,0.820177623,0.556401997,0.133137092,0.963152988,0.684218501,0.547374801,0,-0.523598776,0.828945,center_box,active
43,2.150000000,23,1,0.820177623,0.556401997,0.133137092,0.963152988,0.684218501,0.547374801,0,-0.523598776,0.828945,center_box,active
43,2.150000000,24,1,0.820177623,0.556401997,0.133137092,0.963152988,0.684218501,0.547374801,0,-0.523598776,0.828945,center_box,active
44,2.200000000,0,0,,,,,0.684218501,0.547374801,,-0.523598776,0.828945,center_box,held_active
44,2.200000000,1,0,,,,,0.684218501,0.547374801,,-0.523598776,0.828945,center_box,held_active
44,2.200000000,2,0,,,,,0.684218501,0.547374801,,-0.523598776,0.828945,center_box,held_active
44,2.200000000,3,1,0.820177623,0.556401997,0.133137092,0.963152988,0.684218501,0.547374801,0,-0.523598776,0.828945,center_box,held_active
44,2.200000000,4,1,0.820177623,0.556401997,0.133137092,0.963152988,0.684218501,0.547374801,0,-0.523598776,0.828945,center_box,held_active
44,2.200000000,5,1,0.820177623,0.556401997,0.133137092,0.963152988,0.684218501,0.547374801,0,-0.523598776,0.828945,center_box,held_active
44,2.200000000,6,1,0.820177623,0.556401997,0.133137092,0.963152988,0.684218501,0.547374801,0,-0.523598776,0.828945,center_box,held_active
44,2.200000000,7,1,0.820177623,0.556401997,0.133137092,0.963152988,0.684218501,0.547374801,0,-0.523598776,0.828945,center_box,held_active
44,2.200000000,8,1,0.820177623,0.556401997,0.133137092,0.963152988,0.684218501,0.547374801,0,-0.523598776,0.828945,center_box,held_active
44,2.200000000,9,1,0.820177623,0.556401997,0.133137092,0.963152988,0.684218501,0.547374801,0,-0.523598776,0.828945,center_box,held_active
44,2.200000000,10,1,0.820177623,0.556401997,0.133137092,0.963152988,0.684218501,0.547374801,0,-0.523598776,0.828945,center_box,held_active
44,2.200000000,11,1,0.820177623,0.556401997,0.133137092,0.963152988,0.684218501,0.547374801,0,-0.523598776,0.828945,center_box,held_active
44,2.200000000,12,1,0.820177623,0.556401997,0.133137092,0.963152988,0.684218501,0.547374801,0,-0.523598776,0.828945,center_box,held_active
44,2.200000000,13,1,0.820177623,0.556401997,0.133137092,0.963152988,0.684218501,0.547374801,0,-0.523598776,0.828945,center_box,held_active
44,2.200000000,14,1,0.820177623,0.556401997,0.133137092,0.963152988,0.684218501,0.547374801,0,-0.523598776,0.828945,center_box,held_active
44,2.200000000,15,1,0.820177623,0.556401997,0.133137092,0.963152988,0.684218501,0.547374801,0,-0.523598776,0.828945,center_box,held_active
44,2.200000000,16,1,0.820177623,0.556401997,0.133137092,0.963152988,0.684218501,0.547374801,0,-0.523598776,0.828945,center_box,held_active
44,2.200000000,17,1,0.820177623,0.556401997,0.133137092,0.963152988,0.684218501,0.547374801,0,-0.523598776,0.828945,center_box,held_active
44,2.200000000,18,1,0.820177623,0.556401997,0.133137092,0.963152988,0.684218501,0.547374801,0,-0.523598776,0.828945,center_box,held_active
44,2.200000000,19,1,0.820177623,0.556401997,0.133137092,0.963152988,0.684218501,0.547374801,0,-0.523598776,0.828945,center_box,held_active
44,2.200000000,20,1,0.820177623,0.556401997,0.133137092,0.963152988,0.684218501,0.547374801,0,-0.523598776,0.828945,center_box,held_active
44,2.200000000,21,1,0.820177623,0.556401997,0.133137092,0.963152988,0.684218501,0.547374801,0,-0.523598776,0.828945,center_box,held_active
44,2.200000000,22,1,0.820177623,0.556401997,0.133137092,0.963152988,0.684218501,0.547374801,0,-0.523598776,0.828945,center_box,held_active
44,2.200000000,23,1,0.820177623,0.556401997,0.133137092,0.963152988,0.684218501,0.547374801,0,-0.523598776,0.828945,center_box,held_active
44,2.200000000,24,1,0.820177623,0.556401997,0.133137092,0.963152988,0.684218501,0.547374801,0,-0.523598776,0.828945,center_box,held_active
45,2.250000000,0,0,,,,,0.684218501,0.547374801,,-0.523598776,0.828945,center_box,held_active
45,2.250000000,1,0,,,,,0.684218501,0.547374801,,-0.523598776,0.828945,center_box,held_active
45,2.250000000,2,0,,,,,0.684218501,0.547374801,,-0.523598776,0.828945,center_box,held_active
45,2.250000000,3,1,0.820177623,0.556401997,0.133137092,0.963152988,0.684218501,0.547374801,0,-0.523598776,0.828945,center_box,held_active
45,2.250000000,4,1,0.820177623,0.556401997,0.133137092,0.963152988,0.684218501,0.547374801,0,-0.523598776,0.828945,center_box,held_active
45,2.250000000,5,1,0.820177623,0.556401997,0.133137092,0.963152988,0.684218501,0.547374801,0,-0.523598776,0.828945,center_box,held_active
45,2.250000000,6,1,0.820177623,0.556401997,0.133137092,0.963152988,0.684218501,0.547374801,0,-0.523598776,0.828945,center_box,held_active
45,2.250000000,7,1,0.820177623,0.556401997,0.133137092,0.963152988,0.684218501,0.547374801,0,-0.523598776,0.828945,center_box,held_active
45,2.250000000,8,1,0.820177623,0.556401997,0.133137092,0.963152988,0.684218501,0.547374801,0,-0.523598776,0.828945,center_box,held_active
45,2.250000000,9,1,0.820177623,0.556401997,0.133137092,0.963152988,0.684218501,0.547374801,0,-0.523598776,0.828945,center_box,held_active
45,2.250000000,10,1,0.820177623,0.556401997,0.133137092,0.963152988,0.684218501,0.547374801,0,-0.523598776,0.828945,center_box,held_active
45,2.250000000,11,1,0.820177623,0.556401997,0.133137092,0.963152988,0.684218501,0.547374801,0,-0.523598776,0.828945,center_box,held_active
45,2.250000000,12,1,0.820177623,0.556401997,0.133137092,0.963152988,0.684218501,0.547374801,0,-0.523598776,0.828945,center_box,held_active
45,2.250000000,13,1,0.820177623,0.556401997,0.133137092,0.963152988,0.684218501,0.547374801,0,-0.523598776,0.828945,center_box,held_active
45,2.250000000,14,1,0.820177623,0.556401997,0.133137092,0.963152988,0.684218501,0.547374801,0,-0.523598776,0.828945,center_box,held_active
45,2.250000000,15,1,0.820177623,0.556401997,0.133137092,0.963152988,0.684218501,0.547374801,0,-0.523598776,0.828945,center_box,held_active
45,2.250000000,16,1,0.820177623,0.556401997,0.133137092,0.963152988,0.684218501,0.547374801,0,-0.523598776,0.828945,center_box,held_active
45,2.250000000,17,1,0.820177623,0.556401997,0.133137092,0.963152988,0.684218501,0.547374801,0,-0.523598776,0.828945,center_box,held_active
45,2.250000000,18,1,0.820177623,0.556401997,0.133137092,0.963152988,0.684218501,0.547374801,0,-0.523598776,0.828945,center_box,held_active
45,2.250000000,19,1,0.820177623,0.556401997,0.133137092,0.963152988,0.684218501,0.547374801,0,-0.523598776,0.828945,center_box,held_active
45,2.250000000,20,1,0.820177623,0.556401997,0.133137092,0.963152988,0.684218501,0.547374801,0,-0.523598776,0.828945,center_box,held_active
45,2.250000000,21,1,0.820177623,0.556401997,0.133137092,0.963152988,0.684218501,0.547374801,0,-0.523598776,0.828945,center_box,held_active
45,2.250000000,22,1,0.820177623,0.556401997,0.133137092,0.963152988,0.684218501,0.547374801,0,-0.523598776,0.828945,center_box,held_active
45,2.250000000,23,1,0.820177623,0.556401997,0.133137092,0.963152988,0.684218501,0.547374801,0,-0.523598776,0.828945,center_box,held_active
45,2.250000000,24,1,0.820177623,0.556401997,0.133137092,0.963152988,0.684218501,0.547374801,0,-0.523598776,0.828945,center_box,held_active
46,2.300000000,0,0,,,,,0.684218501,0.547374801,,-0.523598776,0.828945,center_box,held_active
46,2.300000000,1,0,,,,,0.684218501,0.547374801,,-0.523598776,0.828945,center_box,held_active
46,2.300000000,2,0,,,,,0.684218501,0.547374801,,-0.523598776,0.828945,center_box,held_active
46,2.300000000,3,1,0.820177623,0.556401997,0.133137092,0.963152988,0.684218501,0.547374801,0,-0.523598776,0.828945,center_box,held_active
46,2.300000000,4,1,0.820177623,0.556401997,0.133137092,0.963152988,0.684218501,0.547374801,0,-0.523598776,0.828945,center_box,held_active
46,2.300000000,5,1,0.820177623,0.556401997,0.133137092,0.963152988,0.684218501,0.547374801,0,-0.523598776,0.828945,center_box,held_active
46,2.300000000,6,1,0.820177623,0.556401997,0.133137092,0.963152988,0.684218501,0.547374801,0,-0.523598776,0.828945,center_box,held_active
46,2.300000000,7,1,0.820177623,0.556401997,0.133137092,0.963152988,0.684218501,0.547374801,0,-0.523598776,0.828945,center_box,held_active
46,2.300000000,8,1,0.820177623,0.556401997,0.133137092,0.963152988,0.684218501,0.547374801,0,-0.523598776,0.828945,center_box,held_active
46,2.300000000,9,1,0.820177623,0.556401997,0.133137092,0.963152988,0.684218501,0.547374801,0,-0.523598776,0.828945,center_box,held_active
46,2.300000000,10,1,0.820177623,0.556401997,0.133137092,0.963152988,0.684218501,0.547374801,0,-0.523598776,0.828945,center_box,held_active
46,2.300000000,11,1,0.820177623,0.556401997,0.133137092,0.963152988,0.684218501,0.547374801,0,-0.523598776,0.828945,center_box,held_active
46,2.300000000,12,1,0.820177623,0.556401997,0.133137092,0.963152988,0.684218501,0.547374801,0,-0.523598776,0.828945,center_box,held_active
46,2.300000000,13,1,0.820177623,0.556401997,0.133137092,0.963152988,0.684218501,0.547374801,0,-0.523598776,0.828945,center_box,held_active
46,2.300000000,14,1,0.820177623,0.556401997,0.133137092,0.963152988,0.684218501,0.547374801,0,-0.523598776,0.828945,center_box,held_active
46,2.300000000,15,1,0.820177623,0.556401997,0.133137092,0.963152988,0.684218501,0.547374801,0,-0.523598776,0.828945,center_box,held_active
46,2.300000000,16,1,0.820177623,0.556401997,0.133137092,0.963152988,0.684218501,0.547374801,0,-0.523598776,0.828945,center_box,held_active
46,2.300000000,17,1,0.820177623,0.556401997,0.133137092,0.963152988,0.684218501,0.547374801,0,-0.523598776,0.828945,center_box,held_active
46,2.300000000,18,1,0.820177623,0.556401997,0.133137092,0.963152988,0.684218501,0.547374801,0,-0.523598776,0.828945,center_box,held_active
46,2.300000000,19,1,0.820177623,0.556401997,0.133137092,0.963152988,0.684218501,0.547374801,0,-0.523598776,0.828945,center_box,held_active
46,2.300000000,20,1,0.820177623,0.556401997,0.133137092,0.963152988,0.684218501,0.547374801,0,-0.523598776,0.828945,center_box,held_active
46,2.300000000,21,1,0.820177623,0.556401997,0.133137092,0.963152988,0.684218501,0.547374801,0,-0.523598776,0.828945,center_box,held_active
46,2.300000000,22,1,0.820177623,0.556401997,0.133137092,0.963152988,0.684218501,0.547374801,0,-0.523598776,0.828945,center_box,held_active
46,2.300000000,23,1,0.820177623,0.556401997,0.133137092,0.963152988,0.684218501,0.547374801,0,-0.523598776,0.828945,center_box,held_active
46,2.300000000,24,1,0.820177623,0.556401997,0.133137092,0.963152988,0.684218501,0.547374801,0,-0.523598776,0.828945,center_box,held_active
47,2.350000000,0,0,,,,,0.684218501,0.547374801,,-0.523598776,0.828945,center_box,held_active
47,2.350000000,1,0,,,,,0.684218501,0.547374801,,-0.523598776,0.828945,center_box,held_active
47,2.350000000,2,0,,,,,0.684218501,0.547374801,,-0.523598776,0.828945,center_box,held_active
47,2.350000000,3,1,0.820177623,0.556401997,0.133137092,0.963152988,0.684218501,0.547374801,0,-0.523598776,0.828945,center_box,held_active
47,2.350000000,4,1,0.820177623,0.556401997,0.133137092,0.963152988,0.684218501,0.547374801,0,-0.523598776,0.828945,center_box,held_active
47,2.350000000,5,1,0.820177623,0.556401997,0.133137092,0.963152988,0.684218501,0.547374801,0,-0.523598776,0.828945,center_box,held_active
47,2.350000000,6,1,0.820177623,0.556401997,0.133137092,0.963152988,0.684218501,0.547374801,0,-0.523598776,0.828945,center_box,held_active
47,2.350000000,7,1,0.820177623,0.556401997,0.133137092,0.963152988,0.684218501,0.547374801,0,-0.523598776,0.828945,center_box,held_active
47,2.350000000,8,1,0.820177623,0.556401997,0.133137092,0.963152988,0.684218501,0.547374801,0,-0.523598776,0.828945,center_box,held_active
47,2.350000000,9,1,0.820177623,0.556401997,0.133137092,0.963152988,0.684218501,0.547374801,0,-0.523598776,0.828945,center_box,held_active
47,2.350000000,10,1,0.820177623,0.556401997,0.133137092,0.963152988,0.684218501,0.547374801,0,-0.523598776,0.828945,center_box,held_active
47,2.350000000,11,1,0.820177623,0.556401997,0.133137092,0.963152988,0.684218501,0.547374801,0,-0.523598776,0.828945,center_box,held_active
47,2.350000000,12,1,0.820177623,0.556401997,0.133137092,0.963152988,0.684218501,0.547374801,0,-0.523598776,0.828945,center_box,held_active
47,2.350000000,13,1,0.820177623,0.556401997,0.133137092,0.963152988,0.684218501,0.547374801,0,-0.523598776,0.828945,center_box,held_active
47,2.350000000,14,1,0.820177623,0.556401997,0.133137092,0.963152988,0.684218501,0.547374801,0,-0.523598776,0.828945,center_box,held_active
47,2.350000000,15,1,0.820177623,0.556401997,0.133137092,0.963152988,0.684218501,0.547374801,0,-0.523598776,0.828945,center_box,held_active
47,2.350000000,16,1,0.820177623,0.556401997,0.133137092,0.963152988,0.684218501,0.547374801,0,-0.523598776,0.828945,center_box,held_active
47,2.350000000,17,1,0.820177623,0.556401997,0.133137092,0.963152988,0.684218501,0.547374801,0,-0.523598776,0.828945,center_box,held_active
47,2.350000000,18,1,0.820177623,0.556401997,0.133137092,0.963152988,0.684218501,0.547374801,0,-0.523598776,0.828945,center_box,held_active
47,2.350000000,19,1,0.820177623,0.556401997,0.133137092,0.963152988,0.684218501,0.547374801,0,-0.523598776,0.828945,center_box,held_active
47,2.350000000,20,1,0.820177623,0.556401997,0.133137092,0.963152988,0.684218501,0.547374801,0,-0.523598776,0.828945,center_box,held_active
47,2.350000000,21,1,0.820177623,0.556401997,0.133137092,0.963152988,0.684218501,0.547374801,0,-0.523598776,0.828945,center_box,held_active
47,2.350000000,22,1,0.820177623,0.556401997,0.133137092,0.963152988,0.684218501,0.547374801,0,-0.523598776,0.828945,center_box,held_active
47,2.350000000,23,1,0.820177623,0.556401997,0.133137092,0.963152988,0.684218501,0.547374801,0,-0.523598776,0.828945,center_box,held_active
47,2.350000000,24,1,0.820177623,0.556401997,0.133137092,0.963152988,0.684218501,0.547374801,0,-0.523598776,0.828945,center_box,held_active
48,2.400000000,0,0,,,,,,,,,0.000000,,stale_depth
48,2.400000000,1,0,,,,,,,,,0.000000,,stale_depth
48,2.400000000,2,0,,,,,,,,,0.000000,,stale_depth
48,2.400000000,3,0,,,,,,,,,0.000000,,stale_depth
48,2.400000000,4,0,,,,,,,,,0.000000,,stale_depth
48,2.400000000,5,0,,,,,,,,,0.000000,,stale_depth
48,2.400000000,6,0,,,,,,,,,0.000000,,stale_depth
48,2.400000000,7,0,,,,,,,,,0.000000,,stale_depth
48,2.400000000,8,0,,,,,,,,,0.000000,,stale_depth
48,2.400000000,9,0,,,,,,,,,0.000000,,stale_depth
48,2.400000000,10,0,,,,,,,,,0.000000,,stale_depth
48,2.400000000,11,0,,,,,,,,,0.000000,,stale_depth
48,2.400000000,12,0,,,,,,,,,0.000000,,stale_depth
48,2.400000000,13,0,,,,,,,,,0.000000,,stale_depth
48,2.400000000,14,0,,,,,,,,,0.000000,,stale_depth
48,2.400000000,15,0,,,,,,,,,0.000000,,stale_depth
48,2.400000000,16,0,,,,,,,,,0.000000,,stale_depth
48,2.400000000,17,0,,,,,,,,,0.000000,,stale_depth
48,2.400000000,18,0,,,,,,,,,0.000000,,stale_depth
48,2.400000000,19,0,,,,,,,,,0.000000,,stale_depth
48,2.400000000,20,0,,,,,,,,,0.000000,,stale_depth
48,2.400000000,21,0,,,,,,,,,0.000000,,stale_depth
48,2.400000000,22,0,,,,,,,,,0.000000,,stale_depth
48,2.400000000,23,0,,,,,,,,,0.000000,,stale_depth
48,2.400000000,24,0,,,,,,,,,0.000000,,stale_depth
49,2.450000000,0,0,,,,,,,,,0.000000,,stale_depth
49,2.450000000,1,0,,,,,,,,,0.000000,,stale_depth
49,2.450000000,2,0,,,,,,,,,0.000000,,stale_depth
49,2.450000000,3,0,,,,,,,,,0.000000,,stale_depth
49,2.450000000,4,0,,,,,,,,,0.000000,,stale_depth
49,2.450000000,5,0,,,,,,,,,0.000000,,stale_depth
49,2.450000000,6,0,,,,,,,,,0.000000,,stale_depth
49,2.450000000,7,0,,,,,,,,,0.000000,,stale_depth
49,2.450000000,8,0,,,,,,,,,0.000000,,stale_depth
49,2.450000000,9,0,,,,,,,,,0.000000,,stale_depth
49,2.450000000,10,0,,,,,,,,,0.000000,,stale_depth
49,2.450000000,11,0,,,,,,,,,0.000000,,stale_depth
49,2.450000000,12,0,,,,,,,,,0.000000,,stale_depth
49,2.450000000,13,0,,,,,,,,,0.000000,,stale_depth
49,2.450000000,14,0,,,,,,,,,0.000000,,stale_depth
49,2.450000000,15,0,,,,,,,,,0.000000,,stale_depth
49,2.450000000,16,0,,,,,,,,,0.000000,,stale_depth
49,2.450000000,17,0,,,,,,,,,0.000000,,stale_depth
49,2.450000000,18,0,,,,,,,,,0.000000,,stale_depth
49,2.450000000,19,0,,,,,,,,,0.000000,,stale_depth
49,2.450000000,20,0,,,,,,,,,0.000000,,stale_depth
49,2.450000000,21,0,,,,,,,,,0.000000,,stale_depth
49,2.450000000,22,0,,,,,,,,,0.000000,,stale_depth
49,2.450000000,23,0,,,,,,,,,0.000000,,stale_depth
49,2.450000000,24,0,,,,,,,,,0.000000,,stale_depth
50,2.500000000,0,0,,,,,,,,,0.000000,,stale_depth
50,2.500000000,1,0,,,,,,,,,0.000000,,stale_depth
50,2.500000000,2,0,,,,,,,,,0.000000,,stale_depth
50,2.500000000,3,0,,,,,,,,,0.000000,,stale_depth
50,2.500000000,4,0,,,,,,,,,0.000000,,stale_depth
50,2.500000000,5,0,,,,,,,,,0.000000,,stale_depth
50,2.500000000,6,0,,,,,,,,,0.000000,,stale_depth
50,2.500000000,7,0,,,,,,,,,0.000000,,stale_depth
50,2.500000000,8,0,,,,,,,,,0.000000,,stale_depth
50,2.500000000,9,0,,,,,,,,,0.000000,,stale_depth
50,2.500000000,10,0,,,,,,,,,0.000000,,stale_depth
50,2.500000000,11,0,,,,,,,,,0.000000,,stale_depth
50,2.500000000,12,0,,,,,,,,,0.000000,,stale_depth
50,2.500000000,13,0,,,,,,,,,0.000000,,stale_depth
50,2.500000000,14,0,,,,,,,,,0.000000,,stale_depth
50,2.500000000,15,0,,,,,,,,,0.000000,,stale_depth
50,2.500000000,16,0,,,,,,,,,0.000000,,stale_depth
50,2.500000000,17,0,,,,,,,,,0.000000,,stale_depth
50,2.500000000,18,0,,,,,,,,,0.000000,,stale_depth
50,2.500000000,19,0,,,,,,,,,0.000000,,stale_depth
50,2.500000000,20,0,,,,,,,,,0.000000,,stale_depth
50,2.500000000,21,0,,,,,,,,,0.000000,,stale_depth
50,2.500000000,22,0,,,,,,,,,0.000000,,stale_depth
50,2.500000000,23,0,,,,,,,,,0.000000,,stale_depth
50,2.500000000,24,0,,,,,,,,,0.000000,,stale_depth
51,2.550000000,0,0,,,,,,,,,0.000000,,stale_depth
51,2.550000000,1,0,,,,,,,,,0.000000,,stale_depth
51,2.550000000,2,0,,,,,,,,,0.000000,,stale_depth
51,2.550000000,3,0,,,,,,,,,0.000000,,stale_depth
51,2.550000000,4,0,,,,,,,,,0.000000,,stale_depth
51,2.550000000,5,0,,,,,,,,,0.000000,,stale_depth
51,2.550000000,6,0,,,,,,,,,0.000000,,stale_depth
51,2.550000000,7,0,,,,,,,,,0.000000,,stale_depth
51,2.550000000,8,0,,,,,,,,,0.000000,,stale_depth
51,2.550000000,9,0,,,,,,,,,0.000000,,stale_depth
51,2.550000000,10,0,,,,,,,,,0.000000,,stale_depth
51,2.550000000,11,0,,,,,,,,,0.000000,,stale_depth
51,2.550000000,12,0,,,,,,,,,0.000000,,stale_depth
51,2.550000000,13,0,,,,,,,,,0.000000,,stale_depth
51,2.550000000,14,0,,,,,,,,,0.000000,,stale_depth
51,2.550000000,15,0,,,,,,,,,0.000000,,stale_depth
51,2.550000000,16,0,,,,,,,,,0.000000,,stale_depth
51,2.550000000,17,0,,,,,,,,,0.000000,,stale_depth
51,2.550000000,18,0,,,,,,,,,0.000000,,stale_depth
51,2.550000000,19,0,,,,,,,,,0.000000,,stale_depth
51,2.550000000,20,0,,,,,,,,,0.000000,,stale_depth
51,2.550000000,21,0,,,,,,,,,0.000000,,stale_depth
51,2.550000000,22,0,,,,,,,,,0.000000,,stale_depth
51,2.550000000,23,0,,,,,,,,,0.000000,,stale_depth
51,2.550000000,24,0,,,,,,,,,0.000000,,stale_depth
52,2.600000000,0,0,,,,,,,,,0.000000,,stale_depth
52,2.600000000,1,0,,,,,,,,,0.000000,,stale_depth
52,2.600000000,2,0,,,,,,,,,0.000000,,stale_depth
52,2.600000000,3,0,,,,,,,,,0.000000,,stale_depth
52,2.600000000,4,0,,,,,,,,,0.000000,,stale_depth
52,2.600000000,5,0,,,,,,,,,0.000000,,stale_depth
52,2.600000000,6,0,,,,,,,,,0.000000,,stale_depth
52,2.600000000,7,0,,,,,,,,,0.000000,,stale_depth
52,2.600000000,8,0,,,,,,,,,0.000000,,stale_depth
52,2.600000000,9,0,,,,,,,,,0.000000,,stale_depth
52,2.600000000,10,0,,,,,,,,,0.000000,,stale_depth
52,2.600000000,11,0,,,,,,,,,0.000000,,stale_depth
52,2.600000000,12,0,,,,,,,,,0.000000,,stale_depth
52,2.600000000,13,0,,,,,,,,,0.000000,,stale_depth
52,2.600000000,14,0,,,,,,,,,0.000000,,stale_depth
52,2.600000000,15,0,,,,,,,,,0.000000,,stale_depth
52,2.600000000,16,0,,,,,,,,,0.000000,,stale_depth
52,2.600000000,17,0,,,,,,,,,0.000000,,stale_depth
52,2.600000000,18,0,,,,,,,,,0.000000,,stale_depth
52,2.600000000,19,0,,,,,,,,,0.000000,,stale_depth
52,2.600000000,20,0,,,,,,,,,0.000000,,stale_depth
52,2.600000000,21,0,,,,,,,,,0.000000,,stale_depth
52,2.600000000,22,0,,,,,,,,,0.000000,,stale_depth
52,2.600000000,23,0,,,,,,,,,0.000000,,stale_depth
52,2.600000000,24,0,,,,,,,,,0.000000,,stale_depth
53,2.650000000,0,0,,,,,,,,,0.000000,,stale_depth
53,2.650000000,1,0,,,,,,,,,0.000000,,stale_depth
53,2.650000000,2,0,,,,,,,,,0.000000,,stale_depth
53,2.650000000,3,0,,,,,,,,,0.000000,,stale_depth
53,2.650000000,4,0,,,,,,,,,0.000000,,stale_depth
53,2.650000000,5,0,,,,,,,,,0.000000,,stale_depth
53,2.650000000,6,0,,,,,,,,,0.000000,,stale_depth
53,2.650000000,7,0,,,,,,,,,0.000000,,stale_depth
53,2.650000000,8,0,,,,,,,,,0.000000,,stale_depth
53,2.650000000,9,0,,,,,,,,,0.000000,,stale_depth
53,2.650000000,10,0,,,,,,,,,0.000000,,stale_depth
53,2.650000000,11,0,,,,,,,,,0.000000,,stale_depth
53,2.650000000,12,0,,,,,,,,,0.000000,,stale_depth
53,2.650000000,13,0,,,,,,,,,0.000000,,stale_depth
53,2.650000000,14,0,,,,,,,,,0.000000,,stale_depth
53,2.650000000,15,0,,,,,,,,,0.000000,,stale_depth
53,2.650000000,16,0,,,,,,,,,0.000000,,stale_depth
53,2.650000000,17,0,,,,,,,,,0.000000,,stale_depth
53,2.650000000,18,0,,,,,,,,,0.000000,,stale_depth
53,2.650000000,19,0,,,,,,,,,0.000000,,stale_depth
53,2.650000000,20,0,,,,,,,,,0.000000,,stale_depth
53,2.650000000,21,0,,,,,,,,,0.000000,,stale_depth
53,2.650000000,22,0,,,,,,,,,0.000000,,stale_depth
53,2.650000000,23,0,,,,,,,,,0.000000,,stale_depth
53,2.650000000,24,0,,,,,,,,,0.000000,,stale_depth
54,2.700000000,0,0,,,,,,,,,0.000000,,stale_depth
54,2.700000000,1,0,,,,,,,,,0.000000,,stale_depth
54,2.700000000,2,0,,,,,,,,,0.000000,,stale_depth
54,2.700000000,3,0,,,,,,,,,0.000000,,stale_depth
54,2.700000000,4,0,,,,,,,,,0.000000,,stale_depth
54,2.700000000,5,0,,,,,,,,,0.000000,,stale_depth
54,2.700000000,6,0,,,,,,,,,0.000000,,stale_depth
54,2.700000000,7,0,,,,,,,,,0.000000,,stale_depth
54,2.700000000,8,0,,,,,,,,,0.000000,,stale_depth
54,2.700000000,9,0,,,,,,,,,0.000000,,stale_depth
54,2.700000000,10,0,,,,,,,,,0.000000,,stale_depth
54,2.700000000,11,0,,,,,,,,,0.000000,,stale_depth
54,2.700000000,12,0,,,,,,,,,0.000000,,stale_depth
54,2.700000000,13,0,,,,,,,,,0.000000,,stale_depth
54,2.700000000,14,0,,,,,,,,,0.000000,,stale_depth
54,2.700000000,15,0,,,,,,,,,0.000000,,stale_depth
54,2.700000000,16,0,,,,,,,,,0.000000,,stale_depth
54,2.700000000,17,0,,,,,,,,,0.000000,,stale_depth
54,2.700000000,18,0,,,,,,,,,0.000000,,stale_depth
54,2.700000000,19,0,,,,,,,,,0.000000,,stale_depth
54,2.700000000,20,0,,,,,,,,,0.000000,,stale_depth
54,2.700000000,21,0,,,,,,,,,0.000000,,stale_depth
54,2.700000000,22,0,,,,,,,,,0.000000,,stale_depth
54,2.700000000,23,0,,,,,,,,,0.000000,,stale_depth
54,2.700000000,24,0,,,,,,,,,0.000000,,stale_depth
55,2.750000000,0,0,,,,,,,,,0.000000,,stale_depth
55,2.750000000,1,0,,,,,,,,,0.000000,,stale_depth
55,2.750000000,2,0,,,,,,,,,0.000000,,stale_depth
55,2.750000000,3,0,,,,,,,,,0.000000,,stale_depth
55,2.750000000,4,0,,,,,,,,,0.000000,,stale_depth
55,2.750000000,5,0,,,,,,,,,0.000000,,stale_depth
55,2.750000000,6,0,,,,,,,,,0.000000,,stale_depth
55,2.750000000,7,0,,,,,,,,,0.000000,,stale_depth
55,2.750000000,8,0,,,,,,,,,0.000000,,stale_depth
55,2.750000000,9,0,,,,,,,,,0.000000,,stale_depth
55,2.750000000,10,0,,,,,,,,,0.000000,,stale_depth
55,2.750000000,11,0,,,,,,,,,0.000000,,stale_depth
55,2.750000000,12,0,,,,,,,,,0.000000,,stale_depth
55,2.750000000,13,0,,,,,,,,,0.000000,,stale_depth
55,2.750000000,14,0,,,,,,,,,0.000000,,stale_depth
55,2.750000000,15,0,,,,,,,,,0.000000,,stale_depth
55,2.750000000,16,0,,,,,,,,,0.000000,,stale_depth
55,2.750000000,17,0,,,,,,,,,0.000000,,stale_depth
55,2.750000000,18,0,,,,,,,,,0.000000,,stale_depth
55,2.750000000,19,0,,,,,,,,,0.000000,,stale_depth
55,2.750000000,20,0,,,,,,,,,0.000000,,stale_depth
55,2.750000000,21,0,,,,,,,,,0.000000,,stale_depth
55,2.750000000,22,0,,,,,,,,,0.000000,,stale_depth
55,2.750000000,23,0,,,,,,,,,0.000000,,stale_depth
55,2.750000000,24,0,,,,,,,,,0.000000,,stale_depth
56,2.800000000,0,0,,,,,,,,,0.000000,,stale_depth
56,2.800000000,1,0,,,,,,,,,0.000000,,stale_depth
56,2.800000000,2,0,,,,,,,,,0.000000,,stale_depth
56,2.800000000,3,0,,,,,,,,,0.000000,,stale_depth
56,2.800000000,4,0,,,,,,,,,0.000000,,stale_depth
56,2.800000000,5,0,,,,,,,,,0.000000,,stale_depth
56,2.800000000,6,0,,,,,,,,,0.000000,,stale_depth
56,2.800000000,7,0,,,,,,,,,0.000000,,stale_depth
56,2.800000000,8,0,,,,,,,,,0.000000,,stale_depth
56,2.800000000,9,0,,,,,,,,,0.000000,,stale_depth
56,2.800000000,10,0,,,,,,,,,0.000000,,stale_depth
56,2.800000000,11,0,,,,,,,,,0.000000,,stale_depth
56,2.800000000,12,0,,,,,,,,,0.000000,,stale_depth
56,2.800000000,13,0,,,,,,,,,0.000000,,stale_depth
56,2.800000000,14,0,,,,,,,,,0.000000,,stale_depth
56,2.800000000,15,0,,,,,,,,,0.000000,,stale_depth
56,2.800000000,16,0,,,,,,,,,0.000000,,stale_depth
56,2.800000000,17,0,,,,,,,,,0.000000,,stale_depth
56,2.800000000,18,0,,,,,,,,,0.000000,,stale_depth
56,2.800000000,19,0,,,,,,,,,0.000000,,stale_depth
56,2.800000000,20,0,,,,,,,,,0.000000,,stale_depth
56,2.800000000,21,0,,,,,,,,,0.000000,,stale_depth
56,2.800000000,22,0,,,,,,,,,0.000000,,stale_depth
56,2.800000000,23,0,,,,,,,,,0.000000,,stale_depth
56,2.800000000,24,0,,,,,,,,,0.000000,,stale_depth
57,2.850000000,0,0,,,,,,,,,0.000000,,stale_depth
57,2.850000000,1,0,,,,,,,,,0.000000,,stale_depth
57,2.850000000,2,0,,,,,,,,,0.000000,,stale_depth
57,2.850000000,3,0,,,,,,,,,0.000000,,stale_depth
57,2.850000000,4,0,,,,,,,,,0.000000,,stale_depth
57,2.850000000,5,0,,,,,,,,,0.000000,,stale_depth
57,2.850000000,6,0,,,,,,,,,0.000000,,stale_depth
57,2.850000000,7,0,,,,,,,,,0.000000,,stale_depth
57,2.850000000,8,0,,,,,,,,,0.000000,,stale_depth
57,2.850000000,9,0,,,,,,,,,0.000000,,stale_depth
57,2.850000000,10,0,,,,,,,,,0.000000,,stale_depth
57,2.850000000,11,0,,,,,,,,,0.000000,,stale_depth
57,2.850000000,12,0,,,,,,,,,0.000000,,stale_depth
57,2.850000000,13,0,,,,,,,,,0.000000,,stale_depth
57,2.850000000,14,0,,,,,,,,,0.000000,,stale_depth
57,2.850000000,15,0,,,,,,,,,0.000000,,stale_depth
57,2.850000000,16,0,,,,,,,,,0.000000,,stale_depth
57,2.850000000,17,0,,,,,,,,,0.000000,,stale_depth
57,2.850000000,18,0,,,,,,,,,0.000000,,stale_depth
57,2.850000000,19,0,,,,,,,,,0.000000,,stale_depth
57,2.850000000,20,0,,,,,,,,,0.000000,,stale_depth
57,2.850000000,21,0,,,,,,,,,0.000000,,stale_depth
57,2.850000000,22,0,,,,,,,,,0.000000,,stale_depth
57,2.850000000,23,0,,,,,,,,,0.000000,,stale_depth
57,2.850000000,24,0,,,,,,,,,0.000000,,stale_depth
58,2.900000000,0,0,,,,,,,,,0.000000,,stale_depth
58,2.900000000,1,0,,,,,,,,,0.000000,,stale_depth
58,2.900000000,2,0,,,,,,,,,0.000000,,stale_depth
58,2.900000000,3,0,,,,,,,,,0.000000,,stale_depth
58,2.900000000,4,0,,,,,,,,,0.000000,,stale_depth
58,2.900000000,5,0,,,,,,,,,0.000000,,stale_depth
58,2.900000000,6,0,,,,,,,,,0.000000,,stale_depth
58,2.900000000,7,0,,,,,,,,,0.000000,,stale_depth
58,2.900000000,8,0,,,,,,,,,0.000000,,stale_depth
58,2.900000000,9,0,,,,,,,,,0.000000,,stale_depth
58,2.900000000,10,0,,,,,,,,,0.000000,,stale_depth
58,2.900000000,11,0,,,,,,,,,0.000000,,stale_depth
58,2.900000000,12,0,,,,,,,,,0.000000,,stale_depth
58,2.900000000,13,0,,,,,,,,,0.000000,,stale_depth
58,2.900000000,14,0,,,,,,,,,0.000000,,stale_depth
58,2.900000000,15,0,,,,,,,,,0.000000,,stale_depth
58,2.900000000,16,0,,,,,,,,,0.000000,,stale_depth
58,2.900000000,17,0,,,,,,,,,0.000000,,stale_depth
58,2.900000000,18,0,,,,,,,,,0.000000,,stale_depth
58,2.900000000,19,0,,,,,,,,,0.000000,,stale_depth
58,2.900000000,20,0,,,,,,,,,0.000000,,stale_depth
58,2.900000000,21,0,,,,,,,,,0.000000,,stale_depth
58,2.900000000,22,0,,,,,,,,,0.000000,,stale_depth
58,2.900000000,23,0,,,,,,,,,0.000000,,stale_depth
58,2.900000000,24,0,,,,,,,,,0.000000,,stale_depth
59,2.950000000,0,0,,,,,,,,,0.000000,,stale_depth
59,2.950000000,1,0,,,,,,,,,0.000000,,stale_depth
59,2.950000000,2,0,,,,,,,,,0.000000,,stale_depth
59,2.950000000,3,0,,,,,,,,,0.000000,,stale_depth
59,2.950000000,4,0,,,,,,,,,0.000000,,stale_depth
59,2.950000000,5,0,,,,,,,,,0.000000,,stale_depth
59,2.950000000,6,0,,,,,,,,,0.000000,,stale_depth
59,2.950000000,7,0,,,,,,,,,0.000000,,stale_depth
59,2.950000000,8,0,,,,,,,,,0.000000,,stale_depth
59,2.950000000,9,0,,,,,,,,,0.000000,,stale_depth
59,2.950000000,10,0,,,,,,,,,0.000000,,stale_depth
59,2.950000000,11,0,,,,,,,,,0.000000,,stale_depth
59,2.950000000,12,0,,,,,,,,,0.000000,,stale_depth
59,2.950000000,13,0,,,,,,,,,0.000000,,stale_depth
59,2.950000000,14,0,,,,,,,,,0.000000,,stale_depth
59,2.950000000,15,0,,,,,,,,,0.000000,,stale_depth
59,2.950000000,16,0,,,,,,,,,0.000000,,stale_depth
59,2.950000000,17,0,,,,,,,,,0.000000,,stale_depth
59,2.950000000,18,0,,,,,,,,,0.000000,,stale_depth
59,2.950000000,19,0,,,,,,,,,0.000000,,stale_depth
59,2.950000000,20,0,,,,,,,,,0.000000,,stale_depth
59,2.950000000,21,0,,,,,,,,,0.000000,,stale_depth
59,2.950000000,22,0,,,,,,,,,0.000000,,stale_depth
59,2.950000000,23,0,,,,,,,,,0.000000,,stale_depth
59,2.950000000,24,0,,,,,,,,,0.000000,,stale_depth
60,3.000000000,0,0,,,,,,,,,0.000000,,stale_depth
60,3.000000000,1,0,,,,,,,,,0.000000,,stale_depth
60,3.000000000,2,0,,,,,,,,,0.000000,,stale_depth
60,3.000000000,3,0,,,,,,,,,0.000000,,stale_depth
60,3.000000000,4,0,,,,,,,,,0.000000,,stale_depth
60,3.000000000,5,0,,,,,,,,,0.000000,,stale_depth
60,3.000000000,6,0,,,,,,,,,0.000000,,stale_depth
60,3.000000000,7,0,,,,,,,,,0.000000,,stale_depth
60,3.000000000,8,0,,,,,,,,,0.000000,,stale_depth
60,3.000000000,9,0,,,,,,,,,0.000000,,stale_depth
60,3.000000000,10,0,,,,,,,,,0.000000,,stale_depth
60,3.000000000,11,0,,,,,,,,,0.000000,,stale_depth
60,3.000000000,12,0,,,,,,,,,0.000000,,stale_depth
60,3.000000000,13,0,,,,,,,,,0.000000,,stale_depth
60,3.000000000,14,0,,,,,,,,,0.000000,,stale_depth
60,3.000000000,15,0,,,,,,,,,0.000000,,stale_depth
60,3.000000000,16,0,,,,,,,,,0.000000,,stale_depth
60,3.000000000,17,0,,,,,,,,,0.000000,,stale_depth
60,3.000000000,18,0,,,,,,,,,0.000000,,stale_depth
60,3.000000000,19,0,,,,,,,,,0.000000,,stale_depth
60,3.000000000,20,0,,,,,,,,,0.000000,,stale_depth
60,3.000000000,21,0,,,,,,,,,0.000000,,stale_depth
60,3.000000000,22,0,,,,,,,,,0.000000,,stale_depth
60,3.000000000,23,0,,,,,,,,,0.000000,,stale_depth
60,3.000000000,24,0,,,,,,,,,0.000000,,stale_depth
61,3.050000000,0,0,,,,,,,,,0.000000,,stale_depth
61,3.050000000,1,0,,,,,,,,,0.000000,,stale_depth
61,3.050000000,2,0,,,,,,,,,0.000000,,stale_depth
61,3.050000000,3,0,,,,,,,,,0.000000,,stale_depth
61,3.050000000,4,0,,,,,,,,,0.000000,,stale_depth
61,3.050000000,5,0,,,,,,,,,0.000000,,stale_depth
61,3.050000000,6,0,,,,,,,,,0.000000,,stale_depth
61,3.050000000,7,0,,,,,,,,,0.000000,,stale_depth
61,3.050000000,8,0,,,,,,,,,0.000000,,stale_depth
61,3.050000000,9,0,,,,,,,,,0.000000,,stale_depth
61,3.050000000,10,0,,,,,,,,,0.000000,,stale_depth
61,3.050000000,11,0,,,,,,,,,0.000000,,stale_depth
61,3.050000000,12,0,,,,,,,,,0.000000,,stale_depth
61,3.050000000,13,0,,,,,,,,,0.000000,,stale_depth
61,3.050000000,14,0,,,,,,,,,0.000000,,stale_depth
61,3.050000000,15,0,,,,,,,,,0.000000,,stale_depth
61,3.050000000,16,0,,,,,,,,,0.000000,,stale_depth
61,3.050000000,17,0,,,,,,,,,0.000000,,stale_depth
61,3.050000000,18,0,,,,,,,,,0.000000,,stale_depth
61,3.050000000,19,0,,,,,,,,,0.000000,,stale_depth
61,3.050000000,20,0,,,,,,,,,0.000000,,stale_depth
61,3.050000000,21,0,,,,,,,,,0.000000,,stale_depth
61,3.050000000,22,0,,,,,,,,,0.000000,,stale_depth
61,3.050000000,23,0,,,,,,,,,0.000000,,stale_depth
61,3.050000000,24,0,,,,,,,,,0.000000,,stale_depth
62,3.100000000,0,0,,,,,,,,,0.000000,,stale_depth
62,3.100000000,1,0,,,,,,,,,0.000000,,stale_depth
62,3.100000000,2,0,,,,,,,,,0.000000,,stale_depth
62,3.100000000,3,0,,,,,,,,,0.000000,,stale_depth
62,3.100000000,4,0,,,,,,,,,0.000000,,stale_depth
62,3.100000000,5,0,,,,,,,,,0.000000,,stale_depth
62,3.100000000,6,0,,,,,,,,,0.000000,,stale_depth
62,3.100000000,7,0,,,,,,,,,0.000000,,stale_depth
62,3.100000000,8,0,,,,,,,,,0.000000,,stale_depth
62,3.100000000,9,0,,,,,,,,,0.000000,,stale_depth
62,3.100000000,10,0,,,,,,,,,0.000000,,stale_depth
62,3.100000000,11,0,,,,,,,,,0.000000,,stale_depth
62,3.100000000,12,0,,,,,,,,,0.000000,,stale_depth
62,3.100000000,13,0,,,,,,,,,0.000000,,stale_depth
62,3.100000000,14,0,,,,,,,,,0.000000,,stale_depth
62,3.100000000,15,0,,,,,,,,,0.000000,,stale_depth
62,3.100000000,16,0,,,,,,,,,0.000000,,stale_depth
62,3.100000000,17,0,,,,,,,,,0.000000,,stale_depth
62,3.100000000,18,0,,,,,,,,,0.000000,,stale_depth
62,3.100000000,19,0,,,,,,,,,0.000000,,stale_depth
62,3.100000000,20,0,,,,,,,,,0.000000,,stale_depth
62,3.100000000,21,0,,,,,,,,,0.000000,,stale_depth
62,3.100000000,22,0,,,,,,,,,0.000000,,stale_depth
62,3.100000000,23,0,,,,,,,,,0.000000,,stale_depth
62,3.100000000,24,0,,,,,,,,,0.000000,,stale_depth
63,3.150000000,0,0,,,,,,,,,0.000000,,stale_depth
63,3.150000000,1,0,,,,,,,,,0.000000,,stale_depth
63,3.150000000,2,0,,,,,,,,,0.000000,,stale_depth
63,3.150000000,3,0,,,,,,,,,0.000000,,stale_depth
63,3.150000000,4,0,,,,,,,,,0.000000,,stale_depth
63,3.150000000,5,0,,,,,,,,,0.000000,,stale_depth
63,3.150000000,6,0,,,,,,,,,0.000000,,stale_depth
63,3.150000000,7,0,,,,,,,,,0.000000,,stale_depth
63,3.150000000,8,0,,,,,,,,,0.000000,,stale_depth
63,3.150000000,9,0,,,,,,,,,0.000000,,stale_depth
63,3.150000000,10,0,,,,,,,,,0.000000,,stale_depth
63,3.150000000,11,0,,,,,,,,,0.000000,,stale_depth
63,3.150000000,12,0,,,,,,,,,0.000000,,stale_depth
63,3.150000000,13,0,,,,,,,,,0.000000,,stale_depth
63,3.150000000,14,0,,,,,,,,,0.000000,,stale_depth
63,3.150000000,15,0,,,,,,,,,0.000000,,stale_depth
63,3.150000000,16,0,,,,,,,,,0.000000,,stale_depth
63,3.150000000,17,0,,,,,,,,,0.000000,,stale_depth
63,3.150000000,18,0,,,,,,,,,0.000000,,stale_depth
63,3.150000000,19,0,,,,,,,,,0.000000,,stale_depth
63,3.150000000,20,0,,,,,,,,,0.000000,,stale_depth
63,3.150000000,21,0,,,,,,,,,0.000000,,stale_depth
63,3.150000000,22,0,,,,,,,,,0.000000,,stale_depth
63,3.150000000,23,0,,,,,,,,,0.000000,,stale_depth
63,3.150000000,24,0,,,,,,,,,0.000000,,stale_depth
64,3.200000000,0,0,,,,,,,,,0.000000,,stale_depth
64,3.200000000,1,0,,,,,,,,,0.000000,,stale_depth
64,3.200000000,2,0,,,,,,,,,0.000000,,stale_depth
64,3.200000000,3,0,,,,,,,,,0.000000,,stale_depth
64,3.200000000,4,0,,,,,,,,,0.000000,,stale_depth
64,3.200000000,5,0,,,,,,,,,0.000000,,stale_depth
64,3.200000000,6,0,,,,,,,,,0.000000,,stale_depth
64,3.200000000,7,0,,,,,,,,,0.000000,,stale_depth
64,3.200000000,8,0,,,,,,,,,0.000000,,stale_depth
64,3.200000000,9,0,,,,,,,,,0.000000,,stale_depth
64,3.200000000,10,0,,,,,,,,,0.000000,,stale_depth
64,3.200000000,11,0,,,,,,,,,0.000000,,stale_depth
64,3.200000000,12,0,,,,,,,,,0.000000,,stale_depth
64,3.200000000,13,0,,,,,,,,,0.000000,,stale_depth
64,3.200000000,14,0,,,,,,,,,0.000000,,stale_depth
64,3.200000000,15,0,,,,,,,,,0.000000,,stale_depth
64,3.200000000,16,0,,,,,,,,,0.000000,,stale_depth
64,3.200000000,17,0,,,,,,,,,0.000000,,stale_depth
64,3.200000000,18,0,,,,,,,,,0.000000,,stale_depth
64,3.200000000,19,0,,,,,,,,,0.000000,,stale_depth
64,3.200000000,20,0,,,,,,,,,0.000000,,stale_depth
64,3.200000000,21,0,,,,,,,,,0.000000,,stale_depth
64,3.200000000,22,0,,,,,,,,,0.000000,,stale_depth
64,3.200000000,23,0,,,,,,,,,0.000000,,stale_depth
64,3.200000000,24,0,,,,,,,,,0.000000,,stale_depth
65,3.250000000,0,0,,,,,,,,,0.000000,,stale_depth
65,3.250000000,1,0,,,,,,,,,0.000000,,stale_depth
65,3.250000000,2,0,,,,,,,,,0.000000,,stale_depth
65,3.250000000,3,0,,,,,,,,,0.000000,,stale_depth
65,3.250000000,4,0,,,,,,,,,0.000000,,stale_depth
65,3.250000000,5,0,,,,,,,,,0.000000,,stale_depth
65,3.250000000,6,0,,,,,,,,,0.000000,,stale_depth
65,3.250000000,7,0,,,,,,,,,0.000000,,stale_depth
65,3.250000000,8,0,,,,,,,,,0.000000,,stale_depth
65,3.250000000,9,0,,,,,,,,,0.000000,,stale_depth
65,3.250000000,10,0,,,,,,,,,0.000000,,stale_depth
65,3.250000000,11,0,,,,,,,,,0.000000,,stale_depth
65,3.250000000,12,0,,,,,,,,,0.000000,,stale_depth
65,3.250000000,13,0,,,,,,,,,0.000000,,stale_depth
65,3.250000000,14,0,,,,,,,,,0.000000,,stale_depth
65,3.250000000,15,0,,,,,,,,,0.000000,,stale_depth
65,3.250000000,16,0,,,,,,,,,0.000000,,stale_depth
65,3.250000000,17,0,,,,,,,,,0.000000,,stale_depth
65,3.250000000,18,0,,,,,,,,,0.000000,,stale_depth
65,3.250000000,19,0,,,,,,,,,0.000000,,stale_depth
65,3.250000000,20,0,,,,,,,,,0.000000,,stale_depth
65,3.250000000,21,0,,,,,,,,,0.000000,,stale_depth
65,3.250000000,22,0,,,,,,,,,0.000000,,stale_depth
65,3.250000000,23,0,,,,,,,,,0.000000,,stale_depth
65,3.250000000,24,0,,,,,,,,,0.000000,,stale_depth
66,3.300000000,0,0,,,,,,,,,0.000000,,stale_depth
66,3.300000000,1,0,,,,,,,,,0.000000,,stale_depth
66,3.300000000,2,0,,,,,,,,,0.000000,,stale_depth
66,3.300000000,3,0,,,,,,,,,0.000000,,stale_depth
66,3.300000000,4,0,,,,,,,,,0.000000,,stale_depth
66,3.300000000,5,0,,,,,,,,,0.000000,,stale_depth
66,3.300000000,6,0,,,,,,,,,0.000000,,stale_depth
66,3.300000000,7,0,,,,,,,,,0.000000,,stale_depth
66,3.300000000,8,0,,,,,,,,,0.000000,,stale_depth
66,3.300000000,9,0,,,,,,,,,0.000000,,stale_depth
66,3.300000000,10,0,,,,,,,,,0.000000,,stale_depth
66,3.300000000,11,0,,,,,,,,,0.000000,,stale_depth
66,3.300000000,12,0,,,,,,,,,0.000000,,stale_depth
66,3.300000000,13,0,,,,,,,,,0.000000,,stale_depth
66,3.300000000,14,0,,,,,,,,,0.000000,,stale_depth
66,3.300000000,15,0,,,,,,,,,0.000000,,stale_depth
66,3.300000000,16,0,,,,,,,,,0.000000,,stale_depth
66,3.300000000,17,0,,,,,,,,,0.000000,,stale_depth
66,3.300000000,18,0,,,,,,,,,0.000000,,stale_depth
66,3.300000000,19,0,,,,,,,,,0.000000,,stale_depth
66,3.300000000,20,0,,,,,,,,,0.000000,,stale_depth
66,3.300000000,21,0,,,,,,,,,0.000000,,stale_depth
66,3.300000000,22,0,,,,,,,,,0.000000,,stale_depth
66,3.300000000,23,0,,,,,,,,,0.000000,,stale_depth
66,3.300000000,24,0,,,,,,,,,0.000000,,stale_depth
67,3.350000000,0,0,,,,,,,,,0.000000,,stale_depth
67,3.350000000,1,0,,,,,,,,,0.000000,,stale_depth
67,3.350000000,2,0,,,,,,,,,0.000000,,stale_depth
67,3.350000000,3,0,,,,,,,,,0.000000,,stale_depth
67,3.350000000,4,0,,,,,,,,,0.000000,,stale_depth
67,3.350000000,5,0,,,,,,,,,0.000000,,stale_depth
67,3.350000000,6,0,,,,,,,,,0.000000,,stale_depth
67,3.350000000,7,0,,,,,,,,,0.000000,,stale_depth
67,3.350000000,8,0,,,,,,,,,0.000000,,stale_depth
67,3.350000000,9,0,,,,,,,,,0.000000,,stale_depth
67,3.350000000,10,0,,,,,,,,,0.000000,,stale_depth
67,3.350000000,11,0,,,,,,,,,0.000000,,stale_depth
67,3.350000000,12,0,,,,,,,,,0.000000,,stale_depth
67,3.350000000,13,0,,,,,,,,,0.000000,,stale_depth
67,3.350000000,14,0,,,,,,,,,0.000000,,stale_depth
67,3.350000000,15,0,,,,,,,,,0.000000,,stale_depth
67,3.350000000,16,0,,,,,,,,,0.000000,,stale_depth
67,3.350000000,17,0,,,,,,,,,0.000000,,stale_depth
67,3.350000000,18,0,,,,,,,,,0.000000,,stale_depth
67,3.350000000,19,0,,,,,,,,,0.000000,,stale_depth
67,3.350000000,20,0,,,,,,,,,0.000000,,stale_depth
67,3.350000000,21,0,,,,,,,,,0.000000,,stale_depth
67,3.350000000,22,0,,,,,,,,,0.000000,,stale_depth
67,3.350000000,23,0,,,,,,,,,0.000000,,stale_depth
67,3.350000000,24,0,,,,,,,,,0.000000,,stale_depth
68,3.400000000,0,0,,,,,,,,,0.000000,,stale_depth
68,3.400000000,1,0,,,,,,,,,0.000000,,stale_depth
68,3.400000000,2,0,,,,,,,,,0.000000,,stale_depth
68,3.400000000,3,0,,,,,,,,,0.000000,,stale_depth
68,3.400000000,4,0,,,,,,,,,0.000000,,stale_depth
68,3.400000000,5,0,,,,,,,,,0.000000,,stale_depth
68,3.400000000,6,0,,,,,,,,,0.000000,,stale_depth
68,3.400000000,7,0,,,,,,,,,0.000000,,stale_depth
68,3.400000000,8,0,,,,,,,,,0.000000,,stale_depth
68,3.400000000,9,0,,,,,,,,,0.000000,,stale_depth
68,3.400000000,10,0,,,,,,,,,0.000000,,stale_depth
68,3.400000000,11,0,,,,,,,,,0.000000,,stale_depth
68,3.400000000,12,0,,,,,,,,,0.000000,,stale_depth
68,3.400000000,13,0,,,,,,,,,0.000000,,stale_depth
68,3.400000000,14,0,,,,,,,,,0.000000,,stale_depth
68,3.400000000,15,0,,,,,,,,,0.000000,,stale_depth
68,3.400000000,16,0,,,,,,,,,0.000000,,stale_depth
68,3.400000000,17,0,,,,,,,,,0.000000,,stale_depth
68,3.400000000,18,0,,,,,,,,,0.000000,,stale_depth
68,3.400000000,19,0,,,,,,,,,0.000000,,stale_depth
68,3.400000000,20,0,,,,,,,,,0.000000,,stale_depth
68,3.400000000,21,0,,,,,,,,,0.000000,,stale_depth
68,3.400000000,22,0,,,,,,,,,0.000000,,stale_depth
68,3.400000000,23,0,,,,,,,,,0.000000,,stale_depth
68,3.400000000,24,0,,,,,,,,,0.000000,,stale_depth
69,3.450000000,0,0,,,,,,,,,0.000000,,stale_depth
69,3.450000000,1,0,,,,,,,,,0.000000,,stale_depth
69,3.450000000,2,0,,,,,,,,,0.000000,,stale_depth
69,3.450000000,3,0,,,,,,,,,0.000000,,stale_depth
69,3.450000000,4,0,,,,,,,,,0.000000,,stale_depth
69,3.450000000,5,0,,,,,,,,,0.000000,,stale_depth
69,3.450000000,6,0,,,,,,,,,0.000000,,stale_depth
69,3.450000000,7,0,,,,,,,,,0.000000,,stale_depth
69,3.450000000,8,0,,,,,,,,,0.000000,,stale_depth
69,3.450000000,9,0,,,,,,,,,0.000000,,stale_depth
69,3.450000000,10,0,,,,,,,,,0.000000,,stale_depth
69,3.450000000,11,0,,,,,,,,,0.000000,,stale_depth
69,3.450000000,12,0,,,,,,,,,0.000000,,stale_depth
69,3.450000000,13,0,,,,,,,,,0.000000,,stale_depth
69,3.450000000,14,0,,,,,,,,,0.000000,,stale_depth
69,3.450000000,15,0,,,,,,,,,0.000000,,stale_depth
69,3.450000000,16,0,,,,,,,,,0.000000,,stale_depth
69,3.450000000,17,0,,,,,,,,,0.000000,,stale_depth
69,3.450000000,18,0,,,,,,,,,0.000000,,stale_depth
69,3.450000000,19,0,,,,,,,,,0.000000,,stale_depth
69,3.450000000,20,0,,,,,,,,,0.000000,,stale_depth
69,3.450000000,21,0,,,,,,,,,0.000000,,stale_depth
69,3.450000000,22,0,,,,,,,,,0.000000,,stale_depth
69,3.450000000,23,0,,,,,,,,,0.000000,,stale_depth
69,3.450000000,24,0,,,,,,,,,0.000000,,stale_depth
70,3.500000000,0,0,,,,,,,,,0.000000,,stale_depth
70,3.500000000,1,0,,,,,,,,,0.000000,,stale_depth
70,3.500000000,2,0,,,,,,,,,0.000000,,stale_depth
70,3.500000000,3,0,,,,,,,,,0.000000,,stale_depth
70,3.500000000,4,0,,,,,,,,,0.000000,,stale_depth
70,3.500000000,5,0,,,,,,,,,0.000000,,stale_depth
70,3.500000000,6,0,,,,,,,,,0.000000,,stale_depth
70,3.500000000,7,0,,,,,,,,,0.000000,,stale_depth
70,3.500000000,8,0,,,,,,,,,0.000000,,stale_depth
70,3.500000000,9,0,,,,,,,,,0.000000,,stale_depth
70,3.500000000,10,0,,,,,,,,,0.000000,,stale_depth
70,3.500000000,11,0,,,,,,,,,0.000000,,stale_depth
70,3.500000000,12,0,,,,,,,,,0.000000,,stale_depth
70,3.500000000,13,0,,,,,,,,,0.000000,,stale_depth
70,3.500000000,14,0,,,,,,,,,0.000000,,stale_depth
70,3.500000000,15,0,,,,,,,,,0.000000,,stale_depth
70,3.500000000,16,0,,,,,,,,,0.000000,,stale_depth
70,3.500000000,17,0,,,,,,,,,0.000000,,stale_depth
70,3.500000000,18,0,,,,,,,,,0.000000,,stale_depth
70,3.500000000,19,0,,,,,,,,,0.000000,,stale_depth
70,3.500000000,20,0,,,,,,,,,0.000000,,stale_depth
70,3.500000000,21,0,,,,,,,,,0.000000,,stale_depth
70,3.500000000,22,0,,,,,,,,,0.000000,,stale_depth
70,3.500000000,23,0,,,,,,,,,0.000000,,stale_depth
70,3.500000000,24,0,,,,,,,,,0.000000,,stale_depth
71,3.550000000,0,0,,,,,,,,,0.000000,,stale_depth
71,3.550000000,1,0,,,,,,,,,0.000000,,stale_depth
71,3.550000000,2,0,,,,,,,,,0.000000,,stale_depth
71,3.550000000,3,0,,,,,,,,,0.000000,,stale_depth
71,3.550000000,4,0,,,,,,,,,0.000000,,stale_depth
71,3.550000000,5,0,,,,,,,,,0.000000,,stale_depth
71,3.550000000,6,0,,,,,,,,,0.000000,,stale_depth
71,3.550000000,7,0,,,,,,,,,0.000000,,stale_depth
71,3.550000000,8,0,,,,,,,,,0.000000,,stale_depth
71,3.550000000,9,0,,,,,,,,,0.000000,,stale_depth
71,3.550000000,10,0,,,,,,,,,0.000000,,stale_depth
71,3.550000000,11,0,,,,,,,,,0.000000,,stale_depth
71,3.550000000,12,0,,,,,,,,,0.000000,,stale_depth
71,3.550000000,13,0,,,,,,,,,0.000000,,stale_depth
71,3.550000000,14,0,,,,,,,,,0.000000,,stale_depth
71,3.550000000,15,0,,,,,,,,,0.000000,,stale_depth
71,3.550000000,16,0,,,,,,,,,0.000000,,stale_depth
71,3.550000000,17,0,,,,,,,,,0.000000,,stale_depth
71,3.550000000,18,0,,,,,,,,,0.000000,,stale_depth
71,3.550000000,19,0,,,,,,,,,0.000000,,stale_depth
71,3.550000000,20,0,,,,,,,,,0.000000,,stale_depth
71,3.550000000,21,0,,,,,,,,,0.000000,,stale_depth
71,3.550000000,22,0,,,,,,,,,0.000000,,stale_depth
71,3.550000000,23,0,,,,,,,,,0.000000,,stale_depth
71,3.550000000,24,0,,,,,,,,,0.000000,,stale_depth
72,3.600000000,0,0,,,,,,,,,0.000000,,stale_depth
72,3.600000000,1,0,,,,,,,,,0.000000,,stale_depth
72,3.600000000,2,0,,,,,,,,,0.000000,,stale_depth
72,3.600000000,3,0,,,,,,,,,0.000000,,stale_depth
72,3.600000000,4,0,,,,,,,,,0.000000,,stale_depth
72,3.600000000,5,0,,,,,,,,,0.000000,,stale_depth
72,3.600000000,6,0,,,,,,,,,0.000000,,stale_depth
72,3.600000000,7,0,,,,,,,,,0.000000,,stale_depth
72,3.600000000,8,0,,,,,,,,,0.000000,,stale_depth
72,3.600000000,9,0,,,,,,,,,0.000000,,stale_depth
72,3.600000000,10,0,,,,,,,,,0.000000,,stale_depth
72,3.600000000,11,0,,,,,,,,,0.000000,,stale_depth
72,3.600000000,12,0,,,,,,,,,0.000000,,stale_depth
72,3.600000000,13,0,,,,,,,,,0.000000,,stale_depth
72,3.600000000,14,0,,,,,,,,,0.000000,,stale_depth
72,3.600000000,15,0,,,,,,,,,0.000000,,stale_depth
72,3.600000000,16,0,,,,,,,,,0.000000,,stale_depth
72,3.600000000,17,0,,,,,,,,,0.000000,,stale_depth
72,3.600000000,18,0,,,,,,,,,0.000000,,stale_depth
72,3.600000000,19,0,,,,,,,,,0.000000,,stale_depth
72,3.600000000,20,0,,,,,,,,,0.000000,,stale_depth
72,3.600000000,21,0,,,,,,,,,0.000000,,stale_depth
72,3.600000000,22,0,,,,,,,,,0.000000,,stale_depth
72,3.600000000,23,0,,,,,,,,,0.000000,,stale_depth
72,3.600000000,24,0,,,,,,,,,0.000000,,stale_depth
73,3.650000000,0,0,,,,,,,,,0.000000,,stale_depth
73,3.650000000,1,0,,,,,,,,,0.000000,,stale_depth
73,3.650000000,2,0,,,,,,,,,0.000000,,stale_depth
73,3.650000000,3,0,,,,,,,,,0.000000,,stale_depth
73,3.650000000,4,0,,,,,,,,,0.000000,,stale_depth
73,3.650000000,5,0,,,,,,,,,0.000000,,stale_depth
73,3.650000000,6,0,,,,,,,,,0.000000,,stale_depth
73,3.650000000,7,0,,,,,,,,,0.000000,,stale_depth
73,3.650000000,8,0,,,,,,,,,0.000000,,stale_depth
73,3.650000000,9,0,,,,,,,,,0.000000,,stale_depth
73,3.650000000,10,0,,,,,,,,,0.000000,,stale_depth
73,3.650000000,11,0,,,,,,,,,0.000000,,stale_depth
73,3.650000000,12,0,,,,,,,,,0.000000,,stale_depth
73,3.650000000,13,0,,,,,,,,,0.000000,,stale_depth
73,3.650000000,14,0,,,,,,,,,0.000000,,stale_depth
73,3.650000000,15,0,,,,,,,,,0.000000,,stale_depth
73,3.650000000,16,0,,,,,,,,,0.000000,,stale_depth
73,3.650000000,17,0,,,,,,,,,0.000000,,stale_depth
73,3.650000000,18,0,,,,,,,,,0.000000,,stale_depth
73,3.650000000,19,0,,,,,,,,,0.000000,,stale_depth
73,3.650000000,20,0,,,,,,,,,0.000000,,stale_depth
73,3.650000000,21,0,,,,,,,,,0.000000,,stale_depth
73,3.650000000,22,0,,,,,,,,,0.000000,,stale_depth
73,3.650000000,23,0,,,,,,,,,0.000000,,stale_depth
73,3.650000000,24,0,,,,,,,,,0.000000,,stale_depth
74,3.700000000,0,0,,,,,,,,,0.000000,,stale_depth
74,3.700000000,1,0,,,,,,,,,0.000000,,stale_depth
74,3.700000000,2,0,,,,,,,,,0.000000,,stale_depth
74,3.700000000,3,0,,,,,,,,,0.000000,,stale_depth
74,3.700000000,4,0,,,,,,,,,0.000000,,stale_depth
74,3.700000000,5,0,,,,,,,,,0.000000,,stale_depth
74,3.700000000,6,0,,,,,,,,,0.000000,,stale_depth
74,3.700000000,7,0,,,,,,,,,0.000000,,stale_depth
74,3.700000000,8,0,,,,,,,,,0.000000,,stale_depth
74,3.700000000,9,0,,,,,,,,,0.000000,,stale_depth
74,3.700000000,10,0,,,,,,,,,0.000000,,stale_depth
74,3.700000000,11,0,,,,,,,,,0.000000,,stale_depth
74,3.700000000,12,0,,,,,,,,,0.000000,,stale_depth
74,3.700000000,13,0,,,,,,,,,0.000000,,stale_depth
74,3.700000000,14,0,,,,,,,,,0.000000,,stale_depth
74,3.700000000,15,0,,,,,,,,,0.000000,,stale_depth
74,3.700000000,16,0,,,,,,,,,0.000000,,stale_depth
74,3.700000000,17,0,,,,,,,,,0.000000,,stale_depth
74,3.700000000,18,0,,,,,,,,,0.000000,,stale_depth
74,3.700000000,19,0,,,,,,,,,0.000000,,stale_depth
74,3.700000000,20,0,,,,,,,,,0.000000,,stale_depth
74,3.700000000,21,0,,,,,,,,,0.000000,,stale_depth
74,3.700000000,22,0,,,,,,,,,0.000000,,stale_depth
74,3.700000000,23,0,,,,,,,,,0.000000,,stale_depth
74,3.700000000,24,0,,,,,,,,,0.000000,,stale_depth
75,3.750000000,0,0,,,,,,,,,0.000000,,stale_depth
75,3.750000000,1,0,,,,,,,,,0.000000,,stale_depth
75,3.750000000,2,0,,,,,,,,,0.000000,,stale_depth
75,3.750000000,3,0,,,,,,,,,0.000000,,stale_depth
75,3.750000000,4,0,,,,,,,,,0.000000,,stale_depth
75,3.750000000,5,0,,,,,,,,,0.000000,,stale_depth
75,3.750000000,6,0,,,,,,,,,0.000000,,stale_depth
75,3.750000000,7,0,,,,,,,,,0.000000,,stale_depth
75,3.750000000,8,0,,,,,,,,,0.000000,,stale_depth
75,3.750000000,9,0,,,,,,,,,0.000000,,stale_depth
75,3.750000000,10,0,,,,,,,,,0.000000,,stale_depth
75,3.750000000,11,0,,,,,,,,,0.000000,,stale_depth
75,3.750000000,12,0,,,,,,,,,0.000000,,stale_depth
75,3.750000000,13,0,,,,,,,,,0.000000,,stale_depth
75,3.750000000,14,0,,,,,,,,,0.000000,,stale_depth
75,3.750000000,15,0,,,,,,,,,0.000000,,stale_depth
75,3.750000000,16,0,,,,,,,,,0.000000,,stale_depth
75,3.750000000,17,0,,,,,,,,,0.000000,,stale_depth
75,3.750000000,18,0,,,,,,,,,0.000000,,stale_depth
75,3.750000000,19,0,,,,,,,,,0.000000,,stale_depth
75,3.750000000,20,0,,,,,,,,,0.000000,,stale_depth
75,3.750000000,21,0,,,,,,,,,0.000000,,stale_depth
75,3.750000000,22,0,,,,,,,,,0.000000,,stale_depth
75,3.750000000,23,0,,,,,,,,,0.000000,,stale_depth
75,3.750000000,24,0,,,,,,,,,0.000000,,stale_depth
76,3.800000000,0,0,,,,,,,,,0.000000,,stale_depth
76,3.800000000,1,0,,,,,,,,,0.000000,,stale_depth
76,3.800000000,2,0,,,,,,,,,0.000000,,stale_depth
76,3.800000000,3,0,,,,,,,,,0.000000,,stale_depth
76,3.800000000,4,0,,,,,,,,,0.000000,,stale_depth
76,3.800000000,5,0,,,,,,,,,0.000000,,stale_depth
76,3.800000000,6,0,,,,,,,,,0.000000,,stale_depth
76,3.800000000,7,0,,,,,,,,,0.000000,,stale_depth
76,3.800000000,8,0,,,,,,,,,0.000000,,stale_depth
76,3.800000000,9,0,,,,,,,,,0.000000,,stale_depth
76,3.800000000,10,0,,,,,,,,,0.000000,,stale_depth
76,3.800000000,11,0,,,,,,,,,0.000000,,stale_depth
76,3.800000000,12,0,,,,,,,,,0.000000,,stale_depth
76,3.800000000,13,0,,,,,,,,,0.000000,,stale_depth
76,3.800000000,14,0,,,,,,,,,0.000000,,stale_depth
76,3.800000000,15,0,,,,,,,,,0.000000,,stale_depth
76,3.800000000,16,0,,,,,,,,,0.000000,,stale_depth
76,3.800000000,17,0,,,,,,,,,0.000000,,stale_depth
76,3.800000000,18,0,,,,,,,,,0.000000,,stale_depth
76,3.800000000,19,0,,,,,,,,,0.000000,,stale_depth
76,3.800000000,20,0,,,,,,,,,0.000000,,stale_depth
76,3.800000000,21,0,,,,,,,,,0.000000,,stale_depth
76,3.800000000,22,0,,,,,,,,,0.000000,,stale_depth
76,3.800000000,23,0,,,,,,,,,0.000000,,stale_depth
76,3.800000000,24,0,,,,,,,,,0.000000,,stale_depth
77,3.850000000,0,0,,,,,,,,,0.000000,,stale_depth
77,3.850000000,1,0,,,,,,,,,0.000000,,stale_depth
77,3.850000000,2,0,,,,,,,,,0.000000,,stale_depth
77,3.850000000,3,0,,,,,,,,,0.000000,,stale_depth
77,3.850000000,4,0,,,,,,,,,0.000000,,stale_depth
77,3.850000000,5,0,,,,,,,,,0.000000,,stale_depth
77,3.850000000,6,0,,,,,,,,,0.000000,,stale_depth
77,3.850000000,7,0,,,,,,,,,0.000000,,stale_depth
77,3.850000000,8,0,,,,,,,,,0.000000,,stale_depth
77,3.850000000,9,0,,,,,,,,,0.000000,,stale_depth
77,3.850000000,10,0,,,,,,,,,0.000000,,stale_depth
77,3.850000000,11,0,,,,,,,,,0.000000,,stale_depth
77,3.850000000,12,0,,,,,,,,,0.000000,,stale_depth
77,3.850000000,13,0,,,,,,,,,0.000000,,stale_depth
77,3.850000000,14,0,,,,,,,,,0.000000,,stale_depth
77,3.850000000,15,0,,,,,,,,,0.000000,,stale_depth
77,3.850000000,16,0,,,,,,,,,0.000000,,stale_depth
77,3.850000000,17,0,,,,,,,,,0.000000,,stale_depth
77,3.850000000,18,0,,,,,,,,,0.000000,,stale_depth
77,3.850000000,19,0,,,,,,,,,0.000000,,stale_depth
77,3.850000000,20,0,,,,,,,,,0.000000,,stale_depth
77,3.850000000,21,0,,,,,,,,,0.000000,,stale_depth
77,3.850000000,22,0,,,,,,,,,0.000000,,stale_depth
77,3.850000000,23,0,,,,,,,,,0.000000,,stale_depth
77,3.850000000,24,0,,,,,,,,,0.000000,,stale_depth
78,3.900000000,0,0,,,,,,,,,0.000000,,stale_depth
78,3.900000000,1,0,,,,,,,,,0.000000,,stale_depth
78,3.900000000,2,0,,,,,,,,,0.000000,,stale_depth
78,3.900000000,3,0,,,,,,,,,0.000000,,stale_depth
78,3.900000000,4,0,,,,,,,,,0.000000,,stale_depth
78,3.900000000,5,0,,,,,,,,,0.000000,,stale_depth
78,3.900000000,6,0,,,,,,,,,0.000000,,stale_depth
78,3.900000000,7,0,,,,,,,,,0.000000,,stale_depth
78,3.900000000,8,0,,,,,,,,,0.000000,,stale_depth
78,3.900000000,9,0,,,,,,,,,0.000000,,stale_depth
78,3.900000000,10,0,,,,,,,,,0.000000,,stale_depth
78,3.900000000,11,0,,,,,,,,,0.000000,,stale_depth
78,3.900000000,12,0,,,,,,,,,0.000000,,stale_depth
78,3.900000000,13,0,,,,,,,,,0.000000,,stale_depth
78,3.900000000,14,0,,,,,,,,,0.000000,,stale_depth
78,3.900000000,15,0,,,,,,,,,0.000000,,stale_depth
78,3.900000000,16,0,,,,,,,,,0.000000,,stale_depth
78,3.900000000,17,0,,,,,,,,,0.000000,,stale_depth
78,3.900000000,18,0,,,,,,,,,0.000000,,stale_depth
78,3.900000000,19,0,,,,,,,,,0.000000,,stale_depth
78,3.900000000,20,0,,,,,,,,,0.000000,,stale_depth
78,3.900000000,21,0,,,,,,,,,0.000000,,stale_depth
78,3.900000000,22,0,,,,,,,,,0.000000,,stale_depth
78,3.900000000,23,0,,,,,,,,,0.000000,,stale_depth
78,3.900000000,24,0,,,,,,,,,0.000000,,stale_depth
79,3.950000000,0,0,,,,,,,,,0.000000,,stale_depth
79,3.950000000,1,0,,,,,,,,,0.000000,,stale_depth
79,3.950000000,2,0,,,,,,,,,0.000000,,stale_depth
79,3.950000000,3,0,,,,,,,,,0.000000,,stale_depth
79,3.950000000,4,0,,,,,,,,,0.000000,,stale_depth
79,3.950000000,5,0,,,,,,,,,0.000000,,stale_depth
79,3.950000000,6,0,,,,,,,,,0.000000,,stale_depth
79,3.950000000,7,0,,,,,,,,,0.000000,,stale_depth
79,3.950000000,8,0,,,,,,,,,0.000000,,stale_depth
79,3.950000000,9,0,,,,,,,,,0.000000,,stale_depth
79,3.950000000,10,0,,,,,,,,,0.000000,,stale_depth
79,3.950000000,11,0,,,,,,,,,0.000000,,stale_depth
79,3.950000000,12,0,,,,,,,,,0.000000,,stale_depth
79,3.950000000,13,0,,,,,,,,,0.000000,,stale_depth
79,3.950000000,14,0,,,,,,,,,0.000000,,stale_depth
79,3.950000000,15,0,,,,,,,,,0.000000,,stale_depth
79,3.950000000,16,0,,,,,,,,,0.000000,,stale_depth
79,3.950000000,17,0,,,,,,,,,0.000000,,stale_depth
79,3.950000000,18,0,,,,,,,,,0.000000,,stale_depth
79,3.950000000,19,0,,,,,,,,,0.000000,,stale_depth
79,3.950000000,20,0,,,,,,,,,0.000000,,stale_depth
79,3.950000000,21,0,,,,,,,,,0.000000,,stale_depth
79,3.950000000,22,0,,,,,,,,,0.000000,,stale_depth
79,3.950000000,23,0,,,,,,,,,0.000000,,stale_depth
79,3.950000000,24,0,,,,,,,,,0.000000,,stale_depth
80,4.000000000,0,0,,,,,,,,,0.000000,,stale_depth
80,4.000000000,1,0,,,,,,,,,0.000000,,stale_depth
80,4.000000000,2,0,,,,,,,,,0.000000,,stale_depth
80,4.000000000,3,0,,,,,,,,,0.000000,,stale_depth
80,4.000000000,4,0,,,,,,,,,0.000000,,stale_depth
80,4.000000000,5,0,,,,,,,,,0.000000,,stale_depth
80,4.000000000,6,0,,,,,,,,,0.000000,,stale_depth
80,4.000000000,7,0,,,,,,,,,0.000000,,stale_depth
80,4.000000000,8,0,,,,,,,,,0.000000,,stale_depth
80,4.000000000,9,0,,,,,,,,,0.000000,,stale_depth
80,4.000000000,10,0,,,,,,,,,0.000000,,stale_depth
80,4.000000000,11,0,,,,,,,,,0.000000,,stale_depth
80,4.000000000,12,0,,,,,,,,,0.000000,,stale_depth
80,4.000000000,13,0,,,,,,,,,0.000000,,stale_depth
80,4.000000000,14,0,,,,,,,,,0.000000,,stale_depth
80,4.000000000,15,0,,,,,,,,,0.000000,,stale_depth
80,4.000000000,16,0,,,,,,,,,0.000000,,stale_depth
80,4.000000000,17,0,,,,,,,,,0.000000,,stale_depth
80,4.000000000,18,0,,,,,,,,,0.000000,,stale_depth
80,4.000000000,19,0,,,,,,,,,0.000000,,stale_depth
80,4.000000000,20,0,,,,,,,,,0.000000,,stale_depth
80,4.000000000,21,0,,,,,,,,,0.000000,,stale_depth
80,4.000000000,22,0,,,,,,,,,0.000000,,stale_depth
80,4.000000000,23,0,,,,,,,,,0.000000,,stale_depth
80,4.000000000,24,0,,,,,,,,,0.000000,,stale_depth
81,4.050000000,0,0,,,,,,,,,0.000000,,stale_depth
81,4.050000000,1,0,,,,,,,,,0.000000,,stale_depth
81,4.050000000,2,0,,,,,,,,,0.000000,,stale_depth
81,4.050000000,3,0,,,,,,,,,0.000000,,stale_depth
81,4.050000000,4,0,,,,,,,,,0.000000,,stale_depth
81,4.050000000,5,0,,,,,,,,,0.000000,,stale_depth
81,4.050000000,6,0,,,,,,,,,0.000000,,stale_depth
81,4.050000000,7,0,,,,,,,,,0.000000,,stale_depth
81,4.050000000,8,0,,,,,,,,,0.000000,,stale_depth
81,4.050000000,9,0,,,,,,,,,0.000000,,stale_depth
81,4.050000000,10,0,,,,,,,,,0.000000,,stale_depth
81,4.050000000,11,0,,,,,,,,,0.000000,,stale_depth
81,4.050000000,12,0,,,,,,,,,0.000000,,stale_depth
81,4.050000000,13,0,,,,,,,,,0.000000,,stale_depth
81,4.050000000,14,0,,,,,,,,,0.000000,,stale_depth
81,4.050000000,15,0,,,,,,,,,0.000000,,stale_depth
81,4.050000000,16,0,,,,,,,,,0.000000,,stale_depth
81,4.050000000,17,0,,,,,,,,,0.000000,,stale_depth
81,4.050000000,18,0,,,,,,,,,0.000000,,stale_depth
81,4.050000000,19,0,,,,,,,,,0.000000,,stale_depth
81,4.050000000,20,0,,,,,,,,,0.000000,,stale_depth
81,4.050000000,21,0,,,,,,,,,0.000000,,stale_depth
81,4.050000000,22,0,,,,,,,,,0.000000,,stale_depth
81,4.050000000,23,0,,,,,,,,,0.000000,,stale_depth
81,4.050000000,24,0,,,,,,,,,0.000000,,stale_depth
82,4.100000000,0,0,,,,,,,,,0.000000,,stale_depth
82,4.100000000,1,0,,,,,,,,,0.000000,,stale_depth
82,4.100000000,2,0,,,,,,,,,0.000000,,stale_depth
82,4.100000000,3,0,,,,,,,,,0.000000,,stale_depth
82,4.100000000,4,0,,,,,,,,,0.000000,,stale_depth
82,4.100000000,5,0,,,,,,,,,0.000000,,stale_depth
82,4.100000000,6,0,,,,,,,,,0.000000,,stale_depth
82,4.100000000,7,0,,,,,,,,,0.000000,,stale_depth
82,4.100000000,8,0,,,,,,,,,0.000000,,stale_depth
82,4.100000000,9,0,,,,,,,,,0.000000,,stale_depth
82,4.100000000,10,0,,,,,,,,,0.000000,,stale_depth
82,4.100000000,11,0,,,,,,,,,0.000000,,stale_depth
82,4.100000000,12,0,,,,,,,,,0.000000,,stale_depth
82,4.100000000,13,0,,,,,,,,,0.000000,,stale_depth
82,4.100000000,14,0,,,,,,,,,0.000000,,stale_depth
82,4.100000000,15,0,,,,,,,,,0.000000,,stale_depth
82,4.100000000,16,0,,,,,,,,,0.000000,,stale_depth
82,4.100000000,17,0,,,,,,,,,0.000000,,stale_depth
82,4.100000000,18,0,,,,,,,,,0.000000,,stale_depth
82,4.100000000,19,0,,,,,,,,,0.000000,,stale_depth
82,4.100000000,20,0,,,,,,,,,0.000000,,stale_depth
82,4.100000000,21,0,,,,,,,,,0.000000,,stale_depth
82,4.100000000,22,0,,,,,,,,,0.000000,,stale_depth
82,4.100000000,23,0,,,,,,,,,0.000000,,stale_depth
82,4.100000000,24,0,,,,,,,,,0.000000,,stale_depth
83,4.150000000,0,0,,,,,,,,,0.000000,,stale_depth
83,4.150000000,1,0,,,,,,,,,0.000000,,stale_depth
83,4.150000000,2,0,,,,,,,,,0.000000,,stale_depth
83,4.150000000,3,0,,,,,,,,,0.000000,,stale_depth
83,4.150000000,4,0,,,,,,,,,0.000000,,stale_depth
83,4.150000000,5,0,,,,,,,,,0.000000,,stale_depth
83,4.150000000,6,0,,,,,,,,,0.000000,,stale_depth
83,4.150000000,7,0,,,,,,,,,0.000000,,stale_depth
83,4.150000000,8,0,,,,,,,,,0.000000,,stale_depth
83,4.150000000,9,0,,,,,,,,,0.000000,,stale_depth
83,4.150000000,10,0,,,,,,,,,0.000000,,stale_depth
83,4.150000000,11,0,,,,,,,,,0.000000,,stale_depth
83,4.150000000,12,0,,,,,,,,,0.000000,,stale_depth
83,4.150000000,13,0,,,,,,,,,0.000000,,stale_depth
83,4.150000000,14,0,,,,,,,,,0.000000,,stale_depth
83,4.150000000,15,0,,,,,,,,,0.000000,,stale_depth
83,4.150000000,16,0,,,,,,,,,0.000000,,stale_depth
83,4.150000000,17,0,,,,,,,,,0.000000,,stale_depth
83,4.150000000,18,0,,,,,,,,,0.000000,,stale_depth
83,4.150000000,19,0,,,,,,,,,0.000000,,stale_depth
83,4.150000000,20,0,,,,,,,,,0.000000,,stale_depth
83,4.150000000,21,0,,,,,,,,,0.000000,,stale_depth
83,4.150000000,22,0,,,,,,,,,0.000000,,stale_depth
83,4.150000000,23,0,,,,,,,,,0.000000,,stale_depth
83,4.150000000,24,0,,,,,,,,,0.000000,,stale_depth
84,4.200000000,0,0,,,,,,,,,0.000000,,stale_depth
84,4.200000000,1,0,,,,,,,,,0.000000,,stale_depth
84,4.200000000,2,0,,,,,,,,,0.000000,,stale_depth
84,4.200000000,3,0,,,,,,,,,0.000000,,stale_depth
84,4.200000000,4,0,,,,,,,,,0.000000,,stale_depth
84,4.200000000,5,0,,,,,,,,,0.000000,,stale_depth
84,4.200000000,6,0,,,,,,,,,0.000000,,stale_depth
84,4.200000000,7,0,,,,,,,,,0.000000,,stale_depth
84,4.200000000,8,0,,,,,,,,,0.000000,,stale_depth
84,4.200000000,9,0,,,,,,,,,0.000000,,stale_depth
84,4.200000000,10,0,,,,,,,,,0.000000,,stale_depth
84,4.200000000,11,0,,,,,,,,,0.000000,,stale_depth
84,4.200000000,12,0,,,,,,,,,0.000000,,stale_depth
84,4.200000000,13,0,,,,,,,,,0.000000,,stale_depth
84,4.200000000,14,0,,,,,,,,,0.000000,,stale_depth
84,4.200000000,15,0,,,,,,,,,0.000000,,stale_depth
84,4.200000000,16,0,,,,,,,,,0.000000,,stale_depth
84,4.200000000,17,0,,,,,,,,,0.000000,,stale_depth
84,4.200000000,18,0,,,,,,,,,0.000000,,stale_depth
84,4.200000000,19,0,,,,,,,,,0.000000,,stale_depth
84,4.200000000,20,0,,,,,,,,,0.000000,,stale_depth
84,4.200000000,21,0,,,,,,,,,0.000000,,stale_depth
84,4.200000000,22,0,,,,,,,,,0.000000,,stale_depth
84,4.200000000,23,0,,,,,,,,,0.000000,,stale_depth
84,4.200000000,24,0,,,,,,,,,0.000000,,stale_depth
85,4.250000000,0,0,,,,,,,,,0.000000,,stale_depth
85,4.250000000,1,0,,,,,,,,,0.000000,,stale_depth
85,4.250000000,2,0,,,,,,,,,0.000000,,stale_depth
85,4.250000000,3,0,,,,,,,,,0.000000,,stale_depth
85,4.250000000,4,0,,,,,,,,,0.000000,,stale_depth
85,4.250000000,5,0,,,,,,,,,0.000000,,stale_depth
85,4.250000000,6,0,,,,,,,,,0.000000,,stale_depth
85,4.250000000,7,0,,,,,,,,,0.000000,,stale_depth
85,4.250000000,8,0,,,,,,,,,0.000000,,stale_depth
85,4.250000000,9,0,,,,,,,,,0.000000,,stale_depth
85,4.250000000,10,0,,,,,,,,,0.000000,,stale_depth
85,4.250000000,11,0,,,,,,,,,0.000000,,stale_depth
85,4.250000000,12,0,,,,,,,,,0.000000,,stale_depth
85,4.250000000,13,0,,,,,,,,,0.000000,,stale_depth
85,4.250000000,14,0,,,,,,,,,0.000000,,stale_depth
85,4.250000000,15,0,,,,,,,,,0.000000,,stale_depth
85,4.250000000,16,0,,,,,,,,,0.000000,,stale_depth
85,4.250000000,17,0,,,,,,,,,0.000000,,stale_depth
85,4.250000000,18,0,,,,,,,,,0.000000,,stale_depth
85,4.250000000,19,0,,,,,,,,,0.000000,,stale_depth
85,4.250000000,20,0,,,,,,,,,0.000000,,stale_depth
85,4.250000000,21,0,,,,,,,,,0.000000,,stale_depth
85,4.250000000,22,0,,,,,,,,,0.000000,,stale_depth
85,4.250000000,23,0,,,,,,,,,0.000000,,stale_depth
85,4.250000000,24,0,,,,,,,,,0.000000,,stale_depth
86,4.300000000,0,0,,,,,,,,,0.000000,,stale_depth
86,4.300000000,1,0,,,,,,,,,0.000000,,stale_depth
86,4.300000000,2,0,,,,,,,,,0.000000,,stale_depth
86,4.300000000,3,0,,,,,,,,,0.000000,,stale_depth
86,4.300000000,4,0,,,,,,,,,0.000000,,stale_depth
86,4.300000000,5,0,,,,,,,,,0.000000,,stale_depth
86,4.300000000,6,0,,,,,,,,,0.000000,,stale_depth
86,4.300000000,7,0,,,,,,,,,0.000000,,stale_depth
86,4.300000000,8,0,,,,,,,,,0.000000,,stale_depth
86,4.300000000,9,0,,,,,,,,,0.000000,,stale_depth
86,4.300000000,10,0,,,,,,,,,0.000000,,stale_depth
86,4.300000000,11,0,,,,,,,,,0.000000,,stale_depth
86,4.300000000,12,0,,,,,,,,,0.000000,,stale_depth
86,4.300000000,13,0,,,,,,,,,0.000000,,stale_depth
86,4.300000000,14,0,,,,,,,,,0.000000,,stale_depth
86,4.300000000,15,0,,,,,,,,,0.000000,,stale_depth
86,4.300000000,16,0,,,,,,,,,0.000000,,stale_depth
86,4.300000000,17,0,,,,,,,,,0.000000,,stale_depth
86,4.300000000,18,0,,,,,,,,,0.000000,,stale_depth
86,4.300000000,19,0,,,,,,,,,0.000000,,stale_depth
86,4.300000000,20,0,,,,,,,,,0.000000,,stale_depth
86,4.300000000,21,0,,,,,,,,,0.000000,,stale_depth
86,4.300000000,22,0,,,,,,,,,0.000000,,stale_depth
86,4.300000000,23,0,,,,,,,,,0.000000,,stale_depth
86,4.300000000,24,0,,,,,,,,,0.000000,,stale_depth
87,4.350000000,0,0,,,,,,,,,0.000000,,stale_depth
87,4.350000000,1,0,,,,,,,,,0.000000,,stale_depth
87,4.350000000,2,0,,,,,,,,,0.000000,,stale_depth
87,4.350000000,3,0,,,,,,,,,0.000000,,stale_depth
87,4.350000000,4,0,,,,,,,,,0.000000,,stale_depth
87,4.350000000,5,0,,,,,,,,,0.000000,,stale_depth
87,4.350000000,6,0,,,,,,,,,0.000000,,stale_depth
87,4.350000000,7,0,,,,,,,,,0.000000,,stale_depth
87,4.350000000,8,0,,,,,,,,,0.000000,,stale_depth
87,4.350000000,9,0,,,,,,,,,0.000000,,stale_depth
87,4.350000000,10,0,,,,,,,,,0.000000,,stale_depth
87,4.350000000,11,0,,,,,,,,,0.000000,,stale_depth
87,4.350000000,12,0,,,,,,,,,0.000000,,stale_depth
87,4.350000000,13,0,,,,,,,,,0.000000,,stale_depth
87,4.350000000,14,0,,,,,,,,,0.000000,,stale_depth
87,4.350000000,15,0,,,,,,,,,0.000000,,stale_depth
87,4.350000000,16,0,,,,,,,,,0.000000,,stale_depth
87,4.350000000,17,0,,,,,,,,,0.000000,,stale_depth
87,4.350000000,18,0,,,,,,,,,0.000000,,stale_depth
87,4.350000000,19,0,,,,,,,,,0.000000,,stale_depth
87,4.350000000,20,0,,,,,,,,,0.000000,,stale_depth
87,4.350000000,21,0,,,,,,,,,0.000000,,stale_depth
87,4.350000000,22,0,,,,,,,,,0.000000,,stale_depth
87,4.350000000,23,0,,,,,,,,,0.000000,,stale_depth
87,4.350000000,24,0,,,,,,,,,0.000000,,stale_depth
88,4.400000000,0,0,,,,,,,,,0.000000,,stale_depth
88,4.400000000,1,0,,,,,,,,,0.000000,,stale_depth
88,4.400000000,2,0,,,,,,,,,0.000000,,stale_depth
88,4.400000000,3,0,,,,,,,,,0.000000,,stale_depth
88,4.400000000,4,0,,,,,,,,,0.000000,,stale_depth
88,4.400000000,5,0,,,,,,,,,0.000000,,stale_depth
88,4.400000000,6,0,,,,,,,,,0.000000,,stale_depth
88,4.400000000,7,0,,,,,,,,,0.000000,,stale_depth
88,4.400000000,8,0,,,,,,,,,0.000000,,stale_depth
88,4.400000000,9,0,,,,,,,,,0.000000,,stale_depth
88,4.400000000,10,0,,,,,,,,,0.000000,,stale_depth
88,4.400000000,11,0,,,,,,,,,0.000000,,stale_depth
88,4.400000000,12,0,,,,,,,,,0.000000,,stale_depth
88,4.400000000,13,0,,,,,,,,,0.000000,,stale_depth
88,4.400000000,14,0,,,,,,,,,0.000000,,stale_depth
88,4.400000000,15,0,,,,,,,,,0.000000,,stale_depth
88,4.400000000,16,0,,,,,,,,,0.000000,,stale_depth
88,4.400000000,17,0,,,,,,,,,0.000000,,stale_depth
88,4.400000000,18,0,,,,,,,,,0.000000,,stale_depth
88,4.400000000,19,0,,,,,,,,,0.000000,,stale_depth
88,4.400000000,20,0,,,,,,,,,0.000000,,stale_depth
88,4.400000000,21,0,,,,,,,,,0.000000,,stale_depth
88,4.400000000,22,0,,,,,,,,,0.000000,,stale_depth
88,4.400000000,23,0,,,,,,,,,0.000000,,stale_depth
88,4.400000000,24,0,,,,,,,,,0.000000,,stale_depth
89,4.450000000,0,0,,,,,,,,,0.000000,,stale_depth
89,4.450000000,1,0,,,,,,,,,0.000000,,stale_depth
89,4.450000000,2,0,,,,,,,,,0.000000,,stale_depth
89,4.450000000,3,0,,,,,,,,,0.000000,,stale_depth
89,4.450000000,4,0,,,,,,,,,0.000000,,stale_depth
89,4.450000000,5,0,,,,,,,,,0.000000,,stale_depth
89,4.450000000,6,0,,,,,,,,,0.000000,,stale_depth
89,4.450000000,7,0,,,,,,,,,0.000000,,stale_depth
89,4.450000000,8,0,,,,,,,,,0.000000,,stale_depth
89,4.450000000,9,0,,,,,,,,,0.000000,,stale_depth
89,4.450000000,10,0,,,,,,,,,0.000000,,stale_depth
89,4.450000000,11,0,,,,,,,,,0.000000,,stale_depth
89,4.450000000,12,0,,,,,,,,,0.000000,,stale_depth
89,4.450000000,13,0,,,,,,,,,0.000000,,stale_depth
89,4.450000000,14,0,,,,,,,,,0.000000,,stale_depth
89,4.450000000,15,0,,,,,,,,,0.000000,,stale_depth
89,4.450000000,16,0,,,,,,,,,0.000000,,stale_depth
89,4.450000000,17,0,,,,,,,,,0.000000,,stale_depth
89,4.450000000,18,0,,,,,,,,,0.000000,,stale_depth
89,4.450000000,19,0,,,,,,,,,0.000000,,stale_depth
89,4.450000000,20,0,,,,,,,,,0.000000,,stale_depth
89,4.450000000,21,0,,,,,,,,,0.000000,,stale_depth
89,4.450000000,22,0,,,,,,,,,0.000000,,stale_depth
89,4.450000000,23,0,,,,,,,,,0.000000,,stale_depth
89,4.450000000,24,0,,,,,,,,,0.000000,,stale_depth
90,4.500000000,0,0,,,,,,,,,0.000000,,stale_depth
90,4.500000000,1,0,,,,,,,,,0.000000,,stale_depth
90,4.500000000,2,0,,,,,,,,,0.000000,,stale_depth
90,4.500000000,3,0,,,,,,,,,0.000000,,stale_depth
90,4.500000000,4,0,,,,,,,,,0.000000,,stale_depth
90,4.500000000,5,0,,,,,,,,,0.000000,,stale_depth
90,4.500000000,6,0,,,,,,,,,0.000000,,stale_depth
90,4.500000000,7,0,,,,,,,,,0.000000,,stale_depth
90,4.500000000,8,0,,,,,,,,,0.000000,,stale_depth
90,4.500000000,9,0,,,,,,,,,0.000000,,stale_depth
90,4.500000000,10,0,,,,,,,,,0.000000,,stale_depth
90,4.500000000,11,0,,,,,,,,,0.000000,,stale_depth
90,4.500000000,12,0,,,,,,,,,0.000000,,stale_depth
90,4.500000000,13,0,,,,,,,,,0.000000,,stale_depth
90,4.500000000,14,0,,,,,,,,,0.000000,,stale_depth
90,4.500000000,15,0,,,,,,,,,0.000000,,stale_depth
90,4.500000000,16,0,,,,,,,,,0.000000,,stale_depth
90,4.500000000,17,0,,,,,,,,,0.000000,,stale_depth
90,4.500000000,18,0,,,,,,,,,0.000000,,stale_depth
90,4.500000000,19,0,,,,,,,,,0.000000,,stale_depth
90,4.500000000,20,0,,,,,,,,,0.000000,,stale_depth
90,4.500000000,21,0,,,,,,,,,0.000000,,stale_depth
90,4.500000000,22,0,,,,,,,,,0.000000,,stale_depth
90,4.500000000,23,0,,,,,,,,,0.000000,,stale_depth
90,4.500000000,24,0,,,,,,,,,0.000000,,stale_depth
91,4.550000000,0,0,,,,,,,,,0.000000,,stale_depth
91,4.550000000,1,0,,,,,,,,,0.000000,,stale_depth
91,4.550000000,2,0,,,,,,,,,0.000000,,stale_depth
91,4.550000000,3,0,,,,,,,,,0.000000,,stale_depth
91,4.550000000,4,0,,,,,,,,,0.000000,,stale_depth
91,4.550000000,5,0,,,,,,,,,0.000000,,stale_depth
91,4.550000000,6,0,,,,,,,,,0.000000,,stale_depth
91,4.550000000,7,0,,,,,,,,,0.000000,,stale_depth
91,4.550000000,8,0,,,,,,,,,0.000000,,stale_depth
91,4.550000000,9,0,,,,,,,,,0.000000,,stale_depth
91,4.550000000,10,0,,,,,,,,,0.000000,,stale_depth
91,4.550000000,11,0,,,,,,,,,0.000000,,stale_depth
91,4.550000000,12,0,,,,,,,,,0.000000,,stale_depth
91,4.550000000,13,0,,,,,,,,,0.000000,,stale_depth
91,4.550000000,14,0,,,,,,,,,0.000000,,stale_depth
91,4.550000000,15,0,,,,,,,,,0.000000,,stale_depth
91,4.550000000,16,0,,,,,,,,,0.000000,,stale_depth
91,4.550000000,17,0,,,,,,,,,0.000000,,stale_depth
91,4.550000000,18,0,,,,,,,,,0.000000,,stale_depth
91,4.550000000,19,0,,,,,,,,,0.000000,,stale_depth
91,4.550000000,20,0,,,,,,,,,0.000000,,stale_depth
91,4.550000000,21,0,,,,,,,,,0.000000,,stale_depth
91,4.550000000,22,0,,,,,,,,,0.000000,,stale_depth
91,4.550000000,23,0,,,,,,,,,0.000000,,stale_depth
91,4.550000000,24,0,,,,,,,,,0.000000,,stale_depth
92,4.600000000,0,0,,,,,,,,,0.000000,,stale_depth
92,4.600000000,1,0,,,,,,,,,0.000000,,stale_depth
92,4.600000000,2,0,,,,,,,,,0.000000,,stale_depth
92,4.600000000,3,0,,,,,,,,,0.000000,,stale_depth
92,4.600000000,4,0,,,,,,,,,0.000000,,stale_depth
92,4.600000000,5,0,,,,,,,,,0.000000,,stale_depth
92,4.600000000,6,0,,,,,,,,,0.000000,,stale_depth
92,4.600000000,7,0,,,,,,,,,0.000000,,stale_depth
92,4.600000000,8,0,,,,,,,,,0.000000,,stale_depth
92,4.600000000,9,0,,,,,,,,,0.000000,,stale_depth
92,4.600000000,10,0,,,,,,,,,0.000000,,stale_depth
92,4.600000000,11,0,,,,,,,,,0.000000,,stale_depth
92,4.600000000,12,0,,,,,,,,,0.000000,,stale_depth
92,4.600000000,13,0,,,,,,,,,0.000000,,stale_depth
92,4.600000000,14,0,,,,,,,,,0.000000,,stale_depth
92,4.600000000,15,0,,,,,,,,,0.000000,,stale_depth
92,4.600000000,16,0,,,,,,,,,0.000000,,stale_depth
92,4.600000000,17,0,,,,,,,,,0.000000,,stale_depth
92,4.600000000,18,0,,,,,,,,,0.000000,,stale_depth
92,4.600000000,19,0,,,,,,,,,0.000000,,stale_depth
92,4.600000000,20,0,,,,,,,,,0.000000,,stale_depth
92,4.600000000,21,0,,,,,,,,,0.000000,,stale_depth
92,4.600000000,22,0,,,,,,,,,0.000000,,stale_depth
92,4.600000000,23,0,,,,,,,,,0.000000,,stale_depth
92,4.600000000,24,0,,,,,,,,,0.000000,,stale_depth
93,4.650000000,0,0,,,,,,,,,0.000000,,stale_depth
93,4.650000000,1,0,,,,,,,,,0.000000,,stale_depth
93,4.650000000,2,0,,,,,,,,,0.000000,,stale_depth
93,4.650000000,3,0,,,,,,,,,0.000000,,stale_depth
93,4.650000000,4,0,,,,,,,,,0.000000,,stale_depth
93,4.650000000,5,0,,,,,,,,,0.000000,,stale_depth
93,4.650000000,6,0,,,,,,,,,0.000000,,stale_depth
93,4.650000000,7,0,,,,,,,,,0.000000,,stale_depth
93,4.650000000,8,0,,,,,,,,,0.000000,,stale_depth
93,4.650000000,9,0,,,,,,,,,0.000000,,stale_depth
93,4.650000000,10,0,,,,,,,,,0.000000,,stale_depth
93,4.650000000,11,0,,,,,,,,,0.000000,,stale_depth
93,4.650000000,12,0,,,,,,,,,0.000000,,stale_depth
93,4.650000000,13,0,,,,,,,,,0.000000,,stale_depth
93,4.650000000,14,0,,,,,,,,,0.000000,,stale_depth
93,4.650000000,15,0,,,,,,,,,0.000000,,stale_depth
93,4.650000000,16,0,,,,,,,,,0.000000,,stale_depth
93,4.650000000,17,0,,,,,,,,,0.000000,,stale_depth
93,4.650000000,18,0,,,,,,,,,0.000000,,stale_depth
93,4.650000000,19,0,,,,,,,,,0.000000,,stale_depth
93,4.650000000,20,0,,,,,,,,,0.000000,,stale_depth
93,4.650000000,21,0,,,,,,,,,0.000000,,stale_depth
93,4.650000000,22,0,,,,,,,,,0.000000,,stale_depth
93,4.650000000,23,0,,,,,,,,,0.000000,,stale_depth
93,4.650000000,24,0,,,,,,,,,0.000000,,stale_depth
94,4.700000000,0,0,,,,,,,,,0.000000,,stale_depth
94,4.700000000,1,0,,,,,,,,,0.000000,,stale_depth
94,4.700000000,2,0,,,,,,,,,0.000000,,stale_depth
94,4.700000000,3,0,,,,,,,,,0.000000,,stale_depth
94,4.700000000,4,0,,,,,,,,,0.000000,,stale_depth
94,4.700000000,5,0,,,,,,,,,0.000000,,stale_depth
94,4.700000000,6,0,,,,,,,,,0.000000,,stale_depth
94,4.700000000,7,0,,,,,,,,,0.000000,,stale_depth
94,4.700000000,8,0,,,,,,,,,0.000000,,stale_depth
94,4.700000000,9,0,,,,,,,,,0.000000,,stale_depth
94,4.700000000,10,0,,,,,,,,,0.000000,,stale_depth
94,4.700000000,11,0,,,,,,,,,0.000000,,stale_depth
94,4.700000000,12,0,,,,,,,,,0.000000,,stale_depth
94,4.700000000,13,0,,,,,,,,,0.000000,,stale_depth
94,4.700000000,14,0,,,,,,,,,0.000000,,stale_depth
94,4.700000000,15,0,,,,,,,,,0.000000,,stale_depth
94,4.700000000,16,0,,,,,,,,,0.000000,,stale_depth
94,4.700000000,17,0,,,,,,,,,0.000000,,stale_depth
94,4.700000000,18,0,,,,,,,,,0.000000,,stale_depth
94,4.700000000,19,0,,,,,,,,,0.000000,,stale_depth
94,4.700000000,20,0,,,,,,,,,0.000000,,stale_depth
94,4.700000000,21,0,,,,,,,,,0.000000,,stale_depth
94,4.700000000,22,0,,,,,,,,,0.000000,,stale_depth
94,4.700000000,23,0,,,,,,,,,0.000000,,stale_depth
94,4.700000000,24,0,,,,,,,,,0.000000,,stale_depth
95,4.750000000,0,0,,,,,,,,,0.000000,,stale_depth
95,4.750000000,1,0,,,,,,,,,0.000000,,stale_depth
95,4.750000000,2,0,,,,,,,,,0.000000,,stale_depth
95,4.750000000,3,0,,,,,,,,,0.000000,,stale_depth
95,4.750000000,4,0,,,,,,,,,0.000000,,stale_depth
95,4.750000000,5,0,,,,,,,,,0.000000,,stale_depth
95,4.750000000,6,0,,,,,,,,,0.000000,,stale_depth
95,4.750000000,7,0,,,,,,,,,0.000000,,stale_depth
95,4.750000000,8,0,,,,,,,,,0.000000,,stale_depth
95,4.750000000,9,0,,,,,,,,,0.000000,,stale_depth
95,4.750000000,10,0,,,,,,,,,0.000000,,stale_depth
95,4.750000000,11,0,,,,,,,,,0.000000,,stale_depth
95,4.750000000,12,0,,,,,,,,,0.000000,,stale_depth
95,4.750000000,13,0,,,,,,,,,0.000000,,stale_depth
95,4.750000000,14,0,,,,,,,,,0.000000,,stale_depth
95,4.750000000,15,0,,,,,,,,,0.000000,,stale_depth
95,4.750000000,16,0,,,,,,,,,0.000000,,stale_depth
95,4.750000000,17,0,,,,,,,,,0.000000,,stale_depth
95,4.750000000,18,0,,,,,,,,,0.000000,,stale_depth
95,4.750000000,19,0,,,,,,,,,0.000000,,stale_depth
95,4.750000000,20,0,,,,,,,,,0.000000,,stale_depth
95,4.750000000,21,0,,,,,,,,,0.000000,,stale_depth
95,4.750000000,22,0,,,,,,,,,0.000000,,stale_depth
95,4.750000000,23,0,,,,,,,,,0.000000,,stale_depth
95,4.750000000,24,0,,,,,,,,,0.000000,,stale_depth
96,4.800000000,0,0,,,,,,,,,0.000000,,stale_depth
96,4.800000000,1,0,,,,,,,,,0.000000,,stale_depth
96,4.800000000,2,0,,,,,,,,,0.000000,,stale_depth
96,4.800000000,3,0,,,,,,,,,0.000000,,stale_depth
96,4.800000000,4,0,,,,,,,,,0.000000,,stale_depth
96,4.800000000,5,0,,,,,,,,,0.000000,,stale_depth
96,4.800000000,6,0,,,,,,,,,0.000000,,stale_depth
96,4.800000000,7,0,,,,,,,,,0.000000,,stale_depth
96,4.800000000,8,0,,,,,,,,,0.000000,,stale_depth
96,4.800000000,9,0,,,,,,,,,0.000000,,stale_depth
96,4.800000000,10,0,,,,,,,,,0.000000,,stale_depth
96,4.800000000,11,0,,,,,,,,,0.000000,,stale_depth
96,4.800000000,12,0,,,,,,,,,0.000000,,stale_depth
96,4.800000000,13,0,,,,,,,,,0.000000,,stale_depth
96,4.800000000,14,0,,,,,,,,,0.000000,,stale_depth
96,4.800000000,15,0,,,,,,,,,0.000000,,stale_depth
96,4.800000000,16,0,,,,,,,,,0.000000,,stale_depth
96,4.800000000,17,0,,,,,,,,,0.000000,,stale_depth
96,4.800000000,18,0,,,,,,,,,0.000000,,stale_depth
96,4.800000000,19,0,,,,,,,,,0.000000,,stale_depth
96,4.800000000,20,0,,,,,,,,,0.000000,,stale_depth
96,4.800000000,21,0,,,,,,,,,0.000000,,stale_depth
96,4.800000000,22,0,,,,,,,,,0.000000,,stale_depth
96,4.800000000,23,0,,,,,,,,,0.000000,,stale_depth
96,4.800000000,24,0,,,,,,,,,0.000000,,stale_depth
97,4.850000000,0,0,,,,,,,,,0.000000,,stale_depth
97,4.850000000,1,0,,,,,,,,,0.000000,,stale_depth
97,4.850000000,2,0,,,,,,,,,0.000000,,stale_depth
97,4.850000000,3,0,,,,,,,,,0.000000,,stale_depth
97,4.850000000,4,0,,,,,,,,,0.000000,,stale_depth
97,4.850000000,5,0,,,,,,,,,0.000000,,stale_depth
97,4.850000000,6,0,,,,,,,,,0.000000,,stale_depth
97,4.850000000,7,0,,,,,,,,,0.000000,,stale_depth
97,4.850000000,8,0,,,,,,,,,0.000000,,stale_depth
97,4.850000000,9,0,,,,,,,,,0.000000,,stale_depth
97,4.850000000,10,0,,,,,,,,,0.000000,,stale_depth
97,4.850000000,11,0,,,,,,,,,0.000000,,stale_depth
97,4.850000000,12,0,,,,,,,,,0.000000,,stale_depth
97,4.850000000,13,0,,,,,,,,,0.000000,,stale_depth
97,4.850000000,14,0,,,,,,,,,0.000000,,stale_depth
97,4.850000000,15,0,,,,,,,,,0.000000,,stale_depth
97,4.850000000,16,0,,,,,,,,,0.000000,,stale_depth
97,4.850000000,17,0,,,,,,,,,0.000000,,stale_depth
97,4.850000000,18,0,,,,,,,,,0.000000,,stale_depth
97,4.850000000,19,0,,,,,,,,,0.000000,,stale_depth
97,4.850000000,20,0,,,,,,,,,0.000000,,stale_depth
97,4.850000000,21,0,,,,,,,,,0.000000,,stale_depth
97,4.850000000,22,0,,,,,,,,,0.000000,,stale_depth
97,4.850000000,23,0,,,,,,,,,0.000000,,stale_depth
97,4.850000000,24,0,,,,,,,,,0.000000,,stale_depth
98,4.900000000,0,0,,,,,,,,,0.000000,,stale_depth
98,4.900000000,1,0,,,,,,,,,0.000000,,stale_depth
98,4.900000000,2,0,,,,,,,,,0.000000,,stale_depth
98,4.900000000,3,0,,,,,,,,,0.000000,,stale_depth
98,4.900000000,4,0,,,,,,,,,0.000000,,stale_depth
98,4.900000000,5,0,,,,,,,,,0.000000,,stale_depth
98,4.900000000,6,0,,,,,,,,,0.000000,,stale_depth
98,4.900000000,7,0,,,,,,,,,0.000000,,stale_depth
98,4.900000000,8,0,,,,,,,,,0.000000,,stale_depth
98,4.900000000,9,0,,,,,,,,,0.000000,,stale_depth
98,4.900000000,10,0,,,,,,,,,0.000000,,stale_depth
98,4.900000000,11,0,,,,,,,,,0.000000,,stale_depth
98,4.900000000,12,0,,,,,,,,,0.000000,,stale_depth
98,4.900000000,13,0,,,,,,,,,0.000000,,stale_depth
98,4.900000000,14,0,,,,,,,,,0.000000,,stale_depth
98,4.900000000,15,0,,,,,,,,,0.000000,,stale_depth
98,4.900000000,16,0,,,,,,,,,0.000000,,stale_depth
98,4.900000000,17,0,,,,,,,,,0.000000,,stale_depth
98,4.900000000,18,0,,,,,,,,,0.000000,,stale_depth
98,4.900000000,19,0,,,,,,,,,0.000000,,stale_depth
98,4.900000000,20,0,,,,,,,,,0.000000,,stale_depth
98,4.900000000,21,0,,,,,,,,,0.000000,,stale_depth
98,4.900000000,22,0,,,,,,,,,0.000000,,stale_depth
98,4.900000000,23,0,,,,,,,,,0.000000,,stale_depth
98,4.900000000,24,0,,,,,,,,,0.000000,,stale_depth
99,4.950000000,0,0,,,,,,,,,0.000000,,stale_depth
99,4.950000000,1,0,,,,,,,,,0.000000,,stale_depth
99,4.950000000,2,0,,,,,,,,,0.000000,,stale_depth
99,4.950000000,3,0,,,,,,,,,0.000000,,stale_depth
99,4.950000000,4,0,,,,,,,,,0.000000,,stale_depth
99,4.950000000,5,0,,,,,,,,,0.000000,,stale_depth
99,4.950000000,6,0,,,,,,,,,0.000000,,stale_depth
99,4.950000000,7,0,,,,,,,,,0.000000,,stale_depth
99,4.950000000,8,0,,,,,,,,,0.000000,,stale_depth
99,4.950000000,9,0,,,,,,,,,0.000000,,stale_depth
99,4.950000000,10,0,,,,,,,,,0.000000,,stale_depth
99,4.950000000,11,0,,,,,,,,,0.000000,,stale_depth
99,4.950000000,12,0,,,,,,,,,0.000000,,stale_depth
99,4.950000000,13,0,,,,,,,,,0.000000,,stale_depth
99,4.950000000,14,0,,,,,,,,,0.000000,,stale_depth
99,4.950000000,15,0,,,,,,,,,0.000000,,stale_depth
99,4.950000000,16,0,,,,,,,,,0.000000,,stale_depth
99,4.950000000,17,0,,,,,,,,,0.000000,,stale_depth
99,4.950000000,18,0,,,,,,,,,0.000000,,stale_depth
99,4.950000000,19,0,,,,,,,,,0.000000,,stale_depth
99,4.950000000,20,0,,,,,,,,,0.000000,,stale_depth
99,4.950000000,21,0,,,,,,,,,0.000000,,stale_depth
99,4.950000000,22,0,,,,,,,,,0.000000,,stale_depth
99,4.950000000,23,0,,,,,,,,,0.000000,,stale_depth
99,4.950000000,24,0,,,,,,,,,0.000000,,stale_depth
100,5.000000000,0,0,,,,,,,,,0.000000,,stale_depth
100,5.000000000,1,0,,,,,,,,,0.000000,,stale_depth
100,5.000000000,2,0,,,,,,,,,0.000000,,stale_depth
100,5.000000000,3,0,,,,,,,,,0.000000,,stale_depth
100,5.000000000,4,0,,,,,,,,,0.000000,,stale_depth
100,5.000000000,5,0,,,,,,,,,0.000000,,stale_depth
100,5.000000000,6,0,,,,,,,,,0.000000,,stale_depth
100,5.000000000,7,0,,,,,,,,,0.000000,,stale_depth
100,5.000000000,8,0,,,,,,,,,0.000000,,stale_depth
100,5.000000000,9,0,,,,,,,,,0.000000,,stale_depth
100,5.000000000,10,0,,,,,,,,,0.000000,,stale_depth
100,5.000000000,11,0,,,,,,,,,0.000000,,stale_depth
100,5.000000000,12,0,,,,,,,,,0.000000,,stale_depth
100,5.000000000,13,0,,,,,,,,,0.000000,,stale_depth
100,5.000000000,14,0,,,,,,,,,0.000000,,stale_depth
100,5.000000000,15,0,,,,,,,,,0.000000,,stale_depth
100,5.000000000,16,0,,,,,,,,,0.000000,,stale_depth
100,5.000000000,17,0,,,,,,,,,0.000000,,stale_depth
100,5.000000000,18,0,,,,,,,,,0.000000,,stale_depth
100,5.000000000,19,0,,,,,,,,,0.000000,,stale_depth
100,5.000000000,20,0,,,,,,,,,0.000000,,stale_depth
100,5.000000000,21,0,,,,,,,,,0.000000,,stale_depth
100,5.000000000,22,0,,,,,,,,,0.000000,,stale_depth
100,5.000000000,23,0,,,,,,,,,0.000000,,stale_depth
100,5.000000000,24,0,,,,,,,,,0.000000,,stale_depth
101,5.050000000,0,0,,,,,,,,,0.000000,,stale_depth
101,5.050000000,1,0,,,,,,,,,0.000000,,stale_depth
101,5.050000000,2,0,,,,,,,,,0.000000,,stale_depth
101,5.050000000,3,0,,,,,,,,,0.000000,,stale_depth
101,5.050000000,4,0,,,,,,,,,0.000000,,stale_depth
101,5.050000000,5,0,,,,,,,,,0.000000,,stale_depth
101,5.050000000,6,0,,,,,,,,,0.000000,,stale_depth
101,5.050000000,7,0,,,,,,,,,0.000000,,stale_depth
101,5.050000000,8,0,,,,,,,,,0.000000,,stale_depth
101,5.050000000,9,0,,,,,,,,,0.000000,,stale_depth
101,5.050000000,10,0,,,,,,,,,0.000000,,stale_depth
101,5.050000000,11,0,,,,,,,,,0.000000,,stale_depth
101,5.050000000,12,0,,,,,,,,,0.000000,,stale_depth
101,5.050000000,13,0,,,,,,,,,0.000000,,stale_depth
101,5.050000000,14,0,,,,,,,,,0.000000,,stale_depth
101,5.050000000,15,0,,,,,,,,,0.000000,,stale_depth
101,5.050000000,16,0,,,,,,,,,0.000000,,stale_depth
101,5.050000000,17,0,,,,,,,,,0.000000,,stale_depth
101,5.050000000,18,0,,,,,,,,,0.000000,,stale_depth
101,5.050000000,19,0,,,,,,,,,0.000000,,stale_depth
101,5.050000000,20,0,,,,,,,,,0.000000,,stale_depth
101,5.050000000,21,0,,,,,,,,,0.000000,,stale_depth
101,5.050000000,22,0,,,,,,,,,0.000000,,stale_depth
101,5.050000000,23,0,,,,,,,,,0.000000,,stale_depth
101,5.050000000,24,0,,,,,,,,,0.000000,,stale_depth
102,5.100000000,0,0,,,,,,,,,0.000000,,stale_depth
102,5.100000000,1,0,,,,,,,,,0.000000,,stale_depth
102,5.100000000,2,0,,,,,,,,,0.000000,,stale_depth
102,5.100000000,3,0,,,,,,,,,0.000000,,stale_depth
102,5.100000000,4,0,,,,,,,,,0.000000,,stale_depth
102,5.100000000,5,0,,,,,,,,,0.000000,,stale_depth
102,5.100000000,6,0,,,,,,,,,0.000000,,stale_depth
102,5.100000000,7,0,,,,,,,,,0.000000,,stale_depth
102,5.100000000,8,0,,,,,,,,,0.000000,,stale_depth
102,5.100000000,9,0,,,,,,,,,0.000000,,stale_depth
102,5.100000000,10,0,,,,,,,,,0.000000,,stale_depth
102,5.100000000,11,0,,,,,,,,,0.000000,,stale_depth
102,5.100000000,12,0,,,,,,,,,0.000000,,stale_depth
102,5.100000000,13,0,,,,,,,,,0.000000,,stale_depth
102,5.100000000,14,0,,,,,,,,,0.000000,,stale_depth
102,5.100000000,15,0,,,,,,,,,0.000000,,stale_depth
102,5.100000000,16,0,,,,,,,,,0.000000,,stale_depth
102,5.100000000,17,0,,,,,,,,,0.000000,,stale_depth
102,5.100000000,18,0,,,,,,,,,0.000000,,stale_depth
102,5.100000000,19,0,,,,,,,,,0.000000,,stale_depth
102,5.100000000,20,0,,,,,,,,,0.000000,,stale_depth
102,5.100000000,21,0,,,,,,,,,0.000000,,stale_depth
102,5.100000000,22,0,,,,,,,,,0.000000,,stale_depth
102,5.100000000,23,0,,,,,,,,,0.000000,,stale_depth
102,5.100000000,24,0,,,,,,,,,0.000000,,stale_depth
103,5.150000000,0,0,,,,,,,,,0.000000,,stale_depth
103,5.150000000,1,0,,,,,,,,,0.000000,,stale_depth
103,5.150000000,2,0,,,,,,,,,0.000000,,stale_depth
103,5.150000000,3,0,,,,,,,,,0.000000,,stale_depth
103,5.150000000,4,0,,,,,,,,,0.000000,,stale_depth
103,5.150000000,5,0,,,,,,,,,0.000000,,stale_depth
103,5.150000000,6,0,,,,,,,,,0.000000,,stale_depth
103,5.150000000,7,0,,,,,,,,,0.000000,,stale_depth
103,5.150000000,8,0,,,,,,,,,0.000000,,stale_depth
103,5.150000000,9,0,,,,,,,,,0.000000,,stale_depth
103,5.150000000,10,0,,,,,,,,,0.000000,,stale_depth
103,5.150000000,11,0,,,,,,,,,0.000000,,stale_depth
103,5.150000000,12,0,,,,,,,,,0.000000,,stale_depth
103,5.150000000,13,0,,,,,,,,,0.000000,,stale_depth
103,5.150000000,14,0,,,,,,,,,0.000000,,stale_depth
103,5.150000000,15,0,,,,,,,,,0.000000,,stale_depth
103,5.150000000,16,0,,,,,,,,,0.000000,,stale_depth
103,5.150000000,17,0,,,,,,,,,0.000000,,stale_depth
103,5.150000000,18,0,,,,,,,,,0.000000,,stale_depth
103,5.150000000,19,0,,,,,,,,,0.000000,,stale_depth
103,5.150000000,20,0,,,,,,,,,0.000000,,stale_depth
103,5.150000000,21,0,,,,,,,,,0.000000,,stale_depth
103,5.150000000,22,0,,,,,,,,,0.000000,,stale_depth
103,5.150000000,23,0,,,,,,,,,0.000000,,stale_depth
103,5.150000000,24,0,,,,,,,,,0.000000,,stale_depth
104,5.200000000,0,0,,,,,,,,,0.000000,,stale_depth
104,5.200000000,1,0,,,,,,,,,0.000000,,stale_depth
104,5.200000000,2,0,,,,,,,,,0.000000,,stale_depth
104,5.200000000,3,0,,,,,,,,,0.000000,,stale_depth
104,5.200000000,4,0,,,,,,,,,0.000000,,stale_depth
104,5.200000000,5,0,,,,,,,,,0.000000,,stale_depth
104,5.200000000,6,0,,,,,,,,,0.000000,,stale_depth
104,5.200000000,7,0,,,,,,,,,0.000000,,stale_depth
104,5.200000000,8,0,,,,,,,,,0.000000,,stale_depth
104,5.200000000,9,0,,,,,,,,,0.000000,,stale_depth
104,5.200000000,10,0,,,,,,,,,0.000000,,stale_depth
104,5.200000000,11,0,,,,,,,,,0.000000,,stale_depth
104,5.200000000,12,0,,,,,,,,,0.000000,,stale_depth
104,5.200000000,13,0,,,,,,,,,0.000000,,stale_depth
104,5.200000000,14,0,,,,,,,,,0.000000,,stale_depth
104,5.200000000,15,0,,,,,,,,,0.000000,,stale_depth
104,5.200000000,16,0,,,,,,,,,0.000000,,stale_depth
104,5.200000000,17,0,,,,,,,,,0.000000,,stale_depth
104,5.200000000,18,0,,,,,,,,,0.000000,,stale_depth
104,5.200000000,19,0,,,,,,,,,0.000000,,stale_depth
104,5.200000000,20,0,,,,,,,,,0.000000,,stale_depth
104,5.200000000,21,0,,,,,,,,,0.000000,,stale_depth
104,5.200000000,22,0,,,,,,,,,0.000000,,stale_depth
104,5.200000000,23,0,,,,,,,,,0.000000,,stale_depth
104,5.200000000,24,0,,,,,,,,,0.000000,,stale_depth
105,5.250000000,0,0,,,,,,,,,0.000000,,stale_depth
105,5.250000000,1,0,,,,,,,,,0.000000,,stale_depth
105,5.250000000,2,0,,,,,,,,,0.000000,,stale_depth
105,5.250000000,3,0,,,,,,,,,0.000000,,stale_depth
105,5.250000000,4,0,,,,,,,,,0.000000,,stale_depth
105,5.250000000,5,0,,,,,,,,,0.000000,,stale_depth
105,5.250000000,6,0,,,,,,,,,0.000000,,stale_depth
105,5.250000000,7,0,,,,,,,,,0.000000,,stale_depth
105,5.250000000,8,0,,,,,,,,,0.000000,,stale_depth
105,5.250000000,9,0,,,,,,,,,0.000000,,stale_depth
105,5.250000000,10,0,,,,,,,,,0.000000,,stale_depth
105,5.250000000,11,0,,,,,,,,,0.000000,,stale_depth
105,5.250000000,12,0,,,,,,,,,0.000000,,stale_depth
105,5.250000000,13,0,,,,,,,,,0.000000,,stale_depth
105,5.250000000,14,0,,,,,,,,,0.000000,,stale_depth
105,5.250000000,15,0,,,,,,,,,0.000000,,stale_depth
105,5.250000000,16,0,,,,,,,,,0.000000,,stale_depth
105,5.250000000,17,0,,,,,,,,,0.000000,,stale_depth
105,5.250000000,18,0,,,,,,,,,0.000000,,stale_depth
105,5.250000000,19,0,,,,,,,,,0.000000,,stale_depth
105,5.250000000,20,0,,,,,,,,,0.000000,,stale_depth
105,5.250000000,21,0,,,,,,,,,0.000000,,stale_depth
105,5.250000000,22,0,,,,,,,,,0.000000,,stale_depth
105,5.250000000,23,0,,,,,,,,,0.000000,,stale_depth
105,5.250000000,24,0,,,,,,,,,0.000000,,stale_depth
106,5.300000000,0,0,,,,,,,,,0.000000,,stale_depth
106,5.300000000,1,0,,,,,,,,,0.000000,,stale_depth
106,5.300000000,2,0,,,,,,,,,0.000000,,stale_depth
106,5.300000000,3,0,,,,,,,,,0.000000,,stale_depth
106,5.300000000,4,0,,,,,,,,,0.000000,,stale_depth
106,5.300000000,5,0,,,,,,,,,0.000000,,stale_depth
106,5.300000000,6,0,,,,,,,,,0.000000,,stale_depth
106,5.300000000,7,0,,,,,,,,,0.000000,,stale_depth
106,5.300000000,8,0,,,,,,,,,0.000000,,stale_depth
106,5.300000000,9,0,,,,,,,,,0.000000,,stale_depth
106,5.300000000,10,0,,,,,,,,,0.000000,,stale_depth
106,5.300000000,11,0,,,,,,,,,0.000000,,stale_depth
106,5.300000000,12,0,,,,,,,,,0.000000,,stale_depth
106,5.300000000,13,0,,,,,,,,,0.000000,,stale_depth
106,5.300000000,14,0,,,,,,,,,0.000000,,stale_depth
106,5.300000000,15,0,,,,,,,,,0.000000,,stale_depth
106,5.300000000,16,0,,,,,,,,,0.000000,,stale_depth
106,5.300000000,17,0,,,,,,,,,0.000000,,stale_depth
106,5.300000000,18,0,,,,,,,,,0.000000,,stale_depth
106,5.300000000,19,0,,,,,,,,,0.000000,,stale_depth
106,5.300000000,20,0,,,,,,,,,0.000000,,stale_depth
106,5.300000000,21,0,,,,,,,,,0.000000,,stale_depth
106,5.300000000,22,0,,,,,,,,,0.000000,,stale_depth
106,5.300000000,23,0,,,,,,,,,0.000000,,stale_depth
106,5.300000000,24,0,,,,,,,,,0.000000,,stale_depth
107,5.350000000,0,0,,,,,,,,,0.000000,,stale_depth
107,5.350000000,1,0,,,,,,,,,0.000000,,stale_depth
107,5.350000000,2,0,,,,,,,,,0.000000,,stale_depth
107,5.350000000,3,0,,,,,,,,,0.000000,,stale_depth
107,5.350000000,4,0,,,,,,,,,0.000000,,stale_depth
107,5.350000000,5,0,,,,,,,,,0.000000,,stale_depth
107,5.350000000,6,0,,,,,,,,,0.000000,,stale_depth
107,5.350000000,7,0,,,,,,,,,0.000000,,stale_depth
107,5.350000000,8,0,,,,,,,,,0.000000,,stale_depth
107,5.350000000,9,0,,,,,,,,,0.000000,,stale_depth
107,5.350000000,10,0,,,,,,,,,0.000000,,stale_depth
107,5.350000000,11,0,,,,,,,,,0.000000,,stale_depth
107,5.350000000,12,0,,,,,,,,,0.000000,,stale_depth
107,5.350000000,13,0,,,,,,,,,0.000000,,stale_depth
107,5.350000000,14,0,,,,,,,,,0.000000,,stale_depth
107,5.350000000,15,0,,,,,,,,,0.000000,,stale_depth
107,5.350000000,16,0,,,,,,,,,0.000000,,stale_depth
107,5.350000000,17,0,,,,,,,,,0.000000,,stale_depth
107,5.350000000,18,0,,,,,,,,,0.000000,,stale_depth
107,5.350000000,19,0,,,,,,,,,0.000000,,stale_depth
107,5.350000000,20,0,,,,,,,,,0.000000,,stale_depth
107,5.350000000,21,0,,,,,,,,,0.000000,,stale_depth
107,5.350000000,22,0,,,,,,,,,0.000000,,stale_depth
107,5.350000000,23,0,,,,,,,,,0.000000,,stale_depth
107,5.350000000,24,0,,,,,,,,,0.000000,,stale_depth
108,5.400000000,0,0,,,,,,,,,0.000000,,stale_depth
108,5.400000000,1,0,,,,,,,,,0.000000,,stale_depth
108,5.400000000,2,0,,,,,,,,,0.000000,,stale_depth
108,5.400000000,3,0,,,,,,,,,0.000000,,stale_depth
108,5.400000000,4,0,,,,,,,,,0.000000,,stale_depth
108,5.400000000,5,0,,,,,,,,,0.000000,,stale_depth
108,5.400000000,6,0,,,,,,,,,0.000000,,stale_depth
108,5.400000000,7,0,,,,,,,,,0.000000,,stale_depth
108,5.400000000,8,0,,,,,,,,,0.000000,,stale_depth
108,5.400000000,9,0,,,,,,,,,0.000000,,stale_depth
108,5.400000000,10,0,,,,,,,,,0.000000,,stale_depth
108,5.400000000,11,0,,,,,,,,,0.000000,,stale_depth
108,5.400000000,12,0,,,,,,,,,0.000000,,stale_depth
108,5.400000000,13,0,,,,,,,,,0.000000,,stale_depth
108,5.400000000,14,0,,,,,,,,,0.000000,,stale_depth
108,5.400000000,15,0,,,,,,,,,0.000000,,stale_depth
108,5.400000000,16,0,,,,,,,,,0.000000,,stale_depth
108,5.400000000,17,0,,,,,,,,,0.000000,,stale_depth
108,5.400000000,18,0,,,,,,,,,0.000000,,stale_depth
108,5.400000000,19,0,,,,,,,,,0.000000,,stale_depth
108,5.400000000,20,0,,,,,,,,,0.000000,,stale_depth
108,5.400000000,21,0,,,,,,,,,0.000000,,stale_depth
108,5.400000000,22,0,,,,,,,,,0.000000,,stale_depth
108,5.400000000,23,0,,,,,,,,,0.000000,,stale_depth
108,5.400000000,24,0,,,,,,,,,0.000000,,stale_depth
109,5.450000000,0,0,,,,,,,,,0.000000,,stale_depth
109,5.450000000,1,0,,,,,,,,,0.000000,,stale_depth
109,5.450000000,2,0,,,,,,,,,0.000000,,stale_depth
109,5.450000000,3,0,,,,,,,,,0.000000,,stale_depth
109,5.450000000,4,0,,,,,,,,,0.000000,,stale_depth
109,5.450000000,5,0,,,,,,,,,0.000000,,stale_depth
109,5.450000000,6,0,,,,,,,,,0.000000,,stale_depth
109,5.450000000,7,0,,,,,,,,,0.000000,,stale_depth
109,5.450000000,8,0,,,,,,,,,0.000000,,stale_depth
109,5.450000000,9,0,,,,,,,,,0.000000,,stale_depth
109,5.450000000,10,0,,,,,,,,,0.000000,,stale_depth
109,5.450000000,11,0,,,,,,,,,0.000000,,stale_depth
109,5.450000000,12,0,,,,,,,,,0.000000,,stale_depth
109,5.450000000,13,0,,,,,,,,,0.000000,,stale_depth
109,5.450000000,14,0,,,,,,,,,0.000000,,stale_depth
109,5.450000000,15,0,,,,,,,,,0.000000,,stale_depth
109,5.450000000,16,0,,,,,,,,,0.000000,,stale_depth
109,5.450000000,17,0,,,,,,,,,0.000000,,stale_depth
109,5.450000000,18,0,,,,,,,,,0.000000,,stale_depth
109,5.450000000,19,0,,,,,,,,,0.000000,,stale_depth
109,5.450000000,20,0,,,,,,,,,0.000000,,stale_depth
109,5.450000000,21,0,,,,,,,,,0.000000,,stale_depth
109,5.450000000,22,0,,,,,,,,,0.000000,,stale_depth
109,5.450000000,23,0,,,,,,,,,0.000000,,stale_depth
109,5.450000000,24,0,,,,,,,,,0.000000,,stale_depth
110,5.500000000,0,0,,,,,,,,,0.000000,,stale_depth
110,5.500000000,1,0,,,,,,,,,0.000000,,stale_depth
110,5.500000000,2,0,,,,,,,,,0.000000,,stale_depth
110,5.500000000,3,0,,,,,,,,,0.000000,,stale_depth
110,5.500000000,4,0,,,,,,,,,0.000000,,stale_depth
110,5.500000000,5,0,,,,,,,,,0.000000,,stale_depth
110,5.500000000,6,0,,,,,,,,,0.000000,,stale_depth
110,5.500000000,7,0,,,,,,,,,0.000000,,stale_depth
110,5.500000000,8,0,,,,,,,,,0.000000,,stale_depth
110,5.500000000,9,0,,,,,,,,,0.000000,,stale_depth
110,5.500000000,10,0,,,,,,,,,0.000000,,stale_depth
110,5.500000000,11,0,,,,,,,,,0.000000,,stale_depth
110,5.500000000,12,0,,,,,,,,,0.000000,,stale_depth
110,5.500000000,13,0,,,,,,,,,0.000000,,stale_depth
110,5.500000000,14,0,,,,,,,,,0.000000,,stale_depth
110,5.500000000,15,0,,,,,,,,,0.000000,,stale_depth
110,5.500000000,16,0,,,,,,,,,0.000000,,stale_depth
110,5.500000000,17,0,,,,,,,,,0.000000,,stale_depth
110,5.500000000,18,0,,,,,,,,,0.000000,,stale_depth
110,5.500000000,19,0,,,,,,,,,0.000000,,stale_depth
110,5.500000000,20,0,,,,,,,,,0.000000,,stale_depth
110,5.500000000,21,0,,,,,,,,,0.000000,,stale_depth
110,5.500000000,22,0,,,,,,,,,0.000000,,stale_depth
110,5.500000000,23,0,,,,,,,,,0.000000,,stale_depth
110,5.500000000,24,0,,,,,,,,,0.000000,,stale_depth
111,5.550000000,0,0,,,,,,,,,0.000000,,stale_depth
111,5.550000000,1,0,,,,,,,,,0.000000,,stale_depth
111,5.550000000,2,0,,,,,,,,,0.000000,,stale_depth
111,5.550000000,3,0,,,,,,,,,0.000000,,stale_depth
111,5.550000000,4,0,,,,,,,,,0.000000,,stale_depth
111,5.550000000,5,0,,,,,,,,,0.000000,,stale_depth
111,5.550000000,6,0,,,,,,,,,0.000000,,stale_depth
111,5.550000000,7,0,,,,,,,,,0.000000,,stale_depth
111,5.550000000,8,0,,,,,,,,,0.000000,,stale_depth
111,5.550000000,9,0,,,,,,,,,0.000000,,stale_depth
111,5.550000000,10,0,,,,,,,,,0.000000,,stale_depth
111,5.550000000,11,0,,,,,,,,,0.000000,,stale_depth
111,5.550000000,12,0,,,,,,,,,0.000000,,stale_depth
111,5.550000000,13,0,,,,,,,,,0.000000,,stale_depth
111,5.550000000,14,0,,,,,,,,,0.000000,,stale_depth
111,5.550000000,15,0,,,,,,,,,0.000000,,stale_depth
111,5.550000000,16,0,,,,,,,,,0.000000,,stale_depth
111,5.550000000,17,0,,,,,,,,,0.000000,,stale_depth
111,5.550000000,18,0,,,,,,,,,0.000000,,stale_depth
111,5.550000000,19,0,,,,,,,,,0.000000,,stale_depth
111,5.550000000,20,0,,,,,,,,,0.000000,,stale_depth
111,5.550000000,21,0,,,,,,,,,0.000000,,stale_depth
111,5.550000000,22,0,,,,,,,,,0.000000,,stale_depth
111,5.550000000,23,0,,,,,,,,,0.000000,,stale_depth
111,5.550000000,24,0,,,,,,,,,0.000000,,stale_depth
112,5.600000000,0,0,,,,,,,,,0.000000,,stale_depth
112,5.600000000,1,0,,,,,,,,,0.000000,,stale_depth
112,5.600000000,2,0,,,,,,,,,0.000000,,stale_depth
112,5.600000000,3,0,,,,,,,,,0.000000,,stale_depth
112,5.600000000,4,0,,,,,,,,,0.000000,,stale_depth
112,5.600000000,5,0,,,,,,,,,0.000000,,stale_depth
112,5.600000000,6,0,,,,,,,,,0.000000,,stale_depth
112,5.600000000,7,0,,,,,,,,,0.000000,,stale_depth
112,5.600000000,8,0,,,,,,,,,0.000000,,stale_depth
112,5.600000000,9,0,,,,,,,,,0.000000,,stale_depth
112,5.600000000,10,0,,,,,,,,,0.000000,,stale_depth
112,5.600000000,11,0,,,,,,,,,0.000000,,stale_depth
112,5.600000000,12,0,,,,,,,,,0.000000,,stale_depth
112,5.600000000,13,0,,,,,,,,,0.000000,,stale_depth
112,5.600000000,14,0,,,,,,,,,0.000000,,stale_depth
112,5.600000000,15,0,,,,,,,,,0.000000,,stale_depth
112,5.600000000,16,0,,,,,,,,,0.000000,,stale_depth
112,5.600000000,17,0,,,,,,,,,0.000000,,stale_depth
112,5.600000000,18,0,,,,,,,,,0.000000,,stale_depth
112,5.600000000,19,0,,,,,,,,,0.000000,,stale_depth
112,5.600000000,20,0,,,,,,,,,0.000000,,stale_depth
112,5.600000000,21,0,,,,,,,,,0.000000,,stale_depth
112,5.600000000,22,0,,,,,,,,,0.000000,,stale_depth
112,5.600000000,23,0,,,,,,,,,0.000000,,stale_depth
112,5.600000000,24,0,,,,,,,,,0.000000,,stale_depth
113,5.650000000,0,0,,,,,,,,,0.000000,,stale_depth
113,5.650000000,1,0,,,,,,,,,0.000000,,stale_depth
113,5.650000000,2,0,,,,,,,,,0.000000,,stale_depth
113,5.650000000,3,0,,,,,,,,,0.000000,,stale_depth
113,5.650000000,4,0,,,,,,,,,0.000000,,stale_depth
113,5.650000000,5,0,,,,,,,,,0.000000,,stale_depth
113,5.650000000,6,0,,,,,,,,,0.000000,,stale_depth
113,5.650000000,7,0,,,,,,,,,0.000000,,stale_depth
113,5.650000000,8,0,,,,,,,,,0.000000,,stale_depth
113,5.650000000,9,0,,,,,,,,,0.000000,,stale_depth
113,5.650000000,10,0,,,,,,,,,0.000000,,stale_depth
113,5.650000000,11,0,,,,,,,,,0.000000,,stale_depth
113,5.650000000,12,0,,,,,,,,,0.000000,,stale_depth
113,5.650000000,13,0,,,,,,,,,0.000000,,stale_depth
113,5.650000000,14,0,,,,,,,,,0.000000,,stale_depth
113,5.650000000,15,0,,,,,,,,,0.000000,,stale_depth
113,5.650000000,16,0,,,,,,,,,0.000000,,stale_depth
113,5.650000000,17,0,,,,,,,,,0.000000,,stale_depth
113,5.650000000,18,0,,,,,,,,,0.000000,,stale_depth
113,5.650000000,19,0,,,,,,,,,0.000000,,stale_depth
113,5.650000000,20,0,,,,,,,,,0.000000,,stale_depth
113,5.650000000,21,0,,,,,,,,,0.000000,,stale_depth
113,5.650000000,22,0,,,,,,,,,0.000000,,stale_depth
113,5.650000000,23,0,,,,,,,,,0.000000,,stale_depth
113,5.650000000,24,0,,,,,,,,,0.000000,,stale_depth
114,5.700000000,0,0,,,,,,,,,0.000000,,stale_depth
114,5.700000000,1,0,,,,,,,,,0.000000,,stale_depth
114,5.700000000,2,0,,,,,,,,,0.000000,,stale_depth
114,5.700000000,3,0,,,,,,,,,0.000000,,stale_depth
114,5.700000000,4,0,,,,,,,,,0.000000,,stale_depth
114,5.700000000,5,0,,,,,,,,,0.000000,,stale_depth
114,5.700000000,6,0,,,,,,,,,0.000000,,stale_depth
114,5.700000000,7,0,,,,,,,,,0.000000,,stale_depth
114,5.700000000,8,0,,,,,,,,,0.000000,,stale_depth
114,5.700000000,9,0,,,,,,,,,0.000000,,stale_depth
114,5.700000000,10,0,,,,,,,,,0.000000,,stale_depth
114,5.700000000,11,0,,,,,,,,,0.000000,,stale_depth
114,5.700000000,12,0,,,,,,,,,0.000000,,stale_depth
114,5.700000000,13,0,,,,,,,,,0.000000,,stale_depth
114,5.700000000,14,0,,,,,,,,,0.000000,,stale_depth
114,5.700000000,15,0,,,,,,,,,0.000000,,stale_depth
114,5.700000000,16,0,,,,,,,,,0.000000,,stale_depth
114,5.700000000,17,0,,,,,,,,,0.000000,,stale_depth
114,5.700000000,18,0,,,,,,,,,0.000000,,stale_depth
114,5.700000000,19,0,,,,,,,,,0.000000,,stale_depth
114,5.700000000,20,0,,,,,,,,,0.000000,,stale_depth
114,5.700000000,21,0,,,,,,,,,0.000000,,stale_depth
114,5.700000000,22,0,,,,,,,,,0.000000,,stale_depth
114,5.700000000,23,0,,,,,,,,,0.000000,,stale_depth
114,5.700000000,24,0,,,,,,,,,0.000000,,stale_depth
115,5.750000000,0,0,,,,,,,,,0.000000,,stale_depth
115,5.750000000,1,0,,,,,,,,,0.000000,,stale_depth
115,5.750000000,2,0,,,,,,,,,0.000000,,stale_depth
115,5.750000000,3,0,,,,,,,,,0.000000,,stale_depth
115,5.750000000,4,0,,,,,,,,,0.000000,,stale_depth
115,5.750000000,5,0,,,,,,,,,0.000000,,stale_depth
115,5.750000000,6,0,,,,,,,,,0.000000,,stale_depth
115,5.750000000,7,0,,,,,,,,,0.000000,,stale_depth
115,5.750000000,8,0,,,,,,,,,0.000000,,stale_depth
115,5.750000000,9,0,,,,,,,,,0.000000,,stale_depth
115,5.750000000,10,0,,,,,,,,,0.000000,,stale_depth
115,5.750000000,11,0,,,,,,,,,0.000000,,stale_depth
115,5.750000000,12,0,,,,,,,,,0.000000,,stale_depth
115,5.750000000,13,0,,,,,,,,,0.000000,,stale_depth
115,5.750000000,14,0,,,,,,,,,0.000000,,stale_depth
115,5.750000000,15,0,,,,,,,,,0.000000,,stale_depth
115,5.750000000,16,0,,,,,,,,,0.000000,,stale_depth
115,5.750000000,17,0,,,,,,,,,0.000000,,stale_depth
115,5.750000000,18,0,,,,,,,,,0.000000,,stale_depth
115,5.750000000,19,0,,,,,,,,,0.000000,,stale_depth
115,5.750000000,20,0,,,,,,,,,0.000000,,stale_depth
115,5.750000000,21,0,,,,,,,,,0.000000,,stale_depth
115,5.750000000,22,0,,,,,,,,,0.000000,,stale_depth
115,5.750000000,23,0,,,,,,,,,0.000000,,stale_depth
115,5.750000000,24,0,,,,,,,,,0.000000,,stale_depth
116,5.800000000,0,0,,,,,,,,,0.000000,,stale_depth
116,5.800000000,1,0,,,,,,,,,0.000000,,stale_depth
116,5.800000000,2,0,,,,,,,,,0.000000,,stale_depth
116,5.800000000,3,0,,,,,,,,,0.000000,,stale_depth
116,5.800000000,4,0,,,,,,,,,0.000000,,stale_depth
116,5.800000000,5,0,,,,,,,,,0.000000,,stale_depth
116,5.800000000,6,0,,,,,,,,,0.000000,,stale_depth
116,5.800000000,7,0,,,,,,,,,0.000000,,stale_depth
116,5.800000000,8,0,,,,,,,,,0.000000,,stale_depth
116,5.800000000,9,0,,,,,,,,,0.000000,,stale_depth
116,5.800000000,10,0,,,,,,,,,0.000000,,stale_depth
116,5.800000000,11,0,,,,,,,,,0.000000,,stale_depth
116,5.800000000,12,0,,,,,,,,,0.000000,,stale_depth
116,5.800000000,13,0,,,,,,,,,0.000000,,stale_depth
116,5.800000000,14,0,,,,,,,,,0.000000,,stale_depth
116,5.800000000,15,0,,,,,,,,,0.000000,,stale_depth
116,5.800000000,16,0,,,,,,,,,0.000000,,stale_depth
116,5.800000000,17,0,,,,,,,,,0.000000,,stale_depth
116,5.800000000,18,0,,,,,,,,,0.000000,,stale_depth
116,5.800000000,19,0,,,,,,,,,0.000000,,stale_depth
116,5.800000000,20,0,,,,,,,,,0.000000,,stale_depth
116,5.800000000,21,0,,,,,,,,,0.000000,,stale_depth
116,5.800000000,22,0,,,,,,,,,0.000000,,stale_depth
116,5.800000000,23,0,,,,,,,,,0.000000,,stale_depth
116,5.800000000,24,0,,,,,,,,,0.000000,,stale_depth
117,5.850000000,0,0,,,,,,,,,0.000000,,stale_depth
117,5.850000000,1,0,,,,,,,,,0.000000,,stale_depth
117,5.850000000,2,0,,,,,,,,,0.000000,,stale_depth
117,5.850000000,3,0,,,,,,,,,0.000000,,stale_depth
117,5.850000000,4,0,,,,,,,,,0.000000,,stale_depth
117,5.850000000,5,0,,,,,,,,,0.000000,,stale_depth
117,5.850000000,6,0,,,,,,,,,0.000000,,stale_depth
117,5.850000000,7,0,,,,,,,,,0.000000,,stale_depth
117,5.850000000,8,0,,,,,,,,,0.000000,,stale_depth
117,5.850000000,9,0,,,,,,,,,0.000000,,stale_depth
117,5.850000000,10,0,,,,,,,,,0.000000,,stale_depth
117,5.850000000,11,0,,,,,,,,,0.000000,,stale_depth
117,5.850000000,12,0,,,,,,,,,0.000000,,stale_depth
117,5.850000000,13,0,,,,,,,,,0.000000,,stale_depth
117,5.850000000,14,0,,,,,,,,,0.000000,,stale_depth
117,5.850000000,15,0,,,,,,,,,0.000000,,stale_depth
117,5.850000000,16,0,,,,,,,,,0.000000,,stale_depth
117,5.850000000,17,0,,,,,,,,,0.000000,,stale_depth
117,5.850000000,18,0,,,,,,,,,0.000000,,stale_depth
117,5.850000000,19,0,,,,,,,,,0.000000,,stale_depth
117,5.850000000,20,0,,,,,,,,,0.000000,,stale_depth
117,5.850000000,21,0,,,,,,,,,0.000000,,stale_depth
117,5.850000000,22,0,,,,,,,,,0.000000,,stale_depth
117,5.850000000,23,0,,,,,,,,,0.000000,,stale_depth
117,5.850000000,24,0,,,,,,,,,0.000000,,stale_depth
118,5.900000000,0,0,,,,,,,,,0.000000,,stale_depth
118,5.900000000,1,0,,,,,,,,,0.000000,,stale_depth
118,5.900000000,2,0,,,,,,,,,0.000000,,stale_depth
118,5.900000000,3,0,,,,,,,,,0.000000,,stale_depth
118,5.900000000,4,0,,,,,,,,,0.000000,,stale_depth
118,5.900000000,5,0,,,,,,,,,0.000000,,stale_depth
118,5.900000000,6,0,,,,,,,,,0.000000,,stale_depth
118,5.900000000,7,0,,,,,,,,,0.000000,,stale_depth
118,5.900000000,8,0,,,,,,,,,0.000000,,stale_depth
118,5.900000000,9,0,,,,,,,,,0.000000,,stale_depth
118,5.900000000,10,0,,,,,,,,,0.000000,,stale_depth
118,5.900000000,11,0,,,,,,,,,0.000000,,stale_depth
118,5.900000000,12,0,,,,,,,,,0.000000,,stale_depth
118,5.900000000,13,0,,,,,,,,,0.000000,,stale_depth
118,5.900000000,14,0,,,,,,,,,0.000000,,stale_depth
118,5.900000000,15,0,,,,,,,,,0.000000,,stale_depth
118,5.900000000,16,0,,,,,,,,,0.000000,,stale_depth
118,5.900000000,17,0,,,,,,,,,0.000000,,stale_depth
118,5.900000000,18,0,,,,,,,,,0.000000,,stale_depth
118,5.900000000,19,0,,,,,,,,,0.000000,,stale_depth
118,5.900000000,20,0,,,,,,,,,0.000000,,stale_depth
118,5.900000000,21,0,,,,,,,,,0.000000,,stale_depth
118,5.900000000,22,0,,,,,,,,,0.000000,,stale_depth
118,5.900000000,23,0,,,,,,,,,0.000000,,stale_depth
118,5.900000000,24,0,,,,,,,,,0.000000,,stale_depth
119,5.950000000,0,0,,,,,,,,,0.000000,,stale_depth
119,5.950000000,1,0,,,,,,,,,0.000000,,stale_depth
119,5.950000000,2,0,,,,,,,,,0.000000,,stale_depth
119,5.950000000,3,0,,,,,,,,,0.000000,,stale_depth
119,5.950000000,4,0,,,,,,,,,0.000000,,stale_depth
119,5.950000000,5,0,,,,,,,,,0.000000,,stale_depth
119,5.950000000,6,0,,,,,,,,,0.000000,,stale_depth
119,5.950000000,7,0,,,,,,,,,0.000000,,stale_depth
119,5.950000000,8,0,,,,,,,,,0.000000,,stale_depth
119,5.950000000,9,0,,,,,,,,,0.000000,,stale_depth
119,5.950000000,10,0,,,,,,,,,0.000000,,stale_depth
119,5.950000000,11,0,,,,,,,,,0.000000,,stale_depth
119,5.950000000,12,0,,,,,,,,,0.000000,,stale_depth
119,5.950000000,13,0,,,,,,,,,0.000000,,stale_depth
119,5.950000000,14,0,,,,,,,,,0.000000,,stale_depth
119,5.950000000,15,0,,,,,,,,,0.000000,,stale_depth
119,5.950000000,16,0,,,,,,,,,0.000000,,stale_depth
119,5.950000000,17,0,,,,,,,,,0.000000,,stale_depth
119,5.950000000,18,0,,,,,,,,,0.000000,,stale_depth
119,5.950000000,19,0,,,,,,,,,0.000000,,stale_depth
119,5.950000000,20,0,,,,,,,,,0.000000,,stale_depth
119,5.950000000,21,0,,,,,,,,,0.000000,,stale_depth
119,5.950000000,22,0,,,,,,,,,0.000000,,stale_depth
119,5.950000000,23,0,,,,,,,,,0.000000,,stale_depth
119,5.950000000,24,0,,,,,,,,,0.000000,,stale_depth
120,6.000000000,0,0,,,,,,,,,0.000000,,stale_depth
120,6.000000000,1,0,,,,,,,,,0.000000,,stale_depth
120,6.000000000,2,0,,,,,,,,,0.000000,,stale_depth
120,6.000000000,3,0,,,,,,,,,0.000000,,stale_depth
120,6.000000000,4,0,,,,,,,,,0.000000,,stale_depth
120,6.000000000,5,0,,,,,,,,,0.000000,,stale_depth
120,6.000000000,6,0,,,,,,,,,0.000000,,stale_depth
120,6.000000000,7,0,,,,,,,,,0.000000,,stale_depth
120,6.000000000,8,0,,,,,,,,,0.000000,,stale_depth
120,6.000000000,9,0,,,,,,,,,0.000000,,stale_depth
120,6.000000000,10,0,,,,,,,,,0.000000,,stale_depth
120,6.000000000,11,0,,,,,,,,,0.000000,,stale_depth
120,6.000000000,12,0,,,,,,,,,0.000000,,stale_depth
120,6.000000000,13,0,,,,,,,,,0.000000,,stale_depth
120,6.000000000,14,0,,,,,,,,,0.000000,,stale_depth
120,6.000000000,15,0,,,,,,,,,0.000000,,stale_depth
120,6.000000000,16,0,,,,,,,,,0.000000,,stale_depth
120,6.000000000,17,0,,,,,,,,,0.000000,,stale_depth
120,6.000000000,18,0,,,,,,,,,0.000000,,stale_depth
120,6.000000000,19,0,,,,,,,,,0.000000,,stale_depth
120,6.000000000,20,0,,,,,,,,,0.000000,,stale_depth
120,6.000000000,21,0,,,,,,,,,0.000000,,stale_depth
120,6.000000000,22,0,,,,,,,,,0.000000,,stale_depth
120,6.000000000,23,0,,,,,,,,,0.000000,,stale_depth
120,6.000000000,24,0,,,,,,,,,0.000000,,stale_depth
121,6.050000000,0,0,,,,,,,,,0.000000,,stale_depth
121,6.050000000,1,0,,,,,,,,,0.000000,,stale_depth
121,6.050000000,2,0,,,,,,,,,0.000000,,stale_depth
121,6.050000000,3,0,,,,,,,,,0.000000,,stale_depth
121,6.050000000,4,0,,,,,,,,,0.000000,,stale_depth
121,6.050000000,5,0,,,,,,,,,0.000000,,stale_depth
121,6.050000000,6,0,,,,,,,,,0.000000,,stale_depth
121,6.050000000,7,0,,,,,,,,,0.000000,,stale_depth
121,6.050000000,8,0,,,,,,,,,0.000000,,stale_depth
121,6.050000000,9,0,,,,,,,,,0.000000,,stale_depth
121,6.050000000,10,0,,,,,,,,,0.000000,,stale_depth
121,6.050000000,11,0,,,,,,,,,0.000000,,stale_depth
121,6.050000000,12,0,,,,,,,,,0.000000,,stale_depth
121,6.050000000,13,0,,,,,,,,,0.000000,,stale_depth
121,6.050000000,14,0,,,,,,,,,0.000000,,stale_depth
121,6.050000000,15,0,,,,,,,,,0.000000,,stale_depth
121,6.050000000,16,0,,,,,,,,,0.000000,,stale_depth
121,6.050000000,17,0,,,,,,,,,0.000000,,stale_depth
121,6.050000000,18,0,,,,,,,,,0.000000,,stale_depth
121,6.050000000,19,0,,,,,,,,,0.000000,,stale_depth
121,6.050000000,20,0,,,,,,,,,0.000000,,stale_depth
121,6.050000000,21,0,,,,,,,,,0.000000,,stale_depth
121,6.050000000,22,0,,,,,,,,,0.000000,,stale_depth
121,6.050000000,23,0,,,,,,,,,0.000000,,stale_depth
121,6.050000000,24,0,,,,,,,,,0.000000,,stale_depth
122,6.100000000,0,0,,,,,,,,,0.000000,,stale_depth
122,6.100000000,1,0,,,,,,,,,0.000000,,stale_depth
122,6.100000000,2,0,,,,,,,,,0.000000,,stale_depth
122,6.100000000,3,0,,,,,,,,,0.000000,,stale_depth
122,6.100000000,4,0,,,,,,,,,0.000000,,stale_depth
122,6.100000000,5,0,,,,,,,,,0.000000,,stale_depth
122,6.100000000,6,0,,,,,,,,,0.000000,,stale_depth
122,6.100000000,7,0,,,,,,,,,0.000000,,stale_depth
122,6.100000000,8,0,,,,,,,,,0.000000,,stale_depth
122,6.100000000,9,0,,,,,,,,,0.000000,,stale_depth
122,6.100000000,10,0,,,,,,,,,0.000000,,stale_depth
122,6.100000000,11,0,,,,,,,,,0.000000,,stale_depth
122,6.100000000,12,0,,,,,,,,,0.000000,,stale_depth
122,6.100000000,13,0,,,,,,,,,0.000000,,stale_depth
122,6.100000000,14,0,,,,,,,,,0.000000,,stale_depth
122,6.100000000,15,0,,,,,,,,,0.000000,,stale_depth
122,6.100000000,16,0,,,,,,,,,0.000000,,stale_depth
122,6.100000000,17,0,,,,,,,,,0.000000,,stale_depth
122,6.100000000,18,0,,,,,,,,,0.000000,,stale_depth
122,6.100000000,19,0,,,,,,,,,0.000000,,stale_depth
122,6.100000000,20,0,,,,,,,,,0.000000,,stale_depth
122,6.100000000,21,0,,,,,,,,,0.000000,,stale_depth
122,6.100000000,22,0,,,,,,,,,0.000000,,stale_depth
122,6.100000000,23,0,,,,,,,,,0.000000,,stale_depth
122,6.100000000,24,0,,,,,,,,,0.000000,,stale_depth
123,6.150000000,0,0,,,,,,,,,0.000000,,stale_depth
123,6.150000000,1,0,,,,,,,,,0.000000,,stale_depth
123,6.150000000,2,0,,,,,,,,,0.000000,,stale_depth
123,6.150000000,3,0,,,,,,,,,0.000000,,stale_depth
123,6.150000000,4,0,,,,,,,,,0.000000,,stale_depth
123,6.150000000,5,0,,,,,,,,,0.000000,,stale_depth
123,6.150000000,6,0,,,,,,,,,0.000000,,stale_depth
123,6.150000000,7,0,,,,,,,,,0.000000,,stale_depth
123,6.150000000,8,0,,,,,,,,,0.000000,,stale_depth
123,6.150000000,9,0,,,,,,,,,0.000000,,stale_depth
123,6.150000000,10,0,,,,,,,,,0.000000,,stale_depth
123,6.150000000,11,0,,,,,,,,,0.000000,,stale_depth
123,6.150000000,12,0,,,,,,,,,0.000000,,stale_depth
123,6.150000000,13,0,,,,,,,,,0.000000,,stale_depth
123,6.150000000,14,0,,,,,,,,,0.000000,,stale_depth
123,6.150000000,15,0,,,,,,,,,0.000000,,stale_depth
123,6.150000000,16,0,,,,,,,,,0.000000,,stale_depth
123,6.150000000,17,0,,,,,,,,,0.000000,,stale_depth
123,6.150000000,18,0,,,,,,,,,0.000000,,stale_depth
123,6.150000000,19,0,,,,,,,,,0.000000,,stale_depth
123,6.150000000,20,0,,,,,,,,,0.000000,,stale_depth
123,6.150000000,21,0,,,,,,,,,0.000000,,stale_depth
123,6.150000000,22,0,,,,,,,,,0.000000,,stale_depth
123,6.150000000,23,0,,,,,,,,,0.000000,,stale_depth
123,6.150000000,24,0,,,,,,,,,0.000000,,stale_depth
124,6.200000000,0,0,,,,,,,,,0.000000,,stale_depth
124,6.200000000,1,0,,,,,,,,,0.000000,,stale_depth
124,6.200000000,2,0,,,,,,,,,0.000000,,stale_depth
124,6.200000000,3,0,,,,,,,,,0.000000,,stale_depth
124,6.200000000,4,0,,,,,,,,,0.000000,,stale_depth
124,6.200000000,5,0,,,,,,,,,0.000000,,stale_depth
124,6.200000000,6,0,,,,,,,,,0.000000,,stale_depth
124,6.200000000,7,0,,,,,,,,,0.000000,,stale_depth
124,6.200000000,8,0,,,,,,,,,0.000000,,stale_depth
124,6.200000000,9,0,,,,,,,,,0.000000,,stale_depth
124,6.200000000,10,0,,,,,,,,,0.000000,,stale_depth
124,6.200000000,11,0,,,,,,,,,0.000000,,stale_depth
124,6.200000000,12,0,,,,,,,,,0.000000,,stale_depth
124,6.200000000,13,0,,,,,,,,,0.000000,,stale_depth
124,6.200000000,14,0,,,,,,,,,0.000000,,stale_depth
124,6.200000000,15,0,,,,,,,,,0.000000,,stale_depth
124,6.200000000,16,0,,,,,,,,,0.000000,,stale_depth
124,6.200000000,17,0,,,,,,,,,0.000000,,stale_depth
124,6.200000000,18,0,,,,,,,,,0.000000,,stale_depth
124,6.200000000,19,0,,,,,,,,,0.000000,,stale_depth
124,6.200000000,20,0,,,,,,,,,0.000000,,stale_depth
124,6.200000000,21,0,,,,,,,,,0.000000,,stale_depth
124,6.200000000,22,0,,,,,,,,,0.000000,,stale_depth
124,6.200000000,23,0,,,,,,,,,0.000000,,stale_depth
124,6.200000000,24,0,,,,,,,,,0.000000,,stale_depth
125,6.250000000,0,0,,,,,,,,,0.000000,,stale_depth
125,6.250000000,1,0,,,,,,,,,0.000000,,stale_depth
125,6.250000000,2,0,,,,,,,,,0.000000,,stale_depth
125,6.250000000,3,0,,,,,,,,,0.000000,,stale_depth
125,6.250000000,4,0,,,,,,,,,0.000000,,stale_depth
125,6.250000000,5,0,,,,,,,,,0.000000,,stale_depth
125,6.250000000,6,0,,,,,,,,,0.000000,,stale_depth
125,6.250000000,7,0,,,,,,,,,0.000000,,stale_depth
125,6.250000000,8,0,,,,,,,,,0.000000,,stale_depth
125,6.250000000,9,0,,,,,,,,,0.000000,,stale_depth
125,6.250000000,10,0,,,,,,,,,0.000000,,stale_depth
125,6.250000000,11,0,,,,,,,,,0.000000,,stale_depth
125,6.250000000,12,0,,,,,,,,,0.000000,,stale_depth
125,6.250000000,13,0,,,,,,,,,0.000000,,stale_depth
125,6.250000000,14,0,,,,,,,,,0.000000,,stale_depth
125,6.250000000,15,0,,,,,,,,,0.000000,,stale_depth
125,6.250000000,16,0,,,,,,,,,0.000000,,stale_depth
125,6.250000000,17,0,,,,,,,,,0.000000,,stale_depth
125,6.250000000,18,0,,,,,,,,,0.000000,,stale_depth
125,6.250000000,19,0,,,,,,,,,0.000000,,stale_depth
125,6.250000000,20,0,,,,,,,,,0.000000,,stale_depth
125,6.250000000,21,0,,,,,,,,,0.000000,,stale_depth
125,6.250000000,22,0,,,,,,,,,0.000000,,stale_depth
125,6.250000000,23,0,,,,,,,,,0.000000,,stale_depth
125,6.250000000,24,0,,,,,,,,,0.000000,,stale_depth
126,6.300000000,0,0,,,,,,,,,0.000000,,stale_depth
126,6.300000000,1,0,,,,,,,,,0.000000,,stale_depth
126,6.300000000,2,0,,,,,,,,,0.000000,,stale_depth
126,6.300000000,3,0,,,,,,,,,0.000000,,stale_depth
126,6.300000000,4,0,,,,,,,,,0.000000,,stale_depth
126,6.300000000,5,0,,,,,,,,,0.000000,,stale_depth
126,6.300000000,6,0,,,,,,,,,0.000000,,stale_depth
126,6.300000000,7,0,,,,,,,,,0.000000,,stale_depth
126,6.300000000,8,0,,,,,,,,,0.000000,,stale_depth
126,6.300000000,9,0,,,,,,,,,0.000000,,stale_depth
126,6.300000000,10,0,,,,,,,,,0.000000,,stale_depth
126,6.300000000,11,0,,,,,,,,,0.000000,,stale_depth
126,6.300000000,12,0,,,,,,,,,0.000000,,stale_depth
126,6.300000000,13,0,,,,,,,,,0.000000,,stale_depth
126,6.300000000,14,0,,,,,,,,,0.000000,,stale_depth
126,6.300000000,15,0,,,,,,,,,0.000000,,stale_depth
126,6.300000000,16,0,,,,,,,,,0.000000,,stale_depth
126,6.300000000,17,0,,,,,,,,,0.000000,,stale_depth
126,6.300000000,18,0,,,,,,,,,0.000000,,stale_depth
126,6.300000000,19,0,,,,,,,,,0.000000,,stale_depth
126,6.300000000,20,0,,,,,,,,,0.000000,,stale_depth
126,6.300000000,21,0,,,,,,,,,0.000000,,stale_depth
126,6.300000000,22,0,,,,,,,,,0.000000,,stale_depth
126,6.300000000,23,0,,,,,,,,,0.000000,,stale_depth
126,6.300000000,24,0,,,,,,,,,0.000000,,stale_depth
127,6.350000000,0,0,,,,,,,,,0.000000,,stale_depth
127,6.350000000,1,0,,,,,,,,,0.000000,,stale_depth
127,6.350000000,2,0,,,,,,,,,0.000000,,stale_depth
127,6.350000000,3,0,,,,,,,,,0.000000,,stale_depth
127,6.350000000,4,0,,,,,,,,,0.000000,,stale_depth
127,6.350000000,5,0,,,,,,,,,0.000000,,stale_depth
127,6.350000000,6,0,,,,,,,,,0.000000,,stale_depth
127,6.350000000,7,0,,,,,,,,,0.000000,,stale_depth
127,6.350000000,8,0,,,,,,,,,0.000000,,stale_depth
127,6.350000000,9,0,,,,,,,,,0.000000,,stale_depth
127,6.350000000,10,0,,,,,,,,,0.000000,,stale_depth
127,6.350000000,11,0,,,,,,,,,0.000000,,stale_depth
127,6.350000000,12,0,,,,,,,,,0.000000,,stale_depth
127,6.350000000,13,0,,,,,,,,,0.000000,,stale_depth
127,6.350000000,14,0,,,,,,,,,0.000000,,stale_depth
127,6.350000000,15,0,,,,,,,,,0.000000,,stale_depth
127,6.350000000,16,0,,,,,,,,,0.000000,,stale_depth
127,6.350000000,17,0,,,,,,,,,0.000000,,stale_depth
127,6.350000000,18,0,,,,,,,,,0.000000,,stale_depth
127,6.350000000,19,0,,,,,,,,,0.000000,,stale_depth
127,6.350000000,20,0,,,,,,,,,0.000000,,stale_depth
127,6.350000000,21,0,,,,,,,,,0.000000,,stale_depth
127,6.350000000,22,0,,,,,,,,,0.000000,,stale_depth
127,6.350000000,23,0,,,,,,,,,0.000000,,stale_depth
127,6.350000000,24,0,,,,,,,,,0.000000,,stale_depth
128,6.400000000,0,0,,,,,,,,,0.000000,,stale_depth
128,6.400000000,1,0,,,,,,,,,0.000000,,stale_depth
128,6.400000000,2,0,,,,,,,,,0.000000,,stale_depth
128,6.400000000,3,0,,,,,,,,,0.000000,,stale_depth
128,6.400000000,4,0,,,,,,,,,0.000000,,stale_depth
128,6.400000000,5,0,,,,,,,,,0.000000,,stale_depth
128,6.400000000,6,0,,,,,,,,,0.000000,,stale_depth
128,6.400000000,7,0,,,,,,,,,0.000000,,stale_depth
128,6.400000000,8,0,,,,,,,,,0.000000,,stale_depth
128,6.400000000,9,0,,,,,,,,,0.000000,,stale_depth
128,6.400000000,10,0,,,,,,,,,0.000000,,stale_depth
128,6.400000000,11,0,,,,,,,,,0.000000,,stale_depth
128,6.400000000,12,0,,,,,,,,,0.000000,,stale_depth
128,6.400000000,13,0,,,,,,,,,0.000000,,stale_depth
128,6.400000000,14,0,,,,,,,,,0.000000,,stale_depth
128,6.400000000,15,0,,,,,,,,,0.000000,,stale_depth
128,6.400000000,16,0,,,,,,,,,0.000000,,stale_depth
128,6.400000000,17,0,,,,,,,,,0.000000,,stale_depth
128,6.400000000,18,0,,,,,,,,,0.000000,,stale_depth
128,6.400000000,19,0,,,,,,,,,0.000000,,stale_depth
128,6.400000000,20,0,,,,,,,,,0.000000,,stale_depth
128,6.400000000,21,0,,,,,,,,,0.000000,,stale_depth
128,6.400000000,22,0,,,,,,,,,0.000000,,stale_depth
128,6.400000000,23,0,,,,,,,,,0.000000,,stale_depth
128,6.400000000,24,0,,,,,,,,,0.000000,,stale_depth
129,6.450000000,0,0,,,,,,,,,0.000000,,stale_depth
129,6.450000000,1,0,,,,,,,,,0.000000,,stale_depth
129,6.450000000,2,0,,,,,,,,,0.000000,,stale_depth
129,6.450000000,3,0,,,,,,,,,0.000000,,stale_depth
129,6.450000000,4,0,,,,,,,,,0.000000,,stale_depth
129,6.450000000,5,0,,,,,,,,,0.000000,,stale_depth
129,6.450000000,6,0,,,,,,,,,0.000000,,stale_depth
129,6.450000000,7,0,,,,,,,,,0.000000,,stale_depth
129,6.450000000,8,0,,,,,,,,,0.000000,,stale_depth
129,6.450000000,9,0,,,,,,,,,0.000000,,stale_depth
129,6.450000000,10,0,,,,,,,,,0.000000,,stale_depth
129,6.450000000,11,0,,,,,,,,,0.000000,,stale_depth
129,6.450000000,12,0,,,,,,,,,0.000000,,stale_depth
129,6.450000000,13,0,,,,,,,,,0.000000,,stale_depth
129,6.450000000,14,0,,,,,,,,,0.000000,,stale_depth
129,6.450000000,15,0,,,,,,,,,0.000000,,stale_depth
129,6.450000000,16,0,,,,,,,,,0.000000,,stale_depth
129,6.450000000,17,0,,,,,,,,,0.000000,,stale_depth
129,6.450000000,18,0,,,,,,,,,0.000000,,stale_depth
129,6.450000000,19,0,,,,,,,,,0.000000,,stale_depth
129,6.450000000,20,0,,,,,,,,,0.000000,,stale_depth
129,6.450000000,21,0,,,,,,,,,0.000000,,stale_depth
129,6.450000000,22,0,,,,,,,,,0.000000,,stale_depth
129,6.450000000,23,0,,,,,,,,,0.000000,,stale_depth
129,6.450000000,24,0,,,,,,,,,0.000000,,stale_depth
130,6.500000000,0,0,,,,,,,,,0.000000,,stale_depth
130,6.500000000,1,0,,,,,,,,,0.000000,,stale_depth
130,6.500000000,2,0,,,,,,,,,0.000000,,stale_depth
130,6.500000000,3,0,,,,,,,,,0.000000,,stale_depth
130,6.500000000,4,0,,,,,,,,,0.000000,,stale_depth
130,6.500000000,5,0,,,,,,,,,0.000000,,stale_depth
130,6.500000000,6,0,,,,,,,,,0.000000,,stale_depth
130,6.500000000,7,0,,,,,,,,,0.000000,,stale_depth
130,6.500000000,8,0,,,,,,,,,0.000000,,stale_depth
130,6.500000000,9,0,,,,,,,,,0.000000,,stale_depth
130,6.500000000,10,0,,,,,,,,,0.000000,,stale_depth
130,6.500000000,11,0,,,,,,,,,0.000000,,stale_depth
130,6.500000000,12,0,,,,,,,,,0.000000,,stale_depth
130,6.500000000,13,0,,,,,,,,,0.000000,,stale_depth
130,6.500000000,14,0,,,,,,,,,0.000000,,stale_depth
130,6.500000000,15,0,,,,,,,,,0.000000,,stale_depth
130,6.500000000,16,0,,,,,,,,,0.000000,,stale_depth
130,6.500000000,17,0,,,,,,,,,0.000000,,stale_depth
130,6.500000000,18,0,,,,,,,,,0.000000,,stale_depth
130,6.500000000,19,0,,,,,,,,,0.000000,,stale_depth
130,6.500000000,20,0,,,,,,,,,0.000000,,stale_depth
130,6.500000000,21,0,,,,,,,,,0.000000,,stale_depth
130,6.500000000,22,0,,,,,,,,,0.000000,,stale_depth
130,6.500000000,23,0,,,,,,,,,0.000000,,stale_depth
130,6.500000000,24,0,,,,,,,,,0.000000,,stale_depth
131,6.550000000,0,0,,,,,,,,,0.000000,,stale_depth
131,6.550000000,1,0,,,,,,,,,0.000000,,stale_depth
131,6.550000000,2,0,,,,,,,,,0.000000,,stale_depth
131,6.550000000,3,0,,,,,,,,,0.000000,,stale_depth
131,6.550000000,4,0,,,,,,,,,0.000000,,stale_depth
131,6.550000000,5,0,,,,,,,,,0.000000,,stale_depth
131,6.550000000,6,0,,,,,,,,,0.000000,,stale_depth
131,6.550000000,7,0,,,,,,,,,0.000000,,stale_depth
131,6.550000000,8,0,,,,,,,,,0.000000,,stale_depth
131,6.550000000,9,0,,,,,,,,,0.000000,,stale_depth
131,6.550000000,10,0,,,,,,,,,0.000000,,stale_depth
131,6.550000000,11,0,,,,,,,,,0.000000,,stale_depth
131,6.550000000,12,0,,,,,,,,,0.000000,,stale_depth
131,6.550000000,13,0,,,,,,,,,0.000000,,stale_depth
131,6.550000000,14,0,,,,,,,,,0.000000,,stale_depth
131,6.550000000,15,0,,,,,,,,,0.000000,,stale_depth
131,6.550000000,16,0,,,,,,,,,0.000000,,stale_depth
131,6.550000000,17,0,,,,,,,,,0.000000,,stale_depth
131,6.550000000,18,0,,,,,,,,,0.000000,,stale_depth
131,6.550000000,19,0,,,,,,,,,0.000000,,stale_depth
131,6.550000000,20,0,,,,,,,,,0.000000,,stale_depth
131,6.550000000,21,0,,,,,,,,,0.000000,,stale_depth
131,6.550000000,22,0,,,,,,,,,0.000000,,stale_depth
131,6.550000000,23,0,,,,,,,,,0.000000,,stale_depth
131,6.550000000,24,0,,,,,,,,,0.000000,,stale_depth
132,6.600000000,0,0,,,,,,,,,0.000000,,stale_depth
132,6.600000000,1,0,,,,,,,,,0.000000,,stale_depth
132,6.600000000,2,0,,,,,,,,,0.000000,,stale_depth
132,6.600000000,3,0,,,,,,,,,0.000000,,stale_depth
132,6.600000000,4,0,,,,,,,,,0.000000,,stale_depth
132,6.600000000,5,0,,,,,,,,,0.000000,,stale_depth
132,6.600000000,6,0,,,,,,,,,0.000000,,stale_depth
132,6.600000000,7,0,,,,,,,,,0.000000,,stale_depth
132,6.600000000,8,0,,,,,,,,,0.000000,,stale_depth
132,6.600000000,9,0,,,,,,,,,0.000000,,stale_depth
132,6.600000000,10,0,,,,,,,,,0.000000,,stale_depth
132,6.600000000,11,0,,,,,,,,,0.000000,,stale_depth
132,6.600000000,12,0,,,,,,,,,0.000000,,stale_depth
132,6.600000000,13,0,,,,,,,,,0.000000,,stale_depth
132,6.600000000,14,0,,,,,,,,,0.000000,,stale_depth
132,6.600000000,15,0,,,,,,,,,0.000000,,stale_depth
132,6.600000000,16,0,,,,,,,,,0.000000,,stale_depth
132,6.600000000,17,0,,,,,,,,,0.000000,,stale_depth
132,6.600000000,18,0,,,,,,,,,0.000000,,stale_depth
132,6.600000000,19,0,,,,,,,,,0.000000,,stale_depth
132,6.600000000,20,0,,,,,,,,,0.000000,,stale_depth
132,6.600000000,21,0,,,,,,,,,0.000000,,stale_depth
132,6.600000000,22,0,,,,,,,,,0.000000,,stale_depth
132,6.600000000,23,0,,,,,,,,,0.000000,,stale_depth
132,6.600000000,24,0,,,,,,,,,0.000000,,stale_depth
133,6.650000000,0,0,,,,,,,,,0.000000,,stale_depth
133,6.650000000,1,0,,,,,,,,,0.000000,,stale_depth
133,6.650000000,2,0,,,,,,,,,0.000000,,stale_depth
133,6.650000000,3,0,,,,,,,,,0.000000,,stale_depth
133,6.650000000,4,0,,,,,,,,,0.000000,,stale_depth
133,6.650000000,5,0,,,,,,,,,0.000000,,stale_depth
133,6.650000000,6,0,,,,,,,,,0.000000,,stale_depth
133,6.650000000,7,0,,,,,,,,,0.000000,,stale_depth
133,6.650000000,8,0,,,,,,,,,0.000000,,stale_depth
133,6.650000000,9,0,,,,,,,,,0.000000,,stale_depth
133,6.650000000,10,0,,,,,,,,,0.000000,,stale_depth
133,6.650000000,11,0,,,,,,,,,0.000000,,stale_depth
133,6.650000000,12,0,,,,,,,,,0.000000,,stale_depth
133,6.650000000,13,0,,,,,,,,,0.000000,,stale_depth
133,6.650000000,14,0,,,,,,,,,0.000000,,stale_depth
133,6.650000000,15,0,,,,,,,,,0.000000,,stale_depth
133,6.650000000,16,0,,,,,,,,,0.000000,,stale_depth
133,6.650000000,17,0,,,,,,,,,0.000000,,stale_depth
133,6.650000000,18,0,,,,,,,,,0.000000,,stale_depth
133,6.650000000,19,0,,,,,,,,,0.000000,,stale_depth
133,6.650000000,20,0,,,,,,,,,0.000000,,stale_depth
133,6.650000000,21,0,,,,,,,,,0.000000,,stale_depth
133,6.650000000,22,0,,,,,,,,,0.000000,,stale_depth
133,6.650000000,23,0,,,,,,,,,0.000000,,stale_depth
133,6.650000000,24,0,,,,,,,,,0.000000,,stale_depth
134,6.700000000,0,0,,,,,,,,,0.000000,,stale_depth
134,6.700000000,1,0,,,,,,,,,0.000000,,stale_depth
134,6.700000000,2,0,,,,,,,,,0.000000,,stale_depth
134,6.700000000,3,0,,,,,,,,,0.000000,,stale_depth
134,6.700000000,4,0,,,,,,,,,0.000000,,stale_depth
134,6.700000000,5,0,,,,,,,,,0.000000,,stale_depth
134,6.700000000,6,0,,,,,,,,,0.000000,,stale_depth
134,6.700000000,7,0,,,,,,,,,0.000000,,stale_depth
134,6.700000000,8,0,,,,,,,,,0.000000,,stale_depth
134,6.700000000,9,0,,,,,,,,,0.000000,,stale_depth
134,6.700000000,10,0,,,,,,,,,0.000000,,stale_depth
134,6.700000000,11,0,,,,,,,,,0.000000,,stale_depth
134,6.700000000,12,0,,,,,,,,,0.000000,,stale_depth
134,6.700000000,13,0,,,,,,,,,0.000000,,stale_depth
134,6.700000000,14,0,,,,,,,,,0.000000,,stale_depth
134,6.700000000,15,0,,,,,,,,,0.000000,,stale_depth
134,6.700000000,16,0,,,,,,,,,0.000000,,stale_depth
134,6.700000000,17,0,,,,,,,,,0.000000,,stale_depth
134,6.700000000,18,0,,,,,,,,,0.000000,,stale_depth
134,6.700000000,19,0,,,,,,,,,0.000000,,stale_depth
134,6.700000000,20,0,,,,,,,,,0.000000,,stale_depth
134,6.700000000,21,0,,,,,,,,,0.000000,,stale_depth
134,6.700000000,22,0,,,,,,,,,0.000000,,stale_depth
134,6.700000000,23,0,,,,,,,,,0.000000,,stale_depth
134,6.700000000,24,0,,,,,,,,,0.000000,,stale_depth
135,6.750000000,0,0,,,,,,,,,0.000000,,stale_depth
135,6.750000000,1,0,,,,,,,,,0.000000,,stale_depth
135,6.750000000,2,0,,,,,,,,,0.000000,,stale_depth
135,6.750000000,3,0,,,,,,,,,0.000000,,stale_depth
135,6.750000000,4,0,,,,,,,,,0.000000,,stale_depth
135,6.750000000,5,0,,,,,,,,,0.000000,,stale_depth
135,6.750000000,6,0,,,,,,,,,0.000000,,stale_depth
135,6.750000000,7,0,,,,,,,,,0.000000,,stale_depth
135,6.750000000,8,0,,,,,,,,,0.000000,,stale_depth
135,6.750000000,9,0,,,,,,,,,0.000000,,stale_depth
135,6.750000000,10,0,,,,,,,,,0.000000,,stale_depth
135,6.750000000,11,0,,,,,,,,,0.000000,,stale_depth
135,6.750000000,12,0,,,,,,,,,0.000000,,stale_depth
135,6.750000000,13,0,,,,,,,,,0.000000,,stale_depth
135,6.750000000,14,0,,,,,,,,,0.000000,,stale_depth
135,6.750000000,15,0,,,,,,,,,0.000000,,stale_depth
135,6.750000000,16,0,,,,,,,,,0.000000,,stale_depth
135,6.750000000,17,0,,,,,,,,,0.000000,,stale_depth
135,6.750000000,18,0,,,,,,,,,0.000000,,stale_depth
135,6.750000000,19,0,,,,,,,,,0.000000,,stale_depth
135,6.750000000,20,0,,,,,,,,,0.000000,,stale_depth
135,6.750000000,21,0,,,,,,,,,0.000000,,stale_depth
135,6.750000000,22,0,,,,,,,,,0.000000,,stale_depth
135,6.750000000,23,0,,,,,,,,,0.000000,,stale_depth
135,6.750000000,24,0,,,,,,,,,0.000000,,stale_depth
136,6.800000000,0,0,,,,,,,,,0.000000,,stale_depth
136,6.800000000,1,0,,,,,,,,,0.000000,,stale_depth
136,6.800000000,2,0,,,,,,,,,0.000000,,stale_depth
136,6.800000000,3,0,,,,,,,,,0.000000,,stale_depth
136,6.800000000,4,0,,,,,,,,,0.000000,,stale_depth
136,6.800000000,5,0,,,,,,,,,0.000000,,stale_depth
136,6.800000000,6,0,,,,,,,,,0.000000,,stale_depth
136,6.800000000,7,0,,,,,,,,,0.000000,,stale_depth
136,6.800000000,8,0,,,,,,,,,0.000000,,stale_depth
136,6.800000000,9,0,,,,,,,,,0.000000,,stale_depth
136,6.800000000,10,0,,,,,,,,,0.000000,,stale_depth
136,6.800000000,11,0,,,,,,,,,0.000000,,stale_depth
136,6.800000000,12,0,,,,,,,,,0.000000,,stale_depth
136,6.800000000,13,0,,,,,,,,,0.000000,,stale_depth
136,6.800000000,14,0,,,,,,,,,0.000000,,stale_depth
136,6.800000000,15,0,,,,,,,,,0.000000,,stale_depth
136,6.800000000,16,0,,,,,,,,,0.000000,,stale_depth
136,6.800000000,17,0,,,,,,,,,0.000000,,stale_depth
136,6.800000000,18,0,,,,,,,,,0.000000,,stale_depth
136,6.800000000,19,0,,,,,,,,,0.000000,,stale_depth
136,6.800000000,20,0,,,,,,,,,0.000000,,stale_depth
136,6.800000000,21,0,,,,,,,,,0.000000,,stale_depth
136,6.800000000,22,0,,,,,,,,,0.000000,,stale_depth
136,6.800000000,23,0,,,,,,,,,0.000000,,stale_depth
136,6.800000000,24,0,,,,,,,,,0.000000,,stale_depth
137,6.850000000,0,0,,,,,,,,,0.000000,,stale_depth
137,6.850000000,1,0,,,,,,,,,0.000000,,stale_depth
137,6.850000000,2,0,,,,,,,,,0.000000,,stale_depth
137,6.850000000,3,0,,,,,,,,,0.000000,,stale_depth
137,6.850000000,4,0,,,,,,,,,0.000000,,stale_depth
137,6.850000000,5,0,,,,,,,,,0.000000,,stale_depth
137,6.850000000,6,0,,,,,,,,,0.000000,,stale_depth
137,6.850000000,7,0,,,,,,,,,0.000000,,stale_depth
137,6.850000000,8,0,,,,,,,,,0.000000,,stale_depth
137,6.850000000,9,0,,,,,,,,,0.000000,,stale_depth
137,6.850000000,10,0,,,,,,,,,0.000000,,stale_depth
137,6.850000000,11,0,,,,,,,,,0.000000,,stale_depth
137,6.850000000,12,0,,,,,,,,,0.000000,,stale_depth
137,6.850000000,13,0,,,,,,,,,0.000000,,stale_depth
137,6.850000000,14,0,,,,,,,,,0.000000,,stale_depth
137,6.850000000,15,0,,,,,,,,,0.000000,,stale_depth
137,6.850000000,16,0,,,,,,,,,0.000000,,stale_depth
137,6.850000000,17,0,,,,,,,,,0.000000,,stale_depth
137,6.850000000,18,0,,,,,,,,,0.000000,,stale_depth
137,6.850000000,19,0,,,,,,,,,0.000000,,stale_depth
137,6.850000000,20,0,,,,,,,,,0.000000,,stale_depth
137,6.850000000,21,0,,,,,,,,,0.000000,,stale_depth
137,6.850000000,22,0,,,,,,,,,0.000000,,stale_depth
137,6.850000000,23,0,,,,,,,,,0.000000,,stale_depth
137,6.850000000,24,0,,,,,,,,,0.000000,,stale_depth
138,6.900000000,0,0,,,,,,,,,0.000000,,stale_depth
138,6.900000000,1,0,,,,,,,,,0.000000,,stale_depth
138,6.900000000,2,0,,,,,,,,,0.000000,,stale_depth
138,6.900000000,3,0,,,,,,,,,0.000000,,stale_depth
138,6.900000000,4,0,,,,,,,,,0.000000,,stale_depth
138,6.900000000,5,0,,,,,,,,,0.000000,,stale_depth
138,6.900000000,6,0,,,,,,,,,0.000000,,stale_depth
138,6.900000000,7,0,,,,,,,,,0.000000,,stale_depth
138,6.900000000,8,0,,,,,,,,,0.000000,,stale_depth
138,6.900000000,9,0,,,,,,,,,0.000000,,stale_depth
138,6.900000000,10,0,,,,,,,,,0.000000,,stale_depth
138,6.900000000,11,0,,,,,,,,,0.000000,,stale_depth
138,6.900000000,12,0,,,,,,,,,0.000000,,stale_depth
138,6.900000000,13,0,,,,,,,,,0.000000,,stale_depth
138,6.900000000,14,0,,,,,,,,,0.000000,,stale_depth
138,6.900000000,15,0,,,,,,,,,0.000000,,stale_depth
138,6.900000000,16,0,,,,,,,,,0.000000,,stale_depth
138,6.900000000,17,0,,,,,,,,,0.000000,,stale_depth
138,6.900000000,18,0,,,,,,,,,0.000000,,stale_depth
138,6.900000000,19,0,,,,,,,,,0.000000,,stale_depth
138,6.900000000,20,0,,,,,,,,,0.000000,,stale_depth
138,6.900000000,21,0,,,,,,,,,0.000000,,stale_depth
138,6.900000000,22,0,,,,,,,,,0.000000,,stale_depth
138,6.900000000,23,0,,,,,,,,,0.000000,,stale_depth
138,6.900000000,24,0,,,,,,,,,0.000000,,stale_depth
139,6.950000000,0,0,,,,,,,,,0.000000,,stale_depth
139,6.950000000,1,0,,,,,,,,,0.000000,,stale_depth
139,6.950000000,2,0,,,,,,,,,0.000000,,stale_depth
139,6.950000000,3,0,,,,,,,,,0.000000,,stale_depth
139,6.950000000,4,0,,,,,,,,,0.000000,,stale_depth
139,6.950000000,5,0,,,,,,,,,0.000000,,stale_depth
139,6.950000000,6,0,,,,,,,,,0.000000,,stale_depth
139,6.950000000,7,0,,,,,,,,,0.000000,,stale_depth
139,6.950000000,8,0,,,,,,,,,0.000000,,stale_depth
139,6.950000000,9,0,,,,,,,,,0.000000,,stale_depth
139,6.950000000,10,0,,,,,,,,,0.000000,,stale_depth
139,6.950000000,11,0,,,,,,,,,0.000000,,stale_depth
139,6.950000000,12,0,,,,,,,,,0.000000,,stale_depth
139,6.950000000,13,0,,,,,,,,,0.000000,,stale_depth
139,6.950000000,14,0,,,,,,,,,0.000000,,stale_depth
139,6.950000000,15,0,,,,,,,,,0.000000,,stale_depth
139,6.950000000,16,0,,,,,,,,,0.000000,,stale_depth
139,6.950000000,17,0,,,,,,,,,0.000000,,stale_depth
139,6.950000000,18,0,,,,,,,,,0.000000,,stale_depth
139,6.950000000,19,0,,,,,,,,,0.000000,,stale_depth
139,6.950000000,20,0,,,,,,,,,0.000000,,stale_depth
139,6.950000000,21,0,,,,,,,,,0.000000,,stale_depth
139,6.950000000,22,0,,,,,,,,,0.000000,,stale_depth
139,6.950000000,23,0,,,,,,,,,0.000000,,stale_depth
139,6.950000000,24,0,,,,,,,,,0.000000,,stale_depth
140,7.000000000,0,0,,,,,,,,,0.000000,,stale_depth
140,7.000000000,1,0,,,,,,,,,0.000000,,stale_depth
140,7.000000000,2,0,,,,,,,,,0.000000,,stale_depth
140,7.000000000,3,0,,,,,,,,,0.000000,,stale_depth
140,7.000000000,4,0,,,,,,,,,0.000000,,stale_depth
140,7.000000000,5,0,,,,,,,,,0.000000,,stale_depth
140,7.000000000,6,0,,,,,,,,,0.000000,,stale_depth
140,7.000000000,7,0,,,,,,,,,0.000000,,stale_depth
140,7.000000000,8,0,,,,,,,,,0.000000,,stale_depth
140,7.000000000,9,0,,,,,,,,,0.000000,,stale_depth
140,7.000000000,10,0,,,,,,,,,0.000000,,stale_depth
140,7.000000000,11,0,,,,,,,,,0.000000,,stale_depth
140,7.000000000,12,0,,,,,,,,,0.000000,,stale_depth
140,7.000000000,13,0,,,,,,,,,0.000000,,stale_depth
140,7.000000000,14,0,,,,,,,,,0.000000,,stale_depth
140,7.000000000,15,0,,,,,,,,,0.000000,,stale_depth
140,7.000000000,16,0,,,,,,,,,0.000000,,stale_depth
140,7.000000000,17,0,,,,,,,,,0.000000,,stale_depth
140,7.000000000,18,0,,,,,,,,,0.000000,,stale_depth
140,7.000000000,19,0,,,,,,,,,0.000000,,stale_depth
140,7.000000000,20,0,,,,,,,,,0.000000,,stale_depth
140,7.000000000,21,0,,,,,,,,,0.000000,,stale_depth
140,7.000000000,22,0,,,,,,,,,0.000000,,stale_depth
140,7.000000000,23,0,,,,,,,,,0.000000,,stale_depth
140,7.000000000,24,0,,,,,,,,,0.000000,,stale_depth
141,7.050000000,0,0,,,,,,,,,0.000000,,stale_depth
141,7.050000000,1,0,,,,,,,,,0.000000,,stale_depth
141,7.050000000,2,0,,,,,,,,,0.000000,,stale_depth
141,7.050000000,3,0,,,,,,,,,0.000000,,stale_depth
141,7.050000000,4,0,,,,,,,,,0.000000,,stale_depth
141,7.050000000,5,0,,,,,,,,,0.000000,,stale_depth
141,7.050000000,6,0,,,,,,,,,0.000000,,stale_depth
141,7.050000000,7,0,,,,,,,,,0.000000,,stale_depth
141,7.050000000,8,0,,,,,,,,,0.000000,,stale_depth
141,7.050000000,9,0,,,,,,,,,0.000000,,stale_depth
141,7.050000000,10,0,,,,,,,,,0.000000,,stale_depth
141,7.050000000,11,0,,,,,,,,,0.000000,,stale_depth
141,7.050000000,12,0,,,,,,,,,0.000000,,stale_depth
141,7.050000000,13,0,,,,,,,,,0.000000,,stale_depth
141,7.050000000,14,0,,,,,,,,,0.000000,,stale_depth
141,7.050000000,15,0,,,,,,,,,0.000000,,stale_depth
141,7.050000000,16,0,,,,,,,,,0.000000,,stale_depth
141,7.050000000,17,0,,,,,,,,,0.000000,,stale_depth
141,7.050000000,18,0,,,,,,,,,0.000000,,stale_depth
141,7.050000000,19,0,,,,,,,,,0.000000,,stale_depth
141,7.050000000,20,0,,,,,,,,,0.000000,,stale_depth
141,7.050000000,21,0,,,,,,,,,0.000000,,stale_depth
141,7.050000000,22,0,,,,,,,,,0.000000,,stale_depth
141,7.050000000,23,0,,,,,,,,,0.000000,,stale_depth
141,7.050000000,24,0,,,,,,,,,0.000000,,stale_depth
142,7.100000000,0,0,,,,,,,,,0.000000,,stale_depth
142,7.100000000,1,0,,,,,,,,,0.000000,,stale_depth
142,7.100000000,2,0,,,,,,,,,0.000000,,stale_depth
142,7.100000000,3,0,,,,,,,,,0.000000,,stale_depth
142,7.100000000,4,0,,,,,,,,,0.000000,,stale_depth
142,7.100000000,5,0,,,,,,,,,0.000000,,stale_depth
142,7.100000000,6,0,,,,,,,,,0.000000,,stale_depth
142,7.100000000,7,0,,,,,,,,,0.000000,,stale_depth
142,7.100000000,8,0,,,,,,,,,0.000000,,stale_depth
142,7.100000000,9,0,,,,,,,,,0.000000,,stale_depth
142,7.100000000,10,0,,,,,,,,,0.000000,,stale_depth
142,7.100000000,11,0,,,,,,,,,0.000000,,stale_depth
142,7.100000000,12,0,,,,,,,,,0.000000,,stale_depth
142,7.100000000,13,0,,,,,,,,,0.000000,,stale_depth
142,7.100000000,14,0,,,,,,,,,0.000000,,stale_depth
142,7.100000000,15,0,,,,,,,,,0.000000,,stale_depth
142,7.100000000,16,0,,,,,,,,,0.000000,,stale_depth
142,7.100000000,17,0,,,,,,,,,0.000000,,stale_depth
142,7.100000000,18,0,,,,,,,,,0.000000,,stale_depth
142,7.100000000,19,0,,,,,,,,,0.000000,,stale_depth
142,7.100000000,20,0,,,,,,,,,0.000000,,stale_depth
142,7.100000000,21,0,,,,,,,,,0.000000,,stale_depth
142,7.100000000,22,0,,,,,,,,,0.000000,,stale_depth
142,7.100000000,23,0,,,,,,,,,0.000000,,stale_depth
142,7.100000000,24,0,,,,,,,,,0.000000,,stale_depth
143,7.150000000,0,0,,,,,,,,,0.000000,,stale_depth
143,7.150000000,1,0,,,,,,,,,0.000000,,stale_depth
143,7.150000000,2,0,,,,,,,,,0.000000,,stale_depth
143,7.150000000,3,0,,,,,,,,,0.000000,,stale_depth
143,7.150000000,4,0,,,,,,,,,0.000000,,stale_depth
143,7.150000000,5,0,,,,,,,,,0.000000,,stale_depth
143,7.150000000,6,0,,,,,,,,,0.000000,,stale_depth
143,7.150000000,7,0,,,,,,,,,0.000000,,stale_depth
143,7.150000000,8,0,,,,,,,,,0.000000,,stale_depth
143,7.150000000,9,0,,,,,,,,,0.000000,,stale_depth
143,7.150000000,10,0,,,,,,,,,0.000000,,stale_depth
143,7.150000000,11,0,,,,,,,,,0.000000,,stale_depth
143,7.150000000,12,0,,,,,,,,,0.000000,,stale_depth
143,7.150000000,13,0,,,,,,,,,0.000000,,stale_depth
143,7.150000000,14,0,,,,,,,,,0.000000,,stale_depth
143,7.150000000,15,0,,,,,,,,,0.000000,,stale_depth
143,7.150000000,16,0,,,,,,,,,0.000000,,stale_depth
143,7.150000000,17,0,,,,,,,,,0.000000,,stale_depth
143,7.150000000,18,0,,,,,,,,,0.000000,,stale_depth
143,7.150000000,19,0,,,,,,,,,0.000000,,stale_depth
143,7.150000000,20,0,,,,,,,,,0.000000,,stale_depth
143,7.150000000,21,0,,,,,,,,,0.000000,,stale_depth
143,7.150000000,22,0,,,,,,,,,0.000000,,stale_depth
143,7.150000000,23,0,,,,,,,,,0.000000,,stale_depth
143,7.150000000,24,0,,,,,,,,,0.000000,,stale_depth
144,7.200000000,0,0,,,,,,,,,0.000000,,stale_depth
144,7.200000000,1,0,,,,,,,,,0.000000,,stale_depth
144,7.200000000,2,0,,,,,,,,,0.000000,,stale_depth
144,7.200000000,3,0,,,,,,,,,0.000000,,stale_depth
144,7.200000000,4,0,,,,,,,,,0.000000,,stale_depth
144,7.200000000,5,0,,,,,,,,,0.000000,,stale_depth
144,7.200000000,6,0,,,,,,,,,0.000000,,stale_depth
144,7.200000000,7,0,,,,,,,,,0.000000,,stale_depth
144,7.200000000,8,0,,,,,,,,,0.000000,,stale_depth
144,7.200000000,9,0,,,,,,,,,0.000000,,stale_depth
144,7.200000000,10,0,,,,,,,,,0.000000,,stale_depth
144,7.200000000,11,0,,,,,,,,,0.000000,,stale_depth
144,7.200000000,12,0,,,,,,,,,0.000000,,stale_depth
144,7.200000000,13,0,,,,,,,,,0.000000,,stale_depth
144,7.200000000,14,0,,,,,,,,,0.000000,,stale_depth
144,7.200000000,15,0,,,,,,,,,0.000000,,stale_depth
144,7.200000000,16,0,,,,,,,,,0.000000,,stale_depth
144,7.200000000,17,0,,,,,,,,,0.000000,,stale_depth
144,7.200000000,18,0,,,,,,,,,0.000000,,stale_depth
144,7.200000000,19,0,,,,,,,,,0.000000,,stale_depth
144,7.200000000,20,0,,,,,,,,,0.000000,,stale_depth
144,7.200000000,21,0,,,,,,,,,0.000000,,stale_depth
144,7.200000000,22,0,,,,,,,,,0.000000,,stale_depth
144,7.200000000,23,0,,,,,,,,,0.000000,,stale_depth
144,7.200000000,24,0,,,,,,,,,0.000000,,stale_depth
145,7.250000000,0,0,,,,,,,,,0.000000,,stale_depth
145,7.250000000,1,0,,,,,,,,,0.000000,,stale_depth
145,7.250000000,2,0,,,,,,,,,0.000000,,stale_depth
145,7.250000000,3,0,,,,,,,,,0.000000,,stale_depth
145,7.250000000,4,0,,,,,,,,,0.000000,,stale_depth
145,7.250000000,5,0,,,,,,,,,0.000000,,stale_depth
145,7.250000000,6,0,,,,,,,,,0.000000,,stale_depth
145,7.250000000,7,0,,,,,,,,,0.000000,,stale_depth
145,7.250000000,8,0,,,,,,,,,0.000000,,stale_depth
145,7.250000000,9,0,,,,,,,,,0.000000,,stale_depth
145,7.250000000,10,0,,,,,,,,,0.000000,,stale_depth
145,7.250000000,11,0,,,,,,,,,0.000000,,stale_depth
145,7.250000000,12,0,,,,,,,,,0.000000,,stale_depth
145,7.250000000,13,0,,,,,,,,,0.000000,,stale_depth
145,7.250000000,14,0,,,,,,,,,0.000000,,stale_depth
145,7.250000000,15,0,,,,,,,,,0.000000,,stale_depth
145,7.250000000,16,0,,,,,,,,,0.000000,,stale_depth
145,7.250000000,17,0,,,,,,,,,0.000000,,stale_depth
145,7.250000000,18,0,,,,,,,,,0.000000,,stale_depth
145,7.250000000,19,0,,,,,,,,,0.000000,,stale_depth
145,7.250000000,20,0,,,,,,,,,0.000000,,stale_depth
145,7.250000000,21,0,,,,,,,,,0.000000,,stale_depth
145,7.250000000,22,0,,,,,,,,,0.000000,,stale_depth
145,7.250000000,23,0,,,,,,,,,0.000000,,stale_depth
145,7.250000000,24,0,,,,,,,,,0.000000,,stale_depth
146,7.300000000,0,0,,,,,,,,,0.000000,,stale_depth
146,7.300000000,1,0,,,,,,,,,0.000000,,stale_depth
146,7.300000000,2,0,,,,,,,,,0.000000,,stale_depth
146,7.300000000,3,0,,,,,,,,,0.000000,,stale_depth
146,7.300000000,4,0,,,,,,,,,0.000000,,stale_depth
146,7.300000000,5,0,,,,,,,,,0.000000,,stale_depth
146,7.300000000,6,0,,,,,,,,,0.000000,,stale_depth
146,7.300000000,7,0,,,,,,,,,0.000000,,stale_depth
146,7.300000000,8,0,,,,,,,,,0.000000,,stale_depth
146,7.300000000,9,0,,,,,,,,,0.000000,,stale_depth
146,7.300000000,10,0,,,,,,,,,0.000000,,stale_depth
146,7.300000000,11,0,,,,,,,,,0.000000,,stale_depth
146,7.300000000,12,0,,,,,,,,,0.000000,,stale_depth
146,7.300000000,13,0,,,,,,,,,0.000000,,stale_depth
146,7.300000000,14,0,,,,,,,,,0.000000,,stale_depth
146,7.300000000,15,0,,,,,,,,,0.000000,,stale_depth
146,7.300000000,16,0,,,,,,,,,0.000000,,stale_depth
146,7.300000000,17,0,,,,,,,,,0.000000,,stale_depth
146,7.300000000,18,0,,,,,,,,,0.000000,,stale_depth
146,7.300000000,19,0,,,,,,,,,0.000000,,stale_depth
146,7.300000000,20,0,,,,,,,,,0.000000,,stale_depth
146,7.300000000,21,0,,,,,,,,,0.000000,,stale_depth
146,7.300000000,22,0,,,,,,,,,0.000000,,stale_depth
146,7.300000000,23,0,,,,,,,,,0.000000,,stale_depth
146,7.300000000,24,0,,,,,,,,,0.000000,,stale_depth
147,7.350000000,0,0,,,,,,,,,0.000000,,stale_depth
147,7.350000000,1,0,,,,,,,,,0.000000,,stale_depth
147,7.350000000,2,0,,,,,,,,,0.000000,,stale_depth
147,7.350000000,3,0,,,,,,,,,0.000000,,stale_depth
147,7.350000000,4,0,,,,,,,,,0.000000,,stale_depth
147,7.350000000,5,0,,,,,,,,,0.000000,,stale_depth
147,7.350000000,6,0,,,,,,,,,0.000000,,stale_depth
147,7.350000000,7,0,,,,,,,,,0.000000,,stale_depth
147,7.350000000,8,0,,,,,,,,,0.000000,,stale_depth
147,7.350000000,9,0,,,,,,,,,0.000000,,stale_depth
147,7.350000000,10,0,,,,,,,,,0.000000,,stale_depth
147,7.350000000,11,0,,,,,,,,,0.000000,,stale_depth
147,7.350000000,12,0,,,,,,,,,0.000000,,stale_depth
147,7.350000000,13,0,,,,,,,,,0.000000,,stale_depth
147,7.350000000,14,0,,,,,,,,,0.000000,,stale_depth
147,7.350000000,15,0,,,,,,,,,0.000000,,stale_depth
147,7.350000000,16,0,,,,,,,,,0.000000,,stale_depth
147,7.350000000,17,0,,,,,,,,,0.000000,,stale_depth
147,7.350000000,18,0,,,,,,,,,0.000000,,stale_depth
147,7.350000000,19,0,,,,,,,,,0.000000,,stale_depth
147,7.350000000,20,0,,,,,,,,,0.000000,,stale_depth
147,7.350000000,21,0,,,,,,,,,0.000000,,stale_depth
147,7.350000000,22,0,,,,,,,,,0.000000,,stale_depth
147,7.350000000,23,0,,,,,,,,,0.000000,,stale_depth
147,7.350000000,24,0,,,,,,,,,0.000000,,stale_depth
148,7.400000000,0,0,,,,,,,,,0.000000,,stale_depth
148,7.400000000,1,0,,,,,,,,,0.000000,,stale_depth
148,7.400000000,2,0,,,,,,,,,0.000000,,stale_depth
148,7.400000000,3,0,,,,,,,,,0.000000,,stale_depth
148,7.400000000,4,0,,,,,,,,,0.000000,,stale_depth
148,7.400000000,5,0,,,,,,,,,0.000000,,stale_depth
148,7.400000000,6,0,,,,,,,,,0.000000,,stale_depth
148,7.400000000,7,0,,,,,,,,,0.000000,,stale_depth
148,7.400000000,8,0,,,,,,,,,0.000000,,stale_depth
148,7.400000000,9,0,,,,,,,,,0.000000,,stale_depth
148,7.400000000,10,0,,,,,,,,,0.000000,,stale_depth
148,7.400000000,11,0,,,,,,,,,0.000000,,stale_depth
148,7.400000000,12,0,,,,,,,,,0.000000,,stale_depth
148,7.400000000,13,0,,,,,,,,,0.000000,,stale_depth
148,7.400000000,14,0,,,,,,,,,0.000000,,stale_depth
148,7.400000000,15,0,,,,,,,,,0.000000,,stale_depth
148,7.400000000,16,0,,,,,,,,,0.000000,,stale_depth
148,7.400000000,17,0,,,,,,,,,0.000000,,stale_depth
148,7.400000000,18,0,,,,,,,,,0.000000,,stale_depth
148,7.400000000,19,0,,,,,,,,,0.000000,,stale_depth
148,7.400000000,20,0,,,,,,,,,0.000000,,stale_depth
148,7.400000000,21,0,,,,,,,,,0.000000,,stale_depth
148,7.400000000,22,0,,,,,,,,,0.000000,,stale_depth
148,7.400000000,23,0,,,,,,,,,0.000000,,stale_depth
148,7.400000000,24,0,,,,,,,,,0.000000,,stale_depth
149,7.450000000,0,0,,,,,,,,,0.000000,,stale_depth
149,7.450000000,1,0,,,,,,,,,0.000000,,stale_depth
149,7.450000000,2,0,,,,,,,,,0.000000,,stale_depth
149,7.450000000,3,0,,,,,,,,,0.000000,,stale_depth
149,7.450000000,4,0,,,,,,,,,0.000000,,stale_depth
149,7.450000000,5,0,,,,,,,,,0.000000,,stale_depth
149,7.450000000,6,0,,,,,,,,,0.000000,,stale_depth
149,7.450000000,7,0,,,,,,,,,0.000000,,stale_depth
149,7.450000000,8,0,,,,,,,,,0.000000,,stale_depth
149,7.450000000,9,0,,,,,,,,,0.000000,,stale_depth
149,7.450000000,10,0,,,,,,,,,0.000000,,stale_depth
149,7.450000000,11,0,,,,,,,,,0.000000,,stale_depth
149,7.450000000,12,0,,,,,,,,,0.000000,,stale_depth
149,7.450000000,13,0,,,,,,,,,0.000000,,stale_depth
149,7.450000000,14,0,,,,,,,,,0.000000,,stale_depth
149,7.450000000,15,0,,,,,,,,,0.000000,,stale_depth
149,7.450000000,16,0,,,,,,,,,0.000000,,stale_depth
149,7.450000000,17,0,,,,,,,,,0.000000,,stale_depth
149,7.450000000,18,0,,,,,,,,,0.000000,,stale_depth
149,7.450000000,19,0,,,,,,,,,0.000000,,stale_depth
149,7.450000000,20,0,,,,,,,,,0.000000,,stale_depth
149,7.450000000,21,0,,,,,,,,,0.000000,,stale_depth
149,7.450000000,22,0,,,,,,,,,0.000000,,stale_depth
149,7.450000000,23,0,,,,,,,,,0.000000,,stale_depth
149,7.450000000,24,0,,,,,,,,,0.000000,,stale_depth
150,7.500000000,0,0,,,,,,,,,0.000000,,stale_depth
150,7.500000000,1,0,,,,,,,,,0.000000,,stale_depth
150,7.500000000,2,0,,,,,,,,,0.000000,,stale_depth
150,7.500000000,3,0,,,,,,,,,0.000000,,stale_depth
150,7.500000000,4,0,,,,,,,,,0.000000,,stale_depth
150,7.500000000,5,0,,,,,,,,,0.000000,,stale_depth
150,7.500000000,6,0,,,,,,,,,0.000000,,stale_depth
150,7.500000000,7,0,,,,,,,,,0.000000,,stale_depth
150,7.500000000,8,0,,,,,,,,,0.000000,,stale_depth
150,7.500000000,9,0,,,,,,,,,0.000000,,stale_depth
150,7.500000000,10,0,,,,,,,,,0.000000,,stale_depth
150,7.500000000,11,0,,,,,,,,,0.000000,,stale_depth
150,7.500000000,12,0,,,,,,,,,0.000000,,stale_depth
150,7.500000000,13,0,,,,,,,,,0.000000,,stale_depth
150,7.500000000,14,0,,,,,,,,,0.000000,,stale_depth
150,7.500000000,15,0,,,,,,,,,0.000000,,stale_depth
150,7.500000000,16,0,,,,,,,,,0.000000,,stale_depth
150,7.500000000,17,0,,,,,,,,,0.000000,,stale_depth
150,7.500000000,18,0,,,,,,,,,0.000000,,stale_depth
150,7.500000000,19,0,,,,,,,,,0.000000,,stale_depth
150,7.500000000,20,0,,,,,,,,,0.000000,,stale_depth
150,7.500000000,21,0,,,,,,,,,0.000000,,stale_depth
150,7.500000000,22,0,,,,,,,,,0.000000,,stale_depth
150,7.500000000,23,0,,,,,,,,,0.000000,,stale_depth
150,7.500000000,24,0,,,,,,,,,0.000000,,stale_depth
151,7.550000000,0,0,,,,,,,,,0.000000,,stale_depth
151,7.550000000,1,0,,,,,,,,,0.000000,,stale_depth
151,7.550000000,2,0,,,,,,,,,0.000000,,stale_depth
151,7.550000000,3,0,,,,,,,,,0.000000,,stale_depth
151,7.550000000,4,0,,,,,,,,,0.000000,,stale_depth
151,7.550000000,5,0,,,,,,,,,0.000000,,stale_depth
151,7.550000000,6,0,,,,,,,,,0.000000,,stale_depth
151,7.550000000,7,0,,,,,,,,,0.000000,,stale_depth
151,7.550000000,8,0,,,,,,,,,0.000000,,stale_depth
151,7.550000000,9,0,,,,,,,,,0.000000,,stale_depth
151,7.550000000,10,0,,,,,,,,,0.000000,,stale_depth
151,7.550000000,11,0,,,,,,,,,0.000000,,stale_depth
151,7.550000000,12,0,,,,,,,,,0.000000,,stale_depth
151,7.550000000,13,0,,,,,,,,,0.000000,,stale_depth
151,7.550000000,14,0,,,,,,,,,0.000000,,stale_depth
151,7.550000000,15,0,,,,,,,,,0.000000,,stale_depth
151,7.550000000,16,0,,,,,,,,,0.000000,,stale_depth
151,7.550000000,17,0,,,,,,,,,0.000000,,stale_depth
151,7.550000000,18,0,,,,,,,,,0.000000,,stale_depth
151,7.550000000,19,0,,,,,,,,,0.000000,,stale_depth
151,7.550000000,20,0,,,,,,,,,0.000000,,stale_depth
151,7.550000000,21,0,,,,,,,,,0.000000,,stale_depth
151,7.550000000,22,0,,,,,,,,,0.000000,,stale_depth
151,7.550000000,23,0,,,,,,,,,0.000000,,stale_depth
151,7.550000000,24,0,,,,,,,,,0.000000,,stale_depth
152,7.600000000,0,0,,,,,,,,,0.000000,,stale_depth
152,7.600000000,1,0,,,,,,,,,0.000000,,stale_depth
152,7.600000000,2,0,,,,,,,,,0.000000,,stale_depth
152,7.600000000,3,0,,,,,,,,,0.000000,,stale_depth
152,7.600000000,4,0,,,,,,,,,0.000000,,stale_depth
152,7.600000000,5,0,,,,,,,,,0.000000,,stale_depth
152,7.600000000,6,0,,,,,,,,,0.000000,,stale_depth
152,7.600000000,7,0,,,,,,,,,0.000000,,stale_depth
152,7.600000000,8,0,,,,,,,,,0.000000,,stale_depth
152,7.600000000,9,0,,,,,,,,,0.000000,,stale_depth
152,7.600000000,10,0,,,,,,,,,0.000000,,stale_depth
152,7.600000000,11,0,,,,,,,,,0.000000,,stale_depth
152,7.600000000,12,0,,,,,,,,,0.000000,,stale_depth
152,7.600000000,13,0,,,,,,,,,0.000000,,stale_depth
152,7.600000000,14,0,,,,,,,,,0.000000,,stale_depth
152,7.600000000,15,0,,,,,,,,,0.000000,,stale_depth
152,7.600000000,16,0,,,,,,,,,0.000000,,stale_depth
152,7.600000000,17,0,,,,,,,,,0.000000,,stale_depth
152,7.600000000,18,0,,,,,,,,,0.000000,,stale_depth
152,7.600000000,19,0,,,,,,,,,0.000000,,stale_depth
152,7.600000000,20,0,,,,,,,,,0.000000,,stale_depth
152,7.600000000,21,0,,,,,,,,,0.000000,,stale_depth
152,7.600000000,22,0,,,,,,,,,0.000000,,stale_depth
152,7.600000000,23,0,,,,,,,,,0.000000,,stale_depth
152,7.600000000,24,0,,,,,,,,,0.000000,,stale_depth
153,7.650000000,0,0,,,,,,,,,0.000000,,stale_depth
153,7.650000000,1,0,,,,,,,,,0.000000,,stale_depth
153,7.650000000,2,0,,,,,,,,,0.000000,,stale_depth
153,7.650000000,3,0,,,,,,,,,0.000000,,stale_depth
153,7.650000000,4,0,,,,,,,,,0.000000,,stale_depth
153,7.650000000,5,0,,,,,,,,,0.000000,,stale_depth
153,7.650000000,6,0,,,,,,,,,0.000000,,stale_depth
153,7.650000000,7,0,,,,,,,,,0.000000,,stale_depth
153,7.650000000,8,0,,,,,,,,,0.000000,,stale_depth
153,7.650000000,9,0,,,,,,,,,0.000000,,stale_depth
153,7.650000000,10,0,,,,,,,,,0.000000,,stale_depth
153,7.650000000,11,0,,,,,,,,,0.000000,,stale_depth
153,7.650000000,12,0,,,,,,,,,0.000000,,stale_depth
153,7.650000000,13,0,,,,,,,,,0.000000,,stale_depth
153,7.650000000,14,0,,,,,,,,,0.000000,,stale_depth
153,7.650000000,15,0,,,,,,,,,0.000000,,stale_depth
153,7.650000000,16,0,,,,,,,,,0.000000,,stale_depth
153,7.650000000,17,0,,,,,,,,,0.000000,,stale_depth
153,7.650000000,18,0,,,,,,,,,0.000000,,stale_depth
153,7.650000000,19,0,,,,,,,,,0.000000,,stale_depth
153,7.650000000,20,0,,,,,,,,,0.000000,,stale_depth
153,7.650000000,21,0,,,,,,,,,0.000000,,stale_depth
153,7.650000000,22,0,,,,,,,,,0.000000,,stale_depth
153,7.650000000,23,0,,,,,,,,,0.000000,,stale_depth
153,7.650000000,24,0,,,,,,,,,0.000000,,stale_depth
154,7.700000000,0,0,,,,,,,,,0.000000,,stale_depth
154,7.700000000,1,0,,,,,,,,,0.000000,,stale_depth
154,7.700000000,2,0,,,,,,,,,0.000000,,stale_depth
154,7.700000000,3,0,,,,,,,,,0.000000,,stale_depth
154,7.700000000,4,0,,,,,,,,,0.000000,,stale_depth
154,7.700000000,5,0,,,,,,,,,0.000000,,stale_depth
154,7.700000000,6,0,,,,,,,,,0.000000,,stale_depth
154,7.700000000,7,0,,,,,,,,,0.000000,,stale_depth
154,7.700000000,8,0,,,,,,,,,0.000000,,stale_depth
154,7.700000000,9,0,,,,,,,,,0.000000,,stale_depth
154,7.700000000,10,0,,,,,,,,,0.000000,,stale_depth
154,7.700000000,11,0,,,,,,,,,0.000000,,stale_depth
154,7.700000000,12,0,,,,,,,,,0.000000,,stale_depth
154,7.700000000,13,0,,,,,,,,,0.000000,,stale_depth
154,7.700000000,14,0,,,,,,,,,0.000000,,stale_depth
154,7.700000000,15,0,,,,,,,,,0.000000,,stale_depth
154,7.700000000,16,0,,,,,,,,,0.000000,,stale_depth
154,7.700000000,17,0,,,,,,,,,0.000000,,stale_depth
154,7.700000000,18,0,,,,,,,,,0.000000,,stale_depth
154,7.700000000,19,0,,,,,,,,,0.000000,,stale_depth
154,7.700000000,20,0,,,,,,,,,0.000000,,stale_depth
154,7.700000000,21,0,,,,,,,,,0.000000,,stale_depth
154,7.700000000,22,0,,,,,,,,,0.000000,,stale_depth
154,7.700000000,23,0,,,,,,,,,0.000000,,stale_depth
154,7.700000000,24,0,,,,,,,,,0.000000,,stale_depth
155,7.750000000,0,0,,,,,,,,,0.000000,,stale_depth
155,7.750000000,1,0,,,,,,,,,0.000000,,stale_depth
155,7.750000000,2,0,,,,,,,,,0.000000,,stale_depth
155,7.750000000,3,0,,,,,,,,,0.000000,,stale_depth
155,7.750000000,4,0,,,,,,,,,0.000000,,stale_depth
155,7.750000000,5,0,,,,,,,,,0.000000,,stale_depth
155,7.750000000,6,0,,,,,,,,,0.000000,,stale_depth
155,7.750000000,7,0,,,,,,,,,0.000000,,stale_depth
155,7.750000000,8,0,,,,,,,,,0.000000,,stale_depth
155,7.750000000,9,0,,,,,,,,,0.000000,,stale_depth
155,7.750000000,10,0,,,,,,,,,0.000000,,stale_depth
155,7.750000000,11,0,,,,,,,,,0.000000,,stale_depth
155,7.750000000,12,0,,,,,,,,,0.000000,,stale_depth
155,7.750000000,13,0,,,,,,,,,0.000000,,stale_depth
155,7.750000000,14,0,,,,,,,,,0.000000,,stale_depth
155,7.750000000,15,0,,,,,,,,,0.000000,,stale_depth
155,7.750000000,16,0,,,,,,,,,0.000000,,stale_depth
155,7.750000000,17,0,,,,,,,,,0.000000,,stale_depth
155,7.750000000,18,0,,,,,,,,,0.000000,,stale_depth
155,7.750000000,19,0,,,,,,,,,0.000000,,stale_depth
155,7.750000000,20,0,,,,,,,,,0.000000,,stale_depth
155,7.750000000,21,0,,,,,,,,,0.000000,,stale_depth
155,7.750000000,22,0,,,,,,,,,0.000000,,stale_depth
155,7.750000000,23,0,,,,,,,,,0.000000,,stale_depth
155,7.750000000,24,0,,,,,,,,,0.000000,,stale_depth
156,7.800000000,0,0,,,,,,,,,0.000000,,stale_depth
156,7.800000000,1,0,,,,,,,,,0.000000,,stale_depth
156,7.800000000,2,0,,,,,,,,,0.000000,,stale_depth
156,7.800000000,3,0,,,,,,,,,0.000000,,stale_depth
156,7.800000000,4,0,,,,,,,,,0.000000,,stale_depth
156,7.800000000,5,0,,,,,,,,,0.000000,,stale_depth
156,7.800000000,6,0,,,,,,,,,0.000000,,stale_depth
156,7.800000000,7,0,,,,,,,,,0.000000,,stale_depth
156,7.800000000,8,0,,,,,,,,,0.000000,,stale_depth
156,7.800000000,9,0,,,,,,,,,0.000000,,stale_depth
156,7.800000000,10,0,,,,,,,,,0.000000,,stale_depth
156,7.800000000,11,0,,,,,,,,,0.000000,,stale_depth
156,7.800000000,12,0,,,,,,,,,0.000000,,stale_depth
156,7.800000000,13,0,,,,,,,,,0.000000,,stale_depth
156,7.800000000,14,0,,,,,,,,,0.000000,,stale_depth
156,7.800000000,15,0,,,,,,,,,0.000000,,stale_depth
156,7.800000000,16,0,,,,,,,,,0.000000,,stale_depth
156,7.800000000,17,0,,,,,,,,,0.000000,,stale_depth
156,7.800000000,18,0,,,,,,,,,0.000000,,stale_depth
156,7.800000000,19,0,,,,,,,,,0.000000,,stale_depth
156,7.800000000,20,0,,,,,,,,,0.000000,,stale_depth
156,7.800000000,21,0,,,,,,,,,0.000000,,stale_depth
156,7.800000000,22,0,,,,,,,,,0.000000,,stale_depth
156,7.800000000,23,0,,,,,,,,,0.000000,,stale_depth
156,7.800000000,24,0,,,,,,,,,0.000000,,stale_depth
157,7.850000000,0,0,,,,,,,,,0.000000,,stale_depth
157,7.850000000,1,0,,,,,,,,,0.000000,,stale_depth
157,7.850000000,2,0,,,,,,,,,0.000000,,stale_depth
157,7.850000000,3,0,,,,,,,,,0.000000,,stale_depth
157,7.850000000,4,0,,,,,,,,,0.000000,,stale_depth
157,7.850000000,5,0,,,,,,,,,0.000000,,stale_depth
157,7.850000000,6,0,,,,,,,,,0.000000,,stale_depth
157,7.850000000,7,0,,,,,,,,,0.000000,,stale_depth
157,7.850000000,8,0,,,,,,,,,0.000000,,stale_depth
157,7.850000000,9,0,,,,,,,,,0.000000,,stale_depth
157,7.850000000,10,0,,,,,,,,,0.000000,,stale_depth
157,7.850000000,11,0,,,,,,,,,0.000000,,stale_depth
157,7.850000000,12,0,,,,,,,,,0.000000,,stale_depth
157,7.850000000,13,0,,,,,,,,,0.000000,,stale_depth
157,7.850000000,14,0,,,,,,,,,0.000000,,stale_depth
157,7.850000000,15,0,,,,,,,,,0.000000,,stale_depth
157,7.850000000,16,0,,,,,,,,,0.000000,,stale_depth
157,7.850000000,17,0,,,,,,,,,0.000000,,stale_depth
157,7.850000000,18,0,,,,,,,,,0.000000,,stale_depth
157,7.850000000,19,0,,,,,,,,,0.000000,,stale_depth
157,7.850000000,20,0,,,,,,,,,0.000000,,stale_depth
157,7.850000000,21,0,,,,,,,,,0.000000,,stale_depth
157,7.850000000,22,0,,,,,,,,,0.000000,,stale_depth
157,7.850000000,23,0,,,,,,,,,0.000000,,stale_depth
157,7.850000000,24,0,,,,,,,,,0.000000,,stale_depth
158,7.900000000,0,0,,,,,,,,,0.000000,,stale_depth
158,7.900000000,1,0,,,,,,,,,0.000000,,stale_depth
158,7.900000000,2,0,,,,,,,,,0.000000,,stale_depth
158,7.900000000,3,0,,,,,,,,,0.000000,,stale_depth
158,7.900000000,4,0,,,,,,,,,0.000000,,stale_depth
158,7.900000000,5,0,,,,,,,,,0.000000,,stale_depth
158,7.900000000,6,0,,,,,,,,,0.000000,,stale_depth
158,7.900000000,7,0,,,,,,,,,0.000000,,stale_depth
158,7.900000000,8,0,,,,,,,,,0.000000,,stale_depth
158,7.900000000,9,0,,,,,,,,,0.000000,,stale_depth
158,7.900000000,10,0,,,,,,,,,0.000000,,stale_depth
158,7.900000000,11,0,,,,,,,,,0.000000,,stale_depth
158,7.900000000,12,0,,,,,,,,,0.000000,,stale_depth
158,7.900000000,13,0,,,,,,,,,0.000000,,stale_depth
158,7.900000000,14,0,,,,,,,,,0.000000,,stale_depth
158,7.900000000,15,0,,,,,,,,,0.000000,,stale_depth
158,7.900000000,16,0,,,,,,,,,0.000000,,stale_depth
158,7.900000000,17,0,,,,,,,,,0.000000,,stale_depth
158,7.900000000,18,0,,,,,,,,,0.000000,,stale_depth
158,7.900000000,19,0,,,,,,,,,0.000000,,stale_depth
158,7.900000000,20,0,,,,,,,,,0.000000,,stale_depth
158,7.900000000,21,0,,,,,,,,,0.000000,,stale_depth
158,7.900000000,22,0,,,,,,,,,0.000000,,stale_depth
158,7.900000000,23,0,,,,,,,,,0.000000,,stale_depth
158,7.900000000,24,0,,,,,,,,,0.000000,,stale_depth
159,7.950000000,0,0,,,,,,,,,0.000000,,stale_depth
159,7.950000000,1,0,,,,,,,,,0.000000,,stale_depth
159,7.950000000,2,0,,,,,,,,,0.000000,,stale_depth
159,7.950000000,3,0,,,,,,,,,0.000000,,stale_depth
159,7.950000000,4,0,,,,,,,,,0.000000,,stale_depth
159,7.950000000,5,0,,,,,,,,,0.000000,,stale_depth
159,7.950000000,6,0,,,,,,,,,0.000000,,stale_depth
159,7.950000000,7,0,,,,,,,,,0.000000,,stale_depth
159,7.950000000,8,0,,,,,,,,,0.000000,,stale_depth
159,7.950000000,9,0,,,,,,,,,0.000000,,stale_depth
159,7.950000000,10,0,,,,,,,,,0.000000,,stale_depth
159,7.950000000,11,0,,,,,,,,,0.000000,,stale_depth
159,7.950000000,12,0,,,,,,,,,0.000000,,stale_depth
159,7.950000000,13,0,,,,,,,,,0.000000,,stale_depth
159,7.950000000,14,0,,,,,,,,,0.000000,,stale_depth
159,7.950000000,15,0,,,,,,,,,0.000000,,stale_depth
159,7.950000000,16,0,,,,,,,,,0.000000,,stale_depth
159,7.950000000,17,0,,,,,,,,,0.000000,,stale_depth
159,7.950000000,18,0,,,,,,,,,0.000000,,stale_depth
159,7.950000000,19,0,,,,,,,,,0.000000,,stale_depth
159,7.950000000,20,0,,,,,,,,,0.000000,,stale_depth
159,7.950000000,21,0,,,,,,,,,0.000000,,stale_depth
159,7.950000000,22,0,,,,,,,,,0.000000,,stale_depth
159,7.950000000,23,0,,,,,,,,,0.000000,,stale_depth
159,7.950000000,24,0,,,,,,,,,0.000000,,stale_depth
