t,x,y,z,vx,vy,vz,qw,qx,qy,qz,wx,wy,wz,motor_0_thrust_n,motor_1_thrust_n,motor_2_thrust_n,motor_3_thrust_n
0.000000000,0.0,0.0,1.1,0.0,0.0,0.0,0.9999997236266527,-0.0,-0.0007434693122183657,0.0,0.0,0.22781518877298898,0.0,0.11033386013201738,0.11039138387824698,0.11039138387824701,0.11033386013201733
0.020000000,1.5523840000000004e-06,0.0,1.1,0.00015523840000000003,0.0,0.0,0.9999988223629355,0.0,0.0015346897870264279,0.0,0.0,0.2783273045148039,0.0,0.10953618366383837,0.11118985607621153,0.11118985607621153,0.10953618366383834
0.040000000,1.5149056000000005e-05,0.0,1.1,0.0012044288000000005,0.0,0.0,0.9999883688357174,0.0,0.004823089599134377,0.0,0.0,0.4230715698089114,0.0,0.1090131615103533,0.1117221080626563,0.11172210806265635,0.10901316151035328
0.060000000,6.6598656e-05,0.0,1.1,0.003940531199999999,0.0,0.0,0.9999500380311143,0.0,0.009996071306932431,0.0,0.0,0.5981845484675805,0.0,0.10901267742874039,0.11175644170853775,0.11175644170853781,0.10901267742874035
0.080000000,0.000196509184,0.0,1.1,0.009050521600000002,0.0,0.0,0.9998590999400837,0.0,0.01678631189409106,0.0,0.0,0.7470398961112407,0.0,0.10927155844597164,0.1115779035947922,0.11157790359479225,0.1092715584459716
0.100000000,0.00045821440000000006,0.0,1.1,0.017120000000000003,0.0,0.0,0.9996890740312797,0.0,0.024935020803734678,0.0,0.0,0.8705048724985054,0.0,0.10955814420979282,0.11144167138691713,0.11144167138691713,0.10955814420979278
0.120000000,0.000915792384,0.0,1.1,0.028637798399999994,0.0,0.0,0.9994153023703317,0.0,0.034191422725860086,0.0,0.0,0.9694362410199138,0.0,0.10988328474254441,0.11135900335039164,0.11135900335039169,0.10988328474254436
0.140000000,0.001642176256,0.0,1.1,0.04400058880000001,0.0,0.0,0.9990176949044898,0.0,0.0443130372206635,0.0,0.0,1.0447494644985136,0.0,0.11025542026392009,0.11133984873873227,0.11133984873873227,0.11025542026392005
0.160000000,0.0027173570560000007,0.0,1.1,0.06351749120000003,0.0,0.0,0.9984826762569142,0.0,0.055066734194342354,0.0,0.0,1.0974794845909073,0.0,0.11067988182159716,0.11139191487854777,0.11139191487854783,0.11067988182159712
0.180000000,0.004226678784000001,0.0,1.1,0.0874146816,0.0,0.0,0.9978043571857581,0.0,0.06623039167267664,0.0,0.0,1.1288223418337628,0.0,0.11115856934690863,0.11151997382737991,0.11151997382737995,0.11115856934690864
0.200000000,0.006259225600000001,0.0,1.1,0.11584000000000001,0.0,0.0,0.9969849712996204,0.0,0.07759489031305636,0.0,0.0,1.1401521024679437,0.0,0.11168993348039763,0.11172541945544687,0.11172541945544687,0.11168993348039759
0.220000000,0.008906301184000001,0.0,1.1,0.1488675584,0.0,0.0,0.9960346505278376,0.0,0.08896614495350821,0.0,0.0,1.133012327113681,0.0,0.11226918911003042,0.11200607711720884,0.11200607711720884,0.11226918911003046
0.240000000,0.012260000256,0.0,1.1,0.18650234879999997,0.0,0.0,0.9949706497600931,0.0,0.1001668913163335,0.0,0.0,1.1090853112817898,0.0,0.11288869250588325,0.11235625557342092,0.11235625557342092,0.1128886925058832
0.260000000,0.016411872256,0.0,1.1,0.22868485120000004,0.0,0.0,0.9938161608484054,0.0,0.11103800446935526,0.0,0.0,1.0701451547616552,0.0,0.11353842145586444,0.11276701647374883,0.11276701647374883,0.11353842145586442
0.280000000,0.021451677183999998,0.0,1.1,0.27529564160000003,0.0,0.0,0.992598870915213,0.0,0.12143920889829743,0.0,0.0,1.0180021293928119,0.0,0.11420650835711675,0.11322662343076577,0.11322662343076581,0.11420650835711672
0.300000000,0.027466233599999997,0.0,1.1,0.3261599999999999,0.0,0.0,0.9913494165735935,0.0,0.131249130508342,0.0,0.0,0.9544458281481341,0.0,0.1148797881467272,0.11372112327757658,0.11372112327757654,0.11487978814672718
0.320000000,0.034538358783999995,0.0,1.1,0.3810525184000002,0.0,0.0,0.9900998659456779,0.0,0.1403647229696644,0.0,0.0,0.8811934679608076,0.0,0.11554433439166756,0.11423500822090366,0.1142350082209037,0.1155443343916676
0.340000000,0.042745901056,0.0,1.1,0.4397017088,0.0,0.0,0.9888823293495936,0.0,0.14870016375284165,0.0,0.0,0.7998479236380778,0.0,0.11618596640022205,0.11475190953715486,0.11475190953715486,0.11618596640022204
0.360000000,0.052160864256,0.0,1.1,0.5017946112,0.0,0.0,0.9877277636876564,0.0,0.1561853541167715,0.0,0.0,0.711868061557984,0.0,0.1167907172392972,0.11525528015518037,0.11525528015518037,0.11679071723929714
0.380000000,0.062848624384,0.0,1.1,0.5669814016000002,0.0,0.0,0.9866650009270489,0.0,0.1627641727949571,0.0,0.0,0.6185521082699388,0.0,0.11734525712808179,0.11572903308116926,0.1157290330811693,0.11734525712808176
0.400000000,0.07486723840000001,0.0,1.1,0.6348800000000001,0.0,0.0,0.9857200019863067,0.0,0.16839262954213768,0.0,0.0,0.5210333738761134,0.0,0.11783726934691724,0.11615811314013735,0.11615811314013735,0.1178372693469172
0.420000000,0.088266845184,0.0,1.1,0.7050806783999998,0.0,0.0,0.9849153161310259,0.0,0.17303704820217364,0.0,0.0,0.42028674345120953,0.0,0.11825577719753007,0.1165289892581066,0.1165289892581066,0.1182557771975301
0.440000000,0.103089158656,0.0,1.1,0.7771506687999998,0.0,0.0,0.984269713095784,0.0,0.17667238573796148,0.0,0.0,0.31714392071383796,0.0,0.11859142123460997,0.11683006239854726,0.11683006239854726,0.11859142123460995
0.460000000,0.119367053056,0.0,1.1,0.8506387711999999,0.0,0.0,0.9837979497480664,0.0,0.17928076882783903,0.0,0.0,0.21231535234498133,0.0,0.11883668633424997,0.11705198981548733,0.11705198981548737,0.1188366863342499
0.480000000,0.137124240384,0.0,1.1,0.9250799615999998,0.0,0.0,0.9835106336873923,0.0,0.18085030667329272,0.0,0.0,0.10641694668099719,0.0,0.11898607836934072,0.117187929499463,0.117187929499463,0.11898607836934075
0.500000000,0.15637504000000002,0.0,1.1,1.0,0.0,0.0,0.9834141510700718,0.0,0.18137421943355117,0.0,0.0,1.2352038937013339e-14,0.0,0.11903625039971881,0.11723370988348332,0.11723370988348336,0.11903625039971874
0.520000000,0.17712424038400001,0.0,1.1,1.0749200384000002,0.0,0.0,0.9835106336873923,0.0,0.18085030667329294,0.0,0.0,-0.10641694668102288,0.0,0.11898607836934115,0.11718792949946262,0.11718792949946268,0.11898607836934111
0.540000000,0.19936705305600003,0.0,1.1,1.1493612288000004,0.0,0.0,0.9837979497480666,0.0,0.17928076882783855,0.0,0.0,-0.2123153523450373,0.0,0.11883668633424965,0.11705198981548745,0.11705198981548745,0.1188366863342497
0.560000000,0.22308915865600004,0.0,1.1,1.2228493311999997,0.0,0.0,0.9842697130957841,0.0,0.17667238573796065,0.0,0.0,-0.317143920713825,0.0,0.1185914212346092,0.1168300623985479,0.11683006239854785,0.11859142123460917
0.580000000,0.24826684518400002,0.0,1.1,1.2949193215999997,0.0,0.0,0.984915316131026,0.0,0.17303704820217342,0.0,0.0,-0.4202867434511033,0.0,0.11825577719752946,0.11652898925810716,0.11652898925810716,0.11825577719752947
0.600000000,0.2748672384,0.0,1.1,1.3651199999999992,0.0,0.0,0.9857200019863065,0.0,0.16839262954213893,0.0,0.0,-0.521033373875962,0.0,0.11783726934691814,0.11615811314013662,0.11615811314013662,0.11783726934691814
0.620000000,0.302848624384,0.0,1.1,1.4330185984000003,0.0,0.0,0.9866650009270485,0.0,0.16276417279495983,0.0,0.0,-0.6185521082700292,0.0,0.11734525712808397,0.11572903308116758,0.11572903308116758,0.11734525712808391
0.640000000,0.332160864256,0.0,1.1,1.4982053888000018,0.0,0.0,0.9877277636876565,0.0,0.15618535411677095,0.0,0.0,-0.7118680615582899,0.0,0.1167907172392968,0.11525528015518065,0.11525528015518065,0.11679071723929683
0.660000000,0.362745901056,0.0,1.1,1.5602982912,0.0,0.0,0.9888823293495941,0.0,0.14870016375283832,0.0,0.0,-0.7998479236380993,0.0,0.11618596640021929,0.11475190953715712,0.11475190953715712,0.11618596640021933
0.680000000,0.394538358784,0.0,1.1,1.6189474815999987,0.0,0.0,0.9900998659456781,0.0,0.14036472296966346,0.0,0.0,-0.8811934679605252,0.0,0.11554433439166706,0.1142350082209041,0.1142350082209041,0.11554433439166704
0.700000000,0.42746623359999997,0.0,1.1,1.6738399999999993,0.0,0.0,0.9913494165735932,0.0,0.13124913050834422,0.0,0.0,-0.9544458281480438,0.0,0.11487978814672889,0.11372112327757514,0.11372112327757519,0.11487978814672885
0.720000000,0.461451677184,0.0,1.1,1.7247043584000008,0.0,0.0,0.9925988709152129,0.0,0.12143920889829822,0.0,0.0,-1.0180021293928951,0.0,0.11420650835711776,0.11322662343076484,0.11322662343076484,0.11420650835711779
0.740000000,0.496411872256,0.0,1.1,1.7713151487999999,0.0,0.0,0.9938161608484053,0.0,0.11103800446935588,0.0,0.0,-1.0701451547618048,0.0,0.11353842145586435,0.11276701647374895,0.11276701647374895,0.1135384214558643
0.760000000,0.532260000256,0.0,1.1,1.8134976512000014,0.0,0.0,0.9949706497600933,0.0,0.10016689131633134,0.0,0.0,-1.1090853112818464,0.0,0.11288869250588165,0.1123562555734223,0.11235625557342234,0.11288869250588159
0.780000000,0.568906301184,0.0,1.1,1.8511324415999981,0.0,0.0,0.9960346505278376,0.0,0.0889661449535077,0.0,0.0,-1.1330123271134749,0.0,0.1122691891100308,0.11200607711720846,0.11200607711720852,0.11226918911003074
0.800000000,0.6062592256,0.0,1.1,1.884160000000001,0.0,0.0,0.9969849712996203,0.0,0.07759489031305832,0.0,0.0,-1.140152102468078,0.0,0.11168993348039878,0.11172541945544585,0.11172541945544585,0.1116899334803987
0.820000000,0.644226678784,0.0,1.1,1.9125853183999997,0.0,0.0,0.9978043571857583,0.0,0.06623039167267347,0.0,0.0,-1.1288223418338057,0.0,0.11115856934690738,0.11151997382738099,0.11151997382738099,0.11115856934690739
0.840000000,0.6827173570559999,0.0,1.1,1.9364825087999984,0.0,0.0,0.9984826762569141,0.0,0.05506673419434346,0.0,0.0,-1.0974794845907692,0.0,0.11067988182159648,0.1113919148785485,0.1113919148785485,0.11067988182159642
0.860000000,0.7216421762559999,0.0,1.1,1.9559994112000005,0.0,0.0,0.9990176949044898,0.0,0.04431303722066308,0.0,0.0,-1.044749464498394,0.0,0.11025542026392027,0.11133984873873207,0.11133984873873207,0.11025542026392025
0.880000000,0.7609157923839999,0.0,1.1,1.971362201599998,0.0,0.0,0.9994153023703316,0.0,0.03419142272586359,0.0,0.0,-0.9694362410198181,0.0,0.10988328474254692,0.11135900335038919,0.11135900335038919,0.10988328474254691
0.900000000,0.8004582143999999,0.0,1.1,1.9828800000000033,0.0,0.0,0.9996890740312796,0.0,0.024935020803736163,0.0,0.0,-0.8705048724989783,0.0,0.1095581442097932,0.11144167138691677,0.11144167138691677,0.10955814420979322
0.920000000,0.8401965091839999,0.0,1.1,1.9909494783999993,0.0,0.0,0.9998590999400838,0.0,0.0167863118940851,0.0,0.0,-0.7470398961112351,0.0,0.10927155844596831,0.11157790359479544,0.11157790359479544,0.10927155844596831
0.940000000,0.8800665986559999,0.0,1.1,1.9960594687999986,0.0,0.0,0.9999500380311142,0.0,0.009996071306934032,0.0,0.0,-0.5981845484672857,0.0,0.10901267742874082,0.11175644170853727,0.11175644170853731,0.10901267742874085
0.960000000,0.9200151490559999,0.0,1.1,1.9987955712000005,0.0,0.0,0.9999883688357174,0.0,0.004823089599134315,0.0,0.0,-0.423071569809024,0.0,0.10881809362511465,0.11192530809272726,0.11191749964674676,0.10880963778143062
0.980000000,0.9600015523839999,0.0,1.1,1.9998447615999986,0.0,0.0,0.9999988223629355,0.0,0.0015346897870257784,0.0,-0.000960198137264016,-0.23126383806850134,-1.6635416981935772e-06,0.1089174259325158,0.1118866509197462,0.11177259722852617,0.10887540539931156
1.000000000,0.9999999999999999,0.0,1.1,2.0,0.0,0.0,0.9999999802519494,-1.920400835520035e-05,0.00019780623593409336,-3.798672682605441e-09,-0.009214190745242542,-0.07673474132629893,0.00018509512988111777,0.10940576780995223,0.11163236912755645,0.11096747074780507,0.10944442718579651
1.020000000,1.039999999999432,1.5071306060348357e-07,1.1,1.9999999999432139,1.5071306060348355e-05,0.0,0.9999999830127667,-0.00018428312400828206,-5.9686583863221945e-09,3.7678274231022557e-06,-0.037931396897768505,-0.009895323726854924,0.001806186033940082,0.10968580212704439,0.11178414057997933,0.10959044882817173,0.11038963844832884
1.040000000,1.0799999999465728,1.747680151909973e-06,1.1,1.999999994770873,0.00014462540307030058,0.0,0.9999996968355632,-0.0007778312718663026,-9.644321017232833e-08,3.615639299471391e-05,-0.09717083457472867,-3.759127995199232e-05,0.0076305320619266745,0.10909366802452261,0.11288610289397258,0.10792155586863651,0.11154920738699421
1.060000000,1.1199999989161127,9.449072573431028e-06,1.1,1.999999902183107,0.0006255138390818051,0.0,0.9999977242163717,-0.002127699981453968,-7.09356145273272e-07,0.00015637890906785069,-0.186056182458182,-0.00017737271093708678,0.020872708889677946,0.10766281771228386,0.11476142396057021,0.10596114376211813,0.11306861158461862
1.080000000,1.1599999897073194,3.3848766767392566e-05,1.1,1.9999991769375673,0.0018144555803143488,0.0,0.9999897767828809,-0.004498950082894259,-3.3375840599112723e-06,0.0004536151853094929,-0.29757175402554903,-0.0006152080564808876,0.044134208947148285,0.10570158494683823,0.11704999789322346,0.10367249678930722,0.11504379148713594
1.100000000,1.1999999382875892,9.355727771196243e-05,1.1,1.9999956810894193,0.0041563955141426375,0.0,0.9999668237155642,-0.008079085156545247,-1.1741951131215735e-05,0.0010390925683981269,-0.42428829779043176,-0.0017123990071129884,0.07925286815384439,0.10340051492172672,0.11957099358976817,0.1011577933699619,0.11737833407489158
1.120000000,1.23999972881614,0.00021667652754121472,1.1,1.9999833717656463,0.008155529468782587,0.0,0.9999136193082686,-0.012984454485107348,-3.359637021708416e-05,0.002038807211856258,-0.5594223343993903,-0.004042233970625052,0.12736559991992535,0.1009035839134579,0.12220418056784697,0.09854709315877146,0.11994404702613459
1.140000000,1.2799990477856156,0.0004417228054641706,1.1,1.9999485251819114,0.014349098323513004,0.0,0.9998079449332092,-0.0192665700133735,-8.23162878256828e-05,0.0035868861678835834,-0.6968336550080921,-0.008400140192559451,0.18896773943144676,0.09834597182309548,0.12484345901846222,0.09596178325455432,0.12262676850134933
1.160000000,1.3199971776264237,0.0008180540844087958,1.1,1.9998644588988872,0.02328402957094952,0.0,0.999620680152868,-0.026918325182200425,-0.00017874415682716483,0.005819590245825712,-0.831023099696985,-0.015777249090261136,0.26397094963007806,0.09585371724502201,0.1273966523871517,0.09351468964801389,0.12532564348256628
1.180000000,1.3599926719780626,0.0014058585614113218,1.1,1.999684976265009,0.03549641812930306,0.0,0.9993166745843775,-0.03588012812617767,-0.0003523612561054339,0.008869957430327206,-0.9571314683982706,-0.027299154597572498,0.35176077296790453,0.09354274361921788,0.12978514783550824,0.09130949095060512,0.12795229287112916
1.200000000,1.3999828916388932,0.002275759743246052,1.1,1.9993369898180575,0.051493700054169964,0.0,0.9988562942047443,-0.046045984610420365,-0.0006417438760321771,0.012863086473315275,-1.0709400634227189,-0.04413654111606058,0.45125548730556536,0.0915172895964797,0.13194350995927567,0.08943942514635085,0.13043006721848152
1.220000000,1.4399633911085659,0.0035080888906560024,1.1,1.9987129571492044,0.07173921468682508,0.0,0.9981974534343709,-0.057269582671617726,-0.0010940655929023676,0.017912059575439596,-1.1688729193156417,-0.06739739187918527,0.5609681038971939,0.08986787513476896,0.1338191458289078,0.08798540418506191,0.13269350593864387
1.240000000,1.479927159433342,0.005191868186024401,1.1,1.9976638753284142,0.09663871485001481,0.0,0.997297910807678,-0.06937043903623245,-0.001763550304381556,0.024114501381636625,-1.248000368232085,-0.098011934580506,0.6790730439754538,0.08866902178073655,0.13537202629763748,0.08701375592576308,0.1346880274598312
1.260000000,1.519863734524637,0.007423538457999163,1.1,1.995993633801096,0.12652831234746137,0.0,0.9961175969904588,-0.08214016673115908,-0.0027088899806366543,0.03154976846831522,-1.3060432956867651,-0.13662165768571294,0.8034782846202705,0.0879770056841552,0.13657439776657793,0.08657388311750183,0.13636978570727887
1.280000000,1.5597582261751934,0.010305455272532068,1.1,1.993455531254548,0.16166336910582912,0.0,0.9946207563813491,-0.09534891491706754,-0.00398974692986941,0.04027675904248749,-1.3413772941595556,-0.1834829701295457,0.9319027151773185,0.08782794517935932,0.13741037409859153,0.08669615606357865,0.13770556846697915
1.300000000,1.5995902987518609,0.01394416876517245,1.1,1.9897517264122018,0.20220798015820904,0.0,0.9927777147768194,-0.10875201761633889,-0.00566255604760192,0.050332327245017267,-1.3530359168513362,-0.23839468499951116,1.061957302442784,0.08823650750718229,0.13787529562138204,0.08739033768427189,0.13867259924739642
1.320000000,1.6393331791448713,0.018448498006789445,1.1,1.984536312888848,0.2482249440034904,0.0,0.9905661319614667,-0.1220968695560943,-0.007775923786810238,0.061730281586608544,-1.3407123480892462,-0.3006567273536972,1.1912276609703394,0.0891954636814132,0.1379747856402587,0.08864478163558641,0.13925814010481752
1.340000000,1.678952767952032,0.023927412063487457,1.1,1.9774225678272193,0.2996664616663108,0.0,0.9879716544852001,-0.13513002629685414,-0.010365984846403675,0.07446094469553866,-1.304759013967257,-0.36906545247804934,1.3173549776219922,0.09067623383517795,0.13772351742125308,0.09042655572996076,0.1394588701669466
1.360000000,1.7184069405893012,0.030487738798121163,1.1,1.9679946958997154,0.3563662117970599,0.0,0.9849879436147764,-0.14760450296387756,-0.013452122793270663,0.08849125397843316,-1.2461849353691552,-0.44194877164813295,1.43811209814979,0.09263045819021712,0.13714380880518742,0.09268253689245635,0.1392801145198089
1.380000000,1.7576451279943863,0.03823173949723717,1.1,1.9558240446087864,0.41803385811454036,0.0,0.9816161087858687,-0.15928722136290233,-0.017033484549141456,0.10376539156524954,-1.166650959020426,-0.5172418906772218,1.5514720087382565,0.09499251311027229,0.13626426313239975,0.0953414136713968,0.1387350953842754
1.400000000,1.7966082612896084,0.04725461186903569,1.1,1.940489284913428,0.4842533790653118,0.0,0.9778636202043608,-0.16996652894688657,-0.02108671737192498,0.12020594689550733,-1.0684633704384134,-0.5926017984790524,1.6556668953444564,0.09768277937474129,0.13511874739194998,0.09831642985780256,0.13784444547029642
1.420000000,1.835229148563855,0.05764201339968528,1.1,1.9215994425112286,0.5544867739996465,0.0,0.9737427994846596,-0.17945968550474659,-0.025565326127863153,0.13771563393562722,-0.9545667588586026,-0.6655556473282476,1.7492373009800795,0.10061137175533419,0.1337460180307556,0.10150861741583893,0.13663624005205197
1.440000000,1.8734333228208404,0.06946772715534304,1.1,1.898817983187308,0.6280846015661298,0.0,0.9692689913519983,-0.1876201865601977,-0.030400983802458894,0.1561796023251413,-0.8285373052022829,-0.7336749078409617,1.8310724152217994,0.10368196565155202,0.13219025689768155,0.10481020575304247,0.1351467578244752
1.460000000,1.9111403577058041,0.08279161693782726,1.1,1.8718855053090637,0.7043043766822918,0.0,0.9644585034645518,-0.19434477028202976,-0.03550702693632849,0.17546839144724968,-0.6945778121918241,-0.7947639323858593,1.9004439704738703,0.10679531916457186,0.1305026628687086,0.10810786367133997,0.13342207330606107
1.480000000,1.948265593955369,0.09765803154144931,1.1,1.840638119647425,0.7823370836799132,0.0,0.9593263701213538,-0.19957994276314436,-0.04078423240388119,0.19544157291547135,-0.557515699469421,-0.8470488510233194,1.9570373323816468,0.1098521002483075,0.12874407320456416,0.11128543737705178,0.13152043309719585
1.500000000,1.9847221597057751,0.11409481271150217,1.1,1.8050184553931794,0.8613410333253728,0.0,0.9538839557947008,-0.20332786028950794,-0.046128812424338445,0.21595210758838182,-0.4228047903377106,-0.8893513054394646,2.0009839377403096,0.11275470119676836,0.12698839219622599,0.11422590106593336,0.12951520511326248
1.520000000,2.020423109583126,0.132113034765231,1.1,1.76507653234191,0.9404811720475102,0.0,0.9481363714956458,-0.20565142942249467,-0.05144239918609638,0.23685140951561576,-0.2965310455177153,-0.9212322289728125,2.0328990987290476,0.11540786522787955,0.12532642289601315,0.11681234285172133,0.12749805085461938
1.540000000,2.0552834598616045,0.15170755627914995,1.1,1.7209584955059052,1.0189709793443833,0.0,0.9420796310439463,-0.20667852349823793,-0.05664364468796639,0.25799506625738766,-0.18542158719452762,-0.9430944004294631,2.0539282946938804,0.11771816081549416,0.1238695716810613,0.11892796903313914,0.12558189034009296
1.560000000,2.089221867826909,0.1728584010818836,1.1,1.672882301024554,1.096113500928984,0.0,0.9356974169953799,-0.20660525712747652,-0.061680964953510685,0.27924911838333044,-0.0968556375669056,-0.9562391997803461,2.065803453986133,0.11958155922898348,0.12274682270634149,0.12046256560568624,0.12391305725690398
1.580000000,2.122161697134482,0.1955329162535354,1.1,1.621100629732731,1.1713380162361942,0.0,0.9289572397036568,-0.20569829042626145,-0.06654593919431268,0.3004967522197584,-0.036859198984430505,-0.962739053556829,2.0709280221598867,0.12086498138112121,0.12203765382560135,0.12138654014760457,0.12268314167443164
1.600000000,2.1540312262171564,0.21968858978089892,1.1,1.5658522785347189,1.2442293365001602,0.0,0.9218140300152501,-0.20425954983971584,-0.07127208429265754,0.3216476649486214,6.572537719610776e-15,-0.9646259607733743,2.072148456746258,0.12156612442199774,0.1215661244219978,0.12195308912200607,0.12195308912200607
1.620000000,2.1847630403353846,0.24527606813486472,1.1,1.5073291332881151,1.3145184988964207,0.0,0.9142483425430686,-0.20244577326258864,-0.07586736845081855,0.3426511629189549,0.036859198984451,-0.9627390535568258,2.0709280221598867,0.12203765382560172,0.12086498138112073,0.12268314167443202,0.12138654014760417
1.640000000,2.214293830122045,0.2722408312092473,1.1,1.4457498453779056,1.381957808541839,0.0,0.9063069388528063,-0.20012928936455301,-0.08024052123924513,0.363479654006863,0.09685563756691903,-0.956239199780349,2.0658034539861285,0.12274682270634169,0.11958155922898348,0.12391305725690402,0.12046256560568584
1.660000000,2.242565977688667,0.3005226176284242,1.1,1.3814649112842732,1.4462208333758488,0.0,0.8980812834705275,-0.1970528606954829,-0.08422995103094105,0.3840904759571393,0.18542158719451685,-0.9430944004294471,2.0539282946938786,0.1238695716810612,0.11771816081549445,0.12558189034009268,0.11892796903313903
1.680000000,2.2695303588030606,0.3300541507077504,1.1,1.3149732001551235,1.506932474556771,0.0,0.88966948488942,-0.19301295077621403,-0.08766317180090903,0.4044123845767549,0.2965310455176886,-0.9212322289727959,2.032899098729045,0.12532642289601326,0.11540786522787931,0.12749805085461932,0.11681234285172143
1.700000000,2.295149134768055,0.36076070483187916,1.1,1.246904396344274,1.5637229378561028,0.0,0.8811676565896734,-0.1878881075000952,-0.09037779132963028,0.42435065084747287,0.4228047903377049,-0.8893513054394699,2.000983937740308,0.1269883921962256,0.11275470119676832,0.1295152051132624,0.11422590106593401
1.720000000,2.319398095328441,0.3925606556696825,1.1,1.1779916596943627,1.6162721459242317,0.0,0.8726687605530639,-0.18162882327452387,-0.09223056826251003,0.4437946903565494,0.557515699469453,-0.8470488510233218,1.9570373323816472,0.1287440732045641,0.10985210024830742,0.1315204330971959,0.11128543737705172
1.740000000,2.3422683833974807,0.42536680407805166,1.1,1.1090371472095903,1.6643426949126834,0.0,0.8642612327346578,-0.1742470429667517,-0.09310535277402084,0.4626249916445693,0.6945778121918273,-0.7947639323858526,1.9004439704738685,0.13050266286870904,0.10679531916457179,0.13342207330606082,0.10810786367133952
1.760000000,2.363767492314644,0.4590882339783334,1.1,1.040873744506722,1.7078002951154903,0.0,0.8560276507987225,-0.16580564626493996,-0.09291954524052666,0.48071936391930364,0.828537305202253,-0.7336749078409788,1.831072415221798,0.13219025689768155,0.10368196565155209,0.13514675782447508,0.10481020575304252
1.780000000,2.383919495520406,0.4936324549607757,1.1,0.9743265760695079,1.7466218031287337,0.0,0.8480436065586273,-0.15640824310910634,-0.09162874062765052,0.4979585090683255,0.9545667588586004,-0.6655556473282519,1.7492373009800781,0.1337460180307551,0.10061137175533434,0.13663624005205208,0.1015086174158392
1.800000000,2.402764536651193,0.5289075944954104,1.1,0.9101775370091904,1.780892150334737,0.0,0.840376871671189,-0.14618959449537802,-0.0892293285475867,0.5142309237573813,1.0684633704384243,-0.5926017984790417,1.6556668953444573,0.1351187473919498,0.09768277937474155,0.13784444547029615,0.09831642985780276
1.820000000,2.420357665148268,0.5648244402882194,1.1,0.8491353126982878,1.810792428946173,0.0,0.8330868824438235,-0.13530690984571428,-0.08575895657832949,0.5294371424585086,1.166650959020411,-0.5172418906772234,1.5514720087382579,0.1362642631323996,0.09499251311027264,0.13873509538427503,0.09534141367139692
1.840000000,2.4367671415778296,0.6012981840084923,1.1,0.791812330257852,1.836581943081122,0.0,0.826224515031039,-0.12393218655278124,-0.0812949078301049,0.543493331935973,1.2461849353691463,-0.4419487716481201,1.4381120981497935,0.13714380880518753,0.09263045819021679,0.13928011451980932,0.09268253689245623
1.860000000,2.452072355387254,0.638249774713148,1.1,0.7387090506846143,1.8585771273844505,0.0,0.8198320790585361,-0.11224566101149874,-0.07595057098479309,0.5563342381138645,1.3047590139672707,-0.3690654524780499,1.317354977621991,0.13772351742125383,0.09067623383517733,0.13945887016694702,0.09042655572996022
1.880000000,2.4663614974408627,0.675606845474397,1.1,0.6902051546762668,1.8771299487404463,0.0,0.8139434310358301,-0.10043034694515261,-0.06987027950861831,0.5679154695264823,1.3407123480892302,-0.3006567273537061,1.1912276609703376,0.13797478564025845,0.08919546368141378,0.13925814010481702,0.08864478163558656
1.900000000,2.4797291150879355,0.7133042236629619,1.1,0.6465566100310182,1.8926078701160465,0.0,0.8085841024471755,-0.08866755646689778,-0.06322286221618172,0.5782150840241709,1.3530359168513093,-0.23839468499950725,1.0619573024427864,0.13787529562138143,0.08823650750718282,0.13867259924739597,0.08739033768427258
1.920000000,2.492273654771969,0.7512840704998061,1.1,0.6078973583723226,1.9053768135683693,0.0,0.8037713514187361,-0.07713323792702952,-0.05619428141118032,0.58723443443149,1.341377294159558,-0.18348297012955794,0.9319027151773227,0.1374103740985912,0.08782794517935939,0.13770556846697915,0.08669615606357899
1.940000000,2.504095072171594,0.7894957179289088,1.1,0.5742443815901622,1.915787929341902,0.0,0.7995140782120522,-0.06599492380923348,-0.04897974180172175,0.5949982299681091,1.3060432956867745,-0.13662165768570905,0.8034782846202747,0.13657439776657787,0.0879770056841551,0.1363697857072792,0.08657388311750162
1.960000000,2.5152925672319992,0.8278952815540032,1.1,0.5455051244503621,1.924168433167532,0.0,0.7958125880351118,-0.05540906052647219,-0.04177563803617495,0.6015537854615344,1.248000368232102,-0.09801193458048839,0.6790730439754569,0.13537202629763792,0.08866902178073613,0.1346880274598315,0.08701375592576284
1.980000000,2.5259624841776236,0.8664451293332794,1.1,0.5214865701120831,1.9308163447600954,0.0,0.7926582334443322,-0.045518487511914923,-0.034771674873817535,0.6069694579416726,1.1688729193156595,-0.06739739187920421,0.5609681038971943,0.13381914582890836,0.08986787513476845,0.1326935059386441,0.0879854041850616
2.000000000,2.536196405971365,0.9051132792462457,1.1,0.5019056092620443,1.9359986465365353,0.0,0.7900330168786408,-0.036449843238339746,-0.02814344438489972,0.611332305467074,1.0709400634227206,-0.044136541116074395,0.45125548730556453,0.13194350995927573,0.09151728959647973,0.13043006721848174,0.08943942514635052
2.020000000,2.546079468550948,0.9438727873782601,1.1,0.4864006486962906,1.939952166664897,0.0,0.7879092765620032,-0.028310699296192614,-0.022045681168117413,0.6147450399594414,0.9571314683982718,-0.027299154597560056,0.351760772967904,0.12978514783550815,0.09354274361921794,0.12795229287112925,0.09130949095060505
2.040000000,2.555688921338227,0.9827011726094828,1.1,0.47454463003158587,1.9428863564573675,0.0,0.7862496122990302,-0.021186259772269636,-0.016606341467950998,0.6173223784859385,0.8310230996969883,-0.015777249090253957,0.26397094963007744,0.12739665238715187,0.09585371724502191,0.12532564348256622,0.09351468964801386
2.060000000,2.5650929651739944,1.021579906842076,1.1,0.4658597535451567,1.9449870668019482,0.0,0.7850072288337738,-0.015135511447586989,-0.011921568238760503,0.6191869210365052,0.6968336550080821,-0.00840014019256235,0.18896773943144596,0.12484345901846229,0.09834597182309555,0.12262676850134918,0.0959617832545543
2.080000000,2.574349904968345,1.0604939817956558,1.1,0.45983422588987183,1.9464204285560358,0.0,0.7841268814381048,-0.01018676961522992,-0.008051516117983432,0.6204646940956113,0.5594223343993766,-0.004042233970626792,0.12736559991992524,0.12220418056784665,0.1009035839134581,0.11994404702613441,0.09854709315877175
2.100000000,2.5835076601483107,1.0994315461871458,1.1,0.455941292106685,1.9473360105929554,0.0,0.7835465994155411,-0.006332631790458949,-0.005016924301461755,0.6212804960639772,0.42428829779043165,-0.0017123990071153225,0.07925286815384605,0.1195709935897679,0.10340051492172671,0.11737833407489161,0.1011577933699621
2.120000000,2.5926036801232355,1.1383835919889553,1.1,0.453660705385817,1.9478685695880107,0.0,0.7832003359039715,-0.0035244219791571944,-0.0027962497564910276,0.6217531610510061,0.297571754025561,-0.0006152080564767429,0.044134208947149305,0.11704999789322353,0.10570158494683816,0.11504379148713618,0.10367249678930701
2.140000000,2.601665313916456,1.1773436568200009,1.1,0.4525026739362462,1.9481379135165322,0.0,0.7830216431100055,-0.001666273232861981,-0.0013231179946296286,0.6219908193161638,0.18605618245818817,-0.00017737271092424837,0.020872708889677915,0.1147614239605706,0.10766281771228364,0.11306861158461866,0.10596114376211792
2.160000000,2.6107106830793527,1.216307502543717,1.1,0.45203424235340206,1.9482466588550809,0.0,0.7829483953344305,-0.0006090444334195062,-0.0004838247357412687,0.6220861718618599,0.09717083457472045,-3.759127996881809e-05,0.007630532061925753,0.11284406249566736,0.10913570873569867,0.1115909300893414,0.10787983285341847
2.180000000,2.6197501059002533,1.255272728494384,1.1,0.4519080397366645,1.948275936211646,0.0,0.7829284699883179,-0.00014428378800178924,-0.00011464056153807548,0.6221117077514954,0.03793135995573617,-5.008773654261743e-06,0.0018078187257791975,0.11145887792642577,0.11001106295258307,0.11071425970705902,0.10926582939745645
2.200000000,2.6287881198795437,1.2942382812722857,1.1,0.45189335819237114,1.9482793415785173,0.0,0.7829261391229911,-1.5035365428549272e-05,-1.1947038870324036e-05,0.622114668135363,0.009214156102316746,-3.0205077298139776e-07,0.00018839136348737339,0.11069492416845046,0.11034319347726297,0.11038184886924432,0.11003003381065042
2.220000000,2.6378259870433913,1.333203868103856,1.1,0.45189335819237114,1.9482793415785173,0.0,0.7829261392673594,0.0,0.0,0.6221146682500802,0.000960200436364465,-3.617859038351998e-09,6.939948620923893e-14,0.11041984614009599,0.11038319072440421,0.11034181183373515,0.11030515130176465
2.240000000,2.646863854207239,1.3721694549354264,1.1,0.45189335819237114,1.9482793415785173,0.0,0.7829261392673594,0.0,0.0,0.6221146682500802,0.0,0.0,0.0,0.11036656606683846,0.11036656609746544,0.11035843393317507,0.11035843390252105
2.260000000,2.6559017213710865,1.4111350417669968,1.1,0.45189335819237114,1.9482793415785173,0.0,0.7829261392673594,0.0,0.0,0.6221146682500802,0.0,0.0,0.0,0.11036249999999997,0.1103625,0.1103625,0.1103625
2.280000000,2.664939588534934,1.4501006285985671,1.1,0.45189335819237114,1.9482793415785173,0.0,0.7829261392673594,0.0,0.0,0.6221146682500802,0.0,0.0,0.0,0.11036249999999997,0.1103625,0.1103625,0.1103625
2.300000000,2.6739774556987816,1.4890662154301375,1.1,0.45189335819237114,1.9482793415785173,0.0,0.7829261392673594,0.0,0.0,0.6221146682500802,0.0,0.0,0.0,0.11036249999999997,0.1103625,0.1103625,0.1103625
2.320000000,2.6830153228626292,1.5280318022617079,1.1,0.45189335819237114,1.9482793415785173,0.0,0.7829261392673594,0.0,0.0,0.6221146682500802,0.0,0.0,0.0,0.11036249999999997,0.1103625,0.1103625,0.1103625
2.340000000,2.692053190026477,1.5669973890932782,1.1,0.45189335819237114,1.9482793415785173,0.0,0.7829261392673594,0.0,0.0,0.6221146682500802,0.0,0.0,0.0,0.11036249999999997,0.1103625,0.1103625,0.1103625
2.360000000,2.7010910571903244,1.6059629759248486,1.1,0.45189335819237114,1.9482793415785173,0.0,0.7829261392673594,0.0,0.0,0.6221146682500802,0.0,0.0,0.0,0.11036249999999997,0.1103625,0.1103625,0.1103625
2.380000000,2.710128924354172,1.644928562756419,1.1,0.45189335819237114,1.9482793415785173,0.0,0.7829261392673594,0.0,0.0,0.6221146682500802,0.0,0.0,0.0,0.11036249999999997,0.1103625,0.1103625,0.1103625
2.400000000,2.7191667915180195,1.6838941495879893,1.1,0.45189335819237114,1.9482793415785173,0.0,0.7829261392673594,0.0,0.0,0.6221146682500802,0.0,0.0,0.0,0.11036249999999997,0.1103625,0.1103625,0.1103625
2.420000000,2.728204658681867,1.7228597364195597,1.1,0.45189335819237114,1.9482793415785173,0.0,0.7829261392673594,0.0,0.0,0.6221146682500802,0.0,0.0,0.0,0.11036249999999997,0.1103625,0.1103625,0.1103625
2.440000000,2.7372425258457147,1.76182532325113,1.1,0.45189335819237114,1.9482793415785173,0.0,0.7829261392673594,0.0,0.0,0.6221146682500802,0.0,0.0,0.0,0.11036249999999997,0.1103625,0.1103625,0.1103625
2.460000000,2.7462803930095623,1.8007909100827004,1.1,0.45189335819237114,1.9482793415785173,0.0,0.7829261392673594,0.0,0.0,0.6221146682500802,0.0,0.0,0.0,0.11035843393317511,0.11035843390252105,0.11036656606683844,0.11036656609746544
2.480000000,2.75531826017341,1.8397564969142708,1.1,0.45189335819237114,1.9482793415785173,0.0,0.7829261392673594,0.0,0.0,0.6221146682500802,0.000960200436364465,-3.617859038351998e-09,-6.939948620923893e-14,0.11034181183373518,0.11030515130176466,0.110419846140096,0.1103831907244042
2.500000000,2.7643561273372574,1.8787220837458412,1.1,0.45189335819237114,1.9482793415785173,0.0,0.7829261391229911,1.5035365428549272e-05,1.1947038870324036e-05,0.622114668135363,0.009214156102316746,-3.0205077298139776e-07,-0.00018839136348737339,0.11038184886924435,0.11003003381065043,0.11069492416845042,0.11034319347726297
2.520000000,2.773394141316548,1.9176876365237427,1.1,0.4519080397366645,1.948275936211646,0.0,0.7829284699883179,0.00014428378800178924,0.00011464056153807548,0.6221117077514954,0.03793135995573617,-5.008773654261743e-06,-0.0018078187257791975,0.11071425970705903,0.10926582939745644,0.11145887792642575,0.11001106295258307
2.540000000,2.7824335641374485,1.95665286247441,1.1,0.45203424235340206,1.9482466588550809,0.0,0.7829483953344305,0.0006090444334195062,0.0004838247357412687,0.6220861718618599,0.09717083457472045,-3.759127996881809e-05,-0.007630532061925753,0.1115909300893414,0.10787983285341851,0.11284406249566731,0.10913570873569867
2.560000000,2.791478933300345,1.995616708198126,1.1,0.4525026739362462,1.9481379135165322,0.0,0.7830216431100055,0.001666273232861981,0.0013231179946296286,0.6219908193161638,0.18605618245818817,-0.00017737271092424837,-0.020872708889677915,0.11306861158461864,0.10596114376211793,0.11476142396057058,0.10766281771228364
2.580000000,2.8005405670935657,2.0345767730291713,1.1,0.453660705385817,1.9478685695880107,0.0,0.7832003359039715,0.0035244219791571944,0.0027962497564910276,0.6217531610510061,0.297571754025561,-0.0006152080564767429,-0.044134208947149305,0.11504379148713623,0.10367249678930701,0.11704999789322353,0.10570158494683815
2.600000000,2.8096365870684905,2.073528818830981,1.1,0.455941292106685,1.9473360105929554,0.0,0.7835465994155411,0.006332631790458949,0.005016924301461755,0.6212804960639772,0.42428829779043165,-0.0017123990071153225,-0.07925286815384605,0.11737833407489164,0.1011577933699621,0.11957099358976793,0.1034005149217267
2.620000000,2.8187943422484563,2.1124663832224706,1.1,0.45983422588987183,1.9464204285560358,0.0,0.7841268814381048,0.01018676961522992,0.008051516117983432,0.6204646940956113,0.5594223343993766,-0.004042233970626792,-0.12736559991992524,0.11994404702613443,0.09854709315877175,0.12220418056784667,0.1009035839134581
2.640000000,2.8280512820428068,2.1513804581760505,1.1,0.4658597535451567,1.9449870668019482,0.0,0.7850072288337738,0.015135511447586989,0.011921568238760503,0.6191869210365052,0.6968336550080821,-0.00840014019256235,-0.18896773943144596,0.12262676850134917,0.0959617832545543,0.12484345901846228,0.09834597182309555
2.660000000,2.837455325878574,2.190259192408644,1.1,0.47454463003158587,1.9428863564573675,0.0,0.7862496122990302,0.021186259772269636,0.016606341467950998,0.6173223784859385,0.8310230996969883,-0.015777249090253957,-0.26397094963007744,0.1253256434825662,0.09351468964801386,0.1273966523871519,0.09585371724502191
2.680000000,2.847064778665853,2.2290875776398664,1.1,0.4864006486962906,1.939952166664897,0.0,0.7879092765620032,0.028310699296192614,0.022045681168117413,0.6147450399594414,0.9571314683982718,-0.027299154597560056,-0.351760772967904,0.12795229287112928,0.09130949095060503,0.12978514783550812,0.09354274361921794
2.700000000,2.8569478412454363,2.267847085771881,1.1,0.5019056092620443,1.9359986465365353,0.0,0.7900330168786408,0.036449843238339746,0.02814344438489972,0.611332305467074,1.0709400634227206,-0.044136541116074395,-0.45125548730556453,0.13043006721848172,0.0894394251463505,0.13194350995927573,0.09151728959647973
2.720000000,2.8671817630391776,2.3065152356848473,1.1,0.5214865701120831,1.9308163447600954,0.0,0.7926582334443322,0.045518487511914923,0.034771674873817535,0.6069694579416726,1.1688729193156595,-0.06739739187920421,-0.5609681038971943,0.1326935059386441,0.08798540418506161,0.13381914582890836,0.08986787513476849
2.740000000,2.877851679984802,2.3450650834641236,1.1,0.5455051244503621,1.924168433167532,0.0,0.7958125880351118,0.05540906052647219,0.04177563803617495,0.6015537854615344,1.248000368232102,-0.09801193458048839,-0.6790730439754569,0.1346880274598315,0.08701375592576284,0.13537202629763792,0.08866902178073609
2.760000000,2.889049175045207,2.383464647089218,1.1,0.5742443815901622,1.915787929341902,0.0,0.7995140782120522,0.06599492380923348,0.04897974180172175,0.5949982299681091,1.3060432956867745,-0.13662165768570905,-0.8034782846202747,0.1363697857072792,0.08657388311750165,0.13657439776657787,0.08797700568415513
2.780000000,2.900870592444832,2.4216762945183206,1.1,0.6078973583723226,1.9053768135683693,0.0,0.8037713514187361,0.07713323792702952,0.05619428141118032,0.58723443443149,1.341377294159558,-0.18348297012955794,-0.9319027151773227,0.13770556846697912,0.08669615606357896,0.13741037409859122,0.0878279451793594
2.800000000,2.9134151321288657,2.4596561413551647,1.1,0.6465566100310182,1.8926078701160465,0.0,0.8085841024471755,0.08866755646689778,0.06322286221618172,0.5782150840241709,1.3530359168513093,-0.23839468499950725,-1.0619573024427864,0.13867259924739594,0.08739033768427255,0.13787529562138146,0.0882365075071828
2.820000000,2.9267827497759384,2.4973535195437297,1.1,0.6902051546762668,1.8771299487404463,0.0,0.8139434310358301,0.10043034694515261,0.06987027950861831,0.5679154695264823,1.3407123480892302,-0.3006567273537061,-1.1912276609703376,0.13925814010481702,0.08864478163558655,0.1379747856402585,0.08919546368141376
2.840000000,2.941071891829547,2.5347105903049787,1.1,0.7387090506846143,1.8585771273844505,0.0,0.8198320790585361,0.11224566101149874,0.07595057098479309,0.5563342381138645,1.3047590139672707,-0.3690654524780499,-1.317354977621991,0.13945887016694708,0.09042655572996024,0.13772351742125377,0.09067623383517731
2.860000000,2.9563771056389716,2.5716621810096343,1.1,0.791812330257852,1.836581943081122,0.0,0.826224515031039,0.12393218655278124,0.0812949078301049,0.543493331935973,1.2461849353691463,-0.4419487716481201,-1.4381120981497935,0.13928011451980926,0.09268253689245627,0.13714380880518756,0.0926304581902168
2.880000000,2.972786582068533,2.608135924729907,1.1,0.8491353126982878,1.810792428946173,0.0,0.8330868824438235,0.13530690984571428,0.08575895657832949,0.5294371424585086,1.166650959020411,-0.5172418906772234,-1.5514720087382579,0.13873509538427503,0.09534141367139691,0.1362642631323996,0.09499251311027264
2.900000000,2.990379710565608,2.644052770522716,1.1,0.9101775370091904,1.780892150334737,0.0,0.840376871671189,0.14618959449537802,0.0892293285475867,0.5142309237573813,1.0684633704384243,-0.5926017984790417,-1.6556668953444573,0.13784444547029623,0.09831642985780252,0.13511874739194993,0.09768277937474157
2.920000000,3.009224751696395,2.679327910057351,1.1,0.9743265760695079,1.7466218031287337,0.0,0.8480436065586273,0.15640824310910634,0.09162874062765052,0.4979585090683255,0.954566758858618,-0.665555647328258,-1.7492373009800795,0.1366362400520523,0.10150861741583869,0.13374601803075553,0.10061137175533416
2.940000000,3.0293767549021573,2.713872131039793,1.1,1.040873744506722,1.7078002951154903,0.0,0.8560276507987223,0.16580564626494035,0.09291954524052674,0.4807193639193036,0.8285373052022853,-0.7336749078409874,-1.8310724152218016,0.1351467578244754,0.10481020575304248,0.13219025689768182,0.10368196565155165
2.960000000,3.0508758638193205,2.747593560940075,1.1,1.1090371472095906,1.6643426949126832,0.0,0.8642612327346578,0.1742470429667523,0.09310535277402102,0.4626249916445691,0.69457781219182,-0.7947639323858393,-1.9004439704738725,0.13342207330606104,0.10810786367134013,0.13050266286870876,0.10679531916457158
2.980000000,3.07374615188836,2.780399709348444,1.1,1.1779916596943631,1.6162721459242313,0.0,0.8726687605530639,0.18162882327452395,0.0922305682625103,0.44379469035654934,0.5575156994694135,-0.8470488510233057,-1.9570373323816495,0.13152043309719574,0.11128543737705197,0.12874407320456369,0.10985210024830788
3.000000000,3.0979951124487464,2.8121996601862476,1.1,1.2469043963442745,1.5637229378561026,0.0,0.8811676565896736,0.18788810750009496,0.09037779132963039,0.4243506508474728,0.42280479033769514,-0.8893513054394795,-2.0009839377403082,0.12951520511326198,0.11422590106593374,0.12698839219622549,0.11275470119676899
3.020000000,3.1236138884137405,2.8429062143103763,1.1,1.314973200155124,1.5069324745567707,0.0,0.8896694848894201,0.193012950776214,0.08766317180090905,0.4044123845767549,0.2965310455177216,-0.9212322289728152,-2.032899098729045,0.12749805085461957,0.11681234285172089,0.12532642289601378,0.11540786522787903
3.040000000,3.1505782695281344,2.8724377473897023,1.1,1.3814649112842736,1.4462208333758486,0.0,0.8980812834705275,0.19705286069548342,0.0842299510309411,0.38409047595713913,0.18542158719454213,-0.9430944004294561,-2.0539282946938835,0.1255818903400931,0.11892796903313917,0.12386957168106137,0.11771816081549391
3.060000000,3.1788504170947562,2.900719533808879,1.1,1.4457498453779063,1.3819578085418383,0.0,0.9063069388528063,0.2001292893645535,0.0802405212392452,0.36347965400686266,0.09685563756689386,-0.956239199780341,-2.065803453986131,0.12391305725690341,0.12046256560568691,0.12274682270634082,0.1195815592289841
3.080000000,3.2083812068814166,2.9276842968832617,1.1,1.5073291332881158,1.31451849889642,0.0,0.9142483425430687,0.2024457732625886,0.0758673684508186,0.34265116291895464,0.03685919898443424,-0.9627390535568257,-2.070928022159883,0.12268314167443194,0.12138654014760412,0.12203765382560164,0.12086498138112095
3.100000000,3.239113020999645,2.9532717752372273,1.1,1.5658522785347195,1.2442293365001595,0.0,0.9218140300152501,0.20425954983971606,0.07127208429265748,0.3216476649486212,2.1956007622360378e-16,-0.9646259607733838,-2.07214845674626,0.12195308912200654,0.12195308912200574,0.12156612442199805,0.12156612442199742
3.120000000,3.2709825500823193,2.977427448764591,1.1,1.6211006297327317,1.1713380162361933,0.0,0.928957239703657,0.20569829042626137,0.06654593919431251,0.3004967522197582,-0.03685919898446215,-0.962739053556835,-2.0709280221598867,0.12138654014760417,0.12268314167443203,0.12086498138112085,0.12203765382560158
3.140000000,3.303922379389892,3.0001019639362427,1.1,1.6728823010245544,1.0961135009289833,0.0,0.93569741699538,0.20660525712747618,0.061680964953510324,0.2792491183833303,-0.09685563756691572,-0.9562391997803401,-2.065803453986131,0.12046256560568552,0.12391305725690416,0.11958155922898343,0.1227468227063419
3.160000000,3.3378607873551966,3.0212528087389763,1.1,1.7209584955059054,1.0189709793443826,0.0,0.9420796310439463,0.2066785234982377,0.05664364468796627,0.25799506625738755,-0.18542158719451018,-0.9430944004294444,-2.053928294693877,0.11892796903313901,0.12558189034009276,0.11771816081549417,0.1238695716810614
3.180000000,3.372721137633675,3.040847330252895,1.1,1.7650765323419102,0.9404811720475098,0.0,0.9481363714956458,0.2056514294224945,0.05144239918609643,0.23685140951561565,-0.2965310455176937,-0.9212322289728108,-2.032899098729046,0.11681234285172204,0.12749805085461885,0.11540786522787973,0.12532642289601276
3.200000000,3.408422087511026,3.058865552306624,1.1,1.8050184553931796,0.8613410333253723,0.0,0.9538839557947008,0.2033278602895081,0.046128812424338445,0.21595210758838168,-0.42280479033770757,-0.8893513054394815,-2.000983937740311,0.11422590106593355,0.12951520511326253,0.11275470119676832,0.12698839219622585
3.220000000,3.4448786532614317,3.0753023334766767,1.1,1.8406381196474253,0.7823370836799126,0.0,0.9593263701213538,0.1995799427631444,0.04078423240388095,0.1954415729154712,-0.5575156994694275,-0.8470488510233165,-1.957037332381646,0.11128543737705154,0.131520433097196,0.10985210024830758,0.12874407320456402
3.240000000,3.4820038895109966,3.090168748080299,1.1,1.8718855053090637,0.7043043766822913,0.0,0.9644585034645518,0.19434477028202976,0.03550702693632851,0.17546839144724957,-0.6945778121918161,-0.7947639323858335,-1.9004439704738716,0.10810786367134004,0.13342207330606093,0.10679531916457194,0.13050266286870854
3.260000000,3.51971092439596,3.103492637862783,1.1,1.8988179831873082,0.6280846015661292,0.0,0.9692689913519983,0.18762018656019774,0.030400983802459182,0.1561796023251412,-0.8285373052022822,-0.7336749078409616,-1.8310724152217994,0.10481020575304256,0.13514675782447527,0.10368196565155169,0.13219025689768182
3.280000000,3.5579150986529453,3.115318351618441,1.1,1.9215994425112288,0.554486773999646,0.0,0.9737427994846596,0.17945968550474659,0.025565326127863174,0.1377156339356271,-0.9545667588586044,-0.665555647328262,-1.749237300980079,0.10150861741583925,0.13663624005205163,0.1006113717553344,0.13374601803075536
3.300000000,3.5965359859271917,3.1257057531490906,1.1,1.9404892849134283,0.48425337906531124,0.0,0.9778636202043608,0.16996652894688666,0.021086717371924992,0.12020594689550718,-1.068463370438411,-0.5926017984790672,-1.6556668953444593,0.09831642985780259,0.1378444454702964,0.0976827793747413,0.13511874739194996
3.320000000,3.635499119222414,3.1347286255208893,1.1,1.9558240446087867,0.41803385811453975,0.0,0.9816161087858687,0.15928722136290238,0.017033484549141203,0.10376539156524935,-1.166650959020429,-0.517241890677235,-1.5514720087382563,0.09534141367139629,0.1387350953842759,0.09499251311027217,0.13626426313239992
3.340000000,3.674737306627499,3.1424726262200053,1.1,1.9679946958997154,0.35636621179705924,0.0,0.9849879436147764,0.1476045029638776,0.013452122793270415,0.08849125397843298,-1.246184935369157,-0.4419487716481054,-1.4381120981497895,0.09268253689245631,0.13928011451980893,0.09263045819021733,0.13714380880518726
3.360000000,3.7141914792647683,3.1490329529546393,1.1,1.9774225678272193,0.2996664616663101,0.0,0.9879716544852001,0.13513002629685414,0.01036598484640397,0.07446094469553853,-1.304759013967257,-0.369065452478036,-1.3173549776219926,0.09042655572996103,0.13945887016694633,0.09067623383517771,0.13772351742125333
3.380000000,3.753811068071929,3.1545118670113372,1.1,1.9845363128888482,0.24822494400348977,0.0,0.9905661319614667,0.12209686955609432,0.007775923786810258,0.06173028158660839,-1.3407123480892484,-0.30065672735372523,-1.1912276609703396,0.08864478163558637,0.13925814010481763,0.089195463681413,0.13797478564025886
3.400000000,3.7935539484649397,3.159016196252954,1.1,1.9897517264122018,0.20220798015820837,0.0,0.9927777147768194,0.10875201761633888,0.005662556047601661,0.050332327245017065,-1.3530359168513368,-0.23839468499951155,-1.0619573024427829,0.08739033768427165,0.13867259924739664,0.08823650750718244,0.13787529562138195
3.420000000,3.833386021041607,3.1626549097455947,1.1,1.993455531254548,0.16166336910582849,0.0,0.9946207563813491,0.09534891491706754,0.003989746929869424,0.04027675904248734,-1.3413772941595516,-0.18348297012953244,-0.9319027151773179,0.08669615606357886,0.13770556846697893,0.08782794517935961,0.1374103740985913
3.440000000,3.8732805126921637,3.165536826560128,1.1,1.995993633801096,0.1265283123474607,0.0,0.9961175969904588,0.08214016673115912,0.0027088899806366655,0.03154976846831506,-1.3060432956867616,-0.13662165768571363,-0.8034782846202717,0.08657388311750203,0.1363697857072787,0.08797700568415527,0.13657439776657784
3.460000000,3.9132170877834587,3.1677684968321027,1.1,1.9976638753284142,0.09663871485001413,0.0,0.997297910807678,0.06937043903623252,0.0017635503043815664,0.024114501381636455,-1.248000368232083,-0.09801193458050654,-0.6790730439754545,0.0870137559257631,0.13468802745983122,0.08866902178073655,0.13537202629763748
3.480000000,3.9531808561082347,3.1694522761274713,1.1,1.9987129571492044,0.07173921468682436,0.0,0.9981974534343709,0.05726958267161782,0.0010940655929023765,0.017912059575439423,-1.1688729193156413,-0.0673973918791857,-0.5609681038971948,0.08798540418506204,0.1326935059386439,0.08986787513476897,0.13381914582890778
3.500000000,3.9931613555779073,3.1706846052748814,1.1,1.9993369898180575,0.05149370005416921,0.0,0.9988562942047443,0.04604598461042045,0.0006417438760321848,0.012863086473315088,-1.0709400634227204,-0.04413654111606097,-0.4512554873055663,0.08943942514635086,0.13043006721848158,0.09151728959647965,0.13194350995927565
3.520000000,4.033151575238738,3.171554506456716,1.1,1.999684976265009,0.03549641812930228,0.0,0.9993166745843775,0.03588012812617774,0.0003523612561054403,0.008869957430327008,-0.9571314683982709,-0.02729915459757287,-0.3517607729679054,0.09130949095060509,0.1279522928711292,0.09354274361921783,0.12978514783550824
3.540000000,4.073147069590377,3.172142310933719,1.1,1.9998644588988872,0.023284029570948706,0.0,0.999620680152868,0.026918325182200494,0.00017874415682716992,0.005819590245825507,-0.8310230996969878,-0.01577724909026144,-0.2639709496300787,0.09351468964801382,0.12532564348256633,0.09585371724502188,0.12739665238715178
3.560000000,4.113145199431185,3.172518642212663,1.1,1.9999485251819114,0.014349098323512166,0.0,0.9998079449332092,0.01926657001337351,8.23162878256868e-05,0.003586886167883374,-0.6968336550080985,-0.008400140192559693,-0.18896773943144685,0.09596178325455419,0.1226267685013495,0.09834597182309535,0.12484345901846235
3.580000000,4.15314451840066,3.172743688490586,1.1,1.9999833717656463,0.008155529468781765,0.0,0.9999136193082686,0.01298445448510729,3.359637021708695e-05,0.0020388072118560524,-0.5594223343993936,-0.0040422339706252634,-0.1273655999199248,0.09854709315877139,0.11994404702613465,0.10090358391345786,0.12220418056784701
3.600000000,4.193144308929211,3.1728668077404154,1.1,1.9999956810894193,0.004156395514141843,0.0,0.9999668237155642,0.008079085156545191,1.17419511312174e-05,0.0010390925683979283,-0.4242882977904351,-0.0017123990071131532,-0.0792528681538438,0.10115779336996189,0.11737833407489168,0.10340051492172658,0.11957099358976822
3.620000000,4.2331442575094815,3.17292651625136,1.1,1.9999991769375673,0.0018144555803135721,0.0,0.9999897767828809,0.004498950082894133,3.337584059912203e-06,0.0004536151853092987,-0.29757175402555647,-0.000615208056480994,-0.044134208947147056,0.10367249678930703,0.11504379148713605,0.10570158494683816,0.11704999789322361
3.640000000,4.273144248300688,3.172950915945554,1.1,1.999999902183107,0.0006255138390811092,0.0,0.9999977242163717,0.0021276999814537614,7.093561452736743e-07,0.00015637890906767673,-0.18605618245818012,-0.00017737271093715124,-0.02087270888967592,0.10596114376211807,0.1130686115846185,0.10766281771228398,0.11476142396057025
3.660000000,4.313144247270228,3.1729586173379754,1.1,1.999999994770873,0.00014462540306968587,0.0,0.9999996968355632,0.000777831271866215,9.644321017245103e-08,3.615639299456024e-05,-0.09717083457471612,-3.7591279952025056e-05,-0.007630532061925816,0.10787983285341853,0.11159093008934133,0.10913570873569904,0.11284406249566695
3.680000000,4.353144247217369,3.172960214305067,1.1,1.9999999999432139,1.5071306059721273e-05,0.0,0.9999999830127667,0.00018428312400832676,5.968658386350916e-09,3.767827422945485e-06,-0.03793135995572833,-5.00877363052656e-06,-0.0018078187257794358,0.10926582939745665,0.11071425970705888,0.11001106295258298,0.1114588779264258
3.700000000,4.393144247216801,3.1729603650181275,1.1,2.0,-6.497826907612969e-16,0.0,0.9999999998156031,1.9204008730929846e-05,7.235745578851893e-11,1.2271075403663568e-15,-0.0092141561023144,-3.0205078478006633e-07,-0.00018839136348798764,0.1100300338106506,0.11038184886924426,0.11034319347726275,0.11069492416845053
3.720000000,4.433144247216801,3.1729603650181275,1.1,2.0,-6.497826907612969e-16,0.0,1.0,-0.0,0.0,-1.6244567269032423e-16,-0.0009602004363694343,-3.6178727889148026e-09,-6.947766063852486e-14,0.11030515130176458,0.11034181183373526,0.1103831907244042,0.11041984614009599
3.740000000,4.473144247216801,3.1729603650181275,1.1,2.0,-6.497826907612969e-16,0.0,1.0,-0.0,0.0,-1.6244567269032423e-16,0.0,0.0,0.0,0.11035843390252102,0.11035843393317508,0.11036656609746553,0.1103665660668384
3.760000000,4.513144247216801,3.1729603650181275,1.1,2.0,-6.497826907612969e-16,0.0,1.0,-0.0,0.0,-1.6244567269032423e-16,0.0,0.0,0.0,0.11036249999999997,0.1103625,0.1103625,0.1103625
3.780000000,4.553144247216801,3.1729603650181275,1.1,2.0,-6.497826907612969e-16,0.0,1.0,-0.0,0.0,-1.6244567269032423e-16,0.0,0.0,0.0,0.11036249999999997,0.1103625,0.1103625,0.1103625
3.800000000,4.593144247216801,3.1729603650181275,1.1,2.0,-6.497826907612969e-16,0.0,1.0,-0.0,0.0,-1.6244567269032423e-16,0.0,0.0,0.0,0.11036249999999997,0.1103625,0.1103625,0.1103625
3.820000000,4.633144247216801,3.1729603650181275,1.1,2.0,-6.497826907612969e-16,0.0,1.0,-0.0,0.0,-1.6244567269032423e-16,0.0,0.0,0.0,0.11036249999999997,0.1103625,0.1103625,0.1103625
3.840000000,4.673144247216801,3.1729603650181275,1.1,2.0,-6.497826907612969e-16,0.0,1.0,-0.0,0.0,-1.6244567269032423e-16,0.0,0.0,0.0,0.11036249999999997,0.1103625,0.1103625,0.1103625
3.860000000,4.7131442472168015,3.1729603650181275,1.1,2.0,-6.497826907612969e-16,0.0,1.0,-0.0,0.0,-1.6244567269032423e-16,0.0,0.0,0.0,0.11036249999999997,0.1103625,0.1103625,0.1103625
3.880000000,4.7531442472168015,3.1729603650181275,1.1,2.0,-6.497826907612969e-16,0.0,1.0,-0.0,0.0,-1.6244567269032423e-16,0.0,0.0,0.0,0.11036249999999997,0.1103625,0.1103625,0.1103625
3.900000000,4.7931442472168015,3.1729603650181275,1.1,2.0,-6.497826907612969e-16,0.0,1.0,-0.0,0.0,-1.6244567269032423e-16,0.0,0.0,0.0,0.11036249999999997,0.1103625,0.1103625,0.1103625
3.920000000,4.833144247216802,3.1729603650181275,1.1,2.0,-6.497826907612969e-16,0.0,1.0,-0.0,0.0,-1.6244567269032423e-16,0.0,0.0,0.0,0.11036249999999997,0.1103625,0.1103625,0.1103625
3.940000000,4.873144247216802,3.1729603650181275,1.1,2.0,-6.497826907612969e-16,0.0,1.0,-0.0,0.0,-1.6244567269032423e-16,0.0,0.0,0.0,0.11036249999999997,0.1103625,0.1103625,0.1103625
3.960000000,4.913144247216802,3.1729603650181275,1.1,2.0,-6.497826907612969e-16,0.0,1.0,-0.0,0.0,-1.6244567269032423e-16,0.0,0.0,0.0,0.1103665660974655,0.11036656606683841,0.11035843390252098,0.11035843393317511
3.980000000,4.953144247216802,3.1729603650181275,1.1,2.0,-6.497826907612969e-16,0.0,1.0,-0.0,0.0,-1.6244567269032423e-16,-0.0009602004363679881,-3.6178727889148026e-09,6.94776606384202e-14,0.11038319072440417,0.11041984614009598,0.11030515130176459,0.11034181183373525
4.000000000,4.993144247216802,3.1729603650181275,1.1,2.0,-6.497826907612969e-16,0.0,0.9999999998156031,-1.920400873090092e-05,-7.235745578851893e-11,1.2271075403642638e-15,-0.009214156102312163,-3.020507847801162e-07,0.0001883913634877039,0.11034319347726286,0.11069492416845052,0.11003003381065066,0.11038184886924414
4.020000000,5.033144247216234,3.172960515731188,1.1,1.9999999999432139,1.5071306059698573e-05,0.0,0.9999999830127667,-0.00018428312400828206,-5.96865838635213e-09,3.76782742293981e-06,-0.037931359955734156,-5.008773630526774e-06,0.0018078187257789973,0.11001106295258296,0.11145887792642596,0.10926582939745647,0.11071425970705889
4.040000000,5.073144247163375,3.1729621126982797,1.1,1.999999994770873,0.0001446254030696508,0.0,0.9999996968355632,-0.0007778312718663026,-9.644321017245468e-08,3.615639299455147e-05,-0.09717083457472867,-3.759127995202389e-05,0.0076305320619266745,0.10913570873569878,0.1128440624956672,0.10787983285341833,0.11159093008934157
4.060000000,5.113144246132915,3.1729698140907012,1.1,1.999999902183107,0.0006255138390811553,0.0,0.9999977242163717,-0.002127699981453968,-7.093561452736176e-07,0.00015637890906768825,-0.18605618245818195,-0.0001773727109371473,0.02087270888967795,0.10766281771228386,0.11476142396057021,0.10596114376211813,0.11306861158461862
4.080000000,5.153144236924121,3.172994213784895,1.1,1.9999991769375673,0.0018144555803136992,0.0,0.9999897767828809,-0.004498950082894257,-3.337584059912004e-06,0.0004536151853093305,-0.29757175402554903,-0.0006152080564809843,0.044134208947148285,0.10570158494683823,0.11704999789322346,0.10367249678930722,0.11504379148713594
4.100000000,5.193144185504392,3.1730539222958396,1.1,1.9999956810894193,0.004156395514141987,0.0,0.9999668237155642,-0.008079085156545247,-1.174195113121705e-05,0.0010390925683979643,-0.4242882977904318,-0.0017123990071131264,0.07925286815384436,0.10340051492172672,0.11957099358976817,0.1011577933699619,0.11737833407489158
4.120000000,5.233143976032943,3.173177041545669,1.1,1.9999833717656463,0.008155529468781937,0.0,0.9999136193082686,-0.012984454485107348,-3.359637021708627e-05,0.0020388072118560953,-0.5594223343993905,-0.004042233970625233,0.12736559991992535,0.1009035839134579,0.12220418056784697,0.09854709315877146,0.11994404702613459
4.140000000,5.273143295002418,3.173402087823592,1.1,1.9999485251819114,0.014349098323512353,0.0,0.9998079449332092,-0.019266570013373504,-8.231628782568592e-05,0.0035868861678834208,-0.6968336550080921,-0.008400140192559677,0.18896773943144674,0.09834597182309548,0.12484345901846222,0.09596178325455432,0.12262676850134933
4.160000000,5.313141424843226,3.173778419102536,1.1,1.9998644588988872,0.023284029570948873,0.0,0.999620680152868,-0.026918325182200425,-0.0001787441568271692,0.0058195902458255495,-0.8310230996969844,-0.01577724909026141,0.263970949630078,0.09585371724502195,0.12739665238715175,0.09351468964801386,0.1253256434825663
4.180000000,5.353136919194865,3.174366223579539,1.1,1.999684976265009,0.03549641812930241,0.0,0.9993166745843775,-0.03588012812617766,-0.0003523612561054398,0.008869957430327043,-0.9571314683982706,-0.02729915459757281,0.35176077296790464,0.09354274361921783,0.12978514783550826,0.09130949095060509,0.1279522928711292
4.200000000,5.393127138855696,3.1752361247613736,1.1,1.9993369898180575,0.05149370005416931,0.0,0.9988562942047443,-0.046045984610420365,-0.0006417438760321846,0.012863086473315114,-1.0709400634227206,-0.0441365411160609,0.45125548730556553,0.09151728959647967,0.13194350995927565,0.08943942514635082,0.13043006721848155
4.220000000,5.433107638325368,3.1764684539087837,1.1,1.9987129571492044,0.07173921468682443,0.0,0.9981974534343709,-0.05726958267161774,-0.0010940655929023765,0.017912059575439433,-1.1688729193156424,-0.06739739187918561,0.5609681038971939,0.0898678751347689,0.1338191458289078,0.08798540418506191,0.1326935059386439
4.240000000,5.473071406650145,3.1781522332041523,1.1,1.9976638753284142,0.09663871485001417,0.0,0.997297910807678,-0.06937043903623247,-0.0017635503043815668,0.024114501381636465,-1.2480003682320855,-0.09801193458050639,0.6790730439754542,0.08866902178073643,0.13537202629763756,0.087013755925763,0.1346880274598313
4.260000000,5.51300798174144,3.180383903476127,1.1,1.995993633801096,0.12652831234746073,0.0,0.9961175969904588,-0.08214016673115909,-0.0027088899806366655,0.031549768468315066,-1.3060432956867642,-0.13662165768571344,0.8034782846202715,0.08797700568415526,0.13657439776657784,0.08657388311750203,0.13636978570727873
4.280000000,5.552902473391996,3.1832658202906603,1.1,1.993455531254548,0.1616633691058285,0.0,0.9946207563813491,-0.09534891491706754,-0.003989746929869424,0.04027675904248735,-1.341377294159551,-0.18348297012953255,0.9319027151773178,0.08782794517935955,0.1374103740985913,0.08669615606357887,0.13770556846697893
4.300000000,5.592734545968664,3.186904533783301,1.1,1.9897517264122018,0.2022079801582084,0.0,0.9927777147768194,-0.10875201761633883,-0.005662556047601663,0.050332327245017065,-1.3530359168513355,-0.2383946849995116,1.0619573024427826,0.08823650750718243,0.13787529562138198,0.0873903376842716,0.13867259924739667
4.320000000,5.632477426361675,3.1914088630249178,1.1,1.9845363128888482,0.24822494400348977,0.0,0.9905661319614667,-0.12209686955609429,-0.00777592378681026,0.06173028158660839,-1.3407123480892502,-0.30065672735372495,1.1912276609703394,0.08919546368141307,0.1379747856402589,0.08864478163558633,0.1392581401048176
4.340000000,5.672097015168835,3.1968877770816158,1.1,1.9774225678272193,0.2996664616663101,0.0,0.9879716544852001,-0.13513002629685414,-0.01036598484640397,0.07446094469553853,-1.3047590139672558,-0.36906545247803624,1.3173549776219924,0.09067623383517773,0.13772351742125324,0.09042655572996106,0.13945887016694636
4.360000000,5.711551187806104,3.2034481038162497,1.1,1.9679946958997154,0.35636621179705924,0.0,0.9849879436147765,-0.14760450296387756,-0.013452122793270422,0.08849125397843298,-1.2461849353691545,-0.44194877164810575,1.438112098149789,0.09263045819021734,0.13714380880518726,0.09268253689245627,0.13928011451980893
4.380000000,5.750789375211189,3.2111921045153657,1.1,1.9558240446087867,0.4180338581145397,0.0,0.9816161087858687,-0.15928722136290233,-0.01703348454914121,0.10376539156524935,-1.1666509590204277,-0.5172418906772356,1.551472008738256,0.09499251311027229,0.1362642631323998,0.09534141367139638,0.1387350953842758
4.400000000,5.789752508506411,3.2202149768871644,1.1,1.9404892849134283,0.4842533790653112,0.0,0.9778636202043608,-0.16996652894688657,-0.021086717371925006,0.12020594689550718,-1.068463370438411,-0.592601798479067,1.655666895344458,0.0976827793747411,0.13511874739195015,0.09831642985780248,0.1378444454702965
4.420000000,5.828373395780658,3.230602378417814,1.1,1.9215994425112288,0.5544867739996459,0.0,0.9737427994846596,-0.17945968550474647,-0.02556532612786318,0.13771563393562708,-0.9545667588586035,-0.6655556473282479,1.7492373009800803,0.10061137175533427,0.1337460180307555,0.10150861741583916,0.13663624005205172
4.440000000,5.866577570037643,3.242428092173472,1.1,1.8988179831873082,0.6280846015661291,0.0,0.9692689913519983,-0.18762018656019766,-0.030400983802458918,0.1561796023251411,-0.8285373052022852,-0.733674907840961,1.8310724152217992,0.10368196565155216,0.13219025689768135,0.10481020575304266,0.13514675782447505
4.460000000,5.904284604922607,3.255751981955956,1.1,1.871885505309064,0.7043043766822912,0.0,0.9644585034645518,-0.19434477028202976,-0.03550702693632852,0.17546839144724952,-0.6945778121918234,-0.7947639323858591,1.9004439704738696,0.10679531916457174,0.1305026628687087,0.10810786367133986,0.13342207330606112
4.480000000,5.941409841172172,3.2706183965595783,1.1,1.8406381196474253,0.7823370836799125,0.0,0.9593263701213539,-0.1995799427631444,-0.040784232403881224,0.19544157291547123,-0.5575156994694268,-0.8470488510233167,1.9570373323816472,0.10985210024830724,0.1287440732045644,0.11128543737705153,0.1315204330971961
4.500000000,5.977866406922578,3.287055177729631,1.1,1.8050184553931796,0.8613410333253722,0.0,0.9538839557947008,-0.2033278602895081,-0.04612881242433845,0.21595210758838168,-0.42280479033771046,-0.8893513054394657,2.0009839377403114,0.11275470119676853,0.12698839219622585,0.11422590106593355,0.1295152051132624
4.520000000,6.013567356799929,3.30507339978336,1.1,1.7650765323419102,0.9404811720475097,0.0,0.9481363714956458,-0.20565142942249462,-0.0514423991860964,0.2368514095156156,-0.29653104551771525,-0.9212322289728125,2.0328990987290467,0.11540786522787969,0.12532642289601295,0.1168123428517217,0.12749805085461902
4.540000000,6.048427707078408,3.3246679212972787,1.1,1.7209584955059054,1.0189709793443826,0.0,0.9420796310439463,-0.2066785234982381,-0.0566436446879664,0.25799506625738755,-0.18542158719453034,-0.9430944004294447,2.0539282946938795,0.1177181608154937,0.1238695716810616,0.11892796903313894,0.1255818903400933
4.560000000,6.082366115043712,3.3458187661000123,1.1,1.6728823010245542,1.0961135009289835,0.0,0.9356974169953799,-0.20660525712747668,-0.06168096495351038,0.2792491183833303,-0.0968556375668948,-0.9562391997803399,2.065803453986135,0.11958155922898356,0.12274682270634146,0.12046256560568602,0.12391305725690419
4.580000000,6.1153059443512845,3.368493281271664,1.1,1.6211006297327315,1.1713380162361937,0.0,0.928957239703657,-0.20569829042626137,-0.06654593919431248,0.30049675221975825,-0.036859198984437694,-0.9627390535568395,2.0709280221598867,0.1208649813811212,0.12203765382560142,0.1213865401476043,0.12268314167443171
4.600000000,6.147175473433959,3.3926489547990277,1.1,1.5658522785347193,1.2442293365001598,0.0,0.9218140300152501,-0.2042595498397161,-0.07127208429265747,0.3216476649486213,9.079027733653488e-16,-0.9646259607733843,2.0721484567462616,0.1215661244219978,0.12156612442199766,0.12195308912200628,0.12195308912200604
4.620000000,6.177907287552188,3.4182364331529937,1.1,1.5073291332881156,1.3145184988964205,0.0,0.9142483425430686,-0.2024457732625886,-0.07586736845081857,0.3426511629189548,0.03685919898446033,-0.9627390535568334,2.070928022159886,0.12203765382560257,0.12086498138111991,0.12268314167443298,0.1213865401476032
4.640000000,6.207438077338848,3.4452011962273765,1.1,1.445749845377906,1.3819578085418385,0.0,0.9063069388528064,-0.20012928936455304,-0.08024052123924517,0.3634796540068629,0.09685563756691119,-0.9562391997803403,2.065803453986123,0.1227468227063417,0.11958155922898354,0.12391305725690399,0.12046256560568579
4.660000000,6.2357102249054694,3.473482982646553,1.1,1.3814649112842736,1.4462208333758486,0.0,0.8980812834705276,-0.19705286069548308,-0.08422995103094098,0.3840904759571391,0.18542158719451687,-0.943094400429447,2.053928294693878,0.12386957168106058,0.11771816081549497,0.12558189034009196,0.11892796903313992
4.680000000,6.262674606019863,3.503014515725879,1.1,1.314973200155124,1.5069324745567707,0.0,0.8896694848894201,-0.193012950776214,-0.08766317180090905,0.4044123845767549,0.29653104551770393,-0.9212322289728141,2.0328990987290463,0.12532642289601323,0.11540786522787944,0.12749805085461915,0.1168123428517215
4.700000000,6.288293381984857,3.533721069850008,1.1,1.2469043963442745,1.5637229378561026,0.0,0.8811676565896736,-0.18788810750009496,-0.09037779132963039,0.4243506508474728,0.42280479033769514,-0.8893513054394795,2.0009839377403082,0.12698839219622532,0.11275470119676888,0.12951520511326203,0.11422590106593396
4.720000000,6.312542342545243,3.5655210206878114,1.1,1.1779916596943631,1.6162721459242313,0.0,0.8726687605530639,-0.18162882327452395,-0.0922305682625103,0.44379469035654934,0.5575156994694297,-0.8470488510233088,1.9570373323816512,0.12874407320456382,0.10985210024830754,0.13152043309719613,0.11128543737705174
4.740000000,6.335412630614283,3.5983271690961804,1.1,1.1090371472095906,1.6643426949126832,0.0,0.8642612327346578,-0.17424704296675203,-0.09310535277402093,0.4626249916445692,0.6945778121918347,-0.7947639323858293,1.9004439704738694,0.1305026628687092,0.10679531916457122,0.1334220733060614,0.10810786367133948
4.760000000,6.356911739531446,3.6320485989964624,1.1,1.0408737445067222,1.70780029511549,0.0,0.8560276507987225,-0.16580564626494015,-0.09291954524052645,0.48071936391930353,0.8285373052022788,-0.733674907840977,1.8310724152217985,0.13219025689768182,0.10368196565155176,0.13514675782447497,0.10481020575304266
4.780000000,6.377063742737208,3.6665928199789044,1.1,0.9743265760695082,1.7466218031287337,0.0,0.8480436065586273,-0.15640824310910625,-0.0916287406276503,0.4979585090683255,0.9545667588586082,-0.6655556473282785,1.7492373009800781,0.13374601803075584,0.10061137175533394,0.13663624005205233,0.10150861741583855
4.800000000,6.395908783867995,3.7018679595135393,1.1,0.9101775370091908,1.7808921503347368,0.0,0.8403768716711891,-0.14618959449537783,-0.08922932854758689,0.5142309237573813,1.0684633704384077,-0.5926017984790494,1.6556668953444524,0.1351187473919498,0.09768277937474164,0.1378444454702964,0.0983164298578024
4.820000000,6.41350191236507,3.7377848053063483,1.1,0.8491353126982881,1.8107924289461728,0.0,0.8330868824438236,-0.1353069098457144,-0.08575895657832963,0.5294371424585085,1.1666509590204117,-0.5172418906772087,1.5514720087382565,0.13626426313239903,0.09499251311027308,0.1387350953842749,0.09534141367139728
4.840000000,6.429911388794631,3.774258549026621,1.1,0.7918123302578524,1.8365819430811219,0.0,0.8262245150310391,-0.12393218655278115,-0.08129490783010483,0.5434933319359729,1.2461849353691536,-0.44194877164810253,1.4381120981497924,0.13714380880518734,0.09263045819021709,0.13928011451980876,0.09268253689245662
4.860000000,6.445216602604056,3.8112101397312768,1.1,0.7387090506846148,1.8585771273844502,0.0,0.8198320790585361,-0.11224566101149888,-0.07595057098479284,0.5563342381138643,1.3047590139672596,-0.3690654524780537,1.3173549776219935,0.13772351742125372,0.09067623383517745,0.1394588701669465,0.09042655572996072
4.880000000,6.4595057446576645,3.8485672104925257,1.1,0.6902051546762672,1.8771299487404463,0.0,0.81394343103583,-0.10043034694515267,-0.06987027950861842,0.5679154695264823,1.340712348089228,-0.3006567273537359,1.1912276609703398,0.1379747856402586,0.08919546368141341,0.13925814010481743,0.08864478163558635
4.900000000,6.472873362304737,3.8862645886810907,1.1,0.6465566100310185,1.8926078701160463,0.0,0.8085841024471755,-0.0886675564668976,-0.06322286221618198,0.5782150840241708,1.3530359168513213,-0.2383946849995029,1.061957302442786,0.1378752956213815,0.08823650750718261,0.13867259924739658,0.08739033768427208
4.920000000,6.485417901988771,3.924244435517935,1.1,0.607897358372323,1.905376813568369,0.0,0.8037713514187361,-0.07713323792702943,-0.05619428141118022,0.58723443443149,1.341377294159567,-0.18348297012954046,0.9319027151773213,0.13741037409859153,0.08782794517935928,0.1377055684669792,0.08669615606357874
4.940000000,6.497239319388395,3.9624560829470377,1.1,0.5742443815901627,1.9157879293419018,0.0,0.7995140782120522,-0.06599492380923337,-0.048979741801721634,0.594998229968109,1.3060432956867623,-0.13662165768571238,0.8034782846202725,0.13657439776657793,0.08797700568415533,0.13636978570727884,0.08657388311750176
4.960000000,6.5084368144488005,4.000855646572132,1.1,0.5455051244503626,1.9241684331675317,0.0,0.7958125880351118,-0.05540906052647226,-0.04177563803617506,0.6015537854615344,1.2480003682320882,-0.0980119345804921,0.6790730439754571,0.13537202629763745,0.08866902178073637,0.1346880274598313,0.08701375592576324
4.980000000,6.519106731394425,4.039405494351408,1.1,0.5214865701120834,1.9308163447600952,0.0,0.7926582334443322,-0.04551848751191501,-0.03477167487381765,0.6069694579416725,1.1688729193156684,-0.06739739187920143,0.5609681038971956,0.13381914582890816,0.08986787513476854,0.13269350593864426,0.08798540418506169
5.000000000,6.529340653188166,4.078073644264374,1.1,0.5019056092620446,1.935998646536535,0.0,0.7900330168786408,-0.03644984323833971,-0.02814344438489967,0.611332305467074,1.0709400634227306,-0.044136541116056804,0.45125548730556536,0.13194350995927595,0.09151728959647955,0.1304300672184819,0.08943942514635027
5.020000000,6.53922371576775,4.116833152396389,1.1,0.486400648696291,1.9399521666648967,0.0,0.7879092765620033,-0.028310699296192746,-0.022045681168117132,0.6147450399594412,0.9571314683982719,-0.02729915459755982,0.3517607729679032,0.1297851478355084,0.09354274361921777,0.12795229287112916,0.09130949095060502
5.040000000,6.548833168555029,4.155661537627611,1.1,0.4745446300315863,1.9428863564573675,0.0,0.7862496122990302,-0.02118625977226959,-0.016606341467950946,0.6173223784859385,0.831023099696985,-0.01577724909026914,0.2639709496300774,0.12739665238715184,0.09585371724502201,0.1253256434825661,0.09351468964801393
5.060000000,6.558237212390797,4.1945402718602045,1.1,0.46585975354515713,1.944987066801948,0.0,0.7850072288337738,-0.015135511447586989,-0.011921568238760508,0.6191869210365052,0.6968336550080788,-0.008400140192563008,0.18896773943144596,0.12484345901846221,0.09834597182309558,0.12262676850134928,0.09596178325455425
5.080000000,6.567494152185147,4.233454346813784,1.1,0.4598342258898723,1.9464204285560358,0.0,0.7841268814381048,-0.010186769615229919,-0.00805151611798343,0.6204646940956112,0.5594223343993765,-0.0040422339706266555,0.1273655999199253,0.12220418056784665,0.1009035839134581,0.11994404702613441,0.09854709315877176
5.100000000,6.576651907365113,4.272391911205274,1.1,0.45594129210668544,1.9473360105929551,0.0,0.7835465994155411,-0.006332631790458949,-0.0050169243014617565,0.6212804960639771,0.42428829779043165,-0.001712399007115225,0.07925286815384605,0.11957099358976803,0.10340051492172664,0.11737833407489158,0.10115779336996214
5.120000000,6.585747927340038,4.311343957007083,1.1,0.45366070538581743,1.9478685695880107,0.0,0.7832003359039715,-0.0035244219791571944,-0.0027962497564910285,0.6217531610510061,0.29757175402556424,-0.0006152080564904476,0.0441342089471492,0.11704999789322355,0.10570158494683808,0.11504379148713627,0.10367249678930694
5.140000000,6.594809561133259,4.350304021838129,1.1,0.45250267393624666,1.948137913516532,0.0,0.7830216431100057,-0.0016662732328617596,-0.001323117994629805,0.6219908193161637,0.18605618245818817,-0.00017737271092420408,0.020872708889677186,0.11476142396057049,0.10766281771228389,0.11306861158461876,0.10596114376211771
5.160000000,6.603854930296155,4.389267867561845,1.1,0.4520342423534025,1.9482466588550806,0.0,0.7829483953344306,-0.0006090444334195061,-0.00048382473574126874,0.6220861718618599,0.09717083457471062,-3.759127994203393e-05,0.007630532061925775,0.11284406249566709,0.10913570873569894,0.11159093008934123,0.10787983285341861
5.180000000,6.612894353117055,4.428233093512512,1.1,0.45190803973666493,1.9482759362116457,0.0,0.7829284699883179,-0.00014428378800205468,-0.00011464056153795481,0.6221117077514952,0.03793135995572953,-5.008773641270199e-06,0.0018078187257806104,0.11145887792642571,0.11001106295258296,0.1107142597070588,0.10926582939745683
5.200000000,6.6219323670963455,4.467198646290414,1.1,0.45189335819237153,1.9482793415785173,0.0,0.7829261391229911,-1.5035365428814791e-05,-1.1947038870203403e-05,0.622114668135363,0.009214156102323384,-3.020507859614772e-07,0.0001883913634887763,0.11069492416845064,0.11034319347726265,0.11038184886924442,0.11003003381065045
5.220000000,6.630970234260193,4.506164233121984,1.1,0.45189335819237153,1.9482793415785173,0.0,0.7829261392673595,0.0,0.0,0.62211466825008,0.0009602004363711064,-3.6178720197740233e-09,6.939948621112456e-14,0.11041984614009613,0.11038319072440413,0.11034181183373531,0.11030515130176442
5.240000000,6.640008101424041,4.545129819953554,1.1,0.45189335819237153,1.9482793415785173,0.0,0.7829261392673595,0.0,0.0,0.62211466825008,0.0,0.0,0.0,0.11036656606683841,0.11036656609746552,0.1103584339331751,0.11035843390252097
5.260000000,6.649045968587888,4.584095406785124,1.1,0.45189335819237153,1.9482793415785173,0.0,0.7829261392673595,0.0,0.0,0.62211466825008,0.0,0.0,0.0,0.11036249999999997,0.1103625,0.1103625,0.1103625
5.280000000,6.658083835751736,4.623060993616694,1.1,0.45189335819237153,1.9482793415785173,0.0,0.7829261392673595,0.0,0.0,0.62211466825008,0.0,0.0,0.0,0.11036249999999997,0.1103625,0.1103625,0.1103625
5.300000000,6.667121702915583,4.662026580448265,1.1,0.45189335819237153,1.9482793415785173,0.0,0.7829261392673595,0.0,0.0,0.62211466825008,0.0,0.0,0.0,0.11036249999999997,0.1103625,0.1103625,0.1103625
5.320000000,6.676159570079431,4.700992167279835,1.1,0.45189335819237153,1.9482793415785173,0.0,0.7829261392673595,0.0,0.0,0.62211466825008,0.0,0.0,0.0,0.11036249999999997,0.1103625,0.1103625,0.1103625
5.340000000,6.6851974372432785,4.739957754111405,1.1,0.45189335819237153,1.9482793415785173,0.0,0.7829261392673595,0.0,0.0,0.62211466825008,0.0,0.0,0.0,0.11036249999999997,0.1103625,0.1103625,0.1103625
5.360000000,6.694235304407126,4.778923340942975,1.1,0.45189335819237153,1.9482793415785173,0.0,0.7829261392673595,0.0,0.0,0.62211466825008,0.0,0.0,0.0,0.11036249999999997,0.1103625,0.1103625,0.1103625
5.380000000,6.703273171570974,4.817888927774545,1.1,0.45189335819237153,1.9482793415785173,0.0,0.7829261392673595,0.0,0.0,0.62211466825008,0.0,0.0,0.0,0.11036249999999997,0.1103625,0.1103625,0.1103625
5.400000000,6.712311038734821,4.856854514606115,1.1,0.45189335819237153,1.9482793415785173,0.0,0.7829261392673595,0.0,0.0,0.62211466825008,0.0,0.0,0.0,0.11036249999999997,0.1103625,0.1103625,0.1103625
5.420000000,6.721348905898669,4.895820101437685,1.1,0.45189335819237153,1.9482793415785173,0.0,0.7829261392673595,0.0,0.0,0.62211466825008,0.0,0.0,0.0,0.11036249999999997,0.1103625,0.1103625,0.1103625
5.440000000,6.730386773062516,4.934785688269256,1.1,0.45189335819237153,1.9482793415785173,0.0,0.7829261392673595,0.0,0.0,0.62211466825008,0.0,0.0,0.0,0.11036249999999997,0.1103625,0.1103625,0.1103625
5.460000000,6.739424640226364,4.973751275100826,1.1,0.45189335819237153,1.9482793415785173,0.0,0.7829261392673595,0.0,0.0,0.62211466825008,0.0,0.0,0.0,0.1103584339331751,0.11035843390252095,0.11036656606683844,0.11036656609746551
5.480000000,6.748462507390212,5.012716861932396,1.1,0.45189335819237153,1.9482793415785173,0.0,0.7829261392673595,0.0,0.0,0.62211466825008,0.0009602004363711064,-3.6178720197740233e-09,-6.939948621112456e-14,0.1103418118337353,0.11030515130176442,0.11041984614009612,0.11038319072440414
5.500000000,6.757500374554059,5.051682448763966,1.1,0.45189335819237153,1.9482793415785173,0.0,0.7829261391229911,1.5035365428814791e-05,1.1947038870203403e-05,0.622114668135363,0.009214156102323384,-3.020507859614772e-07,-0.0001883913634887763,0.1103818488692444,0.11003003381065046,0.11069492416845061,0.11034319347726267
5.520000000,6.766538388533349,5.090648001541868,1.1,0.45190803973666493,1.9482759362116457,0.0,0.7829284699883179,0.00014428378800205468,0.00011464056153795481,0.6221117077514952,0.03793135995572953,-5.008773641270199e-06,-0.0018078187257806104,0.11071425970705881,0.1092658293974568,0.11145887792642573,0.11001106295258295
5.540000000,6.77557781135425,5.129613227492535,1.1,0.4520342423534025,1.9482466588550806,0.0,0.7829483953344306,0.0006090444334195061,0.00048382473574126874,0.6220861718618599,0.09717083457471062,-3.759127994203393e-05,-0.007630532061925775,0.11159093008934122,0.10787983285341861,0.11284406249566711,0.10913570873569896
5.560000000,6.784623180517146,5.168577073216251,1.1,0.45250267393624666,1.948137913516532,0.0,0.7830216431100057,0.0016662732328617596,0.001323117994629805,0.6219908193161637,0.18605618245818817,-0.00017737271092420408,-0.020872708889677186,0.11306861158461877,0.1059611437621177,0.11476142396057047,0.10766281771228389
5.580000000,6.7936848143103665,5.207537138047297,1.1,0.45366070538581743,1.9478685695880107,0.0,0.7832003359039715,0.0035244219791571944,0.0027962497564910285,0.6217531610510061,0.29757175402556424,-0.0006152080564904476,-0.0441342089471492,0.11504379148713627,0.10367249678930694,0.1170499978932236,0.10570158494683808
5.600000000,6.802780834285292,5.246489183849106,1.1,0.45594129210668544,1.9473360105929551,0.0,0.7835465994155411,0.006332631790458949,0.0050169243014617565,0.6212804960639771,0.42428829779043165,-0.001712399007115225,-0.07925286815384605,0.11737833407489158,0.10115779336996215,0.11957099358976797,0.10340051492172662
5.620000000,6.8119385894652575,5.285426748240596,1.1,0.4598342258898723,1.9464204285560358,0.0,0.7841268814381048,0.010186769615229919,0.00805151611798343,0.6204646940956112,0.5594223343993765,-0.0040422339706266555,-0.1273655999199253,0.11994404702613443,0.09854709315877175,0.12220418056784667,0.1009035839134581
5.640000000,6.821195529259608,5.324340823194175,1.1,0.46585975354515713,1.944987066801948,0.0,0.7850072288337738,0.015135511447586989,0.011921568238760508,0.6191869210365052,0.6968336550080788,-0.008400140192563008,-0.18896773943144596,0.12262676850134924,0.09596178325455423,0.12484345901846221,0.0983459718230956
5.660000000,6.830599573095376,5.363219557426769,1.1,0.4745446300315863,1.9428863564573675,0.0,0.7862496122990302,0.02118625977226959,0.016606341467950946,0.6173223784859385,0.831023099696985,-0.01577724909026914,-0.2639709496300774,0.12532564348256608,0.09351468964801395,0.1273966523871518,0.095853717245022
5.680000000,6.840209025882655,5.402047942657991,1.1,0.486400648696291,1.9399521666648967,0.0,0.7879092765620033,0.028310699296192746,0.022045681168117132,0.6147450399594412,0.9571314683982719,-0.02729915459755982,-0.3517607729679032,0.12795229287112914,0.09130949095060506,0.1297851478355084,0.09354274361921776
5.700000000,6.8500920884622385,5.440807450790006,1.1,0.5019056092620446,1.935998646536535,0.0,0.7900330168786408,0.03644984323833971,0.02814344438489967,0.611332305467074,1.0709400634227306,-0.044136541116056804,-0.45125548730556536,0.13043006721848188,0.0894394251463503,0.13194350995927598,0.09151728959647955
5.720000000,6.86032601025598,5.479475600702972,1.1,0.5214865701120834,1.9308163447600952,0.0,0.7926582334443322,0.04551848751191501,0.03477167487381765,0.6069694579416725,1.1688729193156684,-0.06739739187920143,-0.5609681038971956,0.1326935059386442,0.0879854041850617,0.13381914582890816,0.08986787513476854
5.740000000,6.870995927201604,5.5180254484822475,1.1,0.5455051244503626,1.9241684331675317,0.0,0.7958125880351118,0.05540906052647226,0.04177563803617506,0.6015537854615344,1.2480003682320882,-0.0980119345804921,-0.6790730439754571,0.13468802745983127,0.08701375592576323,0.13537202629763748,0.08866902178073637
5.760000000,6.882193422262009,5.556425012107342,1.1,0.5742443815901627,1.9157879293419018,0.0,0.7995140782120522,0.06599492380923337,0.048979741801721634,0.594998229968109,1.3060432956867623,-0.13662165768571238,-0.8034782846202725,0.1363697857072788,0.0865738831175018,0.13657439776657787,0.08797700568415533
5.780000000,6.894014839661634,5.5946366595364445,1.1,0.607897358372323,1.905376813568369,0.0,0.8037713514187361,0.07713323792702943,0.05619428141118022,0.58723443443149,1.341377294159567,-0.18348297012954046,-0.9319027151773213,0.13770556846697915,0.08669615606357875,0.13741037409859153,0.0878279451793593
5.800000000,6.906559379345667,5.632616506373289,1.1,0.6465566100310185,1.8926078701160463,0.0,0.8085841024471755,0.0886675564668976,0.06322286221618198,0.5782150840241708,1.3530359168513213,-0.2383946849995029,-1.061957302442786,0.13867259924739656,0.08739033768427208,0.13787529562138154,0.0882365075071826
5.820000000,6.91992699699274,5.670313884561853,1.1,0.6902051546762672,1.8771299487404463,0.0,0.81394343103583,0.10043034694515267,0.06987027950861842,0.5679154695264823,1.340712348089228,-0.3006567273537359,-1.1912276609703398,0.13925814010481743,0.08864478163558634,0.13797478564025867,0.0891954636814134
5.840000000,6.934216139046349,5.707670955323103,1.1,0.7387090506846148,1.8585771273844502,0.0,0.8198320790585361,0.11224566101149888,0.07595057098479284,0.5563342381138643,1.3047590139672596,-0.3690654524780537,-1.3173549776219935,0.13945887016694652,0.09042655572996068,0.13772351742125372,0.09067623383517748
5.860000000,6.949521352855774,5.744622546027759,1.1,0.7918123302578524,1.8365819430811219,0.0,0.8262245150310391,0.12393218655278115,0.08129490783010483,0.5434933319359729,1.2461849353691536,-0.44194877164810253,-1.4381120981497924,0.13928011451980876,0.09268253689245662,0.1371438088051873,0.09263045819021708
5.880000000,6.965930829285335,5.781096289748032,1.1,0.8491353126982881,1.8107924289461728,0.0,0.8330868824438236,0.1353069098457144,0.08575895657832963,0.5294371424585085,1.1666509590204117,-0.5172418906772087,-1.5514720087382565,0.13873509538427486,0.09534141367139731,0.13626426313239903,0.09499251311027306
5.900000000,6.98352395778241,5.817013135540841,1.1,0.9101775370091908,1.7808921503347368,0.0,0.8403768716711891,0.14618959449537783,0.08922932854758689,0.5142309237573813,1.0684633704384077,-0.5926017984790494,-1.6556668953444524,0.13784444547029634,0.09831642985780228,0.13511874739194982,0.09768277937474174
5.920000000,7.002368998913196,5.852288275075476,1.1,0.9743265760695082,1.7466218031287337,0.0,0.8480436065586273,0.15640824310910625,0.0916287406276503,0.4979585090683255,0.9545667588586244,-0.6655556473282833,-1.7492373009800781,0.13663624005205272,0.10150861741583804,0.13374601803075628,0.10061137175533363
5.940000000,7.022521002118959,5.886832496057918,1.1,1.0408737445067222,1.70780029511549,0.0,0.8560276507987225,0.1658056462649405,0.09291954524052652,0.4807193639193034,0.8285373052022943,-0.7336749078409809,-1.8310724152218025,0.13514675782447533,0.10481020575304266,0.132190256897682,0.10368196565155142
5.960000000,7.044020111036121,5.9205539259582,1.1,1.1090371472095908,1.664342694912683,0.0,0.8642612327346578,0.1742470429667523,0.09310535277402103,0.46262499164456905,0.6945778121918175,-0.7947639323858255,-1.9004439704738716,0.1334220733060609,0.10810786367134032,0.13050266286870854,0.10679531916457174
5.980000000,7.066890399105161,5.953360074366569,1.1,1.1779916596943634,1.616272145924231,0.0,0.8726687605530639,0.18162882327452395,0.09223056826251032,0.44379469035654934,0.557515699469415,-0.8470488510233061,-1.9570373323816486,0.13152043309719608,0.1112854373770515,0.12874407320456405,0.10985210024830766
6.000000000,7.091139359665547,5.985160025204372,1.1,1.2469043963442747,1.5637229378561024,0.0,0.8811676565896736,0.18788810750009496,0.0903777913296304,0.4243506508474728,0.4228047903377141,-0.8893513054394817,-2.000983937740311,0.12951520511326242,0.11422590106593329,0.12698839219622593,0.11275470119676854
6.020000000,7.116758135630541,6.0158665793285016,1.1,1.3149732001551242,1.5069324745567705,0.0,0.8896694848894201,0.1930129507762143,0.08766317180090917,0.4044123845767546,0.2965310455177208,-0.9212322289728156,-2.0328990987290485,0.12749805085461904,0.1168123428517219,0.12532642289601287,0.11540786522787963
6.040000000,7.143722516744935,6.0453981124078275,1.1,1.381464911284274,1.4462208333758482,0.0,0.8980812834705275,0.19705286069548344,0.08422995103094112,0.3840904759571391,0.1854215871945083,-0.9430944004294548,-2.053928294693878,0.12558189034009273,0.11892796903313949,0.12386957168106096,0.11771816081549438
6.060000000,7.171994664311557,6.073679898827004,1.1,1.4457498453779065,1.381957808541838,0.0,0.9063069388528064,0.20012928936455324,0.08024052123924509,0.3634796540068627,0.09685563756690205,-0.9562391997803493,-2.0658034539861307,0.1239130572569044,0.12046256560568545,0.12274682270634217,0.11958155922898309
6.080000000,7.201525454098217,6.100644661901387,1.1,1.507329133288116,1.3145184988964198,0.0,0.9142483425430687,0.2024457732625888,0.0758673684508185,0.34265116291895453,0.03685919898444963,-0.9627390535568254,-2.0709280221598902,0.12268314167443199,0.12138654014760421,0.12203765382560176,0.12086498138112078
6.100000000,7.232257268216445,6.126232140255353,1.1,1.5658522785347198,1.244229336500159,0.0,0.9218140300152502,0.20425954983971606,0.07127208429265752,0.3216476649486211,-8.463768077992776e-15,-0.9646259607733758,-2.07214845674626,0.12195308912200595,0.1219530891220065,0.12156612442199728,0.12156612442199802
6.120000000,7.26412679729912,6.150387813782716,1.1,1.621100629732732,1.171338016236193,0.0,0.928957239703657,0.20569829042626137,0.06654593919431252,0.30049675221975813,-0.036859198984461425,-0.9627390535568352,-2.0709280221598867,0.12138654014760399,0.12268314167443221,0.12086498138112063,0.12203765382560186
6.140000000,7.297066626606693,6.173062328954368,1.1,1.6728823010245546,1.0961135009289829,0.0,0.9356974169953801,0.2066052571274762,0.06168096495351036,0.2792491183833302,-0.09685563756691508,-0.9562391997803396,-2.0658034539861285,0.12046256560568554,0.12391305725690414,0.1195815592289834,0.12274682270634195
6.160000000,7.331005034571997,6.194213173757102,1.1,1.7209584955059056,1.0189709793443824,0.0,0.9420796310439463,0.2066785234982377,0.056643644687966274,0.2579950662573875,-0.1854215871945043,-0.9430944004294477,-2.053928294693877,0.11892796903313937,0.1255818903400924,0.11771816081549452,0.12386957168106107
6.180000000,7.365865384850475,6.21380769527102,1.1,1.7650765323419104,0.9404811720475094,0.0,0.9481363714956458,0.20565142942249462,0.05144239918609642,0.23685140951561554,-0.29653104551769294,-0.9212322289728105,-2.0328990987290467,0.11681234285172179,0.12749805085461913,0.11540786522787946,0.12532642289601298
6.200000000,7.401566334727827,6.231825917324749,1.1,1.8050184553931798,0.8613410333253719,0.0,0.9538839557947008,0.20332786028950814,0.046128812424338465,0.21595210758838163,-0.42280479033770946,-0.8893513054394794,-2.0009839377403082,0.11422590106593375,0.12951520511326245,0.11275470119676846,0.12698839219622565
6.220000000,7.438022900478233,6.248262698494802,1.1,1.8406381196474255,0.7823370836799122,0.0,0.9593263701213539,0.19957994276314447,0.04078423240388097,0.19544157291547112,-0.5575156994694337,-0.8470488510233143,-1.9570373323816481,0.11128543737705174,0.13152043309719588,0.10985210024830776,0.12874407320456388
6.240000000,7.475148136727798,6.263129113098424,1.1,1.871885505309064,0.7043043766822908,0.0,0.9644585034645518,0.19434477028202965,0.03550702693632857,0.1754683914472495,-0.6945778121918202,-0.7947639323858322,-1.9004439704738705,0.10810786367133979,0.133422073306061,0.10679531916457166,0.13050266286870887
6.260000000,7.512855171612761,6.276453002880908,1.1,1.8988179831873084,0.6280846015661289,0.0,0.9692689913519983,0.18762018656019774,0.030400983802459196,0.15617960232514114,-0.828537305202274,-0.733674907840979,-1.8310724152217994,0.10481020575304276,0.135146757824475,0.10368196565155183,0.13219025689768174
6.280000000,7.551059345869747,6.288278716636566,1.1,1.921599442511229,0.5544867739996455,0.0,0.9737427994846596,0.17945968550474664,0.025565326127862914,0.13771563393562694,-0.9545667588586073,-0.6655556473282753,-1.7492373009800797,0.10150861741583905,0.136636240052052,0.10061137175533431,0.1337460180307554
6.300000000,7.589680233143993,6.2986661181672154,1.1,1.9404892849134283,0.4842533790653108,0.0,0.9778636202043608,0.1699665289468866,0.021086717371924742,0.12020594689550704,-1.0684633704384139,-0.5926017984790526,-1.6556668953444573,0.09831642985780245,0.13784444547029648,0.09768277937474157,0.13511874739194973
6.320000000,7.628643366439215,6.307688990539014,1.1,1.9558240446087867,0.4180338581145393,0.0,0.9816161087858687,0.15928722136290238,0.017033484549141217,0.10376539156524926,-1.1666509590204235,-0.517241890677209,-1.5514720087382576,0.09534141367139667,0.13873509538427553,0.09499251311027243,0.13626426313239964
6.340000000,7.667881553844301,6.31543299123813,1.1,1.9679946958997154,0.3563662117970588,0.0,0.9849879436147765,0.14760450296387764,0.0134521227932707,0.08849125397843291,-1.246184935369157,-0.44194877164810564,-1.4381120981497906,0.09268253689245642,0.1392801145198089,0.0926304581902169,0.1371438088051876
6.360000000,7.70733572648157,6.321993317972764,1.1,1.9774225678272195,0.29966646166630967,0.0,0.9879716544852001,0.13513002629685414,0.010365984846403985,0.07446094469553843,-1.3047590139672613,-0.3690654524780632,-1.3173549776219922,0.09042655572996083,0.13945887016694652,0.09067623383517753,0.1377235174212535
6.380000000,7.74695531528873,6.327472232029462,1.1,1.9845363128888482,0.24822494400348932,0.0,0.9905661319614667,0.12209686955609429,0.00777592378681,0.061730281586608246,-1.3407123480892484,-0.3006567273537255,-1.191227660970339,0.08864478163558612,0.13925814010481774,0.08919546368141326,0.1379747856402587
6.400000000,7.7866981956817405,6.3319765612710786,1.1,1.9897517264122018,0.20220798015820793,0.0,0.9927777147768194,0.10875201761633888,0.005662556047601673,0.05033232724501696,-1.353035916851335,-0.23839468499949823,-1.0619573024427829,0.08739033768427176,0.13867259924739653,0.08823650750718255,0.13787529562138184
6.420000000,7.826530268258408,6.335615274763719,1.1,1.993455531254548,0.16166336910582804,0.0,0.9946207563813491,0.09534891491706754,0.0039897469298694355,0.04027675904248723,-1.3413772941595514,-0.1834829701295328,-0.9319027151773184,0.08669615606357883,0.13770556846697896,0.08782794517935959,0.13741037409859128
6.440000000,7.8664247599089645,6.338497191578252,1.1,1.995993633801096,0.12652831234746026,0.0,0.9961175969904588,0.08214016673115912,0.002708889980636674,0.03154976846831495,-1.306043295686762,-0.13662165768569987,-0.8034782846202718,0.086573883117502,0.13636978570727873,0.08797700568415524,0.13657439776657787
6.460000000,7.90636133500026,6.340728861850227,1.1,1.9976638753284142,0.09663871485001368,0.0,0.997297910807678,0.0693704390362325,0.001763550304381854,0.024114501381636365,-1.2480003682320828,-0.09801193458050678,-0.6790730439754549,0.08701375592576324,0.13468802745983108,0.08866902178073632,0.1353720262976377
6.480000000,7.946325103325036,6.342412641145596,1.1,1.9987129571492046,0.07173921468682393,0.0,0.9981974534343709,0.05726958267161782,0.0010940655929023828,0.017912059575439312,-1.1688729193156404,-0.0673973918792141,-0.5609681038971945,0.0879854041850619,0.132693505938644,0.08986787513476888,0.13381914582890786
6.500000000,7.986305602794709,6.343644970293005,1.1,1.9993369898180575,0.05149370005416876,0.0,0.9988562942047443,0.046045984610420455,0.0006417438760319083,0.012863086473314965,-1.0709400634227206,-0.04413654111606121,-0.451255487305566,0.08943942514635062,0.13043006721848177,0.0915172895964798,0.1319435099592755
6.520000000,8.02629582245554,6.34451487147484,1.1,1.999684976265009,0.035496418129301835,0.0,0.9993166745843775,0.03588012812617774,0.00035236125610544423,0.008869957430326897,-0.9571314683982712,-0.027299154597558987,-0.3517607729679053,0.09130949095060514,0.1279522928711292,0.09354274361921784,0.1297851478355082
6.540000000,8.066291316807177,6.345102675951843,1.1,1.9998644588988872,0.023284029570948262,0.0,0.999620680152868,0.026918325182200494,0.00017874415682717293,0.005819590245825397,-0.8310230996969878,-0.015777249090261625,-0.2639709496300787,0.09351468964801393,0.12532564348256628,0.09585371724502183,0.12739665238715184
6.560000000,8.106289446647985,6.345479007230788,1.1,1.9999485251819114,0.014349098323511722,0.0,0.9998079449332092,0.01926657001337351,8.231628782568894e-05,0.003586886167883263,-0.6968336550080985,-0.008400140192559847,-0.18896773943144682,0.09596178325455419,0.1226267685013495,0.09834597182309535,0.12484345901846235
6.580000000,8.14628876561746,6.345704053508711,1.1,1.9999833717656463,0.008155529468781321,0.0,0.9999136193082686,0.01298445448510729,3.3596370217088385e-05,0.0020388072118559418,-0.5594223343993936,-0.004042233970625387,-0.1273655999199248,0.09854709315877146,0.1199440470261346,0.1009035839134579,0.12220418056784699
6.600000000,8.18628855614601,6.34582717275854,1.1,1.9999956810894193,0.004156395514141399,0.0,0.9999668237155642,0.008079085156545191,1.1741951131218297e-05,0.0010390925683978172,-0.4242882977904351,-0.0017123990071132474,-0.07925286815384383,0.10115779336996189,0.11737833407489168,0.10340051492172658,0.11957099358976822
6.620000000,8.22628850472628,6.345886881269484,1.1,1.9999991769375673,0.001814455580313128,0.0,0.9999897767828809,0.004498950082894133,3.3375840599127025e-06,0.0004536151853091877,-0.29757175402555647,-0.0006152080564810601,-0.04413420894714705,0.10367249678930703,0.11504379148713605,0.10570158494683816,0.11704999789322361
6.640000000,8.266288495517488,6.345911280963678,1.1,1.999999902183107,0.0006255138390806652,0.0,0.9999977242163717,0.0021276999814537614,7.093561452739105e-07,0.0001563789090675657,-0.18605618245818012,-0.00017737271093719255,-0.02087270888967592,0.10596114376211807,0.1130686115846185,0.10766281771228398,0.11476142396057025
6.660000000,8.306288494487028,6.3459189823561,1.1,1.999999994770873,0.00014462540306924178,0.0,0.9999996968355632,0.000777831271866215,9.644321017253739e-08,3.6156392994449216e-05,-0.09717083457471612,-3.759127995204663e-05,-0.007630532061925816,0.10792155586863676,0.11154920738699396,0.10909366802452283,0.11288610289397234
6.680000000,8.346288494434168,6.345920579323191,1.1,1.9999999999432139,1.5071306059277184e-05,0.0,0.9999999830127667,0.00018428312400832676,5.968658386371375e-09,3.767827422834463e-06,-0.037931396897762676,-0.009895323726854945,-0.0018061860339405207,0.1095904488281719,0.1103896384483288,0.10968580212704444,0.11178414057997912
6.700000000,8.3862884944336,6.3459207300362515,1.1,2.0,-1.0938719006113595e-15,0.0,0.9999999802519494,1.920400835522922e-05,-0.00019780623593409336,-3.798672956079133e-09,-0.009214190745244778,-0.07673474132629893,-0.00018509512988139888,0.11096747074780502,0.10944442718579658,0.10940576780995213,0.11163236912755646
6.720000000,8.4262869420496,6.3459207300362515,1.1,1.9998447615999986,-1.0937869951495309e-15,0.0,0.9999988223629355,-4.196885085456754e-19,-0.0015346897870257784,-2.734676531068164e-16,-0.0009601981372654622,-0.23126383806850134,1.6635416981960827e-06,0.11177259722852614,0.10887540539931156,0.10891742593251577,0.11188665091974627
6.740000000,8.4662733453776,6.3459207300362515,1.1,1.9987955712000005,-1.0932131552010563e-15,0.0,0.9999883688357174,-1.3189605466561794e-18,-0.004823089599134315,-2.7346479440189487e-16,2.9517557632933715e-30,-0.423071569809024,4.898625965739604e-31,0.11191749964674673,0.10880963778143062,0.10881809362511463,0.11192530809272726
6.760000000,8.5062218957776,6.3459207300362515,1.1,1.9960594687999986,-1.0917166824347775e-15,0.0,0.9999500380311142,-2.7336053797905856e-18,-0.009996071306934032,-2.73454312154374e-16,2.0512822208837816e-29,-0.5981845484672857,-4.142861405570214e-31,0.1117564417085373,0.10901267742874085,0.10901267742874088,0.11175644170853727
6.780000000,8.5460919852496,6.3459207300362515,1.1,1.9909494783999993,-1.088921844979301e-15,0.0,0.9998590999400838,-4.59051872395927e-18,-0.0167863118940851,-2.734294434987557e-16,-6.847088605264063e-31,-0.7470398961112351,5.167012238007162e-31,0.11157790359479546,0.10927155844596832,0.10927155844596831,0.11157790359479543
6.800000000,8.5858302800336,6.3459207300362515,1.1,1.9828800000000033,-1.0845083571421282e-15,0.0,0.9996890740312796,-6.818929649591615e-18,-0.024935020803736163,-2.7338294685775144e-16,-1.452381835302365e-29,-0.8705048724989783,1.1191994043164481e-30,0.11144167138691674,0.1095581442097932,0.1095581442097932,0.11144167138691677
6.820000000,8.6253727020496,6.3459207300362515,1.1,1.971362201599998,-1.0782088591287921e-15,0.0,0.9994153023703316,-9.350259140436786e-18,-0.03419142272586359,-2.733080790759778e-16,-1.2639672124200465e-29,-0.9694362410198181,7.19294500668897e-32,0.11135900335038923,0.10988328474254691,0.10988328474254691,0.11135900335038919
6.840000000,8.6646463181776,6.3459207300362515,1.1,1.9559994112000005,-1.0698063967620224e-15,0.0,0.9990176949044898,-1.2118196561607359e-17,-0.04431303722066308,-2.7319934616738837e-16,2.2660869124712437e-30,-1.044749464498394,-1.0326116064474865e-30,0.11133984873873207,0.11025542026392024,0.11025542026392027,0.11133984873873207
6.860000000,8.7035711373776,6.3459207300362515,1.1,1.9364825087999984,-1.059131901200854e-15,0.0,0.9984826762569141,-1.5058988298406787e-17,-0.05506673419434346,-2.7305303570116685e-16,1.0929125687047655e-29,-1.0974794845907692,-3.2360283197861186e-31,0.11139191487854855,0.11067988182159644,0.11067988182159644,0.1113919148785485
6.880000000,8.742061815649599,6.3459207300362515,1.1,1.9125853183999997,-1.046061668659795e-15,0.0,0.9978043571857583,-1.8111891104305503e-17,-0.06623039167267347,-2.728675371582703e-16,7.40594554817495e-30,-1.1288223418338057,2.8484276232503057e-31,0.11151997382738099,0.11115856934690735,0.1111585693469074,0.11151997382738099
6.900000000,8.7800292688336,6.3459207300362515,1.1,1.884160000000001,-1.03051484012795e-15,0.0,0.9969849712996203,-2.121971753611865e-17,-0.07759489031305832,-2.726434613591194e-16,6.575584922255338e-30,-1.140152102468078,-1.4418690618238532e-30,0.1117254194554459,0.11168993348039871,0.11168993348039871,0.11172541945544584
6.920000000,8.8173821932496,6.3459207300362515,1.1,1.8511324415999981,-1.0124508810881683e-15,0.0,0.9960346505278376,-2.4329391517589647e-17,-0.0889661449535077,-2.7238357906191427e-16,-1.5121040559074796e-29,-1.1330123271134749,1.769043983705006e-30,0.1120060771172085,0.11226918911003078,0.11226918911003078,0.11200607711720846
6.940000000,8.8540284941776,6.3459207300362515,1.1,1.8134976512000014,-9.91867061236191e-16,0.0,0.9949706497600933,-2.7392436945631902e-17,-0.10016689131633134,-2.7209260892639815e-16,-1.4834277773913482e-29,-1.1090853112818464,2.6184269616124386e-30,0.11235625557342233,0.1128886925058816,0.1128886925058816,0.11235625557342231
6.960000000,8.8898766221776,6.3459207300362515,1.1,1.7713151487999999,-9.687959341997744e-16,0.0,0.9938161608484053,-3.0365338247246886e-17,-0.11103800446935588,-2.7177689318138237e-16,8.0869780456022e-30,-1.0701451547618048,-1.749433430091618e-30,0.11276701647374898,0.11353842145586432,0.11353842145586432,0.11276701647374894
6.980000000,8.924836817249599,6.3459207300362515,1.1,1.7247043584000008,-9.43302817257852e-16,0.0,0.9925988709152129,-3.320973456158037e-17,-0.12143920889829822,-2.7144400336817835e-16,1.044808980322636e-29,-1.0180021293928951,-2.0756836356913714e-30,0.11322662343076484,0.11420650835711776,0.11420650835711782,0.11322662343076483
7.000000000,8.958822260833598,6.3459207300362515,1.1,1.6738399999999993,-9.154832710596586e-16,0.0,0.9913494165735932,-3.5892433960687653e-17,-0.13124913050834422,-2.7110231761932964e-16,6.867864238060183e-30,-0.9544458281480438,-1.8684503875446323e-30,0.11372112327757516,0.11487978814672883,0.11487978814672889,0.11372112327757515
7.020000000,8.991750135649598,6.3459207300362515,1.1,1.6189474815999987,-8.854605793438823e-16,0.0,0.9900998659456781,-3.8385256573403066e-17,-0.14036472296966346,-2.7076060553926287e-16,-5.046841979465212e-30,-0.8811934679605252,1.3894655686510208e-30,0.11423500822090414,0.11554433439166707,0.11554433439166707,0.11423500822090407
7.040000000,9.023542593377599,6.3459207300362515,1.1,1.5602982912,-8.533832286578003e-16,0.0,0.9888823293495941,-4.0664732686384446e-17,-0.14870016375283832,-2.704276482716572e-16,-8.247138857867818e-30,-0.7998479236380993,1.9524697579791288e-30,0.11475190953715708,0.11618596640021933,0.11618596640021933,0.11475190953715711
7.060000000,9.054127630177598,6.3459207300362515,1.1,1.4982053888000018,-8.194223880764194e-16,0.0,0.9877277636876565,-4.271169253884267e-17,-0.15618535411677095,-2.7011191153790614e-16,3.907982121151902e-30,-0.7118680615582899,-7.456493252910858e-31,0.11525528015518066,0.11679071723929685,0.11679071723929685,0.11525528015518062
7.080000000,9.083439870049599,6.3459207300362515,1.1,1.4330185984000003,-7.837693889216174e-16,0.0,0.9866650009270485,-4.451078876166457e-17,-0.16276417279495983,-2.698212799576948e-16,6.2711876465785065e-30,-0.6185521082700292,-1.6699756963429916e-30,0.11572903308116765,0.11734525712808393,0.11734525712808393,0.11572903308116757
7.100000000,9.1114212560336,6.3459207300362515,1.1,1.3651199999999992,-7.466332044812891e-16,0.0,0.9857200019863065,-4.604999143155095e-17,-0.16839262954213893,-2.695628530108486e-16,-3.1526867312416293e-30,-0.521033373875962,-2.3732082955984455e-32,0.11615811314013662,0.11783726934691814,0.11783726934691814,0.11615811314013662
7.120000000,9.1380216492496,6.3459207300362515,1.1,1.2949193215999997,-7.08237929728482e-16,0.0,0.984915316131026,-4.732009119827274e-17,-0.17303704820217342,-2.693427971993709e-16,-5.6206706095533795e-30,-0.4202867434511033,1.2403263306999195e-30,0.11652898925810717,0.11825577719752947,0.11825577719752947,0.11652898925810717
7.140000000,9.1631993357776,6.3459207300362515,1.1,1.2228493311999997,-6.688202610405368e-16,0.0,0.9842697130957841,-4.8314239593181606e-17,-0.17667238573796065,-2.691662454445708e-16,2.6486376643633287e-30,-0.317143920713825,-2.1334017761199056e-30,0.11683006239854793,0.11859142123460917,0.11859142123460917,0.11683006239854785
7.160000000,9.1869214413776,6.3459207300362515,1.1,1.1493612288000004,-6.28626975918232e-16,0.0,0.9837979497480666,-4.9027548835193344e-17,-0.17928076882783855,-2.6903723327711914e-16,3.5119914462584445e-30,-0.2123153523450373,1.6993645699962223e-30,0.11705198981548748,0.11883668633424968,0.11883668633424968,0.11705198981548744
7.180000000,9.209164254049599,6.3459207300362515,1.1,1.0749200384000002,-5.879124127049219e-16,0.0,0.9835106336873923,-4.945676717171552e-17,-0.18085030667329294,-2.689586615357775e-16,-3.165124848048235e-30,-0.10641694668102288,2.1954853545425442e-30,0.11718792949946265,0.1189860783693411,0.11898607836934114,0.11718792949946265
7.200000000,9.229913454433598,6.3459207300362515,1.1,1.0,-5.469359503056798e-16,0.0,0.9834141510700718,-4.960004053342014e-17,-0.18137421943355117,-2.689322766297815e-16,-1.6266674659282294e-30,1.2352038937013339e-14,-1.8633958676319473e-30,0.1172337098834834,0.11903625039971873,0.11903625039971877,0.11723370988348333
7.220000000,9.249164254049598,6.3459207300362515,1.1,0.9250799615999998,-5.059594879064376e-16,0.0,0.9835106336873923,-4.945676717171548e-17,-0.18085030667329272,-2.689586615357776e-16,3.509073450893381e-30,0.10641694668099719,9.617472122300935e-32,0.117187929499463,0.11898607836934075,0.11898607836934075,0.117187929499463
7.240000000,9.266921441377598,6.3459207300362515,1.1,0.8506387711999999,-4.652449246931276e-16,0.0,0.9837979497480664,-4.9027548835193474e-17,-0.17928076882783903,-2.690372332771191e-16,-4.275864441297577e-31,0.21231535234498133,3.1146180492160122e-31,0.11705198981548737,0.1188366863342499,0.11883668633424996,0.11705198981548733
7.260000000,9.283199335777597,6.3459207300362515,1.1,0.7771506687999998,-4.250516395708225e-16,0.0,0.984269713095784,-4.831423959318181e-17,-0.17667238573796148,-2.6916624544457073e-16,-3.5724143094664586e-30,0.31714392071383796,4.244898223218624e-31,0.11683006239854725,0.11859142123460993,0.11859142123460997,0.11683006239854724
7.280000000,9.298021649249597,6.3459207300362515,1.1,0.7050806783999998,-3.8563397088287724e-16,0.0,0.9849153161310259,-4.732009119827281e-17,-0.17303704820217364,-2.693427971993708e-16,-1.28094883215078e-31,0.42028674345120953,-2.2548762047016913e-31,0.11652898925810663,0.1182557771975301,0.1182557771975301,0.11652898925810659
7.300000000,9.311421256033597,6.3459207300362515,1.1,0.6348800000000001,-3.4723869613007e-16,0.0,0.9857200019863067,-4.604999143155069e-17,-0.16839262954213768,-2.6956285301084864e-16,3.502303753132631e-30,0.5210333738761134,-1.1679353286308656e-30,0.1161581131401374,0.1178372693469172,0.1178372693469172,0.11615811314013735
7.320000000,9.323439870049597,6.3459207300362515,1.1,0.5669814016000002,-3.1010251168974237e-16,0.0,0.9866650009270489,-4.4510788761663833e-17,-0.1627641727949571,-2.698212799576949e-16,1.876633788794763e-30,0.6185521082699388,1.1399335197651064e-31,0.11572903308116933,0.11734525712808175,0.11734525712808175,0.1157290330811693
7.340000000,9.334127630177598,6.3459207300362515,1.1,0.5017946112,-2.744495125349411e-16,0.0,0.9877277636876564,-4.2711692538842746e-17,-0.1561853541167715,-2.701119115379061e-16,-1.6491244134380568e-30,0.711868061557984,9.492314712148646e-31,0.1152552801551804,0.11679071723929717,0.11679071723929717,0.11525528015518036
7.360000000,9.343542593377597,6.3459207300362515,1.1,0.4397017088,-2.404886719535593e-16,0.0,0.9888823293495936,-4.066473268638532e-17,-0.14870016375284165,-2.7042764827165715e-16,-2.415751989469205e-30,0.7998479236380778,5.641193357150583e-31,0.11475190953715486,0.11618596640022205,0.11618596640022205,0.11475190953715485
7.380000000,9.351750135649597,6.3459207300362515,1.1,0.3810525184000002,-2.0841132126747665e-16,0.0,0.9900998659456779,-3.838525657340346e-17,-0.1403647229696644,-2.7076060553926273e-16,3.6214098873030796e-31,0.8811934679608076,-8.188612491264146e-31,0.11423500822090366,0.11554433439166756,0.11554433439166761,0.11423500822090368
7.400000000,9.358822260833596,6.3459207300362515,1.1,0.3261599999999999,-1.7838862955170046e-16,0.0,0.9913494165735935,-3.589243396068709e-17,-0.131249130508342,-2.7110231761932984e-16,-1.4474871721463502e-31,0.9544458281481341,-3.8123282871632724e-32,0.11372112327757657,0.11487978814672721,0.11487978814672717,0.11372112327757655
7.420000000,9.364836817249596,6.3459207300362515,1.1,0.27529564160000003,-1.5056908335350785e-16,0.0,0.992598870915213,-3.320973456158016e-17,-0.12143920889829743,-2.714440033681784e-16,-1.2017782442876648e-30,1.0180021293928119,7.328736537539751e-31,0.11322662343076578,0.11420650835711674,0.11420650835711674,0.11322662343076578
7.440000000,9.369876622177596,6.3459207300362515,1.1,0.22868485120000004,-1.2507596641158498e-16,0.0,0.9938161608484054,-3.0365338247246584e-17,-0.11103800446935526,-2.717768931813824e-16,1.6138644554244712e-30,1.0701451547616552,-7.16329215596358e-31,0.11276701647374886,0.11353842145586442,0.11353842145586442,0.11276701647374883
7.460000000,9.374028494177596,6.3459207300362515,1.1,0.18650234879999997,-1.0200483937516933e-16,0.0,0.9949706497600931,-2.7392436945632296e-17,-0.1001668913163335,-2.720926089263981e-16,1.0532682206273281e-30,1.1090853112817898,-2.4081710563088813e-33,0.11235625557342095,0.11288869250588322,0.11288869250588322,0.1123562555734209
7.480000000,9.377382193249595,6.3459207300362515,1.1,0.1488675584,-8.142101952319027e-17,0.0,0.9960346505278376,-2.4329391517589928e-17,-0.08896614495350821,-2.7238357906191427e-16,-5.559995493335199e-31,1.133012327113681,2.8271434746956702e-31,0.11200607711720882,0.11226918911003043,0.11226918911003049,0.11200607711720882
7.500000000,9.380029268833594,6.3459207300362515,1.1,0.11584000000000001,-6.335706048340995e-17,0.0,0.9969849712996204,-2.1219717536118238e-17,-0.07759489031305636,-2.726434613591194e-16,-1.4791201217514786e-31,1.1401521024679437,2.1674033803509363e-31,0.11172541945544685,0.11168993348039762,0.11168993348039756,0.11172541945544688
7.520000000,9.382061815649594,6.3459207300362515,1.1,0.0874146816,-4.781023195156442e-17,0.0,0.9978043571857581,-1.8111891104306384e-17,-0.06623039167267664,-2.7286753715827027e-16,2.029589200556391e-31,1.1288223418337628,1.6348332466006126e-31,0.11151997382737994,0.11115856934690863,0.11115856934690863,0.11151997382737995
7.540000000,9.383571137377594,6.3459207300362515,1.1,0.06351749120000003,-3.473999941050467e-17,0.0,0.9984826762569142,-1.5058988298406454e-17,-0.055066734194342354,-2.730530357011669e-16,-6.040619769234909e-31,1.0974794845909073,-3.7265364554274935e-31,0.11139191487854778,0.11067988182159709,0.11067988182159715,0.11139191487854781
7.560000000,9.384646318177593,6.3459207300362515,1.1,0.04400058880000001,-2.4065503849337456e-17,0.0,0.9990176949044898,-1.211819656160728e-17,-0.0443130372206635,-2.7319934616738837e-16,9.918404810405776e-32,1.0447494644985136,2.560389215732194e-31,0.11133984873873229,0.11025542026392007,0.11025542026392006,0.11133984873873226
7.580000000,9.385372702049592,6.3459207300362515,1.1,0.028637798399999994,-1.566304148256647e-17,0.0,0.9994153023703317,-9.35025914043575e-18,-0.034191422725860086,-2.733080790759778e-16,3.5153543978179373e-31,0.9694362410199138,-6.700098151039366e-31,0.11135900335039167,0.10988328474254433,0.10988328474254438,0.11135900335039167
7.600000000,9.385830280033591,6.3459207300362515,1.1,0.017120000000000003,-9.363543469233239e-18,0.0,0.9996890740312797,-6.81892964959126e-18,-0.024935020803734678,-2.7338294685775154e-16,-1.755923999494262e-31,0.8705048724985054,-3.289578750007721e-31,0.11144167138691713,0.10955814420979279,0.10955814420979279,0.11144167138691712
7.620000000,9.38609198524959,6.3459207300362515,1.1,0.009050521600000002,-4.9500556320580824e-18,0.0,0.9998590999400837,-4.590518723961117e-18,-0.01678631189409106,-2.734294434987557e-16,-8.772794620237363e-32,0.7470398961112407,6.044852786022847e-31,0.1115779035947922,0.10927155844597161,0.10927155844597161,0.11157790359479222
7.640000000,9.386221895777592,6.3459207300362515,1.1,0.003940531199999999,-2.15521817658118e-18,0.0,0.9999500380311143,-2.7336053797902154e-18,-0.009996071306932431,-2.7345431215437405e-16,1.4141268946723041e-31,0.5981845484675805,6.043259222274399e-32,0.1117564417085378,0.10901267742874035,0.10901267742874036,0.11175644170853778
7.660000000,9.386273345377592,6.3459207300362515,1.1,0.0012044288000000005,-6.587454103035298e-19,0.0,0.9999883688357174,-1.3189605466560004e-18,-0.004823089599134377,-2.7346479440189487e-16,8.783019140164781e-32,0.4230715698089114,-5.872321160237872e-31,0.11172210806265635,0.1090131615103533,0.1090131615103533,0.11172210806265633
7.680000000,9.386286942049592,6.3459207300362515,1.1,0.00015523840000000003,-8.490546182793325e-20,0.0,0.9999988223629355,-4.1968850854586033e-19,-0.0015346897870264279,-2.734676531068164e-16,2.3159705913205062e-32,0.2783273045148039,-4.720305341422458e-31,0.11118985607621154,0.10953618366383833,0.10953618366383835,0.11118985607621153
7.700000000,9.386288494433591,6.3459207300362515,1.1,0.0,-0.0,0.0,0.9999997236266527,2.0331504740063106e-19,0.0007434693122183657,-2.7346789957358027e-16,2.407403751626855e-33,0.22781518877298898,2.3197087253943524e-31,0.11039138387824703,0.11033386013201736,0.11033386013201736,0.110391383878247
