step,t,k,x,y,z,vx,vy,vz
0,0.000000000,0,0.000000000,0.000000000,1.100000024,0.000000000,0.000000000,0.000000000
0,0.000000000,1,0.000048164,0.000003559,1.100185394,0.009645415,0.000660096,0.018538008
0,0.000000000,2,0.000777216,0.000052329,1.100715280,0.078544103,0.005088442,0.034448735
0,0.000000000,3,0.003989014,0.000249756,1.101539254,0.266685158,0.015751872,0.047937319
0,0.000000000,4,0.012490087,0.000723869,1.102610469,0.611275733,0.032574464,0.059176166
0,0.000000000,5,0.029540295,0.001581456,1.103885412,1.120999098,0.053727105,0.068319596
0,0.000000000,6,0.058339812,0.002885671,1.105323672,1.782608628,0.076848648,0.075511605
0,0.000000000,7,0.101673320,0.004653758,1.106887698,2.569081545,0.099794284,0.080890208
0,0.000000000,8,0.161703542,0.006864960,1.108542442,3.446175814,0.120932274,0.084589623
0,0.000000000,9,0.239875332,0.009471399,1.110255837,4.376961231,0.139175892,0.086741567
0,0.000000000,10,0.336893082,0.012408255,1.111998081,5.324697018,0.153899506,0.087475769
0,0.000000000,11,0.452743351,0.015601852,1.113741994,6.254552841,0.164824456,0.086920261
0,0.000000000,12,0.586743534,0.018975519,1.115463257,7.134570122,0.171914011,0.085201830
0,0.000000000,13,0.737604976,0.022453556,1.117139697,7.936160564,0.175289899,0.082445949
0,0.000000000,14,0.903503120,0.025963753,1.118751884,8.634318352,0.175171047,0.078776866
0,0.000000000,15,1.082149386,0.029438883,1.120282888,9.207664490,0.171830267,0.074317664
0,0.000000000,16,1.270863652,0.032817446,1.121717930,9.638413429,0.165563121,0.069190390
0,0.000000000,17,1.466645122,0.036043879,1.123044968,9.912285805,0.156664401,0.063515879
0,0.000000000,18,1.666242480,0.039068338,1.124254227,10.018434525,0.145407498,0.057413887
0,0.000000000,19,1.866220832,0.041846063,1.125338316,9.949426651,0.132023439,0.051002707
0,0.000000000,20,2.063031912,0.044336293,1.126292348,9.701354980,0.116677918,0.044398908
0,0.000000000,21,2.253087521,0.046500754,1.127113461,9.274228096,0.099449486,0.037716087
0,0.000000000,22,2.432845354,0.048301786,1.127801299,8.672920227,0.080324508,0.031063437
0,0.000000000,23,2.598925352,0.049700953,1.128357410,7.909209251,0.059256017,0.024541859
0,0.000000000,24,2.748284578,0.050660312,1.128785133,7.005976200,0.036411077,0.018237280
1,0.050000000,0,0.000068655,0.000043157,1.100342870,0.005069927,0.003183933,0.012612731
1,0.050000000,1,0.000364342,0.000203251,1.100833297,0.034497742,0.016426345,0.036427177
1,0.050000000,2,0.002153506,0.000927290,1.101742148,0.167541295,0.061808858,0.054456055
1,0.050000000,3,0.008100806,0.002860926,1.103002310,0.455070436,0.134747073,0.071561143
1,0.050000000,4,0.021459950,0.006375034,1.104526758,0.908172011,0.216685608,0.080883920
1,0.050000000,5,0.045438152,0.011477505,1.106216669,1.513325214,0.291293651,0.088107318
1,0.050000000,6,0.082823791,0.017905874,1.108036399,2.243713856,0.347954124,0.093862340
1,0.050000000,7,0.135796651,0.025239764,1.109972119,3.066166878,0.381310105,0.099717259
1,0.050000000,8,0.205844656,0.032993425,1.112016201,3.945216179,0.389935046,0.104691945
1,0.050000000,9,0.293746591,0.040679891,1.114141226,4.845772266,0.374921292,0.107812434
1,0.050000000,10,0.399597645,0.047850393,1.116304994,5.734773636,0.338858366,0.108565688
1,0.050000000,11,0.522859812,0.054116998,1.118464470,6.582068920,0.285136104,0.107382849
1,0.050000000,12,0.662424564,0.059162952,1.120581150,7.360774517,0.217411622,0.104282379
1,0.050000000,13,0.816679597,0.062744699,1.122620463,8.047433853,0.139315963,0.099648729
1,0.050000000,14,0.983578026,0.064689957,1.124558091,8.622005463,0.054335378,0.094112962
1,0.050000000,15,1.160705090,0.064894453,1.126377225,9.067742348,-0.034219213,0.087798461
1,0.050000000,16,1.345343351,0.063317969,1.128063440,9.371090889,-0.123267613,0.080828406
1,0.050000000,17,1.534535050,0.059979156,1.129605055,9.521594048,-0.210004255,0.073326692
1,0.050000000,18,1.725144029,0.054949805,1.130992413,9.511806488,-0.291926265,0.065417722
1,0.050000000,19,1.913914680,0.048348557,1.132218838,9.337263107,-0.366857231,0.057226583
1,0.050000000,20,2.097532988,0.040334065,1.133279920,8.996596336,-0.432975739,0.048878379
1,0.050000000,21,2.272690773,0.031097563,1.134173632,8.491908073,-0.488854855,0.040497612
1,0.050000000,22,2.436163902,0.020854458,1.134900570,7.829670906,-0.533512712,0.032206073
1,0.050000000,23,2.584915876,0.009834956,1.135463834,7.022666931,-0.566457152,0.024119407
1,0.050000000,24,2.716260433,-0.001725988,1.135911584,6.094135761,-0.587719321,0.020656759
2,0.100000000,0,0.001227810,0.000658577,1.101530671,0.047147144,0.021404715,0.032393947
2,0.100000000,1,0.002662477,0.001141994,1.102252483,0.111333668,0.025904924,0.039789021
2,0.100000000,2,0.006677824,0.001636126,1.103199244,0.319846392,0.021682709,0.054887153
2,0.100000000,3,0.016638249,0.001930717,1.104487538,0.704768062,0.005668528,0.073934719
2,0.100000000,4,0.035878751,0.001777829,1.106109738,1.241704226,-0.023008648,0.088280171
2,0.100000000,5,0.067042895,0.000935438,1.108002901,1.889927387,-0.062919647,0.101033255
2,0.100000000,6,0.111934498,-0.000797657,1.110135436,2.607675076,-0.111638471,0.112214625
2,0.100000000,7,0.171558425,-0.003570685,1.112477660,3.357213020,-0.166447207,0.122011319
2,0.100000000,8,0.246215418,-0.007477777,1.114991307,4.105899811,-0.224593207,0.129354849
2,0.100000000,9,0.335603714,-0.012559672,1.117628336,4.826056957,-0.283528477,0.134353593
2,0.100000000,10,0.438912898,-0.018809803,1.120340228,5.494396687,-0.341086835,0.136831522
2,0.100000000,11,0.554906189,-0.026182303,1.123075843,6.091488361,-0.395499676,0.136729047
2,0.100000000,12,0.681993127,-0.034599628,1.125784636,6.601329803,-0.445362270,0.134153351
2,0.100000000,13,0.818294585,-0.043959368,1.128426790,7.010984898,-0.489573210,0.130066112
2,0.100000000,14,0.961699903,-0.054138921,1.130973339,7.310205460,-0.527198553,0.124593072
2,0.100000000,15,1.109918714,-0.064998373,1.133397818,7.491200447,-0.557441115,0.117861092
2,0.100000000,16,1.260527611,-0.076383248,1.135676503,7.548468113,-0.579640806,0.110005356
2,0.100000000,17,1.411014915,-0.088127211,1.137788296,7.478656769,-0.593275130,0.101172492
2,0.100000000,18,1.558822632,-0.100054920,1.139715195,7.280472755,-0.597963154,0.091521211
2,0.100000000,19,1.701387525,-0.111984879,1.141442657,6.954654694,-0.593476415,0.081222489
2,0.100000000,20,1.836181521,-0.123732731,1.142959476,6.504069328,-0.579760671,0.070459366
2,0.100000000,21,1.960758090,-0.135115057,1.144258261,5.934039116,-0.556971312,0.059426136
2,0.100000000,22,2.072807074,-0.145954043,1.145335793,5.253104210,-0.525523245,0.048326612
2,0.100000000,23,2.170233965,-0.156083211,1.146192789,4.474628925,-0.486144215,0.037370674
2,0.100000000,24,2.251285553,-0.165354282,1.146879315,3.620266199,-0.439951926,0.031281449
3,0.150000000,0,0.006316383,0.002096650,1.103842020,0.157735348,0.030663490,0.055903524
3,0.150000000,1,0.010130143,0.002574320,1.104588270,0.233715981,0.010715714,0.018724058
3,0.150000000,2,0.016346755,0.002136192,1.105192900,0.408538640,-0.064718954,0.041739300
3,0.150000000,3,0.027302051,-0.000347118,1.106207728,0.706991255,-0.189769834,0.059740931
3,0.150000000,4,0.045325246,-0.005592632,1.107598066,1.110496521,-0.335946679,0.079289258
3,0.150000000,5,0.072204366,-0.013747667,1.109350443,1.586911798,-0.476934701,0.095935889
3,0.150000000,6,0.109066978,-0.024514690,1.111398935,2.103609324,-0.594846189,0.108910292
3,0.150000000,7,0.156423122,-0.037322003,1.113675594,2.631796837,-0.679876983,0.118753776
3,0.150000000,8,0.214253247,-0.051466260,1.116118073,3.147305727,-0.728300750,0.125483215
3,0.150000000,9,0.282098621,-0.066213079,1.118665695,3.630309343,-0.740429997,0.129269779
3,0.150000000,10,0.359142751,-0.080861196,1.121261716,4.064761639,-0.719036877,0.130326360
3,0.150000000,11,0.444281459,-0.094780006,1.123853564,4.437850952,-0.668273985,0.128862932
3,0.150000000,12,0.536182821,-0.107429750,1.126397967,4.739539623,-0.592973888,0.125576481
3,0.150000000,13,0.633338392,-0.118369892,1.128862739,4.962151527,-0.498159111,0.120901585
3,0.150000000,14,0.734107018,-0.127259687,1.131221414,5.100058556,-0.388754606,0.114966959
3,0.150000000,15,0.836753845,-0.133854747,1.133450031,5.149473190,-0.269452929,0.107901275
3,0.150000000,16,0.939485133,-0.138001576,1.135527492,5.108283997,-0.144645825,0.099840231
3,0.150000000,17,1.040480733,-0.139631197,1.137435079,4.975925922,-0.018389471,0.090928607
3,0.150000000,18,1.137923717,-0.138752297,1.139157534,4.753290653,0.105611026,0.081320569
3,0.150000000,19,1.230029225,-0.135444060,1.140682459,4.442690849,0.224007383,0.071179986
3,0.150000000,20,1.315073371,-0.129849061,1.142001033,4.047924995,0.333813816,0.060680192
3,0.150000000,21,1.391424656,-0.122165807,1.143107772,3.574506283,0.432427019,0.050003540
3,0.150000000,22,1.457583308,-0.112640589,1.144001842,3.030213833,0.517686963,0.039405592
3,0.150000000,23,1.512237072,-0.101557672,1.144702673,2.426332712,0.587964535,0.030686848
3,0.150000000,24,1.554355502,-0.089228511,1.145270109,1.780412674,0.642173231,0.026059873
4,0.200000000,0,0.018192573,0.002991791,1.106743574,0.308276117,0.001689949,0.058521189
4,0.200000000,1,0.025023960,0.002834539,1.107435107,0.379534096,-0.018911578,0.010646794
4,0.200000000,2,0.033710215,0.002150920,1.107872725,0.499631524,-0.051252317,0.033114135
4,0.200000000,3,0.045447588,0.000754072,1.108744740,0.684836805,-0.088003196,0.054076418
4,0.200000000,4,0.061482169,-0.001302497,1.109997272,0.926884949,-0.114916153,0.071163028
4,0.200000000,5,0.082785442,-0.003701312,1.111589789,1.208526850,-0.120738372,0.088088825
4,0.200000000,6,0.109958999,-0.005949434,1.113482833,1.510784984,-0.099199668,0.101210229
4,0.200000000,7,0.143236920,-0.007476631,1.115588546,1.816241384,-0.048713058,0.109359823
4,0.200000000,8,0.182531074,-0.007718588,1.117832065,2.110131979,0.028796474,0.114985690
4,0.200000000,9,0.227483183,-0.006171546,1.120167136,2.380153418,0.129424736,0.118526541
4,0.200000000,10,0.277511358,-0.002420915,1.122553587,2.616210222,0.248284057,0.120128565
4,0.200000000,11,0.331852198,0.003845394,1.124954224,2.810204983,0.380089462,0.119935237
4,0.200000000,12,0.389598519,0.012832971,1.127334476,2.955833197,0.519524395,0.118087314
4,0.200000000,13,0.449733406,0.024642695,1.129662633,3.048396111,0.661462128,0.114722356
4,0.200000000,14,0.511160672,0.039275922,1.131909609,3.084637403,0.801093638,0.109973736
4,0.200000000,15,0.572732329,0.056641612,1.134049177,3.062602520,0.933995485,0.103973314
4,0.200000000,16,0.633273184,0.076564394,1.136057496,2.981519938,1.056162357,0.096859433
4,0.200000000,17,0.691603601,0.098793089,1.137913823,2.841705322,1.164018989,0.088781692
4,0.200000000,18,0.746560752,0.123009332,1.139600635,2.644497871,1.254421115,0.079901628
4,0.200000000,19,0.797018468,0.148836151,1.141103506,2.392241240,1.324655652,0.070392586
4,0.200000000,20,0.841907918,0.175846711,1.142411828,2.088336468,1.372448802,0.060439814
4,0.200000000,21,0.880240083,0.203573346,1.143518567,1.737422943,1.396001697,0.050239976
4,0.200000000,22,0.911134422,0.231517866,1.144420981,1.345794797,1.394088030,0.040000085
4,0.200000000,23,0.933859527,0.259165108,1.145120382,0.922273576,1.366288781,0.029935881
4,0.200000000,24,0.947899163,0.286003560,1.145622373,0.479965448,1.313520670,0.020268962
5,0.250000000,0,0.037655558,0.001895931,1.109188318,0.455317706,-0.041332979,0.041541230
5,0.250000000,1,0.047274087,0.000956935,1.109561682,0.505678058,-0.049243070,-0.004191663
5,0.250000000,2,0.057870500,0.000139456,1.109704733,0.554817736,-0.026342902,0.018492967
5,0.250000000,3,0.069553941,0.000144823,1.110289693,0.616721332,0.032730840,0.039988935
5,0.250000000,4,0.082690679,0.001659069,1.111260891,0.701141894,0.123472936,0.057123333
5,0.250000000,5,0.097766072,0.005246159,1.112564921,0.810446322,0.238776892,0.073275767
5,0.250000000,6,0.115252048,0.011325177,1.114145398,0.941319406,0.371488839,0.084761381
5,0.250000000,7,0.135519400,0.020175993,1.115931511,1.087336421,0.514882445,0.093839779
5,0.250000000,8,0.158792853,0.031951629,1.117876530,1.240520120,0.663046241,0.100659497
5,0.250000000,9,0.185131639,0.046695497,1.119936824,1.392458677,0.810915351,0.105366036
5,0.250000000,10,0.214428887,0.064357243,1.122071505,1.535054922,0.954157352,0.108102061
5,0.250000000,11,0.246422768,0.084806249,1.124242663,1.660955667,1.089061499,0.109007493
5,0.250000000,12,0.280713707,0.107843131,1.126414895,1.763774514,1.212447882,0.108219601
5,0.250000000,13,0.316785067,0.133209616,1.128555775,1.838186741,1.321598291,0.105873197
5,0.250000000,14,0.354024410,0.160597250,1.130635500,1.879947543,1.414203405,0.102100641
5,0.250000000,15,0.391745090,0.189655125,1.132626891,1.885867119,1.488322496,0.097030669
5,0.250000000,16,0.429206818,0.219996929,1.134505153,1.853765965,1.542352438,0.090796262
5,0.250000000,17,0.465635389,0.251207441,1.136248469,1.782425642,1.575002074,0.083543524
5,0.250000000,18,0.500241578,0.282848626,1.137838125,1.671553016,1.585274696,0.075432099
5,0.250000000,19,0.532239437,0.314465374,1.139258742,1.521771908,1.572459936,0.066635281
5,0.250000000,20,0.560864925,0.345591217,1.140498519,1.334669828,1.536140680,0.057339951
5,0.250000000,21,0.585396469,0.375754654,1.141549349,1.112939835,1.476233840,0.047745951
5,0.250000000,22,0.605179965,0.404486597,1.142407417,0.860705376,1.393097997,0.038065325
5,0.250000000,23,0.619663119,0.431331396,1.143073201,0.584193647,1.287779570,0.028520841
5,0.250000000,24,0.628449678,0.455865383,1.143551826,0.293087482,1.162550926,0.019343540
6,0.300000000,0,0.063769147,-0.000914876,1.110892415,0.575116456,-0.062880419,0.028988976
6,0.300000000,1,0.075753674,-0.002053577,1.111346364,0.626715779,-0.042674135,0.016406529
6,0.300000000,2,0.089074850,-0.002105821,1.111885905,0.712124348,0.050962433,0.037538797
6,0.300000000,3,0.104481667,0.000430542,1.112817883,0.833726764,0.211257413,0.055660423
6,0.300000000,4,0.122572929,0.006557763,1.114081502,0.977910578,0.404177368,0.070698440
6,0.300000000,5,0.143645883,0.016605815,1.115619898,1.129521012,0.598913193,0.083142698
6,0.300000000,6,0.167719722,0.030383885,1.117382765,1.276184916,0.774438560,0.093145281
6,0.300000000,7,0.194598868,0.047374379,1.119322777,1.408744931,0.918745100,0.100853451
6,0.300000000,8,0.223932207,0.066889480,1.121395350,1.520686150,1.026391387,0.106410623
6,0.300000000,9,0.255259275,0.088178687,1.123559117,1.607490897,1.096212983,0.109957233
6,0.300000000,10,0.288044959,0.110496417,1.125774980,1.666143894,1.129628778,0.111630693
6,0.300000000,11,0.321705997,0.133141533,1.128007054,1.694795370,1.129511833,0.111565888
6,0.300000000,12,0.355631799,0.155478686,1.130221725,1.692537189,1.099478245,0.109895103
6,0.300000000,13,0.389201730,0.176948547,1.132388115,1.659250617,1.043455839,0.106748238
6,0.300000000,14,0.421799809,0.197071269,1.134478092,1.595495701,0.965429664,0.102252819
6,0.300000000,15,0.452827245,0.215445936,1.136465907,1.502425313,0.869294703,0.096534081
6,0.300000000,16,0.481713653,0.231747925,1.138328433,1.381714463,0.758772910,0.089719497
6,0.300000000,17,0.507926822,0.245724931,1.140045047,1.235505462,0.637368262,0.081947006
6,0.300000000,18,0.530981898,0.257192373,1.141598105,1.066369891,0.508344173,0.073369376
6,0.300000000,19,0.550449491,0.266028404,1.142973304,0.877292991,0.374715358,0.064154305
6,0.300000000,20,0.565964162,0.272168994,1.144159675,0.671692789,0.239250049,0.054484285
6,0.300000000,21,0.577233732,0.275603205,1.145150065,0.453490436,0.104483522,0.044556044
6,0.300000000,22,0.584050596,0.276368618,1.145941377,0.227269113,-0.027251244,0.034579836
6,0.300000000,23,0.586308002,0.274547935,1.146535039,-0.001405713,-0.153758854,0.024778103
6,0.300000000,24,0.584025085,0.270267487,1.146936655,-0.225363031,-0.272844911,0.015383582
7,0.350000000,0,0.095430568,-0.003519167,1.112273335,0.679466128,-0.035957504,0.026711157
7,0.350000000,1,0.109352462,-0.003996009,1.112661242,0.711175680,-0.007853918,0.012090259
7,0.350000000,2,0.123805419,-0.003597304,1.113127828,0.732503116,0.053466827,0.034570877
7,0.350000000,3,0.138608217,-0.001697141,1.113998055,0.747165859,0.138675913,0.052454844
7,0.350000000,4,0.153685898,0.001950515,1.115205169,0.760788918,0.224337339,0.068265304
7,0.350000000,5,0.169055507,0.007146456,1.116711140,0.776687980,0.290808707,0.082326859
7,0.350000000,6,0.184774309,0.013374134,1.118468046,0.795677006,0.326116264,0.093361877
7,0.350000000,7,0.200897306,0.019949863,1.120421767,0.816842318,0.325232983,0.101998746
7,0.350000000,8,0.217449307,0.026142120,1.122525692,0.838180780,0.288052708,0.108381517
7,0.350000000,9,0.234408990,0.031250838,1.124735951,0.857167482,0.217559084,0.112650558
7,0.350000000,10,0.251703113,0.034655027,1.127011895,0.871192932,0.118490383,0.114943214
7,0.350000000,11,0.269207865,0.035838258,1.129315257,0.877852082,-0.003555883,0.115393847
7,0.350000000,12,0.286754906,0.034399725,1.131610513,0.875118971,-0.142689183,0.114134207
7,0.350000000,13,0.304139972,0.030056376,1.133864880,0.861437261,-0.293069124,0.111293502
7,0.350000000,14,0.321132839,0.022639707,1.136047840,0.835756183,-0.449105650,0.106998391
7,0.350000000,15,0.337487102,0.012089543,1.138131499,0.797531426,-0.605570734,0.101373285
7,0.350000000,16,0.352950573,-0.001553875,1.140090704,0.746706009,-0.757656813,0.094544046
7,0.350000000,17,0.367274523,-0.018158605,1.141902685,0.683683217,-0.901004851,0.086648725
7,0.350000000,18,0.380222678,-0.037510119,1.143547535,0.609301686,-1.031715751,0.077844374
7,0.350000000,19,0.391579688,-0.059320543,1.145009041,0.524820387,-1.146355510,0.068307437
7,0.350000000,20,0.401159704,-0.083238043,1.146274447,0.431920409,-1.241964698,0.058233108
7,0.350000000,21,0.408814847,-0.108856522,1.147335172,0.332731515,-1.316081643,0.047834840
7,0.350000000,22,0.414444774,-0.135726064,1.148186922,0.229894966,-1.366801858,0.037343323
7,0.350000000,23,0.418008059,-0.163365200,1.148830414,0.126683310,-1.392905951,0.027004801
7,0.350000000,24,0.419536710,-0.191276997,1.149271250,0.027215468,-1.394122958,0.017078906
8,0.400000000,0,0.131486386,-0.003873233,1.113628983,0.748154223,0.018929269,0.028431179
8,0.400000000,1,0.146467194,-0.003292639,1.114225388,0.741921008,0.037499044,0.031209104
8,0.400000000,2,0.160691649,-0.002483477,1.114968777,0.668828368,0.039853610,0.043129332
8,0.400000000,3,0.172868237,-0.001859782,1.115966082,0.543079615,0.017942937,0.056596041
8,0.400000000,4,0.182321846,-0.001957397,1.117176533,0.402768701,-0.032766365,0.064453825
8,0.400000000,5,0.189093918,-0.003369679,1.118517160,0.279164523,-0.113465622,0.069598436
8,0.400000000,6,0.193726629,-0.006684846,1.119943261,0.191003308,-0.222608209,0.073002480
8,0.400000000,7,0.197023392,-0.012439555,1.121421456,0.146180540,-0.356701851,0.074816376
8,0.400000000,8,0.199864745,-0.021086497,1.122921467,0.145071343,-0.510941684,0.075185210
8,0.400000000,9,0.203088701,-0.032973804,1.124415874,0.183480531,-0.679761112,0.074250191
8,0.400000000,10,0.207422048,-0.048334450,1.125879884,0.254772514,-0.857275128,0.072149418
8,0.400000000,11,0.213446572,-0.067283325,1.127291560,0.351269245,-1.037606716,0.069018334
8,0.400000000,12,0.221587583,-0.089819789,1.128631592,0.465112448,-1.215110660,0.064990021
8,0.400000000,13,0.232115850,-0.115833901,1.129883528,0.588768780,-1.384518862,0.060195431
8,0.400000000,14,0.245157167,-0.145114869,1.131033063,0.715309143,-1.541028619,0.054763488
8,0.400000000,15,0.260706067,-0.177360967,1.132068872,0.838550389,-1.680353403,0.048821304
8,0.400000000,16,0.278641433,-0.212190107,1.132982016,0.953116834,-1.798746467,0.042492699
8,0.400000000,17,0.298742890,-0.249150768,1.133765936,1.054458141,-1.893010736,0.035896733
8,0.400000000,18,0.320707262,-0.287732959,1.134416342,1.138849616,-1.960500479,0.029147912
8,0.400000000,19,0.344165146,-0.327379346,1.134931326,1.203393817,-1.999122143,0.022356328
8,0.400000000,20,0.368697673,-0.367496282,1.135311127,1.246039391,-2.007346153,0.015627718
8,0.400000000,21,0.393853754,-0.407465458,1.135558009,1.265636563,-1.984247088,0.009063395
8,0.400000000,22,0.419169247,-0.446656913,1.135676265,1.262055397,-1.929603577,0.002760199
8,0.400000000,23,0.444189399,-0.484444886,1.135671973,1.236418486,-1.844120026,-0.003190093
8,0.400000000,24,0.468497872,-0.520230591,1.135553122,1.191539407,-1.729883671,-0.008701900
9,0.450000000,0,0.169258997,-0.001551393,1.115261078,0.751930237,0.065409012,0.036737695
9,0.450000000,1,0.184137806,-0.000233110,1.116128445,0.731764853,0.060079589,0.049995530
9,0.450000000,2,0.198289752,0.000459875,1.117179394,0.678177416,-0.001263055,0.055094607
9,0.450000000,3,0.211151540,-0.000642538,1.118316293,0.607580543,-0.116293155,0.058599398
9,0.450000000,4,0.222673133,-0.004394590,1.119528413,0.548558831,-0.262257695,0.062615260
9,0.450000000,5,0.233311564,-0.011197830,1.120779991,0.521823108,-0.418399423,0.062540077
9,0.450000000,6,0.243827119,-0.021099042,1.122017384,0.537126482,-0.570084035,0.061201308
9,0.450000000,7,0.255085796,-0.033910651,1.123216867,0.595851123,-0.708301604,0.058746930
9,0.450000000,8,0.267923415,-0.049308516,1.124357581,0.694045901,-0.828133583,0.055321947
9,0.450000000,9,0.283063382,-0.066898674,1.125421405,0.824767292,-0.927302837,0.051068619
9,0.450000000,10,0.301074326,-0.086259037,1.126393318,0.979681075,-1.005129576,0.046126768
9,0.450000000,11,0.322352916,-0.106963985,1.127260923,1.150069714,-1.061853290,0.040634036
9,0.450000000,12,0.347122967,-0.128598303,1.128014445,1.327431083,-1.098218679,0.034726001
9,0.450000000,13,0.375443310,-0.150764540,1.128647089,1.503816128,-1.115230203,0.028536277
9,0.450000000,14,0.407220930,-0.173086777,1.129154444,1.672007442,-1.114011168,0.022196809
9,0.450000000,15,0.442226499,-0.195211947,1.129534721,1.825603962,-1.095723271,0.015837859
9,0.450000000,16,0.480111182,-0.216810316,1.129788995,1.959052682,-1.061522841,0.009588286
9,0.450000000,17,0.520423591,-0.237574965,1.129920602,2.067652702,-1.012538433,0.003566959
9,0.450000000,18,0.562626779,-0.257221222,1.129934907,2.147552967,-0.949864566,-0.002127218
9,0.450000000,19,0.606115341,-0.275485963,1.129839420,2.195758104,-0.874568820,-0.007416889
9,0.450000000,20,0.650232732,-0.292127430,1.129642844,2.210161209,-0.787716568,-0.012245946
9,0.450000000,21,0.694289923,-0.306925446,1.129354477,2.189626694,-0.690421581,-0.016578963
9,0.450000000,22,0.737585962,-0.319683343,1.128984690,2.134164333,-0.583940804,-0.020400569
9,0.450000000,23,0.779434443,-0.330232471,1.128543496,2.045272827,-0.469847023,-0.023715053
9,0.450000000,24,0.819198787,-0.338441104,1.128040791,1.926599026,-0.350342542,-0.026546201
10,0.500000000,0,0.205882549,0.002063616,1.117254257,0.712489307,0.072340846,0.042347476
10,0.500000000,1,0.219952866,0.003439780,1.118132591,0.694708943,0.062833302,0.045485169
10,0.500000000,2,0.233697414,0.004422409,1.119117260,0.681548893,0.031216245,0.052983254
10,0.500000000,3,0.247341052,0.004541219,1.120268941,0.687235296,-0.022402208,0.062178794
10,0.500000000,4,0.261399657,0.003438527,1.121550798,0.724658251,-0.089391440,0.066004299
10,0.500000000,5,0.276577175,0.000931800,1.122881889,0.799504817,-0.161611885,0.067105457
10,0.500000000,6,0.293625385,-0.003020901,1.124220848,0.911241293,-0.233169347,0.066794373
10,0.500000000,7,0.313241661,-0.008364042,1.125540972,1.055316210,-0.300124288,0.065221079
10,0.500000000,8,0.336007297,-0.014978578,1.126818419,1.224909186,-0.359980255,0.062532440
10,0.500000000,9,0.362354994,-0.022706063,1.128032446,1.412160039,-0.411225408,0.058872517
10,0.500000000,10,0.392556846,-0.031364731,1.129164934,1.608969927,-0.452992171,0.054382551
10,0.500000000,11,0.426724821,-0.040759958,1.130200744,1.807489038,-0.484832048,0.049201392
10,0.500000000,12,0.464818865,-0.050691120,1.131127477,2.000396252,-0.506575286,0.043465480
10,0.500000000,13,0.506659150,-0.060956243,1.131935120,2.181048632,-0.518245459,0.037309051
10,0.500000000,14,0.551940262,-0.071355313,1.132616758,2.343553066,-0.520007849,0.030864373
10,0.500000000,15,0.600246787,-0.081692755,1.133167982,2.482789755,-0.512137771,0.024261761
10,0.500000000,16,0.651068568,-0.091779441,1.133586884,2.594412565,-0.495000780,0.017629776
10,0.500000000,17,0.703816235,-0.101434357,1.133874059,2.674835443,-0.469041169,0.011090328
10,0.500000000,18,0.757836163,-0.110486090,1.134032488,2.721220970,-0.434775859,0.004751244
10,0.500000000,19,0.812425494,-0.118774287,1.134067059,2.731483459,-0.392794847,-0.001296029
10,0.500000000,20,0.866847336,-0.126151219,1.133984327,2.704320431,-0.343770415,-0.006976169
10,0.500000000,21,0.920347214,-0.132483602,1.133792281,2.639296293,-0.288481504,-0.012229707
10,0.500000000,22,0.972171962,-0.137655139,1.133499861,2.537018061,-0.227864355,-0.017012622
10,0.500000000,23,1.021593809,-0.141570643,1.133116841,2.399481773,-0.163109943,-0.021296054
10,0.500000000,24,1.067943692,-0.144162685,1.132653594,2.230735779,-0.095845506,-0.025029805
11,0.550000000,0,0.240277037,0.005350697,1.119320989,0.669139326,0.059971031,0.040642437
11,0.550000000,1,0.253612012,0.006538869,1.120241284,0.669380069,0.060636602,0.051386468
11,0.550000000,2,0.267372817,0.007876905,1.121364951,0.715791225,0.075284868,0.060978554
11,0.550000000,3,0.282584637,0.009589986,1.122658968,0.813149393,0.095922507,0.068417035
11,0.550000000,4,0.300154269,0.011666058,1.124081731,0.949088037,0.109633386,0.073860966
11,0.550000000,5,0.320706874,0.013868128,1.125594974,1.109138489,0.107433543,0.077465594
11,0.550000000,6,0.344597071,0.015830079,1.127163529,1.281003594,0.085297719,0.079382829
11,0.550000000,7,0.371961445,0.017145801,1.128754973,1.455157280,0.043009903,0.079761319
11,0.550000000,8,0.402770281,0.017431190,1.130340099,1.624397039,-0.017229868,0.078746758
11,0.550000000,9,0.436868161,0.016360877,1.131892443,1.783255100,-0.091902919,0.076481782
11,0.550000000,10,0.474003553,0.013686618,1.133388400,1.927523494,-0.176914528,0.073106185
11,0.550000000,11,0.513850510,0.009243800,1.134806991,2.053925037,-0.268056512,0.068757087
11,0.550000000,12,0.556025028,0.002950732,1.136130333,2.159901142,-0.361279130,0.063568905
11,0.550000000,13,0.600098014,-0.005196191,1.137342691,2.243474007,-0.452841818,0.057673588
11,0.550000000,14,0.645605683,-0.015129548,1.138431430,2.303160191,-0.539391577,0.051200941
11,0.550000000,15,0.692059100,-0.026719054,1.139386177,2.337909222,-0.617998421,0.044278782
11,0.550000000,16,0.738952339,-0.039780162,1.140199304,2.347062111,-0.686167359,0.037032939
11,0.550000000,17,0.785769939,-0.054082781,1.140865445,2.330319881,-0.741836965,0.029586041
11,0.550000000,18,0.831993878,-0.069359846,1.141381860,2.287728071,-0.783371866,0.022056717
11,0.550000000,19,0.877110422,-0.085315809,1.141748071,2.219678640,-0.809554636,0.014559276
11,0.550000000,20,0.920617461,-0.101634882,1.141965747,2.126937151,-0.819583476,0.007203666
11,0.550000000,21,0.962032259,-0.117989533,1.142038822,2.010705709,-0.813086867,0.000095706
11,0.550000000,22,1.000901580,-0.134049460,1.141973138,1.872743964,-0.790175557,-0.006662985
11,0.550000000,23,1.036814570,-0.149492353,1.141776681,1.715586424,-0.751568794,-0.012975407
11,0.550000000,24,1.069422007,-0.164018482,1.141459465,1.542928696,-0.698865294,-0.018749772
12,0.600000000,0,0.273089856,0.008165446,1.121241450,0.648051381,0.053264409,0.036634944
12,0.600000000,1,0.285988361,0.009141532,1.122144580,0.641391814,0.041176725,0.053681098
12,0.600000000,2,0.298728347,0.009613913,1.123312473,0.632646680,0.000747549,0.063110031
12,0.600000000,3,0.311324805,0.008990557,1.124650717,0.628446937,-0.066711850,0.070717365
12,0.600000000,4,0.323946893,0.006848523,1.126118064,0.636233807,-0.148931369,0.076022968
12,0.600000000,5,0.336882889,0.003014733,1.127673268,0.660267174,-0.234156877,0.079494350
12,0.600000000,6,0.350472361,-0.002480789,1.129281044,0.701516986,-0.313970894,0.081280790
12,0.600000000,7,0.365048856,-0.009473169,1.130909204,0.758599162,-0.383193523,0.081528984
12,0.600000000,8,0.380902857,-0.017719589,1.132528305,0.828719974,-0.439062953,0.080382712
12,0.600000000,9,0.398260832,-0.026939387,1.134112000,0.908370376,-0.480437458,0.077982984
12,0.600000000,10,0.417275757,-0.036840126,1.135636449,0.993778110,-0.507196963,0.074467875
12,0.600000000,11,0.438025057,-0.047133692,1.137080908,1.081182599,-0.519840181,0.069972724
12,0.600000000,12,0.460512370,-0.057545912,1.138426900,1.166993618,-0.519228280,0.064630322
12,0.600000000,13,0.484672010,-0.067822091,1.139658928,1.247877717,-0.506426692,0.058571305
12,0.600000000,14,0.510374606,-0.077730037,1.140763879,1.320802927,-0.482608885,0.051923968
12,0.600000000,15,0.537433326,-0.087061614,1.141731143,1.383057475,-0.448998779,0.044814251
12,0.600000000,16,0.565610290,-0.095633365,1.142552972,1.432256937,-0.406835675,0.037365902
12,0.600000000,17,0.594623387,-0.103286602,1.143223643,1.466346860,-0.357353896,0.029700294
12,0.600000000,18,0.624152601,-0.109887160,1.143740058,1.483611107,-0.301771671,0.021936111
12,0.600000000,19,0.653847277,-0.115325041,1.144101262,1.482694626,-0.241287544,0.014189472
12,0.600000000,20,0.683333516,-0.119514063,1.144308925,1.462649226,-0.177084997,0.006574014
12,0.600000000,21,0.712223351,-0.122391678,1.144366622,1.423020363,-0.110348135,-0.000799289
12,0.600000000,22,0.740125597,-0.123919286,1.144280434,1.363998413,-0.042295545,-0.007821908
12,0.600000000,23,0.766661704,-0.124083489,1.144058347,1.286683798,0.025754932,-0.014388218
12,0.600000000,24,0.791487694,-0.122899190,1.143710494,1.193561435,0.092267431,-0.020396184
13,0.650000000,0,0.304906607,0.010312652,1.123014927,0.622352839,0.028744714,0.033987198
13,0.650000000,1,0.317101121,0.010559143,1.123766661,0.590992332,-0.013183932,0.041180797
13,0.650000000,2,0.328182012,0.009228222,1.124617338,0.508594036,-0.133785948,0.043888871
13,0.650000000,3,0.337228030,0.004797271,1.125506878,0.393713593,-0.315793335,0.045065384
13,0.650000000,4,0.343971580,-0.003487785,1.126406074,0.284334689,-0.511289358,0.044855844
13,0.650000000,5,0.348833829,-0.015474558,1.127288818,0.209323063,-0.680532336,0.043408636
13,0.650000000,6,0.352677912,-0.030370675,1.128131628,0.184131920,-0.799356997,0.040871754
13,0.650000000,7,0.356562406,-0.047040198,1.128914237,0.213471100,-0.856917977,0.037391510
13,0.650000000,8,0.361563325,-0.064229228,1.129619241,0.294962734,-0.851588309,0.033111997
13,0.650000000,9,0.368663609,-0.080713265,1.130232096,0.422086567,-0.787422895,0.028175035
13,0.650000000,10,0.378691733,-0.095384076,1.130741000,0.586189032,-0.671649337,0.022720084
13,0.650000000,11,0.392292798,-0.107295625,1.131137013,0.777745128,-0.513044536,0.016884455
13,0.650000000,12,0.409919173,-0.115684249,1.131413937,0.987109661,-0.320942104,0.010803314
13,0.650000000,13,0.431832880,-0.119973451,1.131567955,1.204947829,-0.104649700,0.004609997
13,0.650000000,14,0.458114505,-0.119769730,1.131598353,1.422472239,0.126880273,-0.001563765
13,0.650000000,15,0.488675445,-0.114853509,1.131506920,1.631567359,0.365228623,-0.007588528
13,0.650000000,16,0.523272038,-0.105167493,1.131297708,1.824850321,0.602599680,-0.013338703
13,0.650000000,17,0.561520457,-0.090803668,1.130977273,1.995701909,0.831861973,-0.018700570
13,0.650000000,18,0.602912366,-0.071989879,1.130554438,2.138287544,1.046564698,-0.023582334
13,0.650000000,19,0.646830916,-0.049076110,1.130039454,2.247592688,1.240945220,-0.027917197
13,0.650000000,20,0.692567706,-0.022520592,1.129443645,2.319489717,1.409945607,-0.031662837
13,0.650000000,21,0.739341617,0.007124659,1.128779054,2.350875378,1.549258590,-0.034800861
13,0.650000000,22,0.786321700,0.039229844,1.128057599,2.339932203,1.655439615,-0.037335925
13,0.650000000,23,0.832657516,0.073106818,1.127291322,2.286635876,1.726159453,-0.039294727
13,0.650000000,24,0.877523601,0.108036131,1.126491070,2.193736792,1.760744452,-0.040724993
14,0.700000000,0,0.334500015,0.010037768,1.124426723,0.561640084,-0.041229848,0.021862360
14,0.700000000,1,0.345429778,0.008787567,1.124933600,0.530006886,-0.088070832,0.028827487
14,0.700000000,2,0.355630934,0.006266632,1.125564456,0.489656270,-0.168929562,0.034265041
14,0.700000000,3,0.365087658,0.001971720,1.126318812,0.459958822,-0.258569300,0.041163042
14,0.700000000,4,0.374261826,-0.003860680,1.127163768,0.464741856,-0.316538572,0.043328274
14,0.700000000,5,0.384000421,-0.010288426,1.128003597,0.517768264,-0.314747006,0.040656485
14,0.700000000,6,0.395315200,-0.015970754,1.128779650,0.622247219,-0.241040453,0.036954697
14,0.700000000,7,0.409209460,-0.019447464,1.129475474,0.774761498,-0.094785027,0.032622766
14,0.700000000,8,0.426576495,-0.019324908,1.130079746,0.968108118,0.117335744,0.027810641
14,0.700000000,9,0.448143452,-0.014389677,1.130583525,1.193114996,0.384425610,0.022565743
14,0.700000000,10,0.474444509,-0.003669673,1.130977988,1.439814925,0.693546414,0.016877880
14,0.700000000,11,0.505812645,0.013540182,1.131255627,1.698151469,1.031117797,0.010880968
14,0.700000000,12,0.542382717,0.037674230,1.131411552,1.958400249,1.383753061,0.004706976
14,0.700000000,13,0.584100187,0.068905212,1.131443501,2.211405516,1.738738179,-0.001513692
14,0.700000000,14,0.630734384,0.107160620,1.131351829,2.448705196,2.084293842,-0.007652061
14,0.700000000,15,0.681892753,0.152142867,1.131139517,2.662591934,2.409707308,-0.013580615
14,0.700000000,16,0.737036526,0.203351289,1.130812049,2.846138954,2.705388546,-0.019173574
14,0.700000000,17,0.795496225,0.260104805,1.130377054,2.993212223,2.962884903,-0.024316896
14,0.700000000,18,0.856487632,0.321564645,1.129844666,3.098484993,3.174876690,-0.028920505
14,0.700000000,19,0.919128478,0.386756897,1.129226208,3.157473564,3.335176945,-0.032921489
14,0.700000000,20,0.982455850,0.454595417,1.128534198,3.166620016,3.438753605,-0.036283821
14,0.700000000,21,1.045446277,0.523905635,1.127781391,3.123464823,3.481820107,-0.038997523
14,0.700000000,22,1.107040524,0.593451500,1.126980543,3.026987791,3.462067127,-0.041078020
14,0.700000000,23,1.166178703,0.661969364,1.126144052,2.878280163,3.379184723,-0.042564541
14,0.700000000,24,1.221853971,0.728217959,1.125283241,2.681868076,3.235977173,-0.043518808
15,0.750000000,0,0.360713691,0.005426294,1.124890685,0.494564354,-0.136669233,-0.001369375
15,0.750000000,1,0.370413154,0.002312650,1.124968171,0.478903532,-0.174601465,0.009117541
15,0.750000000,2,0.380099386,-0.001533582,1.125264406,0.497031599,-0.207551420,0.020505805
15,0.750000000,3,0.390617579,-0.005790569,1.125750542,0.563386321,-0.210813269,0.028115479
15,0.750000000,4,0.402971864,-0.009600456,1.126348615,0.680236995,-0.159585789,0.031695262
15,0.750000000,5,0.418124557,-0.011727072,1.126998544,0.841897488,-0.041378897,0.033295643
15,0.750000000,6,0.436886191,-0.010798879,1.127667785,1.039545536,0.145467877,0.033632938
15,0.750000000,7,0.459880918,-0.005491037,1.128332496,1.263581634,0.395155668,0.032839380
15,0.750000000,8,0.487541080,0.005355227,1.128971457,1.504532576,0.697309911,0.031046679
15,0.750000000,9,0.520114422,0.022664197,1.129565835,1.753439665,1.039162874,0.028385371
15,0.750000000,10,0.557675958,0.047093663,1.130099535,2.002008438,1.407032132,0.024984453
15,0.750000000,11,0.600141823,0.079026714,1.130559087,2.242648363,1.787250996,0.020971566
15,0.750000000,12,0.647283256,0.118578114,1.130933523,2.468466759,2.166724205,0.016472735
15,0.750000000,13,0.698740661,0.165609166,1.131214380,2.673248291,2.533239841,0.011612758
15,0.750000000,14,0.754036546,0.219747230,1.131395578,2.851426601,2.875633001,0.006515365
15,0.750000000,15,0.812588394,0.280407488,1.131474495,2.998060942,3.183855295,0.001381872
15,0.750000000,16,0.873720944,0.346815377,1.131451607,3.108820677,3.448987246,-0.003674616
15,0.750000000,17,0.936678410,0.418029279,1.131329417,3.179970741,3.663232327,-0.008550582
15,0.750000000,18,1.000636220,0.492962778,1.131112337,3.208369493,3.819909573,-0.013153764
15,0.750000000,19,1.064713001,0.570406973,1.130806684,3.191494942,3.913462639,-0.017404702
15,0.750000000,20,1.127983689,0.649053574,1.130420327,3.127524137,3.939514160,-0.021236276
15,0.750000000,21,1.189495087,0.727519691,1.129961967,3.015501022,3.895023108,-0.024592362
15,0.750000000,22,1.248286247,0.804377615,1.129441738,2.855671406,3.778644562,-0.027424742
15,0.750000000,23,1.303418159,0.878195643,1.128870606,2.650145531,3.591499805,-0.029687935
15,0.750000000,24,1.354022861,0.947601259,1.128260374,2.404208899,3.338754654,-0.031328633
16,0.800000000,0,0.384192526,-0.003873074,1.124516249,0.455336779,-0.223137259,-0.011321985
16,0.800000000,1,0.393380344,-0.008518678,1.124512076,0.472415566,-0.235838607,0.010903041
16,0.800000000,2,0.403647095,-0.012938425,1.124918818,0.569348693,-0.194758072,0.029774144
16,0.800000000,3,0.416681886,-0.015826179,1.125658274,0.745035112,-0.081521668,0.044172190
16,0.800000000,4,0.433758885,-0.015722353,1.126656175,0.967840433,0.103458881,0.055620238
16,0.800000000,5,0.455499142,-0.011268542,1.127861381,1.206772327,0.351670384,0.064887740
16,0.800000000,6,0.481984019,-0.001315589,1.129231215,1.439226270,0.651216328,0.072100058
16,0.800000000,7,0.512928367,0.015032545,1.130725980,1.650882006,0.988923311,0.077384196
16,0.800000000,8,0.547826588,0.038404915,1.132308483,1.833646774,1.351396203,0.080867007
16,0.800000000,9,0.586055934,0.069165587,1.133943915,1.983584404,1.725605845,0.082674079
16,0.800000000,10,0.626942992,0.107424699,1.135599852,2.099343300,2.099232435,0.082929507
16,0.800000000,11,0.669804037,0.153054848,1.137246609,2.181093931,2.460867405,0.081755482
16,0.800000000,12,0.713968039,0.205710545,1.138856888,2.229854822,2.800124407,0.079272613
16,0.800000000,13,0.758789241,0.264849305,1.140405655,2.247081757,3.107690573,0.075600185
16,0.800000000,14,0.803653359,0.329753190,1.141870260,2.234425545,3.375339508,0.070856437
16,0.800000000,15,0.847979605,0.399550527,1.143230438,2.193589449,3.595917702,0.065158442
16,0.800000000,16,0.891221344,0.473237097,1.144468307,2.126250505,3.763317823,0.058623094
16,0.800000000,17,0.932864666,0.549696743,1.145568252,2.034021378,3.872450590,0.051372427
16,0.800000000,18,0.972427487,0.627721608,1.146517396,1.918444633,3.919223309,0.043539528
16,0.800000000,19,1.009457707,0.706031680,1.147305489,1.781017661,3.900544405,0.035270356
16,0.800000000,20,1.043533325,0.783295810,1.147925377,1.623258829,3.814385414,0.026723931
16,0.800000000,21,1.074264288,0.858154237,1.148373365,1.446831346,3.659953117,0.018072437
16,0.800000000,22,1.101296306,0.929246485,1.148649096,1.253769517,3.438084364,0.009501375
16,0.800000000,23,1.124323130,0.995251656,1.148756146,1.046895027,3.152075291,0.001209904
16,0.800000000,24,1.143109083,1.054952145,1.148702383,0.830615520,2.809370756,-0.006588154
17,0.850000000,0,0.407145739,-0.016419059,1.124559999,0.470334470,-0.264074922,0.011760106
17,0.850000000,1,0.416778833,-0.021543171,1.124770164,0.497713923,-0.237350091,0.009254725
17,0.850000000,2,0.427347153,-0.025220910,1.125172853,0.566469371,-0.111323699,0.031009983
17,0.850000000,3,0.439659923,-0.025308231,1.125977755,0.668475628,0.117467023,0.049476653
17,0.850000000,4,0.454145491,-0.020070374,1.127099872,0.779849887,0.414716899,0.062734641
17,0.850000000,5,0.470784813,-0.008509566,1.128476858,0.881226718,0.744205952,0.074966490
17,0.850000000,6,0.489248604,0.009720840,1.130089045,0.960893631,1.077648520,0.086248003
17,0.850000000,7,0.509039283,0.034489721,1.131907225,1.013407350,1.395357251,0.095565617
17,0.850000000,8,0.529596746,0.065344281,1.133890390,1.037634373,1.684506655,0.102748275
17,0.850000000,9,0.550366640,0.101626851,1.135997295,1.035039902,1.937118769,0.107944064
17,0.850000000,10,0.570839465,0.142554805,1.138189435,1.008468866,2.148443699,0.111270845
17,0.850000000,11,0.590569615,0.187273115,1.140427709,0.961377561,2.315839291,0.112557292
17,0.850000000,12,0.609182596,0.234888494,1.142672539,0.897354066,2.438016176,0.111929953
17,0.850000000,13,0.626374781,0.284491420,1.144886971,0.819870472,2.514587641,0.109513402
17,0.850000000,14,0.641909838,0.335171312,1.147036433,0.732157171,2.545795441,0.105431728
17,0.850000000,15,0.655612886,0.386027157,1.149088860,0.637139916,2.532336473,0.099809401
17,0.850000000,16,0.667364419,0.436175585,1.151014686,0.537412524,2.475251675,0.092773303
17,0.850000000,17,0.677093387,0.484756857,1.152787089,0.435232878,2.375858784,0.084463745
17,0.850000000,18,0.684770584,0.530939937,1.154382229,0.332537442,2.235717297,0.075046815
17,0.850000000,19,0.690402567,0.573927462,1.155779839,0.230974242,2.056632042,0.064718127
17,0.850000000,20,0.694026530,0.612961054,1.156964064,0.131956965,1.840709090,0.053702831
17,0.850000000,21,0.695706189,0.647328496,1.157923698,0.036744636,1.590505838,0.042255342
17,0.850000000,22,0.695529699,0.676375806,1.158652782,-0.053442210,1.309345722,0.030659050
17,0.850000000,23,0.693610847,0.699527919,1.159151673,-0.137242571,1.001953363,0.019225933
17,0.850000000,24,0.690094233,0.716327906,1.159426928,-0.212852731,0.675707161,0.008296534
18,0.900000000,0,0.432004541,-0.028997950,1.125888467,0.523195684,-0.230616629,0.038113698
18,0.900000000,1,0.442677885,-0.033253662,1.126515508,0.543352485,-0.187919036,0.024595581
18,0.900000000,2,0.453682810,-0.036063801,1.127238512,0.554873168,-0.080730252,0.047704622
18,0.900000000,3,0.464749515,-0.036045764,1.128328443,0.548030496,0.091739789,0.061281927
18,0.900000000,4,0.475437164,-0.032126758,1.129675627,0.516261697,0.304750174,0.073435865
18,0.900000000,5,0.485220850,-0.023761023,1.131283402,0.457615912,0.532410145,0.087347642
18,0.900000000,6,0.493571967,-0.010871721,1.133143663,0.373448879,0.754183352,0.098671213
18,0.900000000,7,0.500014186,0.006272268,1.135186911,0.267520756,0.956003726,0.105659656
18,0.900000000,8,0.504163146,0.027178023,1.137346864,0.145046949,1.129259229,0.110334121
18,0.900000000,9,0.505743504,0.051220078,1.139579177,0.011595318,1.269035220,0.112892710
18,0.900000000,10,0.504589975,0.077700794,1.141842842,-0.127471983,1.372862816,0.113475002
18,0.900000000,11,0.500640273,0.105890580,1.144099712,-0.267243475,1.439905286,0.112216942
18,0.900000000,12,0.493924677,0.135054812,1.146314383,-0.403372765,1.470419884,0.109250821
18,0.900000000,13,0.484554559,0.164471924,1.148455143,-0.532119095,1.465413213,0.104823194
18,0.900000000,14,0.472709984,0.193446189,1.150494337,-0.650335073,1.426435590,0.099100024
18,0.900000000,15,0.458628267,0.221317187,1.152406931,-0.755445302,1.355443478,0.092162490
18,0.900000000,16,0.442592651,0.247466773,1.154169559,-0.845427036,1.254697919,0.084106848
18,0.900000000,17,0.424921572,0.271324545,1.155761123,-0.918782413,1.126695633,0.075051844
18,0.900000000,18,0.405958444,0.292371899,1.157163143,-0.974499166,0.974126339,0.065150633
18,0.900000000,19,0.386062473,0.310145825,1.158360600,-1.012000203,0.799854338,0.054597139
18,0.900000000,20,0.365600616,0.324242473,1.159342885,-1.031082153,0.606931567,0.043633468
18,0.900000000,21,0.344940722,0.334321380,1.160104752,-1.031841159,0.398665428,0.032565210
18,0.900000000,22,0.324446410,0.340112060,1.160648346,-1.014590859,0.178789616,0.021792423
18,0.900000000,23,0.304473668,0.341425836,1.160984993,-0.979760230,-0.048160169,0.011872614
18,0.900000000,24,0.285369843,0.338178724,1.161140203,-0.927753568,-0.276060730,0.003648726
19,0.950000000,0,0.459663212,-0.038508277,1.128049850,0.575233638,-0.151894882,0.047253899
19,0.950000000,1,0.471194983,-0.041173257,1.128769636,0.571292162,-0.112921670,0.024721891
19,0.950000000,2,0.482097387,-0.042909741,1.129375458,0.507373214,-0.057460576,0.035859559
19,0.950000000,3,0.491068900,-0.043356162,1.130254149,0.380522132,0.015048953,0.052008010
19,0.950000000,4,0.497026056,-0.042256333,1.131429076,0.209525272,0.095340587,0.065483034
19,0.950000000,5,0.499295771,-0.039559934,1.132798076,0.015065637,0.173160747,0.071419604
19,0.950000000,6,0.497590303,-0.035397355,1.134254456,-0.185433149,0.240915388,0.074224927
19,0.950000000,7,0.491924465,-0.030023633,1.135750413,-0.379189610,0.293616891,0.075363301
19,0.950000000,8,0.482525378,-0.023772582,1.137253881,-0.557596564,0.328287691,0.074986681
19,0.950000000,9,0.469759285,-0.017021347,1.138736248,-0.715167999,0.343501598,0.073242478
19,0.950000000,10,0.454078853,-0.010163481,1.140171409,-0.848625660,0.338980436,0.070274122
19,0.950000000,11,0.435985804,-0.003589426,1.141536355,-0.956238925,0.315266073,0.066221602
19,0.950000000,12,0.416004956,0.002327327,1.142810702,-1.037375450,0.273476630,0.061221525
19,0.950000000,13,0.394665301,0.007239913,1.143976927,-1.092202663,0.215131953,0.055407465
19,0.950000000,14,0.372486204,0.010834821,1.145020127,-1.121490240,0.142030284,0.048909806
19,0.950000000,15,0.349966794,0.012836531,1.145927787,-1.126477718,0.056159925,0.041856378
19,0.950000000,16,0.327577472,0.013010649,1.146690011,-1.108781219,-0.040364254,0.034373298
19,0.950000000,17,0.305753201,0.011165947,1.147299647,-1.070321202,-0.145346954,0.026586238
19,0.950000000,18,0.284887940,0.007155631,1.147751689,-1.013257980,-0.256544203,0.018621836
19,0.950000000,19,0.265330672,0.000878113,1.148043990,-0.939924896,-0.371681064,0.010608255
19,0.950000000,20,0.247382581,-0.007722401,1.148176789,-0.852752686,-0.488451093,0.002675422
19,0.950000000,21,0.231296018,-0.018655060,1.148153067,-0.754182696,-0.604488313,-0.005044909
19,0.950000000,22,0.217275128,-0.031880517,1.147978425,-0.646566331,-0.717290282,-0.012418940
19,0.950000000,23,0.205478951,-0.047306746,1.147661090,-0.532049716,-0.824052334,-0.019310506
19,0.950000000,24,0.196026728,-0.064780012,1.147212148,-0.412438810,-0.921331108,-0.025580602
20,1.000000000,0,0.489009082,-0.043784048,1.130284786,0.591555715,-0.068311214,0.043082856
20,1.000000000,1,0.500820220,-0.044924747,1.131086230,0.587513328,-0.049487941,0.037064232
20,1.000000000,2,0.512370348,-0.045987029,1.131899238,0.563152850,-0.062627815,0.044241931
20,1.000000000,3,0.523162603,-0.047629427,1.132818580,0.511393487,-0.105615519,0.047690772
20,1.000000000,4,0.532652080,-0.050320350,1.133790135,0.433482587,-0.165183514,0.049470205
20,1.000000000,5,0.540360212,-0.054265998,1.134796381,0.334211797,-0.229412198,0.051154226
20,1.000000000,6,0.545919359,-0.059475403,1.135829210,0.219643205,-0.290599614,0.052131318
20,1.000000000,7,0.549085677,-0.065842584,1.136869431,0.095944628,-0.344758272,0.051891185
20,1.000000000,8,0.549734712,-0.073208958,1.137894273,-0.031178383,-0.390422970,0.050588641
20,1.000000000,9,0.547849536,-0.081403412,1.138882399,-0.156678647,-0.427660078,0.048227478
20,1.000000000,10,0.543507040,-0.090265237,1.139813185,-0.276242465,-0.457347602,0.044860132
20,1.000000000,11,0.536862910,-0.099655353,1.140668035,-0.386304975,-0.480706960,0.040625531
20,1.000000000,12,0.528136790,-0.109460175,1.141430855,-0.484024316,-0.499031514,0.035659693
20,1.000000000,13,0.517598212,-0.119591355,1.142088413,-0.567239821,-0.513538599,0.030095914
20,1.000000000,14,0.505553544,-0.129983544,1.142629981,-0.634424746,-0.525296986,0.024065031
20,1.000000000,15,0.492333770,-0.140590996,1.143047571,-0.684636712,-0.535200238,0.017695395
20,1.000000000,16,0.478283316,-0.151384056,1.143335700,-0.717467248,-0.543964803,0.011112858
20,1.000000000,17,0.463749826,-0.162345737,1.143491149,-0.732989490,-0.552140892,0.004439115
20,1.000000000,18,0.449075133,-0.173468471,1.143513441,-0.731701016,-0.560125291,-0.002209904
20,1.000000000,19,0.434587508,-0.184751168,1.143404007,-0.714458227,-0.568169236,-0.008724226
20,1.000000000,20,0.420594960,-0.196196333,1.143166661,-0.682400942,-0.576373160,-0.014999662
20,1.000000000,21,0.407380670,-0.207806677,1.142807245,-0.636869133,-0.584656835,-0.020937411
20,1.000000000,22,0.395199746,-0.219581008,1.142333388,-0.579315662,-0.592687845,-0.026443737
20,1.000000000,23,0.384277761,-0.231507808,1.141754627,-0.511224866,-0.599733174,-0.031429160
20,1.000000000,24,0.374810845,-0.243554652,1.141082287,-0.434052527,-0.604370058,-0.035807498
21,1.050000000,0,0.518595457,-0.045557395,1.132090092,0.592575610,-0.011246865,0.030634640
21,1.050000000,1,0.530528486,-0.045576986,1.132844806,0.603226721,0.010330698,0.044832211
21,1.050000000,2,0.542858839,-0.045070969,1.133839011,0.632277191,0.042208869,0.054583903
21,1.050000000,3,0.555838943,-0.043827660,1.135006785,0.664269745,0.083202787,0.062184244
21,1.050000000,4,0.569298089,-0.041722823,1.136306405,0.676888466,0.127320230,0.067774005
21,1.050000000,5,0.582685351,-0.038751006,1.137699127,0.655371964,0.169107810,0.071498089
21,1.050000000,6,0.595246673,-0.034999751,1.139149070,0.593965054,0.204746559,0.073502041
21,1.050000000,7,0.606185496,-0.030617965,1.140623450,0.493707359,0.231853932,0.073930033
21,1.050000000,8,0.614771962,-0.025791245,1.142091990,0.359852076,0.249076799,0.072924010
21,1.050000000,9,0.620406151,-0.020724773,1.143527508,0.199843451,0.255764037,0.070623092
21,1.050000000,10,0.622647285,-0.015631594,1.144905448,0.021952722,0.251752555,0.067163423
21,1.050000000,11,0.621220767,-0.010724256,1.146203876,-0.165564418,0.237238154,0.062678203
21,1.050000000,12,0.616012692,-0.006208480,1.147403717,-0.354951680,0.212697312,0.057297692
21,1.050000000,13,0.607057095,-0.002278081,1.148488164,-0.539208293,0.178837404,0.051149346
21,1.050000000,14,0.594519377,0.000889285,1.149443150,-0.712207317,0.136561200,0.044358052
21,1.050000000,15,0.578678310,0.003135729,1.150257230,-0.868734062,0.086938672,0.037046216
21,1.050000000,16,0.559907973,0.004326231,1.150920987,-1.004479289,0.031182585,0.029333942
21,1.050000000,17,0.538659871,0.004351269,1.151427627,-1.116006255,-0.029373625,0.021341281
21,1.050000000,18,0.515445709,0.003129026,1.151772857,-1.200703621,-0.093295850,0.013190800
21,1.050000000,19,0.490821868,0.000607227,1.151954770,-1.256727338,-0.159066886,0.005008203
21,1.050000000,20,0.465374321,-0.003235349,1.151974082,-1.282943368,-0.225100547,-0.003077458
21,1.050000000,21,0.439704895,-0.008387591,1.151834011,-1.278888226,-0.289750814,-0.010933504
21,1.050000000,22,0.414418072,-0.014804888,1.151540756,-1.244782686,-0.351312548,-0.018393269
21,1.050000000,23,0.390106022,-0.022407806,1.151105046,-1.181673050,-0.408002555,-0.025171228
21,1.050000000,24,0.367328674,-0.031080050,1.150543094,-1.091846704,-0.457906693,-0.031026669
22,1.100000000,0,0.548572838,-0.044747181,1.133495450,0.606774211,0.041572571,0.025686344
22,1.100000000,1,0.560743630,-0.043571334,1.134153128,0.607780814,0.082132600,0.040080279
22,1.100000000,2,0.572710693,-0.041087538,1.135057569,0.583138287,0.175414681,0.050368253
22,1.100000000,3,0.583804548,-0.036296017,1.136145234,0.519112885,0.307334989,0.058400311
22,1.100000000,4,0.593192816,-0.028779650,1.137372851,0.412818551,0.441973925,0.064363234
22,1.100000000,5,0.600065887,-0.018801000,1.138700724,0.268739760,0.549478829,0.068425409
22,1.100000000,6,0.603746653,-0.007103730,1.140092492,0.095143996,0.611698985,0.070743985
22,1.100000000,7,0.603739977,0.005312343,1.141514659,-0.098361321,0.620706737,0.071468569
22,1.100000000,8,0.599744022,0.017366318,1.142936707,-0.302227736,0.575820506,0.070743315
22,1.100000000,9,0.591641009,0.028013453,1.144331217,-0.507665098,0.480947167,0.068707876
22,1.100000000,10,0.579478800,0.036316309,1.145673275,-0.706933916,0.342639804,0.065497965
22,1.100000000,11,0.563448846,0.041483771,1.146940708,-0.893422842,0.168804273,0.061246037
22,1.100000000,12,0.543863535,0.042889271,1.148113966,-1.061623812,-0.032117743,0.056081221
22,1.100000000,13,0.521135151,0.040076107,1.149176121,-1.207064152,-0.251646101,0.050129782
22,1.100000000,14,0.495755523,0.032754991,1.150112510,-1.326225638,-0.481556922,0.043515261
22,1.100000000,15,0.468278140,0.020797065,1.150911331,-1.416463017,-0.714052916,0.036358763
22,1.100000000,16,0.439301223,0.004224302,1.151562691,-1.475929379,-0.941859305,0.028779045
22,1.100000000,17,0.409452558,-0.016801504,1.152059436,-1.503505111,-1.158276320,0.020895170
22,1.100000000,18,0.379375607,-0.041990578,1.152396679,-1.498732805,-1.357208967,0.012829519
22,1.100000000,19,0.349716842,-0.070937462,1.152572036,-1.461754680,-1.533188105,0.004709032
22,1.100000000,20,0.321114391,-0.103133813,1.152585745,-1.393262625,-1.681399703,-0.003334695
22,1.100000000,21,0.294187248,-0.137981966,1.152440786,-1.294476390,-1.797742009,-0.011165420
22,1.100000000,22,0.269524366,-0.174810350,1.152142763,-1.167197227,-1.878952146,-0.018642260
22,1.100000000,23,0.247671306,-0.212892562,1.151700139,-1.014020801,-1.922875643,-0.025619689
22,1.100000000,24,0.229109615,-0.251474500,1.151124477,-0.838890374,-1.929034472,-0.031947587
23,1.150000000,0,0.579118371,-0.040701993,1.134455919,0.609800279,0.117303327,0.013279635
23,1.150000000,1,0.591136813,-0.038007654,1.134762287,0.583787024,0.153210953,0.017359203
23,1.150000000,2,0.601946175,-0.034516241,1.135166049,0.482649833,0.196377188,0.023018051
23,1.150000000,3,0.609920084,-0.030207358,1.135700941,0.303588778,0.231257275,0.030466592
23,1.150000000,4,0.613757193,-0.025463359,1.136339426,0.074269891,0.236735612,0.033390269
23,1.150000000,5,0.612759411,-0.021030374,1.137000918,-0.175278947,0.198455095,0.032756798
23,1.150000000,6,0.606770933,-0.017856793,1.137638092,-0.421438634,0.110380664,0.030954102
23,1.150000000,7,0.596034884,-0.016943116,1.138229132,-0.647810340,-0.027036320,0.028148711
23,1.150000000,8,0.581060290,-0.019233473,1.138755441,-0.843943894,-0.208935559,0.024482872
23,1.150000000,9,0.562518418,-0.025545370,1.139201283,-1.003801823,-0.427768022,0.020094605
23,1.150000000,10,0.541168630,-0.036529355,1.139553308,-1.124454021,-0.674564123,0.015118368
23,1.150000000,11,0.517805755,-0.052649807,1.139801264,-1.205113888,-0.939794123,0.009685926
23,1.150000000,12,0.493224859,-0.074179731,1.139937401,-1.246469378,-1.213922024,0.003926368
23,1.150000000,13,0.468196332,-0.101204306,1.139956355,-1.250231504,-1.487747312,-0.002033347
23,1.150000000,14,0.443448752,-0.133629844,1.139855385,-1.218830705,-1.752608418,-0.008068161
23,1.150000000,15,0.419656694,-0.171195805,1.139634132,-1.155211329,-2.000498533,-0.014054872
23,1.150000000,16,0.397431910,-0.213488668,1.139294863,-1.062686801,-2.224128008,-0.019871699
23,1.150000000,17,0.377317101,-0.259956509,1.138842106,-0.944834530,-2.416956902,-0.025402997
23,1.150000000,18,0.359781474,-0.309924304,1.138282537,-0.805411398,-2.573215246,-0.030547963
23,1.150000000,19,0.345217943,-0.362609506,1.137624860,-0.648279488,-2.687926292,-0.035224870
23,1.150000000,20,0.333941758,-0.417138368,1.136878848,-0.477336764,-2.756956100,-0.039370891
23,1.150000000,21,0.326190263,-0.472563654,1.136055708,-0.296456784,-2.777123690,-0.042941689
23,1.150000000,22,0.322123975,-0.527885973,1.135167241,-0.109455235,-2.746437788,-0.045911025
23,1.150000000,23,0.321827441,-0.582081616,1.134225368,0.079875708,-2.664592743,-0.048270445
23,1.150000000,24,0.325308263,-0.634145439,1.133242369,0.267572016,-2.533970833,-0.050029285
24,1.200000000,0,0.608773947,-0.032710738,1.134585500,0.573383749,0.193032742,-0.006404970
24,1.200000000,1,0.619989336,-0.028657760,1.134384274,0.544245660,0.207670867,-0.013707899
24,1.200000000,2,0.630288959,-0.024701776,1.134173155,0.478773803,0.178892732,-0.007397971
24,1.200000000,3,0.638897836,-0.021877531,1.134039164,0.377137750,0.093987055,-0.006001844
24,1.200000000,4,0.645236433,-0.021301189,1.133941412,0.254599303,-0.044949673,-0.003768392
24,1.200000000,5,0.649051607,-0.023985134,1.133886456,0.127286091,-0.230606779,-0.001729834
24,1.200000000,6,0.650382221,-0.030774461,1.133846998,0.007934808,-0.453867644,-0.002223297
24,1.200000000,7,0.649479747,-0.042323694,1.133788347,-0.094874211,-0.704935372,-0.003644151
24,1.200000000,8,0.646732450,-0.059091464,1.133693337,-0.175895557,-0.974116564,-0.005857608
24,1.200000000,9,0.642607331,-0.081346676,1.133547425,-0.232347652,-1.252164245,-0.008731228
24,1.200000000,10,0.637608409,-0.109178960,1.133338690,-0.263234019,-1.530414939,-0.012134790
24,1.200000000,11,0.632245839,-0.142511144,1.133057952,-0.268838972,-1.800858140,-0.015939927
24,1.200000000,12,0.627014577,-0.181112677,1.132698417,-0.250369847,-2.056171417,-0.020019932
24,1.200000000,13,0.622378290,-0.224613532,1.132255673,-0.209705412,-2.289735794,-0.024249692
24,1.200000000,14,0.618757844,-0.272518456,1.131728172,-0.149216607,-2.495636940,-0.028505282
24,1.200000000,15,0.616522908,-0.324220836,1.131116509,-0.071634829,-2.668660879,-0.032664031
24,1.200000000,16,0.615985811,-0.379016757,1.130423784,0.020048423,-2.804284096,-0.036604244
24,1.200000000,17,0.617397189,-0.436118633,1.129655719,0.122662559,-2.898664951,-0.040208045
24,1.200000000,18,0.620943010,-0.494668871,1.128819823,0.232929021,-2.948640347,-0.043374036
24,1.200000000,19,0.626743078,-0.553753436,1.127925754,0.347531468,-2.951740503,-0.046026919
24,1.200000000,20,0.634851217,-0.612416208,1.126984358,0.463191301,-2.906235218,-0.048117440
24,1.200000000,21,0.645256639,-0.669674814,1.126006961,0.576750815,-2.811255693,-0.049621962
24,1.200000000,22,0.657887518,-0.724539995,1.125005364,0.685260653,-2.667057276,-0.050542012
24,1.200000000,23,0.672615707,-0.776043117,1.123990893,0.786056936,-2.475567818,-0.050904095
24,1.200000000,24,0.689262867,-0.823279440,1.122974277,0.876790106,-2.241494656,-0.050759830
25,1.250000000,0,0.635947049,-0.021737063,1.134127259,0.518702567,0.233186290,-0.010737726
25,1.250000000,1,0.646161497,-0.017199345,1.134006739,0.504040420,0.210008755,-0.001322792
25,1.250000000,2,0.656173348,-0.013999106,1.134051800,0.498732567,0.091915071,0.005823595
25,1.250000000,3,0.666160226,-0.014165235,1.134255290,0.500782728,-0.122148722,0.014525807
25,1.250000000,4,0.676221251,-0.019287210,1.134589672,0.505317986,-0.397150964,0.018911738
25,1.250000000,5,0.686360657,-0.030211329,1.134992957,0.508058250,-0.696859241,0.021418873
25,1.250000000,6,0.696515858,-0.047138873,1.135433197,0.506681502,-0.993639469,0.022615427
25,1.250000000,7,0.706597745,-0.069813445,1.135885596,0.500791490,-1.269133925,0.022629168
25,1.250000000,8,0.716523767,-0.097688109,1.136327863,0.491323739,-1.512255311,0.021588299
25,1.250000000,9,0.726238072,-0.130048096,1.136739969,0.479934275,-1.716963410,0.019620247
25,1.250000000,10,0.735721111,-0.166093260,1.137104750,0.468524486,-1.880506992,0.016851144
25,1.250000000,11,0.744991124,-0.204990715,1.137407303,0.458919525,-2.002197504,0.013405545
25,1.250000000,12,0.754100323,-0.245907485,1.137635350,0.452674299,-2.082608938,0.009406351
25,1.250000000,13,0.763128340,-0.288030326,1.137779117,0.450972468,-2.123075008,0.004974905
25,1.250000000,14,0.772174537,-0.330577582,1.137831211,0.454587460,-2.125380516,0.000231148
25,1.250000000,15,0.781349540,-0.372806281,1.137786508,0.463881642,-2.091576576,-0.004706549
25,1.250000000,16,0.790767312,-0.414016068,1.137642145,0.478828371,-2.023869753,-0.009720875
25,1.250000000,17,0.800537646,-0.453551769,1.137398005,0.499046773,-1.924559712,-0.014696077
25,1.250000000,18,0.810759604,-0.490804791,1.137055755,0.523845315,-1.796007752,-0.019523991
25,1.250000000,19,0.821515620,-0.525214374,1.136619329,0.552273870,-1.640632749,-0.024109386
25,1.250000000,20,0.832867026,-0.556268990,1.136094570,0.583184600,-1.460937381,-0.028369842
25,1.250000000,21,0.844850898,-0.583508313,1.135488510,0.615298152,-1.259583712,-0.032235622
25,1.250000000,22,0.857477963,-0.606528521,1.134809732,0.647265911,-1.039558768,-0.035649434
25,1.250000000,23,0.870731354,-0.624990940,1.134067535,0.677704155,-0.804513693,-0.038566213
25,1.250000000,24,0.884566247,-0.638642073,1.133272409,0.705150068,-0.559442699,-0.040953249
26,1.300000000,0,0.660798848,-0.010550876,1.134229898,0.484984905,0.205288559,0.012713118
26,1.300000000,1,0.670576513,-0.006778863,1.134454131,0.499347240,0.164522603,0.009710899
26,1.300000000,2,0.681158483,-0.004436478,1.134765983,0.568251729,0.057181600,0.021479415
26,1.300000000,3,0.693576574,-0.004919937,1.135329723,0.677425861,-0.113982618,0.034886859
26,1.300000000,4,0.708286226,-0.009214069,1.136134028,0.791691065,-0.318326265,0.045544647
26,1.300000000,5,0.725086510,-0.017669445,1.137106895,0.882743001,-0.525635958,0.051745296
26,1.300000000,6,0.743332863,-0.030111685,1.138181567,0.934531689,-0.714076757,0.055727519
26,1.300000000,7,0.762166858,-0.046016701,1.139319658,0.941180527,-0.870258451,0.058071040
26,1.300000000,8,0.780686915,-0.064661466,1.140489459,0.903726697,-0.987325847,0.058909688
26,1.300000000,9,0.798057675,-0.085234411,1.141662240,0.827359319,-1.062969923,0.058376525
26,1.300000000,10,0.813571990,-0.106909521,1.142812014,0.719412804,-1.097826123,0.056602955
26,1.300000000,11,0.826679170,-0.128893092,1.143915176,0.588041723,-1.094329715,0.053717982
26,1.300000000,12,0.836992800,-0.150451481,1.144950747,0.441404700,-1.055950403,0.049848322
26,1.300000000,13,0.844285548,-0.170926601,1.145900369,0.287193567,-0.986703992,0.045118310
26,1.300000000,14,0.848476946,-0.189743415,1.146748066,0.132381573,-0.890848696,0.039649934
26,1.300000000,15,0.849617898,-0.206412941,1.147480130,-0.016894106,-0.772701025,0.033562955
26,1.300000000,16,0.847873092,-0.220532134,1.148085475,-0.155371562,-0.636526287,0.026975192
26,1.300000000,17,0.843504012,-0.231782183,1.148555279,-0.278659284,-0.486474842,0.020002827
26,1.300000000,18,0.836851239,-0.239925817,1.148882985,-0.383207321,-0.326546252,0.012764591
26,1.300000000,19,0.828318357,-0.244804099,1.149064541,-0.466267109,-0.160570398,0.005385789
26,1.300000000,20,0.818356395,-0.246332914,1.149098396,-0.525852382,0.007800166,-0.002001707
26,1.300000000,21,0.807448328,-0.244499430,1.148985744,-0.560722411,0.175084576,-0.009259320
26,1.300000000,22,0.796094537,-0.239358962,1.148730755,-0.570427477,0.337945312,-0.016241591
26,1.300000000,23,0.784794867,-0.231032699,1.148340344,-0.555496156,0.493111134,-0.022796027
26,1.300000000,24,0.774025381,-0.219707951,1.147824645,-0.517918169,0.637194514,-0.028762612
27,1.350000000,0,0.685222387,-0.002314608,1.135499835,0.497500598,0.124997705,0.035137460
27,1.350000000,1,0.695344150,-0.000202314,1.136162281,0.516405821,0.083513029,0.031107552
27,1.350000000,2,0.705961883,0.000856762,1.136944294,0.546226323,0.018449631,0.047085114
27,1.350000000,3,0.717142105,0.000439825,1.138034463,0.568339527,-0.060771856,0.061922822
27,1.350000000,4,0.728481710,-0.001523241,1.139414549,0.558686197,-0.132621124,0.076076590
27,1.350000000,5,0.739176750,-0.004696844,1.141003370,0.502309859,-0.179497391,0.082793199
27,1.350000000,6,0.748234391,-0.008470421,1.142703056,0.394955993,-0.191538066,0.087178014
27,1.350000000,7,0.754657745,-0.012102427,1.144471645,0.239877224,-0.165147156,0.089684702
27,1.350000000,8,0.757564306,-0.014826098,1.146273136,0.044838894,-0.101112284,0.090455033
27,1.350000000,9,0.756253302,-0.015921058,1.148074031,-0.180069447,-0.003051376,0.089628480
27,1.350000000,10,0.750236034,-0.014757399,1.149843693,-0.423942864,0.123776138,0.087341495
27,1.350000000,11,0.739241600,-0.010819678,1.151554346,-0.676015615,0.273295403,0.083727352
27,1.350000000,12,0.723208189,-0.003717429,1.153180718,-0.926220179,0.439155847,0.078915969
27,1.350000000,13,0.702265739,0.006812980,1.154700279,-1.165486574,0.615068555,0.073034130
27,1.350000000,14,0.676714301,0.020911794,1.156092644,-1.385879159,0.795009851,0.066205584
27,1.350000000,15,0.647000909,0.038602468,1.157340169,-1.580637217,0.973339438,0.058551397
27,1.350000000,16,0.613696098,0.059800059,1.158427477,-1.744161487,1.144865513,0.050190069
27,1.350000000,17,0.577471375,0.084320568,1.159341693,-1.871970892,1.304878473,0.041238688
27,1.350000000,18,0.539076865,0.111890778,1.160072327,-1.960648417,1.449167967,0.031823061
27,1.350000000,19,0.499320954,0.142158329,1.160611391,-2.007784367,1.574031949,0.022087334
27,1.350000000,20,0.459050596,0.174702018,1.160954237,-2.011934996,1.676288605,0.012194181
27,1.350000000,21,0.419131875,0.209042370,1.161099434,-1.972623110,1.753302574,0.002324823
27,1.350000000,22,0.380430132,0.244653121,1.161049485,-1.890435934,1.803038955,-0.007320905
27,1.350000000,23,0.343786091,0.280974090,1.160811067,-1.767327428,1.824172497,-0.016524147
27,1.350000000,24,0.309982300,0.317427337,1.160395980,-1.607337356,1.816289067,-0.024982024
28,1.400000000,0,0.710955441,0.001433513,1.137197375,0.529738486,0.033449311,0.033053182
28,1.400000000,1,0.721658587,0.001813604,1.137849569,0.537295878,0.006687059,0.032174025
28,1.400000000,2,0.732220590,0.001833279,1.138626218,0.511375070,-0.000501959,0.045489427
28,1.400000000,3,0.741771042,0.001981289,1.139635921,0.434307933,0.020412074,0.055483043
28,1.400000000,4,0.749216676,0.002856154,1.140818357,0.300832838,0.072321743,0.062748939
28,1.400000000,5,0.753452241,0.005075059,1.142112851,0.114428379,0.154448405,0.066696689
28,1.400000000,6,0.753501415,0.009213409,1.143468738,-0.116031982,0.263589501,0.068895325
28,1.400000000,7,0.748594999,0.015767820,1.144852638,-0.379078895,0.395223647,0.069492199
28,1.400000000,8,0.738203824,0.025137210,1.146233916,-0.662444949,0.544188857,0.068631306
28,1.400000000,9,0.722042441,0.037614465,1.147584677,-0.954137027,0.705100298,0.066453338
28,1.400000000,10,0.700057268,0.053384900,1.148880124,-1.243045807,0.872621179,0.063095547
28,1.400000000,11,0.672405243,0.072529040,1.150098085,-1.519255638,1.041631579,0.058691796
28,1.400000000,12,0.639428556,0.095028050,1.151218772,-1.774172425,1.207328796,0.053372633
28,1.400000000,13,0.601627886,0.120770715,1.152225137,-2.000544310,1.365283251,0.047265671
28,1.400000000,14,0.559635758,0.149561197,1.153102756,-2.192422867,1.511465669,0.040495634
28,1.400000000,15,0.514191151,0.181127191,1.153839588,-2.345093966,1.642257571,0.033184659
28,1.400000000,16,0.466115743,0.215128109,1.154425859,-2.454994678,1.754450679,0.025452517
28,1.400000000,17,0.416291595,0.251163274,1.154854536,-2.519629240,1.845242977,0.017416909
28,1.400000000,18,0.365640759,0.288780004,1.155120611,-2.537488699,1.912234664,0.009197593
28,1.400000000,19,0.315106153,0.327481627,1.155221820,-2.507980108,1.953430653,0.000920902
28,1.400000000,20,0.265633821,0.366735756,1.155158281,-2.431379080,1.967259526,-0.007279837
28,1.400000000,21,0.218155637,0.405983180,1.154932857,-2.308831453,1.952622414,-0.015263960
28,1.400000000,22,0.173571199,0.444648325,1.154551387,-2.142461777,1.908998013,-0.022882935
28,1.400000000,23,0.132725313,0.482152462,1.154022813,-1.935694814,1.836650968,-0.029979357
28,1.400000000,24,0.096375637,0.517933130,1.153359175,-1.694004655,1.737023830,-0.036385205
29,1.450000000,0,0.738081217,0.001053045,1.138511300,0.549138904,-0.040454432,0.021022050
29,1.450000000,1,0.748988628,-0.000082861,1.138948202,0.534725010,-0.075760901,0.022671713
29,1.450000000,2,0.759024978,-0.002126479,1.139449596,0.456045806,-0.131110445,0.027464738
29,1.450000000,3,0.766737521,-0.005322825,1.140035391,0.303732693,-0.185828939,0.031115189
29,1.450000000,4,0.770787418,-0.009354468,1.140681505,0.093071446,-0.210218132,0.033493426
29,1.450000000,5,0.770207286,-0.013393163,1.141362667,-0.155950367,-0.184139237,0.034622643
29,1.450000000,6,0.764418006,-0.016326418,1.142053962,-0.424994469,-0.099073939,0.034504157
29,1.450000000,7,0.753176808,-0.016966801,1.142732024,-0.698828936,0.044504490,0.033300385
29,1.450000000,8,0.736514747,-0.014199367,1.143376708,-0.965247512,0.240318969,0.031161178
29,1.450000000,9,0.714680493,-0.007070946,1.143970609,-1.214622140,0.478829205,0.028228354
29,1.450000000,10,0.688092947,0.005163279,1.144499302,-1.439454317,0.748975754,0.024638014
29,1.450000000,11,0.657303214,0.023021348,1.144950986,-1.634011507,1.039284587,0.020521805
29,1.450000000,12,0.622961581,0.046793442,1.145315647,-1.794046640,1.338528872,0.015939018
29,1.450000000,13,0.585790038,0.076551042,1.145583272,-1.916590214,1.636116505,0.010822906
29,1.450000000,14,0.546558738,0.112162158,1.145744562,-1.999798536,1.922316551,0.005298821
29,1.450000000,15,0.506064534,0.153309658,1.145792484,-2.042807341,2.188357115,-0.000509977
29,1.450000000,16,0.465112925,0.199510887,1.145722508,-2.045604467,2.426461697,-0.006482091
29,1.450000000,17,0.424501985,0.250137687,1.145532608,-2.008920908,2.629853964,-0.012497786
29,1.450000000,18,0.385008544,0.304436326,1.145223141,-1.934137821,2.792753220,-0.018440980
29,1.450000000,19,0.347375929,0.361547410,1.144796729,-1.823210239,2.910372734,-0.024202183
29,1.450000000,20,0.312303185,0.420525879,1.144257903,-1.678610682,2.978944302,-0.029679265
29,1.450000000,21,0.280434906,0.480362147,1.143613338,-1.503310204,2.995800257,-0.034776591
29,1.450000000,22,0.252350926,0.540005684,1.142871499,-1.300831556,2.959570646,-0.039404161
29,1.450000000,23,0.228553608,0.598394871,1.142042637,-1.075444937,2.870608807,-0.043475796
29,1.450000000,24,0.209448963,0.654498994,1.141138792,-0.832638979,2.731854200,-0.046906162
30,1.500000000,0,0.765286505,-0.002944114,1.139163136,0.535615504,-0.113363795,0.006183876
30,1.500000000,1,0.775867999,-0.005468721,1.139353156,0.519964933,-0.137484267,0.012826998
30,1.500000000,2,0.785906553,-0.008330235,1.139670491,0.478309751,-0.144204915,0.018903844
30,1.500000000,3,0.794766545,-0.010996446,1.140096545,0.401782364,-0.115032598,0.023689926
30,1.500000000,4,0.801759660,-0.012603961,1.140579820,0.292451560,-0.036862753,0.024635535
30,1.500000000,5,0.806289136,-0.012115196,1.141065836,0.156686306,0.094699316,0.023971170
30,1.500000000,6,0.807905257,-0.008477200,1.141541243,0.002538459,0.277210355,0.023560831
30,1.500000000,7,0.806325853,-0.000734897,1.142005444,-0.161428943,0.503693938,0.022854865
30,1.500000000,8,0.801437736,0.011899007,1.142449260,-0.327000380,0.764643431,0.021529883
30,1.500000000,9,0.793284357,0.030008746,1.142858863,-0.486800700,1.049453735,0.019431207
30,1.500000000,10,0.782046080,0.053963393,1.143218398,-0.634514153,1.347331405,0.016518988
30,1.500000000,11,0.768018544,0.083919019,1.143511772,-0.764949560,1.647840500,0.012827750
30,1.500000000,12,0.751589954,0.119829260,1.143724561,-0.874020040,1.941210985,0.008458627
30,1.500000000,13,0.733219743,0.161460429,1.143844843,-0.958673775,2.218497276,0.003575364
30,1.500000000,14,0.713418901,0.208408773,1.143863559,-1.016799450,2.471644640,-0.001703056
30,1.500000000,15,0.692732036,0.260118544,1.143773913,-1.047130704,2.693511486,-0.007252778
30,1.500000000,16,0.671721339,0.315900266,1.143571854,-1.049152136,2.877865553,-0.012948926
30,1.500000000,17,0.650952637,0.374948829,1.143255711,-1.023010969,3.019366026,-0.018668491
30,1.500000000,18,0.630982757,0.436361015,1.142826080,-0.969437122,3.113546610,-0.024295781
30,1.500000000,19,0.612348735,0.499153018,1.142285824,-0.889675260,3.156814337,-0.029735189
30,1.500000000,20,0.595558047,0.562278152,1.141639113,-0.785435081,3.146486759,-0.034925949
30,1.500000000,21,0.581079304,0.624646127,1.140894175,-0.658887625,3.080921412,-0.039568249
30,1.500000000,22,0.569332421,0.685146689,1.140067339,-0.512769818,2.959842443,-0.043122210
30,1.500000000,23,0.560675144,0.742682457,1.139183998,-0.350602925,2.784950018,-0.045210708
30,1.500000000,24,0.555383205,0.796219349,1.138279080,-0.177207679,2.561153889,-0.045282021
31,1.550000000,0,0.791383326,-0.010282433,1.139155269,0.511273563,-0.169776529,-0.004866905
31,1.550000000,1,0.801582754,-0.013711856,1.139234900,0.511041284,-0.166001111,0.012827156
31,1.550000000,2,0.811949670,-0.016465167,1.139588714,0.527772009,-0.096219726,0.022553714
31,1.550000000,3,0.822698116,-0.017059440,1.140106082,0.545259953,0.048481364,0.029175429
31,1.550000000,4,0.833618522,-0.014129590,1.140738130,0.541889131,0.253016502,0.034028944
31,1.550000000,5,0.844145119,-0.006669547,1.141450882,0.504479766,0.498386413,0.037251651
31,1.550000000,6,0.853544474,0.005962709,1.142213225,0.429148823,0.767631233,0.038979959
31,1.550000000,7,0.861077309,0.024101080,1.142997861,0.318705350,1.046904564,0.039481808
31,1.550000000,8,0.866104186,0.047830943,1.143781543,0.179876909,1.325098515,0.038885146
31,1.550000000,9,0.868140936,0.077037789,1.144541025,0.021206437,1.593237162,0.037056923
31,1.550000000,10,0.866880536,0.111444801,1.145252824,-0.148347348,1.843996048,0.034128979
31,1.550000000,11,0.862192094,0.150642097,1.145897627,-0.320215851,2.071336508,0.030355379
31,1.550000000,12,0.854108393,0.194109559,1.146459818,-0.486631840,2.270243645,0.025858643
31,1.550000000,13,0.842808127,0.241235644,1.146925926,-0.640824854,2.436564684,0.020759130
31,1.550000000,14,0.828594625,0.291333467,1.147285342,-0.777084529,2.566902161,0.015175214
31,1.550000000,15,0.811874866,0.343655080,1.147529364,-0.890747964,2.658539295,0.009223310
31,1.550000000,16,0.793139040,0.397404552,1.147651672,-0.978148639,2.709385395,0.003018222
31,1.550000000,17,0.772941351,0.451750070,1.147648573,-1.036550164,2.717935562,-0.003326779
31,1.550000000,18,0.751881838,0.505835354,1.147518277,-1.064078927,2.683247566,-0.009699829
31,1.550000000,19,0.730589986,0.558790803,1.147261381,-1.059668541,2.604941130,-0.015990404
31,1.550000000,20,0.709708810,0.609745324,1.146880507,-1.023028851,2.483239651,-0.022089425
31,1.550000000,21,0.689879179,0.657838941,1.146380663,-0.954665065,2.319087029,-0.027888620
31,1.550000000,22,0.671723247,0.702239931,1.145769000,-0.855996192,2.114405870,-0.033279508
31,1.550000000,23,0.655823052,0.742168784,1.145054698,-0.729671001,1.872624755,-0.038151491
31,1.550000000,24,0.642690182,0.776937664,1.144250035,-0.580267251,1.599715471,-0.042314149
32,1.600000000,0,0.816737533,-0.019287951,1.139161468,0.509676516,-0.181573242,0.004520547
32,1.600000000,1,0.827124357,-0.022805696,1.139348865,0.535298049,-0.165319309,0.014217863
32,1.600000000,2,0.838507950,-0.025587741,1.139759541,0.610689163,-0.104135312,0.026855636
32,1.600000000,3,0.851699591,-0.026650570,1.140394926,0.708171904,0.005053761,0.036672108
32,1.600000000,4,0.866665542,-0.025154082,1.141221285,0.780974030,0.149312869,0.045956634
32,1.600000000,5,0.882548153,-0.020540129,1.142209768,0.795763016,0.314610213,0.052887827
32,1.600000000,6,0.898006320,-0.012506718,1.143317938,0.737272024,0.489579260,0.057924625
32,1.600000000,7,0.911543369,-0.000950782,1.144509196,0.604350507,0.665593088,0.061201263
32,1.600000000,8,0.921738088,0.014079829,1.145749688,0.404861391,0.836066186,0.062851101
32,1.600000000,9,0.927381217,0.032420609,1.147008300,0.151594192,0.995829463,0.063005611
32,1.600000000,10,0.927544594,0.053814203,1.148256302,-0.140530109,1.140709758,0.061793882
32,1.600000000,11,0.921604514,0.077927537,1.149467587,-0.456203401,1.267278433,0.059342369
32,1.600000000,12,0.909238338,0.104365170,1.150618792,-0.780744851,1.372708201,0.055774786
32,1.600000000,13,0.890406132,0.132680401,1.151688576,-1.100646496,1.454689145,0.051212344
32,1.600000000,14,0.865323901,0.162385061,1.152658463,-1.403833508,1.511376858,0.045774002
32,1.600000000,15,0.834434092,0.192958429,1.153512001,-1.679758310,1.541354537,0.039576374
32,1.600000000,16,0.798374593,0.223855436,1.154235125,-1.919402957,1.543604255,0.032734159
32,1.600000000,17,0.757948816,0.254514545,1.154816031,-2.115236282,1.517485142,0.025360204
32,1.600000000,18,0.714096308,0.284364969,1.155245304,-2.261158705,1.462722659,0.017566405
32,1.600000000,19,0.667864859,0.312834233,1.155515671,-2.352454424,1.379417777,0.009474502
32,1.600000000,20,0.620382667,0.339355916,1.155622721,-2.385787249,1.268091679,0.001226457
32,1.600000000,21,0.572830379,0.363379061,1.155564904,-2.359280825,1.129797697,-0.007015323
32,1.600000000,22,0.526409626,0.384380907,1.155344009,-2.272778988,0.966355205,-0.015067257
32,1.600000000,23,0.482303321,0.401886284,1.154966116,-2.128462076,0.780803680,-0.022723170
32,1.600000000,24,0.441617250,0.415499598,1.154441357,-1.932159543,0.578264177,-0.029751239
33,1.650000000,0,0.843278646,-0.027881412,1.139803290,0.554922938,-0.161853790,0.019239677
33,1.650000000,1,0.854641557,-0.031026393,1.140125990,0.582643747,-0.152791873,0.013033351
33,1.650000000,2,0.866626322,-0.033985816,1.140588760,0.614457190,-0.142220736,0.033231322
33,1.650000000,3,0.879027843,-0.036642227,1.141378284,0.617633998,-0.120653838,0.045716919
33,1.650000000,4,0.890906811,-0.038673390,1.142430663,0.557465672,-0.078419499,0.059514850
33,1.650000000,5,0.900772214,-0.039608255,1.143697858,0.414408833,-0.010565638,0.067201287
33,1.650000000,6,0.906908274,-0.038919061,1.145089030,0.185061395,0.083850957,0.071906447
33,1.650000000,7,0.907654822,-0.036092974,1.146555901,-0.122504361,0.202502757,0.074778028
33,1.650000000,8,0.901586950,-0.030689077,1.148063302,-0.493543714,0.340702415,0.075953566
33,1.650000000,9,0.887611508,-0.022375189,1.149578571,-0.910103261,0.492419183,0.075568594
33,1.650000000,10,0.865006685,-0.010946416,1.151073456,-1.353308678,0.651067853,0.073929660
33,1.650000000,11,0.833425283,0.003669711,1.152524233,-1.804749608,0.810066283,0.071156435
33,1.650000000,12,0.792876542,0.021417035,1.153908253,-2.247280598,0.963175595,0.067242555
33,1.650000000,13,0.743696272,0.042119659,1.155202985,-2.665449858,1.104683638,0.062237605
33,1.650000000,14,0.686510563,0.065493584,1.156387568,-3.045683861,1.229504228,0.056222498
33,1.650000000,15,0.622198105,0.091159791,1.157442808,-3.376324177,1.333224416,0.049294434
33,1.650000000,16,0.551851690,0.118657842,1.158351302,-3.647590637,1.412117958,0.041558668
33,1.650000000,17,0.476741403,0.147459641,1.159099340,-3.851504803,1.463143945,0.033247631
33,1.650000000,18,0.398279876,0.176983193,1.159676552,-3.981796503,1.483955383,0.024479669
33,1.650000000,19,0.317988545,0.206606552,1.160075188,-4.033841610,1.472906709,0.015379901
33,1.650000000,20,0.237464920,0.235682100,1.160289884,-4.004665375,1.429087520,0.006097869
33,1.650000000,21,0.158348739,0.263552129,1.160318971,-3.893053770,1.352420568,-0.003191810
33,1.650000000,22,0.082283810,0.289567351,1.160164237,-3.699904680,1.243878961,-0.012288853
33,1.650000000,23,0.010868695,0.313111782,1.159831643,-3.429036856,1.105921149,-0.020965673
33,1.650000000,24,-0.054416712,0.333639950,1.159332395,-3.088902712,0.943325222,-0.028963836
34,1.700000000,0,0.872722983,-0.035427991,1.140772223,0.617595077,-0.140844494,0.019456889
34,1.700000000,1,0.885263860,-0.038056221,1.141327858,0.632907927,-0.117432058,0.036113434
34,1.700000000,2,0.897778571,-0.039832752,1.142176509,0.608859479,-0.051994909,0.048745539
34,1.700000000,3,0.909126043,-0.039834581,1.143306494,0.511355817,0.058498614,0.064248733
34,1.700000000,4,0.917611063,-0.037282094,1.144640803,0.320882648,0.200877249,0.069183759
34,1.700000000,5,0.921330750,-0.031685844,1.146055460,0.035738930,0.360582054,0.072283044
34,1.700000000,6,0.918480933,-0.022824831,1.147515178,-0.333611786,0.525569081,0.073691919
34,1.700000000,7,0.907542467,-0.010689192,1.148987532,-0.769863486,0.686724603,0.073553219
34,1.700000000,8,0.887378514,0.004573940,1.150443077,-1.252614141,0.837354720,0.072006211
34,1.700000000,9,0.857269764,0.022702595,1.151854992,-1.760824680,0.972574770,0.069186926
34,1.700000000,10,0.816911459,0.043351062,1.153199196,-2.274288654,1.088826060,0.065228015
34,1.700000000,11,0.766387284,0.066112816,1.154453993,-2.774434090,1.183540583,0.060259145
34,1.700000000,12,0.706132770,0.090537980,1.155600667,-3.244709253,1.254918337,0.054407164
34,1.700000000,13,0.636892974,0.116147056,1.156622648,-3.670718193,1.301779628,0.047796238
34,1.700000000,14,0.559679210,0.142442316,1.157506108,-4.040215492,1.323463917,0.040547963
34,1.700000000,15,0.475726873,0.168917373,1.158239365,-4.343025208,1.319757819,0.032781597
34,1.700000000,16,0.386455148,0.195065573,1.158813357,-4.570925236,1.290841222,0.024614364
34,1.700000000,17,0.293429136,0.220387489,1.159221172,-4.717521191,1.237247229,0.016161583
34,1.700000000,18,0.198324531,0.244397625,1.159458041,-4.778135300,1.159836769,0.007537015
34,1.700000000,19,0.102894068,0.266630948,1.159522057,-4.749728203,1.059790730,-0.001142532
34,1.700000000,20,0.008935053,0.286649346,1.159413099,-4.630893707,0.938631535,-0.009749843
34,1.700000000,21,-0.081744343,0.304049075,1.159134150,-4.421990395,0.798292875,-0.018143639
34,1.700000000,22,-0.167363718,0.318470329,1.158691049,-4.125536919,0.641272068,-0.026167862
34,1.700000000,23,-0.246221617,0.329611301,1.158092856,-3.747132301,0.470924228,-0.033649508
34,1.700000000,24,-0.316774249,0.337249875,1.157352448,-3.297395229,0.291998625,-0.040394910
35,1.750000000,0,0.904995680,-0.041390058,1.141813159,0.663735151,-0.094136819,0.021814723
35,1.750000000,1,0.918240428,-0.042851161,1.142265677,0.651548624,-0.042877574,0.023439618
35,1.750000000,2,0.930452704,-0.042542949,1.142784357,0.551044285,0.088252798,0.028418116
35,1.750000000,3,0.939502120,-0.038857520,1.143407822,0.334270060,0.288584530,0.033920955
35,1.750000000,4,0.943098545,-0.030829431,1.144118667,0.008673405,0.515090823,0.037168842
35,1.750000000,5,0.939276040,-0.018342910,1.144877076,-0.403277397,0.728853583,0.038674343
35,1.750000000,6,0.926573277,-0.001937176,1.145645261,-0.874808013,0.903658211,0.038144451
35,1.750000000,7,0.904063165,0.017448582,1.146389961,-1.379787564,1.025285959,0.036322698
35,1.750000000,8,0.871317565,0.038684923,1.147090077,-1.894643188,1.088372469,0.033691522
35,1.750000000,9,0.828348696,0.060597934,1.147732615,-2.398934364,1.093379736,0.030568874
35,1.750000000,10,0.775545955,0.082061619,1.148310065,-2.875355005,1.044318795,0.027171748
35,1.750000000,11,0.713615537,0.102052264,1.148817420,-3.309506655,0.947193325,0.023564247
35,1.750000000,12,0.643524647,0.119677559,1.149244905,-3.689627647,0.809020221,0.019186413
35,1.750000000,13,0.566451073,0.134190977,1.149578452,-4.006380081,0.637285709,0.014166026
35,1.750000000,14,0.483737558,0.144997120,1.149806380,-4.252579212,0.439565152,0.008628365
35,1.750000000,15,0.396850973,0.151650891,1.149919629,-4.422937393,0.223277792,0.002696490
35,1.750000000,16,0.307347000,0.153852716,1.149911404,-4.513839722,-0.004458863,-0.003508721
35,1.750000000,17,0.216838345,0.151441604,1.149777532,-4.523160458,-0.236914322,-0.009868130
35,1.750000000,18,0.126966700,0.144386902,1.149516106,-4.450109482,-0.467793614,-0.016264182
35,1.750000000,19,0.039377078,0.132779256,1.149127603,-4.295134544,-0.691263378,-0.022580557
35,1.750000000,20,-0.044306565,0.116821252,1.148614764,-4.059895992,-0.901964664,-0.028701643
35,1.750000000,21,-0.122506380,0.096817836,1.147982717,-3.747380972,-1.095022321,-0.034511682
35,1.750000000,22,-0.193720222,0.073166467,1.147238612,-3.362263203,-1.266067028,-0.039893765
35,1.750000000,23,-0.256562740,0.046346389,1.146392345,-2.911760092,-1.411307693,-0.044728070
35,1.750000000,24,-0.309832662,0.016905688,1.145471811,-2.407518864,-1.527672768,-0.047325630
36,1.800000000,0,0.938365698,-0.043632451,1.143056870,0.663373411,0.003063903,0.026295988
36,1.800000000,1,0.951517522,-0.043070395,1.143295169,0.647404194,0.056943510,-0.002465326
36,1.800000000,2,0.963950634,-0.041126601,1.143363237,0.585318148,0.142402381,0.009271623
36,1.800000000,3,0.974438429,-0.037278686,1.143569469,0.450026810,0.242141634,0.011348110
36,1.800000000,4,0.981414378,-0.031559087,1.143789411,0.234292254,0.324591219,0.010639311
36,1.800000000,5,0.983321249,-0.024573011,1.143996477,-0.054881319,0.365646929,0.010070635
36,1.800000000,6,0.978831351,-0.017296556,1.144197345,-0.402475625,0.352269918,0.010014315
36,1.800000000,7,0.966957867,-0.010869923,1.144405246,-0.790003955,0.280615568,0.010771777
36,1.800000000,8,0.947094262,-0.006442792,1.144635558,-1.198298812,0.153098643,0.012256058
36,1.800000000,9,0.919010401,-0.005075254,1.144885421,-1.609081745,-0.024077108,0.012733379
36,1.800000000,10,0.882824302,-0.007678981,1.145122051,-2.005948782,-0.242477790,0.010937332
36,1.800000000,11,0.838958859,-0.014983246,1.145304441,-2.374837399,-0.492445499,0.007304491
36,1.800000000,12,0.788094878,-0.027518772,1.145406008,-2.704000473,-0.763905406,0.002854177
36,1.800000000,13,0.731126845,-0.045615796,1.145412922,-2.983776331,-1.046957850,-0.002161548
36,1.800000000,14,0.669123113,-0.069410942,1.145315051,-3.206406116,-1.332174540,-0.007614857
36,1.800000000,15,0.603289664,-0.098858260,1.145105004,-3.365870953,-1.610743642,-0.013380427
36,1.800000000,16,0.534936726,-0.133742377,1.144781232,-3.457729816,-1.874540448,-0.018989265
36,1.800000000,17,0.465448618,-0.173692301,1.144347787,-3.479002953,-2.116127968,-0.024354346
36,1.800000000,18,0.396255672,-0.218195364,1.143810272,-3.428037643,-2.328779459,-0.029398434
36,1.800000000,19,0.328808963,-0.266611695,1.143176079,-3.304404736,-2.506507874,-0.034027144
36,1.800000000,20,0.264556199,-0.318189383,1.142454624,-3.108881235,-2.644100904,-0.038119182
36,1.800000000,21,0.204916537,-0.372080505,1.141658306,-2.843575239,-2.737191677,-0.041511286
36,1.800000000,22,0.151250720,-0.427359462,1.140803576,-2.512330770,-2.782413006,-0.043963592
36,1.800000000,23,0.104818031,-0.483045846,1.139913082,-2.121677876,-2.777732372,-0.045081630
36,1.800000000,24,0.066704698,-0.538137496,1.139018774,-1.682870030,-2.723172903,-0.044356078
37,1.850000000,0,0.970868111,-0.040463496,1.143816590,0.638157070,0.114236020,0.005810187
37,1.850000000,1,0.983579934,-0.037766345,1.143678427,0.633762419,0.153758615,-0.019629732
37,1.850000000,2,0.996219456,-0.034432188,1.143412590,0.627731979,0.175024956,-0.006961145
37,1.850000000,3,1.008463979,-0.031017466,1.143395543,0.588332295,0.158643141,0.005257865
37,1.850000000,4,1.019338489,-0.028437132,1.143577218,0.487212002,0.089851134,0.012914721
37,1.850000000,5,1.027456760,-0.027809005,1.143917203,0.311904192,-0.036820583,0.021082595
37,1.850000000,6,1.031332970,-0.030282807,1.144415140,0.064256743,-0.219601646,0.028706869
37,1.850000000,7,1.029621720,-0.036922649,1.145020962,-0.244439125,-0.452045143,0.031878561
37,1.850000000,8,1.021256328,-0.048630871,1.145651460,-0.598278701,-0.724675596,0.031171696
37,1.850000000,9,1.005507827,-0.066102840,1.146255612,-0.979745865,-1.026525021,0.029235194
37,1.850000000,10,0.982000470,-0.089810833,1.146811366,-1.371275187,-1.346411943,0.026335331
37,1.850000000,11,0.950700760,-0.120006599,1.147300720,-1.756307125,-1.673524737,0.022601223
37,1.850000000,12,0.911891162,-0.156731620,1.147708297,-2.119897366,-1.997678041,0.018159131
37,1.850000000,13,0.866134346,-0.199831054,1.148021221,-2.448981047,-2.309442282,0.013132773
37,1.850000000,14,0.814234972,-0.248969600,1.148228884,-2.732436657,-2.600203037,0.007643381
37,1.850000000,15,0.757201016,-0.303647995,1.148323417,-2.961035252,-2.862182856,0.001809997
37,1.850000000,16,0.696206927,-0.363219798,1.148299098,-3.127336979,-3.088440895,-0.004250456
37,1.850000000,17,0.632559121,-0.426908046,1.148152351,-3.225566149,-3.272862911,-0.010422889
37,1.850000000,18,0.567663848,-0.493821681,1.147882104,-3.251495838,-3.410153866,-0.016593751
37,1.850000000,19,0.502997100,-0.562971950,1.147489667,-3.202367544,-3.495840311,-0.022650870
37,1.850000000,20,0.440075547,-0.633289039,1.146978378,-3.076889038,-3.526305914,-0.028483052
37,1.850000000,21,0.380425870,-0.703640282,1.146353722,-2.875385761,-3.498897314,-0.033979770
37,1.850000000,22,0.325548798,-0.772851467,1.145623565,-2.600248337,-3.412179947,-0.039031439
37,1.850000000,23,0.276868731,-0.839736164,1.144798040,-2.256966591,-3.266504526,-0.043529198
37,1.850000000,24,0.235652447,-0.903142035,1.143891215,-1.856331229,-3.065211058,-0.047152869
38,1.900000000,0,1.002323866,-0.032108106,1.143646717,0.624518454,0.205961406,-0.009985435
38,1.900000000,1,1.014819503,-0.027828056,1.143508077,0.625520885,0.214488357,-0.003882155
38,1.900000000,2,1.027329087,-0.024010848,1.143475652,0.622655094,0.153142989,0.000638823
38,1.900000000,3,1.039493322,-0.022259900,1.143558145,0.585119069,0.008564489,0.007609944
38,1.900000000,4,1.050303936,-0.024140272,1.143771768,0.483488351,-0.207072780,0.013750181
38,1.900000000,5,1.058310747,-0.030887572,1.144091606,0.303664535,-0.474854857,0.018234607
38,1.900000000,6,1.061933041,-0.043355279,1.144485831,0.046095360,-0.776161134,0.021189865
38,1.900000000,7,1.059707642,-0.062048413,1.144925237,-0.278769970,-1.094933152,0.022745462
38,1.900000000,8,1.050442934,-0.087179683,1.145384550,-0.654832244,-1.417965651,0.023188310
38,1.900000000,9,1.033298492,-0.118723117,1.145841956,-1.063532710,-1.734513164,0.022562206
38,1.900000000,10,1.007811427,-0.156458348,1.146274447,-1.485965252,-2.035807848,0.020692158
38,1.900000000,11,0.973888814,-0.200006112,1.146660686,-1.904167414,-2.314663172,0.017931100
38,1.900000000,12,0.931782067,-0.248856172,1.146983981,-2.301777363,-2.565119267,0.014402123
38,1.900000000,13,0.882050872,-0.302389294,1.147230268,-2.664345264,-2.782202959,0.010225583
38,1.900000000,14,0.825523674,-0.359895289,1.147387743,-2.979437828,-2.961767435,0.005519777
38,1.900000000,15,0.763257921,-0.420588315,1.147446990,-3.236613750,-3.100381374,0.000401119
38,1.900000000,16,0.696500301,-0.483620465,1.147400856,-3.427333593,-3.195253372,-0.005015549
38,1.900000000,17,0.626650393,-0.548093855,1.147244573,-3.544844389,-3.244177103,-0.010616955
38,1.900000000,18,0.555225909,-0.613071918,1.146975517,-3.584068775,-3.245497227,-0.016291052
38,1.900000000,19,0.483829975,-0.677590668,1.146593332,-3.541529894,-3.198099136,-0.021926820
38,1.900000000,20,0.414119393,-0.740669250,1.146099925,-3.415364265,-3.101436138,-0.027413804
38,1.900000000,21,0.347770691,-0.801322281,1.145499349,-3.205500364,-2.955629349,-0.032641780
38,1.900000000,22,0.286440104,-0.858575344,1.144797921,-2.914168119,-2.761716604,-0.037499476
38,1.900000000,23,0.231707528,-0.911488235,1.144004226,-2.547056437,-2.522207499,-0.041870862
38,1.900000000,24,0.184985727,-0.959194779,1.143130183,-2.115757942,-2.242281914,-0.045533720
39,1.950000000,0,1.033513904,-0.020418840,1.143273115,0.622863054,0.249949515,-0.004663470
39,1.950000000,1,1.045887589,-0.015383887,1.143328667,0.609948456,0.249803305,0.010210644
39,1.950000000,2,1.057586074,-0.010678263,1.143615007,0.548919141,0.212917462,0.018421177
39,1.950000000,3,1.067336082,-0.007203394,1.144062161,0.412121505,0.125885338,0.026284609
39,1.950000000,4,1.073509216,-0.005974112,1.144618154,0.191185921,-0.010939214,0.029306456
39,1.950000000,5,1.074464321,-0.007929089,1.145220160,-0.107813366,-0.191192821,0.030891642
39,1.950000000,6,1.068774819,-0.013849881,1.145856380,-0.470387071,-0.405886710,0.032728080
39,1.950000000,7,1.055351257,-0.024326090,1.146524191,-0.877912641,-0.645032048,0.034056433
39,1.950000000,8,1.033492446,-0.039746758,1.147209764,-1.310580492,-0.898695946,0.034496106
39,1.950000000,9,1.002889514,-0.060307562,1.147893190,-1.749194026,-1.157530665,0.033850230
39,1.950000000,10,0.963602901,-0.086024992,1.148551822,-2.176144123,-1.412986279,0.032019790
39,1.950000000,11,0.916025043,-0.116753146,1.149163008,-2.575876236,-1.657376647,0.029094331
39,1.950000000,12,0.860837519,-0.152200967,1.149705529,-2.935042858,-1.883867979,0.025161732
39,1.950000000,13,0.798966825,-0.191948965,1.150160432,-3.242487669,-2.086445570,0.020335317
39,1.950000000,14,0.731541574,-0.235465243,1.150511265,-3.489141464,-2.259875059,0.014740629
39,1.950000000,15,0.659851909,-0.282120675,1.150743723,-3.667871952,-2.399662733,0.008507635
39,1.950000000,16,0.585312784,-0.331203401,1.150846362,-3.773319006,-2.502019405,0.001765690
39,1.950000000,17,0.509429991,-0.381932557,1.150810361,-3.801736832,-2.563832760,-0.005361278
39,1.950000000,18,0.433769166,-0.433471560,1.150631070,-3.750855684,-2.582646132,-0.012577304
39,1.950000000,19,0.359927624,-0.484941155,1.150308847,-3.619765282,-2.556633711,-0.019639306
39,1.950000000,20,0.289507627,-0.535431862,1.149847984,-3.408887863,-2.484615326,-0.026439261
39,1.950000000,21,0.224088669,-0.584017873,1.149254918,-3.120125294,-2.366163015,-0.032869503
39,1.950000000,22,0.165194005,-0.629774272,1.148538589,-2.757309675,-2.201861620,-0.038762920
39,1.950000000,23,0.114242695,-0.671802700,1.147725821,-2.327315569,-1.993955135,-0.042517524
39,1.950000000,24,0.072466135,-0.709278584,1.146873832,-1.842642546,-1.747941613,-0.042685766
40,2.000000000,0,1.064345241,-0.007457287,1.143308282,0.610581100,0.265723437,0.005273840
40,2.000000000,1,1.076537848,-0.002060955,1.143487453,0.609031558,0.275247425,0.012638442
40,2.000000000,2,1.088677049,0.003608263,1.143870592,0.601207018,0.291473478,0.025672115
40,2.000000000,3,1.100295067,0.009489542,1.144439340,0.550109088,0.291688949,0.031201359
40,2.000000000,4,1.110172033,0.015002403,1.145101309,0.423106283,0.251279742,0.034990840
40,2.000000000,5,1.116619229,0.019177349,1.145823002,0.206296191,0.156537503,0.037181087
40,2.000000000,6,1.117843270,0.020882361,1.146583319,-0.097709097,0.004520657,0.038843825
40,2.000000000,7,1.112221837,0.019009449,1.147366524,-0.475339293,-0.199995369,0.039470512
40,2.000000000,8,1.098469973,0.012596264,1.148148417,-0.907232344,-0.447703034,0.038717203
40,2.000000000,9,1.075715899,0.000891594,1.148900270,-1.371912241,-0.727117658,0.036465492
40,2.000000000,10,1.043518186,-0.016617386,1.149592161,-1.848078609,-1.026082516,0.032721609
40,2.000000000,11,1.001849055,-0.040201411,1.150201201,-2.315890789,-1.332649112,0.028175926
40,2.000000000,12,0.951056957,-0.069898002,1.150712490,-2.757545710,-1.635496497,0.022959195
40,2.000000000,13,0.891824245,-0.105526745,1.151113987,-3.157540321,-1.924183488,0.017193183
40,2.000000000,14,0.825119495,-0.146708384,1.151395917,-3.502726078,-2.189280272,0.010997087
40,2.000000000,15,0.752151251,-0.192885593,1.151550770,-3.782236814,-2.422417641,0.004488029
40,2.000000000,16,0.674323678,-0.243344381,1.151573420,-3.987356424,-2.616291761,-0.002219054
40,2.000000000,17,0.593195140,-0.297235191,1.151461124,-4.111359596,-2.764648199,-0.009010977
40,2.000000000,18,0.510439754,-0.353593707,1.151213169,-4.149366856,-2.862264156,-0.015776061
40,2.000000000,19,0.427811652,-0.411361367,1.150831342,-4.098236084,-2.904945612,-0.022404075
40,2.000000000,20,0.347110868,-0.469406426,1.150319457,-3.956542015,-2.889570236,-0.028785735
40,2.000000000,21,0.270147681,-0.526546419,1.149683475,-3.724729300,-2.814229727,-0.034812368
40,2.000000000,22,0.198701099,-0.581575453,1.148931503,-3.405596972,-2.678575754,-0.040375374
40,2.000000000,23,0.134461984,-0.633302152,1.148074031,-3.005440235,-2.484590530,-0.045365028
40,2.000000000,24,0.078941323,-0.680610836,1.147140265,-2.536575317,-2.238297224,-0.048007980
41,2.050000000,0,1.094803572,0.006263730,1.143570423,0.612044036,0.281425327,0.005196513
41,2.050000000,1,1.107169032,0.011893848,1.143725157,0.627060056,0.278213948,0.010268381
41,2.050000000,2,1.119981170,0.017155340,1.144046187,0.653066337,0.239892662,0.021827269
41,2.050000000,3,1.133045197,0.021112299,1.144556880,0.642421842,0.145479321,0.029246615
41,2.050000000,4,1.145091295,0.022560364,1.145153046,0.544503927,-0.010915027,0.030361487
41,2.050000000,5,1.154062986,0.020298269,1.145760417,0.332544029,-0.224075392,0.030373164
41,2.050000000,6,1.157608151,0.013292442,1.146358252,0.002758871,-0.483230054,0.029410917
41,2.050000000,7,1.153472066,0.000750409,1.146928430,-0.432548016,-0.775458097,0.027606327
41,2.050000000,8,1.139749885,-0.017856671,1.147455454,-0.951721370,-1.087543368,0.025090836
41,2.050000000,9,1.115019917,-0.042798754,1.147926331,-1.528801084,-1.406920552,0.021994000
41,2.050000000,10,1.078393579,-0.074104734,1.148330688,-2.136839867,-1.722090960,0.018443370
41,2.050000000,11,1.029514194,-0.111585476,1.148658276,-2.749893427,-2.022763491,0.014321148
41,2.050000000,12,0.968524039,-0.154858455,1.148898840,-3.344090939,-2.299888611,0.009729525
41,2.050000000,13,0.896017551,-0.203372270,1.149044037,-3.898163080,-2.545615673,0.004789587
41,2.050000000,14,0.812986851,-0.256429881,1.149088144,-4.393637657,-2.753219843,-0.000380397
41,2.050000000,15,0.720765233,-0.313210398,1.149027705,-4.814836025,-2.917034149,-0.005664551
41,2.050000000,16,0.620972514,-0.372789651,1.148861051,-5.148761272,-3.032386541,-0.011002030
41,2.050000000,17,0.515463054,-0.434159547,1.148585916,-5.384954929,-3.095539570,-0.016511697
41,2.050000000,18,0.406275898,-0.496245950,1.148200035,-5.515366077,-3.103623867,-0.022078738
41,2.050000000,19,0.295588136,-0.557925940,1.147703409,-5.534233093,-3.054627419,-0.027589416
41,2.050000000,20,0.185669422,-0.618045151,1.147098184,-5.438066006,-2.947441339,-0.032930713
41,2.050000000,21,0.078835316,-0.675437212,1.146389008,-5.225824833,-2.782008410,-0.037989955
41,2.050000000,22,-0.022606622,-0.728947997,1.145582557,-4.899493694,-2.559685707,-0.042653974
41,2.050000000,23,-0.116429046,-0.777470529,1.144688010,-4.465438366,-2.284049273,-0.046807691
41,2.050000000,24,-0.200597823,-0.820004880,1.143716574,-3.937298298,-1.962607741,-0.050331838
42,2.100000000,0,1.126119018,0.020400178,1.143787384,0.641863644,0.278572798,0.003360254
42,2.100000000,1,1.139100432,0.025748897,1.143954754,0.654415309,0.247736394,0.013372899
42,2.100000000,2,1.152114749,0.029753756,1.144331336,0.638392389,0.136796281,0.024283636
42,2.100000000,3,1.164122224,0.030612126,1.144884348,0.545776963,-0.064799398,0.031017933
42,2.100000000,4,1.173189998,0.026711958,1.145552516,0.340197295,-0.334188670,0.035797302
42,2.100000000,5,1.176888347,0.016992874,1.146281600,0.008395361,-0.641913891,0.037113510
42,2.100000000,6,1.172727942,0.000952381,1.147019386,-0.443369180,-0.962545395,0.036663488
42,2.100000000,7,1.158483505,-0.021463815,1.147748709,-0.996058941,-1.276704192,0.036272086
42,2.100000000,8,1.132389426,-0.049979340,1.148468137,-1.623603344,-1.570536375,0.035673823
42,2.100000000,9,1.093235254,-0.084085882,1.149159908,-2.297151327,-1.834468842,0.033507273
42,2.100000000,10,1.040390015,-0.123115271,1.149798274,-2.987974405,-2.061903954,0.030323425
42,2.100000000,11,0.973782122,-0.166290000,1.150366545,-3.669033766,-2.248397112,0.026507411
42,2.100000000,12,0.893857181,-0.212760419,1.150854826,-4.315788746,-2.391102314,0.022328537
42,2.100000000,13,0.801522791,-0.261632651,1.151257873,-4.906561852,-2.488383770,0.017982598
42,2.100000000,14,0.698090732,-0.311989844,1.151570678,-5.422644138,-2.539546490,0.013298296
42,2.100000000,15,0.585217357,-0.362908810,1.151783824,-5.848280430,-2.544608116,0.008012956
42,2.100000000,16,0.464845121,-0.413472205,1.151886582,-6.170584679,-2.504122734,0.002268370
42,2.100000000,17,0.339147002,-0.462778449,1.151871920,-6.379361153,-2.419099569,-0.003737880
42,2.100000000,18,0.210474566,-0.509950399,1.151735783,-6.466921329,-2.290967226,-0.009882044
42,2.100000000,19,0.081309162,-0.554143548,1.151476383,-6.427957535,-2.121560335,-0.016052086
42,2.100000000,20,-0.045785293,-0.594554245,1.151097059,-6.259541512,-1.913137913,-0.021874636
42,2.100000000,21,-0.168212011,-0.630428731,1.150606513,-5.961381912,-1.668449044,-0.027175874
42,2.100000000,22,-0.283399940,-0.661074758,1.150016069,-5.536524296,-1.390963435,-0.031872597
42,2.100000000,23,-0.388884425,-0.685880959,1.149338603,-4.992941856,-1.085414290,-0.035877977
42,2.100000000,24,-0.482435733,-0.704352558,1.148580074,-4.346986294,-0.759077489,-0.039978683
43,2.150000000,0,1.159287333,0.033095226,1.144199371,0.680251896,0.221919298,0.011187550
43,2.150000000,1,1.172914863,0.036937371,1.144493580,0.675496459,0.147870079,0.018227072
43,2.150000000,2,1.185809016,0.038103256,1.145000815,0.597217679,-0.055047620,0.032496098
43,2.150000000,3,1.196036100,0.033956014,1.145706654,0.404369980,-0.374267906,0.038091611
43,2.150000000,4,1.201132536,0.022797477,1.146551847,0.083740823,-0.744756997,0.046419740
43,2.150000000,5,1.198574543,0.004235573,1.147490501,-0.358858019,-1.105860949,0.047447722
43,2.150000000,6,1.186092496,-0.021094417,1.148437262,-0.904800415,-1.416193247,0.047228798
43,2.150000000,7,1.161866546,-0.051915690,1.149366379,-1.528627396,-1.652256250,0.045681469
43,2.150000000,8,1.124618649,-0.086621888,1.150261879,-2.202152491,-1.803816199,0.043869898
43,2.150000000,9,1.073640585,-0.123498730,1.151121855,-2.896912098,-1.869670153,0.042129993
43,2.150000000,10,1.008782625,-0.160869405,1.151940703,-3.585731745,-1.854272008,0.039760668
43,2.150000000,11,0.930416584,-0.197181731,1.152702093,-4.243749619,-1.765303493,0.036381096
43,2.150000000,12,0.839383721,-0.231055886,1.153384209,-4.848949432,-1.612105966,0.031833097
43,2.150000000,13,0.736935377,-0.261307031,1.153963566,-5.382357121,-1.404717684,0.026103266
43,2.150000000,14,0.624671757,-0.286953032,1.154418111,-5.828038692,-1.153294563,0.019362552
43,2.150000000,15,0.504482269,-0.307213187,1.154730320,-6.172976494,-0.867773950,0.011860004
43,2.150000000,16,0.378489166,-0.321501583,1.154890776,-6.406883240,-0.557693005,0.004184701
43,2.150000000,17,0.248994991,-0.329418570,1.154897094,-6.521966457,-0.232118875,-0.003548242
43,2.150000000,18,0.118434623,-0.330740482,1.154749393,-6.512771130,0.100425988,-0.011225168
43,2.150000000,19,-0.010670502,-0.325408161,1.154449821,-6.376087189,0.432020366,-0.018733567
43,2.150000000,20,-0.135757282,-0.313514620,1.154002905,-6.110979080,0.755376279,-0.025961220
43,2.150000000,21,-0.254268557,-0.295292109,1.153415322,-5.719047070,1.063850760,-0.032795489
43,2.150000000,22,-0.363709927,-0.271099478,1.152696133,-5.205150127,1.351423740,-0.039121427
43,2.150000000,23,-0.461729050,-0.241410449,1.151856780,-4.579022884,1.612596273,-0.044818938
43,2.150000000,24,-0.546242952,-0.206805676,1.150916815,-3.858664751,1.842111111,-0.049185619
44,2.200000000,0,1.193802953,0.040704049,1.144996047,0.691460252,0.081664532,0.016907619
44,2.200000000,1,1.207430005,0.041527446,1.145089388,0.660250962,-0.008594582,-0.007569211
44,2.200000000,2,1.219479084,0.039787456,1.145088553,0.522175074,-0.178881228,0.007486090
44,2.200000000,3,1.227386475,0.034028072,1.145274520,0.245194286,-0.400523216,0.011111370
44,2.200000000,4,1.228427768,0.023850555,1.145534992,-0.160973042,-0.610517204,0.014938232
44,2.200000000,5,1.220263481,0.010025653,1.145821333,-0.670326233,-0.758588016,0.013698997
44,2.200000000,6,1.201137900,-0.005887893,1.146093011,-1.251785159,-0.816205323,0.013470292
44,2.200000000,7,1.169920087,-0.021948084,1.146369100,-1.874490023,-0.772593617,0.014133747
44,2.200000000,8,1.126076221,-0.036128420,1.146661878,-2.509788990,-0.629212081,0.015148716
44,2.200000000,9,1.069616675,-0.046515234,1.146968842,-3.131975651,-0.395249128,0.015544326
44,2.200000000,10,1.001033902,-0.051429398,1.147273183,-3.718611956,-0.084516250,0.014891793
44,2.200000000,11,0.921235681,-0.049493600,1.147550583,-4.250563622,0.286955059,0.012859287
44,2.200000000,12,0.831480265,-0.039659802,1.147773623,-4.711908817,0.702469707,0.009445471
44,2.200000000,13,0.733313620,-0.021212662,1.147921562,-5.089740753,1.145557880,0.005341036
44,2.200000000,14,0.628512204,0.006239878,1.147981644,-5.373878479,1.600417733,0.000672343
44,2.200000000,15,0.519030929,0.042782973,1.147943974,-5.556625366,2.052199364,-0.004436348
44,2.200000000,16,0.406955540,0.088215813,1.147801042,-5.632556438,2.487174988,-0.009862889
44,2.200000000,17,0.294459254,0.142075017,1.147547483,-5.598312378,2.892830133,-0.015486768
44,2.200000000,18,0.183763191,0.203659549,1.147180796,-5.452437401,3.257918596,-0.021188905
44,2.200000000,19,0.077099584,0.272056490,1.146700382,-5.195278168,3.572507858,-0.026851229
44,2.200000000,20,-0.023324413,0.346167892,1.146108270,-4.829002857,3.828046560,-0.032355838
44,2.200000000,21,-0.115364946,0.424739689,1.145408869,-4.357846737,4.017495155,-0.037583947
44,2.200000000,22,-0.196988523,0.506393969,1.144608855,-3.788777113,4.135575294,-0.042413719
44,2.200000000,23,-0.266339540,0.589668632,1.143717527,-3.132962942,4.179245949,-0.046716433
44,2.200000000,24,-0.321851403,0.673069358,1.142763853,-2.408882141,4.148493290,-0.048641767
45,2.250000000,0,1.227385640,0.040008307,1.144959569,0.647043586,-0.098003305,-0.017632982
45,2.250000000,1,1.240027905,0.037217036,1.144285083,0.610793054,-0.184103295,-0.049819812
45,2.250000000,2,1.251368284,0.032477688,1.143455029,0.508525074,-0.291696370,-0.033189982
45,2.250000000,3,1.259714723,0.025648210,1.142825007,0.308660716,-0.384333134,-0.029814437
45,2.250000000,4,1.263034344,0.017543929,1.142198563,0.006723934,-0.411687434,-0.032827307
45,2.250000000,5,1.259385467,0.009845169,1.141565323,-0.385269463,-0.339745879,-0.030490212
45,2.250000000,6,1.247161627,0.004712267,1.141017556,-0.846899867,-0.154074609,-0.024297701
45,2.250000000,7,1.225208998,0.004433878,1.140620470,-1.353923917,0.144625470,-0.015422418
45,2.250000000,8,1.192870617,0.011175860,1.140354633,-1.881343722,0.545475364,-0.011165172
45,2.250000000,9,1.149974704,0.026813507,1.140151978,-2.405966759,1.030856609,-0.009108143
45,2.250000000,10,1.096789002,0.052831031,1.139978528,-2.907039642,1.579789042,-0.008235804
45,2.250000000,11,1.033970475,0.090279616,1.139811873,-3.366419077,2.170239925,-0.008420668
45,2.250000000,12,0.962511480,0.139770597,1.139632225,-3.768698692,2.780419111,-0.009537055
45,2.250000000,13,0.883685648,0.201488420,1.139422297,-4.101194859,3.389526367,-0.011460900
45,2.250000000,14,0.798993587,0.275215209,1.139166951,-4.353823185,3.978179932,-0.014069820
45,2.250000000,15,0.710113227,0.360361665,1.138855815,-4.518923283,4.528644562,-0.017039884
45,2.250000000,16,0.618852973,0.456001043,1.138483524,-4.591084003,5.024917603,-0.020180631
45,2.250000000,17,0.527108312,0.560904205,1.138047338,-4.566958427,5.452771664,-0.023432484
45,2.250000000,18,0.436822683,0.673575521,1.137545824,-4.445083618,5.799789906,-0.026722284
45,2.250000000,19,0.349951059,0.792289495,1.136978984,-4.225759029,6.055416107,-0.029958429
45,2.250000000,20,0.268424839,0.915128887,1.136349201,-3.911040306,6.211056232,-0.033018820
45,2.250000000,21,0.194115505,1.040025830,1.135661721,-3.504936695,6.260300159,-0.035725463
45,2.250000000,22,0.128790393,1.164809823,1.134926558,-3.013994455,6.199386597,-0.037792306
45,2.250000000,23,0.074050494,1.287268400,1.134161472,-2.448614120,6.028107166,-0.038718928
45,2.250000000,24,0.031229205,1.405233979,1.133402228,-1.825811863,5.751506329,-0.037203781
46,2.300000000,0,1.257812738,0.030246515,1.142677069,0.574829817,-0.275400519,-0.068700455
46,2.300000000,1,1.269055009,0.024058241,1.141108155,0.547897100,-0.340217918,-0.088183224
46,2.300000000,2,1.279579043,0.016865989,1.139361739,0.497609258,-0.370067149,-0.086449914
46,2.300000000,3,1.288563132,0.009739161,1.137722731,0.388320476,-0.327393979,-0.077456295
46,2.300000000,4,1.294556618,0.004464315,1.136275887,0.196053669,-0.180817112,-0.067234904
46,2.300000000,5,1.295812607,0.003301035,1.135082603,-0.085022599,0.085002601,-0.052092426
46,2.300000000,6,1.290625215,0.008659585,1.134170532,-0.445862114,0.470340788,-0.039117426
46,2.300000000,7,1.277565837,0.022832917,1.133473277,-0.868845820,0.963769257,-0.030602235
46,2.300000000,8,1.255601168,0.047798164,1.132940054,-1.332623720,1.545821786,-0.022721276
46,2.300000000,9,1.224140525,0.085097879,1.132551193,-1.814648509,2.193106890,-0.016170604
46,2.300000000,10,1.183039784,0.135790452,1.132276297,-2.293086052,2.880926609,-0.011324017
46,2.300000000,11,1.132573724,0.200440586,1.132079720,-2.748013496,3.584815025,-0.008336261
46,2.300000000,12,1.073391199,0.279134214,1.131924152,-3.162023306,4.281476498,-0.007221608
46,2.300000000,13,1.006461978,0.371507674,1.131779432,-3.520441055,4.949310303,-0.007243732
46,2.300000000,14,0.933022261,0.476784110,1.131626725,-3.811255455,5.568614006,-0.008025465
46,2.300000000,15,0.854523242,0.593812406,1.131451964,-4.024971962,6.121678829,-0.009454145
46,2.300000000,16,0.772582054,0.721107781,1.131243229,-4.154456139,6.592847824,-0.011417502
46,2.300000000,17,0.688936472,0.856892884,1.130990982,-4.194758892,6.968533039,-0.013803586
46,2.300000000,18,0.605402529,0.999139369,1.130687952,-4.142954350,7.237220287,-0.016500399
46,2.300000000,19,0.523835719,1.145609617,1.130329013,-3.998023748,7.389500618,-0.019395472
46,2.300000000,20,0.446093261,1.293899536,1.129911304,-3.760836124,7.418181419,-0.022375219
46,2.300000000,21,0.373994768,1.441485882,1.129434347,-3.434316635,7.318573475,-0.025323378
46,2.300000000,22,0.309276968,1.585780978,1.128899813,-3.023957729,7.089115143,-0.028118707
46,2.300000000,23,0.253532350,1.724207163,1.128312230,-2.538974285,6.732640266,-0.030630287
46,2.300000000,24,0.208113447,1.854306817,1.127688408,-1.994712949,6.258920670,-0.031751078
47,2.350000000,0,1.284727573,0.012046283,1.138795376,0.512741387,-0.431370348,-0.082068793
47,2.350000000,1,1.294904828,0.003067475,1.137080908,0.508159876,-0.456610948,-0.089376882
47,2.350000000,2,1.305186749,-0.005570264,1.135197639,0.520119250,-0.387247205,-0.098948985
47,2.350000000,3,1.315519094,-0.011580712,1.133305430,0.503815949,-0.191810966,-0.090273514
47,2.350000000,4,1.324822307,-0.012388282,1.131692886,0.410645217,0.132156923,-0.070982873
47,2.350000000,5,1.331251025,-0.005511335,1.130390048,0.213827744,0.574008524,-0.059296399
47,2.350000000,6,1.332654476,0.011226434,1.129283667,-0.091066889,1.114565849,-0.051350720
47,2.350000000,7,1.326967359,0.039572857,1.128297329,-0.492310613,1.730853438,-0.047286343
47,2.350000000,8,1.312461615,0.080802232,1.127369761,-0.968935728,2.398779869,-0.045479473
47,2.350000000,9,1.287877202,0.135706827,1.126467109,-1.495799780,3.094391108,-0.044791728
47,2.350000000,10,1.252469778,0.204607904,1.125574112,-2.046876192,3.794649363,-0.044502273
47,2.350000000,11,1.206007481,0.287379622,1.124687314,-2.597254038,4.477950573,-0.044185538
47,2.350000000,12,1.148735523,0.383481145,1.123807549,-3.124238491,5.124437809,-0.043793209
47,2.350000000,13,1.081326246,0.491993338,1.122936845,-3.607858658,5.716151714,-0.043276660
47,2.350000000,14,1.004822373,0.611657619,1.122078419,-4.031068325,6.237126350,-0.042565729
47,2.350000000,15,0.920578182,0.740916371,1.121237159,-4.379736423,6.673410416,-0.041569691
47,2.350000000,16,0.830202639,0.877952874,1.120419383,-4.642512798,7.013037205,-0.040213931
47,2.350000000,17,0.735505402,1.020730257,1.119632840,-4.810636520,7.245964527,-0.038439177
47,2.350000000,18,0.638446987,1.167029858,1.118878365,-4.877762794,7.364048958,-0.037006550
47,2.350000000,19,0.541090965,1.314489961,1.118147850,-4.839921474,7.361149788,-0.036040667
47,2.350000000,20,0.445556790,1.460647106,1.117433190,-4.695514202,7.233266830,-0.035422679
47,2.350000000,21,0.353971153,1.602981329,1.116728663,-4.445457458,6.978827000,-0.035030592
47,2.350000000,22,0.268413395,1.738970637,1.116031051,-4.093695164,6.599350452,-0.034736544
47,2.350000000,23,0.190844312,1.866165161,1.115354538,-3.648466587,6.100893974,-0.032916829
47,2.350000000,24,0.122996815,1.982303858,1.114671707,-3.124821186,5.496812820,-0.035365127
